market,participation,similarity,shock,safeguard,realised_volatility_mean,realised_volatility_std,realised_volatility_count,maximum_drawdown_mean,maximum_drawdown_std,maximum_drawdown_count,mean_pairwise_correlation_mean,mean_pairwise_correlation_std,mean_pairwise_correlation_count,peak_herding_mean,peak_herding_std,peak_herding_count,peak_asset_herding_mean,peak_asset_herding_std,peak_asset_herding_count,mean_depth_mean,mean_depth_std,mean_depth_count,mean_spread_or_cost_mean,mean_spread_or_cost_std,mean_spread_or_cost_count,mean_absolute_order_flow_mean,mean_absolute_order_flow_std,mean_absolute_order_flow_count,normalised_liquidity_deterioration_mean,normalised_liquidity_deterioration_std,normalised_liquidity_deterioration_count,recovery_time_mean,recovery_time_std,recovery_time_count,price_recovery_time_mean,price_recovery_time_std,price_recovery_time_count,volatility_recovery_time_mean,volatility_recovery_time_std,volatility_recovery_time_count,liquidity_recovery_time_mean,liquidity_recovery_time_std,liquidity_recovery_time_count,pre_volatility_mean,pre_volatility_std,pre_volatility_count,pre_correlation_mean,pre_correlation_std,pre_correlation_count,pre_depth_mean,pre_depth_std,pre_depth_count,pre_price_level_mean,pre_price_level_std,pre_price_level_count,shock_volatility_mean,shock_volatility_std,shock_volatility_count,shock_correlation_mean,shock_correlation_std,shock_correlation_count,shock_depth_mean,shock_depth_std,shock_depth_count,shock_price_level_mean,shock_price_level_std,shock_price_level_count,recovery_volatility_mean,recovery_volatility_std,recovery_volatility_count,recovery_correlation_mean,recovery_correlation_std,recovery_correlation_count,recovery_depth_mean,recovery_depth_std,recovery_depth_count,recovery_price_level_mean,recovery_price_level_std,recovery_price_level_count,realised_volatility_ci95,maximum_drawdown_ci95,mean_pairwise_correlation_ci95,peak_herding_ci95,peak_asset_herding_ci95,mean_depth_ci95,mean_spread_or_cost_ci95,mean_absolute_order_flow_ci95,normalised_liquidity_deterioration_ci95,recovery_time_ci95,price_recovery_time_ci95,volatility_recovery_time_ci95,liquidity_recovery_time_ci95,pre_volatility_ci95,pre_correlation_ci95,pre_depth_ci95,pre_price_level_ci95,shock_volatility_ci95,shock_correlation_ci95,shock_depth_ci95,shock_price_level_ci95,recovery_volatility_ci95,recovery_correlation_ci95,recovery_depth_ci95,recovery_price_level_ci95
amm,0.0,0.0,fundamental,all,0.01714585612349941,0.0016122407005172525,10,0.09588969705634634,0.017538022355179466,10,0.06631970781324296,0.07865183128050446,10,0.0,0.0,10,0.0,0.0,10,34.31603470826824,0.2789589504460547,10,0.004402387281718823,0.0001293883702905629,10,0.03896576986353627,0.002000531203604855,10,0.009358477410004718,0.0030506123150149302,10,1.7,1.1595018087284057,10,0.0,0.0,10,8.4,4.550946177566937,10,0.0,0.0,10,0.00860906423362443,0.002032536501316242,10,0.12836250999702642,0.13915130627364486,10,34.82645278967651,0.25363738480033526,10,101.21207845992153,1.4253205477091495,10,0.014039053075048161,0.0017663128448825965,10,0.0986611277582596,0.08924959472795159,10,34.5000454654316,0.26566600354897835,10,99.21927986136095,1.5441935371346813,10,0.008412157468582388,0.0009019492981590141,10,0.09756120693175246,0.08969730883676649,10,34.13202395110488,0.30466583060568264,10,97.3098712681792,1.7681728920081354,10,0.0009992771390117455,0.01087017887427426,0.04874891008197567,0.0,0.0,0.17290054879151703,8.019574275966645e-05,0.0012399420861913609,0.0018907891020268261,0.7186666666666667,0.0,2.820705664269926,0.0,0.0012597791752314734,0.08624687317362945,0.15720607980457568,0.8834228280135219,0.0010947720434471753,0.055317471919107436,0.1646614949454729,0.957101070189649,0.0005590339667698685,0.05559496799869917,0.1888338381884348,1.095924912599678
amm,0.0,0.0,fundamental,circuit_breaker,0.01714585612349941,0.0016122407005172525,10,0.09588969705634634,0.017538022355179466,10,0.06631970781324296,0.07865183128050446,10,0.0,0.0,10,0.0,0.0,10,34.31603470826824,0.2789589504460547,10,0.004402387281718823,0.0001293883702905629,10,0.03896576986353627,0.002000531203604855,10,0.009358477410004718,0.0030506123150149302,10,1.7,1.1595018087284057,10,0.0,0.0,10,8.4,4.550946177566937,10,0.0,0.0,10,0.00860906423362443,0.002032536501316242,10,0.12836250999702642,0.13915130627364486,10,34.82645278967651,0.25363738480033526,10,101.21207845992153,1.4253205477091495,10,0.014039053075048161,0.0017663128448825965,10,0.0986611277582596,0.08924959472795159,10,34.5000454654316,0.26566600354897835,10,99.21927986136095,1.5441935371346813,10,0.008412157468582388,0.0009019492981590141,10,0.09756120693175246,0.08969730883676649,10,34.13202395110488,0.30466583060568264,10,97.3098712681792,1.7681728920081354,10,0.0009992771390117455,0.01087017887427426,0.04874891008197567,0.0,0.0,0.17290054879151703,8.019574275966645e-05,0.0012399420861913609,0.0018907891020268261,0.7186666666666667,0.0,2.820705664269926,0.0,0.0012597791752314734,0.08624687317362945,0.15720607980457568,0.8834228280135219,0.0010947720434471753,0.055317471919107436,0.1646614949454729,0.957101070189649,0.0005590339667698685,0.05559496799869917,0.1888338381884348,1.095924912599678
amm,0.0,0.0,fundamental,execution_delay,0.01714585612349941,0.0016122407005172525,10,0.09588969705634634,0.017538022355179466,10,0.06631970781324296,0.07865183128050446,10,0.0,0.0,10,0.0,0.0,10,34.31603470826824,0.2789589504460547,10,0.004402387281718823,0.0001293883702905629,10,0.03896576986353627,0.002000531203604855,10,0.009358477410004718,0.0030506123150149302,10,1.7,1.1595018087284057,10,0.0,0.0,10,8.4,4.550946177566937,10,0.0,0.0,10,0.00860906423362443,0.002032536501316242,10,0.12836250999702642,0.13915130627364486,10,34.82645278967651,0.25363738480033526,10,101.21207845992153,1.4253205477091495,10,0.014039053075048161,0.0017663128448825965,10,0.0986611277582596,0.08924959472795159,10,34.5000454654316,0.26566600354897835,10,99.21927986136095,1.5441935371346813,10,0.008412157468582388,0.0009019492981590141,10,0.09756120693175246,0.08969730883676649,10,34.13202395110488,0.30466583060568264,10,97.3098712681792,1.7681728920081354,10,0.0009992771390117455,0.01087017887427426,0.04874891008197567,0.0,0.0,0.17290054879151703,8.019574275966645e-05,0.0012399420861913609,0.0018907891020268261,0.7186666666666667,0.0,2.820705664269926,0.0,0.0012597791752314734,0.08624687317362945,0.15720607980457568,0.8834228280135219,0.0010947720434471753,0.055317471919107436,0.1646614949454729,0.957101070189649,0.0005590339667698685,0.05559496799869917,0.1888338381884348,1.095924912599678
amm,0.0,0.0,fundamental,liquidity_buffer,0.01714585612349941,0.0016122407005172525,10,0.09588969705634634,0.017538022355179466,10,0.06631970781324296,0.07865183128050446,10,0.0,0.0,10,0.0,0.0,10,34.31603470826824,0.2789589504460547,10,0.004402387281718823,0.0001293883702905629,10,0.03896576986353627,0.002000531203604855,10,0.009358477410004718,0.0030506123150149302,10,1.7,1.1595018087284057,10,0.0,0.0,10,8.4,4.550946177566937,10,0.0,0.0,10,0.00860906423362443,0.002032536501316242,10,0.12836250999702642,0.13915130627364486,10,34.82645278967651,0.25363738480033526,10,101.21207845992153,1.4253205477091495,10,0.014039053075048161,0.0017663128448825965,10,0.0986611277582596,0.08924959472795159,10,34.5000454654316,0.26566600354897835,10,99.21927986136095,1.5441935371346813,10,0.008412157468582388,0.0009019492981590141,10,0.09756120693175246,0.08969730883676649,10,34.13202395110488,0.30466583060568264,10,97.3098712681792,1.7681728920081354,10,0.0009992771390117455,0.01087017887427426,0.04874891008197567,0.0,0.0,0.17290054879151703,8.019574275966645e-05,0.0012399420861913609,0.0018907891020268261,0.7186666666666667,0.0,2.820705664269926,0.0,0.0012597791752314734,0.08624687317362945,0.15720607980457568,0.8834228280135219,0.0010947720434471753,0.055317471919107436,0.1646614949454729,0.957101070189649,0.0005590339667698685,0.05559496799869917,0.1888338381884348,1.095924912599678
amm,0.0,0.0,fundamental,none,0.01714585612349941,0.0016122407005172525,10,0.09588969705634634,0.017538022355179466,10,0.06631970781324296,0.07865183128050446,10,0.0,0.0,10,0.0,0.0,10,34.31603470826824,0.2789589504460547,10,0.004402387281718823,0.0001293883702905629,10,0.03896576986353627,0.002000531203604855,10,0.009358477410004718,0.0030506123150149302,10,1.7,1.1595018087284057,10,0.0,0.0,10,8.4,4.550946177566937,10,0.0,0.0,10,0.00860906423362443,0.002032536501316242,10,0.12836250999702642,0.13915130627364486,10,34.82645278967651,0.25363738480033526,10,101.21207845992153,1.4253205477091495,10,0.014039053075048161,0.0017663128448825965,10,0.0986611277582596,0.08924959472795159,10,34.5000454654316,0.26566600354897835,10,99.21927986136095,1.5441935371346813,10,0.008412157468582388,0.0009019492981590141,10,0.09756120693175246,0.08969730883676649,10,34.13202395110488,0.30466583060568264,10,97.3098712681792,1.7681728920081354,10,0.0009992771390117455,0.01087017887427426,0.04874891008197567,0.0,0.0,0.17290054879151703,8.019574275966645e-05,0.0012399420861913609,0.0018907891020268261,0.7186666666666667,0.0,2.820705664269926,0.0,0.0012597791752314734,0.08624687317362945,0.15720607980457568,0.8834228280135219,0.0010947720434471753,0.055317471919107436,0.1646614949454729,0.957101070189649,0.0005590339667698685,0.05559496799869917,0.1888338381884348,1.095924912599678
amm,0.0,0.0,fundamental,position_limit,0.01714585612349941,0.0016122407005172525,10,0.09588969705634634,0.017538022355179466,10,0.06631970781324296,0.07865183128050446,10,0.0,0.0,10,0.0,0.0,10,34.31603470826824,0.2789589504460547,10,0.004402387281718823,0.0001293883702905629,10,0.03896576986353627,0.002000531203604855,10,0.009358477410004718,0.0030506123150149302,10,1.7,1.1595018087284057,10,0.0,0.0,10,8.4,4.550946177566937,10,0.0,0.0,10,0.00860906423362443,0.002032536501316242,10,0.12836250999702642,0.13915130627364486,10,34.82645278967651,0.25363738480033526,10,101.21207845992153,1.4253205477091495,10,0.014039053075048161,0.0017663128448825965,10,0.0986611277582596,0.08924959472795159,10,34.5000454654316,0.26566600354897835,10,99.21927986136095,1.5441935371346813,10,0.008412157468582388,0.0009019492981590141,10,0.09756120693175246,0.08969730883676649,10,34.13202395110488,0.30466583060568264,10,97.3098712681792,1.7681728920081354,10,0.0009992771390117455,0.01087017887427426,0.04874891008197567,0.0,0.0,0.17290054879151703,8.019574275966645e-05,0.0012399420861913609,0.0018907891020268261,0.7186666666666667,0.0,2.820705664269926,0.0,0.0012597791752314734,0.08624687317362945,0.15720607980457568,0.8834228280135219,0.0010947720434471753,0.055317471919107436,0.1646614949454729,0.957101070189649,0.0005590339667698685,0.05559496799869917,0.1888338381884348,1.095924912599678
amm,0.0,0.0,liquidity,all,0.012072560256020517,0.0020336452966896947,10,0.05741483046666409,0.017830050539559484,10,0.13641366895144819,0.0711826045623978,10,0.0,0.0,10,0.0,0.0,10,22.50718845619895,0.1787124499551162,10,0.003977620711193742,0.00016364658071482723,10,0.03416617530897084,0.0026739998832523383,10,0.2548251671042735,0.002244260134231467,10,3.2,5.094659513211413,10,0.0,0.0,10,6.5,13.77800179029359,10,260.0,0.0,10,0.00860906423362443,0.002032536501316242,10,0.12836250999702642,0.13915130627364486,10,34.82645278967651,0.25363738480033526,10,101.21207845992153,1.4253205477091495,10,0.008409621496716424,0.0021486015870665334,10,0.12690014039458167,0.09542469139401567,10,25.951422904570386,0.1979155888246633,10,101.35834641524738,1.5722100570043211,10,0.00845406169965993,0.0010888010829460469,10,0.12254850535885406,0.08202055540973108,10,19.062954007827507,0.16781367738224687,10,101.66694757875601,1.8575724844663313,10,0.00126046641372395,0.011051179818180734,0.04411943539925298,0.0,0.0,0.1107671240650566,0.00010142920156605816,0.0016573622984439376,0.0013910068424729848,3.1577026810993813,0.0,8.539693983588249,0.0,0.0012597791752314734,0.08624687317362945,0.15720607980457568,0.8834228280135219,0.0013317170606790335,0.05914483648545648,0.12266935284730345,0.9744658891099365,0.0006748459028296148,0.05083686692917187,0.10401199483909024,1.1513353540751852
amm,0.0,0.0,liquidity,circuit_breaker,0.012072560256020517,0.0020336452966896947,10,0.05741483046666409,0.017830050539559484,10,0.13641366895144819,0.0711826045623978,10,0.0,0.0,10,0.0,0.0,10,22.50718845619895,0.1787124499551162,10,0.003977620711193742,0.00016364658071482723,10,0.03416617530897084,0.0026739998832523383,10,0.2548251671042735,0.002244260134231467,10,3.2,5.094659513211413,10,0.0,0.0,10,6.5,13.77800179029359,10,260.0,0.0,10,0.00860906423362443,0.002032536501316242,10,0.12836250999702642,0.13915130627364486,10,34.82645278967651,0.25363738480033526,10,101.21207845992153,1.4253205477091495,10,0.008409621496716424,0.0021486015870665334,10,0.12690014039458167,0.09542469139401567,10,25.951422904570386,0.1979155888246633,10,101.35834641524738,1.5722100570043211,10,0.00845406169965993,0.0010888010829460469,10,0.12254850535885406,0.08202055540973108,10,19.062954007827507,0.16781367738224687,10,101.66694757875601,1.8575724844663313,10,0.00126046641372395,0.011051179818180734,0.04411943539925298,0.0,0.0,0.1107671240650566,0.00010142920156605816,0.0016573622984439376,0.0013910068424729848,3.1577026810993813,0.0,8.539693983588249,0.0,0.0012597791752314734,0.08624687317362945,0.15720607980457568,0.8834228280135219,0.0013317170606790335,0.05914483648545648,0.12266935284730345,0.9744658891099365,0.0006748459028296148,0.05083686692917187,0.10401199483909024,1.1513353540751852
amm,0.0,0.0,liquidity,execution_delay,0.012072560256020517,0.0020336452966896947,10,0.05741483046666409,0.017830050539559484,10,0.13641366895144819,0.0711826045623978,10,0.0,0.0,10,0.0,0.0,10,22.50718845619895,0.1787124499551162,10,0.003977620711193742,0.00016364658071482723,10,0.03416617530897084,0.0026739998832523383,10,0.2548251671042735,0.002244260134231467,10,3.2,5.094659513211413,10,0.0,0.0,10,6.5,13.77800179029359,10,260.0,0.0,10,0.00860906423362443,0.002032536501316242,10,0.12836250999702642,0.13915130627364486,10,34.82645278967651,0.25363738480033526,10,101.21207845992153,1.4253205477091495,10,0.008409621496716424,0.0021486015870665334,10,0.12690014039458167,0.09542469139401567,10,25.951422904570386,0.1979155888246633,10,101.35834641524738,1.5722100570043211,10,0.00845406169965993,0.0010888010829460469,10,0.12254850535885406,0.08202055540973108,10,19.062954007827507,0.16781367738224687,10,101.66694757875601,1.8575724844663313,10,0.00126046641372395,0.011051179818180734,0.04411943539925298,0.0,0.0,0.1107671240650566,0.00010142920156605816,0.0016573622984439376,0.0013910068424729848,3.1577026810993813,0.0,8.539693983588249,0.0,0.0012597791752314734,0.08624687317362945,0.15720607980457568,0.8834228280135219,0.0013317170606790335,0.05914483648545648,0.12266935284730345,0.9744658891099365,0.0006748459028296148,0.05083686692917187,0.10401199483909024,1.1513353540751852
amm,0.0,0.0,liquidity,liquidity_buffer,0.012072560256020517,0.0020336452966896947,10,0.05741483046666409,0.017830050539559484,10,0.13641366895144819,0.0711826045623978,10,0.0,0.0,10,0.0,0.0,10,22.50718845619895,0.1787124499551162,10,0.003977620711193742,0.00016364658071482723,10,0.03416617530897084,0.0026739998832523383,10,0.2548251671042735,0.002244260134231467,10,3.2,5.094659513211413,10,0.0,0.0,10,6.5,13.77800179029359,10,260.0,0.0,10,0.00860906423362443,0.002032536501316242,10,0.12836250999702642,0.13915130627364486,10,34.82645278967651,0.25363738480033526,10,101.21207845992153,1.4253205477091495,10,0.008409621496716424,0.0021486015870665334,10,0.12690014039458167,0.09542469139401567,10,25.951422904570386,0.1979155888246633,10,101.35834641524738,1.5722100570043211,10,0.00845406169965993,0.0010888010829460469,10,0.12254850535885406,0.08202055540973108,10,19.062954007827507,0.16781367738224687,10,101.66694757875601,1.8575724844663313,10,0.00126046641372395,0.011051179818180734,0.04411943539925298,0.0,0.0,0.1107671240650566,0.00010142920156605816,0.0016573622984439376,0.0013910068424729848,3.1577026810993813,0.0,8.539693983588249,0.0,0.0012597791752314734,0.08624687317362945,0.15720607980457568,0.8834228280135219,0.0013317170606790335,0.05914483648545648,0.12266935284730345,0.9744658891099365,0.0006748459028296148,0.05083686692917187,0.10401199483909024,1.1513353540751852
amm,0.0,0.0,liquidity,none,0.012072560256020517,0.0020336452966896947,10,0.05741483046666409,0.017830050539559484,10,0.13641366895144819,0.0711826045623978,10,0.0,0.0,10,0.0,0.0,10,22.50718845619895,0.1787124499551162,10,0.003977620711193742,0.00016364658071482723,10,0.03416617530897084,0.0026739998832523383,10,0.2548251671042735,0.002244260134231467,10,3.2,5.094659513211413,10,0.0,0.0,10,6.5,13.77800179029359,10,260.0,0.0,10,0.00860906423362443,0.002032536501316242,10,0.12836250999702642,0.13915130627364486,10,34.82645278967651,0.25363738480033526,10,101.21207845992153,1.4253205477091495,10,0.008409621496716424,0.0021486015870665334,10,0.12690014039458167,0.09542469139401567,10,25.951422904570386,0.1979155888246633,10,101.35834641524738,1.5722100570043211,10,0.00845406169965993,0.0010888010829460469,10,0.12254850535885406,0.08202055540973108,10,19.062954007827507,0.16781367738224687,10,101.66694757875601,1.8575724844663313,10,0.00126046641372395,0.011051179818180734,0.04411943539925298,0.0,0.0,0.1107671240650566,0.00010142920156605816,0.0016573622984439376,0.0013910068424729848,3.1577026810993813,0.0,8.539693983588249,0.0,0.0012597791752314734,0.08624687317362945,0.15720607980457568,0.8834228280135219,0.0013317170606790335,0.05914483648545648,0.12266935284730345,0.9744658891099365,0.0006748459028296148,0.05083686692917187,0.10401199483909024,1.1513353540751852
amm,0.0,0.0,liquidity,position_limit,0.012072560256020517,0.0020336452966896947,10,0.05741483046666409,0.017830050539559484,10,0.13641366895144819,0.0711826045623978,10,0.0,0.0,10,0.0,0.0,10,22.50718845619895,0.1787124499551162,10,0.003977620711193742,0.00016364658071482723,10,0.03416617530897084,0.0026739998832523383,10,0.2548251671042735,0.002244260134231467,10,3.2,5.094659513211413,10,0.0,0.0,10,6.5,13.77800179029359,10,260.0,0.0,10,0.00860906423362443,0.002032536501316242,10,0.12836250999702642,0.13915130627364486,10,34.82645278967651,0.25363738480033526,10,101.21207845992153,1.4253205477091495,10,0.008409621496716424,0.0021486015870665334,10,0.12690014039458167,0.09542469139401567,10,25.951422904570386,0.1979155888246633,10,101.35834641524738,1.5722100570043211,10,0.00845406169965993,0.0010888010829460469,10,0.12254850535885406,0.08202055540973108,10,19.062954007827507,0.16781367738224687,10,101.66694757875601,1.8575724844663313,10,0.00126046641372395,0.011051179818180734,0.04411943539925298,0.0,0.0,0.1107671240650566,0.00010142920156605816,0.0016573622984439376,0.0013910068424729848,3.1577026810993813,0.0,8.539693983588249,0.0,0.0012597791752314734,0.08624687317362945,0.15720607980457568,0.8834228280135219,0.0013317170606790335,0.05914483648545648,0.12266935284730345,0.9744658891099365,0.0006748459028296148,0.05083686692917187,0.10401199483909024,1.1513353540751852
amm,0.0,0.0,volatility,all,0.01692047340932145,0.0014737033698192378,10,0.07093185223755961,0.018012959238483745,10,0.11251909408442626,0.08434648985930039,10,0.0,0.0,10,0.0,0.0,10,34.82396956943819,0.3632655093017967,10,0.004357330375236903,0.00015290527444580652,10,0.04255493713058642,0.0027221776974741337,10,-0.0004561233274226084,0.005617775909921792,10,3.9,2.3309511649396115,10,0.0,0.0,10,11.3,11.851394667107984,10,0.0,0.0,10,0.00860906423362443,0.002032536501316242,10,0.12836250999702642,0.13915130627364486,10,34.82645278967651,0.25363738480033526,10,101.21207845992153,1.4253205477091495,10,0.014222604660654942,0.0013445527619523133,10,0.10243401438418351,0.09630101642677828,10,34.84235948472058,0.3725787607915915,10,101.32182742854765,2.206784169651074,10,0.008818803532279625,0.0021355612046247896,10,0.11269058852550558,0.09402166746535846,10,34.8055796541558,0.36988313761275965,10,101.1218759719188,2.0952658525949057,10,0.00091341081184247,0.011164547804302628,0.05227849603675413,0.0,0.0,0.225154295335853,9.477167096637022e-05,0.0016872232170672857,0.003481933582916443,1.4447384999830704,0.0,7.345570517136311,0.0,0.0012597791752314734,0.08624687317362945,0.15720607980457568,0.8834228280135219,0.0008333624357597406,0.05968798836799017,0.23092670841327578,1.3677789989781601,0.00132363454790422,0.0582752332451067,0.22925594385738,1.2986592299638062
amm,0.0,0.0,volatility,circuit_breaker,0.01692047340932145,0.0014737033698192378,10,0.07093185223755961,0.018012959238483745,10,0.11251909408442626,0.08434648985930039,10,0.0,0.0,10,0.0,0.0,10,34.82396956943819,0.3632655093017967,10,0.004357330375236903,0.00015290527444580652,10,0.04255493713058642,0.0027221776974741337,10,-0.0004561233274226084,0.005617775909921792,10,3.9,2.3309511649396115,10,0.0,0.0,10,11.3,11.851394667107984,10,0.0,0.0,10,0.00860906423362443,0.002032536501316242,10,0.12836250999702642,0.13915130627364486,10,34.82645278967651,0.25363738480033526,10,101.21207845992153,1.4253205477091495,10,0.014222604660654942,0.0013445527619523133,10,0.10243401438418351,0.09630101642677828,10,34.84235948472058,0.3725787607915915,10,101.32182742854765,2.206784169651074,10,0.008818803532279625,0.0021355612046247896,10,0.11269058852550558,0.09402166746535846,10,34.8055796541558,0.36988313761275965,10,101.1218759719188,2.0952658525949057,10,0.00091341081184247,0.011164547804302628,0.05227849603675413,0.0,0.0,0.225154295335853,9.477167096637022e-05,0.0016872232170672857,0.003481933582916443,1.4447384999830704,0.0,7.345570517136311,0.0,0.0012597791752314734,0.08624687317362945,0.15720607980457568,0.8834228280135219,0.0008333624357597406,0.05968798836799017,0.23092670841327578,1.3677789989781601,0.00132363454790422,0.0582752332451067,0.22925594385738,1.2986592299638062
amm,0.0,0.0,volatility,execution_delay,0.01692047340932145,0.0014737033698192378,10,0.07093185223755961,0.018012959238483745,10,0.11251909408442626,0.08434648985930039,10,0.0,0.0,10,0.0,0.0,10,34.82396956943819,0.3632655093017967,10,0.004357330375236903,0.00015290527444580652,10,0.04255493713058642,0.0027221776974741337,10,-0.0004561233274226084,0.005617775909921792,10,3.9,2.3309511649396115,10,0.0,0.0,10,11.3,11.851394667107984,10,0.0,0.0,10,0.00860906423362443,0.002032536501316242,10,0.12836250999702642,0.13915130627364486,10,34.82645278967651,0.25363738480033526,10,101.21207845992153,1.4253205477091495,10,0.014222604660654942,0.0013445527619523133,10,0.10243401438418351,0.09630101642677828,10,34.84235948472058,0.3725787607915915,10,101.32182742854765,2.206784169651074,10,0.008818803532279625,0.0021355612046247896,10,0.11269058852550558,0.09402166746535846,10,34.8055796541558,0.36988313761275965,10,101.1218759719188,2.0952658525949057,10,0.00091341081184247,0.011164547804302628,0.05227849603675413,0.0,0.0,0.225154295335853,9.477167096637022e-05,0.0016872232170672857,0.003481933582916443,1.4447384999830704,0.0,7.345570517136311,0.0,0.0012597791752314734,0.08624687317362945,0.15720607980457568,0.8834228280135219,0.0008333624357597406,0.05968798836799017,0.23092670841327578,1.3677789989781601,0.00132363454790422,0.0582752332451067,0.22925594385738,1.2986592299638062
amm,0.0,0.0,volatility,liquidity_buffer,0.01692047340932145,0.0014737033698192378,10,0.07093185223755961,0.018012959238483745,10,0.11251909408442626,0.08434648985930039,10,0.0,0.0,10,0.0,0.0,10,34.82396956943819,0.3632655093017967,10,0.004357330375236903,0.00015290527444580652,10,0.04255493713058642,0.0027221776974741337,10,-0.0004561233274226084,0.005617775909921792,10,3.9,2.3309511649396115,10,0.0,0.0,10,11.3,11.851394667107984,10,0.0,0.0,10,0.00860906423362443,0.002032536501316242,10,0.12836250999702642,0.13915130627364486,10,34.82645278967651,0.25363738480033526,10,101.21207845992153,1.4253205477091495,10,0.014222604660654942,0.0013445527619523133,10,0.10243401438418351,0.09630101642677828,10,34.84235948472058,0.3725787607915915,10,101.32182742854765,2.206784169651074,10,0.008818803532279625,0.0021355612046247896,10,0.11269058852550558,0.09402166746535846,10,34.8055796541558,0.36988313761275965,10,101.1218759719188,2.0952658525949057,10,0.00091341081184247,0.011164547804302628,0.05227849603675413,0.0,0.0,0.225154295335853,9.477167096637022e-05,0.0016872232170672857,0.003481933582916443,1.4447384999830704,0.0,7.345570517136311,0.0,0.0012597791752314734,0.08624687317362945,0.15720607980457568,0.8834228280135219,0.0008333624357597406,0.05968798836799017,0.23092670841327578,1.3677789989781601,0.00132363454790422,0.0582752332451067,0.22925594385738,1.2986592299638062
amm,0.0,0.0,volatility,none,0.01692047340932145,0.0014737033698192378,10,0.07093185223755961,0.018012959238483745,10,0.11251909408442626,0.08434648985930039,10,0.0,0.0,10,0.0,0.0,10,34.82396956943819,0.3632655093017967,10,0.004357330375236903,0.00015290527444580652,10,0.04255493713058642,0.0027221776974741337,10,-0.0004561233274226084,0.005617775909921792,10,3.9,2.3309511649396115,10,0.0,0.0,10,11.3,11.851394667107984,10,0.0,0.0,10,0.00860906423362443,0.002032536501316242,10,0.12836250999702642,0.13915130627364486,10,34.82645278967651,0.25363738480033526,10,101.21207845992153,1.4253205477091495,10,0.014222604660654942,0.0013445527619523133,10,0.10243401438418351,0.09630101642677828,10,34.84235948472058,0.3725787607915915,10,101.32182742854765,2.206784169651074,10,0.008818803532279625,0.0021355612046247896,10,0.11269058852550558,0.09402166746535846,10,34.8055796541558,0.36988313761275965,10,101.1218759719188,2.0952658525949057,10,0.00091341081184247,0.011164547804302628,0.05227849603675413,0.0,0.0,0.225154295335853,9.477167096637022e-05,0.0016872232170672857,0.003481933582916443,1.4447384999830704,0.0,7.345570517136311,0.0,0.0012597791752314734,0.08624687317362945,0.15720607980457568,0.8834228280135219,0.0008333624357597406,0.05968798836799017,0.23092670841327578,1.3677789989781601,0.00132363454790422,0.0582752332451067,0.22925594385738,1.2986592299638062
amm,0.0,0.0,volatility,position_limit,0.01692047340932145,0.0014737033698192378,10,0.07093185223755961,0.018012959238483745,10,0.11251909408442626,0.08434648985930039,10,0.0,0.0,10,0.0,0.0,10,34.82396956943819,0.3632655093017967,10,0.004357330375236903,0.00015290527444580652,10,0.04255493713058642,0.0027221776974741337,10,-0.0004561233274226084,0.005617775909921792,10,3.9,2.3309511649396115,10,0.0,0.0,10,11.3,11.851394667107984,10,0.0,0.0,10,0.00860906423362443,0.002032536501316242,10,0.12836250999702642,0.13915130627364486,10,34.82645278967651,0.25363738480033526,10,101.21207845992153,1.4253205477091495,10,0.014222604660654942,0.0013445527619523133,10,0.10243401438418351,0.09630101642677828,10,34.84235948472058,0.3725787607915915,10,101.32182742854765,2.206784169651074,10,0.008818803532279625,0.0021355612046247896,10,0.11269058852550558,0.09402166746535846,10,34.8055796541558,0.36988313761275965,10,101.1218759719188,2.0952658525949057,10,0.00091341081184247,0.011164547804302628,0.05227849603675413,0.0,0.0,0.225154295335853,9.477167096637022e-05,0.0016872232170672857,0.003481933582916443,1.4447384999830704,0.0,7.345570517136311,0.0,0.0012597791752314734,0.08624687317362945,0.15720607980457568,0.8834228280135219,0.0008333624357597406,0.05968798836799017,0.23092670841327578,1.3677789989781601,0.00132363454790422,0.0582752332451067,0.22925594385738,1.2986592299638062
amm,0.0,0.5,fundamental,all,0.01714585612349941,0.0016122407005172525,10,0.09588969705634634,0.017538022355179466,10,0.06631970781324296,0.07865183128050446,10,0.0,0.0,10,0.0,0.0,10,34.31603470826824,0.2789589504460547,10,0.004402387281718823,0.0001293883702905629,10,0.03896576986353627,0.002000531203604855,10,0.009358477410004718,0.0030506123150149302,10,1.7,1.1595018087284057,10,0.0,0.0,10,8.4,4.550946177566937,10,0.0,0.0,10,0.00860906423362443,0.002032536501316242,10,0.12836250999702642,0.13915130627364486,10,34.82645278967651,0.25363738480033526,10,101.21207845992153,1.4253205477091495,10,0.014039053075048161,0.0017663128448825965,10,0.0986611277582596,0.08924959472795159,10,34.5000454654316,0.26566600354897835,10,99.21927986136095,1.5441935371346813,10,0.008412157468582388,0.0009019492981590141,10,0.09756120693175246,0.08969730883676649,10,34.13202395110488,0.30466583060568264,10,97.3098712681792,1.7681728920081354,10,0.0009992771390117455,0.01087017887427426,0.04874891008197567,0.0,0.0,0.17290054879151703,8.019574275966645e-05,0.0012399420861913609,0.0018907891020268261,0.7186666666666667,0.0,2.820705664269926,0.0,0.0012597791752314734,0.08624687317362945,0.15720607980457568,0.8834228280135219,0.0010947720434471753,0.055317471919107436,0.1646614949454729,0.957101070189649,0.0005590339667698685,0.05559496799869917,0.1888338381884348,1.095924912599678
amm,0.0,0.5,fundamental,circuit_breaker,0.01714585612349941,0.0016122407005172525,10,0.09588969705634634,0.017538022355179466,10,0.06631970781324296,0.07865183128050446,10,0.0,0.0,10,0.0,0.0,10,34.31603470826824,0.2789589504460547,10,0.004402387281718823,0.0001293883702905629,10,0.03896576986353627,0.002000531203604855,10,0.009358477410004718,0.0030506123150149302,10,1.7,1.1595018087284057,10,0.0,0.0,10,8.4,4.550946177566937,10,0.0,0.0,10,0.00860906423362443,0.002032536501316242,10,0.12836250999702642,0.13915130627364486,10,34.82645278967651,0.25363738480033526,10,101.21207845992153,1.4253205477091495,10,0.014039053075048161,0.0017663128448825965,10,0.0986611277582596,0.08924959472795159,10,34.5000454654316,0.26566600354897835,10,99.21927986136095,1.5441935371346813,10,0.008412157468582388,0.0009019492981590141,10,0.09756120693175246,0.08969730883676649,10,34.13202395110488,0.30466583060568264,10,97.3098712681792,1.7681728920081354,10,0.0009992771390117455,0.01087017887427426,0.04874891008197567,0.0,0.0,0.17290054879151703,8.019574275966645e-05,0.0012399420861913609,0.0018907891020268261,0.7186666666666667,0.0,2.820705664269926,0.0,0.0012597791752314734,0.08624687317362945,0.15720607980457568,0.8834228280135219,0.0010947720434471753,0.055317471919107436,0.1646614949454729,0.957101070189649,0.0005590339667698685,0.05559496799869917,0.1888338381884348,1.095924912599678
amm,0.0,0.5,fundamental,execution_delay,0.01714585612349941,0.0016122407005172525,10,0.09588969705634634,0.017538022355179466,10,0.06631970781324296,0.07865183128050446,10,0.0,0.0,10,0.0,0.0,10,34.31603470826824,0.2789589504460547,10,0.004402387281718823,0.0001293883702905629,10,0.03896576986353627,0.002000531203604855,10,0.009358477410004718,0.0030506123150149302,10,1.7,1.1595018087284057,10,0.0,0.0,10,8.4,4.550946177566937,10,0.0,0.0,10,0.00860906423362443,0.002032536501316242,10,0.12836250999702642,0.13915130627364486,10,34.82645278967651,0.25363738480033526,10,101.21207845992153,1.4253205477091495,10,0.014039053075048161,0.0017663128448825965,10,0.0986611277582596,0.08924959472795159,10,34.5000454654316,0.26566600354897835,10,99.21927986136095,1.5441935371346813,10,0.008412157468582388,0.0009019492981590141,10,0.09756120693175246,0.08969730883676649,10,34.13202395110488,0.30466583060568264,10,97.3098712681792,1.7681728920081354,10,0.0009992771390117455,0.01087017887427426,0.04874891008197567,0.0,0.0,0.17290054879151703,8.019574275966645e-05,0.0012399420861913609,0.0018907891020268261,0.7186666666666667,0.0,2.820705664269926,0.0,0.0012597791752314734,0.08624687317362945,0.15720607980457568,0.8834228280135219,0.0010947720434471753,0.055317471919107436,0.1646614949454729,0.957101070189649,0.0005590339667698685,0.05559496799869917,0.1888338381884348,1.095924912599678
amm,0.0,0.5,fundamental,liquidity_buffer,0.01714585612349941,0.0016122407005172525,10,0.09588969705634634,0.017538022355179466,10,0.06631970781324296,0.07865183128050446,10,0.0,0.0,10,0.0,0.0,10,34.31603470826824,0.2789589504460547,10,0.004402387281718823,0.0001293883702905629,10,0.03896576986353627,0.002000531203604855,10,0.009358477410004718,0.0030506123150149302,10,1.7,1.1595018087284057,10,0.0,0.0,10,8.4,4.550946177566937,10,0.0,0.0,10,0.00860906423362443,0.002032536501316242,10,0.12836250999702642,0.13915130627364486,10,34.82645278967651,0.25363738480033526,10,101.21207845992153,1.4253205477091495,10,0.014039053075048161,0.0017663128448825965,10,0.0986611277582596,0.08924959472795159,10,34.5000454654316,0.26566600354897835,10,99.21927986136095,1.5441935371346813,10,0.008412157468582388,0.0009019492981590141,10,0.09756120693175246,0.08969730883676649,10,34.13202395110488,0.30466583060568264,10,97.3098712681792,1.7681728920081354,10,0.0009992771390117455,0.01087017887427426,0.04874891008197567,0.0,0.0,0.17290054879151703,8.019574275966645e-05,0.0012399420861913609,0.0018907891020268261,0.7186666666666667,0.0,2.820705664269926,0.0,0.0012597791752314734,0.08624687317362945,0.15720607980457568,0.8834228280135219,0.0010947720434471753,0.055317471919107436,0.1646614949454729,0.957101070189649,0.0005590339667698685,0.05559496799869917,0.1888338381884348,1.095924912599678
amm,0.0,0.5,fundamental,none,0.01714585612349941,0.0016122407005172525,10,0.09588969705634634,0.017538022355179466,10,0.06631970781324296,0.07865183128050446,10,0.0,0.0,10,0.0,0.0,10,34.31603470826824,0.2789589504460547,10,0.004402387281718823,0.0001293883702905629,10,0.03896576986353627,0.002000531203604855,10,0.009358477410004718,0.0030506123150149302,10,1.7,1.1595018087284057,10,0.0,0.0,10,8.4,4.550946177566937,10,0.0,0.0,10,0.00860906423362443,0.002032536501316242,10,0.12836250999702642,0.13915130627364486,10,34.82645278967651,0.25363738480033526,10,101.21207845992153,1.4253205477091495,10,0.014039053075048161,0.0017663128448825965,10,0.0986611277582596,0.08924959472795159,10,34.5000454654316,0.26566600354897835,10,99.21927986136095,1.5441935371346813,10,0.008412157468582388,0.0009019492981590141,10,0.09756120693175246,0.08969730883676649,10,34.13202395110488,0.30466583060568264,10,97.3098712681792,1.7681728920081354,10,0.0009992771390117455,0.01087017887427426,0.04874891008197567,0.0,0.0,0.17290054879151703,8.019574275966645e-05,0.0012399420861913609,0.0018907891020268261,0.7186666666666667,0.0,2.820705664269926,0.0,0.0012597791752314734,0.08624687317362945,0.15720607980457568,0.8834228280135219,0.0010947720434471753,0.055317471919107436,0.1646614949454729,0.957101070189649,0.0005590339667698685,0.05559496799869917,0.1888338381884348,1.095924912599678
amm,0.0,0.5,fundamental,position_limit,0.01714585612349941,0.0016122407005172525,10,0.09588969705634634,0.017538022355179466,10,0.06631970781324296,0.07865183128050446,10,0.0,0.0,10,0.0,0.0,10,34.31603470826824,0.2789589504460547,10,0.004402387281718823,0.0001293883702905629,10,0.03896576986353627,0.002000531203604855,10,0.009358477410004718,0.0030506123150149302,10,1.7,1.1595018087284057,10,0.0,0.0,10,8.4,4.550946177566937,10,0.0,0.0,10,0.00860906423362443,0.002032536501316242,10,0.12836250999702642,0.13915130627364486,10,34.82645278967651,0.25363738480033526,10,101.21207845992153,1.4253205477091495,10,0.014039053075048161,0.0017663128448825965,10,0.0986611277582596,0.08924959472795159,10,34.5000454654316,0.26566600354897835,10,99.21927986136095,1.5441935371346813,10,0.008412157468582388,0.0009019492981590141,10,0.09756120693175246,0.08969730883676649,10,34.13202395110488,0.30466583060568264,10,97.3098712681792,1.7681728920081354,10,0.0009992771390117455,0.01087017887427426,0.04874891008197567,0.0,0.0,0.17290054879151703,8.019574275966645e-05,0.0012399420861913609,0.0018907891020268261,0.7186666666666667,0.0,2.820705664269926,0.0,0.0012597791752314734,0.08624687317362945,0.15720607980457568,0.8834228280135219,0.0010947720434471753,0.055317471919107436,0.1646614949454729,0.957101070189649,0.0005590339667698685,0.05559496799869917,0.1888338381884348,1.095924912599678
amm,0.0,0.5,liquidity,all,0.012072560256020517,0.0020336452966896947,10,0.05741483046666409,0.017830050539559484,10,0.13641366895144819,0.0711826045623978,10,0.0,0.0,10,0.0,0.0,10,22.50718845619895,0.1787124499551162,10,0.003977620711193742,0.00016364658071482723,10,0.03416617530897084,0.0026739998832523383,10,0.2548251671042735,0.002244260134231467,10,3.2,5.094659513211413,10,0.0,0.0,10,6.5,13.77800179029359,10,260.0,0.0,10,0.00860906423362443,0.002032536501316242,10,0.12836250999702642,0.13915130627364486,10,34.82645278967651,0.25363738480033526,10,101.21207845992153,1.4253205477091495,10,0.008409621496716424,0.0021486015870665334,10,0.12690014039458167,0.09542469139401567,10,25.951422904570386,0.1979155888246633,10,101.35834641524738,1.5722100570043211,10,0.00845406169965993,0.0010888010829460469,10,0.12254850535885406,0.08202055540973108,10,19.062954007827507,0.16781367738224687,10,101.66694757875601,1.8575724844663313,10,0.00126046641372395,0.011051179818180734,0.04411943539925298,0.0,0.0,0.1107671240650566,0.00010142920156605816,0.0016573622984439376,0.0013910068424729848,3.1577026810993813,0.0,8.539693983588249,0.0,0.0012597791752314734,0.08624687317362945,0.15720607980457568,0.8834228280135219,0.0013317170606790335,0.05914483648545648,0.12266935284730345,0.9744658891099365,0.0006748459028296148,0.05083686692917187,0.10401199483909024,1.1513353540751852
amm,0.0,0.5,liquidity,circuit_breaker,0.012072560256020517,0.0020336452966896947,10,0.05741483046666409,0.017830050539559484,10,0.13641366895144819,0.0711826045623978,10,0.0,0.0,10,0.0,0.0,10,22.50718845619895,0.1787124499551162,10,0.003977620711193742,0.00016364658071482723,10,0.03416617530897084,0.0026739998832523383,10,0.2548251671042735,0.002244260134231467,10,3.2,5.094659513211413,10,0.0,0.0,10,6.5,13.77800179029359,10,260.0,0.0,10,0.00860906423362443,0.002032536501316242,10,0.12836250999702642,0.13915130627364486,10,34.82645278967651,0.25363738480033526,10,101.21207845992153,1.4253205477091495,10,0.008409621496716424,0.0021486015870665334,10,0.12690014039458167,0.09542469139401567,10,25.951422904570386,0.1979155888246633,10,101.35834641524738,1.5722100570043211,10,0.00845406169965993,0.0010888010829460469,10,0.12254850535885406,0.08202055540973108,10,19.062954007827507,0.16781367738224687,10,101.66694757875601,1.8575724844663313,10,0.00126046641372395,0.011051179818180734,0.04411943539925298,0.0,0.0,0.1107671240650566,0.00010142920156605816,0.0016573622984439376,0.0013910068424729848,3.1577026810993813,0.0,8.539693983588249,0.0,0.0012597791752314734,0.08624687317362945,0.15720607980457568,0.8834228280135219,0.0013317170606790335,0.05914483648545648,0.12266935284730345,0.9744658891099365,0.0006748459028296148,0.05083686692917187,0.10401199483909024,1.1513353540751852
amm,0.0,0.5,liquidity,execution_delay,0.012072560256020517,0.0020336452966896947,10,0.05741483046666409,0.017830050539559484,10,0.13641366895144819,0.0711826045623978,10,0.0,0.0,10,0.0,0.0,10,22.50718845619895,0.1787124499551162,10,0.003977620711193742,0.00016364658071482723,10,0.03416617530897084,0.0026739998832523383,10,0.2548251671042735,0.002244260134231467,10,3.2,5.094659513211413,10,0.0,0.0,10,6.5,13.77800179029359,10,260.0,0.0,10,0.00860906423362443,0.002032536501316242,10,0.12836250999702642,0.13915130627364486,10,34.82645278967651,0.25363738480033526,10,101.21207845992153,1.4253205477091495,10,0.008409621496716424,0.0021486015870665334,10,0.12690014039458167,0.09542469139401567,10,25.951422904570386,0.1979155888246633,10,101.35834641524738,1.5722100570043211,10,0.00845406169965993,0.0010888010829460469,10,0.12254850535885406,0.08202055540973108,10,19.062954007827507,0.16781367738224687,10,101.66694757875601,1.8575724844663313,10,0.00126046641372395,0.011051179818180734,0.04411943539925298,0.0,0.0,0.1107671240650566,0.00010142920156605816,0.0016573622984439376,0.0013910068424729848,3.1577026810993813,0.0,8.539693983588249,0.0,0.0012597791752314734,0.08624687317362945,0.15720607980457568,0.8834228280135219,0.0013317170606790335,0.05914483648545648,0.12266935284730345,0.9744658891099365,0.0006748459028296148,0.05083686692917187,0.10401199483909024,1.1513353540751852
amm,0.0,0.5,liquidity,liquidity_buffer,0.012072560256020517,0.0020336452966896947,10,0.05741483046666409,0.017830050539559484,10,0.13641366895144819,0.0711826045623978,10,0.0,0.0,10,0.0,0.0,10,22.50718845619895,0.1787124499551162,10,0.003977620711193742,0.00016364658071482723,10,0.03416617530897084,0.0026739998832523383,10,0.2548251671042735,0.002244260134231467,10,3.2,5.094659513211413,10,0.0,0.0,10,6.5,13.77800179029359,10,260.0,0.0,10,0.00860906423362443,0.002032536501316242,10,0.12836250999702642,0.13915130627364486,10,34.82645278967651,0.25363738480033526,10,101.21207845992153,1.4253205477091495,10,0.008409621496716424,0.0021486015870665334,10,0.12690014039458167,0.09542469139401567,10,25.951422904570386,0.1979155888246633,10,101.35834641524738,1.5722100570043211,10,0.00845406169965993,0.0010888010829460469,10,0.12254850535885406,0.08202055540973108,10,19.062954007827507,0.16781367738224687,10,101.66694757875601,1.8575724844663313,10,0.00126046641372395,0.011051179818180734,0.04411943539925298,0.0,0.0,0.1107671240650566,0.00010142920156605816,0.0016573622984439376,0.0013910068424729848,3.1577026810993813,0.0,8.539693983588249,0.0,0.0012597791752314734,0.08624687317362945,0.15720607980457568,0.8834228280135219,0.0013317170606790335,0.05914483648545648,0.12266935284730345,0.9744658891099365,0.0006748459028296148,0.05083686692917187,0.10401199483909024,1.1513353540751852
amm,0.0,0.5,liquidity,none,0.012072560256020517,0.0020336452966896947,10,0.05741483046666409,0.017830050539559484,10,0.13641366895144819,0.0711826045623978,10,0.0,0.0,10,0.0,0.0,10,22.50718845619895,0.1787124499551162,10,0.003977620711193742,0.00016364658071482723,10,0.03416617530897084,0.0026739998832523383,10,0.2548251671042735,0.002244260134231467,10,3.2,5.094659513211413,10,0.0,0.0,10,6.5,13.77800179029359,10,260.0,0.0,10,0.00860906423362443,0.002032536501316242,10,0.12836250999702642,0.13915130627364486,10,34.82645278967651,0.25363738480033526,10,101.21207845992153,1.4253205477091495,10,0.008409621496716424,0.0021486015870665334,10,0.12690014039458167,0.09542469139401567,10,25.951422904570386,0.1979155888246633,10,101.35834641524738,1.5722100570043211,10,0.00845406169965993,0.0010888010829460469,10,0.12254850535885406,0.08202055540973108,10,19.062954007827507,0.16781367738224687,10,101.66694757875601,1.8575724844663313,10,0.00126046641372395,0.011051179818180734,0.04411943539925298,0.0,0.0,0.1107671240650566,0.00010142920156605816,0.0016573622984439376,0.0013910068424729848,3.1577026810993813,0.0,8.539693983588249,0.0,0.0012597791752314734,0.08624687317362945,0.15720607980457568,0.8834228280135219,0.0013317170606790335,0.05914483648545648,0.12266935284730345,0.9744658891099365,0.0006748459028296148,0.05083686692917187,0.10401199483909024,1.1513353540751852
amm,0.0,0.5,liquidity,position_limit,0.012072560256020517,0.0020336452966896947,10,0.05741483046666409,0.017830050539559484,10,0.13641366895144819,0.0711826045623978,10,0.0,0.0,10,0.0,0.0,10,22.50718845619895,0.1787124499551162,10,0.003977620711193742,0.00016364658071482723,10,0.03416617530897084,0.0026739998832523383,10,0.2548251671042735,0.002244260134231467,10,3.2,5.094659513211413,10,0.0,0.0,10,6.5,13.77800179029359,10,260.0,0.0,10,0.00860906423362443,0.002032536501316242,10,0.12836250999702642,0.13915130627364486,10,34.82645278967651,0.25363738480033526,10,101.21207845992153,1.4253205477091495,10,0.008409621496716424,0.0021486015870665334,10,0.12690014039458167,0.09542469139401567,10,25.951422904570386,0.1979155888246633,10,101.35834641524738,1.5722100570043211,10,0.00845406169965993,0.0010888010829460469,10,0.12254850535885406,0.08202055540973108,10,19.062954007827507,0.16781367738224687,10,101.66694757875601,1.8575724844663313,10,0.00126046641372395,0.011051179818180734,0.04411943539925298,0.0,0.0,0.1107671240650566,0.00010142920156605816,0.0016573622984439376,0.0013910068424729848,3.1577026810993813,0.0,8.539693983588249,0.0,0.0012597791752314734,0.08624687317362945,0.15720607980457568,0.8834228280135219,0.0013317170606790335,0.05914483648545648,0.12266935284730345,0.9744658891099365,0.0006748459028296148,0.05083686692917187,0.10401199483909024,1.1513353540751852
amm,0.0,0.5,volatility,all,0.01692047340932145,0.0014737033698192378,10,0.07093185223755961,0.018012959238483745,10,0.11251909408442626,0.08434648985930039,10,0.0,0.0,10,0.0,0.0,10,34.82396956943819,0.3632655093017967,10,0.004357330375236903,0.00015290527444580652,10,0.04255493713058642,0.0027221776974741337,10,-0.0004561233274226084,0.005617775909921792,10,3.9,2.3309511649396115,10,0.0,0.0,10,11.3,11.851394667107984,10,0.0,0.0,10,0.00860906423362443,0.002032536501316242,10,0.12836250999702642,0.13915130627364486,10,34.82645278967651,0.25363738480033526,10,101.21207845992153,1.4253205477091495,10,0.014222604660654942,0.0013445527619523133,10,0.10243401438418351,0.09630101642677828,10,34.84235948472058,0.3725787607915915,10,101.32182742854765,2.206784169651074,10,0.008818803532279625,0.0021355612046247896,10,0.11269058852550558,0.09402166746535846,10,34.8055796541558,0.36988313761275965,10,101.1218759719188,2.0952658525949057,10,0.00091341081184247,0.011164547804302628,0.05227849603675413,0.0,0.0,0.225154295335853,9.477167096637022e-05,0.0016872232170672857,0.003481933582916443,1.4447384999830704,0.0,7.345570517136311,0.0,0.0012597791752314734,0.08624687317362945,0.15720607980457568,0.8834228280135219,0.0008333624357597406,0.05968798836799017,0.23092670841327578,1.3677789989781601,0.00132363454790422,0.0582752332451067,0.22925594385738,1.2986592299638062
amm,0.0,0.5,volatility,circuit_breaker,0.01692047340932145,0.0014737033698192378,10,0.07093185223755961,0.018012959238483745,10,0.11251909408442626,0.08434648985930039,10,0.0,0.0,10,0.0,0.0,10,34.82396956943819,0.3632655093017967,10,0.004357330375236903,0.00015290527444580652,10,0.04255493713058642,0.0027221776974741337,10,-0.0004561233274226084,0.005617775909921792,10,3.9,2.3309511649396115,10,0.0,0.0,10,11.3,11.851394667107984,10,0.0,0.0,10,0.00860906423362443,0.002032536501316242,10,0.12836250999702642,0.13915130627364486,10,34.82645278967651,0.25363738480033526,10,101.21207845992153,1.4253205477091495,10,0.014222604660654942,0.0013445527619523133,10,0.10243401438418351,0.09630101642677828,10,34.84235948472058,0.3725787607915915,10,101.32182742854765,2.206784169651074,10,0.008818803532279625,0.0021355612046247896,10,0.11269058852550558,0.09402166746535846,10,34.8055796541558,0.36988313761275965,10,101.1218759719188,2.0952658525949057,10,0.00091341081184247,0.011164547804302628,0.05227849603675413,0.0,0.0,0.225154295335853,9.477167096637022e-05,0.0016872232170672857,0.003481933582916443,1.4447384999830704,0.0,7.345570517136311,0.0,0.0012597791752314734,0.08624687317362945,0.15720607980457568,0.8834228280135219,0.0008333624357597406,0.05968798836799017,0.23092670841327578,1.3677789989781601,0.00132363454790422,0.0582752332451067,0.22925594385738,1.2986592299638062
amm,0.0,0.5,volatility,execution_delay,0.01692047340932145,0.0014737033698192378,10,0.07093185223755961,0.018012959238483745,10,0.11251909408442626,0.08434648985930039,10,0.0,0.0,10,0.0,0.0,10,34.82396956943819,0.3632655093017967,10,0.004357330375236903,0.00015290527444580652,10,0.04255493713058642,0.0027221776974741337,10,-0.0004561233274226084,0.005617775909921792,10,3.9,2.3309511649396115,10,0.0,0.0,10,11.3,11.851394667107984,10,0.0,0.0,10,0.00860906423362443,0.002032536501316242,10,0.12836250999702642,0.13915130627364486,10,34.82645278967651,0.25363738480033526,10,101.21207845992153,1.4253205477091495,10,0.014222604660654942,0.0013445527619523133,10,0.10243401438418351,0.09630101642677828,10,34.84235948472058,0.3725787607915915,10,101.32182742854765,2.206784169651074,10,0.008818803532279625,0.0021355612046247896,10,0.11269058852550558,0.09402166746535846,10,34.8055796541558,0.36988313761275965,10,101.1218759719188,2.0952658525949057,10,0.00091341081184247,0.011164547804302628,0.05227849603675413,0.0,0.0,0.225154295335853,9.477167096637022e-05,0.0016872232170672857,0.003481933582916443,1.4447384999830704,0.0,7.345570517136311,0.0,0.0012597791752314734,0.08624687317362945,0.15720607980457568,0.8834228280135219,0.0008333624357597406,0.05968798836799017,0.23092670841327578,1.3677789989781601,0.00132363454790422,0.0582752332451067,0.22925594385738,1.2986592299638062
amm,0.0,0.5,volatility,liquidity_buffer,0.01692047340932145,0.0014737033698192378,10,0.07093185223755961,0.018012959238483745,10,0.11251909408442626,0.08434648985930039,10,0.0,0.0,10,0.0,0.0,10,34.82396956943819,0.3632655093017967,10,0.004357330375236903,0.00015290527444580652,10,0.04255493713058642,0.0027221776974741337,10,-0.0004561233274226084,0.005617775909921792,10,3.9,2.3309511649396115,10,0.0,0.0,10,11.3,11.851394667107984,10,0.0,0.0,10,0.00860906423362443,0.002032536501316242,10,0.12836250999702642,0.13915130627364486,10,34.82645278967651,0.25363738480033526,10,101.21207845992153,1.4253205477091495,10,0.014222604660654942,0.0013445527619523133,10,0.10243401438418351,0.09630101642677828,10,34.84235948472058,0.3725787607915915,10,101.32182742854765,2.206784169651074,10,0.008818803532279625,0.0021355612046247896,10,0.11269058852550558,0.09402166746535846,10,34.8055796541558,0.36988313761275965,10,101.1218759719188,2.0952658525949057,10,0.00091341081184247,0.011164547804302628,0.05227849603675413,0.0,0.0,0.225154295335853,9.477167096637022e-05,0.0016872232170672857,0.003481933582916443,1.4447384999830704,0.0,7.345570517136311,0.0,0.0012597791752314734,0.08624687317362945,0.15720607980457568,0.8834228280135219,0.0008333624357597406,0.05968798836799017,0.23092670841327578,1.3677789989781601,0.00132363454790422,0.0582752332451067,0.22925594385738,1.2986592299638062
amm,0.0,0.5,volatility,none,0.01692047340932145,0.0014737033698192378,10,0.07093185223755961,0.018012959238483745,10,0.11251909408442626,0.08434648985930039,10,0.0,0.0,10,0.0,0.0,10,34.82396956943819,0.3632655093017967,10,0.004357330375236903,0.00015290527444580652,10,0.04255493713058642,0.0027221776974741337,10,-0.0004561233274226084,0.005617775909921792,10,3.9,2.3309511649396115,10,0.0,0.0,10,11.3,11.851394667107984,10,0.0,0.0,10,0.00860906423362443,0.002032536501316242,10,0.12836250999702642,0.13915130627364486,10,34.82645278967651,0.25363738480033526,10,101.21207845992153,1.4253205477091495,10,0.014222604660654942,0.0013445527619523133,10,0.10243401438418351,0.09630101642677828,10,34.84235948472058,0.3725787607915915,10,101.32182742854765,2.206784169651074,10,0.008818803532279625,0.0021355612046247896,10,0.11269058852550558,0.09402166746535846,10,34.8055796541558,0.36988313761275965,10,101.1218759719188,2.0952658525949057,10,0.00091341081184247,0.011164547804302628,0.05227849603675413,0.0,0.0,0.225154295335853,9.477167096637022e-05,0.0016872232170672857,0.003481933582916443,1.4447384999830704,0.0,7.345570517136311,0.0,0.0012597791752314734,0.08624687317362945,0.15720607980457568,0.8834228280135219,0.0008333624357597406,0.05968798836799017,0.23092670841327578,1.3677789989781601,0.00132363454790422,0.0582752332451067,0.22925594385738,1.2986592299638062
amm,0.0,0.5,volatility,position_limit,0.01692047340932145,0.0014737033698192378,10,0.07093185223755961,0.018012959238483745,10,0.11251909408442626,0.08434648985930039,10,0.0,0.0,10,0.0,0.0,10,34.82396956943819,0.3632655093017967,10,0.004357330375236903,0.00015290527444580652,10,0.04255493713058642,0.0027221776974741337,10,-0.0004561233274226084,0.005617775909921792,10,3.9,2.3309511649396115,10,0.0,0.0,10,11.3,11.851394667107984,10,0.0,0.0,10,0.00860906423362443,0.002032536501316242,10,0.12836250999702642,0.13915130627364486,10,34.82645278967651,0.25363738480033526,10,101.21207845992153,1.4253205477091495,10,0.014222604660654942,0.0013445527619523133,10,0.10243401438418351,0.09630101642677828,10,34.84235948472058,0.3725787607915915,10,101.32182742854765,2.206784169651074,10,0.008818803532279625,0.0021355612046247896,10,0.11269058852550558,0.09402166746535846,10,34.8055796541558,0.36988313761275965,10,101.1218759719188,2.0952658525949057,10,0.00091341081184247,0.011164547804302628,0.05227849603675413,0.0,0.0,0.225154295335853,9.477167096637022e-05,0.0016872232170672857,0.003481933582916443,1.4447384999830704,0.0,7.345570517136311,0.0,0.0012597791752314734,0.08624687317362945,0.15720607980457568,0.8834228280135219,0.0008333624357597406,0.05968798836799017,0.23092670841327578,1.3677789989781601,0.00132363454790422,0.0582752332451067,0.22925594385738,1.2986592299638062
amm,0.0,0.9,fundamental,all,0.01714585612349941,0.0016122407005172525,10,0.09588969705634634,0.017538022355179466,10,0.06631970781324296,0.07865183128050446,10,0.0,0.0,10,0.0,0.0,10,34.31603470826824,0.2789589504460547,10,0.004402387281718823,0.0001293883702905629,10,0.03896576986353627,0.002000531203604855,10,0.009358477410004718,0.0030506123150149302,10,1.7,1.1595018087284057,10,0.0,0.0,10,8.4,4.550946177566937,10,0.0,0.0,10,0.00860906423362443,0.002032536501316242,10,0.12836250999702642,0.13915130627364486,10,34.82645278967651,0.25363738480033526,10,101.21207845992153,1.4253205477091495,10,0.014039053075048161,0.0017663128448825965,10,0.0986611277582596,0.08924959472795159,10,34.5000454654316,0.26566600354897835,10,99.21927986136095,1.5441935371346813,10,0.008412157468582388,0.0009019492981590141,10,0.09756120693175246,0.08969730883676649,10,34.13202395110488,0.30466583060568264,10,97.3098712681792,1.7681728920081354,10,0.0009992771390117455,0.01087017887427426,0.04874891008197567,0.0,0.0,0.17290054879151703,8.019574275966645e-05,0.0012399420861913609,0.0018907891020268261,0.7186666666666667,0.0,2.820705664269926,0.0,0.0012597791752314734,0.08624687317362945,0.15720607980457568,0.8834228280135219,0.0010947720434471753,0.055317471919107436,0.1646614949454729,0.957101070189649,0.0005590339667698685,0.05559496799869917,0.1888338381884348,1.095924912599678
amm,0.0,0.9,fundamental,circuit_breaker,0.01714585612349941,0.0016122407005172525,10,0.09588969705634634,0.017538022355179466,10,0.06631970781324296,0.07865183128050446,10,0.0,0.0,10,0.0,0.0,10,34.31603470826824,0.2789589504460547,10,0.004402387281718823,0.0001293883702905629,10,0.03896576986353627,0.002000531203604855,10,0.009358477410004718,0.0030506123150149302,10,1.7,1.1595018087284057,10,0.0,0.0,10,8.4,4.550946177566937,10,0.0,0.0,10,0.00860906423362443,0.002032536501316242,10,0.12836250999702642,0.13915130627364486,10,34.82645278967651,0.25363738480033526,10,101.21207845992153,1.4253205477091495,10,0.014039053075048161,0.0017663128448825965,10,0.0986611277582596,0.08924959472795159,10,34.5000454654316,0.26566600354897835,10,99.21927986136095,1.5441935371346813,10,0.008412157468582388,0.0009019492981590141,10,0.09756120693175246,0.08969730883676649,10,34.13202395110488,0.30466583060568264,10,97.3098712681792,1.7681728920081354,10,0.0009992771390117455,0.01087017887427426,0.04874891008197567,0.0,0.0,0.17290054879151703,8.019574275966645e-05,0.0012399420861913609,0.0018907891020268261,0.7186666666666667,0.0,2.820705664269926,0.0,0.0012597791752314734,0.08624687317362945,0.15720607980457568,0.8834228280135219,0.0010947720434471753,0.055317471919107436,0.1646614949454729,0.957101070189649,0.0005590339667698685,0.05559496799869917,0.1888338381884348,1.095924912599678
amm,0.0,0.9,fundamental,execution_delay,0.01714585612349941,0.0016122407005172525,10,0.09588969705634634,0.017538022355179466,10,0.06631970781324296,0.07865183128050446,10,0.0,0.0,10,0.0,0.0,10,34.31603470826824,0.2789589504460547,10,0.004402387281718823,0.0001293883702905629,10,0.03896576986353627,0.002000531203604855,10,0.009358477410004718,0.0030506123150149302,10,1.7,1.1595018087284057,10,0.0,0.0,10,8.4,4.550946177566937,10,0.0,0.0,10,0.00860906423362443,0.002032536501316242,10,0.12836250999702642,0.13915130627364486,10,34.82645278967651,0.25363738480033526,10,101.21207845992153,1.4253205477091495,10,0.014039053075048161,0.0017663128448825965,10,0.0986611277582596,0.08924959472795159,10,34.5000454654316,0.26566600354897835,10,99.21927986136095,1.5441935371346813,10,0.008412157468582388,0.0009019492981590141,10,0.09756120693175246,0.08969730883676649,10,34.13202395110488,0.30466583060568264,10,97.3098712681792,1.7681728920081354,10,0.0009992771390117455,0.01087017887427426,0.04874891008197567,0.0,0.0,0.17290054879151703,8.019574275966645e-05,0.0012399420861913609,0.0018907891020268261,0.7186666666666667,0.0,2.820705664269926,0.0,0.0012597791752314734,0.08624687317362945,0.15720607980457568,0.8834228280135219,0.0010947720434471753,0.055317471919107436,0.1646614949454729,0.957101070189649,0.0005590339667698685,0.05559496799869917,0.1888338381884348,1.095924912599678
amm,0.0,0.9,fundamental,liquidity_buffer,0.01714585612349941,0.0016122407005172525,10,0.09588969705634634,0.017538022355179466,10,0.06631970781324296,0.07865183128050446,10,0.0,0.0,10,0.0,0.0,10,34.31603470826824,0.2789589504460547,10,0.004402387281718823,0.0001293883702905629,10,0.03896576986353627,0.002000531203604855,10,0.009358477410004718,0.0030506123150149302,10,1.7,1.1595018087284057,10,0.0,0.0,10,8.4,4.550946177566937,10,0.0,0.0,10,0.00860906423362443,0.002032536501316242,10,0.12836250999702642,0.13915130627364486,10,34.82645278967651,0.25363738480033526,10,101.21207845992153,1.4253205477091495,10,0.014039053075048161,0.0017663128448825965,10,0.0986611277582596,0.08924959472795159,10,34.5000454654316,0.26566600354897835,10,99.21927986136095,1.5441935371346813,10,0.008412157468582388,0.0009019492981590141,10,0.09756120693175246,0.08969730883676649,10,34.13202395110488,0.30466583060568264,10,97.3098712681792,1.7681728920081354,10,0.0009992771390117455,0.01087017887427426,0.04874891008197567,0.0,0.0,0.17290054879151703,8.019574275966645e-05,0.0012399420861913609,0.0018907891020268261,0.7186666666666667,0.0,2.820705664269926,0.0,0.0012597791752314734,0.08624687317362945,0.15720607980457568,0.8834228280135219,0.0010947720434471753,0.055317471919107436,0.1646614949454729,0.957101070189649,0.0005590339667698685,0.05559496799869917,0.1888338381884348,1.095924912599678
amm,0.0,0.9,fundamental,none,0.01714585612349941,0.0016122407005172525,10,0.09588969705634634,0.017538022355179466,10,0.06631970781324296,0.07865183128050446,10,0.0,0.0,10,0.0,0.0,10,34.31603470826824,0.2789589504460547,10,0.004402387281718823,0.0001293883702905629,10,0.03896576986353627,0.002000531203604855,10,0.009358477410004718,0.0030506123150149302,10,1.7,1.1595018087284057,10,0.0,0.0,10,8.4,4.550946177566937,10,0.0,0.0,10,0.00860906423362443,0.002032536501316242,10,0.12836250999702642,0.13915130627364486,10,34.82645278967651,0.25363738480033526,10,101.21207845992153,1.4253205477091495,10,0.014039053075048161,0.0017663128448825965,10,0.0986611277582596,0.08924959472795159,10,34.5000454654316,0.26566600354897835,10,99.21927986136095,1.5441935371346813,10,0.008412157468582388,0.0009019492981590141,10,0.09756120693175246,0.08969730883676649,10,34.13202395110488,0.30466583060568264,10,97.3098712681792,1.7681728920081354,10,0.0009992771390117455,0.01087017887427426,0.04874891008197567,0.0,0.0,0.17290054879151703,8.019574275966645e-05,0.0012399420861913609,0.0018907891020268261,0.7186666666666667,0.0,2.820705664269926,0.0,0.0012597791752314734,0.08624687317362945,0.15720607980457568,0.8834228280135219,0.0010947720434471753,0.055317471919107436,0.1646614949454729,0.957101070189649,0.0005590339667698685,0.05559496799869917,0.1888338381884348,1.095924912599678
amm,0.0,0.9,fundamental,position_limit,0.01714585612349941,0.0016122407005172525,10,0.09588969705634634,0.017538022355179466,10,0.06631970781324296,0.07865183128050446,10,0.0,0.0,10,0.0,0.0,10,34.31603470826824,0.2789589504460547,10,0.004402387281718823,0.0001293883702905629,10,0.03896576986353627,0.002000531203604855,10,0.009358477410004718,0.0030506123150149302,10,1.7,1.1595018087284057,10,0.0,0.0,10,8.4,4.550946177566937,10,0.0,0.0,10,0.00860906423362443,0.002032536501316242,10,0.12836250999702642,0.13915130627364486,10,34.82645278967651,0.25363738480033526,10,101.21207845992153,1.4253205477091495,10,0.014039053075048161,0.0017663128448825965,10,0.0986611277582596,0.08924959472795159,10,34.5000454654316,0.26566600354897835,10,99.21927986136095,1.5441935371346813,10,0.008412157468582388,0.0009019492981590141,10,0.09756120693175246,0.08969730883676649,10,34.13202395110488,0.30466583060568264,10,97.3098712681792,1.7681728920081354,10,0.0009992771390117455,0.01087017887427426,0.04874891008197567,0.0,0.0,0.17290054879151703,8.019574275966645e-05,0.0012399420861913609,0.0018907891020268261,0.7186666666666667,0.0,2.820705664269926,0.0,0.0012597791752314734,0.08624687317362945,0.15720607980457568,0.8834228280135219,0.0010947720434471753,0.055317471919107436,0.1646614949454729,0.957101070189649,0.0005590339667698685,0.05559496799869917,0.1888338381884348,1.095924912599678
amm,0.0,0.9,liquidity,all,0.012072560256020517,0.0020336452966896947,10,0.05741483046666409,0.017830050539559484,10,0.13641366895144819,0.0711826045623978,10,0.0,0.0,10,0.0,0.0,10,22.50718845619895,0.1787124499551162,10,0.003977620711193742,0.00016364658071482723,10,0.03416617530897084,0.0026739998832523383,10,0.2548251671042735,0.002244260134231467,10,3.2,5.094659513211413,10,0.0,0.0,10,6.5,13.77800179029359,10,260.0,0.0,10,0.00860906423362443,0.002032536501316242,10,0.12836250999702642,0.13915130627364486,10,34.82645278967651,0.25363738480033526,10,101.21207845992153,1.4253205477091495,10,0.008409621496716424,0.0021486015870665334,10,0.12690014039458167,0.09542469139401567,10,25.951422904570386,0.1979155888246633,10,101.35834641524738,1.5722100570043211,10,0.00845406169965993,0.0010888010829460469,10,0.12254850535885406,0.08202055540973108,10,19.062954007827507,0.16781367738224687,10,101.66694757875601,1.8575724844663313,10,0.00126046641372395,0.011051179818180734,0.04411943539925298,0.0,0.0,0.1107671240650566,0.00010142920156605816,0.0016573622984439376,0.0013910068424729848,3.1577026810993813,0.0,8.539693983588249,0.0,0.0012597791752314734,0.08624687317362945,0.15720607980457568,0.8834228280135219,0.0013317170606790335,0.05914483648545648,0.12266935284730345,0.9744658891099365,0.0006748459028296148,0.05083686692917187,0.10401199483909024,1.1513353540751852
amm,0.0,0.9,liquidity,circuit_breaker,0.012072560256020517,0.0020336452966896947,10,0.05741483046666409,0.017830050539559484,10,0.13641366895144819,0.0711826045623978,10,0.0,0.0,10,0.0,0.0,10,22.50718845619895,0.1787124499551162,10,0.003977620711193742,0.00016364658071482723,10,0.03416617530897084,0.0026739998832523383,10,0.2548251671042735,0.002244260134231467,10,3.2,5.094659513211413,10,0.0,0.0,10,6.5,13.77800179029359,10,260.0,0.0,10,0.00860906423362443,0.002032536501316242,10,0.12836250999702642,0.13915130627364486,10,34.82645278967651,0.25363738480033526,10,101.21207845992153,1.4253205477091495,10,0.008409621496716424,0.0021486015870665334,10,0.12690014039458167,0.09542469139401567,10,25.951422904570386,0.1979155888246633,10,101.35834641524738,1.5722100570043211,10,0.00845406169965993,0.0010888010829460469,10,0.12254850535885406,0.08202055540973108,10,19.062954007827507,0.16781367738224687,10,101.66694757875601,1.8575724844663313,10,0.00126046641372395,0.011051179818180734,0.04411943539925298,0.0,0.0,0.1107671240650566,0.00010142920156605816,0.0016573622984439376,0.0013910068424729848,3.1577026810993813,0.0,8.539693983588249,0.0,0.0012597791752314734,0.08624687317362945,0.15720607980457568,0.8834228280135219,0.0013317170606790335,0.05914483648545648,0.12266935284730345,0.9744658891099365,0.0006748459028296148,0.05083686692917187,0.10401199483909024,1.1513353540751852
amm,0.0,0.9,liquidity,execution_delay,0.012072560256020517,0.0020336452966896947,10,0.05741483046666409,0.017830050539559484,10,0.13641366895144819,0.0711826045623978,10,0.0,0.0,10,0.0,0.0,10,22.50718845619895,0.1787124499551162,10,0.003977620711193742,0.00016364658071482723,10,0.03416617530897084,0.0026739998832523383,10,0.2548251671042735,0.002244260134231467,10,3.2,5.094659513211413,10,0.0,0.0,10,6.5,13.77800179029359,10,260.0,0.0,10,0.00860906423362443,0.002032536501316242,10,0.12836250999702642,0.13915130627364486,10,34.82645278967651,0.25363738480033526,10,101.21207845992153,1.4253205477091495,10,0.008409621496716424,0.0021486015870665334,10,0.12690014039458167,0.09542469139401567,10,25.951422904570386,0.1979155888246633,10,101.35834641524738,1.5722100570043211,10,0.00845406169965993,0.0010888010829460469,10,0.12254850535885406,0.08202055540973108,10,19.062954007827507,0.16781367738224687,10,101.66694757875601,1.8575724844663313,10,0.00126046641372395,0.011051179818180734,0.04411943539925298,0.0,0.0,0.1107671240650566,0.00010142920156605816,0.0016573622984439376,0.0013910068424729848,3.1577026810993813,0.0,8.539693983588249,0.0,0.0012597791752314734,0.08624687317362945,0.15720607980457568,0.8834228280135219,0.0013317170606790335,0.05914483648545648,0.12266935284730345,0.9744658891099365,0.0006748459028296148,0.05083686692917187,0.10401199483909024,1.1513353540751852
amm,0.0,0.9,liquidity,liquidity_buffer,0.012072560256020517,0.0020336452966896947,10,0.05741483046666409,0.017830050539559484,10,0.13641366895144819,0.0711826045623978,10,0.0,0.0,10,0.0,0.0,10,22.50718845619895,0.1787124499551162,10,0.003977620711193742,0.00016364658071482723,10,0.03416617530897084,0.0026739998832523383,10,0.2548251671042735,0.002244260134231467,10,3.2,5.094659513211413,10,0.0,0.0,10,6.5,13.77800179029359,10,260.0,0.0,10,0.00860906423362443,0.002032536501316242,10,0.12836250999702642,0.13915130627364486,10,34.82645278967651,0.25363738480033526,10,101.21207845992153,1.4253205477091495,10,0.008409621496716424,0.0021486015870665334,10,0.12690014039458167,0.09542469139401567,10,25.951422904570386,0.1979155888246633,10,101.35834641524738,1.5722100570043211,10,0.00845406169965993,0.0010888010829460469,10,0.12254850535885406,0.08202055540973108,10,19.062954007827507,0.16781367738224687,10,101.66694757875601,1.8575724844663313,10,0.00126046641372395,0.011051179818180734,0.04411943539925298,0.0,0.0,0.1107671240650566,0.00010142920156605816,0.0016573622984439376,0.0013910068424729848,3.1577026810993813,0.0,8.539693983588249,0.0,0.0012597791752314734,0.08624687317362945,0.15720607980457568,0.8834228280135219,0.0013317170606790335,0.05914483648545648,0.12266935284730345,0.9744658891099365,0.0006748459028296148,0.05083686692917187,0.10401199483909024,1.1513353540751852
amm,0.0,0.9,liquidity,none,0.012072560256020517,0.0020336452966896947,10,0.05741483046666409,0.017830050539559484,10,0.13641366895144819,0.0711826045623978,10,0.0,0.0,10,0.0,0.0,10,22.50718845619895,0.1787124499551162,10,0.003977620711193742,0.00016364658071482723,10,0.03416617530897084,0.0026739998832523383,10,0.2548251671042735,0.002244260134231467,10,3.2,5.094659513211413,10,0.0,0.0,10,6.5,13.77800179029359,10,260.0,0.0,10,0.00860906423362443,0.002032536501316242,10,0.12836250999702642,0.13915130627364486,10,34.82645278967651,0.25363738480033526,10,101.21207845992153,1.4253205477091495,10,0.008409621496716424,0.0021486015870665334,10,0.12690014039458167,0.09542469139401567,10,25.951422904570386,0.1979155888246633,10,101.35834641524738,1.5722100570043211,10,0.00845406169965993,0.0010888010829460469,10,0.12254850535885406,0.08202055540973108,10,19.062954007827507,0.16781367738224687,10,101.66694757875601,1.8575724844663313,10,0.00126046641372395,0.011051179818180734,0.04411943539925298,0.0,0.0,0.1107671240650566,0.00010142920156605816,0.0016573622984439376,0.0013910068424729848,3.1577026810993813,0.0,8.539693983588249,0.0,0.0012597791752314734,0.08624687317362945,0.15720607980457568,0.8834228280135219,0.0013317170606790335,0.05914483648545648,0.12266935284730345,0.9744658891099365,0.0006748459028296148,0.05083686692917187,0.10401199483909024,1.1513353540751852
amm,0.0,0.9,liquidity,position_limit,0.012072560256020517,0.0020336452966896947,10,0.05741483046666409,0.017830050539559484,10,0.13641366895144819,0.0711826045623978,10,0.0,0.0,10,0.0,0.0,10,22.50718845619895,0.1787124499551162,10,0.003977620711193742,0.00016364658071482723,10,0.03416617530897084,0.0026739998832523383,10,0.2548251671042735,0.002244260134231467,10,3.2,5.094659513211413,10,0.0,0.0,10,6.5,13.77800179029359,10,260.0,0.0,10,0.00860906423362443,0.002032536501316242,10,0.12836250999702642,0.13915130627364486,10,34.82645278967651,0.25363738480033526,10,101.21207845992153,1.4253205477091495,10,0.008409621496716424,0.0021486015870665334,10,0.12690014039458167,0.09542469139401567,10,25.951422904570386,0.1979155888246633,10,101.35834641524738,1.5722100570043211,10,0.00845406169965993,0.0010888010829460469,10,0.12254850535885406,0.08202055540973108,10,19.062954007827507,0.16781367738224687,10,101.66694757875601,1.8575724844663313,10,0.00126046641372395,0.011051179818180734,0.04411943539925298,0.0,0.0,0.1107671240650566,0.00010142920156605816,0.0016573622984439376,0.0013910068424729848,3.1577026810993813,0.0,8.539693983588249,0.0,0.0012597791752314734,0.08624687317362945,0.15720607980457568,0.8834228280135219,0.0013317170606790335,0.05914483648545648,0.12266935284730345,0.9744658891099365,0.0006748459028296148,0.05083686692917187,0.10401199483909024,1.1513353540751852
amm,0.0,0.9,volatility,all,0.01692047340932145,0.0014737033698192378,10,0.07093185223755961,0.018012959238483745,10,0.11251909408442626,0.08434648985930039,10,0.0,0.0,10,0.0,0.0,10,34.82396956943819,0.3632655093017967,10,0.004357330375236903,0.00015290527444580652,10,0.04255493713058642,0.0027221776974741337,10,-0.0004561233274226084,0.005617775909921792,10,3.9,2.3309511649396115,10,0.0,0.0,10,11.3,11.851394667107984,10,0.0,0.0,10,0.00860906423362443,0.002032536501316242,10,0.12836250999702642,0.13915130627364486,10,34.82645278967651,0.25363738480033526,10,101.21207845992153,1.4253205477091495,10,0.014222604660654942,0.0013445527619523133,10,0.10243401438418351,0.09630101642677828,10,34.84235948472058,0.3725787607915915,10,101.32182742854765,2.206784169651074,10,0.008818803532279625,0.0021355612046247896,10,0.11269058852550558,0.09402166746535846,10,34.8055796541558,0.36988313761275965,10,101.1218759719188,2.0952658525949057,10,0.00091341081184247,0.011164547804302628,0.05227849603675413,0.0,0.0,0.225154295335853,9.477167096637022e-05,0.0016872232170672857,0.003481933582916443,1.4447384999830704,0.0,7.345570517136311,0.0,0.0012597791752314734,0.08624687317362945,0.15720607980457568,0.8834228280135219,0.0008333624357597406,0.05968798836799017,0.23092670841327578,1.3677789989781601,0.00132363454790422,0.0582752332451067,0.22925594385738,1.2986592299638062
amm,0.0,0.9,volatility,circuit_breaker,0.01692047340932145,0.0014737033698192378,10,0.07093185223755961,0.018012959238483745,10,0.11251909408442626,0.08434648985930039,10,0.0,0.0,10,0.0,0.0,10,34.82396956943819,0.3632655093017967,10,0.004357330375236903,0.00015290527444580652,10,0.04255493713058642,0.0027221776974741337,10,-0.0004561233274226084,0.005617775909921792,10,3.9,2.3309511649396115,10,0.0,0.0,10,11.3,11.851394667107984,10,0.0,0.0,10,0.00860906423362443,0.002032536501316242,10,0.12836250999702642,0.13915130627364486,10,34.82645278967651,0.25363738480033526,10,101.21207845992153,1.4253205477091495,10,0.014222604660654942,0.0013445527619523133,10,0.10243401438418351,0.09630101642677828,10,34.84235948472058,0.3725787607915915,10,101.32182742854765,2.206784169651074,10,0.008818803532279625,0.0021355612046247896,10,0.11269058852550558,0.09402166746535846,10,34.8055796541558,0.36988313761275965,10,101.1218759719188,2.0952658525949057,10,0.00091341081184247,0.011164547804302628,0.05227849603675413,0.0,0.0,0.225154295335853,9.477167096637022e-05,0.0016872232170672857,0.003481933582916443,1.4447384999830704,0.0,7.345570517136311,0.0,0.0012597791752314734,0.08624687317362945,0.15720607980457568,0.8834228280135219,0.0008333624357597406,0.05968798836799017,0.23092670841327578,1.3677789989781601,0.00132363454790422,0.0582752332451067,0.22925594385738,1.2986592299638062
amm,0.0,0.9,volatility,execution_delay,0.01692047340932145,0.0014737033698192378,10,0.07093185223755961,0.018012959238483745,10,0.11251909408442626,0.08434648985930039,10,0.0,0.0,10,0.0,0.0,10,34.82396956943819,0.3632655093017967,10,0.004357330375236903,0.00015290527444580652,10,0.04255493713058642,0.0027221776974741337,10,-0.0004561233274226084,0.005617775909921792,10,3.9,2.3309511649396115,10,0.0,0.0,10,11.3,11.851394667107984,10,0.0,0.0,10,0.00860906423362443,0.002032536501316242,10,0.12836250999702642,0.13915130627364486,10,34.82645278967651,0.25363738480033526,10,101.21207845992153,1.4253205477091495,10,0.014222604660654942,0.0013445527619523133,10,0.10243401438418351,0.09630101642677828,10,34.84235948472058,0.3725787607915915,10,101.32182742854765,2.206784169651074,10,0.008818803532279625,0.0021355612046247896,10,0.11269058852550558,0.09402166746535846,10,34.8055796541558,0.36988313761275965,10,101.1218759719188,2.0952658525949057,10,0.00091341081184247,0.011164547804302628,0.05227849603675413,0.0,0.0,0.225154295335853,9.477167096637022e-05,0.0016872232170672857,0.003481933582916443,1.4447384999830704,0.0,7.345570517136311,0.0,0.0012597791752314734,0.08624687317362945,0.15720607980457568,0.8834228280135219,0.0008333624357597406,0.05968798836799017,0.23092670841327578,1.3677789989781601,0.00132363454790422,0.0582752332451067,0.22925594385738,1.2986592299638062
amm,0.0,0.9,volatility,liquidity_buffer,0.01692047340932145,0.0014737033698192378,10,0.07093185223755961,0.018012959238483745,10,0.11251909408442626,0.08434648985930039,10,0.0,0.0,10,0.0,0.0,10,34.82396956943819,0.3632655093017967,10,0.004357330375236903,0.00015290527444580652,10,0.04255493713058642,0.0027221776974741337,10,-0.0004561233274226084,0.005617775909921792,10,3.9,2.3309511649396115,10,0.0,0.0,10,11.3,11.851394667107984,10,0.0,0.0,10,0.00860906423362443,0.002032536501316242,10,0.12836250999702642,0.13915130627364486,10,34.82645278967651,0.25363738480033526,10,101.21207845992153,1.4253205477091495,10,0.014222604660654942,0.0013445527619523133,10,0.10243401438418351,0.09630101642677828,10,34.84235948472058,0.3725787607915915,10,101.32182742854765,2.206784169651074,10,0.008818803532279625,0.0021355612046247896,10,0.11269058852550558,0.09402166746535846,10,34.8055796541558,0.36988313761275965,10,101.1218759719188,2.0952658525949057,10,0.00091341081184247,0.011164547804302628,0.05227849603675413,0.0,0.0,0.225154295335853,9.477167096637022e-05,0.0016872232170672857,0.003481933582916443,1.4447384999830704,0.0,7.345570517136311,0.0,0.0012597791752314734,0.08624687317362945,0.15720607980457568,0.8834228280135219,0.0008333624357597406,0.05968798836799017,0.23092670841327578,1.3677789989781601,0.00132363454790422,0.0582752332451067,0.22925594385738,1.2986592299638062
amm,0.0,0.9,volatility,none,0.01692047340932145,0.0014737033698192378,10,0.07093185223755961,0.018012959238483745,10,0.11251909408442626,0.08434648985930039,10,0.0,0.0,10,0.0,0.0,10,34.82396956943819,0.3632655093017967,10,0.004357330375236903,0.00015290527444580652,10,0.04255493713058642,0.0027221776974741337,10,-0.0004561233274226084,0.005617775909921792,10,3.9,2.3309511649396115,10,0.0,0.0,10,11.3,11.851394667107984,10,0.0,0.0,10,0.00860906423362443,0.002032536501316242,10,0.12836250999702642,0.13915130627364486,10,34.82645278967651,0.25363738480033526,10,101.21207845992153,1.4253205477091495,10,0.014222604660654942,0.0013445527619523133,10,0.10243401438418351,0.09630101642677828,10,34.84235948472058,0.3725787607915915,10,101.32182742854765,2.206784169651074,10,0.008818803532279625,0.0021355612046247896,10,0.11269058852550558,0.09402166746535846,10,34.8055796541558,0.36988313761275965,10,101.1218759719188,2.0952658525949057,10,0.00091341081184247,0.011164547804302628,0.05227849603675413,0.0,0.0,0.225154295335853,9.477167096637022e-05,0.0016872232170672857,0.003481933582916443,1.4447384999830704,0.0,7.345570517136311,0.0,0.0012597791752314734,0.08624687317362945,0.15720607980457568,0.8834228280135219,0.0008333624357597406,0.05968798836799017,0.23092670841327578,1.3677789989781601,0.00132363454790422,0.0582752332451067,0.22925594385738,1.2986592299638062
amm,0.0,0.9,volatility,position_limit,0.01692047340932145,0.0014737033698192378,10,0.07093185223755961,0.018012959238483745,10,0.11251909408442626,0.08434648985930039,10,0.0,0.0,10,0.0,0.0,10,34.82396956943819,0.3632655093017967,10,0.004357330375236903,0.00015290527444580652,10,0.04255493713058642,0.0027221776974741337,10,-0.0004561233274226084,0.005617775909921792,10,3.9,2.3309511649396115,10,0.0,0.0,10,11.3,11.851394667107984,10,0.0,0.0,10,0.00860906423362443,0.002032536501316242,10,0.12836250999702642,0.13915130627364486,10,34.82645278967651,0.25363738480033526,10,101.21207845992153,1.4253205477091495,10,0.014222604660654942,0.0013445527619523133,10,0.10243401438418351,0.09630101642677828,10,34.84235948472058,0.3725787607915915,10,101.32182742854765,2.206784169651074,10,0.008818803532279625,0.0021355612046247896,10,0.11269058852550558,0.09402166746535846,10,34.8055796541558,0.36988313761275965,10,101.1218759719188,2.0952658525949057,10,0.00091341081184247,0.011164547804302628,0.05227849603675413,0.0,0.0,0.225154295335853,9.477167096637022e-05,0.0016872232170672857,0.003481933582916443,1.4447384999830704,0.0,7.345570517136311,0.0,0.0012597791752314734,0.08624687317362945,0.15720607980457568,0.8834228280135219,0.0008333624357597406,0.05968798836799017,0.23092670841327578,1.3677789989781601,0.00132363454790422,0.0582752332451067,0.22925594385738,1.2986592299638062
amm,0.25,0.0,fundamental,all,0.016926021446811365,0.0010730243279842796,10,0.11109974536379874,0.014658300757386522,10,0.04253698156010802,0.04408603215623147,10,0.5878610351636667,0.07755762665938241,10,0.8969077903529123,0.0762919302549424,10,34.02438116027462,0.3709287645834276,10,0.004400004639440177,9.887901100738444e-05,10,0.045463901523712553,0.002955973420832737,10,0.011558153526846516,0.004586909278745836,10,1.6,1.7126976771553506,10,0.0,0.0,10,9.0,5.962847939999439,10,0.0,0.0,10,0.008954484850254227,0.0019318823964723738,10,0.09598132890514173,0.12951678828787702,10,34.649497551446025,0.2767364819628724,10,100.11117651553516,1.6669011432178886,10,0.013881033185783298,0.0012774494234842723,10,0.08204107735387224,0.07699875079603129,10,34.25119502357321,0.378656298437519,10,97.78937033940134,2.231469705728941,10,0.008111801932384033,0.0011751351135075758,10,0.08068300177041131,0.06747274723603182,10,33.79756729697604,0.36977981103386703,10,95.40884892652669,2.102914956167245,10,0.0006650673687955675,0.009085308936138075,0.02732480582417065,0.04807071503148633,0.04728622827248037,0.22990403016818167,6.128584596336623e-05,0.0018321313076991698,0.002842995825313814,1.0615410182057654,0.0,3.695811443001688,0.0,0.0011973931147096792,0.08027533705902418,0.1715230485542971,1.0331560323937838,0.0007917713556803408,0.04772432018261974,0.23469360527247937,1.383079252754751,0.0007283562893563902,0.04182004200591947,0.22919190138028173,1.3034001934758424
amm,0.25,0.0,fundamental,circuit_breaker,0.016472556526943592,0.0013594220847207052,10,0.09836641043927044,0.021663640968158402,10,0.029509719220076402,0.07703112781624961,10,0.48753134877387244,0.05790786729470638,10,0.7013333333333334,0.054505634548465375,10,34.10647135961662,0.41492841862216895,10,0.0043814138346997145,0.00013391123757910316,10,0.05238789628546971,0.0035581358048786954,10,0.010827866651293306,0.0035923003200824624,10,2.1,1.1005049346146119,10,0.0,0.0,10,9.3,3.0568684048294332,10,0.0,0.0,10,0.007309254737279376,0.0012820072011845557,10,0.080753947189983,0.06986689955555496,10,34.67164795138369,0.2880124188118738,10,99.79051360904907,1.620598355573748,10,0.013451944277022437,0.0008416748393501014,10,0.09519875097354118,0.09547499047470431,10,34.28656415190495,0.39342921693854727,10,97.59793275961385,2.205386413096097,10,0.008125183711802337,0.0015102891960288804,10,0.09174064109049367,0.09259794102897324,10,33.9263785673283,0.4441951786527715,10,95.8073700242752,2.5014265174065953,10,0.000842578537493355,0.013427263782817094,0.04774438766765663,0.03589166799843284,0.033782942295239114,0.25717529828046415,8.299904494821206e-05,0.002205355420052174,0.0022265308059592477,0.6821000252488226,0.0,1.8946666666666665,0.0,0.0007945962955662582,0.043303952987352866,0.17851194662053013,1.004457267283549,0.0005216754701541165,0.05917601217865746,0.24384995502213214,1.3669126604898416,0.0009360869418591748,0.05739279845752817,0.2753150240807996,1.5504002181313425
amm,0.25,0.0,fundamental,execution_delay,0.01692582469475329,0.0010735877109059803,10,0.11104465945707824,0.014640041072692206,10,0.04254533873129433,0.04412096848439787,10,0.5744248941430536,0.055260622222737414,10,0.8969077903529123,0.0762919302549424,10,34.05428804941245,0.3715420999923457,10,0.004399932533889724,9.89338002802563e-05,10,0.04547961909130464,0.0029620462366328855,10,0.01156380968333286,0.004586624454129643,10,1.6,1.7126976771553506,10,0.0,0.0,10,9.0,5.962847939999439,10,0.0,0.0,10,0.00895450299542756,0.0019314583152811465,10,0.09597169388412072,0.1295304854126505,10,34.6802506502311,0.27804107676639506,10,100.11129758397308,1.666932182744151,10,0.013880331030615423,0.0012778913509365003,10,0.08205103073391509,0.07701000520330677,10,34.28138209895831,0.37937128307753315,10,97.78948561437672,2.231496031046121,10,0.00811190836551493,0.0011751235547240312,10,0.08071682147695732,0.06747682937174534,10,33.82719399986658,0.37029171302123987,10,95.40889621894846,2.1029628196465406,10,0.0006654165571481407,0.009073991466311927,0.027346459584708084,0.03425088850382549,0.04728622827248037,0.23028417939309684,6.131980470651566e-05,0.0018358952779280386,0.0028428192891877266,1.0615410182057654,0.0,3.695811443001688,0.0,0.0011971302664641646,0.0802838266249134,0.17233164479083637,1.0331752708914783,0.0007920452651530215,0.047731295736518055,0.23513675734355746,1.3830955693553841,0.0007283491251481257,0.04182257213984771,0.2295091815191793,1.3034298595676599
amm,0.25,0.0,fundamental,liquidity_buffer,0.016472556526943592,0.0013594220847207052,10,0.09836641043927044,0.021663640968158402,10,0.029509719220076402,0.07703112781624961,10,0.48753134877387244,0.05790786729470638,10,0.7013333333333334,0.054505634548465375,10,34.10647135961662,0.41492841862216895,10,0.0043814138346997145,0.00013391123757910316,10,0.05238789628546971,0.0035581358048786954,10,0.010827866651293306,0.0035923003200824624,10,2.1,1.1005049346146119,10,0.0,0.0,10,9.3,3.0568684048294332,10,0.0,0.0,10,0.007309254737279376,0.0012820072011845557,10,0.080753947189983,0.06986689955555496,10,34.67164795138369,0.2880124188118738,10,99.79051360904907,1.620598355573748,10,0.013451944277022437,0.0008416748393501014,10,0.09519875097354118,0.09547499047470431,10,34.28656415190495,0.39342921693854727,10,97.59793275961385,2.205386413096097,10,0.008125183711802337,0.0015102891960288804,10,0.09174064109049367,0.09259794102897324,10,33.9263785673283,0.4441951786527715,10,95.8073700242752,2.5014265174065953,10,0.000842578537493355,0.013427263782817094,0.04774438766765663,0.03589166799843284,0.033782942295239114,0.25717529828046415,8.299904494821206e-05,0.002205355420052174,0.0022265308059592477,0.6821000252488226,0.0,1.8946666666666665,0.0,0.0007945962955662582,0.043303952987352866,0.17851194662053013,1.004457267283549,0.0005216754701541165,0.05917601217865746,0.24384995502213214,1.3669126604898416,0.0009360869418591748,0.05739279845752817,0.2753150240807996,1.5504002181313425
amm,0.25,0.0,fundamental,none,0.016472556526943592,0.0013594220847207052,10,0.09836641043927044,0.021663640968158402,10,0.029509719220076402,0.07703112781624961,10,0.48753134877387244,0.05790786729470638,10,0.7013333333333334,0.054505634548465375,10,34.10647135961662,0.41492841862216895,10,0.0043814138346997145,0.00013391123757910316,10,0.05238789628546971,0.0035581358048786954,10,0.010827866651293306,0.0035923003200824624,10,2.1,1.1005049346146119,10,0.0,0.0,10,9.3,3.0568684048294332,10,0.0,0.0,10,0.007309254737279376,0.0012820072011845557,10,0.080753947189983,0.06986689955555496,10,34.67164795138369,0.2880124188118738,10,99.79051360904907,1.620598355573748,10,0.013451944277022437,0.0008416748393501014,10,0.09519875097354118,0.09547499047470431,10,34.28656415190495,0.39342921693854727,10,97.59793275961385,2.205386413096097,10,0.008125183711802337,0.0015102891960288804,10,0.09174064109049367,0.09259794102897324,10,33.9263785673283,0.4441951786527715,10,95.8073700242752,2.5014265174065953,10,0.000842578537493355,0.013427263782817094,0.04774438766765663,0.03589166799843284,0.033782942295239114,0.25717529828046415,8.299904494821206e-05,0.002205355420052174,0.0022265308059592477,0.6821000252488226,0.0,1.8946666666666665,0.0,0.0007945962955662582,0.043303952987352866,0.17851194662053013,1.004457267283549,0.0005216754701541165,0.05917601217865746,0.24384995502213214,1.3669126604898416,0.0009360869418591748,0.05739279845752817,0.2753150240807996,1.5504002181313425
amm,0.25,0.0,fundamental,position_limit,0.016471182918396464,0.0013595569473316008,10,0.09838207096674088,0.02169428505669699,10,0.029355192591653624,0.07716445044543796,10,0.47967633974483287,0.040553554871552745,10,0.7013333333333334,0.054505634548465375,10,34.05909292017215,0.41478976466539313,10,0.004381528061708441,0.00013394719476874387,10,0.052361753299184764,0.0035642220485170234,10,0.010816898943307219,0.003596472210427351,10,2.1,1.1005049346146119,10,0.0,0.0,10,9.3,3.0568684048294332,10,0.0,0.0,10,0.007308103748759597,0.0012809065570692111,10,0.08139332529759419,0.07039796339902431,10,34.622977439099294,0.28848233661672334,10,99.79001709723454,1.6202929798097527,10,0.013448923612830264,0.0008421151601687289,10,0.09494538968021608,0.09570813575608672,10,34.238831904833184,0.39359372239999,10,97.59790984908838,2.2055483773871774,10,0.008126103294183685,0.0015112124413833737,10,0.09172097032313296,0.09262845079606383,10,33.87935393551111,0.4437626480609045,10,95.80725803274444,2.501484763635227,10,0.000842662126205594,0.013446257185671048,0.04782702188934456,0.025135353719701863,0.033782942295239114,0.2570893596677029,8.302133144524662e-05,0.002209127712941372,0.002229116570384357,0.6821000252488226,0.0,1.8946666666666665,0.0,0.0007939141092758993,0.04363310976770481,0.17880320469350275,1.004267993424087,0.0005219483838249748,0.05932051712117575,0.24395191656348858,1.3670130469974893,0.000936659175258411,0.057411708607086116,0.2750469388425115,1.5504363195178703
amm,0.25,0.0,liquidity,all,0.011558737494728601,0.0012788548298157466,10,0.07361153022865827,0.015082932677773908,10,0.09317052157933407,0.06436987056303634,10,0.63187166584773,0.08687504159534208,10,0.6254305388573124,0.06608080966016722,10,22.338092233239706,0.24424856469722905,10,0.003953677223546852,0.00010997378538118168,10,0.037643771133010304,0.002998089260111691,10,0.25597029454109155,0.003414781438002554,10,1.1,1.286683937707919,10,0.0,0.0,10,10.6,15.564917817536548,10,260.0,0.0,10,0.008954484850254227,0.0019318823964723738,10,0.09598132890514173,0.12951678828787702,10,34.649497551446025,0.2767364819628724,10,100.11117651553516,1.6669011432178886,10,0.007896505224598411,0.0013288071504665043,10,0.0940969441995248,0.07760036041165086,10,25.781884000442794,0.2830660202422845,10,99.89938633451604,2.2730262191409807,10,0.00822620711403505,0.001391256995060537,10,0.07979262791070388,0.06492375370445647,10,18.89430046603661,0.21028246050987473,10,99.71403469294461,2.211919271939129,10,0.000792642435549255,0.00934849852712262,0.03989685911920631,0.0538457086395772,0.040957310158220385,0.15138682881536675,6.816245836415229e-05,0.0018582349753266214,0.0021165034629276134,0.7974949668946019,0.0,9.647236011763507,0.0,0.0011973931147096792,0.08027533705902418,0.1715230485542971,1.0331560323937838,0.0008236032046520768,0.048097201685552524,0.1754461370243295,1.4088362466182374,0.0008623100193464533,0.04024015944695984,0.1303344193303408,1.3709617683508066
amm,0.25,0.0,liquidity,circuit_breaker,0.011558669880816873,0.0017451889513589625,10,0.059232628204728154,0.022569291911902458,10,0.07057317427886986,0.07854045391045204,10,0.4463371098283312,0.03593597366631679,10,0.568,0.09047474239999623,10,22.38199700518222,0.26853096801427045,10,0.003967897696413632,0.0001617785475448664,10,0.046346537025554344,0.004723508089391588,10,0.2555716150854054,0.00263866241756965,10,1.5,1.35400640077266,10,0.0,0.0,10,4.3,4.691600058733812,10,260.0,0.0,10,0.007309254737279376,0.0012820072011845557,10,0.080753947189983,0.06986689955555496,10,34.67164795138369,0.2880124188118738,10,99.79051360904907,1.620598355573748,10,0.0076475029303316846,0.0010351762466805938,10,0.09945093917581191,0.0984015516066276,10,25.80327580166706,0.29439267839697386,10,99.67707837045653,2.2470510784522317,10,0.008477109547289417,0.001688875449130917,10,0.0634573494760293,0.09072514803175658,10,18.96071820869738,0.247225608400413,10,100.05080333796991,2.6058135378869545,10,0.0010816793185964048,0.013988592053290293,0.04867987767281932,0.02227334723739298,0.05607682631339539,0.16643721831812372,0.00010027138261194132,0.002927660645306698,0.0016354599102980526,0.8392218618061217,0.0,2.9078838430110032,0.0,0.0007945962955662582,0.043303952987352866,0.17851194662053013,1.004457267283549,0.0006416088849661386,0.06098991356082269,0.1824664724815294,1.392736687622764,0.001046775848304333,0.05623202933191343,0.15323201961936775,1.6150999637351517
amm,0.25,0.0,liquidity,execution_delay,0.01155893834780406,0.0012812547636321294,10,0.07355302394241264,0.01506792022920286,10,0.0933564124078241,0.0644295070412595,10,0.5997228697667744,0.07754439936391982,10,0.6254305388573124,0.06608080966016722,10,22.357797496259504,0.24463924911574647,10,0.003953555034158491,0.000110311136816771,10,0.03766057526965239,0.0030183396570867167,10,0.25597223709054207,0.003414583025616056,10,1.1,1.286683937707919,10,0.0,0.0,10,10.6,15.564917817536548,10,260.0,0.0,10,0.00895450299542756,0.0019314583152811465,10,0.09597169388412072,0.1295304854126505,10,34.6802506502311,0.27804107676639506,10,100.11129758397308,1.666932182744151,10,0.007895431713412653,0.0013293839748764534,10,0.09414324337011044,0.07760407370377692,10,25.804686988362807,0.283604865072256,10,99.89952120040574,2.2730523675318706,10,0.008227470371929156,0.0013919836744933512,10,0.08015342532507852,0.06487132913124335,10,18.910908004156205,0.21052673630783458,10,99.7143013085379,2.212077832266207,10,0.0007941299299395672,0.009339193715097453,0.0399338221913583,0.04806251666882095,0.040957310158220385,0.151628977526702,6.837155095019669e-05,0.0018707863014074998,0.0021163804856563777,0.7974949668946019,0.0,9.647236011763507,0.0,0.0011971302664641646,0.0802838266249134,0.17233164479083637,1.0331752708914783,0.0008239607241253796,0.04809950320785677,0.17578011651008027,1.40885245355882,0.0008627604199252059,0.04020766635984356,0.1304858230385072,1.3710600450597077
amm,0.25,0.0,liquidity,liquidity_buffer,0.011558669880816873,0.0017451889513589625,10,0.059232628204728154,0.022569291911902458,10,0.07057317427886986,0.07854045391045204,10,0.4463371098283312,0.03593597366631679,10,0.568,0.09047474239999623,10,22.38199700518222,0.26853096801427045,10,0.003967897696413632,0.0001617785475448664,10,0.046346537025554344,0.004723508089391588,10,0.2555716150854054,0.00263866241756965,10,1.5,1.35400640077266,10,0.0,0.0,10,4.3,4.691600058733812,10,260.0,0.0,10,0.007309254737279376,0.0012820072011845557,10,0.080753947189983,0.06986689955555496,10,34.67164795138369,0.2880124188118738,10,99.79051360904907,1.620598355573748,10,0.0076475029303316846,0.0010351762466805938,10,0.09945093917581191,0.0984015516066276,10,25.80327580166706,0.29439267839697386,10,99.67707837045653,2.2470510784522317,10,0.008477109547289417,0.001688875449130917,10,0.0634573494760293,0.09072514803175658,10,18.96071820869738,0.247225608400413,10,100.05080333796991,2.6058135378869545,10,0.0010816793185964048,0.013988592053290293,0.04867987767281932,0.02227334723739298,0.05607682631339539,0.16643721831812372,0.00010027138261194132,0.002927660645306698,0.0016354599102980526,0.8392218618061217,0.0,2.9078838430110032,0.0,0.0007945962955662582,0.043303952987352866,0.17851194662053013,1.004457267283549,0.0006416088849661386,0.06098991356082269,0.1824664724815294,1.392736687622764,0.001046775848304333,0.05623202933191343,0.15323201961936775,1.6150999637351517
amm,0.25,0.0,liquidity,none,0.011558669880816873,0.0017451889513589625,10,0.059232628204728154,0.022569291911902458,10,0.07057317427886986,0.07854045391045204,10,0.4463371098283312,0.03593597366631679,10,0.568,0.09047474239999623,10,22.38199700518222,0.26853096801427045,10,0.003967897696413632,0.0001617785475448664,10,0.046346537025554344,0.004723508089391588,10,0.2555716150854054,0.00263866241756965,10,1.5,1.35400640077266,10,0.0,0.0,10,4.3,4.691600058733812,10,260.0,0.0,10,0.007309254737279376,0.0012820072011845557,10,0.080753947189983,0.06986689955555496,10,34.67164795138369,0.2880124188118738,10,99.79051360904907,1.620598355573748,10,0.0076475029303316846,0.0010351762466805938,10,0.09945093917581191,0.0984015516066276,10,25.80327580166706,0.29439267839697386,10,99.67707837045653,2.2470510784522317,10,0.008477109547289417,0.001688875449130917,10,0.0634573494760293,0.09072514803175658,10,18.96071820869738,0.247225608400413,10,100.05080333796991,2.6058135378869545,10,0.0010816793185964048,0.013988592053290293,0.04867987767281932,0.02227334723739298,0.05607682631339539,0.16643721831812372,0.00010027138261194132,0.002927660645306698,0.0016354599102980526,0.8392218618061217,0.0,2.9078838430110032,0.0,0.0007945962955662582,0.043303952987352866,0.17851194662053013,1.004457267283549,0.0006416088849661386,0.06098991356082269,0.1824664724815294,1.392736687622764,0.001046775848304333,0.05623202933191343,0.15323201961936775,1.6150999637351517
amm,0.25,0.0,liquidity,position_limit,0.01155131902998695,0.001756403105114757,10,0.05925674516254316,0.022602165024632512,10,0.06959030440184083,0.07868993909964131,10,0.470866714375686,0.05277942998439593,10,0.5653333333333334,0.0915598704484842,10,22.350868293818742,0.26845198629376454,10,0.003967816636593021,0.00016239672730029893,10,0.04632616579268785,0.004754809848229091,10,0.2555649806726733,0.0026383477613340597,10,1.5,1.35400640077266,10,0.0,0.0,10,4.3,4.691600058733812,10,260.0,0.0,10,0.007308103748759597,0.0012809065570692111,10,0.08139332529759419,0.07039796339902431,10,34.622977439099294,0.28848233661672334,10,99.79001709723454,1.6202929798097527,10,0.007649494016382988,0.0010314031309666392,10,0.09919380164169786,0.09827977586636666,10,25.767297909011738,0.2945169249499789,10,99.67740795462866,2.2471063289524307,10,0.008469472169148366,0.0017040366390267368,10,0.06162685084304379,0.09008269075674033,10,18.93443867862574,0.24695379535240333,10,100.05090632414576,2.6057822511585425,10,0.0010886299231047348,0.014008967019651557,0.04877252955298197,0.032713029621790964,0.0567493956458819,0.1663882649405815,0.00010065453439393355,0.002947061676435077,0.0016352648843427024,0.8392218618061217,0.0,2.9078838430110032,0.0,0.0007939141092758993,0.04363310976770481,0.17880320469350275,1.004267993424087,0.0006392702836179706,0.06091443617503907,0.18254348129291786,1.3927709322375725,0.001056172851157721,0.05583383018738771,0.15306354814679296,1.6150805720199777
amm,0.25,0.0,volatility,all,0.016574515795036594,0.0018029814196820525,10,0.07357822020189275,0.017508336321769492,10,0.13483392562876756,0.14271246103055124,10,0.5746528562755743,0.060946906768576094,10,0.8020256604815428,0.08188539915267981,10,34.6012727056032,0.3860387999863543,10,0.004327076996381658,0.00014850651694473023,10,0.04780714572708741,0.0038426395408909936,10,0.0011990685409650425,0.005363186300331535,10,4.4,5.541760650832108,10,0.0,0.0,10,8.9,17.552777557982097,10,0.0,0.0,10,0.008954484850254227,0.0019318823964723738,10,0.09598132890514173,0.12951678828787702,10,34.649497551446025,0.2767364819628724,10,100.11117651553516,1.6669011432178886,10,0.01428889898790214,0.0017558350064486763,10,0.14664575968971255,0.17033799999153995,10,34.60999317766507,0.37790099146047046,10,99.8924371613833,2.237767103988006,10,0.008084525991599445,0.0019204765056519584,10,0.10204963001934855,0.08279993483367598,10,34.59255223354133,0.4046324376425458,10,99.8060373118967,2.3608874762584398,10,0.0011174994615712078,0.01085177928014107,0.08845409975953426,0.0377752841792041,0.05075309621316006,0.23926932713839125,9.20452928210525e-05,0.0023816926625428963,0.0033241373080724643,3.4348188372088044,0.0,10.879324243720285,0.0,0.0011973931147096792,0.08027533705902418,0.1715230485542971,1.0331560323937838,0.001088277811903513,0.10557658620199763,0.23422546115798173,1.3869824206337886,0.0011903236703374783,0.05131993130083451,0.2507937831547535,1.4632932179713003
amm,0.25,0.0,volatility,circuit_breaker,0.015360973658933704,0.0013779748849979325,10,0.06460667826019141,0.013354919189679598,10,0.08420665289737277,0.048917796724806346,10,0.4776900349180768,0.04182552706985218,10,0.6746666666666666,0.07728734264634365,10,34.72163246805884,0.41674650660392765,10,0.004260860540830085,0.00011857474786440846,10,0.057020982693390364,0.005491142304025256,10,-0.0008347266251427677,0.004520302077806151,10,5.6,9.92415683516181,10,0.0,0.0,10,10.9,11.130039432894108,10,0.0,0.0,10,0.007309254737279376,0.0012820072011845557,10,0.080753947189983,0.06986689955555496,10,34.67164795138369,0.2880124188118738,10,99.79051360904907,1.620598355573748,10,0.012820953074273764,0.0016092054668279377,10,0.07401698818234613,0.05102939886008176,10,34.690399434363535,0.3679647004526309,10,99.93628018260146,2.1065923681440086,10,0.008097063605626521,0.0017973034534573772,10,0.08968757461424995,0.08640493961822067,10,34.75286550175415,0.5035219866103301,10,100.31879081861635,2.9874002117719636,10,0.0008540776822400024,0.008277464670948045,0.030319564530432552,0.025923730256041225,0.04790319126460504,0.2583021608862156,7.349339014141654e-05,0.00340344526081762,0.002801712254460383,6.151056133344545,0.0,6.898469910865098,0.0,0.0007945962955662582,0.043303952987352866,0.17851194662053013,1.004457267283549,0.0009973958816806797,0.03162834909330343,0.22806688418649324,1.3056794770331481,0.0011139802216447014,0.053554336415447795,0.3120861606136439,1.851609834527078
amm,0.25,0.0,volatility,execution_delay,0.01657580183047671,0.001801571569798328,10,0.07353681063180684,0.017466525827407903,10,0.13487914429694917,0.14269159781392707,10,0.5736528025889387,0.06444476651269442,10,0.8020256604815428,0.08188539915267981,10,34.63184570255975,0.38705940692242274,10,0.004327516161125921,0.000147963001292993,10,0.04782698123352964,0.0038502416852108433,10,0.001201079866195831,0.005363083361151946,10,4.4,5.541760650832108,10,0.0,0.0,10,8.9,17.552777557982097,10,0.0,0.0,10,0.00895450299542756,0.0019314583152811465,10,0.09597169388412072,0.1295304854126505,10,34.6802506502311,0.27804107676639506,10,100.11129758397308,1.666932182744151,10,0.0142885504291974,0.0017560735717484738,10,0.14665075483642193,0.17033149352199997,10,34.64062643994551,0.37877829767078847,10,99.89248495513202,2.2377883196753765,10,0.008088733505479714,0.00191764733599207,10,0.10218701492561444,0.08267617100339159,10,34.62306496517399,0.40578097766629795,10,99.80595730875801,2.361053907871025,10,0.001116625627560075,0.010825864867254141,0.08844116860389968,0.039943280109740714,0.05075309621316006,0.23990190587108468,9.170841832997817e-05,0.0023864045204086953,0.0033240735057079424,3.4348188372088044,0.0,10.879324243720285,0.0,0.0011971302664641646,0.0802838266249134,0.17233164479083637,1.0331752708914783,0.0010884256762082492,0.10557255345039616,0.23476922118066476,1.386995570253055,0.0011885701328150694,0.05124322168408804,0.2515056556367019,1.4633963733535034
amm,0.25,0.0,volatility,liquidity_buffer,0.015360973658933704,0.0013779748849979325,10,0.06460667826019141,0.013354919189679598,10,0.08420665289737277,0.048917796724806346,10,0.4776900349180768,0.04182552706985218,10,0.6746666666666666,0.07728734264634365,10,34.72163246805884,0.41674650660392765,10,0.004260860540830085,0.00011857474786440846,10,0.057020982693390364,0.005491142304025256,10,-0.0008347266251427677,0.004520302077806151,10,5.6,9.92415683516181,10,0.0,0.0,10,10.9,11.130039432894108,10,0.0,0.0,10,0.007309254737279376,0.0012820072011845557,10,0.080753947189983,0.06986689955555496,10,34.67164795138369,0.2880124188118738,10,99.79051360904907,1.620598355573748,10,0.012820953074273764,0.0016092054668279377,10,0.07401698818234613,0.05102939886008176,10,34.690399434363535,0.3679647004526309,10,99.93628018260146,2.1065923681440086,10,0.008097063605626521,0.0017973034534573772,10,0.08968757461424995,0.08640493961822067,10,34.75286550175415,0.5035219866103301,10,100.31879081861635,2.9874002117719636,10,0.0008540776822400024,0.008277464670948045,0.030319564530432552,0.025923730256041225,0.04790319126460504,0.2583021608862156,7.349339014141654e-05,0.00340344526081762,0.002801712254460383,6.151056133344545,0.0,6.898469910865098,0.0,0.0007945962955662582,0.043303952987352866,0.17851194662053013,1.004457267283549,0.0009973958816806797,0.03162834909330343,0.22806688418649324,1.3056794770331481,0.0011139802216447014,0.053554336415447795,0.3120861606136439,1.851609834527078
amm,0.25,0.0,volatility,none,0.015360973658933704,0.0013779748849979325,10,0.06460667826019141,0.013354919189679598,10,0.08420665289737277,0.048917796724806346,10,0.4776900349180768,0.04182552706985218,10,0.6746666666666666,0.07728734264634365,10,34.72163246805884,0.41674650660392765,10,0.004260860540830085,0.00011857474786440846,10,0.057020982693390364,0.005491142304025256,10,-0.0008347266251427677,0.004520302077806151,10,5.6,9.92415683516181,10,0.0,0.0,10,10.9,11.130039432894108,10,0.0,0.0,10,0.007309254737279376,0.0012820072011845557,10,0.080753947189983,0.06986689955555496,10,34.67164795138369,0.2880124188118738,10,99.79051360904907,1.620598355573748,10,0.012820953074273764,0.0016092054668279377,10,0.07401698818234613,0.05102939886008176,10,34.690399434363535,0.3679647004526309,10,99.93628018260146,2.1065923681440086,10,0.008097063605626521,0.0017973034534573772,10,0.08968757461424995,0.08640493961822067,10,34.75286550175415,0.5035219866103301,10,100.31879081861635,2.9874002117719636,10,0.0008540776822400024,0.008277464670948045,0.030319564530432552,0.025923730256041225,0.04790319126460504,0.2583021608862156,7.349339014141654e-05,0.00340344526081762,0.002801712254460383,6.151056133344545,0.0,6.898469910865098,0.0,0.0007945962955662582,0.043303952987352866,0.17851194662053013,1.004457267283549,0.0009973958816806797,0.03162834909330343,0.22806688418649324,1.3056794770331481,0.0011139802216447014,0.053554336415447795,0.3120861606136439,1.851609834527078
amm,0.25,0.0,volatility,position_limit,0.015358004441001447,0.0013747627792725994,10,0.0646079078952302,0.013358748174596225,10,0.08429037608893508,0.04954781279194944,10,0.4626515253435956,0.04849968755603976,10,0.6746666666666666,0.07728734264634365,10,34.67328167508411,0.41510340774587173,10,0.0042601079700650985,0.00011846887180966896,10,0.05695955606954785,0.0054944710041646,10,-0.0008417201904571625,0.004519532361591956,10,5.4,9.430447143870397,10,0.0,0.0,10,10.9,11.130039432894108,10,0.0,0.0,10,0.007308103748759597,0.0012809065570692111,10,0.08139332529759419,0.07039796339902431,10,34.622977439099294,0.28848233661672334,10,99.79001709723454,1.6202929798097527,10,0.012821011937523283,0.0016093416461398853,10,0.07381688255405533,0.05083647799624437,10,34.64195315692301,0.3671455984443262,10,99.93619370431556,2.106551906092833,10,0.008088438713473336,0.0018022100632047093,10,0.09163073898615437,0.09061691382524407,10,34.704610193245216,0.5012905736217061,10,100.3186727749117,2.98751822314212,10,0.0008520867984852477,0.008279837900386788,0.030710052534428604,0.030060417782787733,0.04790319126460504,0.25728375766300904,7.342776748281725e-05,0.0034055084105388766,0.0028012351794081745,5.84505169637817,0.0,6.898469910865098,0.0,0.0007939141092758993,0.04363310976770481,0.17880320469350275,1.004267993424087,0.0009974802864926857,0.031508775503076326,0.22755919950197007,1.3056543983940065,0.0011170213698733673,0.056164945075702605,0.31070311651451504,1.8516829787320983
amm,0.25,0.5,fundamental,all,0.017040721775641095,0.0010354453874603618,10,0.11132875352307206,0.01483448101506277,10,0.03893292511276705,0.03653960979643155,10,0.5809261829919724,0.07741048715101342,10,1.0,0.0,10,34.021316664024404,0.3719190030490716,10,0.004433184484597371,9.58198100773211e-05,10,0.05636925771560995,0.0035451846283356655,10,0.011570647223534902,0.004594005642028539,10,3.8,4.1041983924323695,10,0.0,0.0,10,9.0,5.9066817155564495,10,0.0,0.0,10,0.00899214416425531,0.001923761687925701,10,0.08908420012259796,0.13308097797661844,10,34.64691167076323,0.277231083121931,10,100.11316680595687,1.668120412348653,10,0.013951715752101754,0.0012564179854780834,10,0.07521067066897953,0.08792901850654872,10,34.24843026377961,0.37936183953958047,10,97.78992306040924,2.2308547929366522,10,0.008218296896461596,0.0010843357510205574,10,0.07701496435944469,0.04706067811651477,10,33.7942030642692,0.3710332507053515,10,95.40662128118399,2.104718861854244,10,0.0006417757001496975,0.009194506591168487,0.022647484787022932,0.04797951701935862,0.0,0.23051778632789816,5.938973358258153e-05,0.0021973281976662095,0.0028473941968449705,2.5438085183004198,0.0,3.6609992564265226,0.0,0.0011923598474061904,0.08248444471516883,0.17182960552871002,1.033911743230438,0.000778735935352976,0.05449897029714303,0.23513090417809374,1.3826981258574935,0.0006720782614285453,0.029168510491724996,0.22996879133749654,1.3045182658042318
amm,0.25,0.5,fundamental,circuit_breaker,0.017252343605293572,0.001311811254259428,10,0.09864737191008756,0.021698974213921824,10,0.0024540403310411444,0.06998643607361034,10,0.46902663533098315,0.05846172187328779,10,1.0,0.0,10,34.10593340817297,0.41774223141640504,10,0.004501649369809112,0.00012846676147770453,10,0.08831146072170802,0.005546757406086122,10,0.010829111189052254,0.0035969071103661063,10,3.3,2.9458068127047605,10,0.0,0.0,10,8.5,2.068278940998476,10,0.0,0.0,10,0.00785049689855712,0.0012546672571264348,10,0.02781310493027253,0.03942054211562334,10,34.67056767434824,0.2906832339828414,10,99.79004504111381,1.618175612834587,10,0.014014082364167369,0.0007858145970307374,10,0.06270603168144387,0.09453704125747506,10,34.28548820875441,0.396423780983096,10,97.59671013461005,2.206139440054811,10,0.008707102130684338,0.0015911437361532984,10,0.04446354841174486,0.08217290041431803,10,33.92637860759153,0.446793546891795,10,95.81110782484667,2.5046060959245273,10,0.0008130690390456019,0.013449163555429921,0.04337804248883455,0.036234950622755516,0.0,0.25891931751892944,7.962452369944446e-05,0.003437915858201371,0.0022293861241590614,1.825829978697664,0.0,1.2819325688627738,0.0,0.0007776508226785094,0.024433105138056636,0.18016733501384968,1.0029556357764338,0.00048705293326400554,0.05859466523087823,0.24570600504621606,1.3673793914343344,0.0009862011050270673,0.05093129134128202,0.27692550940049004,1.5523709413140798
amm,0.25,0.5,fundamental,execution_delay,0.01703966229370504,0.0010354547142266864,10,0.11128944304789537,0.014823986230486317,10,0.038958731028053445,0.03654120950520232,10,0.551426321485181,0.06652015702377266,10,1.0,0.0,10,34.05385323250782,0.374362871889124,10,0.004432979684867943,9.582170693179516e-05,10,0.05636729657615634,0.0035453027456428276,10,0.011573346967937303,0.0045944054577846975,10,3.8,4.1041983924323695,10,0.0,0.0,10,9.0,5.9066817155564495,10,0.0,0.0,10,0.008991400956672321,0.001923530977155801,10,0.08912970889708005,0.13308468945908916,10,34.68017579959922,0.280131509887688,10,100.11316909382242,1.6681211510139038,10,0.013951004053455932,0.0012564690734120614,10,0.0752469153458861,0.08791969797594303,10,34.28122203009603,0.3818180418791911,10,97.78991900676137,2.2308553852904045,10,0.008217232235364242,0.0010842571701303598,10,0.07704472248107944,0.04706215896328299,10,33.82648443491962,0.37343416762097237,10,95.40659738190865,2.1047128047833294,10,0.0006417814809393563,0.009188001856296866,0.02264847629679141,0.04122962047540512,0.0,0.2320325119280049,5.9390909265165e-05,0.0021974014075316663,0.002847642005218012,2.5438085183004198,0.0,3.6609992564265226,0.0,0.0011922168513895219,0.08248674511583706,0.17362730866290632,1.0339122010599038,0.0007787675999825114,0.05449319337242283,0.23665327416042492,1.382698493002153,0.000672029556488202,0.029169428330061038,0.23145689505902944,1.304514511592784
amm,0.25,0.5,fundamental,liquidity_buffer,0.017252343605293572,0.001311811254259428,10,0.09864737191008756,0.021698974213921824,10,0.0024540403310411444,0.06998643607361034,10,0.46902663533098315,0.05846172187328779,10,1.0,0.0,10,34.10593340817297,0.41774223141640504,10,0.004501649369809112,0.00012846676147770453,10,0.08831146072170802,0.005546757406086122,10,0.010829111189052254,0.0035969071103661063,10,3.3,2.9458068127047605,10,0.0,0.0,10,8.5,2.068278940998476,10,0.0,0.0,10,0.00785049689855712,0.0012546672571264348,10,0.02781310493027253,0.03942054211562334,10,34.67056767434824,0.2906832339828414,10,99.79004504111381,1.618175612834587,10,0.014014082364167369,0.0007858145970307374,10,0.06270603168144387,0.09453704125747506,10,34.28548820875441,0.396423780983096,10,97.59671013461005,2.206139440054811,10,0.008707102130684338,0.0015911437361532984,10,0.04446354841174486,0.08217290041431803,10,33.92637860759153,0.446793546891795,10,95.81110782484667,2.5046060959245273,10,0.0008130690390456019,0.013449163555429921,0.04337804248883455,0.036234950622755516,0.0,0.25891931751892944,7.962452369944446e-05,0.003437915858201371,0.0022293861241590614,1.825829978697664,0.0,1.2819325688627738,0.0,0.0007776508226785094,0.024433105138056636,0.18016733501384968,1.0029556357764338,0.00048705293326400554,0.05859466523087823,0.24570600504621606,1.3673793914343344,0.0009862011050270673,0.05093129134128202,0.27692550940049004,1.5523709413140798
amm,0.25,0.5,fundamental,none,0.017252343605293572,0.001311811254259428,10,0.09864737191008756,0.021698974213921824,10,0.0024540403310411444,0.06998643607361034,10,0.46902663533098315,0.05846172187328779,10,1.0,0.0,10,34.10593340817297,0.41774223141640504,10,0.004501649369809112,0.00012846676147770453,10,0.08831146072170802,0.005546757406086122,10,0.010829111189052254,0.0035969071103661063,10,3.3,2.9458068127047605,10,0.0,0.0,10,8.5,2.068278940998476,10,0.0,0.0,10,0.00785049689855712,0.0012546672571264348,10,0.02781310493027253,0.03942054211562334,10,34.67056767434824,0.2906832339828414,10,99.79004504111381,1.618175612834587,10,0.014014082364167369,0.0007858145970307374,10,0.06270603168144387,0.09453704125747506,10,34.28548820875441,0.396423780983096,10,97.59671013461005,2.206139440054811,10,0.008707102130684338,0.0015911437361532984,10,0.04446354841174486,0.08217290041431803,10,33.92637860759153,0.446793546891795,10,95.81110782484667,2.5046060959245273,10,0.0008130690390456019,0.013449163555429921,0.04337804248883455,0.036234950622755516,0.0,0.25891931751892944,7.962452369944446e-05,0.003437915858201371,0.0022293861241590614,1.825829978697664,0.0,1.2819325688627738,0.0,0.0007776508226785094,0.024433105138056636,0.18016733501384968,1.0029556357764338,0.00048705293326400554,0.05859466523087823,0.24570600504621606,1.3673793914343344,0.0009862011050270673,0.05093129134128202,0.27692550940049004,1.5523709413140798
amm,0.25,0.5,fundamental,position_limit,0.017254737036017733,0.0013120932282531307,10,0.09868671819325925,0.021669237738176122,10,0.002356071843337879,0.0699902636877975,10,0.4674008667903844,0.07466703353669,10,1.0,0.0,10,34.05626151950944,0.4164994216304691,10,0.004502087756031625,0.00012848228675436265,10,0.08831486987235851,0.005547309875875106,10,0.010824537414618307,0.0035967852351702014,10,3.3,2.9458068127047605,10,0.0,0.0,10,8.5,2.068278940998476,10,0.0,0.0,10,0.007856175924105343,0.0012556629891958687,10,0.02732131474664614,0.03940444181061481,10,34.61988344410052,0.2901278057130472,10,99.79017132445338,1.6183143537212494,10,0.014016523216138116,0.0007852677094888155,10,0.06259787570187336,0.09454827981001208,10,34.23551390809754,0.3953947373869965,10,97.5967294159457,2.2061477535837493,10,0.008705569417346796,0.0015919412527254798,10,0.044488369665164104,0.08206407643530018,10,33.87700913092134,0.44535877370186744,10,95.8109966695962,2.5046510594887104,10,0.0008132438083375647,0.013430732696813136,0.043380414868686365,0.046279106852407124,0.0,0.25814901603303625,7.963414636561105e-05,0.0034382582825242093,0.0022293105851300308,1.825829978697664,0.0,1.2819325688627738,0.0,0.0007782679838091314,0.02442312606562596,0.17982307700560804,1.003041628268897,0.0004867139688537425,0.05860163095790784,0.2450681972174602,1.3673845442129549,0.0009866954109196727,0.05086384154028522,0.2760362277641304,1.5523988100198893
amm,0.25,0.5,liquidity,all,0.01192875883624141,0.0012272997157303782,10,0.0739990276342976,0.01522904080725164,10,0.07902970673471911,0.05724718488707273,10,0.6156828835299992,0.09452031118335476,10,1.0,0.0,10,22.336213387624355,0.24469446615951745,10,0.0040116714585792185,0.00011124928215287313,10,0.05045559354278175,0.0040639133582418135,10,0.25596404875780665,0.0034121954886651234,10,1.3,1.636391694484477,10,0.0,0.0,10,5.3,7.986794656737388,10,260.0,0.0,10,0.00899214416425531,0.001923761687925701,10,0.08908420012259796,0.13308097797661844,10,34.64691167076323,0.277231083121931,10,100.11316680595687,1.668120412348653,10,0.008002582969435613,0.0013036298519300206,10,0.09299854365303221,0.08229275583032078,10,25.780344529959372,0.28343093255391644,10,99.90416213486495,2.272005031511979,10,0.008652164235396853,0.0012628030850711201,10,0.04815634384625246,0.062116714730974784,10,18.892082245289338,0.21076766687377255,10,99.70813923207211,2.211345179720343,10,0.0007606882447834947,0.009439057283990639,0.03548217279968011,0.05858429582350809,0.0,0.1516632014050016,6.89530194537127e-05,0.002518839595423077,0.002114900674922877,1.0142460801556548,0.0,4.950266614593152,0.0,0.0011923598474061904,0.08248444471516883,0.17182960552871002,1.033911743230438,0.0008079981533458356,0.051005578497759246,0.17567231201832437,1.4082033079683351,0.000782693461081974,0.038500338666095466,0.13063515335038542,1.3706059423071313
amm,0.25,0.5,liquidity,circuit_breaker,0.013504354790442388,0.00149596486168825,10,0.059837417327717135,0.022520585150363655,10,-0.002183480076955417,0.06330852815442674,10,0.45683453934351104,0.05189462962289064,10,1.0,0.0,10,22.382377760027374,0.2709621223479961,10,0.004185823813337817,0.00013588140382761192,10,0.08561528605932098,0.005994626720560842,10,0.25555867562209456,0.0026480265887301175,10,4.3,5.012207320355197,10,0.0,0.0,10,28.2,43.12204901336567,10,260.0,0.0,10,0.00785049689855712,0.0012546672571264348,10,0.02781310493027253,0.03942054211562334,10,34.67056767434824,0.2906832339828414,10,99.79004504111381,1.618175612834587,10,0.008838941898147207,0.0008071296911057581,10,0.03280804383310621,0.08630407303586773,10,25.80295237542856,0.297239415601175,10,99.6804807165025,2.251493390138921,10,0.010078280474083715,0.001648169231179453,10,-0.02552579060025458,0.07618368286695873,10,18.96180314462618,0.2493486400637827,10,100.06085709424171,2.6115088522654437,10,0.000927208627452672,0.013958403289723285,0.03923903227905337,0.03216462467607914,0.0,0.16794406338556434,8.422016664024955e-05,0.003715508135257685,0.0016412638837143335,3.1065982825091636,0.0,26.72732288210782,0.0,0.0007776508226785094,0.024433105138056636,0.18016733501384968,1.0029556357764338,0.0005002641654442993,0.05349181866000148,0.1842308984807116,1.3954900609320036,0.0010215458730273928,0.047219135846309074,0.15454788827714497,1.6186299561587913
amm,0.25,0.5,liquidity,execution_delay,0.01192638948259125,0.001226852600743536,10,0.07396596770660621,0.015205193091324792,10,0.07943126107560124,0.057568631428741204,10,0.6139245541476779,0.10755498073842668,10,1.0,0.0,10,22.35766915437692,0.24628267322680217,10,0.004011562191666218,0.0001111294884200498,10,0.05044819696734025,0.0040625322654495545,10,0.2559641217884453,0.0034124868369192762,10,1.3,1.636391694484477,10,0.0,0.0,10,5.3,7.986794656737388,10,260.0,0.0,10,0.008991400956672321,0.001923530977155801,10,0.08912970889708005,0.13308468945908916,10,34.68017579959922,0.280131509887688,10,100.11316909382242,1.6681211510139038,10,0.008001164763662172,0.001303660704565,10,0.09307283548864534,0.08228196952161748,10,25.80509610903967,0.2852676318178214,10,99.904157700024,2.2720060040645675,10,0.008650422832093833,0.0012615059280029724,10,0.0489312455157702,0.06139237888422214,10,18.910242199714176,0.21208169120379106,10,99.70836571161774,2.2111524725793736,10,0.0007604111200435488,0.009424276316523622,0.03568140743034081,0.06666326771447753,0.0,0.15264758234380643,6.887877052886616e-05,0.002517983585241895,0.0021150812544416626,1.0142460801556548,0.0,4.950266614593152,0.0,0.0011922168513895219,0.08248674511583706,0.17362730866290632,1.0339122010599038,0.0008080172760071127,0.05099889307436181,0.17681071001626045,1.4082039107626747,0.0007818894748015807,0.03805139065703304,0.1314495940679975,1.3704865011837104
amm,0.25,0.5,liquidity,liquidity_buffer,0.013504354790442388,0.00149596486168825,10,0.059837417327717135,0.022520585150363655,10,-0.002183480076955417,0.06330852815442674,10,0.45683453934351104,0.05189462962289064,10,1.0,0.0,10,22.382377760027374,0.2709621223479961,10,0.004185823813337817,0.00013588140382761192,10,0.08561528605932098,0.005994626720560842,10,0.25555867562209456,0.0026480265887301175,10,4.3,5.012207320355197,10,0.0,0.0,10,28.2,43.12204901336567,10,260.0,0.0,10,0.00785049689855712,0.0012546672571264348,10,0.02781310493027253,0.03942054211562334,10,34.67056767434824,0.2906832339828414,10,99.79004504111381,1.618175612834587,10,0.008838941898147207,0.0008071296911057581,10,0.03280804383310621,0.08630407303586773,10,25.80295237542856,0.297239415601175,10,99.6804807165025,2.251493390138921,10,0.010078280474083715,0.001648169231179453,10,-0.02552579060025458,0.07618368286695873,10,18.96180314462618,0.2493486400637827,10,100.06085709424171,2.6115088522654437,10,0.000927208627452672,0.013958403289723285,0.03923903227905337,0.03216462467607914,0.0,0.16794406338556434,8.422016664024955e-05,0.003715508135257685,0.0016412638837143335,3.1065982825091636,0.0,26.72732288210782,0.0,0.0007776508226785094,0.024433105138056636,0.18016733501384968,1.0029556357764338,0.0005002641654442993,0.05349181866000148,0.1842308984807116,1.3954900609320036,0.0010215458730273928,0.047219135846309074,0.15454788827714497,1.6186299561587913
amm,0.25,0.5,liquidity,none,0.013504354790442388,0.00149596486168825,10,0.059837417327717135,0.022520585150363655,10,-0.002183480076955417,0.06330852815442674,10,0.45683453934351104,0.05189462962289064,10,1.0,0.0,10,22.382377760027374,0.2709621223479961,10,0.004185823813337817,0.00013588140382761192,10,0.08561528605932098,0.005994626720560842,10,0.25555867562209456,0.0026480265887301175,10,4.3,5.012207320355197,10,0.0,0.0,10,28.2,43.12204901336567,10,260.0,0.0,10,0.00785049689855712,0.0012546672571264348,10,0.02781310493027253,0.03942054211562334,10,34.67056767434824,0.2906832339828414,10,99.79004504111381,1.618175612834587,10,0.008838941898147207,0.0008071296911057581,10,0.03280804383310621,0.08630407303586773,10,25.80295237542856,0.297239415601175,10,99.6804807165025,2.251493390138921,10,0.010078280474083715,0.001648169231179453,10,-0.02552579060025458,0.07618368286695873,10,18.96180314462618,0.2493486400637827,10,100.06085709424171,2.6115088522654437,10,0.000927208627452672,0.013958403289723285,0.03923903227905337,0.03216462467607914,0.0,0.16794406338556434,8.422016664024955e-05,0.003715508135257685,0.0016412638837143335,3.1065982825091636,0.0,26.72732288210782,0.0,0.0007776508226785094,0.024433105138056636,0.18016733501384968,1.0029556357764338,0.0005002641654442993,0.05349181866000148,0.1842308984807116,1.3954900609320036,0.0010215458730273928,0.047219135846309074,0.15454788827714497,1.6186299561587913
amm,0.25,0.5,liquidity,position_limit,0.013516156613160982,0.0014931101397552679,10,0.05988762033763073,0.02248456594931951,10,-0.002262304656452673,0.06361955663362595,10,0.4591275494507213,0.051885662398541234,10,1.0,0.0,10,22.349656068985386,0.2701420992659032,10,0.0041865254703822765,0.00013611662629376304,10,0.08564819960231967,0.005989001628427478,10,0.2555588505442812,0.0026475436125026584,10,4.3,5.012207320355197,10,0.0,0.0,10,28.3,43.06597006660569,10,260.0,0.0,10,0.007856175924105343,0.0012556629891958687,10,0.02732131474664614,0.03940444181061481,10,34.61988344410052,0.2901278057130472,10,99.79017132445338,1.6183143537212494,10,0.008854526258032075,0.0008035535460474571,10,0.03374069236135775,0.08630653551842123,10,25.765216899500466,0.2964526829790964,10,99.68041590640867,2.2515044188341156,10,0.010080082330489156,0.0016531488795878478,10,-0.026817413618423575,0.07778738401149664,10,18.934095238470302,0.24850739529906743,10,100.06076501796724,2.611506184404238,10,0.0009254392524673181,0.013936078357622679,0.03943180972769714,0.0321590667328453,0.0,0.16743580781359266,8.43659590352259e-05,0.003712021667032499,0.0016409645319471742,3.1065982825091636,0.0,26.69256479080103,0.0,0.0007782679838091314,0.02442312606562596,0.17982307700560804,1.003041628268897,0.0004980476477733314,0.053493344922500706,0.18374327654962794,1.3954968965881045,0.001024632291087195,0.04821312011368897,0.15402647937001118,1.6186283026012847
amm,0.25,0.5,volatility,all,0.016706363787546127,0.0017765585091586138,10,0.07365809005972845,0.017685630940472624,10,0.12958016236271372,0.14229730311530908,10,0.5962867889281662,0.05986157070330461,10,1.0,0.0,10,34.59876398895211,0.38668841742471866,10,0.004356787287061118,0.00014314139032692267,10,0.05911235795142487,0.002767036162109593,10,0.001204203339648957,0.005369892824149468,10,3.3,3.8311588035185618,10,0.0,0.0,10,5.8,9.542885657214313,10,0.0,0.0,10,0.00899214416425531,0.001923761687925701,10,0.08908420012259796,0.13308097797661844,10,34.64691167076323,0.277231083121931,10,100.11316680595687,1.668120412348653,10,0.014368115526325395,0.0017533419512519384,10,0.1414784645570744,0.16917019373650374,10,34.60745695341342,0.37843369304213287,10,99.89423552040512,2.236995271723262,10,0.00819670237704032,0.0019371351588212534,10,0.09322293317309492,0.07359830644967172,10,34.5900710244908,0.40554759543620766,10,99.80809913468606,2.361870367280172,10,0.0011011223719568878,0.010961667623291694,0.08819678221777505,0.03710258591657942,0.0,0.23967196419813835,8.871995289174887e-05,0.0017150267815021743,0.0033282940546000444,2.3745768277971364,0.0,5.9147418089606125,0.0,0.0011923598474061904,0.08248444471516883,0.17182960552871002,1.033911743230438,0.001086732600283688,0.10485277238618328,0.2345556330189823,1.3865040340398616,0.0012006488105435662,0.04561670294115655,0.25136100383185295,1.4639024201380995
amm,0.25,0.5,volatility,circuit_breaker,0.01584607953594323,0.0013401568682367482,10,0.06512189935205343,0.013234315083959718,10,0.06767044552210302,0.042350227407922034,10,0.47622818775336623,0.053764993759704914,10,1.0,0.0,10,34.72090760242183,0.4158415178575314,10,0.004348929606645704,0.00010546301285989828,10,0.0905960571865401,0.004755823730943807,10,-0.0008414155368132615,0.004504792849379865,10,2.4,3.565264521898917,10,0.0,0.0,10,10.6,10.946333734279357,10,0.0,0.0,10,0.00785049689855712,0.0012546672571264348,10,0.02781310493027253,0.03942054211562334,10,34.67056767434824,0.2906832339828414,10,99.79004504111381,1.618175612834587,10,0.013137807363951561,0.001565430146730051,10,0.06349307312249014,0.039321455664702715,10,34.689562956478,0.3685499972766751,10,99.93609220958079,2.1035949920687806,10,0.008544780332766734,0.0016462887781774533,10,0.05078100434231527,0.0753241806677035,10,34.752252248365664,0.5015787134366996,10,100.32022170024659,2.986278760640321,10,0.0008306378326070722,0.008202713471776504,0.026248942894884,0.033323888378419805,0.0,0.25774124304991075,6.536665259001773e-05,0.0029476900874521976,0.00279209953509092,2.209773844637601,0.0,6.784607939217188,0.0,0.0007776508226785094,0.024433105138056636,0.18016733501384968,1.0029556357764338,0.0009702636571854755,0.02437169071950299,0.22842965491645673,1.303821684094392,0.0010203803561816254,0.04668641086400927,0.31088170742210697,1.8509147519144074
amm,0.25,0.5,volatility,execution_delay,0.016705716294363,0.0017761623809858717,10,0.07360800617353644,0.017636195785517495,10,0.12964862064358293,0.1423082621235915,10,0.6324167252364893,0.10220608522329978,10,1.0,0.0,10,34.631963458960456,0.3894124401890948,10,0.004356725892162055,0.00014295820271761626,10,0.05911820410826102,0.0027524561547606964,10,0.0012043237376169746,0.005369973935100199,10,3.3,3.8311588035185618,10,0.0,0.0,10,5.8,9.542885657214313,10,0.0,0.0,10,0.008991400956672321,0.001923530977155801,10,0.08912970889708005,0.13308468945908916,10,34.68017579959922,0.280131509887688,10,100.11316909382242,1.6681211510139038,10,0.014367309754913158,0.0017535423076814759,10,0.14150650264322578,0.16917218463662995,10,34.640683268711385,0.3809668983096197,10,99.89423205558168,2.2369926100811073,10,0.008197196861468536,0.001936681669784386,10,0.09342595270684435,0.07358646447239506,10,34.62324364920953,0.4083977120327491,10,99.80788504017474,2.3615204831992793,10,0.0011008768491717275,0.010931027396807947,0.08820357468148057,0.06334798792684165,0.0,0.2413603309995194,8.860641203518112e-05,0.001705989999323371,0.0033283443276881522,2.3745768277971364,0.0,5.9147418089606125,0.0,0.0011922168513895219,0.08248674511583706,0.17362730866290632,1.0339122010599038,0.0010868567824852825,0.10485400635886585,0.2361257299104772,1.386502384336963,0.0012003677351264846,0.04560936320759849,0.2531275244001081,1.463685559738019
amm,0.25,0.5,volatility,liquidity_buffer,0.01584607953594323,0.0013401568682367482,10,0.06512189935205343,0.013234315083959718,10,0.06767044552210302,0.042350227407922034,10,0.47622818775336623,0.053764993759704914,10,1.0,0.0,10,34.72090760242183,0.4158415178575314,10,0.004348929606645704,0.00010546301285989828,10,0.0905960571865401,0.004755823730943807,10,-0.0008414155368132615,0.004504792849379865,10,2.4,3.565264521898917,10,0.0,0.0,10,10.6,10.946333734279357,10,0.0,0.0,10,0.00785049689855712,0.0012546672571264348,10,0.02781310493027253,0.03942054211562334,10,34.67056767434824,0.2906832339828414,10,99.79004504111381,1.618175612834587,10,0.013137807363951561,0.001565430146730051,10,0.06349307312249014,0.039321455664702715,10,34.689562956478,0.3685499972766751,10,99.93609220958079,2.1035949920687806,10,0.008544780332766734,0.0016462887781774533,10,0.05078100434231527,0.0753241806677035,10,34.752252248365664,0.5015787134366996,10,100.32022170024659,2.986278760640321,10,0.0008306378326070722,0.008202713471776504,0.026248942894884,0.033323888378419805,0.0,0.25774124304991075,6.536665259001773e-05,0.0029476900874521976,0.00279209953509092,2.209773844637601,0.0,6.784607939217188,0.0,0.0007776508226785094,0.024433105138056636,0.18016733501384968,1.0029556357764338,0.0009702636571854755,0.02437169071950299,0.22842965491645673,1.303821684094392,0.0010203803561816254,0.04668641086400927,0.31088170742210697,1.8509147519144074
amm,0.25,0.5,volatility,none,0.01584607953594323,0.0013401568682367482,10,0.06512189935205343,0.013234315083959718,10,0.06767044552210302,0.042350227407922034,10,0.47622818775336623,0.053764993759704914,10,1.0,0.0,10,34.72090760242183,0.4158415178575314,10,0.004348929606645704,0.00010546301285989828,10,0.0905960571865401,0.004755823730943807,10,-0.0008414155368132615,0.004504792849379865,10,2.4,3.565264521898917,10,0.0,0.0,10,10.6,10.946333734279357,10,0.0,0.0,10,0.00785049689855712,0.0012546672571264348,10,0.02781310493027253,0.03942054211562334,10,34.67056767434824,0.2906832339828414,10,99.79004504111381,1.618175612834587,10,0.013137807363951561,0.001565430146730051,10,0.06349307312249014,0.039321455664702715,10,34.689562956478,0.3685499972766751,10,99.93609220958079,2.1035949920687806,10,0.008544780332766734,0.0016462887781774533,10,0.05078100434231527,0.0753241806677035,10,34.752252248365664,0.5015787134366996,10,100.32022170024659,2.986278760640321,10,0.0008306378326070722,0.008202713471776504,0.026248942894884,0.033323888378419805,0.0,0.25774124304991075,6.536665259001773e-05,0.0029476900874521976,0.00279209953509092,2.209773844637601,0.0,6.784607939217188,0.0,0.0007776508226785094,0.024433105138056636,0.18016733501384968,1.0029556357764338,0.0009702636571854755,0.02437169071950299,0.22842965491645673,1.303821684094392,0.0010203803561816254,0.04668641086400927,0.31088170742210697,1.8509147519144074
amm,0.25,0.5,volatility,position_limit,0.01585141389271056,0.0013402374270826173,10,0.0651575781877971,0.013207743046407193,10,0.06799616981375901,0.04229111603775681,10,0.44729827647442927,0.023184146797329275,10,1.0,0.0,10,34.67018784007117,0.41429932480574505,10,0.004349494568364635,0.00010548959816701494,10,0.09061374502490163,0.004754568586962725,10,-0.0008420329368560853,0.004504316695399764,10,2.4,3.565264521898917,10,0.0,0.0,10,10.6,10.946333734279357,10,0.0,0.0,10,0.007856175924105343,0.0012556629891958687,10,0.02732131474664614,0.03940444181061481,10,34.61988344410052,0.2901278057130472,10,99.79017132445338,1.6183143537212494,10,0.01314022729235632,0.001565513568820014,10,0.06341091424172392,0.039303790001925853,10,34.638858708050165,0.36727565953349495,10,99.93609461575208,2.1035928292961055,10,0.008550716200948986,0.0016445753584742558,10,0.052157448095737136,0.0753780345107187,10,34.70151697209218,0.4998400399531072,10,100.32046267471083,2.9865323233172374,10,0.0008306877634970419,0.008186243952271953,0.026212305288078257,0.014369683059502692,0.0,0.25678538189338596,6.538313033408334e-05,0.0029469121411529503,0.0027918044117964816,2.209773844637601,0.0,6.784607939217188,0.0,0.0007782679838091314,0.02442312606562596,0.17982307700560804,1.003041628268897,0.0009703153627325205,0.024360741428275726,0.2276398122002102,1.303820343594,0.0010193183676470423,0.04671978982172678,0.30980406643227065,1.8510719116897858
amm,0.25,0.9,fundamental,all,0.017325844667806723,0.0010029343506653444,10,0.11149593891365286,0.014866057314019066,10,0.030840457455985994,0.036958258390761466,10,0.5971131023259506,0.08315662124538806,10,1.0,0.0,10,34.02134565935654,0.3729955022551732,10,0.004490219710524819,9.191188834193852e-05,10,0.07639510777703964,0.005280096817084871,10,0.011560280747800277,0.004599619564103916,10,1.9,2.282785822435191,10,0.0,0.0,10,8.9,5.8395205282625735,10,0.0,0.0,10,0.009225568918124016,0.001901184209231662,10,0.07565243078106111,0.12005165916903945,10,34.64682796129356,0.2775458150932181,10,100.11294674689805,1.6662608846642044,10,0.014121832390721789,0.0012629462835210697,10,0.06323357446404673,0.09411206073365523,10,34.248706659750994,0.38085082168284384,10,97.79133418584124,2.234675768601069,10,0.008482222182109705,0.0010259676987428152,10,0.05915244251856775,0.053909339982918025,10,33.79398465896209,0.3717182085219615,10,95.40436905519206,2.1025643066371966,10,0.0006216251507780017,0.009214077784025426,0.022906965874095766,0.05154100782923728,0.0,0.2311850074484644,5.696757859669012e-05,0.003272637912805956,0.0028508737417964887,1.4148853114102373,0.0,3.6193723212733997,0.0,0.0011783661811327613,0.07440878925185475,0.1720246784255314,1.0327591960308586,0.0007827822164007863,0.05833125957324774,0.2360537848718279,1.3850663911102854,0.0006359013678225981,0.03341335509447112,0.23039333259061479,1.30318285864546
amm,0.25,0.9,fundamental,circuit_breaker,0.018655892385392694,0.0011522675719938778,10,0.09910682614355609,0.021535775406469147,10,-0.03502004636237947,0.06114658198750041,10,0.4633060585736642,0.051630837113506224,10,1.0,0.0,10,34.1062351074223,0.42029540240374874,10,0.0046587417737582034,0.00011391186033358351,10,0.13759697376313687,0.009736539344139133,10,0.010801622652310439,0.0035577443482506183,10,2.9,2.8460498941515415,10,0.0,0.0,10,7.8,1.9888578520235065,10,0.0,0.0,10,0.009073915191766707,0.0010806682006302918,10,-0.041316260737135964,0.04402707028321334,10,34.67003927949288,0.2942511599627859,10,99.79089843326145,1.6217683051403355,10,0.015113994639341133,0.0005856129838359004,10,-0.0002554572285257628,0.0805412476495571,10,34.28570340437495,0.39948869140676885,10,97.6008014026919,2.205155604023372,10,0.00967387593111139,0.0015266313760631909,10,-0.0014016106132418217,0.07960396127074855,10,33.92676681046966,0.44892901550964576,10,95.81337542429122,2.503912704844766,10,0.000714182840284729,0.01334801188660707,0.03789904416208645,0.0320011243848473,0.0,0.26050178929179935,7.060330250757788e-05,0.006034769607643045,0.002205112792720395,1.764,0.0,1.232706867922063,0.0,0.0006698050901458762,0.02728826087665666,0.18237875844727422,1.005182409537626,0.00036296668783260754,0.04991998248019954,0.24760565620780284,1.3667696035444508,0.000946215929984001,0.04933904636392981,0.2782490865625172,1.5519411730703072
amm,0.25,0.9,fundamental,execution_delay,0.017322640152172254,0.0009996927976204581,10,0.11145803796331635,0.014843450596978574,10,0.030816804965332595,0.03690363200749524,10,0.582074017167274,0.08554031837103851,10,1.0,0.0,10,34.0527010123599,0.37716307696365486,10,0.004489857933379164,9.172158838657067e-05,10,0.07639594995872259,0.0052881738175384425,10,0.011566405974468907,0.0046043711731321765,10,1.9,2.282785822435191,10,0.0,0.0,10,8.9,5.8395205282625735,10,0.0,0.0,10,0.009225179293826258,0.001900711378332438,10,0.07565367837141981,0.11974883034824585,10,34.679049293717725,0.2815766230941231,10,100.11299881424794,1.6662730905441874,10,0.014118337197689993,0.0012610093843494253,10,0.06334712421705153,0.09393179450473775,10,34.28031799413093,0.3849622677376338,10,97.79130724362271,2.2347446555253496,10,0.008480895051980096,0.0010258188249756652,10,0.05916402912491651,0.05391443339027484,10,33.825084030588876,0.3758735144912537,10,95.40437170269061,2.1025633733209053,10,0.000619616015385495,0.009200065995637113,0.02287310809096988,0.05301843861437147,0.0,0.23376809701441642,5.6849629462362324e-05,0.0032776440895526736,0.002853818819584154,1.4148853114102373,0.0,3.6193723212733997,0.0,0.0011780731175051894,0.074221094004144,0.17452299910789465,1.0327667613136509,0.0007815817138566103,0.05821952940700439,0.23860208553779763,1.3851090876683045,0.0006358090949057416,0.033416512021057644,0.23296881791323476,1.3031822801700295
amm,0.25,0.9,fundamental,liquidity_buffer,0.018655892385392694,0.0011522675719938778,10,0.09910682614355609,0.021535775406469147,10,-0.03502004636237947,0.06114658198750041,10,0.4633060585736642,0.051630837113506224,10,1.0,0.0,10,34.1062351074223,0.42029540240374874,10,0.0046587417737582034,0.00011391186033358351,10,0.13759697376313687,0.009736539344139133,10,0.010801622652310439,0.0035577443482506183,10,2.9,2.8460498941515415,10,0.0,0.0,10,7.8,1.9888578520235065,10,0.0,0.0,10,0.009073915191766707,0.0010806682006302918,10,-0.041316260737135964,0.04402707028321334,10,34.67003927949288,0.2942511599627859,10,99.79089843326145,1.6217683051403355,10,0.015113994639341133,0.0005856129838359004,10,-0.0002554572285257628,0.0805412476495571,10,34.28570340437495,0.39948869140676885,10,97.6008014026919,2.205155604023372,10,0.00967387593111139,0.0015266313760631909,10,-0.0014016106132418217,0.07960396127074855,10,33.92676681046966,0.44892901550964576,10,95.81337542429122,2.503912704844766,10,0.000714182840284729,0.01334801188660707,0.03789904416208645,0.0320011243848473,0.0,0.26050178929179935,7.060330250757788e-05,0.006034769607643045,0.002205112792720395,1.764,0.0,1.232706867922063,0.0,0.0006698050901458762,0.02728826087665666,0.18237875844727422,1.005182409537626,0.00036296668783260754,0.04991998248019954,0.24760565620780284,1.3667696035444508,0.000946215929984001,0.04933904636392981,0.2782490865625172,1.5519411730703072
amm,0.25,0.9,fundamental,none,0.018655892385392694,0.0011522675719938778,10,0.09910682614355609,0.021535775406469147,10,-0.03502004636237947,0.06114658198750041,10,0.4633060585736642,0.051630837113506224,10,1.0,0.0,10,34.1062351074223,0.42029540240374874,10,0.0046587417737582034,0.00011391186033358351,10,0.13759697376313687,0.009736539344139133,10,0.010801622652310439,0.0035577443482506183,10,2.9,2.8460498941515415,10,0.0,0.0,10,7.8,1.9888578520235065,10,0.0,0.0,10,0.009073915191766707,0.0010806682006302918,10,-0.041316260737135964,0.04402707028321334,10,34.67003927949288,0.2942511599627859,10,99.79089843326145,1.6217683051403355,10,0.015113994639341133,0.0005856129838359004,10,-0.0002554572285257628,0.0805412476495571,10,34.28570340437495,0.39948869140676885,10,97.6008014026919,2.205155604023372,10,0.00967387593111139,0.0015266313760631909,10,-0.0014016106132418217,0.07960396127074855,10,33.92676681046966,0.44892901550964576,10,95.81337542429122,2.503912704844766,10,0.000714182840284729,0.01334801188660707,0.03789904416208645,0.0320011243848473,0.0,0.26050178929179935,7.060330250757788e-05,0.006034769607643045,0.002205112792720395,1.764,0.0,1.232706867922063,0.0,0.0006698050901458762,0.02728826087665666,0.18237875844727422,1.005182409537626,0.00036296668783260754,0.04991998248019954,0.24760565620780284,1.3667696035444508,0.000946215929984001,0.04933904636392981,0.2782490865625172,1.5519411730703072
amm,0.25,0.9,fundamental,position_limit,0.01865695446184791,0.0011623112664206187,10,0.09914152385364533,0.02151217781529522,10,-0.035190667163982295,0.061543330490373235,10,0.49702139655159144,0.04767737364272843,10,1.0,0.0,10,34.05844180592966,0.418263080976005,10,0.004659175201586023,0.0001151088639997943,10,0.1375796739651754,0.009717739013770023,10,0.01079463652789392,0.00355737198484602,10,2.9,2.8460498941515415,10,0.0,0.0,10,7.8,1.9888578520235065,10,0.0,0.0,10,0.009080238245373271,0.0011045572475984018,10,-0.04404182314733309,0.04432173020136771,10,34.62119223160509,0.2929952627780502,10,99.79080567716738,1.622182386275658,10,0.015102580493086206,0.0006022332971943004,10,-0.0013221884836192243,0.08146015740588619,10,34.23760787281377,0.39759268075299103,10,97.60070266228153,2.2052009106939825,10,0.009687238314913898,0.0015302009047858747,10,-0.001043960059104683,0.07913769326916442,10,33.879275739045546,0.4468010732444158,10,95.81287799437315,2.503884101929596,10,0.0007204079865849322,0.013333385948068065,0.038144951431845084,0.02955074233891656,0.0,0.2592421434205492,7.134521306632629e-05,0.006023117042155962,0.002204881999491133,1.764,0.0,1.232706867922063,0.0,0.0006846116748576698,0.027470892986055873,0.18160034530756564,1.0054390596842764,0.0003732680647777078,0.05048952864785299,0.2464304966295618,1.366797684909827,0.0009484283468076673,0.04905005046245789,0.2769301742821741,1.5519234447998145
amm,0.25,0.9,liquidity,all,0.012863967143163743,0.0011468594756320583,10,0.07432523393565692,0.015228282189890934,10,0.037483527561951724,0.059572820555800494,10,0.5621430719817816,0.07954829264089738,10,1.0,0.0,10,22.33637458192684,0.24563849390154066,10,0.004122273636085178,0.00010615174808511861,10,0.07262808042431725,0.005770967554472338,10,0.2559616265143989,0.003436485228877965,10,1.4,2.2211108331943574,10,0.0,0.0,10,8.9,15.659218087475223,10,260.0,0.0,10,0.009225568918124016,0.001901184209231662,10,0.07565243078106111,0.12005165916903945,10,34.64682796129356,0.2775458150932181,10,100.11294674689805,1.6662608846642044,10,0.008520041434111954,0.001172552387376313,10,0.05502338286205779,0.08866795235676429,10,25.78036654978831,0.2848858823247588,10,99.90356075577584,2.277908095932088,10,0.009490270049905955,0.0011894477089130146,10,0.004069204510640297,0.06678128847048742,10,18.89238261406537,0.2112740546505267,10,99.70978418660869,2.208643665854255,10,0.0007108308674321611,0.009438587088079093,0.03692361672097819,0.049304542589677904,0.0,0.15224831586148074,6.579353510524885e-05,0.003576882747912626,0.002129955611880764,1.3766587570394244,0.0,9.705683924610591,0.0,0.0011783661811327613,0.07440878925185475,0.1720246784255314,1.0327591960308586,0.0007267554991155339,0.0549569662424913,0.17657409922909673,1.4118620652018152,0.0007372273278954811,0.04139147142290657,0.13094901574613255,1.368931526665448
amm,0.25,0.9,liquidity,circuit_breaker,0.016704118154344295,0.0012732987587270172,10,0.06077817765681033,0.02227205717258915,10,-0.06888926450605239,0.0521731659995446,10,0.458832971288341,0.0318916359415214,10,1.0,0.0,10,22.38236848877028,0.27266848738097926,10,0.004477803364015096,0.00011496763228044421,10,0.13825786724757155,0.010700262225177833,10,0.2555511608318932,0.0026239784590888224,10,2.3,2.213594362117866,10,0.0,0.0,10,64.6,105.06421316932274,10,260.0,0.0,10,0.009073915191766707,0.0010806682006302918,10,-0.041316260737135964,0.04402707028321334,10,34.67003927949288,0.2942511599627859,10,99.79089843326145,1.6217683051403355,10,0.01069064494009028,0.0005040794126312946,10,-0.040959982070360224,0.07333237832880281,10,25.80265957058628,0.299795860488473,10,99.68175110880223,2.252893028404562,10,0.012729132922152766,0.0015148073668125187,10,-0.08850099979529738,0.0582294299727743,10,18.962077406954286,0.25014014234833115,10,100.06335453135917,2.6047382736273135,10,0.0007891987470107443,0.01380436405320283,0.0323372633109208,0.019766640745282827,0.0,0.1690016793902478,7.125767673976874e-05,0.006632091237754197,0.0016263586985401674,1.372,0.0,65.11947398094946,0.0,0.0006698050901458762,0.02728826087665666,0.18237875844727422,1.005182409537626,0.0003124316568408893,0.045451878984213025,0.18581539943779624,1.3963575657166751,0.0009388873331238242,0.03609097461117967,0.1550384664756553,1.6144335080423322
amm,0.25,0.9,liquidity,execution_delay,0.012862598287650833,0.0011498416049647846,10,0.07427441529083681,0.015238058312018176,10,0.03771179575173512,0.05974660753767349,10,0.6014263498822323,0.06908127353129515,10,1.0,0.0,10,22.357040067247798,0.24835261330435576,10,0.004122130474244723,0.00010669232757288412,10,0.07263291364774369,0.00579253544924169,10,0.25596401270984714,0.003439567021380105,10,1.4,2.2211108331943574,10,0.0,0.0,10,8.9,15.659218087475223,10,260.0,0.0,10,0.009225179293826258,0.001900711378332438,10,0.07565367837141981,0.11974883034824585,10,34.679049293717725,0.2815766230941231,10,100.11299881424794,1.6662730905441874,10,0.008517376955044505,0.0011724998733088077,10,0.055015271836683824,0.08879328921188245,10,25.80423834061104,0.28794280139115563,10,99.90361126654996,2.2779201633579795,10,0.009492397062984891,0.0011883189551490049,10,0.004931988688559645,0.06627643122226339,10,18.909841793884556,0.21359262379669763,10,99.709727814073,2.2085136376897134,10,0.0007126792103420095,0.009444646391349879,0.037031331008297586,0.04281701693270317,0.0,0.15393054449577287,6.612858974303925e-05,0.003590250667586599,0.0021318657266629908,1.3766587570394244,0.0,9.705683924610591,0.0,0.0011780731175051894,0.074221094004144,0.17452299910789465,1.0327667613136509,0.0007267229505592807,0.05503465083013074,0.1784687972961282,1.4118695446698726,0.0007365277190643764,0.04107855765857052,0.13238607979137298,1.3688509343741029
amm,0.25,0.9,liquidity,liquidity_buffer,0.016704118154344295,0.0012732987587270172,10,0.06077817765681033,0.02227205717258915,10,-0.06888926450605239,0.0521731659995446,10,0.458832971288341,0.0318916359415214,10,1.0,0.0,10,22.38236848877028,0.27266848738097926,10,0.004477803364015096,0.00011496763228044421,10,0.13825786724757155,0.010700262225177833,10,0.2555511608318932,0.0026239784590888224,10,2.3,2.213594362117866,10,0.0,0.0,10,64.6,105.06421316932274,10,260.0,0.0,10,0.009073915191766707,0.0010806682006302918,10,-0.041316260737135964,0.04402707028321334,10,34.67003927949288,0.2942511599627859,10,99.79089843326145,1.6217683051403355,10,0.01069064494009028,0.0005040794126312946,10,-0.040959982070360224,0.07333237832880281,10,25.80265957058628,0.299795860488473,10,99.68175110880223,2.252893028404562,10,0.012729132922152766,0.0015148073668125187,10,-0.08850099979529738,0.0582294299727743,10,18.962077406954286,0.25014014234833115,10,100.06335453135917,2.6047382736273135,10,0.0007891987470107443,0.01380436405320283,0.0323372633109208,0.019766640745282827,0.0,0.1690016793902478,7.125767673976874e-05,0.006632091237754197,0.0016263586985401674,1.372,0.0,65.11947398094946,0.0,0.0006698050901458762,0.02728826087665666,0.18237875844727422,1.005182409537626,0.0003124316568408893,0.045451878984213025,0.18581539943779624,1.3963575657166751,0.0009388873331238242,0.03609097461117967,0.1550384664756553,1.6144335080423322
amm,0.25,0.9,liquidity,none,0.016704118154344295,0.0012732987587270172,10,0.06077817765681033,0.02227205717258915,10,-0.06888926450605239,0.0521731659995446,10,0.458832971288341,0.0318916359415214,10,1.0,0.0,10,22.38236848877028,0.27266848738097926,10,0.004477803364015096,0.00011496763228044421,10,0.13825786724757155,0.010700262225177833,10,0.2555511608318932,0.0026239784590888224,10,2.3,2.213594362117866,10,0.0,0.0,10,64.6,105.06421316932274,10,260.0,0.0,10,0.009073915191766707,0.0010806682006302918,10,-0.041316260737135964,0.04402707028321334,10,34.67003927949288,0.2942511599627859,10,99.79089843326145,1.6217683051403355,10,0.01069064494009028,0.0005040794126312946,10,-0.040959982070360224,0.07333237832880281,10,25.80265957058628,0.299795860488473,10,99.68175110880223,2.252893028404562,10,0.012729132922152766,0.0015148073668125187,10,-0.08850099979529738,0.0582294299727743,10,18.962077406954286,0.25014014234833115,10,100.06335453135917,2.6047382736273135,10,0.0007891987470107443,0.01380436405320283,0.0323372633109208,0.019766640745282827,0.0,0.1690016793902478,7.125767673976874e-05,0.006632091237754197,0.0016263586985401674,1.372,0.0,65.11947398094946,0.0,0.0006698050901458762,0.02728826087665666,0.18237875844727422,1.005182409537626,0.0003124316568408893,0.045451878984213025,0.18581539943779624,1.3963575657166751,0.0009388873331238242,0.03609097461117967,0.1550384664756553,1.6144335080423322
amm,0.25,0.9,liquidity,position_limit,0.01671431258190811,0.0012775981288119323,10,0.06081985955708398,0.022253168158357855,10,-0.06910255496735024,0.05205085918272015,10,0.4753455045277558,0.06484523083233125,10,1.0,0.0,10,22.350952105063957,0.27134822956438953,10,0.004479642895202631,0.00011615795026929674,10,0.13825312898139974,0.010693612273782212,10,0.25554876060945503,0.0026228492514314664,10,2.3,2.213594362117866,10,0.0,0.0,10,61.3,105.46305303543775,10,260.0,0.0,10,0.009080238245373271,0.0011045572475984018,10,-0.04404182314733309,0.04432173020136771,10,34.62119223160509,0.2929952627780502,10,99.79080567716738,1.622182386275658,10,0.010698294419516224,0.0005035190805433412,10,-0.0416976301623882,0.07368546682675299,10,25.766364672981656,0.2983210626491267,10,99.68158084344815,2.2525741790192093,10,0.01273648031633851,0.0015226900830798977,10,-0.08865865567500596,0.05935439282022931,10,18.935539537146262,0.24899938037170297,10,100.06354270076078,2.6052282489029293,10,0.0007918635241973197,0.013792656520888489,0.032261456760472866,0.04019149046659041,0.0,0.16818337511763115,7.199544347275914e-05,0.006627969555177239,0.0016256588083830522,1.372,0.0,65.36667749107508,0.0,0.0006846116748576698,0.027470892986055873,0.18160034530756564,1.0054390596842764,0.0003120843594146632,0.04567072550256255,0.1849013102667129,1.3961599408201764,0.0009437730912843648,0.03678823380786084,0.15433141487726018,1.6147371978644824
amm,0.25,0.9,volatility,all,0.017006628005351142,0.0017197646161285585,10,0.0736927675384577,0.017732351965461364,10,0.11878208759061067,0.13618612228389473,10,0.6368697405286271,0.09876517871097344,10,1.0,0.0,10,34.5988297655292,0.38715443795740456,10,0.004417182436627415,0.00013439153062925772,10,0.07934472690109648,0.0025873415964079833,10,0.0012045598773789967,0.005364793159274438,10,3.6,4.765617600176404,10,0.0,0.0,10,5.7,9.534149149242422,10,0.0,0.0,10,0.009225568918124016,0.001901184209231662,10,0.07565243078106111,0.12005165916903945,10,34.64682796129356,0.2775458150932181,10,100.11294674689805,1.6662608846642044,10,0.014555147195194762,0.0017031496532832766,10,0.1329050919143941,0.16274394315756083,10,34.60734863741944,0.37854720870852065,10,99.89317178013539,2.2356129287496946,10,0.008466295544971417,0.0019365497759636417,10,0.07368656966177015,0.07464575873138435,10,34.59031089363896,0.4063034430294831,10,99.80875156460762,2.36400953423689,10,0.0010659211523609523,0.010990625614593777,0.08440903309617061,0.06121529197508878,0.0,0.23996080671679806,8.329673366484828e-05,0.0016036509357908897,0.0033251332495635483,2.9537603904928447,0.0,5.909326865219083,0.0,0.0011783661811327613,0.07440878925185475,0.1720246784255314,1.0327591960308586,0.0010556230916982403,0.10086974101187397,0.23462599075793814,1.3856472489882772,0.0012002859864894452,0.04626592059146479,0.2518294830237595,1.465228289554305
amm,0.25,0.9,volatility,circuit_breaker,0.01695392589229599,0.0012438886788747733,10,0.065914521084153,0.01311232525064433,10,0.026270801104067994,0.04047573713546868,10,0.4734432003816644,0.05489360594637929,10,1.0,0.0,10,34.72082728079428,0.4156160245743642,10,0.004475187014651488,0.00010104841632087099,10,0.14095064525512627,0.007656284554995115,10,-0.0008482021708240862,0.004494282377271049,10,2.4,3.3730961708462712,10,0.0,0.0,10,9.6,10.564090116995406,10,0.0,0.0,10,0.009073915191766707,0.0010806682006302918,10,-0.041316260737135964,0.04402707028321334,10,34.67003927949288,0.2942511599627859,10,99.79089843326145,1.6217683051403355,10,0.013790924860309205,0.0015329018272124664,10,0.0352158820567568,0.03888688874280212,10,34.68902659742494,0.3696167392794038,10,99.93639684393618,2.101100970821417,10,0.009615731661711712,0.0014527248620868978,10,-0.017713756376441618,0.06946194383948005,10,34.75262796416362,0.5006523278738213,10,100.3243725694413,2.9894021637146624,10,0.0007709701906646427,0.008127103389742964,0.02508712178717869,0.03402340945898298,0.0,0.25760148086502277,6.26304573072693e-05,0.004745414331198038,0.0027855850769860037,2.0906666666666665,0.0,6.547690890688106,0.0,0.0006698050901458762,0.02728826087665666,0.18237875844727422,1.005182409537626,0.0009501023958713531,0.024102343350784008,0.22909082845971762,1.3022758737101854,0.000900408198038723,0.043052958834149835,0.31030752770154924,1.852850657196483
amm,0.25,0.9,volatility,execution_delay,0.01700496520567411,0.001720053305467447,10,0.07365627199838795,0.017735963462310867,10,0.1184656255126743,0.1357693568631323,10,0.588878319385356,0.08802756252506548,10,1.0,0.0,10,34.63078252952834,0.39172541329943134,10,0.004417113119619988,0.0001346369179682553,10,0.07934736686357549,0.0025847100368038656,10,0.0012101128251945981,0.005367994602801217,10,3.6,4.765617600176404,10,0.0,0.0,10,5.7,9.534149149242422,10,0.0,0.0,10,0.009225179293826258,0.001900711378332438,10,0.07565367837141981,0.11974883034824585,10,34.679049293717725,0.2815766230941231,10,100.11299881424794,1.6662730905441874,10,0.014555916258175521,0.0017027682654223776,10,0.1326338364562752,0.16219874289545147,10,34.639314987466605,0.3829288481310791,10,99.89300860343576,2.2355852961273834,10,0.008460990344057263,0.0019386107975858764,10,0.0734748697590663,0.07428462198624385,10,34.62225007159008,0.41095418232641884,10,99.80886509419372,2.3640744376374148,10,0.001066100083866983,0.01099286404353194,0.08415071921216748,0.054560048512609594,0.0,0.24279392658581533,8.344882631328753e-05,0.0016020198782499794,0.0033271175248191735,2.9537603904928447,0.0,5.909326865219083,0.0,0.0011780731175051894,0.074221094004144,0.17452299910789465,1.0327667613136509,0.0010553867050530138,0.10053182238847343,0.2373417590082686,1.3856301221115288,0.001201563420925536,0.04604208571782574,0.254712041104225,1.4652685170987203
amm,0.25,0.9,volatility,liquidity_buffer,0.01695392589229599,0.0012438886788747733,10,0.065914521084153,0.01311232525064433,10,0.026270801104067994,0.04047573713546868,10,0.4734432003816644,0.05489360594637929,10,1.0,0.0,10,34.72082728079428,0.4156160245743642,10,0.004475187014651488,0.00010104841632087099,10,0.14095064525512627,0.007656284554995115,10,-0.0008482021708240862,0.004494282377271049,10,2.4,3.3730961708462712,10,0.0,0.0,10,9.6,10.564090116995406,10,0.0,0.0,10,0.009073915191766707,0.0010806682006302918,10,-0.041316260737135964,0.04402707028321334,10,34.67003927949288,0.2942511599627859,10,99.79089843326145,1.6217683051403355,10,0.013790924860309205,0.0015329018272124664,10,0.0352158820567568,0.03888688874280212,10,34.68902659742494,0.3696167392794038,10,99.93639684393618,2.101100970821417,10,0.009615731661711712,0.0014527248620868978,10,-0.017713756376441618,0.06946194383948005,10,34.75262796416362,0.5006523278738213,10,100.3243725694413,2.9894021637146624,10,0.0007709701906646427,0.008127103389742964,0.02508712178717869,0.03402340945898298,0.0,0.25760148086502277,6.26304573072693e-05,0.004745414331198038,0.0027855850769860037,2.0906666666666665,0.0,6.547690890688106,0.0,0.0006698050901458762,0.02728826087665666,0.18237875844727422,1.005182409537626,0.0009501023958713531,0.024102343350784008,0.22909082845971762,1.3022758737101854,0.000900408198038723,0.043052958834149835,0.31030752770154924,1.852850657196483
amm,0.25,0.9,volatility,none,0.01695392589229599,0.0012438886788747733,10,0.065914521084153,0.01311232525064433,10,0.026270801104067994,0.04047573713546868,10,0.4734432003816644,0.05489360594637929,10,1.0,0.0,10,34.72082728079428,0.4156160245743642,10,0.004475187014651488,0.00010104841632087099,10,0.14095064525512627,0.007656284554995115,10,-0.0008482021708240862,0.004494282377271049,10,2.4,3.3730961708462712,10,0.0,0.0,10,9.6,10.564090116995406,10,0.0,0.0,10,0.009073915191766707,0.0010806682006302918,10,-0.041316260737135964,0.04402707028321334,10,34.67003927949288,0.2942511599627859,10,99.79089843326145,1.6217683051403355,10,0.013790924860309205,0.0015329018272124664,10,0.0352158820567568,0.03888688874280212,10,34.68902659742494,0.3696167392794038,10,99.93639684393618,2.101100970821417,10,0.009615731661711712,0.0014527248620868978,10,-0.017713756376441618,0.06946194383948005,10,34.75262796416362,0.5006523278738213,10,100.3243725694413,2.9894021637146624,10,0.0007709701906646427,0.008127103389742964,0.02508712178717869,0.03402340945898298,0.0,0.25760148086502277,6.26304573072693e-05,0.004745414331198038,0.0027855850769860037,2.0906666666666665,0.0,6.547690890688106,0.0,0.0006698050901458762,0.02728826087665666,0.18237875844727422,1.005182409537626,0.0009501023958713531,0.024102343350784008,0.22909082845971762,1.3022758737101854,0.000900408198038723,0.043052958834149835,0.31030752770154924,1.852850657196483
amm,0.25,0.9,volatility,position_limit,0.01695094075550169,0.0012554858117407974,10,0.06596862997883704,0.013103135906900787,10,0.027215890197664093,0.03952934610869659,10,0.5377121113285497,0.10008985600845907,10,1.0,0.0,10,34.67219285132071,0.41412521672762226,10,0.0044750247614764255,0.00010268923223672779,10,0.1408964213395196,0.007630834989998718,10,-0.000854526864267402,0.004493355449867785,10,2.4,3.3730961708462712,10,0.0,0.0,10,9.6,10.564090116995406,10,0.0,0.0,10,0.009080238245373271,0.0011045572475984018,10,-0.04404182314733309,0.04432173020136771,10,34.62119223160509,0.2929952627780502,10,99.79080567716738,1.622182386275658,10,0.01378517853628482,0.0015388245697570318,10,0.036263012142986856,0.038719190472619514,10,34.64034376347109,0.3680359208380282,10,99.93610399998639,2.10110542052038,10,0.009618944596549793,0.0014518018906172965,10,-0.017228984453298672,0.06891152859013727,10,34.70404193917034,0.49920133244064185,10,100.32398180208216,2.989765601065711,10,0.0007781581680847522,0.008121407775482328,0.02450054255163664,0.06203633547034391,0.0,0.25667746858854906,6.364744554824117e-05,0.0047296405273916115,0.0027850105614292955,2.0906666666666665,0.0,6.547690890688106,0.0,0.0006846116748576698,0.027470892986055873,0.18160034530756564,1.0054390596842764,0.0009537733497327322,0.023998402886068332,0.22811102703869657,1.302278631662176,0.0008998361343951015,0.04271180792817454,0.3094081914146527,1.853075918000437
amm,0.5,0.0,fundamental,all,0.018002301174615896,0.0023043896128274884,10,0.0993053541804308,0.013333231759982666,10,0.021611293052455287,0.06958782967511035,10,0.4586672740417628,0.051242598024003105,10,0.8108226883871709,0.04938554494803792,10,34.2050473210103,0.2837626998436137,10,0.004510680783728535,0.0001995509053862736,10,0.05717573365540287,0.0065288480716299314,10,0.010919461547603404,0.004142351699829239,10,4.4,4.141926551202418,10,0.0,0.0,10,23.7,17.003594391252168,10,0.0,0.0,10,0.007222329149338623,0.0013599285984730411,10,0.08451226726563202,0.09040686672928219,10,34.81519250300572,0.255475808412241,10,100.98788312835647,1.5308072282536025,10,0.014836552546663384,0.0021110134880133686,10,0.060219960840737795,0.07297454512845042,10,34.42827466095478,0.28536964244100116,10,98.86315984243552,1.6964447743718438,10,0.008796266272293346,0.0015416057503937143,10,0.0835066666821174,0.14187317612021247,10,33.98181998106583,0.2864037733958395,10,96.56610023759853,1.665648174402018,10,0.0014282754794218118,0.008264022662758379,0.04313098368343591,0.031760491304137495,0.030609477882786645,0.17587794351488684,0.00012368293255319982,0.0040466219590955515,0.0025674561832223805,2.5671926733734303,0.0,10.538936990460131,0.0,0.0008428924779695767,0.056034756536830474,0.15834554656447536,0.9488041499864062,0.0013084197155179254,0.045230091668847,0.17687393685555755,1.0514673646942718,0.000955497143350402,0.08793390558272804,0.17751489786192762,1.032379434275902
amm,0.5,0.0,fundamental,circuit_breaker,0.018650902074456306,0.0012085578262454203,10,0.1044234237850403,0.017003907329626405,10,0.041567029198176716,0.051749594636931254,10,0.38222499452569136,0.021198797550555627,10,0.7453333333333333,0.07288075835411979,10,34.2635215330654,0.4418633422211796,10,0.004586422312516394,9.45549509896696e-05,10,0.08563397995032453,0.008235130314524637,10,0.009509954527019748,0.0031346216572171017,10,4.6,5.601587076693335,10,0.0,0.0,10,11.9,8.033955715862794,10,0.0,0.0,10,0.008508630053094967,0.0019605583357332756,10,0.04914261414250839,0.09828381947486342,10,34.79661569095417,0.4181690468875849,10,100.07108196904488,2.4399134728004426,10,0.014887999243552196,0.0009748605951701132,10,0.10181965612560562,0.07661296052689032,10,34.46697409284902,0.441618232750956,10,98.30905922982018,2.554857740621267,10,0.009702273596442183,0.002102745620404007,10,0.0716350213523139,0.10532278713963478,10,34.06006897328177,0.4587817622911733,10,96.25868443614453,2.6576502985927917,10,0.0007490719013316798,0.010539130951673985,0.032074731060454865,0.013139150847644625,0.04517196202387514,0.27386973688686084,5.860576579789783e-05,0.005104186649950545,0.001942858631780734,3.4718996401265847,0.0,4.9794973418787745,0.0,0.001215166646003062,0.060916942429550966,0.2591838604887166,1.5122740380850148,0.0006042248568494401,0.047485204896495235,0.27371781646327203,1.5835172333826788,0.0013032952380824159,0.06527973978815396,0.2843558822860672,1.6472287208848422
amm,0.5,0.0,fundamental,execution_delay,0.01799911979821136,0.0023120128887227534,10,0.09932034200371041,0.013369091136835947,10,0.021112885071771788,0.0687987300340769,10,0.4657446946877294,0.052512538043902296,10,0.8108226883871709,0.04938554494803792,10,34.2684262926446,0.2868008087129484,10,0.00450966024034847,0.00020107433044809248,10,0.05720878055795618,0.006544096694756046,10,0.010930084949499874,0.004143330156976561,10,4.1,3.573047252229764,10,0.0,0.0,10,23.7,17.003594391252168,10,0.0,0.0,10,0.007231400502392212,0.0013575861413617056,10,0.0805566660179729,0.09147257330726755,10,34.880237190093624,0.2566368324684583,10,100.98801809657778,1.5306404090568206,10,0.014835869874831199,0.002109425573880149,10,0.06088458258640307,0.07245608914449037,10,34.492170184665774,0.2882246732530984,10,98.86320930652786,1.6963864932614667,10,0.008794480968851338,0.0015483115594342727,10,0.0822934466686941,0.1396640510781113,10,34.044682400623415,0.2895683965889827,10,96.56688385815504,1.6658449066021286,10,0.0014330004347737476,0.008286248534799192,0.04264189465880447,0.032547608283254974,0.030609477882786645,0.17776098290099154,0.0001246271611890262,0.00405607315362652,0.0025680626372453484,2.21459763087263,0.0,10.538936990460131,0.0,0.0008414406080101333,0.056695288317186565,0.1590651567299106,0.9487007543770292,0.0013074355161415351,0.044908749320778936,0.17864350328617032,1.051431241687814,0.0009596534468543753,0.08656467569597365,0.17947635163832704,1.0325013701568255
amm,0.5,0.0,fundamental,liquidity_buffer,0.018650902074456306,0.0012085578262454203,10,0.1044234237850403,0.017003907329626405,10,0.041567029198176716,0.051749594636931254,10,0.38222499452569136,0.021198797550555627,10,0.7453333333333333,0.07288075835411979,10,34.2635215330654,0.4418633422211796,10,0.004586422312516394,9.45549509896696e-05,10,0.08563397995032453,0.008235130314524637,10,0.009509954527019748,0.0031346216572171017,10,4.6,5.601587076693335,10,0.0,0.0,10,11.9,8.033955715862794,10,0.0,0.0,10,0.008508630053094967,0.0019605583357332756,10,0.04914261414250839,0.09828381947486342,10,34.79661569095417,0.4181690468875849,10,100.07108196904488,2.4399134728004426,10,0.014887999243552196,0.0009748605951701132,10,0.10181965612560562,0.07661296052689032,10,34.46697409284902,0.441618232750956,10,98.30905922982018,2.554857740621267,10,0.009702273596442183,0.002102745620404007,10,0.0716350213523139,0.10532278713963478,10,34.06006897328177,0.4587817622911733,10,96.25868443614453,2.6576502985927917,10,0.0007490719013316798,0.010539130951673985,0.032074731060454865,0.013139150847644625,0.04517196202387514,0.27386973688686084,5.860576579789783e-05,0.005104186649950545,0.001942858631780734,3.4718996401265847,0.0,4.9794973418787745,0.0,0.001215166646003062,0.060916942429550966,0.2591838604887166,1.5122740380850148,0.0006042248568494401,0.047485204896495235,0.27371781646327203,1.5835172333826788,0.0013032952380824159,0.06527973978815396,0.2843558822860672,1.6472287208848422
amm,0.5,0.0,fundamental,none,0.018650902074456306,0.0012085578262454203,10,0.1044234237850403,0.017003907329626405,10,0.041567029198176716,0.051749594636931254,10,0.38222499452569136,0.021198797550555627,10,0.7453333333333333,0.07288075835411979,10,34.2635215330654,0.4418633422211796,10,0.004586422312516394,9.45549509896696e-05,10,0.08563397995032453,0.008235130314524637,10,0.009509954527019748,0.0031346216572171017,10,4.6,5.601587076693335,10,0.0,0.0,10,11.9,8.033955715862794,10,0.0,0.0,10,0.008508630053094967,0.0019605583357332756,10,0.04914261414250839,0.09828381947486342,10,34.79661569095417,0.4181690468875849,10,100.07108196904488,2.4399134728004426,10,0.014887999243552196,0.0009748605951701132,10,0.10181965612560562,0.07661296052689032,10,34.46697409284902,0.441618232750956,10,98.30905922982018,2.554857740621267,10,0.009702273596442183,0.002102745620404007,10,0.0716350213523139,0.10532278713963478,10,34.06006897328177,0.4587817622911733,10,96.25868443614453,2.6576502985927917,10,0.0007490719013316798,0.010539130951673985,0.032074731060454865,0.013139150847644625,0.04517196202387514,0.27386973688686084,5.860576579789783e-05,0.005104186649950545,0.001942858631780734,3.4718996401265847,0.0,4.9794973418787745,0.0,0.001215166646003062,0.060916942429550966,0.2591838604887166,1.5122740380850148,0.0006042248568494401,0.047485204896495235,0.27371781646327203,1.5835172333826788,0.0013032952380824159,0.06527973978815396,0.2843558822860672,1.6472287208848422
amm,0.5,0.0,fundamental,position_limit,0.018657864301629763,0.001209755639778374,10,0.10446873515280675,0.017031202524566535,10,0.041078988064343194,0.05092751758044227,10,0.3992796009083341,0.027184094580371472,10,0.7466666666666667,0.07356864603220822,10,34.161967578353924,0.4420514397902308,10,0.004587305386958859,9.451541842626689e-05,10,0.08562349692745615,0.00823611454743717,10,0.009491589501655994,0.003136984817408027,10,4.6,5.601587076693335,10,0.0,0.0,10,11.9,8.033955715862794,10,0.0,0.0,10,0.00849845988827274,0.001967719794477551,10,0.04980244532657007,0.09836227782315454,10,34.69251247177969,0.4192464147801058,10,100.07071385418499,2.4392031814088884,10,0.01489527547971017,0.0009717101939912148,10,0.10186117681218736,0.0763961863934697,10,34.36460135903429,0.4420728808157077,10,98.30853135858789,2.5546280642583743,10,0.009706517767862577,0.002100974597045805,10,0.0704378231231084,0.10412111838915364,10,33.95933379767355,0.458681725401746,10,96.25738622178154,2.659177669409653,10,0.000749814313851036,0.01055604868877105,0.03156520242196313,0.01684887638066895,0.045598319223951474,0.2739863209680072,5.8581263261246706e-05,0.005104796683829879,0.0019443233336418498,3.4718996401265847,0.0,4.9794973418787745,0.0,0.001219605364119305,0.06096557141763369,0.2598516200267037,1.5118337949194693,0.0006022722179687949,0.04735084689660923,0.273999610253279,1.5833748784981159,0.0013021975464325654,0.06453493778021845,0.284293878779624,1.6481753951249811
amm,0.5,0.0,liquidity,all,0.013143255032202683,0.0025964568632032303,10,0.061124237778505175,0.013062256547146442,10,0.06874278651669677,0.0674953414604696,10,0.4651155451341452,0.0438795263903667,10,0.6543286843068659,0.10999423716086033,10,22.4676625719005,0.18397957521640657,10,0.004100609129354989,0.0002246235399406456,10,0.04900176069524135,0.00884203267763728,10,0.25520662496235386,0.003020953513365094,10,4.8,7.02060459568041,10,0.0,0.0,10,19.7,20.456186241710736,10,260.0,0.0,10,0.007222329149338623,0.0013599285984730411,10,0.08451226726563202,0.09040686672928219,10,34.81519250300572,0.255475808412241,10,100.98788312835647,1.5308072282536025,10,0.009099421637218994,0.002505957409858716,10,0.055376105192816015,0.0665257669472725,10,25.92502724117413,0.2116470753241814,10,100.96497998793366,1.7030604206710023,10,0.009258471594267483,0.0015477309073285322,10,0.0457058917635248,0.12273370229636076,10,19.01029790262687,0.1592409864059355,10,100.87841436229886,1.6860568376284677,10,0.0016093006366832941,0.00809607048580415,0.0418340460513124,0.027196812224432987,0.06817513450852604,0.11403172212428564,0.00013922311245123968,0.005480348631766348,0.0018724063863134364,4.351415810463941,0.0,12.6788755898235,0.0,0.0008428924779695767,0.056034756536830474,0.15834554656447536,0.9488041499864062,0.001553208494367808,0.04123309754201385,0.13118021635497606,1.055567784752155,0.0009592935549506419,0.07607113680462148,0.09869858592335462,1.045028854795703
amm,0.5,0.0,liquidity,circuit_breaker,0.014785739186496696,0.0016303530494482348,10,0.06687280594458007,0.017435103327847656,10,0.05298395416155123,0.06417475138912762,10,0.3848392822512196,0.02292100571308409,10,0.64,0.12268598881637563,10,22.50231389529381,0.2886476231745406,10,0.004268303984850631,9.235390594736555e-05,10,0.0864239656320126,0.010699808117208541,10,0.2542391854987452,0.0022550531961839553,10,4.6,5.87272414547873,10,0.0,0.0,10,24.3,18.37298741812737,10,260.0,0.0,10,0.008508630053094967,0.0019605583357332756,10,0.04914261414250839,0.09828381947486342,10,34.79661569095417,0.4181690468875849,10,100.07108196904488,2.4399134728004426,10,0.009304640626858174,0.0012146407257520532,10,0.08613442168311587,0.07506568153956784,10,25.95091417808944,0.3319956195316378,10,100.38836063452814,2.612276263615238,10,0.011109256861293552,0.0023151702168009726,10,0.03322439239464454,0.0777373341488921,10,19.053713612498182,0.2562768854967917,10,100.53561324681287,2.782980600681764,10,0.001010503289185679,0.01080638900025048,0.0397759230022808,0.01420658652575521,0.07604156368333968,0.1789056503634079,5.724154394690255e-05,0.0066318097787188245,0.0013976964515776294,3.639952136437449,0.0,11.387695581928181,0.0,0.001215166646003062,0.060916942429550966,0.2591838604887166,1.5122740380850148,0.0007528421215065792,0.046526191444466306,0.20577301686005717,1.6191056026412438,0.001434957366991072,0.04818209888745685,0.15884205928551065,1.7249092469147123
amm,0.5,0.0,liquidity,execution_delay,0.013139625471998307,0.0025951189346257886,10,0.061133747469234015,0.013103425252079555,10,0.06815443158816398,0.06809081471300668,10,0.47822578018790923,0.05872907477240019,10,0.6508804084447969,0.11050417599693263,10,22.509368158226494,0.1859406119876639,10,0.004100212117357651,0.00022442312657489907,10,0.049040319854645235,0.008842806351884067,10,0.2552098744520423,0.0030223058430586362,10,4.8,7.02060459568041,10,0.0,0.0,10,19.7,20.456186241710736,10,260.0,0.0,10,0.007231400502392212,0.0013575861413617056,10,0.0805566660179729,0.09147257330726755,10,34.880237190093624,0.2566368324684583,10,100.98801809657778,1.5306404090568206,10,0.009093355994320595,0.0025082110893458343,10,0.054998682641240505,0.06661194232436021,10,25.973306615117718,0.21374684626293192,10,100.96516189851899,1.7031065668217695,10,0.009259313056875215,0.001544340058105108,10,0.044960833125340785,0.12337088171726585,10,19.045429701335266,0.16102967872846627,10,100.8784122104171,1.6863659113107534,10,0.0016084713799596308,0.008121587113482128,0.04220312419700266,0.036400657666403415,0.06849119787364132,0.11524718530769874,0.00013909889496021698,0.005480828160032573,0.0018732445689413342,4.351415810463941,0.0,12.6788755898235,0.0,0.0008414406080101333,0.056695288317186565,0.1590651567299106,0.9487007543770292,0.0015546053393856855,0.041286509594098776,0.13248166786626805,1.0555963864327231,0.0009571918848279883,0.07646606470127791,0.09980722891075554,1.0452204206486673
amm,0.5,0.0,liquidity,liquidity_buffer,0.014785739186496696,0.0016303530494482348,10,0.06687280594458007,0.017435103327847656,10,0.05298395416155123,0.06417475138912762,10,0.3848392822512196,0.02292100571308409,10,0.64,0.12268598881637563,10,22.50231389529381,0.2886476231745406,10,0.004268303984850631,9.235390594736555e-05,10,0.0864239656320126,0.010699808117208541,10,0.2542391854987452,0.0022550531961839553,10,4.6,5.87272414547873,10,0.0,0.0,10,24.3,18.37298741812737,10,260.0,0.0,10,0.008508630053094967,0.0019605583357332756,10,0.04914261414250839,0.09828381947486342,10,34.79661569095417,0.4181690468875849,10,100.07108196904488,2.4399134728004426,10,0.009304640626858174,0.0012146407257520532,10,0.08613442168311587,0.07506568153956784,10,25.95091417808944,0.3319956195316378,10,100.38836063452814,2.612276263615238,10,0.011109256861293552,0.0023151702168009726,10,0.03322439239464454,0.0777373341488921,10,19.053713612498182,0.2562768854967917,10,100.53561324681287,2.782980600681764,10,0.001010503289185679,0.01080638900025048,0.0397759230022808,0.01420658652575521,0.07604156368333968,0.1789056503634079,5.724154394690255e-05,0.0066318097787188245,0.0013976964515776294,3.639952136437449,0.0,11.387695581928181,0.0,0.001215166646003062,0.060916942429550966,0.2591838604887166,1.5122740380850148,0.0007528421215065792,0.046526191444466306,0.20577301686005717,1.6191056026412438,0.001434957366991072,0.04818209888745685,0.15884205928551065,1.7249092469147123
amm,0.5,0.0,liquidity,none,0.014785739186496696,0.0016303530494482348,10,0.06687280594458007,0.017435103327847656,10,0.05298395416155123,0.06417475138912762,10,0.3848392822512196,0.02292100571308409,10,0.64,0.12268598881637563,10,22.50231389529381,0.2886476231745406,10,0.004268303984850631,9.235390594736555e-05,10,0.0864239656320126,0.010699808117208541,10,0.2542391854987452,0.0022550531961839553,10,4.6,5.87272414547873,10,0.0,0.0,10,24.3,18.37298741812737,10,260.0,0.0,10,0.008508630053094967,0.0019605583357332756,10,0.04914261414250839,0.09828381947486342,10,34.79661569095417,0.4181690468875849,10,100.07108196904488,2.4399134728004426,10,0.009304640626858174,0.0012146407257520532,10,0.08613442168311587,0.07506568153956784,10,25.95091417808944,0.3319956195316378,10,100.38836063452814,2.612276263615238,10,0.011109256861293552,0.0023151702168009726,10,0.03322439239464454,0.0777373341488921,10,19.053713612498182,0.2562768854967917,10,100.53561324681287,2.782980600681764,10,0.001010503289185679,0.01080638900025048,0.0397759230022808,0.01420658652575521,0.07604156368333968,0.1789056503634079,5.724154394690255e-05,0.0066318097787188245,0.0013976964515776294,3.639952136437449,0.0,11.387695581928181,0.0,0.001215166646003062,0.060916942429550966,0.2591838604887166,1.5122740380850148,0.0007528421215065792,0.046526191444466306,0.20577301686005717,1.6191056026412438,0.001434957366991072,0.04818209888745685,0.15884205928551065,1.7249092469147123
amm,0.5,0.0,liquidity,position_limit,0.014831588921981043,0.0016485398609467176,10,0.06689155098173594,0.01741825272190675,10,0.053083817043776835,0.06363487566955772,10,0.3837221299116178,0.02335222962128468,10,0.6386666666666667,0.12403902213555895,10,22.435696974544157,0.28879330362158345,10,0.0042722115354898805,9.389957812673777e-05,10,0.08644132678909376,0.010952755473145963,10,0.2542262283199861,0.0022519121304442977,10,4.6,5.87272414547873,10,0.0,0.0,10,22.1,21.465476157464263,10,260.0,0.0,10,0.00849845988827274,0.001967719794477551,10,0.04980244532657007,0.09836227782315454,10,34.69251247177969,0.4192464147801058,10,100.07071385418499,2.4392031814088884,10,0.009297644900698437,0.0012402705894528263,10,0.08872744330511634,0.0734032023693992,10,25.873807003767574,0.33244011828542636,10,100.38939085292846,2.612366510229844,10,0.011173358564068033,0.002292977178195442,10,0.031744764050593705,0.07610311029149276,10,18.99758694532074,0.25607657996020106,10,100.5362024177417,2.782095952217662,10,0.0010217755917371028,0.010795944886483944,0.039441304564537205,0.014473861873116122,0.0768801824229282,0.1789959440399564,5.8199561489045976e-05,0.0067885881742032195,0.001395749598862172,3.639952136437449,0.0,13.304439960654738,0.0,0.001219605364119305,0.06096557141763369,0.2598516200267037,1.5118337949194693,0.0007687276756077458,0.04549577617936367,0.2060485200419565,1.6191615380724855,0.0014212019791531416,0.04716919644664709,0.15871790862769122,1.7243609361159864
amm,0.5,0.0,volatility,all,0.016753900079080224,0.0016373992025047782,10,0.07055737139626936,0.014677532584886886,10,0.13089858244533997,0.07139948015994228,10,0.46682473936415525,0.04121142415287147,10,0.7607181287840504,0.1074439730909794,10,34.76650038626039,0.2749758455347964,10,0.004350155096317686,0.00016195456262727999,10,0.056231372261970836,0.005503424432967476,10,-0.0009973621023409707,0.005149626189807727,10,4.0,4.760952285695233,10,0.0,0.0,10,8.1,6.402256546631733,10,0.0,0.0,10,0.007222329149338623,0.0013599285984730411,10,0.08451226726563202,0.09040686672928219,10,34.81519250300572,0.255475808412241,10,100.98788312835647,1.5308072282536025,10,0.014273711135730371,0.0010271124134363307,10,0.13074520020638442,0.10687262245264088,10,34.84307328827075,0.3056650305627682,10,101.18334397462509,1.8093627686120128,10,0.008374394610683848,0.0026403543899309956,10,0.12195221445381825,0.12333944404475673,10,34.68992748425002,0.2933337205065863,10,100.26127878318292,1.6930023231112685,10,0.0010148705400962424,0.009097228946317924,0.0442538562872545,0.025543105324700405,0.06659446446176598,0.17043179479043713,0.00010038047789028328,0.003411057803204384,0.0031917713802164086,2.9508687986195974,0.0,3.9681597190077356,0.0,0.0008428924779695767,0.056034756536830474,0.15834554656447536,0.9488041499864062,0.0006366108693403019,0.06624033766725677,0.18945314873809205,1.1214546626151467,0.001636508605632434,0.07644657942998312,0.1818101235810824,1.0493337112976346
amm,0.5,0.0,volatility,circuit_breaker,0.01828463393661405,0.002849196584985406,10,0.06660572350213405,0.014022072972833673,10,0.06622712422988826,0.043939647469680654,10,0.39514142723982776,0.02715254443039541,10,0.7133333333333333,0.10503379820530195,10,34.819235778556965,0.5246860945013402,10,0.004557173877075769,0.00023312213708627448,10,0.09966285672221106,0.019804797236970154,10,-0.0005007491779311146,0.008010648024592221,10,1.7,1.636391694484477,10,0.0,0.0,10,15.5,11.481869766433224,10,0.0,0.0,10,0.008508630053094967,0.0019605583357332756,10,0.04914261414250839,0.09828381947486342,10,34.79661569095417,0.4181690468875849,10,100.07108196904488,2.4399134728004426,10,0.015343047031508922,0.0018709422413726439,10,0.08196105135154785,0.06739758161878615,10,34.81463799074505,0.46199642123089213,10,100.20549904667865,2.7919029156398785,10,0.009657279010689974,0.0028078300812190995,10,0.03334763741561038,0.07495990167448492,10,34.82383356636889,0.5969268708657326,10,100.25609011538539,3.612083794063112,10,0.0017659503391849675,0.008690970869803576,0.027234075655452855,0.016829321395117874,0.06510062259094296,0.32520381058754627,0.0001444905975349327,0.012275140501860491,0.004965051085161428,1.0142460801556548,0.0,7.116536610833484,0.0,0.001215166646003062,0.060916942429550966,0.2591838604887166,1.5122740380850148,0.0011596220152581811,0.041773453873682635,0.2863483485394933,1.7304393550194421,0.001740311114520033,0.046460628404833816,0.3699791076646125,2.2387927301699153
amm,0.5,0.0,volatility,execution_delay,0.016754333352200022,0.001647314750783069,10,0.07059724106604152,0.014628640486017178,10,0.13044413039347766,0.07048645658426171,10,0.4657773923524263,0.05647586408150753,10,0.7607181287840504,0.1074439730909794,10,34.8310723464576,0.2784971826872896,10,0.004350361612725486,0.00016255985275593176,10,0.05629637089516677,0.005515034715841863,10,-0.000990521527930699,0.005149786618938708,10,4.0,4.760952285695233,10,0.0,0.0,10,8.1,6.402256546631733,10,0.0,0.0,10,0.007231400502392212,0.0013575861413617056,10,0.0805566660179729,0.09147257330726755,10,34.880237190093624,0.2566368324684583,10,100.98801809657778,1.5306404090568206,10,0.014275319667982645,0.0010279524920192176,10,0.13007197788641872,0.10628061739693058,10,34.907879542701174,0.308991370407919,10,101.18329144785412,1.809949084863726,10,0.00837327499898744,0.0026405470499566265,10,0.12207902156167823,0.12341962024550827,10,34.75426515021403,0.2967070469956336,10,100.2614628196074,1.693015051059825,10,0.0010210162605907593,0.009066925309483097,0.04368795841216448,0.03500410321143678,0.06659446446176598,0.1726143421694422,0.00010075564059882745,0.0034182539310841182,0.0031918708152219692,2.9508687986195974,0.0,3.9681597190077356,0.0,0.0008414406080101333,0.056695288317186565,0.1590651567299106,0.9487007543770292,0.0006371315554404501,0.06587340913223041,0.19151483553385193,1.1218180651929255,0.0016366280175534658,0.07649627315405183,0.18390093300044902,1.0493416001618812
amm,0.5,0.0,volatility,liquidity_buffer,0.01828463393661405,0.002849196584985406,10,0.06660572350213405,0.014022072972833673,10,0.06622712422988826,0.043939647469680654,10,0.39514142723982776,0.02715254443039541,10,0.7133333333333333,0.10503379820530195,10,34.819235778556965,0.5246860945013402,10,0.004557173877075769,0.00023312213708627448,10,0.09966285672221106,0.019804797236970154,10,-0.0005007491779311146,0.008010648024592221,10,1.7,1.636391694484477,10,0.0,0.0,10,15.5,11.481869766433224,10,0.0,0.0,10,0.008508630053094967,0.0019605583357332756,10,0.04914261414250839,0.09828381947486342,10,34.79661569095417,0.4181690468875849,10,100.07108196904488,2.4399134728004426,10,0.015343047031508922,0.0018709422413726439,10,0.08196105135154785,0.06739758161878615,10,34.81463799074505,0.46199642123089213,10,100.20549904667865,2.7919029156398785,10,0.009657279010689974,0.0028078300812190995,10,0.03334763741561038,0.07495990167448492,10,34.82383356636889,0.5969268708657326,10,100.25609011538539,3.612083794063112,10,0.0017659503391849675,0.008690970869803576,0.027234075655452855,0.016829321395117874,0.06510062259094296,0.32520381058754627,0.0001444905975349327,0.012275140501860491,0.004965051085161428,1.0142460801556548,0.0,7.116536610833484,0.0,0.001215166646003062,0.060916942429550966,0.2591838604887166,1.5122740380850148,0.0011596220152581811,0.041773453873682635,0.2863483485394933,1.7304393550194421,0.001740311114520033,0.046460628404833816,0.3699791076646125,2.2387927301699153
amm,0.5,0.0,volatility,none,0.01828463393661405,0.002849196584985406,10,0.06660572350213405,0.014022072972833673,10,0.06622712422988826,0.043939647469680654,10,0.39514142723982776,0.02715254443039541,10,0.7133333333333333,0.10503379820530195,10,34.819235778556965,0.5246860945013402,10,0.004557173877075769,0.00023312213708627448,10,0.09966285672221106,0.019804797236970154,10,-0.0005007491779311146,0.008010648024592221,10,1.7,1.636391694484477,10,0.0,0.0,10,15.5,11.481869766433224,10,0.0,0.0,10,0.008508630053094967,0.0019605583357332756,10,0.04914261414250839,0.09828381947486342,10,34.79661569095417,0.4181690468875849,10,100.07108196904488,2.4399134728004426,10,0.015343047031508922,0.0018709422413726439,10,0.08196105135154785,0.06739758161878615,10,34.81463799074505,0.46199642123089213,10,100.20549904667865,2.7919029156398785,10,0.009657279010689974,0.0028078300812190995,10,0.03334763741561038,0.07495990167448492,10,34.82383356636889,0.5969268708657326,10,100.25609011538539,3.612083794063112,10,0.0017659503391849675,0.008690970869803576,0.027234075655452855,0.016829321395117874,0.06510062259094296,0.32520381058754627,0.0001444905975349327,0.012275140501860491,0.004965051085161428,1.0142460801556548,0.0,7.116536610833484,0.0,0.001215166646003062,0.060916942429550966,0.2591838604887166,1.5122740380850148,0.0011596220152581811,0.041773453873682635,0.2863483485394933,1.7304393550194421,0.001740311114520033,0.046460628404833816,0.3699791076646125,2.2387927301699153
amm,0.5,0.0,volatility,position_limit,0.01828558964972875,0.0028533349483759953,10,0.06660037452719222,0.014043204498796676,10,0.06565395958409011,0.042441603141288364,10,0.38950292035199924,0.028375400329286902,10,0.7146666666666667,0.10445862787856063,10,34.71597274846848,0.525134185170224,10,0.004557457101098487,0.00023339314457301521,10,0.09947565345679768,0.019598552273247655,10,-0.0005143983602518664,0.008007917798237882,10,1.7,1.636391694484477,10,0.0,0.0,10,15.5,11.481869766433224,10,0.0,0.0,10,0.00849845988827274,0.001967719794477551,10,0.04980244532657007,0.09836227782315454,10,34.69251247177969,0.4192464147801058,10,100.07071385418499,2.4392031814088884,10,0.015344642778417789,0.0018709566145932769,10,0.0811666097593617,0.06617897459704787,10,34.71106352541031,0.46240961076904963,10,100.20534606433765,2.7918438211707834,10,0.009652427843650307,0.002816465300288967,10,0.03183313701737166,0.07502199230870797,10,34.72088197152666,0.5973190807066808,10,100.2563629397312,3.612366912022688,10,0.0017685153233885126,0.008704068325289279,0.026305578161183948,0.01758725533368913,0.06474412832903396,0.3254815400614868,0.00014465856971546017,0.01214730854896532,0.004963358873335152,1.0142460801556548,0.0,7.116536610833484,0.0,0.001219605364119305,0.06096557141763369,0.2598516200267037,1.5118337949194693,0.0011596309238726256,0.04101815341645464,0.2866044460684958,1.7304027278880283,0.0017456632787496724,0.04649911257863363,0.37022220184256577,2.2389682084992724
amm,0.5,0.5,fundamental,all,0.018632141154208946,0.002072482583989434,10,0.09969814781777427,0.013437168714337082,10,-0.0021373538129042546,0.06685464429822797,10,0.4842943238453644,0.029450202365254106,10,1.0,0.0,10,34.19911733090951,0.2871617736690118,10,0.004611260430420039,0.00016968870088708722,10,0.09203862327989293,0.006514649307667935,10,0.010945431435555097,0.0041135554364086285,10,4.3,3.4009802508492557,10,0.0,0.0,10,18.6,13.293273152655486,10,0.0,0.0,10,0.007826922413346534,0.001269469182700604,10,0.050634598929783836,0.1047946480314443,10,34.80979859880161,0.25727048532289254,10,100.98889691825654,1.5280286066018682,10,0.015364188804255033,0.0019102923019874386,10,0.017022918379291922,0.06578124522799032,10,34.42211627236437,0.28778740566727545,10,98.85985699877256,1.6932482213576006,10,0.009156895875212366,0.0014362424011240312,10,0.06256534239794519,0.12412270659823708,10,33.97611838945464,0.2908217070087149,10,96.56550670035308,1.67207936851933,10,0.0012845380137818136,0.008328443454487276,0.041436937835986766,0.01825342453730788,0.0,0.17798471129865748,0.00010517414644765311,0.004037821474016063,0.002549608074242162,2.1079493985071527,0.0,8.23925606134707,0.0,0.0007868251511983609,0.06495239577750872,0.15945789883802294,0.9470819424440396,0.0011840114355094347,0.04077163819953619,0.17837248202861022,1.0494861206097206,0.0008901922628935787,0.07693205059026692,0.18025316148447582,1.036365529687037
amm,0.5,0.5,fundamental,circuit_breaker,0.020769919331859378,0.0010455900002200571,10,0.10605327404461232,0.017127805911420425,10,-0.011313452480824404,0.045009708163006715,10,0.4051129140471665,0.03504039378259007,10,1.0,0.0,10,34.26273832095667,0.43583074413658535,10,0.004831775430272606,6.952144021182028e-05,10,0.16934704466381062,0.009533265857321187,10,0.009507000592406412,0.003181970199859849,10,2.1,2.1832697191750423,10,0.0,0.0,10,10.0,6.863753427324667,10,0.0,0.0,10,0.010346961949243259,0.0016188365673086341,10,-0.02651972422794351,0.06311566269440741,10,34.79549472638928,0.41135673883835244,10,100.07000152719709,2.4428350484864665,10,0.016450718788314507,0.0009249037835608646,10,0.015326402577787246,0.07001980834431863,10,34.46595266855517,0.4359948133100838,10,98.30667266107243,2.5563201719473283,10,0.011268091094706946,0.0017998673973642102,10,0.005112485397193062,0.07546758957639943,10,34.05952397335817,0.45309673361622005,10,96.25800697699658,2.660259942307908,10,0.0006480633962807021,0.010615924088271403,0.027897306144456596,0.02171826107458876,0.0,0.2701306938563462,4.30898350677759e-05,0.005908779395214337,0.001972205562554309,1.353204591577588,0.0,4.254198449114057,0.0,0.0010033652996036967,0.039119493028468476,0.25496154821529504,1.5140848494557981,0.0005732613042217074,0.04339872683651601,0.27023238498363317,1.5844236577094177,0.001115569370542248,0.046775296626503975,0.2808322650075278,1.6488461948170192
amm,0.5,0.5,fundamental,execution_delay,0.018622621253526317,0.0020780612468984435,10,0.09967090488325106,0.013467861873520141,10,-0.002099714680746554,0.06819163063931706,10,0.4515288570771815,0.046058868278588225,10,1.0,0.0,10,34.26745563053778,0.2905713317184144,10,0.004610972965331106,0.0001699246268790893,10,0.09201324337551195,0.006504707414760848,10,0.01095694550399805,0.0041202299248202035,10,4.3,3.4009802508492557,10,0.0,0.0,10,18.6,13.293273152655486,10,0.0,0.0,10,0.007828453810852605,0.001263543618022767,10,0.05323231344672674,0.10666066197666911,10,34.87977321954687,0.25875622947611876,10,100.98956868625991,1.5279675036673208,10,0.015358091182649112,0.0019163587892210897,10,0.015803952360967783,0.06554525230214149,10,34.49092519399616,0.2906454436592107,10,98.85917509784369,1.6936085453654284,10,0.009154537934820827,0.0014426204551672055,10,0.06326191351509844,0.12342894921705179,10,34.043986067079416,0.294749611753754,10,96.56536197215074,1.6733031018536064,10,0.0012879957048756046,0.008347467271641774,0.042265610555508516,0.02854758232116344,0.0,0.18009797727178944,0.00010532037489246951,0.004031659424951449,0.0025537449650191693,2.1079493985071527,0.0,8.23925606134707,0.0,0.000783152448160658,0.06610896320316795,0.16037877260473965,0.9470440704528412,0.0011877714832521503,0.04062536826869176,0.18014391232859686,1.0497094517435543,0.0008941454217455298,0.07650205531051948,0.1826877020680711,1.0371240074656942
amm,0.5,0.5,fundamental,liquidity_buffer,0.020769919331859378,0.0010455900002200571,10,0.10605327404461232,0.017127805911420425,10,-0.011313452480824404,0.045009708163006715,10,0.4051129140471665,0.03504039378259007,10,1.0,0.0,10,34.26273832095667,0.43583074413658535,10,0.004831775430272606,6.952144021182028e-05,10,0.16934704466381062,0.009533265857321187,10,0.009507000592406412,0.003181970199859849,10,2.1,2.1832697191750423,10,0.0,0.0,10,10.0,6.863753427324667,10,0.0,0.0,10,0.010346961949243259,0.0016188365673086341,10,-0.02651972422794351,0.06311566269440741,10,34.79549472638928,0.41135673883835244,10,100.07000152719709,2.4428350484864665,10,0.016450718788314507,0.0009249037835608646,10,0.015326402577787246,0.07001980834431863,10,34.46595266855517,0.4359948133100838,10,98.30667266107243,2.5563201719473283,10,0.011268091094706946,0.0017998673973642102,10,0.005112485397193062,0.07546758957639943,10,34.05952397335817,0.45309673361622005,10,96.25800697699658,2.660259942307908,10,0.0006480633962807021,0.010615924088271403,0.027897306144456596,0.02171826107458876,0.0,0.2701306938563462,4.30898350677759e-05,0.005908779395214337,0.001972205562554309,1.353204591577588,0.0,4.254198449114057,0.0,0.0010033652996036967,0.039119493028468476,0.25496154821529504,1.5140848494557981,0.0005732613042217074,0.04339872683651601,0.27023238498363317,1.5844236577094177,0.001115569370542248,0.046775296626503975,0.2808322650075278,1.6488461948170192
amm,0.5,0.5,fundamental,none,0.020769919331859378,0.0010455900002200571,10,0.10605327404461232,0.017127805911420425,10,-0.011313452480824404,0.045009708163006715,10,0.4051129140471665,0.03504039378259007,10,1.0,0.0,10,34.26273832095667,0.43583074413658535,10,0.004831775430272606,6.952144021182028e-05,10,0.16934704466381062,0.009533265857321187,10,0.009507000592406412,0.003181970199859849,10,2.1,2.1832697191750423,10,0.0,0.0,10,10.0,6.863753427324667,10,0.0,0.0,10,0.010346961949243259,0.0016188365673086341,10,-0.02651972422794351,0.06311566269440741,10,34.79549472638928,0.41135673883835244,10,100.07000152719709,2.4428350484864665,10,0.016450718788314507,0.0009249037835608646,10,0.015326402577787246,0.07001980834431863,10,34.46595266855517,0.4359948133100838,10,98.30667266107243,2.5563201719473283,10,0.011268091094706946,0.0017998673973642102,10,0.005112485397193062,0.07546758957639943,10,34.05952397335817,0.45309673361622005,10,96.25800697699658,2.660259942307908,10,0.0006480633962807021,0.010615924088271403,0.027897306144456596,0.02171826107458876,0.0,0.2701306938563462,4.30898350677759e-05,0.005908779395214337,0.001972205562554309,1.353204591577588,0.0,4.254198449114057,0.0,0.0010033652996036967,0.039119493028468476,0.25496154821529504,1.5140848494557981,0.0005732613042217074,0.04339872683651601,0.27023238498363317,1.5844236577094177,0.001115569370542248,0.046775296626503975,0.2808322650075278,1.6488461948170192
amm,0.5,0.5,fundamental,position_limit,0.020789157720081407,0.001042867332808823,10,0.10603407856574483,0.017126169786539785,10,-0.011230218725576072,0.04479362939322142,10,0.3830998451700946,0.016093789723937057,10,1.0,0.0,10,34.155052838035616,0.4395391092995833,10,0.004834011631819206,6.929730919964763e-05,10,0.16935370274702577,0.009549484500818002,10,0.009503599238978533,0.0031815637809085792,10,2.1,2.1832697191750423,10,0.0,0.0,10,10.3,7.087547765859029,10,0.0,0.0,10,0.010354012468098483,0.0016155495080594742,10,-0.027065878893275174,0.06259749143733279,10,34.68579125480265,0.4167860735264652,10,100.07054495599583,2.442692844330749,10,0.016467299779662558,0.0009288624287471047,10,0.014778946171869065,0.06983064487981344,10,34.35750617951241,0.43996281017392064,10,98.30671204017047,2.5564470940774844,10,0.011278942353230579,0.0018009190056670354,10,0.005945000658132629,0.07519503054443362,10,33.95259949655882,0.4563208049288112,10,96.25787434859318,2.6605789284239907,10,0.0006463758695359019,0.010614910007564182,0.02776337913541697,0.0099750342154449,0.0,0.2724291623972424,4.295091722719797e-05,0.005918831814599947,0.0019719536614785363,1.353204591577588,0.0,4.392907617209054,0.0,0.001001327959173568,0.038798327155952335,0.25832668471887915,1.5139967104069356,0.0005757148979281555,0.04328148210652275,0.27269177491990654,1.5845023248607053,0.0011162211641211292,0.0466063627882829,0.2828305651101008,1.6490439044601024
amm,0.5,0.5,liquidity,all,0.01472010900945136,0.002234409385422373,10,0.06160905178536734,0.013194838450019966,10,0.0028141645391440984,0.060446976166651435,10,0.46038012195429656,0.03206031168461726,10,1.0,0.0,10,22.464007199526627,0.18641235610314513,10,0.004287188466806372,0.0001807286015679721,10,0.08799136204001437,0.007314561349999487,10,0.25521804161550105,0.0029937586985647213,10,4.8,5.959119994689746,10,0.0,0.0,10,41.9,78.86620174560062,10,260.0,0.0,10,0.007826922413346534,0.001269469182700604,10,0.050634598929783836,0.1047946480314443,10,34.80979859880161,0.25727048532289254,10,100.98889691825654,1.5280286066018682,10,0.010164444731747095,0.0022215769872492076,10,-0.010489166680895964,0.04972129930757449,10,25.920672732079282,0.21336728237054414,10,100.9641067299498,1.698548195188447,10,0.010467798712802399,0.0013096572951827444,10,-0.013254259580874034,0.10490828289465118,10,19.00734166697398,0.16232075785581762,10,100.88046889252726,1.6989465384606675,10,0.0013849012851055785,0.008178245600565664,0.037465423981880325,0.01987118705398688,0.0,0.11553957533972838,0.00011201674778120654,0.00453361209440275,0.0018555508654715719,3.6935008385601384,0.0,48.881778272799274,0.0,0.0007868251511983609,0.06495239577750872,0.15945789883802294,0.9470819424440396,0.001376947682315979,0.030817580590838105,0.1322464117284372,1.0527710784232942,0.0008117340013784557,0.06502282739541845,0.10060744804441439,1.053017974141335
amm,0.5,0.5,liquidity,circuit_breaker,0.019747457547079184,0.001526626041497893,10,0.06945998656715455,0.01761241380532096,10,-0.06633140394397055,0.04677182035769162,10,0.39777802130899753,0.03096622535023444,10,1.0,0.0,10,22.502194805926067,0.2849758879601921,10,0.004744028287188583,9.757386277027036e-05,10,0.17555226732682191,0.01176678538810497,10,0.2542210356108369,0.002293068132891485,10,1.4,1.1737877907772674,10,0.0,0.0,10,94.8,103.93780191377276,10,260.0,0.0,10,0.010346961949243259,0.0016188365673086341,10,-0.02651972422794351,0.06311566269440741,10,34.79549472638928,0.41135673883835244,10,100.07000152719709,2.4428350484864665,10,0.012299097091006472,0.0010603702731252426,10,-0.036160799105279896,0.06092181715842498,10,25.950704307061415,0.3282043725519903,10,100.39173890266336,2.616546082230011,10,0.015248563776745942,0.001756867380295857,10,-0.09719866942348003,0.04731855170343535,10,19.053685304790722,0.2529985949718628,10,100.533901150587,2.7839617954197657,10,0.000946212623586174,0.010916287172768695,0.02898947459793721,0.019193065318378076,0.0,0.1766298852998998,6.047690670513316e-05,0.007293129142700811,0.0014212583534578046,0.7275212100764562,0.0,64.42131705163024,0.0,0.0010033652996036967,0.039119493028468476,0.25496154821529504,1.5140848494557981,0.0006572243043372771,0.037759733477722185,0.2034231776369848,1.6217520636368634,0.001088917683843274,0.02932834219680602,0.15681015376696789,1.7255173977139624
amm,0.5,0.5,liquidity,execution_delay,0.014732305528229295,0.0022495740374143974,10,0.06160186882637737,0.01323436926288945,10,0.002791650430498316,0.05877646113383989,10,0.48160841033930757,0.04410642659795363,10,1.0,0.0,10,22.50921962628266,0.18840918977580134,10,0.004288084269430103,0.00018159243024074264,10,0.08800975900176324,0.0072800807972173654,10,0.2552139062334153,0.0029965836230718716,10,4.9,5.915140648276158,10,0.0,0.0,10,41.8,78.88500772925387,10,260.0,0.0,10,0.007828453810852605,0.001263543618022767,10,0.05323231344672674,0.10666066197666911,10,34.87977321954687,0.25875622947611876,10,100.98956868625991,1.5279675036673208,10,0.01017994940807061,0.0022454532071890655,10,-0.009003537933793136,0.05050666746143299,10,25.97293308303599,0.21536989442613508,10,100.96552424240215,1.6982238032839148,10,0.010468495556314364,0.0013023778789966968,10,-0.01543314231934852,0.10284466758042622,10,19.045506169529332,0.16430633618787335,10,100.8799654683815,1.6983110828841654,10,0.0013943004337884255,0.008202747052225056,0.036430028037510186,0.027337446430110775,0.0,0.11677722567249448,0.00011255215433957312,0.004512240826375211,0.0018573017718210541,3.666242157244329,0.0,48.89343434222817,0.0,0.000783152448160658,0.06610896320316795,0.16037877260473965,0.9470440704528412,0.0013917463167532943,0.03130435681575717,0.1334876435400515,1.052570018237817,0.0008072221724823512,0.0637437853723769,0.10183812224480134,1.0526241146945092
amm,0.5,0.5,liquidity,liquidity_buffer,0.019747457547079184,0.001526626041497893,10,0.06945998656715455,0.01761241380532096,10,-0.06633140394397055,0.04677182035769162,10,0.39777802130899753,0.03096622535023444,10,1.0,0.0,10,22.502194805926067,0.2849758879601921,10,0.004744028287188583,9.757386277027036e-05,10,0.17555226732682191,0.01176678538810497,10,0.2542210356108369,0.002293068132891485,10,1.4,1.1737877907772674,10,0.0,0.0,10,94.8,103.93780191377276,10,260.0,0.0,10,0.010346961949243259,0.0016188365673086341,10,-0.02651972422794351,0.06311566269440741,10,34.79549472638928,0.41135673883835244,10,100.07000152719709,2.4428350484864665,10,0.012299097091006472,0.0010603702731252426,10,-0.036160799105279896,0.06092181715842498,10,25.950704307061415,0.3282043725519903,10,100.39173890266336,2.616546082230011,10,0.015248563776745942,0.001756867380295857,10,-0.09719866942348003,0.04731855170343535,10,19.053685304790722,0.2529985949718628,10,100.533901150587,2.7839617954197657,10,0.000946212623586174,0.010916287172768695,0.02898947459793721,0.019193065318378076,0.0,0.1766298852998998,6.047690670513316e-05,0.007293129142700811,0.0014212583534578046,0.7275212100764562,0.0,64.42131705163024,0.0,0.0010033652996036967,0.039119493028468476,0.25496154821529504,1.5140848494557981,0.0006572243043372771,0.037759733477722185,0.2034231776369848,1.6217520636368634,0.001088917683843274,0.02932834219680602,0.15681015376696789,1.7255173977139624
amm,0.5,0.5,liquidity,none,0.019747457547079184,0.001526626041497893,10,0.06945998656715455,0.01761241380532096,10,-0.06633140394397055,0.04677182035769162,10,0.39777802130899753,0.03096622535023444,10,1.0,0.0,10,22.502194805926067,0.2849758879601921,10,0.004744028287188583,9.757386277027036e-05,10,0.17555226732682191,0.01176678538810497,10,0.2542210356108369,0.002293068132891485,10,1.4,1.1737877907772674,10,0.0,0.0,10,94.8,103.93780191377276,10,260.0,0.0,10,0.010346961949243259,0.0016188365673086341,10,-0.02651972422794351,0.06311566269440741,10,34.79549472638928,0.41135673883835244,10,100.07000152719709,2.4428350484864665,10,0.012299097091006472,0.0010603702731252426,10,-0.036160799105279896,0.06092181715842498,10,25.950704307061415,0.3282043725519903,10,100.39173890266336,2.616546082230011,10,0.015248563776745942,0.001756867380295857,10,-0.09719866942348003,0.04731855170343535,10,19.053685304790722,0.2529985949718628,10,100.533901150587,2.7839617954197657,10,0.000946212623586174,0.010916287172768695,0.02898947459793721,0.019193065318378076,0.0,0.1766298852998998,6.047690670513316e-05,0.007293129142700811,0.0014212583534578046,0.7275212100764562,0.0,64.42131705163024,0.0,0.0010033652996036967,0.039119493028468476,0.25496154821529504,1.5140848494557981,0.0006572243043372771,0.037759733477722185,0.2034231776369848,1.6217520636368634,0.001088917683843274,0.02932834219680602,0.15681015376696789,1.7255173977139624
amm,0.5,0.5,liquidity,position_limit,0.01981071923068809,0.0015068938356071254,10,0.06950750344234627,0.01764803853832293,10,-0.06679613389539017,0.04622007847457393,10,0.3955007908260998,0.026344764928050147,10,1.0,0.0,10,22.43126558894398,0.28747758703839965,10,0.004749570688217468,9.362923186137321e-05,10,0.1757206054681515,0.011692517478896958,10,0.254221464132436,0.0022940299301381383,10,1.4,1.1737877907772674,10,0.0,0.0,10,94.7,104.1228441153365,10,260.0,0.0,10,0.010354012468098483,0.0016155495080594742,10,-0.027065878893275174,0.06259749143733279,10,34.68579125480265,0.4167860735264652,10,100.07054495599583,2.442692844330749,10,0.012327254459810614,0.00104192918677425,10,-0.035570595148884436,0.060349807509385796,10,25.86894774698211,0.3312520873690252,10,100.39255446840572,2.616916621240886,10,0.015310301709065926,0.0017577062213597733,10,-0.09814449885803986,0.04626742588560102,10,18.99358343090585,0.2547937894346311,10,100.53355783612113,2.7846385412847594,10,0.0009339824756668275,0.010938367611043725,0.028647501435829403,0.01632865447249464,0.0,0.17818045445296582,5.80319991377734e-05,0.0072470974156702535,0.0014218544815673586,0.7275212100764562,0.0,64.53600739638814,0.0,0.001001327959173568,0.038798327155952335,0.25832668471887915,1.5139967104069356,0.000645794400599469,0.03740519822414894,0.2053121708511577,1.6219817260951805,0.0010894376029212175,0.02867684766522033,0.15792282682264086,1.7259368491467368
amm,0.5,0.5,volatility,all,0.017315240355575856,0.001639966691288745,10,0.0710773255223254,0.014572402357904097,10,0.10636744714410426,0.06827050356466238,10,0.48687153183047716,0.038260310088362594,10,1.0,0.0,10,34.76109379361414,0.27656067448753363,10,0.004453515094974766,0.0001481608565505005,10,0.09089095974360173,0.004013402887635539,10,-0.000985292195656906,0.005136194529711377,10,2.4,3.3730961708462712,10,0.0,0.0,10,7.2,5.202563470700445,10,0.0,0.0,10,0.007826922413346534,0.001269469182700604,10,0.050634598929783836,0.1047946480314443,10,34.80979859880161,0.25727048532289254,10,100.98889691825654,1.5280286066018682,10,0.01463826893852073,0.0010812293650400465,10,0.10844186397527318,0.10416976952232496,10,34.837332276310875,0.3077901283930176,10,101.18330022524493,1.8040177571831808,10,0.00891093660940021,0.002483540741020546,10,0.08113524496865258,0.1123242066687858,10,34.684855310917406,0.2940935518196665,10,100.26614278820173,1.69197797556614,10,0.0010164618861313996,0.009032068556551486,0.0423144965011116,0.023713985877254602,0.0,0.1714140819521532,9.183105028908768e-05,0.002487532881393725,0.003183446351038723,2.0906666666666665,0.0,3.2245822468448004,0.0,0.0007868251511983609,0.06495239577750872,0.15945789883802294,0.9470819424440396,0.0006701529034504994,0.06456509206496608,0.19077029801936896,1.1181417902091375,0.0015393144990756696,0.06961926457118812,0.182281071908105,1.048698814111426
amm,0.5,0.5,volatility,circuit_breaker,0.019866437578246333,0.002491544789101583,10,0.0678705174604333,0.014439710266035025,10,0.025056570527776562,0.04202196263815934,10,0.3732463033885006,0.03791890578011452,10,1.0,0.0,10,34.81924667110926,0.5206868089015068,10,0.004742751493345114,0.00019376232804209413,10,0.1756042136564054,0.010649252209156603,10,-0.0005359291628827534,0.008028850386934456,10,3.8,4.779586221049312,10,0.0,0.0,10,12.1,10.908202825804482,10,0.0,0.0,10,0.010346961949243259,0.0016188365673086341,10,-0.02651972422794351,0.06311566269440741,10,34.79549472638928,0.41135673883835244,10,100.07000152719709,2.4428350484864665,10,0.016170974272580275,0.0015149235198208552,10,0.05851827435200009,0.06080881604213961,10,34.81473671613163,0.4572793023236286,10,100.20894203716301,2.7916786931452613,10,0.011363923854525223,0.0024920934659642953,10,-0.05068587388099442,0.05774120825008995,10,34.823756626086904,0.5937905398282026,10,100.25825725327718,3.6184723246990034,10,0.001544275459473435,0.008949825145942966,0.026045482282667985,0.02350238129471121,0.0,0.322725027691785,0.00012009513514454734,0.006600474902268879,0.004976333026225667,2.9624182314078777,0.0,6.760974157290911,0.0,0.0010033652996036967,0.039119493028468476,0.25496154821529504,1.5140848494557981,0.0009389593255042552,0.03768969466022394,0.28342464795029704,1.7303003804774577,0.0015446155329162136,0.03578837165239635,0.36803518954793724,2.242752382481307
amm,0.5,0.5,volatility,execution_delay,0.017317036739219034,0.0016418093565954241,10,0.07105376084009334,0.01457383659919681,10,0.1059132655540002,0.06811258752649084,10,0.4740308144751909,0.03834365335195527,10,1.0,0.0,10,34.83089476495793,0.28043011443831883,10,0.004452785275800008,0.00014793353485687704,10,0.09087653737536498,0.004033647166936289,10,-0.000982851645611249,0.0051400811492849615,10,2.4,3.3730961708462712,10,0.0,0.0,10,7.2,5.202563470700445,10,0.0,0.0,10,0.007828453810852605,0.001263543618022767,10,0.05323231344672674,0.10666066197666911,10,34.87977321954687,0.25875622947611876,10,100.98956868625991,1.5279675036673208,10,0.014635375409150622,0.0010832478702770953,10,0.1083487333205803,0.10456915563676294,10,34.907299344711724,0.31139752446714736,10,101.18355781556173,1.8041955365648779,10,0.008918150858918231,0.002487950790331577,10,0.07991774404821791,0.11317375276977651,10,34.75449018520413,0.29776532067376055,10,100.26620696411044,1.6920476983036892,10,0.0010176039819209575,0.009032957508514537,0.04221661912661193,0.023765642567209193,0.0,0.1738123856808445,9.169015484365793e-05,0.0025000804157008032,0.0031858553028079424,2.0906666666666665,0.0,3.2245822468448004,0.0,0.000783152448160658,0.06610896320316795,0.16037877260473965,0.9470440704528412,0.0006714039859580375,0.06481263414330994,0.1930061852706225,1.1182519790115046,0.0015420478759573066,0.07014581869985156,0.1845568578217433,1.048742028711876
amm,0.5,0.5,volatility,liquidity_buffer,0.019866437578246333,0.002491544789101583,10,0.0678705174604333,0.014439710266035025,10,0.025056570527776562,0.04202196263815934,10,0.3732463033885006,0.03791890578011452,10,1.0,0.0,10,34.81924667110926,0.5206868089015068,10,0.004742751493345114,0.00019376232804209413,10,0.1756042136564054,0.010649252209156603,10,-0.0005359291628827534,0.008028850386934456,10,3.8,4.779586221049312,10,0.0,0.0,10,12.1,10.908202825804482,10,0.0,0.0,10,0.010346961949243259,0.0016188365673086341,10,-0.02651972422794351,0.06311566269440741,10,34.79549472638928,0.41135673883835244,10,100.07000152719709,2.4428350484864665,10,0.016170974272580275,0.0015149235198208552,10,0.05851827435200009,0.06080881604213961,10,34.81473671613163,0.4572793023236286,10,100.20894203716301,2.7916786931452613,10,0.011363923854525223,0.0024920934659642953,10,-0.05068587388099442,0.05774120825008995,10,34.823756626086904,0.5937905398282026,10,100.25825725327718,3.6184723246990034,10,0.001544275459473435,0.008949825145942966,0.026045482282667985,0.02350238129471121,0.0,0.322725027691785,0.00012009513514454734,0.006600474902268879,0.004976333026225667,2.9624182314078777,0.0,6.760974157290911,0.0,0.0010033652996036967,0.039119493028468476,0.25496154821529504,1.5140848494557981,0.0009389593255042552,0.03768969466022394,0.28342464795029704,1.7303003804774577,0.0015446155329162136,0.03578837165239635,0.36803518954793724,2.242752382481307
amm,0.5,0.5,volatility,none,0.019866437578246333,0.002491544789101583,10,0.0678705174604333,0.014439710266035025,10,0.025056570527776562,0.04202196263815934,10,0.3732463033885006,0.03791890578011452,10,1.0,0.0,10,34.81924667110926,0.5206868089015068,10,0.004742751493345114,0.00019376232804209413,10,0.1756042136564054,0.010649252209156603,10,-0.0005359291628827534,0.008028850386934456,10,3.8,4.779586221049312,10,0.0,0.0,10,12.1,10.908202825804482,10,0.0,0.0,10,0.010346961949243259,0.0016188365673086341,10,-0.02651972422794351,0.06311566269440741,10,34.79549472638928,0.41135673883835244,10,100.07000152719709,2.4428350484864665,10,0.016170974272580275,0.0015149235198208552,10,0.05851827435200009,0.06080881604213961,10,34.81473671613163,0.4572793023236286,10,100.20894203716301,2.7916786931452613,10,0.011363923854525223,0.0024920934659642953,10,-0.05068587388099442,0.05774120825008995,10,34.823756626086904,0.5937905398282026,10,100.25825725327718,3.6184723246990034,10,0.001544275459473435,0.008949825145942966,0.026045482282667985,0.02350238129471121,0.0,0.322725027691785,0.00012009513514454734,0.006600474902268879,0.004976333026225667,2.9624182314078777,0.0,6.760974157290911,0.0,0.0010033652996036967,0.039119493028468476,0.25496154821529504,1.5140848494557981,0.0009389593255042552,0.03768969466022394,0.28342464795029704,1.7303003804774577,0.0015446155329162136,0.03578837165239635,0.36803518954793724,2.242752382481307
amm,0.5,0.5,volatility,position_limit,0.019876437403707734,0.002495553798940546,10,0.06781912665945854,0.01445460379431511,10,0.024395940923189027,0.0420779554650267,10,0.38215174915648115,0.03185424584308918,10,1.0,0.0,10,34.70943390374876,0.5227074675236197,10,0.004744487390079992,0.0001942618422108125,10,0.17565729196288613,0.010630281569109154,10,-0.00053224023291627,0.008022063059509178,10,3.8,4.779586221049312,10,0.0,0.0,10,11.9,10.867382389517726,10,0.0,0.0,10,0.010354012468098483,0.0016155495080594742,10,-0.027065878893275174,0.06259749143733279,10,34.68579125480265,0.4167860735264652,10,100.07054495599583,2.442692844330749,10,0.016173151739272567,0.0015120292117669154,10,0.05792666852720664,0.06102032593448481,10,34.704928726825905,0.4595842931826626,10,100.20913775105713,2.7916557756824205,10,0.011378366106340675,0.002493899693739373,10,-0.05093756098469755,0.058426592257848804,10,34.71393908067162,0.5954576025130919,10,100.25841491275364,3.6184317863105893,10,0.0015467602695150517,0.008959056250408161,0.026080186996312323,0.019743466122178022,0.0,0.3239774448812137,0.00012040473723389578,0.006588716777749534,0.004972126197103383,2.9624182314078777,0.0,6.735673388756315,0.0,0.001001327959173568,0.038798327155952335,0.25832668471887915,1.5139967104069356,0.000937165414786934,0.03782078984968764,0.2848532960859785,1.7302861760868269,0.0015457350444897054,0.03621317706152536,0.3690684457048963,2.2427272565278553
amm,0.5,0.9,fundamental,all,0.01978116742876699,0.0018875964251107375,10,0.1004716882956306,0.01340129583428346,10,-0.03683883928660423,0.06274740904365646,10,0.461782366364622,0.059048991523490905,10,1.0,0.0,10,34.20121202988359,0.29076805128237254,10,0.00474088105208025,0.0001546587751303969,10,0.14031728489344106,0.009986966315767844,10,0.010946928522302835,0.00414546782795579,10,3.8,4.516635916254486,10,0.0,0.0,10,13.4,8.0718991294215,10,0.0,0.0,10,0.009061570181131044,0.001066424511529283,10,-0.004706230740395373,0.08853489035238093,10,34.81158765887457,0.2604873702106266,10,100.99121302126426,1.5281441681882355,10,0.016262126890918348,0.0017203643605385236,10,-0.034045425746663756,0.06493311321045611,10,34.424165855982295,0.2907739762819026,10,98.86137135797522,1.694795699092064,10,0.009981530705690531,0.00130127453281391,10,0.01935269858442345,0.10123202118462395,10,33.978258203784904,0.29491682306571176,10,96.5654371391245,1.6770643486665722,10,0.0011699443852821105,0.00830620921307618,0.03889124705103162,0.03659894412304063,0.0,0.1802199053207443,9.585850195059637e-05,0.006189985852748524,0.0025693875794451006,2.7994399439887965,0.0,5.00301491325203,0.0,0.0006609767601767454,0.054874493557731066,0.16145174474832263,0.9471535682573364,0.001066292877797443,0.040245960528879486,0.18022357767349978,1.0504452572465037,0.0008065383114332405,0.06274425678082236,0.18279134071295206,1.0394552523928144
amm,0.5,0.9,fundamental,circuit_breaker,0.02432164388874405,0.0010303736055770735,10,0.10772959592171175,0.017112786365687648,10,-0.07142524921629204,0.03185217226924165,10,0.3718968339254153,0.03365479265884162,10,1.0,0.0,10,34.2625680837104,0.43178311852087586,10,0.00517543429904114,7.181424048760924e-05,10,0.2726130751655946,0.01575908637898021,10,0.009508983176401298,0.003187665566277827,10,2.4,2.590581230363393,10,0.0,0.0,10,7.1,5.10881590977792,10,0.0,0.0,10,0.013362510639419447,0.0014597163504544263,10,-0.09826061498858588,0.045973265081028294,10,34.794101886414055,0.4060060340113518,10,100.06716474394304,2.442689652906751,10,0.019041100720456613,0.0008315258699099997,10,-0.06604519072829793,0.0557219486447494,10,34.46506453605976,0.43175994281701974,10,98.30307688952306,2.556471997083318,10,0.013886337950932196,0.0017125731586758017,10,-0.06974394944144316,0.051946001782600074,10,34.06007163136104,0.44926748874020656,10,96.25968512021316,2.662569643170586,10,0.0006386321771705308,0.010606614877379822,0.01974218090779209,0.02085945660060011,0.0,0.2676219495083346,4.451092740168154e-05,0.009767582932978932,0.001975735587232358,1.6056588817194155,0.0,3.166476906595088,0.0,0.0009047415674240116,0.02849452490962402,0.25164514700454155,1.5139947323418483,0.0005153850737246201,0.03453682158254678,0.2676075850582643,1.584517759903633,0.001061463840852559,0.03219646547054787,0.2784588744442884,1.6502777622432039
amm,0.5,0.9,fundamental,execution_delay,0.019772195273311317,0.0018889936363498442,10,0.10047563334299814,0.013441190629942664,10,-0.036823076862498846,0.06265432392079205,10,0.46624849562080756,0.055304039432994556,10,1.0,0.0,10,34.26695109939804,0.2937007584996994,10,0.004739814675067253,0.00015486561622091348,10,0.14033221524341993,0.009992140079416813,10,0.010953839934897213,0.004147309928170603,10,3.8,4.516635916254486,10,0.0,0.0,10,13.4,8.0718991294215,10,0.0,0.0,10,0.009051937425720375,0.00105369258904662,10,-0.00455016427304065,0.0886257596327828,10,34.87889155004518,0.26118290870420585,10,100.99122224084299,1.5283563712105848,10,0.016254152679706344,0.0017233706367139512,10,-0.03405625763704443,0.0650959559277255,10,34.49045964125597,0.2931301375579709,10,98.86168856447537,1.6949402411065921,10,0.009975783779226368,0.0013020549766986913,10,0.019453484658762715,0.10119683775392292,10,34.043442557540125,0.2983899197477347,10,96.56550246686581,1.677040302535449,10,0.0011708103857801513,0.008330936263605917,0.038833552294144105,0.03427779876954184,0.0,0.1820376160861091,9.598670338670646e-05,0.006193192584680925,0.002570529324987091,2.7994399439887965,0.0,5.00301491325203,0.0,0.000653085432865313,0.05493081492123151,0.16188284397296906,0.9472850930532276,0.0010681561870754539,0.04034689149072014,0.18168394156224446,1.0505348453152694,0.0008070220355645649,0.06272244986454724,0.1849439883385886,1.0394403484463346
amm,0.5,0.9,fundamental,liquidity_buffer,0.02432164388874405,0.0010303736055770735,10,0.10772959592171175,0.017112786365687648,10,-0.07142524921629204,0.03185217226924165,10,0.3718968339254153,0.03365479265884162,10,1.0,0.0,10,34.2625680837104,0.43178311852087586,10,0.00517543429904114,7.181424048760924e-05,10,0.2726130751655946,0.01575908637898021,10,0.009508983176401298,0.003187665566277827,10,2.4,2.590581230363393,10,0.0,0.0,10,7.1,5.10881590977792,10,0.0,0.0,10,0.013362510639419447,0.0014597163504544263,10,-0.09826061498858588,0.045973265081028294,10,34.794101886414055,0.4060060340113518,10,100.06716474394304,2.442689652906751,10,0.019041100720456613,0.0008315258699099997,10,-0.06604519072829793,0.0557219486447494,10,34.46506453605976,0.43175994281701974,10,98.30307688952306,2.556471997083318,10,0.013886337950932196,0.0017125731586758017,10,-0.06974394944144316,0.051946001782600074,10,34.06007163136104,0.44926748874020656,10,96.25968512021316,2.662569643170586,10,0.0006386321771705308,0.010606614877379822,0.01974218090779209,0.02085945660060011,0.0,0.2676219495083346,4.451092740168154e-05,0.009767582932978932,0.001975735587232358,1.6056588817194155,0.0,3.166476906595088,0.0,0.0009047415674240116,0.02849452490962402,0.25164514700454155,1.5139947323418483,0.0005153850737246201,0.03453682158254678,0.2676075850582643,1.584517759903633,0.001061463840852559,0.03219646547054787,0.2784588744442884,1.6502777622432039
amm,0.5,0.9,fundamental,none,0.02432164388874405,0.0010303736055770735,10,0.10772959592171175,0.017112786365687648,10,-0.07142524921629204,0.03185217226924165,10,0.3718968339254153,0.03365479265884162,10,1.0,0.0,10,34.2625680837104,0.43178311852087586,10,0.00517543429904114,7.181424048760924e-05,10,0.2726130751655946,0.01575908637898021,10,0.009508983176401298,0.003187665566277827,10,2.4,2.590581230363393,10,0.0,0.0,10,7.1,5.10881590977792,10,0.0,0.0,10,0.013362510639419447,0.0014597163504544263,10,-0.09826061498858588,0.045973265081028294,10,34.794101886414055,0.4060060340113518,10,100.06716474394304,2.442689652906751,10,0.019041100720456613,0.0008315258699099997,10,-0.06604519072829793,0.0557219486447494,10,34.46506453605976,0.43175994281701974,10,98.30307688952306,2.556471997083318,10,0.013886337950932196,0.0017125731586758017,10,-0.06974394944144316,0.051946001782600074,10,34.06007163136104,0.44926748874020656,10,96.25968512021316,2.662569643170586,10,0.0006386321771705308,0.010606614877379822,0.01974218090779209,0.02085945660060011,0.0,0.2676219495083346,4.451092740168154e-05,0.009767582932978932,0.001975735587232358,1.6056588817194155,0.0,3.166476906595088,0.0,0.0009047415674240116,0.02849452490962402,0.25164514700454155,1.5139947323418483,0.0005153850737246201,0.03453682158254678,0.2676075850582643,1.584517759903633,0.001061463840852559,0.03219646547054787,0.2784588744442884,1.6502777622432039
amm,0.5,0.9,fundamental,position_limit,0.02434585521233363,0.001028342660458863,10,0.10768962501562343,0.01710633311435856,10,-0.07161995703304244,0.03214532013968543,10,0.4243894202925939,0.0625893872762459,10,1.0,0.0,10,34.158313572315464,0.4384005644076298,10,0.005177584377677016,7.1844939101878e-05,10,0.2726026726285792,0.01576475549545474,10,0.009491929978709502,0.0031838799316420614,10,2.6,2.6331223544175333,10,0.0,0.0,10,7.2,5.0508525133002165,10,0.0,0.0,10,0.013368353353783901,0.0014539982501417163,10,-0.09877501985782071,0.04614183049623896,10,34.68746982135558,0.4142641316081255,10,100.06703818735257,2.4427353305945783,10,0.01905684035065467,0.0008371156599534276,10,-0.06594769410892323,0.05599546269328488,10,34.360071348003125,0.43826672637474906,10,98.30306048431856,2.5563169471028506,10,0.013904044597013592,0.0017096874650046304,10,-0.07045818525511137,0.051871865170274326,10,33.956555796627825,0.45562512803876604,10,96.2589924073721,2.6629283679746605,10,0.0006373733843447672,0.01060261511076719,0.019923875840310832,0.038793304144870686,0.0,0.2717234849621655,4.452995459993319e-05,0.00977109668777347,0.001973389226576063,1.632026143581448,0.0,3.130550821252459,0.0,0.0009011974521320246,0.02859900283639637,0.256763568923512,1.514023043666078,0.0005188496614877753,0.034706347346170265,0.27164053128995935,1.5844216589301026,0.0010596752693849939,0.032150515122168044,0.28239938010643606,1.6505001021802823
amm,0.5,0.9,liquidity,all,0.017685030191535403,0.001905397861015242,10,0.06287476290652612,0.012972743266494611,10,-0.06161445333421971,0.03769059816665054,10,0.4921639877662855,0.0622720347684547,10,1.0,0.0,10,22.465192998105152,0.18828788099421762,10,0.004564292009219264,0.00015959940611110277,10,0.14015995310805723,0.010452205293619857,10,0.2552227262090693,0.0030130927871586553,10,4.6,6.186005711819757,10,0.0,0.0,10,56.7,80.94174860148912,10,260.0,0.0,10,0.009061570181131044,0.001066424511529283,10,-0.004706230740395373,0.08853489035238093,10,34.81158765887457,0.2604873702106266,10,100.99121302126426,1.5281441681882355,10,0.011910388800356166,0.0018674162974747356,10,-0.06443853248935606,0.052045614325709394,10,25.922091749711615,0.2154792616786768,10,100.96436278405477,1.6987296101227713,10,0.012941489250624582,0.0011619256574994742,10,-0.0784497469306975,0.05804579189244563,10,19.00829424649869,0.1639067570845883,10,100.87661505557512,1.6976458576968294,10,0.0011809778295657383,0.008040589579656192,0.023360874769833326,0.03859660702269652,0.0,0.11670203771069752,9.892073675817107e-05,0.006478343958703518,0.0018675342577338732,3.834126062959675,0.0,50.16821554198102,0.0,0.0006609767601767454,0.054874493557731066,0.16145174474832263,0.9471535682573364,0.001157436612588786,0.032258205964418314,0.13355543006546697,1.0528835205645248,0.0007201689836994603,0.03597715454977967,0.1015904605507308,1.0522118038517259
amm,0.5,0.9,liquidity,circuit_breaker,0.02755889643735048,0.0018340968907994682,10,0.07252111672432435,0.01817870963749003,10,-0.1382649363137388,0.022231266987594926,10,0.37549050502556713,0.037836042327407796,10,1.0,0.0,10,22.502835891061146,0.28188080293846557,10,0.005443378846123778,0.0001407391426899454,10,0.2864284106935158,0.01858514089147169,10,0.2541972839770098,0.0022780662840752304,10,5.6,7.501111028818776,10,0.0,0.0,10,129.8,122.39989106748965,10,260.0,0.0,10,0.013362510639419447,0.0014597163504544263,10,-0.09826061498858588,0.045973265081028294,10,34.794101886414055,0.4060060340113518,10,100.06716474394304,2.442689652906751,10,0.016892369697283093,0.001199376378580294,10,-0.11735836850223005,0.04013282195678714,10,25.950909191566012,0.32442821447375886,10,100.39322941738915,2.613628695500836,10,0.02164277293188821,0.0018712980189976615,10,-0.15553391315254445,0.024999263846221646,10,19.054762590556287,0.25068272767142896,10,100.53566896535375,2.785910395042834,10,0.0011367850303744505,0.011267280965955178,0.013779082034613602,0.02345102199462479,0.0,0.17471153172867643,8.723102438057418e-05,0.011519189667027821,0.0014119601112287231,4.649236783243747,0.0,75.86423846143407,0.0,0.0009047415674240116,0.02849452490962402,0.25164514700454155,1.5139947323418483,0.0007433811811111507,0.024874580757438747,0.2010826906119019,1.619943848608434,0.001159842528514755,0.015494704261986101,0.15537476434306494,1.7267251522730642
amm,0.5,0.9,liquidity,execution_delay,0.017700781677165975,0.0018693099447808677,10,0.06286554099124297,0.013046059818357039,10,-0.0622599871437986,0.03782547429432431,10,0.44089497430104635,0.05345648714667387,10,1.0,0.0,10,22.50852518822184,0.19016221483487314,10,0.004565045235582892,0.0001573810326688067,10,0.14022662346044806,0.010433648220887003,10,0.25522462388326733,0.0030138236517199945,10,4.6,6.186005711819757,10,0.0,0.0,10,56.7,80.94174860148912,10,260.0,0.0,10,0.009051937425720375,0.00105369258904662,10,-0.00455016427304065,0.0886257596327828,10,34.87889155004518,0.26118290870420585,10,100.99122224084299,1.5283563712105848,10,0.011914531811450245,0.0018589535241314622,10,-0.06617953814335875,0.05171727214900206,10,25.972127017550214,0.21717633637234487,10,100.96460452677421,1.6985058692364114,10,0.01295818422919596,0.0011124791481327693,10,-0.07788854054270984,0.056917570330951274,10,19.044923358893463,0.16592890539840535,10,100.87668472420418,1.6978331014717145,10,0.0011586103073489803,0.008086031649294919,0.02344447185985815,0.03313267399862096,0.0,0.11786376186097001,9.754577465358828e-05,0.006466842165861439,0.0018679872522821598,3.834126062959675,0.0,50.16821554198102,0.0,0.000653085432865313,0.05493081492123151,0.16188284397296906,0.9472850930532276,0.0011521913313278316,0.03205469737488095,0.13460728785818601,1.052744844526431,0.0006895217196785074,0.03527787558121143,0.10284380106064363,1.0523278587457656
amm,0.5,0.9,liquidity,liquidity_buffer,0.02755889643735048,0.0018340968907994682,10,0.07252111672432435,0.01817870963749003,10,-0.1382649363137388,0.022231266987594926,10,0.37549050502556713,0.037836042327407796,10,1.0,0.0,10,22.502835891061146,0.28188080293846557,10,0.005443378846123778,0.0001407391426899454,10,0.2864284106935158,0.01858514089147169,10,0.2541972839770098,0.0022780662840752304,10,5.6,7.501111028818776,10,0.0,0.0,10,129.8,122.39989106748965,10,260.0,0.0,10,0.013362510639419447,0.0014597163504544263,10,-0.09826061498858588,0.045973265081028294,10,34.794101886414055,0.4060060340113518,10,100.06716474394304,2.442689652906751,10,0.016892369697283093,0.001199376378580294,10,-0.11735836850223005,0.04013282195678714,10,25.950909191566012,0.32442821447375886,10,100.39322941738915,2.613628695500836,10,0.02164277293188821,0.0018712980189976615,10,-0.15553391315254445,0.024999263846221646,10,19.054762590556287,0.25068272767142896,10,100.53566896535375,2.785910395042834,10,0.0011367850303744505,0.011267280965955178,0.013779082034613602,0.02345102199462479,0.0,0.17471153172867643,8.723102438057418e-05,0.011519189667027821,0.0014119601112287231,4.649236783243747,0.0,75.86423846143407,0.0,0.0009047415674240116,0.02849452490962402,0.25164514700454155,1.5139947323418483,0.0007433811811111507,0.024874580757438747,0.2010826906119019,1.619943848608434,0.001159842528514755,0.015494704261986101,0.15537476434306494,1.7267251522730642
amm,0.5,0.9,liquidity,none,0.02755889643735048,0.0018340968907994682,10,0.07252111672432435,0.01817870963749003,10,-0.1382649363137388,0.022231266987594926,10,0.37549050502556713,0.037836042327407796,10,1.0,0.0,10,22.502835891061146,0.28188080293846557,10,0.005443378846123778,0.0001407391426899454,10,0.2864284106935158,0.01858514089147169,10,0.2541972839770098,0.0022780662840752304,10,5.6,7.501111028818776,10,0.0,0.0,10,129.8,122.39989106748965,10,260.0,0.0,10,0.013362510639419447,0.0014597163504544263,10,-0.09826061498858588,0.045973265081028294,10,34.794101886414055,0.4060060340113518,10,100.06716474394304,2.442689652906751,10,0.016892369697283093,0.001199376378580294,10,-0.11735836850223005,0.04013282195678714,10,25.950909191566012,0.32442821447375886,10,100.39322941738915,2.613628695500836,10,0.02164277293188821,0.0018712980189976615,10,-0.15553391315254445,0.024999263846221646,10,19.054762590556287,0.25068272767142896,10,100.53566896535375,2.785910395042834,10,0.0011367850303744505,0.011267280965955178,0.013779082034613602,0.02345102199462479,0.0,0.17471153172867643,8.723102438057418e-05,0.011519189667027821,0.0014119601112287231,4.649236783243747,0.0,75.86423846143407,0.0,0.0009047415674240116,0.02849452490962402,0.25164514700454155,1.5139947323418483,0.0007433811811111507,0.024874580757438747,0.2010826906119019,1.619943848608434,0.001159842528514755,0.015494704261986101,0.15537476434306494,1.7267251522730642
amm,0.5,0.9,liquidity,position_limit,0.027601307492581995,0.0018199973515666346,10,0.07249046413469555,0.018133952920004585,10,-0.13861881098827059,0.022173387177952423,10,0.4442519167989151,0.0758296406325477,10,1.0,0.0,10,22.434134623746147,0.2861197193218363,10,0.00544767318462921,0.0001400569106345003,10,0.28647805826747985,0.018575895032789513,10,0.25419313778936176,0.0022722233288151664,10,7.1,9.13418487514531,10,0.0,0.0,10,129.7,122.36470987266803,10,260.0,0.0,10,0.013368353353783901,0.0014539982501417163,10,-0.09877501985782071,0.04614183049623896,10,34.68746982135558,0.4142641316081255,10,100.06703818735257,2.4427353305945783,10,0.016908556867895694,0.0012166013049536074,10,-0.11644168821681174,0.03927786101254182,10,25.871552283293816,0.32937247587869695,10,100.39237756716949,2.6144775839022496,10,0.02168365943908144,0.0018550195560612791,10,-0.1566387656475941,0.024824329847079038,10,18.996716964198473,0.25396979844105866,10,100.53557805718349,2.784998337450762,10,0.0011280460454192577,0.011239540465057226,0.013743207756928175,0.04699969819597679,0.0,0.1773388393228376,8.680817257172915e-05,0.011513459024445314,0.0014083386100386236,5.661426439805902,0.0,75.84243293097136,0.0,0.0009011974521320246,0.02859900283639637,0.256763568923512,1.514023043666078,0.0007540573010853521,0.02434467047415527,0.2041471755797281,1.6204699950906762,0.0011497530326563773,0.015386279045997556,0.15741211191365467,1.7261598531208178
amm,0.5,0.9,volatility,all,0.018360824699218913,0.0015340716409907127,10,0.07174608076009917,0.014676400449218032,10,0.0672982354534428,0.06064858574603616,10,0.5207906083759511,0.1346360845684667,10,1.0,0.0,10,34.76289465281258,0.27931897782487153,10,0.004582004779678501,0.00013540479485341716,10,0.14044639723468116,0.0061036567955314765,10,-0.0009772479351993768,0.005149064133212909,10,3.3,3.8311588035185618,10,0.0,0.0,10,6.5,4.527692569068709,10,0.0,0.0,10,0.009061570181131044,0.001066424511529283,10,-0.004706230740395373,0.08853489035238093,10,34.81158765887457,0.2604873702106266,10,100.99121302126426,1.5281441681882355,10,0.015297198671378479,0.0010577327300550908,10,0.07687887995951373,0.09402449506763721,10,34.83918705458464,0.31133590848266074,10,101.18284720146673,1.8052762599324426,10,0.009883527570301292,0.0022458127654719864,10,0.023555765082777336,0.11520841663628381,10,34.68660225104051,0.2953969347857289,10,100.26419583014058,1.6950765547313646,10,0.0009508274539629442,0.009096527241360479,0.03759038289379732,0.08344830976674697,0.0,0.173123696072785,8.392476133755011e-05,0.0037830856758494444,0.003191423013929754,2.3745768277971364,0.0,2.8062929284021654,0.0,0.0006609767601767454,0.054874493557731066,0.16145174474832263,0.9471535682573364,0.0006555895382056964,0.05827698581115622,0.19296799528777722,1.1189218182944707,0.001391969173285914,0.0714069164296891,0.1830889170400047,1.0506193333752267
amm,0.5,0.9,volatility,circuit_breaker,0.02318633105192543,0.0020877826662391696,10,0.06926807848872377,0.014771838428068947,10,-0.039578667193539994,0.034146310645090446,10,0.39100240727342117,0.03659483787302056,10,1.0,0.0,10,34.8184879876241,0.5176428447353266,10,0.005060448783838758,0.0001703963358491629,10,0.2794575597428487,0.010516911177265676,10,-0.0005362989840353216,0.008017292925904078,10,3.0,2.9059326290271152,10,0.0,0.0,10,7.9,6.5903970543005475,10,0.0,0.0,10,0.013362510639419447,0.0014597163504544263,10,-0.09826061498858588,0.045973265081028294,10,34.794101886414055,0.4060060340113518,10,100.06716474394304,2.442689652906751,10,0.018103208369494056,0.0012147847949059306,10,0.0029843542994346397,0.05235478161262231,10,34.81393718118095,0.4540932894860117,10,100.20561774896302,2.791224124075079,10,0.014361821505969092,0.002176563308469385,10,-0.11684304164805992,0.04222103131175541,10,34.823038794067266,0.5910767822251417,10,100.25415220646435,3.6196119129264286,10,0.0012940211030080407,0.009155680313497047,0.02116410260470729,0.02268171550353398,0.0,0.3208383591550963,0.00010561274314114979,0.006518449080889106,0.004969169637664039,1.8011157036064551,0.0,4.084770413785006,0.0,0.0009047415674240116,0.02849452490962402,0.25164514700454155,1.5139947323418483,0.0007529314164932771,0.03244982983413159,0.28144993673490154,1.7300186356487919,0.001349047915157723,0.02616886632486102,0.36635318515945603,2.243458706582409
amm,0.5,0.9,volatility,execution_delay,0.0183689979178042,0.0015408561405975362,10,0.071745489955321,0.014664656300312676,10,0.06741175902081159,0.06047088060795427,10,0.4660661902700397,0.037352887436594706,10,1.0,0.0,10,34.8298427601628,0.2830764265655407,10,0.004583367608922692,0.0001354711291026772,10,0.14051007860100773,0.006172027235524059,10,-0.0009724243566699541,0.005143087072501881,10,3.3,3.8311588035185618,10,0.0,0.0,10,6.4,4.671426144361293,10,0.0,0.0,10,0.009051937425720375,0.00105369258904662,10,-0.00455016427304065,0.0886257596327828,10,34.87889155004518,0.26118290870420585,10,100.99122224084299,1.5283563712105848,10,0.015308038780638591,0.0010569491509573748,10,0.07652061075827596,0.09379285177783084,10,34.90636497627487,0.31461451897817594,10,101.18359531297753,1.8060033499389943,10,0.009882701096203029,0.002245808621892094,10,0.023504858537688033,0.11441825896661653,10,34.75332054405074,0.29923613126404697,10,100.2644013699125,1.695023305144209,10,0.0009550325303851917,0.009089248142455144,0.03748024010809964,0.0231515594907714,0.0,0.17545258693030683,8.396587573119976e-05,0.0038254621135903116,0.0031877183933200037,2.3745768277971364,0.0,2.8953799213382836,0.0,0.000653085432865313,0.05493081492123151,0.16188284397296906,0.9472850930532276,0.0006551038708492626,0.05813341181266162,0.19500009912614402,1.119372473349462,0.001391966605068489,0.07091717163211639,0.18546847567025565,1.0505863289391713
amm,0.5,0.9,volatility,liquidity_buffer,0.02318633105192543,0.0020877826662391696,10,0.06926807848872377,0.014771838428068947,10,-0.039578667193539994,0.034146310645090446,10,0.39100240727342117,0.03659483787302056,10,1.0,0.0,10,34.8184879876241,0.5176428447353266,10,0.005060448783838758,0.0001703963358491629,10,0.2794575597428487,0.010516911177265676,10,-0.0005362989840353216,0.008017292925904078,10,3.0,2.9059326290271152,10,0.0,0.0,10,7.9,6.5903970543005475,10,0.0,0.0,10,0.013362510639419447,0.0014597163504544263,10,-0.09826061498858588,0.045973265081028294,10,34.794101886414055,0.4060060340113518,10,100.06716474394304,2.442689652906751,10,0.018103208369494056,0.0012147847949059306,10,0.0029843542994346397,0.05235478161262231,10,34.81393718118095,0.4540932894860117,10,100.20561774896302,2.791224124075079,10,0.014361821505969092,0.002176563308469385,10,-0.11684304164805992,0.04222103131175541,10,34.823038794067266,0.5910767822251417,10,100.25415220646435,3.6196119129264286,10,0.0012940211030080407,0.009155680313497047,0.02116410260470729,0.02268171550353398,0.0,0.3208383591550963,0.00010561274314114979,0.006518449080889106,0.004969169637664039,1.8011157036064551,0.0,4.084770413785006,0.0,0.0009047415674240116,0.02849452490962402,0.25164514700454155,1.5139947323418483,0.0007529314164932771,0.03244982983413159,0.28144993673490154,1.7300186356487919,0.001349047915157723,0.02616886632486102,0.36635318515945603,2.243458706582409
amm,0.5,0.9,volatility,none,0.02318633105192543,0.0020877826662391696,10,0.06926807848872377,0.014771838428068947,10,-0.039578667193539994,0.034146310645090446,10,0.39100240727342117,0.03659483787302056,10,1.0,0.0,10,34.8184879876241,0.5176428447353266,10,0.005060448783838758,0.0001703963358491629,10,0.2794575597428487,0.010516911177265676,10,-0.0005362989840353216,0.008017292925904078,10,3.0,2.9059326290271152,10,0.0,0.0,10,7.9,6.5903970543005475,10,0.0,0.0,10,0.013362510639419447,0.0014597163504544263,10,-0.09826061498858588,0.045973265081028294,10,34.794101886414055,0.4060060340113518,10,100.06716474394304,2.442689652906751,10,0.018103208369494056,0.0012147847949059306,10,0.0029843542994346397,0.05235478161262231,10,34.81393718118095,0.4540932894860117,10,100.20561774896302,2.791224124075079,10,0.014361821505969092,0.002176563308469385,10,-0.11684304164805992,0.04222103131175541,10,34.823038794067266,0.5910767822251417,10,100.25415220646435,3.6196119129264286,10,0.0012940211030080407,0.009155680313497047,0.02116410260470729,0.02268171550353398,0.0,0.3208383591550963,0.00010561274314114979,0.006518449080889106,0.004969169637664039,1.8011157036064551,0.0,4.084770413785006,0.0,0.0009047415674240116,0.02849452490962402,0.25164514700454155,1.5139947323418483,0.0007529314164932771,0.03244982983413159,0.28144993673490154,1.7300186356487919,0.001349047915157723,0.02616886632486102,0.36635318515945603,2.243458706582409
amm,0.5,0.9,volatility,position_limit,0.023205263316047116,0.0020777659449434014,10,0.06924056520033779,0.014808613244153324,10,-0.04017283560323798,0.033752636125468374,10,0.45062666844184723,0.08745772977816234,10,1.0,0.0,10,34.71221456852479,0.5206097179168335,10,0.005061720985106255,0.00017013138335889597,10,0.27938253047051176,0.010476274956414854,10,-0.0005412808105295652,0.008011880913037934,10,2.6,2.8751811537130436,10,0.0,0.0,10,8.2,6.663332499583072,10,0.0,0.0,10,0.013368353353783901,0.0014539982501417163,10,-0.09877501985782071,0.04614183049623896,10,34.68746982135558,0.4142641316081255,10,100.06703818735257,2.4427353305945783,10,0.018110461254378082,0.0012019208700545772,10,0.0025536212080322445,0.05206264191310333,10,34.70742213296616,0.4574537809421069,10,100.20496032609746,2.7905759948764444,10,0.014383721758212575,0.002172693982847489,10,-0.11754401682840765,0.042517802314913006,10,34.71700700408341,0.5935851013387942,10,100.25506238002058,3.619823926127565,10,0.0012878126748276193,0.009178473580651691,0.020920100609506723,0.054206862516959005,0.0,0.3226772462044529,0.00010544852388631829,0.006493262490264621,0.004965815237336942,1.7820557417394853,0.0,4.129976271118273,0.0,0.0009011974521320246,0.02859900283639637,0.256763568923512,1.514023043666078,0.0007449582732660912,0.0322687597724259,0.2835327909184257,1.7296169210095862,0.0013466496822908112,0.02635280689830134,0.36790785745300064,2.243590113725894
amm,0.75,0.0,fundamental,all,0.016962551270649096,0.0021164285638990725,10,0.09856338163543828,0.01733988338864794,10,0.030543433311755346,0.07036013465877007,10,0.4076640224949422,0.047090660851614154,10,0.7688390940855735,0.050047310390193736,10,34.222087531714244,0.31162423791508925,10,0.004451268795330957,0.00020873535207175206,10,0.06593451534869055,0.00828471593963457,10,0.010240476096068951,0.004337923291554453,10,3.1,2.6012817353502227,10,0.0,0.0,10,11.5,13.583077707206126,10,0.0,0.0,10,0.008373813625632963,0.00078367344584717,10,0.03834573338638532,0.06746635438150228,10,34.79475122806272,0.24137168399390338,10,100.78258327392402,1.3464709657967806,10,0.013735318883905839,0.001065799914110931,10,0.09429604862899367,0.15979002624083116,10,34.44657996447516,0.279955204938423,10,98.97479398040187,1.5921297976171276,10,0.008500776539071508,0.002409560436644232,10,0.07834577484378927,0.046588793752111786,10,33.99759509895331,0.3507856982359215,10,96.72331430217352,1.9809921219548223,10,0.0013117760143242152,0.010747371070489847,0.04360966327158203,0.02918709398347052,0.031019644353290802,0.19314670372147302,0.00012937551158580105,0.005134920138802467,0.0026886727116157186,1.6122911234224002,0.0,8.418878785206497,0.0,0.00048572583401125725,0.041816079673631025,0.14960371968186387,0.8345513508200821,0.0006605896306860653,0.09903888433862348,0.17351803372322855,0.9868122722542368,0.0014934610313666215,0.02887603353251307,0.2174192282994521,1.2278316379165484
amm,0.75,0.0,fundamental,circuit_breaker,0.017658888383200053,0.0020261947860846586,10,0.09747993298384293,0.012701056283165965,10,0.017256424074228272,0.06098078542680966,10,0.3552300684968579,0.04070071151919363,10,0.6746666666666667,0.05733161065456748,10,34.44853459279072,0.3282631150944546,10,0.004542688752883296,0.00018675882883608668,10,0.1044231158171592,0.016247163909021645,10,0.009675151759951373,0.0036092508849155185,10,3.4,5.168279318217148,10,0.0,0.0,10,9.5,5.254627590144815,10,0.0,0.0,10,0.008825959845869492,0.0009552475370309576,10,-0.005702153560980811,0.06031106649983042,10,34.97817023830712,0.237048743208415,10,100.49804132830954,1.4285403178931826,10,0.014381361804766032,0.0016365567155702287,10,0.07250600628557942,0.06278103027396624,10,34.641060439468575,0.3051055028235756,10,98.79912416742056,1.8495829392861882,10,0.00883536639668614,0.0015237904107065384,10,0.031755861585663986,0.0631798847053949,10,34.256008746112876,0.363682132322605,10,96.91979182860642,2.1777914512866157,10,0.001255848539408292,0.007872196242780204,0.03779628238912544,0.02522656235486035,0.03553450043250439,0.20345958664201316,0.00011575432136444313,0.010070096520236247,0.002237036874889014,3.2033327089836363,0.0,3.2568519224005934,0.0,0.0005920685574716373,0.03738118629765528,0.14692433322371648,0.8854184622489955,0.001014348361284269,0.038912085705472756,0.18910634985239294,1.146383382668523,0.0009444550814129926,0.03915929824327329,0.22541252095945014,1.34980912596223
amm,0.75,0.0,fundamental,execution_delay,0.016955888441956297,0.0021178720059372162,10,0.09872648140213303,0.0173063315507374,10,0.03059900962983384,0.07061480820739263,10,0.4390923906968126,0.06283430339378253,10,0.7670372922837717,0.04754920533896275,10,34.32158863067703,0.3129913288296265,10,0.0044502168193539336,0.0002088874198973223,10,0.0659401695899858,0.008301667161068213,10,0.010253227239649554,0.004338618053303496,10,3.1,2.6012817353502227,10,0.0,0.0,10,11.5,13.583077707206126,10,0.0,0.0,10,0.008373252078156828,0.0007869679732726886,10,0.03846263408979783,0.06752598074710385,10,34.8966757996863,0.23856849877948952,10,100.78243732246446,1.3466082605982557,10,0.013732291859136306,0.0010668150099847104,10,0.09444768401877382,0.16000162285940908,10,34.54697884276881,0.2803787780620418,10,98.97483028179279,1.592038060395557,10,0.00849373729107043,0.0024112749133027686,10,0.07838023200479188,0.04669963127446663,10,34.096198418585246,0.35291141259669706,10,96.72327065767077,1.9810049579524325,10,0.0013126706689683655,0.010726575425903356,0.04376751157237723,0.038945104727222526,0.029471302801223544,0.19399403544893123,0.00012946976420057676,0.005145426614697494,0.002689103329409114,1.6122911234224002,0.0,8.418878785206497,0.0,0.00048776780326504905,0.04185303647791521,0.14786628748561623,0.8346364470196603,0.0006612187936269634,0.09917003328156312,0.17378056706517694,0.9867554129352266,0.001494523675008911,0.02894473134059989,0.2187367597103081,1.2278395937502922
amm,0.75,0.0,fundamental,liquidity_buffer,0.017658888383200053,0.0020261947860846586,10,0.09747993298384293,0.012701056283165965,10,0.017256424074228272,0.06098078542680966,10,0.3552300684968579,0.04070071151919363,10,0.6746666666666667,0.05733161065456748,10,34.44853459279072,0.3282631150944546,10,0.004542688752883296,0.00018675882883608668,10,0.1044231158171592,0.016247163909021645,10,0.009675151759951373,0.0036092508849155185,10,3.4,5.168279318217148,10,0.0,0.0,10,9.5,5.254627590144815,10,0.0,0.0,10,0.008825959845869492,0.0009552475370309576,10,-0.005702153560980811,0.06031106649983042,10,34.97817023830712,0.237048743208415,10,100.49804132830954,1.4285403178931826,10,0.014381361804766032,0.0016365567155702287,10,0.07250600628557942,0.06278103027396624,10,34.641060439468575,0.3051055028235756,10,98.79912416742056,1.8495829392861882,10,0.00883536639668614,0.0015237904107065384,10,0.031755861585663986,0.0631798847053949,10,34.256008746112876,0.363682132322605,10,96.91979182860642,2.1777914512866157,10,0.001255848539408292,0.007872196242780204,0.03779628238912544,0.02522656235486035,0.03553450043250439,0.20345958664201316,0.00011575432136444313,0.010070096520236247,0.002237036874889014,3.2033327089836363,0.0,3.2568519224005934,0.0,0.0005920685574716373,0.03738118629765528,0.14692433322371648,0.8854184622489955,0.001014348361284269,0.038912085705472756,0.18910634985239294,1.146383382668523,0.0009444550814129926,0.03915929824327329,0.22541252095945014,1.34980912596223
amm,0.75,0.0,fundamental,none,0.017658888383200053,0.0020261947860846586,10,0.09747993298384293,0.012701056283165965,10,0.017256424074228272,0.06098078542680966,10,0.3552300684968579,0.04070071151919363,10,0.6746666666666667,0.05733161065456748,10,34.44853459279072,0.3282631150944546,10,0.004542688752883296,0.00018675882883608668,10,0.1044231158171592,0.016247163909021645,10,0.009675151759951373,0.0036092508849155185,10,3.4,5.168279318217148,10,0.0,0.0,10,9.5,5.254627590144815,10,0.0,0.0,10,0.008825959845869492,0.0009552475370309576,10,-0.005702153560980811,0.06031106649983042,10,34.97817023830712,0.237048743208415,10,100.49804132830954,1.4285403178931826,10,0.014381361804766032,0.0016365567155702287,10,0.07250600628557942,0.06278103027396624,10,34.641060439468575,0.3051055028235756,10,98.79912416742056,1.8495829392861882,10,0.00883536639668614,0.0015237904107065384,10,0.031755861585663986,0.0631798847053949,10,34.256008746112876,0.363682132322605,10,96.91979182860642,2.1777914512866157,10,0.001255848539408292,0.007872196242780204,0.03779628238912544,0.02522656235486035,0.03553450043250439,0.20345958664201316,0.00011575432136444313,0.010070096520236247,0.002237036874889014,3.2033327089836363,0.0,3.2568519224005934,0.0,0.0005920685574716373,0.03738118629765528,0.14692433322371648,0.8854184622489955,0.001014348361284269,0.038912085705472756,0.18910634985239294,1.146383382668523,0.0009444550814129926,0.03915929824327329,0.22541252095945014,1.34980912596223
amm,0.75,0.0,fundamental,position_limit,0.017665874960982535,0.002029132336999813,10,0.09727781184665867,0.012596268421552623,10,0.01655166535892596,0.060612164476108975,10,0.35000197591320603,0.023538515436709,10,0.6737777777777778,0.06101833586214438,10,34.284764542085036,0.327844595265736,10,0.0045432839586097415,0.000185832283020242,10,0.10431463116532176,0.01625296327714954,10,0.009637982953172374,0.0036072439902499528,10,2.8,3.4896672875473067,10,0.0,0.0,10,9.3,5.121848624601603,10,0.0,0.0,10,0.008823128952274549,0.0009810012589083952,10,-0.0031650533416181467,0.06085396732886316,10,34.810299960151205,0.23994068549184344,10,100.49831501920286,1.4307084236562404,10,0.014388224298465296,0.0016405976303937202,10,0.06919723965884583,0.06567850809592155,10,34.47602048314818,0.30531517870194697,10,98.79947072936999,1.8492393673738579,10,0.00884403713249809,0.0015239739962091313,10,0.02919694852669578,0.06031883349744909,10,34.093508601021895,0.362737885338335,10,96.91864656530166,2.1778056680309668,10,0.0012576692523286737,0.007807248053268213,0.03756780875682116,0.01458932301773055,0.037819556390072,0.20320018536469306,0.00011518004231806777,0.01007369100584194,0.0022357929886882375,2.162918193346921,0.0,3.174554666930991,0.0,0.0006080308796660426,0.03771767971766936,0.14871677762128335,0.8867622681231977,0.0010168529462401712,0.04070796106536446,0.18923630830821872,1.1461704345910504,0.0009445688688863746,0.037386000332654275,0.22482727061521862,1.3498179375916703
amm,0.75,0.0,liquidity,all,0.011834301249771657,0.0025679095001827907,10,0.05966527478271379,0.01754422367898707,10,0.060022768702622444,0.087549276740253,10,0.40933649596761407,0.029055755417138122,10,0.5551449282704196,0.09419433700446829,10,22.495606940311017,0.2008116736440153,10,0.00400758980430092,0.0002219683053486237,10,0.05351194808074089,0.010217548392222504,10,0.2542728406044573,0.003111114660644366,10,4.0,5.228129047119373,10,0.0,0.0,10,8.6,16.627955042304176,10,260.0,0.0,10,0.008373813625632963,0.00078367344584717,10,0.03834573338638532,0.06746635438150228,10,34.79475122806272,0.24137168399390338,10,100.78258327392402,1.3464709657967806,10,0.007807634705566243,0.001128917176246269,10,0.0861514441976789,0.1434125316602975,10,25.953532328836616,0.20879876320853916,10,101.09991790400227,1.6389048954711254,10,0.008676727176378995,0.002778672482786652,10,0.04126137003719289,0.07517427942232292,10,19.03768155178542,0.19797459388316538,10,101.09295342318089,2.0863546862727813,10,0.001591606797769389,0.01087402249459135,0.05426360391192182,0.018008943785966722,0.05838225493422594,0.12446436481523661,0.00013757738100079968,0.006332902104393254,0.0019282888443572892,3.2404279552758664,0.0,10.30611330985428,0.0,0.00048572583401125725,0.041816079673631025,0.14960371968186387,0.8345513508200821,0.0006997101150582933,0.08888800803127964,0.12941481421556952,1.0158037782654308,0.0017222390477792037,0.04659350110954758,0.1227059245614577,1.2931360318552525
amm,0.75,0.0,liquidity,circuit_breaker,0.015312591279668991,0.00267770829265255,10,0.061307064581124594,0.011808286724336143,10,-0.011386873770654806,0.041520265684124216,10,0.3407992432188152,0.03448597851876414,10,0.688,0.10060557380921538,10,22.63918113840526,0.2084025338349342,10,0.0043540771143699575,0.0002259148968263612,10,0.12485716709837555,0.024660530375148124,10,0.2539106976837018,0.0025374724936268922,10,7.7,14.922391824964851,10,0.0,0.0,10,35.4,61.12682626219759,10,260.0,0.0,10,0.008825959845869492,0.0009552475370309576,10,-0.005702153560980811,0.06031106649983042,10,34.97817023830712,0.237048743208415,10,100.49804132830954,1.4285403178931826,10,0.009604984891496516,0.0017561082298185678,10,0.027267537592549122,0.06797170122091457,10,26.097798792692913,0.2239112483483178,10,100.91053992053556,1.8511139681744722,10,0.011731794383682327,0.0023114542500694488,10,-0.04346181102649626,0.05075363636286598,10,19.180563484117606,0.20075543030960746,10,101.25275065071052,2.2102244804435904,10,0.0016596607944033433,0.007318851937393282,0.025734527288963707,0.021374630933951155,0.06235598067487934,0.12916922870546466,0.0001400235037413163,0.015284755081473991,0.0015727417456580619,9.248994275655656,0.0,37.88679943668448,0.0,0.0005920685574716373,0.03738118629765528,0.14692433322371648,0.8854184622489955,0.0010884471575026465,0.042129296889729426,0.13878162954841064,1.1473323242048195,0.001432654186949191,0.03145742972674971,0.12442950483541007,1.3699113256989497
amm,0.75,0.0,liquidity,execution_delay,0.011834266580170142,0.002569472226535167,10,0.05987274665680301,0.01745768472395996,10,0.06110953062886541,0.08653682642799566,10,0.4119934634072778,0.05287249724474827,10,0.5604089034256992,0.09338975199782211,10,22.561258930099083,0.20156039478013377,10,0.004006660252450559,0.0002215148492741964,10,0.05354348115527573,0.010231204130969885,10,0.25427561036515456,0.003114020430533429,10,4.0,5.228129047119373,10,0.0,0.0,10,8.5,16.64832323889306,10,260.0,0.0,10,0.008373252078156828,0.0007869679732726886,10,0.03846263408979783,0.06752598074710385,10,34.8966757996863,0.23856849877948952,10,100.78243732246446,1.3466082605982557,10,0.007787817549597112,0.0011288078934150508,10,0.0862736326699915,0.14388529651484497,10,26.029415048236892,0.20904253865215633,10,101.10028544911384,1.6396775760704774,10,0.008695472492612308,0.0027774714037462184,10,0.04347286886422301,0.07063479553380628,10,19.09310281196127,0.19907604968045484,10,101.09391516719536,2.0859596986496975,10,0.0015925753855974716,0.010820385094564905,0.05363608070704338,0.0327707133073788,0.05788356798055011,0.12492842698323549,0.00013729632601404995,0.006341366018957746,0.0019300898591936208,3.2404279552758664,0.0,10.318737648892265,0.0,0.00048776780326504905,0.04185303647791521,0.14786628748561623,0.8346364470196603,0.0006996423808577562,0.08918103072393709,0.12956590780090138,1.016282690662595,0.0017214946112773424,0.04377989984563489,0.12338861393749825,1.2928912159900945
amm,0.75,0.0,liquidity,liquidity_buffer,0.015312591279668991,0.00267770829265255,10,0.061307064581124594,0.011808286724336143,10,-0.011386873770654806,0.041520265684124216,10,0.3407992432188152,0.03448597851876414,10,0.688,0.10060557380921538,10,22.63918113840526,0.2084025338349342,10,0.0043540771143699575,0.0002259148968263612,10,0.12485716709837555,0.024660530375148124,10,0.2539106976837018,0.0025374724936268922,10,7.7,14.922391824964851,10,0.0,0.0,10,35.4,61.12682626219759,10,260.0,0.0,10,0.008825959845869492,0.0009552475370309576,10,-0.005702153560980811,0.06031106649983042,10,34.97817023830712,0.237048743208415,10,100.49804132830954,1.4285403178931826,10,0.009604984891496516,0.0017561082298185678,10,0.027267537592549122,0.06797170122091457,10,26.097798792692913,0.2239112483483178,10,100.91053992053556,1.8511139681744722,10,0.011731794383682327,0.0023114542500694488,10,-0.04346181102649626,0.05075363636286598,10,19.180563484117606,0.20075543030960746,10,101.25275065071052,2.2102244804435904,10,0.0016596607944033433,0.007318851937393282,0.025734527288963707,0.021374630933951155,0.06235598067487934,0.12916922870546466,0.0001400235037413163,0.015284755081473991,0.0015727417456580619,9.248994275655656,0.0,37.88679943668448,0.0,0.0005920685574716373,0.03738118629765528,0.14692433322371648,0.8854184622489955,0.0010884471575026465,0.042129296889729426,0.13878162954841064,1.1473323242048195,0.001432654186949191,0.03145742972674971,0.12442950483541007,1.3699113256989497
amm,0.75,0.0,liquidity,none,0.015312591279668991,0.00267770829265255,10,0.061307064581124594,0.011808286724336143,10,-0.011386873770654806,0.041520265684124216,10,0.3407992432188152,0.03448597851876414,10,0.688,0.10060557380921538,10,22.63918113840526,0.2084025338349342,10,0.0043540771143699575,0.0002259148968263612,10,0.12485716709837555,0.024660530375148124,10,0.2539106976837018,0.0025374724936268922,10,7.7,14.922391824964851,10,0.0,0.0,10,35.4,61.12682626219759,10,260.0,0.0,10,0.008825959845869492,0.0009552475370309576,10,-0.005702153560980811,0.06031106649983042,10,34.97817023830712,0.237048743208415,10,100.49804132830954,1.4285403178931826,10,0.009604984891496516,0.0017561082298185678,10,0.027267537592549122,0.06797170122091457,10,26.097798792692913,0.2239112483483178,10,100.91053992053556,1.8511139681744722,10,0.011731794383682327,0.0023114542500694488,10,-0.04346181102649626,0.05075363636286598,10,19.180563484117606,0.20075543030960746,10,101.25275065071052,2.2102244804435904,10,0.0016596607944033433,0.007318851937393282,0.025734527288963707,0.021374630933951155,0.06235598067487934,0.12916922870546466,0.0001400235037413163,0.015284755081473991,0.0015727417456580619,9.248994275655656,0.0,37.88679943668448,0.0,0.0005920685574716373,0.03738118629765528,0.14692433322371648,0.8854184622489955,0.0010884471575026465,0.042129296889729426,0.13878162954841064,1.1473323242048195,0.001432654186949191,0.03145742972674971,0.12442950483541007,1.3699113256989497
amm,0.75,0.0,liquidity,position_limit,0.01535513816401376,0.002691836743667851,10,0.06078037876338578,0.011738028845897034,10,-0.013027972942911309,0.04036874076692681,10,0.3385646980898836,0.029115027939113705,10,0.6933333333333334,0.10544568681051404,10,22.531260480789488,0.20814711693030538,10,0.004359845349135098,0.000223003950866005,10,0.12523614002705064,0.024403696604546797,10,0.25389817715653473,0.0025390474690232213,10,7.7,14.922391824964851,10,0.0,0.0,10,33.0,62.168230543332086,10,260.0,0.0,10,0.008823128952274549,0.0009810012589083952,10,-0.0031650533416181467,0.06085396732886316,10,34.810299960151205,0.23994068549184344,10,100.49831501920286,1.4307084236562404,10,0.009627404682307533,0.0017051055353569848,10,0.024219632470325186,0.06538469269053554,10,25.97292066077897,0.2239395697364929,10,100.90937296902123,1.8502009584392922,10,0.011771183394146869,0.002342333505875001,10,-0.045622888463320896,0.04472936189036656,10,19.0896003008,0.20025646469700573,10,101.25123987813035,2.210474033884005,10,0.0016684176990669631,0.007275305653183273,0.025020804750890704,0.018045681275699343,0.06535591379335201,0.12901091966784337,0.00013821928074275947,0.01512556786122471,0.0015737179255222427,9.248994275655656,0.0,38.5322684973978,0.0,0.0006080308796660426,0.03771767971766936,0.14871677762128335,0.8867622681231977,0.001056835359967012,0.040525852390402024,0.13879918332666433,1.1467664349081605,0.0014517933479853092,0.027723545724460636,0.12412024274466522,1.3700660005237992
amm,0.75,0.0,volatility,all,0.016404929907724162,0.001554603134303536,10,0.06812115500464996,0.014255691447466032,10,0.06080348050455235,0.0609691352781355,10,0.42747281947640703,0.051255492481771886,10,0.6973957048512454,0.06349998124348456,10,34.96269587548093,0.2853109629938686,10,0.00435010983534761,0.00011933420555649027,10,0.06940394440947342,0.0071925459147968406,10,-0.003242537661793765,0.005590929552363209,10,6.0,4.944132324730441,10,0.0,0.0,10,7.4,3.7475918193480524,10,0.0,0.0,10,0.008373813625632963,0.00078367344584717,10,0.03834573338638532,0.06746635438150228,10,34.79475122806272,0.24137168399390338,10,100.78258327392402,1.3464709657967806,10,0.014218011781057463,0.0014693005532530135,10,0.05936635046336416,0.088574241422911,10,34.9151129468724,0.1990815233660019,10,101.50571827959574,1.1265197608110358,10,0.007971356570147999,0.001004594247862202,10,0.07879009562374353,0.10939434434528401,10,35.010278804089474,0.39459742446106927,10,102.07393028702175,2.3008110053868354,10,0.0009635530053590197,0.008835769100536751,0.03778906155216701,0.031768483371862964,0.03935769613304694,0.17683756695742103,7.396410689574516e-05,0.004457986144155088,0.0034652940381106204,3.06440496308464,0.0,2.322781474391807,0.0,0.00048572583401125725,0.041816079673631025,0.14960371968186387,0.8345513508200821,0.0009106819178625088,0.054898883603934294,0.12339200656294902,0.698224181576789,0.0006226539657194662,0.0678033170892843,0.2445740175461109,1.42605743555045
amm,0.75,0.0,volatility,circuit_breaker,0.017289750182410725,0.0020198938826745155,10,0.07035777699290269,0.0226661129807422,10,0.028956123604321364,0.07262506008185346,10,0.33610503254989216,0.021102186537945284,10,0.7173333333333334,0.11953637002424569,10,34.97210699451287,0.2797357236138547,10,0.00450410770301607,0.0001732763835962959,10,0.12987480803710907,0.01794401451504296,10,-9.549375174243702e-05,0.006773250058353659,10,3.5,2.068278940998476,10,0.0,0.0,10,7.8,3.489667287547307,10,0.0,0.0,10,0.008825959845869492,0.0009552475370309576,10,-0.005702153560980811,0.06031106649983042,10,34.97817023830712,0.237048743208415,10,100.49804132830954,1.4285403178931826,10,0.014581926475463636,0.0020736340819988,10,0.027925693502158743,0.10317247312371902,10,34.98197683359522,0.26117979933637636,10,100.53818364425311,1.5781860518243545,10,0.009071985691936487,0.0010442199692662993,10,0.0019678746226947305,0.10751228237677568,10,34.96223715543052,0.301954387570043,10,100.404942905701,1.7919886311904654,10,0.0012519431990141083,0.0140486023734833,0.04501347859278537,0.013079270721651456,0.07408940973103748,0.17338199778888524,0.00010739781522874129,0.011121815421992868,0.004198103879868126,1.2819325688627738,0.0,2.1629181933469215,0.0,0.0005920685574716373,0.03738118629765528,0.14692433322371648,0.8854184622489955,0.0012852517196422397,0.063946961353078,0.16188091676682184,0.9781698490736044,0.0006472142422980559,0.06663680299574327,0.187153268383704,1.110686060675107
amm,0.75,0.0,volatility,execution_delay,0.016400520505663648,0.0015540046267243082,10,0.06831684810876101,0.014246694092437071,10,0.05995571144674501,0.06005576927589327,10,0.41756340938960895,0.04914994643309425,10,0.6977420251975657,0.06335978339134528,10,35.064799153702985,0.28803167860858586,10,0.004349112586868318,0.00011956065449720005,10,0.06947457896906209,0.007269675602154487,10,-0.003235727207132155,0.005594426309420869,10,5.9,5.0431471655438855,10,0.0,0.0,10,7.4,3.7475918193480524,10,0.0,0.0,10,0.008373252078156828,0.0007869679732726886,10,0.03846263408979783,0.06752598074710385,10,34.8966757996863,0.23856849877948952,10,100.78243732246446,1.3466082605982557,10,0.014218309281346545,0.0014723152717905307,10,0.0598805196588633,0.08818858408220519,10,35.01709434754247,0.19976203928433178,10,101.50574620497946,1.1269659644336507,10,0.007960364418384951,0.0010037998154598295,10,0.07549480827878939,0.10804394259516358,10,35.11250395986349,0.3983849450004828,10,102.07568212190161,2.3012592109700596,10,0.0009631820465181619,0.008830192482114248,0.03722295143889522,0.030463452410353902,0.039270800604025505,0.17852388396620697,7.410446140331473e-05,0.004505791619659392,0.0034674613505890095,3.1257749972340187,0.0,2.322781474391807,0.0,0.00048776780326504905,0.04185303647791521,0.14786628748561623,0.8346364470196603,0.0009125504597707544,0.054659850707707486,0.12381379469899002,0.6985007414473345,0.000622161571415113,0.06696632941309931,0.2469215470975973,1.4263352362490367
amm,0.75,0.0,volatility,liquidity_buffer,0.017289750182410725,0.0020198938826745155,10,0.07035777699290269,0.0226661129807422,10,0.028956123604321364,0.07262506008185346,10,0.33610503254989216,0.021102186537945284,10,0.7173333333333334,0.11953637002424569,10,34.97210699451287,0.2797357236138547,10,0.00450410770301607,0.0001732763835962959,10,0.12987480803710907,0.01794401451504296,10,-9.549375174243702e-05,0.006773250058353659,10,3.5,2.068278940998476,10,0.0,0.0,10,7.8,3.489667287547307,10,0.0,0.0,10,0.008825959845869492,0.0009552475370309576,10,-0.005702153560980811,0.06031106649983042,10,34.97817023830712,0.237048743208415,10,100.49804132830954,1.4285403178931826,10,0.014581926475463636,0.0020736340819988,10,0.027925693502158743,0.10317247312371902,10,34.98197683359522,0.26117979933637636,10,100.53818364425311,1.5781860518243545,10,0.009071985691936487,0.0010442199692662993,10,0.0019678746226947305,0.10751228237677568,10,34.96223715543052,0.301954387570043,10,100.404942905701,1.7919886311904654,10,0.0012519431990141083,0.0140486023734833,0.04501347859278537,0.013079270721651456,0.07408940973103748,0.17338199778888524,0.00010739781522874129,0.011121815421992868,0.004198103879868126,1.2819325688627738,0.0,2.1629181933469215,0.0,0.0005920685574716373,0.03738118629765528,0.14692433322371648,0.8854184622489955,0.0012852517196422397,0.063946961353078,0.16188091676682184,0.9781698490736044,0.0006472142422980559,0.06663680299574327,0.187153268383704,1.110686060675107
amm,0.75,0.0,volatility,none,0.017289750182410725,0.0020198938826745155,10,0.07035777699290269,0.0226661129807422,10,0.028956123604321364,0.07262506008185346,10,0.33610503254989216,0.021102186537945284,10,0.7173333333333334,0.11953637002424569,10,34.97210699451287,0.2797357236138547,10,0.00450410770301607,0.0001732763835962959,10,0.12987480803710907,0.01794401451504296,10,-9.549375174243702e-05,0.006773250058353659,10,3.5,2.068278940998476,10,0.0,0.0,10,7.8,3.489667287547307,10,0.0,0.0,10,0.008825959845869492,0.0009552475370309576,10,-0.005702153560980811,0.06031106649983042,10,34.97817023830712,0.237048743208415,10,100.49804132830954,1.4285403178931826,10,0.014581926475463636,0.0020736340819988,10,0.027925693502158743,0.10317247312371902,10,34.98197683359522,0.26117979933637636,10,100.53818364425311,1.5781860518243545,10,0.009071985691936487,0.0010442199692662993,10,0.0019678746226947305,0.10751228237677568,10,34.96223715543052,0.301954387570043,10,100.404942905701,1.7919886311904654,10,0.0012519431990141083,0.0140486023734833,0.04501347859278537,0.013079270721651456,0.07408940973103748,0.17338199778888524,0.00010739781522874129,0.011121815421992868,0.004198103879868126,1.2819325688627738,0.0,2.1629181933469215,0.0,0.0005920685574716373,0.03738118629765528,0.14692433322371648,0.8854184622489955,0.0012852517196422397,0.063946961353078,0.16188091676682184,0.9781698490736044,0.0006472142422980559,0.06663680299574327,0.187153268383704,1.110686060675107
amm,0.75,0.0,volatility,position_limit,0.01730845006389557,0.0020370024206927467,10,0.06968832084360131,0.022939150430221055,10,0.02905726214485247,0.07191470342532517,10,0.35721760318974444,0.030773577457229792,10,0.7155555555555556,0.11881444536748693,10,34.80553191038143,0.2794973236137486,10,0.004506233058106581,0.00017539537960276492,10,0.12977900487077793,0.01826927712115503,10,-0.00012035805183245874,0.006780667976204048,10,3.4,2.170509412813294,10,0.0,0.0,10,7.8,3.425395354310701,10,0.0,0.0,10,0.008823128952274549,0.0009810012589083952,10,-0.0031650533416181467,0.06085396732886316,10,34.810299960151205,0.23994068549184344,10,100.49831501920286,1.4307084236562404,10,0.014591761689378072,0.002093545020661996,10,0.029965826052340827,0.1009975971530255,10,34.81486541188325,0.261273279577378,10,100.53799658593327,1.5783106352270542,10,0.00909298441418247,0.0010430676639155395,10,-0.002278415876054432,0.10780688870388438,10,34.79619840887962,0.3014136247228743,10,100.40457177365329,1.7923402922430687,10,0.0012625471807384543,0.014217832737951063,0.04457319497558988,0.019073660917225965,0.07364195619301646,0.17323423593795942,0.00010871118256045691,0.01132341527390015,0.0042027015529851625,1.3452956717556344,0.0,2.123082036411531,0.0,0.0006080308796660426,0.03771767971766936,0.14871677762128335,0.8867622681231977,0.0012975926472816508,0.06259895926070881,0.16193885642046804,0.9782470666665967,0.0006465000360422494,0.06681940188906826,0.1868181000985781,1.1109040224536644
amm,0.75,0.5,fundamental,all,0.01835356386829961,0.0019274457305119587,10,0.09911848590544028,0.017164121696580173,10,-0.014129235140494825,0.04602893661606122,10,0.4168150853729776,0.03686368856126127,10,1.0,0.0,10,34.214950520814554,0.3125860600562476,10,0.0046315439304314135,0.00018788151158457062,10,0.1252190361423666,0.007381934084598685,10,0.010263124667621814,0.004379559049598132,10,2.1,2.330951164939612,10,0.0,0.0,10,7.3,3.1287200080686173,10,0.0,0.0,10,0.00945318817026284,0.0006728709771862681,10,-0.02497577812937991,0.0699323258317304,10,34.78816601953824,0.24177953345685996,10,100.78329143224612,1.3498665899565925,10,0.014870216301401378,0.0009552910241021393,10,0.019583724327421007,0.10331105861438442,10,34.43899888228597,0.2816907459735191,10,98.97007936444015,1.5957722843968314,10,0.009399298024491546,0.0021874479641573836,10,0.03030431596152775,0.06009184255052979,10,33.99090215934313,0.3512219693689868,10,96.7247202088013,1.9829883574387264,10,0.0011946432406578383,0.010638432845111345,0.028529030484526235,0.022848350886501504,0.0,0.19374284726080096,0.00011645016734114062,0.004575370147934139,0.0027144788218107564,1.4447384999830706,0.0,1.939200751741695,0.0,0.0004170497524290333,0.04334450461345423,0.14985650739796605,0.8366559804789708,0.0005920955110376032,0.0640328575301043,0.17459373320137214,0.9890699089501364,0.0013557942946477962,0.03724530988615561,0.21768963194919438,1.2290689174880847
amm,0.75,0.5,fundamental,circuit_breaker,0.022391971207716025,0.0016761212100812415,10,0.09952957880400508,0.012641189469486646,10,-0.08017608626958153,0.04250971337012941,10,0.3556613340547781,0.02488893426240408,10,1.0,0.0,10,34.44942047705139,0.3254205339623098,10,0.005011464387478492,0.0001428645126269558,10,0.24737678787652814,0.01691889356001357,10,0.00964659025388127,0.003618350587914705,10,1.9,2.998147576235848,10,0.0,0.0,10,9.5,5.873670062235365,10,0.0,0.0,10,0.012194811456392354,0.0008245803618367946,10,-0.106234741643073,0.02489493018831139,10,34.97746223442546,0.2320888387702376,10,100.49866684920701,1.4259208946255515,10,0.017885328740322205,0.0016114251869228428,10,-0.07459582669880112,0.03376485122262967,10,34.64188658119275,0.30542590390399765,10,98.80534294758448,1.8647885685994385,10,0.012320726317157662,0.0009660990382229442,10,-0.07254767811499199,0.0439151400285225,10,34.25695437291002,0.358173277952479,10,96.92086069658298,2.1733772239002396,10,0.001038870689041363,0.007835090407233423,0.026347793318382173,0.015426321277466355,0.0,0.2016977366029792,8.854834231536887e-05,0.010486438871361125,0.002242676929240679,1.8582711200348445,0.0,3.6405384217173147,0.0,0.0005110802032210106,0.015430037590845904,0.14385015260343845,0.8837949268873714,0.000998771678449197,0.020927671605165236,0.1893049364994598,1.155807929358197,0.0005987943875921844,0.02721888578605112,0.22199809764632716,1.3470731594826653
amm,0.75,0.5,fundamental,execution_delay,0.018342125814027378,0.0019232031848792012,10,0.09919436456949152,0.017141798870074915,10,-0.013698657370982258,0.04734472785163935,10,0.4304461322206863,0.05757246373211645,10,1.0,0.0,10,34.32078858226221,0.3187362800649673,10,0.004629905212966244,0.0001879594130508712,10,0.12521278349566983,0.0073518295433662026,10,0.01026819276756925,0.004379363299986566,10,2.1,2.330951164939612,10,0.0,0.0,10,7.3,3.1287200080686173,10,0.0,0.0,10,0.009441179154131677,0.0006787935377281297,10,-0.024304017188553594,0.06887081412329224,10,34.896212686395444,0.24201223641294248,10,100.78337131369622,1.3497202059958455,10,0.014856463904043415,0.0009524202366798637,10,0.0202006626790374,0.10363756680473153,10,34.54579360430725,0.2864946228376333,10,98.97055662195851,1.5957477449154496,10,0.00939511281820304,0.0021822911035015687,10,0.03019759887435718,0.061021502079508516,10,34.09578356021718,0.35838286994622764,10,96.72354248458774,1.9832047444209706,10,0.0011920136836316023,0.010624597013899742,0.029344566341550193,0.03568378271658151,0.0,0.19755479311518512,0.00011649845117018966,0.004556711159965156,0.002714357494944523,1.4447384999830706,0.0,1.939200751741695,0.0,0.000420720593483968,0.0426865728401804,0.1500007381844231,0.836565250760111,0.0005903161785588226,0.06423522940311886,0.1775712069293314,0.9890546992219983,0.0013525980392990933,0.037821518831925825,0.22212800410992511,1.2292030355291854
amm,0.75,0.5,fundamental,liquidity_buffer,0.022391971207716025,0.0016761212100812415,10,0.09952957880400508,0.012641189469486646,10,-0.08017608626958153,0.04250971337012941,10,0.3556613340547781,0.02488893426240408,10,1.0,0.0,10,34.44942047705139,0.3254205339623098,10,0.005011464387478492,0.0001428645126269558,10,0.24737678787652814,0.01691889356001357,10,0.00964659025388127,0.003618350587914705,10,1.9,2.998147576235848,10,0.0,0.0,10,9.5,5.873670062235365,10,0.0,0.0,10,0.012194811456392354,0.0008245803618367946,10,-0.106234741643073,0.02489493018831139,10,34.97746223442546,0.2320888387702376,10,100.49866684920701,1.4259208946255515,10,0.017885328740322205,0.0016114251869228428,10,-0.07459582669880112,0.03376485122262967,10,34.64188658119275,0.30542590390399765,10,98.80534294758448,1.8647885685994385,10,0.012320726317157662,0.0009660990382229442,10,-0.07254767811499199,0.0439151400285225,10,34.25695437291002,0.358173277952479,10,96.92086069658298,2.1733772239002396,10,0.001038870689041363,0.007835090407233423,0.026347793318382173,0.015426321277466355,0.0,0.2016977366029792,8.854834231536887e-05,0.010486438871361125,0.002242676929240679,1.8582711200348445,0.0,3.6405384217173147,0.0,0.0005110802032210106,0.015430037590845904,0.14385015260343845,0.8837949268873714,0.000998771678449197,0.020927671605165236,0.1893049364994598,1.155807929358197,0.0005987943875921844,0.02721888578605112,0.22199809764632716,1.3470731594826653
amm,0.75,0.5,fundamental,none,0.022391971207716025,0.0016761212100812415,10,0.09952957880400508,0.012641189469486646,10,-0.08017608626958153,0.04250971337012941,10,0.3556613340547781,0.02488893426240408,10,1.0,0.0,10,34.44942047705139,0.3254205339623098,10,0.005011464387478492,0.0001428645126269558,10,0.24737678787652814,0.01691889356001357,10,0.00964659025388127,0.003618350587914705,10,1.9,2.998147576235848,10,0.0,0.0,10,9.5,5.873670062235365,10,0.0,0.0,10,0.012194811456392354,0.0008245803618367946,10,-0.106234741643073,0.02489493018831139,10,34.97746223442546,0.2320888387702376,10,100.49866684920701,1.4259208946255515,10,0.017885328740322205,0.0016114251869228428,10,-0.07459582669880112,0.03376485122262967,10,34.64188658119275,0.30542590390399765,10,98.80534294758448,1.8647885685994385,10,0.012320726317157662,0.0009660990382229442,10,-0.07254767811499199,0.0439151400285225,10,34.25695437291002,0.358173277952479,10,96.92086069658298,2.1733772239002396,10,0.001038870689041363,0.007835090407233423,0.026347793318382173,0.015426321277466355,0.0,0.2016977366029792,8.854834231536887e-05,0.010486438871361125,0.002242676929240679,1.8582711200348445,0.0,3.6405384217173147,0.0,0.0005110802032210106,0.015430037590845904,0.14385015260343845,0.8837949268873714,0.000998771678449197,0.020927671605165236,0.1893049364994598,1.155807929358197,0.0005987943875921844,0.02721888578605112,0.22199809764632716,1.3470731594826653
amm,0.75,0.5,fundamental,position_limit,0.02244831298919997,0.0016619402432098908,10,0.09949924287052406,0.012492300967773103,10,-0.08091774681577406,0.04334743769291589,10,0.35073470975234755,0.02287315176306715,10,1.0,0.0,10,34.276887933121756,0.32371919519807024,10,0.005016656448850685,0.000142817681554616,10,0.24760874320193627,0.016938021112030025,10,0.009634617454777427,0.0036124050393105123,10,1.8,3.0477678535099892,10,0.0,0.0,10,9.7,5.888784066153027,10,0.0,0.0,10,0.012197555463927947,0.0008085656777173137,10,-0.10564789237268393,0.024830905983491174,10,34.801719178149526,0.2346270032418532,10,100.4992138521679,1.4274510320249265,10,0.017915861010233382,0.0016055483915106993,10,-0.07555514727703061,0.03412971331003506,10,34.46821651192802,0.303932991555991,10,98.80550773969075,1.8643410707523593,10,0.012369649557861701,0.0009470653273723101,10,-0.07308108951913286,0.04511754247339084,10,34.0855593543155,0.3562848695591406,10,96.92062205334005,2.17443811460338,10,0.0010300812347129383,0.007742808357799787,0.026867020233002338,0.01417692634024569,0.0,0.20064323591193867,8.851931611601193e-05,0.010498294250926452,0.0022389918400370964,1.8890260865206585,0.0,3.6499061783984406,0.0,0.0005011541991671759,0.015390354977573753,0.14542332324149737,0.8847433158731176,0.0009951292029155374,0.021153815469861947,0.18837961983958837,1.155530567319018,0.0005869971713840237,0.02796414254247916,0.2208276499979236,1.3477307063528678
amm,0.75,0.5,liquidity,all,0.015363362754783116,0.0021221970070363053,10,0.060783617946450666,0.01727626722157557,10,-0.048270900871366595,0.044980880843331086,10,0.41912144328041323,0.031041989170227026,10,1.0,0.0,10,22.491477223362335,0.20179778344981278,10,0.00436690690758287,0.00017735063141080415,10,0.12119867801218479,0.009469108513580063,10,0.2542574776009235,0.0031614997548955084,10,3.3,4.056544780420347,10,0.0,0.0,10,9.4,26.26023609947176,10,260.0,0.0,10,0.00945318817026284,0.0006728709771862681,10,-0.02497577812937991,0.0699323258317304,10,34.78816601953824,0.24177953345685996,10,100.78329143224612,1.3498665899565925,10,0.009947314998185717,0.0010951243607400074,10,-0.03285932875330761,0.08550757860434037,10,25.948944444510932,0.20985422429235032,10,101.10428855033283,1.642486768278219,10,0.011599162981431923,0.002021560791155989,10,-0.06400239974887971,0.035766243834134404,10,19.034010002213737,0.19895387983918394,10,101.09666274420171,2.0970955429474776,10,0.0013153513324221124,0.01070794136163398,0.02787943878661009,0.019240024220518747,0.0,0.12507556200506847,0.00010992306018651991,0.00586901426158407,0.001959517849316639,2.5142725035727973,0.0,16.276262961748927,0.0,0.0004170497524290333,0.04334450461345423,0.14985650739796605,0.8366559804789708,0.0006787651110105632,0.05299814629673705,0.13006899577284609,1.0180238460318802,0.0012529763595948002,0.02216814759750438,0.12331289228537799,1.2997932837934911
amm,0.75,0.5,liquidity,circuit_breaker,0.026463529772759294,0.0027695293773403085,10,0.06600254386269061,0.012439544724402054,10,-0.14722946274157042,0.016555197275444727,10,0.34750428609707856,0.015004892223365979,10,1.0,0.0,10,22.639700975653188,0.20642182802542205,10,0.005336891598893851,0.000256659982568935,10,0.2849029299654539,0.03102212179752489,10,0.25390049980439283,0.0025501024199838514,10,6.9,7.0624201077093804,10,0.0,0.0,10,176.9,107.35346602074227,10,260.0,0.0,10,0.012194811456392354,0.0008245803618367946,10,-0.106234741643073,0.02489493018831139,10,34.97746223442546,0.2320888387702376,10,100.49866684920701,1.4259208946255515,10,0.015397978343504076,0.0017572228568928483,10,-0.12171224779695584,0.021052505168148494,10,26.098020850967334,0.22365280409019292,10,100.91410248272904,1.8612358299981617,10,0.021395240456648926,0.0023842468939468315,10,-0.16488933827309568,0.027749246700091604,10,19.18138110033904,0.19764616782533492,10,101.24838610255988,2.2051023649222734,10,0.0017165720923120866,0.007710109699389838,0.010261017578748578,0.009300128552352157,0.0,0.1279415745258386,0.00015907950531084196,0.019227710295341753,0.0015805698551158258,4.3773333333333335,0.0,66.53836759845154,0.0,0.0005110802032210106,0.015430037590845904,0.14385015260343845,0.8837949268873714,0.0010891380105207441,0.013048477889627805,0.1386214441376527,1.153605919159595,0.0014777715350545667,0.017199161293535357,0.12250236398186158,1.3667366056077204
amm,0.75,0.5,liquidity,execution_delay,0.015358834223496754,0.0021314151816844594,10,0.06089756257018265,0.017227029728565404,10,-0.04743222714711996,0.04490750482974777,10,0.4410956471786682,0.05471393258177314,10,1.0,0.0,10,22.56144600514877,0.20550582486580615,10,0.004367030587850823,0.00017920767233572295,10,0.12110027787523965,0.009423605454698074,10,0.25425472524236137,0.003164247470072645,10,2.7,2.6687491868330793,10,0.0,0.0,10,9.4,26.26023609947176,10,260.0,0.0,10,0.009441179154131677,0.0006787935377281297,10,-0.024304017188553594,0.06887081412329224,10,34.896212686395444,0.24201223641294248,10,100.78337131369622,1.3497202059958455,10,0.009931991792559361,0.0011054876305695396,10,-0.029563208081047433,0.09164445928005036,10,26.0296394503058,0.2133390202295982,10,101.1048318171519,1.6423448375634724,10,0.011604581964844906,0.002022922173276207,10,-0.06516101865301996,0.03735494323535554,10,19.093252559991733,0.20266587553223983,10,101.0980134944262,2.093963193511516,10,0.0013210648162625606,0.010677423647292987,0.027833959862214933,0.033912046753846806,0.0,0.12737382988549237,0.00011107406607657419,0.00584081117349599,0.001961220900827587,1.6541078830864957,0.0,16.276262961748927,0.0,0.000420720593483968,0.0426865728401804,0.1500007381844231,0.836565250760111,0.0006851883321975357,0.05680182434686473,0.13222889467199658,1.0179358764634876,0.001253820152974881,0.023152833688044456,0.12561361105211719,1.2978518334990357
amm,0.75,0.5,liquidity,liquidity_buffer,0.026463529772759294,0.0027695293773403085,10,0.06600254386269061,0.012439544724402054,10,-0.14722946274157042,0.016555197275444727,10,0.34750428609707856,0.015004892223365979,10,1.0,0.0,10,22.639700975653188,0.20642182802542205,10,0.005336891598893851,0.000256659982568935,10,0.2849029299654539,0.03102212179752489,10,0.25390049980439283,0.0025501024199838514,10,6.9,7.0624201077093804,10,0.0,0.0,10,176.9,107.35346602074227,10,260.0,0.0,10,0.012194811456392354,0.0008245803618367946,10,-0.106234741643073,0.02489493018831139,10,34.97746223442546,0.2320888387702376,10,100.49866684920701,1.4259208946255515,10,0.015397978343504076,0.0017572228568928483,10,-0.12171224779695584,0.021052505168148494,10,26.098020850967334,0.22365280409019292,10,100.91410248272904,1.8612358299981617,10,0.021395240456648926,0.0023842468939468315,10,-0.16488933827309568,0.027749246700091604,10,19.18138110033904,0.19764616782533492,10,101.24838610255988,2.2051023649222734,10,0.0017165720923120866,0.007710109699389838,0.010261017578748578,0.009300128552352157,0.0,0.1279415745258386,0.00015907950531084196,0.019227710295341753,0.0015805698551158258,4.3773333333333335,0.0,66.53836759845154,0.0,0.0005110802032210106,0.015430037590845904,0.14385015260343845,0.8837949268873714,0.0010891380105207441,0.013048477889627805,0.1386214441376527,1.153605919159595,0.0014777715350545667,0.017199161293535357,0.12250236398186158,1.3667366056077204
amm,0.75,0.5,liquidity,none,0.026463529772759294,0.0027695293773403085,10,0.06600254386269061,0.012439544724402054,10,-0.14722946274157042,0.016555197275444727,10,0.34750428609707856,0.015004892223365979,10,1.0,0.0,10,22.639700975653188,0.20642182802542205,10,0.005336891598893851,0.000256659982568935,10,0.2849029299654539,0.03102212179752489,10,0.25390049980439283,0.0025501024199838514,10,6.9,7.0624201077093804,10,0.0,0.0,10,176.9,107.35346602074227,10,260.0,0.0,10,0.012194811456392354,0.0008245803618367946,10,-0.106234741643073,0.02489493018831139,10,34.97746223442546,0.2320888387702376,10,100.49866684920701,1.4259208946255515,10,0.015397978343504076,0.0017572228568928483,10,-0.12171224779695584,0.021052505168148494,10,26.098020850967334,0.22365280409019292,10,100.91410248272904,1.8612358299981617,10,0.021395240456648926,0.0023842468939468315,10,-0.16488933827309568,0.027749246700091604,10,19.18138110033904,0.19764616782533492,10,101.24838610255988,2.2051023649222734,10,0.0017165720923120866,0.007710109699389838,0.010261017578748578,0.009300128552352157,0.0,0.1279415745258386,0.00015907950531084196,0.019227710295341753,0.0015805698551158258,4.3773333333333335,0.0,66.53836759845154,0.0,0.0005110802032210106,0.015430037590845904,0.14385015260343845,0.8837949268873714,0.0010891380105207441,0.013048477889627805,0.1386214441376527,1.153605919159595,0.0014777715350545667,0.017199161293535357,0.12250236398186158,1.3667366056077204
amm,0.75,0.5,liquidity,position_limit,0.026540023577032352,0.002858291373618002,10,0.06575417111900439,0.012341359852115484,10,-0.1469992936064371,0.017748390428339082,10,0.3541145602793662,0.027784301267233982,10,1.0,0.0,10,22.525992508370773,0.20553446561284644,10,0.005343520211719423,0.00026192365817736304,10,0.2851049180569627,0.03141993487135517,10,0.2539017174879128,0.002553772535004136,10,6.9,7.0624201077093804,10,0.0,0.0,10,201.6,106.34555833591631,10,260.0,0.0,10,0.012197555463927947,0.0008085656777173137,10,-0.10564789237268393,0.024830905983491174,10,34.801719178149526,0.2346270032418532,10,100.4992138521679,1.4274510320249265,10,0.0154106407060912,0.0017639813164491815,10,-0.12004455243831576,0.02313758255158472,10,25.966828002182364,0.2227510741745561,10,100.9134882951271,1.8627226228812381,10,0.021474320473085763,0.0024720682359287744,10,-0.16506524412207577,0.028309959663127836,10,19.08515701455918,0.1967377925044859,10,101.24940319797241,2.205813944670182,10,0.0017715873475806629,0.00764925408506297,0.011000566356874663,0.017220888339349354,0.0,0.12739158160442143,0.00016234196525307537,0.01947427739301585,0.0015828446159726493,4.3773333333333335,0.0,65.91365994322506,0.0,0.0005011541991671759,0.015390354977573753,0.14542332324149737,0.8847433158731176,0.0010933269471524842,0.014340822240982896,0.13806254614557883,1.1545274429358072,0.0015322037667503258,0.01754669478858351,0.12193934712496443,1.3671776473048074
amm,0.75,0.5,volatility,all,0.017429239654362657,0.0015131951360568767,10,0.06891750902269805,0.014253345436210815,10,0.023633875386092122,0.05841481369693454,10,0.40495793540265196,0.03537109278114884,10,1.0,0.0,10,34.955804118013035,0.2870535195228603,10,0.00449891043425046,0.00011558277525782249,10,0.12862596516035968,0.005692932410359436,10,-0.0032478505008856516,0.005601016825921513,10,3.3,3.4976182372199127,10,0.0,0.0,10,6.8,3.6453928305312844,10,0.0,0.0,10,0.00945318817026284,0.0006728709771862681,10,-0.02497577812937991,0.0699323258317304,10,34.78816601953824,0.24177953345685996,10,100.78329143224612,1.3498665899565925,10,0.014735002509402068,0.0014071768126077086,10,0.028317833375409034,0.09085913317968297,10,34.90840979446394,0.20035372518688319,10,101.50680282557843,1.1271864853446747,10,0.009110773211752137,0.0008804039131332349,10,0.01841412725202509,0.09241085185695705,10,35.00319844156212,0.39641587924432686,10,102.07711572753041,2.30188667569841,10,0.0009378880621487099,0.008834315027696106,0.03620587663383593,0.021923230437443722,0.0,0.17791761468373035,7.163894630722261e-05,0.003528516064497121,0.0034715461950364057,2.167846243010175,0.0,2.2594378848633028,0.0,0.0004170497524290333,0.04334450461345423,0.14985650739796605,0.8366559804789708,0.0008721772244895952,0.056315074186969495,0.1241805254208391,0.6986374217240386,0.000545679998779506,0.057276839387339434,0.24570110749778676,1.426724142916866
amm,0.75,0.5,volatility,circuit_breaker,0.02100622257519672,0.00154562203560964,10,0.07229329401682104,0.023123106533974185,10,-0.04943955735928342,0.04625250746879828,10,0.34717500274575946,0.025936406378516092,10,1.0,0.0,10,34.9721612573708,0.28868072692198693,10,0.004862499177640206,0.00013296408517265152,10,0.2573094134797658,0.01345229967023434,10,-9.038813224353515e-05,0.006725798897056572,10,2.3,1.766981104093143,10,0.0,0.0,10,6.0,3.915780041490243,10,0.0,0.0,10,0.012194811456392354,0.0008245803618367946,10,-0.106234741643073,0.02489493018831139,10,34.97746223442546,0.2320888387702376,10,100.49866684920701,1.4259208946255515,10,0.016767092652992355,0.0015592648314980183,10,-0.028202908410012627,0.06552625252452246,10,34.981683635904076,0.2685915433038063,10,100.53835869562776,1.5849876558092981,10,0.01250617718332866,0.0009934332840736597,10,-0.10842472516436377,0.06463225939810906,10,34.962638878837524,0.3121510961866357,10,100.40465974275861,1.796747547565024,10,0.0009579864627173786,0.014331849912311689,0.028667601134688976,0.0160755512212627,0.0,0.17892616827864727,8.241199380465549e-05,0.008337821718114211,0.004168693345393636,1.095186234797027,0.0,2.4270256144782096,0.0,0.0005110802032210106,0.015430037590845904,0.14385015260343845,0.8837949268873714,0.0009664423552147495,0.040613592084518445,0.1664747632715558,0.9823855268992447,0.0006157363286943929,0.04005948940408621,0.19347325386134154,1.1136356676029309
amm,0.75,0.5,volatility,execution_delay,0.017415894744570424,0.0015078766390543886,10,0.06901613979303337,0.014246784933732349,10,0.02463531504212551,0.058482434136128955,10,0.42893140328972335,0.05222489873457736,10,1.0,0.0,10,35.06438528379998,0.29380674352646013,10,0.004496487371718957,0.00011494979548185388,10,0.128622884704106,0.005726463314111885,10,-0.003246495794905213,0.005601238550778447,10,3.3,3.4334951418181574,10,0.0,0.0,10,6.7,3.5605867181937554,10,0.0,0.0,10,0.009441179154131677,0.0006787935377281297,10,-0.024304017188553594,0.06887081412329224,10,34.896212686395444,0.24201223641294248,10,100.78337131369622,1.3497202059958455,10,0.014730203403191908,0.0014066900461109893,10,0.029390482305723876,0.09218730510365854,10,35.01678505959144,0.20521907866321776,10,101.5065423774287,1.126837326956008,10,0.00908943355419449,0.0008807219454331367,10,0.01962254964591927,0.09370429458070025,10,35.111985508008516,0.40400845913531175,10,102.0772098775418,2.3014787369009313,10,0.0009345916235544084,0.008830248786132387,0.03624778821626604,0.03236932759229033,0.0,0.18210330628626692,7.124662137746535e-05,0.0035492987339579996,0.0034716836215265157,2.128102336720571,0.0,2.206874511863126,0.0,0.000420720593483968,0.0426865728401804,0.1500007381844231,0.836565250760111,0.0008718755234892096,0.05713828367416345,0.12719610274781804,0.6984210111126598,0.0005458771172411955,0.05807852349321952,0.2504070372691586,1.4264712998306532
amm,0.75,0.5,volatility,liquidity_buffer,0.02100622257519672,0.00154562203560964,10,0.07229329401682104,0.023123106533974185,10,-0.04943955735928342,0.04625250746879828,10,0.34717500274575946,0.025936406378516092,10,1.0,0.0,10,34.9721612573708,0.28868072692198693,10,0.004862499177640206,0.00013296408517265152,10,0.2573094134797658,0.01345229967023434,10,-9.038813224353515e-05,0.006725798897056572,10,2.3,1.766981104093143,10,0.0,0.0,10,6.0,3.915780041490243,10,0.0,0.0,10,0.012194811456392354,0.0008245803618367946,10,-0.106234741643073,0.02489493018831139,10,34.97746223442546,0.2320888387702376,10,100.49866684920701,1.4259208946255515,10,0.016767092652992355,0.0015592648314980183,10,-0.028202908410012627,0.06552625252452246,10,34.981683635904076,0.2685915433038063,10,100.53835869562776,1.5849876558092981,10,0.01250617718332866,0.0009934332840736597,10,-0.10842472516436377,0.06463225939810906,10,34.962638878837524,0.3121510961866357,10,100.40465974275861,1.796747547565024,10,0.0009579864627173786,0.014331849912311689,0.028667601134688976,0.0160755512212627,0.0,0.17892616827864727,8.241199380465549e-05,0.008337821718114211,0.004168693345393636,1.095186234797027,0.0,2.4270256144782096,0.0,0.0005110802032210106,0.015430037590845904,0.14385015260343845,0.8837949268873714,0.0009664423552147495,0.040613592084518445,0.1664747632715558,0.9823855268992447,0.0006157363286943929,0.04005948940408621,0.19347325386134154,1.1136356676029309
amm,0.75,0.5,volatility,none,0.02100622257519672,0.00154562203560964,10,0.07229329401682104,0.023123106533974185,10,-0.04943955735928342,0.04625250746879828,10,0.34717500274575946,0.025936406378516092,10,1.0,0.0,10,34.9721612573708,0.28868072692198693,10,0.004862499177640206,0.00013296408517265152,10,0.2573094134797658,0.01345229967023434,10,-9.038813224353515e-05,0.006725798897056572,10,2.3,1.766981104093143,10,0.0,0.0,10,6.0,3.915780041490243,10,0.0,0.0,10,0.012194811456392354,0.0008245803618367946,10,-0.106234741643073,0.02489493018831139,10,34.97746223442546,0.2320888387702376,10,100.49866684920701,1.4259208946255515,10,0.016767092652992355,0.0015592648314980183,10,-0.028202908410012627,0.06552625252452246,10,34.981683635904076,0.2685915433038063,10,100.53835869562776,1.5849876558092981,10,0.01250617718332866,0.0009934332840736597,10,-0.10842472516436377,0.06463225939810906,10,34.962638878837524,0.3121510961866357,10,100.40465974275861,1.796747547565024,10,0.0009579864627173786,0.014331849912311689,0.028667601134688976,0.0160755512212627,0.0,0.17892616827864727,8.241199380465549e-05,0.008337821718114211,0.004168693345393636,1.095186234797027,0.0,2.4270256144782096,0.0,0.0005110802032210106,0.015430037590845904,0.14385015260343845,0.8837949268873714,0.0009664423552147495,0.040613592084518445,0.1664747632715558,0.9823855268992447,0.0006157363286943929,0.04005948940408621,0.19347325386134154,1.1136356676029309
amm,0.75,0.5,volatility,position_limit,0.021059709070151617,0.0015520082879692673,10,0.0717448573513485,0.023353253486213053,10,-0.05052135708970348,0.04516345579729123,10,0.35644553871105933,0.023556636860649956,10,1.0,0.0,10,34.79646363853384,0.2815325482465453,10,0.004868487532238454,0.00013218894191787344,10,0.25746245818800445,0.013745077918760236,10,-9.159639803555387e-05,0.006721112459014093,10,2.4,1.7763883459298968,10,0.0,0.0,10,6.0,4.055175020198813,10,0.0,0.0,10,0.012197555463927947,0.0008085656777173137,10,-0.10564789237268393,0.024830905983491174,10,34.801719178149526,0.2346270032418532,10,100.4992138521679,1.4274510320249265,10,0.016784660855170355,0.0015723913732976775,10,-0.029061516358312854,0.06439621462490885,10,34.80589604913745,0.262137672203025,10,100.53847684267086,1.5838862119820207,10,0.012570627301395451,0.000987397498056391,10,-0.10926017566851234,0.06392665377618886,10,34.78703122793022,0.3044425695646521,10,100.4051931586015,1.7969899628178172,10,0.0009619447029385117,0.01447449647117337,0.02799259991546012,0.014600554792653939,0.0,0.17449568123434397,8.193155503784457e-05,0.008519287556594759,0.004165788661001446,1.101016903695044,0.0,2.513423517391722,0.0,0.0005011541991671759,0.015390354977573753,0.14542332324149737,0.8847433158731176,0.0009745782701128619,0.03991318733792048,0.1624746125204488,0.9817028449422945,0.0006119953097627356,0.039622150508649076,0.18869545956155717,1.1137859181332554
amm,0.75,0.9,fundamental,all,0.020828969372853313,0.0017322493653644199,10,0.1003350706768991,0.017065217364483062,10,-0.06535365248688879,0.035274428296120104,10,0.4503502596316551,0.11661635891253706,10,1.0,0.0,10,34.22056931973497,0.3145849872229066,10,0.004865021455054111,0.0001741564477732283,10,0.20094742692113837,0.012492278591733673,10,0.010245562529212904,0.004400598558714908,10,3.2,5.633234713140696,10,0.0,0.0,10,7.0,3.333333333333333,10,0.0,0.0,10,0.01134929008001977,0.0006290473743420056,10,-0.08132531517150635,0.057605721781458695,10,34.79235636381143,0.24179214471644953,10,100.78698672544132,1.3529451126995746,10,0.016794165600652257,0.0009224481843750801,10,-0.057076898255167964,0.080819359798059,10,34.444123165241216,0.28353628922485935,10,98.97422365221902,1.5964724682324993,10,0.011118097576685734,0.0018327441145873616,10,-0.03921338626816494,0.05274230117824311,10,33.997015474228725,0.3533315107804597,10,96.73201489524465,1.9877864936768594,10,0.0010736592801068206,0.010577131304973968,0.02186331716890226,0.07227956809346155,0.0,0.1949817951545931,0.00010794328465684194,0.007742794488986862,0.002727519244664291,3.4915150484185706,0.0,2.0660214046433407,0.0,0.00038988760197758275,0.03570439626912684,0.1498643239376415,0.8385640686434755,0.0005717393080779908,0.05009235817570843,0.17573761275951136,0.989503887387639,0.001135946570991479,0.03269001694931879,0.21899713926221973,1.2320428331391982
amm,0.75,0.9,fundamental,circuit_breaker,0.02910021891919687,0.0018741281563778756,10,0.10265222080521048,0.012974414016052226,10,-0.13262842043155532,0.024716939436284287,10,0.35983435152038135,0.03662256166104658,10,1.0,0.0,10,34.452530203602024,0.32368793676082447,10,0.0056212744448909365,0.0001637941339928234,10,0.4109425574241423,0.027606173694108636,10,0.009604197478290565,0.003637205438842786,10,2.2,2.0439612955674527,10,0.0,0.0,10,4.9,3.7844711945293263,10,0.0,0.0,10,0.017475796429749113,0.0008831655123503904,10,-0.1598412641625521,0.023519309513859544,10,34.97759866547525,0.23135995780603008,10,100.49562108672231,1.430094511655581,10,0.022660582692585553,0.0018051921373274649,10,-0.13899886525349944,0.026980655809077474,10,34.64398356642433,0.3048938071264915,10,98.80499436453795,1.8631156903171546,10,0.01733998152474324,0.001083693247083706,10,-0.13487815167294911,0.029033853907262392,10,34.26107684077971,0.3554389899404076,10,96.92297244658326,2.1733947944943606,10,0.001161596665836436,0.00804162512096054,0.015319717779790935,0.02269889888537785,0.0,0.20062386173181104,0.00010152065603525779,0.01711048372569911,0.002254363286920312,1.2668603360714674,0.0,2.3456395479461225,0.0,0.0005473916557076129,0.014577419063419675,0.1433983875013915,0.886381761523019,0.001118869678563721,0.01672278372386063,0.18897513949995898,1.1547710686566288,0.0006716800333627145,0.01799536908950754,0.2203033683785074,1.3470840498497292
amm,0.75,0.9,fundamental,execution_delay,0.02080558096426511,0.0017213614548930941,10,0.10043863888914004,0.01699454136494969,10,-0.06495135448481747,0.03507254162833389,10,0.4220946825828249,0.051467673208876595,10,1.0,0.0,10,34.321255314067656,0.32378748952198827,10,0.004861938675866531,0.0001722768303559426,10,0.20091672129274746,0.01247479056724715,10,0.010264955954546772,0.004385257421110717,10,1.6,1.07496769977314,10,0.0,0.0,10,6.7,2.8303906287138374,10,0.0,0.0,10,0.011343862094201792,0.0006265343545397746,10,-0.08030628366077308,0.05779888326897534,10,34.8956935275491,0.24545907710032122,10,100.78672138946325,1.3527260546491116,10,0.01677315419944616,0.0009196140845009365,10,-0.057228641566076266,0.08036168278163863,10,34.545718931950326,0.2914504801157468,10,98.9742390559405,1.5968875994766893,10,0.01110339764303781,0.0018316741217075637,10,-0.03718954211016008,0.05409060716132648,10,34.09679169618499,0.363364435798413,10,96.73144406731414,1.9872383364060884,10,0.0010669108832811406,0.010533325866624815,0.021738186515814727,0.0318999943490183,0.0,0.2006855651724478,0.00010677828571184614,0.007731955299112637,0.0027180107090657396,0.6662718831094572,0.0,1.7542942867274134,0.0,0.0003883300161670723,0.03582411899945548,0.15213711217597914,0.8384282950571407,0.0005699827147771275,0.049808687022007095,0.18064287909381344,0.9897611883985088,0.0011352833825337355,0.03352570565563647,0.22521561061370168,1.231703081742841
amm,0.75,0.9,fundamental,liquidity_buffer,0.02910021891919687,0.0018741281563778756,10,0.10265222080521048,0.012974414016052226,10,-0.13262842043155532,0.024716939436284287,10,0.35983435152038135,0.03662256166104658,10,1.0,0.0,10,34.452530203602024,0.32368793676082447,10,0.0056212744448909365,0.0001637941339928234,10,0.4109425574241423,0.027606173694108636,10,0.009604197478290565,0.003637205438842786,10,2.2,2.0439612955674527,10,0.0,0.0,10,4.9,3.7844711945293263,10,0.0,0.0,10,0.017475796429749113,0.0008831655123503904,10,-0.1598412641625521,0.023519309513859544,10,34.97759866547525,0.23135995780603008,10,100.49562108672231,1.430094511655581,10,0.022660582692585553,0.0018051921373274649,10,-0.13899886525349944,0.026980655809077474,10,34.64398356642433,0.3048938071264915,10,98.80499436453795,1.8631156903171546,10,0.01733998152474324,0.001083693247083706,10,-0.13487815167294911,0.029033853907262392,10,34.26107684077971,0.3554389899404076,10,96.92297244658326,2.1733947944943606,10,0.001161596665836436,0.00804162512096054,0.015319717779790935,0.02269889888537785,0.0,0.20062386173181104,0.00010152065603525779,0.01711048372569911,0.002254363286920312,1.2668603360714674,0.0,2.3456395479461225,0.0,0.0005473916557076129,0.014577419063419675,0.1433983875013915,0.886381761523019,0.001118869678563721,0.01672278372386063,0.18897513949995898,1.1547710686566288,0.0006716800333627145,0.01799536908950754,0.2203033683785074,1.3470840498497292
amm,0.75,0.9,fundamental,none,0.02910021891919687,0.0018741281563778756,10,0.10265222080521048,0.012974414016052226,10,-0.13262842043155532,0.024716939436284287,10,0.35983435152038135,0.03662256166104658,10,1.0,0.0,10,34.452530203602024,0.32368793676082447,10,0.0056212744448909365,0.0001637941339928234,10,0.4109425574241423,0.027606173694108636,10,0.009604197478290565,0.003637205438842786,10,2.2,2.0439612955674527,10,0.0,0.0,10,4.9,3.7844711945293263,10,0.0,0.0,10,0.017475796429749113,0.0008831655123503904,10,-0.1598412641625521,0.023519309513859544,10,34.97759866547525,0.23135995780603008,10,100.49562108672231,1.430094511655581,10,0.022660582692585553,0.0018051921373274649,10,-0.13899886525349944,0.026980655809077474,10,34.64398356642433,0.3048938071264915,10,98.80499436453795,1.8631156903171546,10,0.01733998152474324,0.001083693247083706,10,-0.13487815167294911,0.029033853907262392,10,34.26107684077971,0.3554389899404076,10,96.92297244658326,2.1733947944943606,10,0.001161596665836436,0.00804162512096054,0.015319717779790935,0.02269889888537785,0.0,0.20062386173181104,0.00010152065603525779,0.01711048372569911,0.002254363286920312,1.2668603360714674,0.0,2.3456395479461225,0.0,0.0005473916557076129,0.014577419063419675,0.1433983875013915,0.886381761523019,0.001118869678563721,0.01672278372386063,0.18897513949995898,1.1547710686566288,0.0006716800333627145,0.01799536908950754,0.2203033683785074,1.3470840498497292
amm,0.75,0.9,fundamental,position_limit,0.029177919710723643,0.001888465129174473,10,0.1024768891558937,0.012719989280413763,10,-0.1330534378837767,0.02379551674352464,10,0.410073032759834,0.06787740716256266,10,1.0,0.0,10,34.2882186884443,0.32227443115462545,10,0.005629165717049452,0.00016575058266879154,10,0.4111176137106166,0.027521977560461867,10,0.009570406010337828,0.0036145889340530334,10,2.2,2.0439612955674527,10,0.0,0.0,10,4.9,3.7844711945293263,10,0.0,0.0,10,0.017525044965824767,0.0009171633960294431,10,-0.15999143923064646,0.0243306302056663,10,34.809327223711115,0.23420491927665074,10,100.49591506629339,1.4308952729435245,10,0.022709926923120377,0.0018056453789832318,10,-0.13911285009032298,0.02766520989148299,10,34.478456918016064,0.30300034006339355,10,98.80515064063847,1.8618587569042144,10,0.017405811771360087,0.001102158114525726,10,-0.13560632149239377,0.028886636854625496,10,34.09798045887255,0.3543773095227099,10,96.92260764352793,2.1734991347583823,10,0.0011704828136391038,0.007883931036050605,0.014748614078001276,0.0420708528268637,0.0,0.19974776188041388,0.00010273327548774867,0.017058298421408383,0.0022403454320221576,1.2668603360714674,0.0,2.3456395479461225,0.0,0.0005684637623256621,0.015080280838010517,0.1451617128894979,0.8868780785112892,0.0011191506006524082,0.01714707473992636,0.18780155645555469,1.153992013256025,0.0006831246767734489,0.01790412301494464,0.21964533203815115,1.3471487206153796
amm,0.75,0.9,liquidity,all,0.020977372196953344,0.0018357232376286438,10,0.06252788578220504,0.016931377170414916,10,-0.1221395130521257,0.023352974840388632,10,0.47403743449178315,0.11890296863823942,10,1.0,0.0,10,22.49454741204421,0.20312911636844735,10,0.004861650209269349,0.00016771184510284038,10,0.2034701461599703,0.014922936552181737,10,0.254263202405147,0.003193137178229211,10,4.3,4.110960958218893,10,0.0,0.0,10,27.6,45.30685501236111,10,260.0,0.0,10,0.01134929008001977,0.0006290473743420056,10,-0.08132531517150635,0.057605721781458695,10,34.79235636381143,0.24179214471644953,10,100.78698672544132,1.3529451126995746,10,0.013296010911916196,0.0011749547411664188,10,-0.11152419200148386,0.0629719029585232,10,25.95214413973766,0.2113127925218043,10,101.10371378287377,1.6433011336225862,10,0.01613963177466962,0.0015456732493705284,10,-0.13446899251362954,0.03560570248836551,10,19.03695068435076,0.2001898832955317,10,101.0973037076811,2.101137601182041,10,0.0011377930505825857,0.010494176293250047,0.014474323764702096,0.07369682348467156,0.0,0.12590073069705007,0.000103948878538409,0.00924933190108259,0.0019791269274551967,2.548,0.0,28.08147966978315,0.0,0.00038988760197758275,0.03570439626912684,0.1498643239376415,0.8385640686434755,0.0007282444934210993,0.03903038982102968,0.1309730257275015,1.0185285949016791,0.0009580182053352408,0.022068643040497746,0.12407897516448627,1.302298577442918
amm,0.75,0.9,liquidity,circuit_breaker,0.040751792188354494,0.004074468007575774,10,0.07398936178868314,0.012667514615082935,10,-0.18437483380425265,0.011425847400316349,10,0.3615096231018253,0.02743667163003702,10,1.0,0.0,10,22.64261303657132,0.20560657427246276,10,0.006581754092919399,0.00037322694236416727,10,0.4702954366949972,0.05158367531361083,10,0.25387012505444567,0.00257665440999542,10,7.7,7.616502551113018,10,0.0,0.0,10,217.3,92.22201472533551,10,260.0,0.0,10,0.017475796429749113,0.0008831655123503904,10,-0.1598412641625521,0.023519309513859544,10,34.97759866547525,0.23135995780603008,10,100.49562108672231,1.430094511655581,10,0.023432093296699652,0.0020689622751422177,10,-0.17328367304134745,0.018497197470132915,10,26.09954420519295,0.2231653645419859,10,100.91316734623557,1.858736832755377,10,0.03317079319539332,0.003769870325874552,10,-0.19100939785267118,0.02022760292438391,10,19.18568186794969,0.19665363659452648,10,101.25063037017988,2.205810874880551,10,0.0025253814348558164,0.007851406901518108,0.007081813588572614,0.017005425257948154,0.0,0.12743627501468968,0.00023132845551418683,0.031971893198427685,0.0015970269490257589,4.720757189736032,0.0,57.15979692056297,0.0,0.0005473916557076129,0.014577419063419675,0.1433983875013915,0.886381761523019,0.0012823561037530221,0.011464681769762779,0.1383193259756331,1.1520570246214736,0.0023365898357959776,0.01253719818192102,0.12188718675157342,1.367175744629482
amm,0.75,0.9,liquidity,execution_delay,0.020948752266090543,0.0018267043263835141,10,0.06264607703142956,0.016765155474846066,10,-0.12133410160546494,0.022737695329923608,10,0.4088077456076033,0.04585657070067739,10,1.0,0.0,10,22.560860425363437,0.20906822954001925,10,0.004859198650550683,0.0001661599278480524,10,0.20339848648787778,0.014954612290800333,10,0.2542743834652357,0.003186645592421072,10,4.3,4.110960958218893,10,0.0,0.0,10,27.7,45.296676355875036,10,260.0,0.0,10,0.011343862094201792,0.0006265343545397746,10,-0.08030628366077308,0.05779888326897534,10,34.8956935275491,0.24545907710032122,10,100.78672138946325,1.3527260546491116,10,0.013266984593552725,0.0011625777560503579,10,-0.11050240017757522,0.06066953477560747,10,26.02881009681269,0.21718678463818025,10,101.10322399586126,1.643428543705095,10,0.016126934861033088,0.0015422981495560773,10,-0.133641272804291,0.03813798630722154,10,19.092910753914182,0.20585570393783217,10,101.09574660965725,2.1005340275444393,10,0.0011322030714788808,0.01039115101896164,0.014092969573164332,0.028422196983342054,0.0,0.1295818311781701,0.00010298699025842083,0.009268964727280763,0.0019751034008862883,2.548,0.0,28.075170873131924,0.0,0.0003883300161670723,0.03582411899945548,0.15213711217597914,0.8384282950571407,0.0007205731585686791,0.037603367236847575,0.13461376376044318,1.0186075644889683,0.0009559262967974017,0.023638168812214304,0.12759068718104513,1.301924478626549
amm,0.75,0.9,liquidity,liquidity_buffer,0.040751792188354494,0.004074468007575774,10,0.07398936178868314,0.012667514615082935,10,-0.18437483380425265,0.011425847400316349,10,0.3615096231018253,0.02743667163003702,10,1.0,0.0,10,22.64261303657132,0.20560657427246276,10,0.006581754092919399,0.00037322694236416727,10,0.4702954366949972,0.05158367531361083,10,0.25387012505444567,0.00257665440999542,10,7.7,7.616502551113018,10,0.0,0.0,10,217.3,92.22201472533551,10,260.0,0.0,10,0.017475796429749113,0.0008831655123503904,10,-0.1598412641625521,0.023519309513859544,10,34.97759866547525,0.23135995780603008,10,100.49562108672231,1.430094511655581,10,0.023432093296699652,0.0020689622751422177,10,-0.17328367304134745,0.018497197470132915,10,26.09954420519295,0.2231653645419859,10,100.91316734623557,1.858736832755377,10,0.03317079319539332,0.003769870325874552,10,-0.19100939785267118,0.02022760292438391,10,19.18568186794969,0.19665363659452648,10,101.25063037017988,2.205810874880551,10,0.0025253814348558164,0.007851406901518108,0.007081813588572614,0.017005425257948154,0.0,0.12743627501468968,0.00023132845551418683,0.031971893198427685,0.0015970269490257589,4.720757189736032,0.0,57.15979692056297,0.0,0.0005473916557076129,0.014577419063419675,0.1433983875013915,0.886381761523019,0.0012823561037530221,0.011464681769762779,0.1383193259756331,1.1520570246214736,0.0023365898357959776,0.01253719818192102,0.12188718675157342,1.367175744629482
amm,0.75,0.9,liquidity,none,0.040751792188354494,0.004074468007575774,10,0.07398936178868314,0.012667514615082935,10,-0.18437483380425265,0.011425847400316349,10,0.3615096231018253,0.02743667163003702,10,1.0,0.0,10,22.64261303657132,0.20560657427246276,10,0.006581754092919399,0.00037322694236416727,10,0.4702954366949972,0.05158367531361083,10,0.25387012505444567,0.00257665440999542,10,7.7,7.616502551113018,10,0.0,0.0,10,217.3,92.22201472533551,10,260.0,0.0,10,0.017475796429749113,0.0008831655123503904,10,-0.1598412641625521,0.023519309513859544,10,34.97759866547525,0.23135995780603008,10,100.49562108672231,1.430094511655581,10,0.023432093296699652,0.0020689622751422177,10,-0.17328367304134745,0.018497197470132915,10,26.09954420519295,0.2231653645419859,10,100.91316734623557,1.858736832755377,10,0.03317079319539332,0.003769870325874552,10,-0.19100939785267118,0.02022760292438391,10,19.18568186794969,0.19665363659452648,10,101.25063037017988,2.205810874880551,10,0.0025253814348558164,0.007851406901518108,0.007081813588572614,0.017005425257948154,0.0,0.12743627501468968,0.00023132845551418683,0.031971893198427685,0.0015970269490257589,4.720757189736032,0.0,57.15979692056297,0.0,0.0005473916557076129,0.014577419063419675,0.1433983875013915,0.886381761523019,0.0012823561037530221,0.011464681769762779,0.1383193259756331,1.1520570246214736,0.0023365898357959776,0.01253719818192102,0.12188718675157342,1.367175744629482
amm,0.75,0.9,liquidity,position_limit,0.04083421738023294,0.003942402960049887,10,0.07366143396217453,0.012739699504531967,10,-0.18492645801312563,0.010991212646685553,10,0.47571238865126786,0.2405297531191366,10,1.0,0.0,10,22.535122234476976,0.20606247485921494,10,0.006591408089860487,0.0003676762324797177,10,0.47010186702551976,0.04992717312725498,10,0.2538510139945273,0.002574174160747196,10,10.0,11.527744310527055,10,0.0,0.0,10,217.3,92.22201472533551,10,260.0,0.0,10,0.017525044965824767,0.0009171633960294431,10,-0.15999143923064646,0.0243306302056663,10,34.809327223711115,0.23420491927665074,10,100.49591506629339,1.4308952729435245,10,0.023504858593057336,0.002039617095189721,10,-0.17309849227310908,0.01881595961267653,10,25.974621949980417,0.22205413181891465,10,100.9130990350794,1.8594220595739164,10,0.03322363429249629,0.003616355034985577,10,-0.19196995130732886,0.019260524375424897,10,19.095622518973535,0.19875461739799158,10,101.24840354130376,2.2032880302956044,10,0.0024435266703577,0.007896147559526162,0.006812424177311682,0.1490818855193144,0.0,0.1277188451258755,0.0002278880898845154,0.03094518250627278,0.0015954896746150549,7.144969947841317,0.0,57.15979692056297,0.0,0.0005684637623256621,0.015080280838010517,0.1451617128894979,0.8868780785112892,0.0012641677727815318,0.0116622525926083,0.1376305767982115,1.152481732603715,0.002241440072720976,0.011937796687284796,0.12318938814478451,1.3656120693555553
amm,0.75,0.9,volatility,all,0.019517778480251227,0.0014797376320394092,10,0.07013137253865027,0.014100218272539398,10,-0.020664842056155264,0.04147430144246225,10,0.4319162980893395,0.08060431073490736,10,1.0,0.0,10,34.960188407840946,0.2891753134393665,10,0.004710689709817232,0.00012339430360719535,10,0.20654515467635187,0.009531963915129974,10,-0.003205848808463674,0.005599020394565743,10,1.5,2.0682789409984763,10,0.0,0.0,10,5.3,4.295992965026311,10,0.0,0.0,10,0.01134929008001977,0.0006290473743420056,10,-0.08132531517150635,0.057605721781458695,10,34.79235636381143,0.24179214471644953,10,100.78698672544132,1.3529451126995746,10,0.015919583279523603,0.0013651333169368964,10,-0.005141279858753898,0.06861719663274693,10,34.91151796947162,0.201444028256249,10,101.49956004101736,1.1230867862362883,10,0.011107437924304877,0.0008465334989197411,10,-0.053563995959481206,0.07151821332199138,10,35.00885884621027,0.3992762778038338,10,102.08378673456343,2.304176012119488,10,0.0009171508863149014,0.008739405828362865,0.025706038356827162,0.04995906938545249,0.0,0.1792327161780535,7.648058173905738e-05,0.005907972443083941,0.003470308794062229,1.281932568862774,0.0,2.6626840259824713,0.0,0.00038988760197758275,0.03570439626912684,0.1498643239376415,0.8385640686434755,0.0008461183958950169,0.04252937909096284,0.12485630226449652,0.6960964018908815,0.0005246868985547417,0.04432744786352481,0.24747400089271246,1.4281430883313788
amm,0.75,0.9,volatility,circuit_breaker,0.027528717274952423,0.0013371555842304772,10,0.07489951746521731,0.023444005733555595,10,-0.11508068463014069,0.03351231747940627,10,0.35473523736369567,0.027269282384086557,10,1.0,0.0,10,34.974877324101016,0.2962166452943645,10,0.005457691631113407,0.00011251856070775979,10,0.42098622833349647,0.0250432893259764,10,-0.00013416640177389417,0.006751322482620925,10,1.8,1.3165611772087666,10,0.0,0.0,10,3.3,4.24394994210713,10,0.0,0.0,10,0.017475796429749113,0.0008831655123503904,10,-0.1598412641625521,0.023519309513859544,10,34.97759866547525,0.23135995780603008,10,100.49562108672231,1.430094511655581,10,0.020877853215410958,0.0013159362966188631,10,-0.09198219835138303,0.05167540031182506,10,34.98388289720837,0.27518138985072116,10,100.53879239060987,1.5839289695179046,10,0.017798759396263318,0.001005677362551511,10,-0.15636996079916327,0.03941868743382606,10,34.96587175099366,0.32042210046921227,10,100.40217499854081,1.791034567134266,10,0.0008287776175075613,0.014530745296832123,0.02077114956949696,0.01690167632843593,0.0,0.18359697887694038,6.973972645256788e-05,0.015521991537043003,0.004184513027623396,0.816013071790724,0.0,2.6304274261884593,0.0,0.0005473916557076129,0.014577419063419675,0.1433983875013915,0.886381761523019,0.0008156257667884979,0.03202874494132313,0.17055919247732815,0.9817293463375982,0.0006233252871590049,0.024431955594369042,0.1985996754270515,1.1100947256466545
amm,0.75,0.9,volatility,execution_delay,0.01949640889624648,0.0014732457754756231,10,0.07024325879646948,0.014100884630108433,10,-0.02044364645277467,0.04134212536597818,10,0.42343262923285235,0.06761999302020476,10,1.0,0.0,10,35.06368334247916,0.29860266462260515,10,0.004708261111157243,0.00012249328041163697,10,0.2065542549388292,0.009500563648570813,10,-0.0031998201231491995,0.005605763323593322,10,1.5,2.0682789409984763,10,0.0,0.0,10,5.0,4.189935029992179,10,0.0,0.0,10,0.011343862094201792,0.0006265343545397746,10,-0.08030628366077308,0.05779888326897534,10,34.8956935275491,0.24545907710032122,10,100.78672138946325,1.3527260546491116,10,0.01591189292707717,0.0013582784488685475,10,-0.004395494415933701,0.06892471853883822,10,35.014950820223255,0.20957693537705283,10,101.50012325503124,1.1235177919104158,10,0.011084079063231658,0.0008252525693846839,10,-0.0541896221063861,0.07226220497852621,10,35.11241586473506,0.409021291839715,10,102.08363289296867,2.3033223655567556,10,0.0009131271919299045,0.008739818841063098,0.0256241147758678,0.0419113058884729,0.0,0.18507584897815177,7.592212177662625e-05,0.005888510356237121,0.0034744881047725196,1.281932568862774,0.0,2.596948636808634,0.0,0.0003883300161670723,0.03582411899945548,0.15213711217597914,0.8384282950571407,0.0008418697046484524,0.04271998314307724,0.12989713032256361,0.6963635419753625,0.0005114968417757013,0.044788578669707924,0.2535140231687166,1.4276139927101974
amm,0.75,0.9,volatility,liquidity_buffer,0.027528717274952423,0.0013371555842304772,10,0.07489951746521731,0.023444005733555595,10,-0.11508068463014069,0.03351231747940627,10,0.35473523736369567,0.027269282384086557,10,1.0,0.0,10,34.974877324101016,0.2962166452943645,10,0.005457691631113407,0.00011251856070775979,10,0.42098622833349647,0.0250432893259764,10,-0.00013416640177389417,0.006751322482620925,10,1.8,1.3165611772087666,10,0.0,0.0,10,3.3,4.24394994210713,10,0.0,0.0,10,0.017475796429749113,0.0008831655123503904,10,-0.1598412641625521,0.023519309513859544,10,34.97759866547525,0.23135995780603008,10,100.49562108672231,1.430094511655581,10,0.020877853215410958,0.0013159362966188631,10,-0.09198219835138303,0.05167540031182506,10,34.98388289720837,0.27518138985072116,10,100.53879239060987,1.5839289695179046,10,0.017798759396263318,0.001005677362551511,10,-0.15636996079916327,0.03941868743382606,10,34.96587175099366,0.32042210046921227,10,100.40217499854081,1.791034567134266,10,0.0008287776175075613,0.014530745296832123,0.02077114956949696,0.01690167632843593,0.0,0.18359697887694038,6.973972645256788e-05,0.015521991537043003,0.004184513027623396,0.816013071790724,0.0,2.6304274261884593,0.0,0.0005473916557076129,0.014577419063419675,0.1433983875013915,0.886381761523019,0.0008156257667884979,0.03202874494132313,0.17055919247732815,0.9817293463375982,0.0006233252871590049,0.024431955594369042,0.1985996754270515,1.1100947256466545
amm,0.75,0.9,volatility,none,0.027528717274952423,0.0013371555842304772,10,0.07489951746521731,0.023444005733555595,10,-0.11508068463014069,0.03351231747940627,10,0.35473523736369567,0.027269282384086557,10,1.0,0.0,10,34.974877324101016,0.2962166452943645,10,0.005457691631113407,0.00011251856070775979,10,0.42098622833349647,0.0250432893259764,10,-0.00013416640177389417,0.006751322482620925,10,1.8,1.3165611772087666,10,0.0,0.0,10,3.3,4.24394994210713,10,0.0,0.0,10,0.017475796429749113,0.0008831655123503904,10,-0.1598412641625521,0.023519309513859544,10,34.97759866547525,0.23135995780603008,10,100.49562108672231,1.430094511655581,10,0.020877853215410958,0.0013159362966188631,10,-0.09198219835138303,0.05167540031182506,10,34.98388289720837,0.27518138985072116,10,100.53879239060987,1.5839289695179046,10,0.017798759396263318,0.001005677362551511,10,-0.15636996079916327,0.03941868743382606,10,34.96587175099366,0.32042210046921227,10,100.40217499854081,1.791034567134266,10,0.0008287776175075613,0.014530745296832123,0.02077114956949696,0.01690167632843593,0.0,0.18359697887694038,6.973972645256788e-05,0.015521991537043003,0.004184513027623396,0.816013071790724,0.0,2.6304274261884593,0.0,0.0005473916557076129,0.014577419063419675,0.1433983875013915,0.886381761523019,0.0008156257667884979,0.03202874494132313,0.17055919247732815,0.9817293463375982,0.0006233252871590049,0.024431955594369042,0.1985996754270515,1.1100947256466545
amm,0.75,0.9,volatility,position_limit,0.027593519609332894,0.0013227201449898234,10,0.07428528832275318,0.023510305732161365,10,-0.11603071039435975,0.03289452008272432,10,0.39306214027382314,0.10123494499984284,10,1.0,0.0,10,34.807645752529154,0.284011313200585,10,0.005463077037774103,0.0001117617653899156,10,0.42091723874052667,0.025040502398078587,10,-0.00016193794609072886,0.006723501578604495,10,1.5,1.2692955176439846,10,0.0,0.0,10,3.3,4.24394994210713,10,0.0,0.0,10,0.017525044965824767,0.0009171633960294431,10,-0.15999143923064646,0.0243306302056663,10,34.809327223711115,0.23420491927665074,10,100.49591506629339,1.4308952729435245,10,0.020917785809369607,0.001294937719016739,10,-0.09312835504727304,0.051426047993963254,10,34.81644861292571,0.26398474056612825,10,100.54007559602017,1.5834003289197216,10,0.017849842268989363,0.0010002053878681914,10,-0.15728007783219297,0.03907887565655801,10,34.79884289213258,0.30745918298010344,10,100.4025484112198,1.7909299888283088,10,0.0008198304395705757,0.014571838461706326,0.020388234775913602,0.06274606898027,0.0,0.17603203566998174,6.927065985488789e-05,0.01552026418123598,0.004167269452665054,0.7867175124810966,0.0,2.6304274261884593,0.0,0.0005684637623256621,0.015080280838010517,0.1451617128894979,0.8868780785112892,0.0008026107135505822,0.03187419477352315,0.16361943735265208,0.9814016915002354,0.0006199337221125835,0.024221338072753333,0.19056517592731417,1.1100299073410835
traditional,0.0,0.0,fundamental,all,0.02958049450951534,0.0025805376995992864,10,0.10162760135997755,0.01753004743438058,10,0.08031601292302301,0.07196707553910327,10,0.0,0.0,10,0.0,0.0,10,0.9579076728446374,0.0025640786539895487,10,0.0010179130436614651,9.870452107145492e-06,10,0.04416461163334106,0.002984442049169688,10,0.0030917041150477663,0.0038664687259156918,10,3.1,3.784471194529326,10,0.0,0.0,10,3.3,4.47337804249888,10,0.0,0.0,10,0.01852329711794747,0.0013829399986415884,10,0.16490577185390343,0.08671898635799637,10,0.9615745165719511,0.002681941721415008,10,100.34713282586041,2.2348290479188218,10,0.02231881141976596,0.002025507950614861,10,0.12382659826409455,0.1046089381117903,10,0.9579744937156018,0.0028611934541509175,10,98.55147423607283,2.4656918625426427,10,0.018168388205553616,0.002865603328090641,10,0.1334380074358365,0.07255788022345817,10,0.957840851973673,0.003771948156555948,10,96.88703150798588,2.4763190991669513,10,0.0015994338368583642,0.01086523596715301,0.04460565554801147,0.0,0.0,0.0015892324146994485,6.117769598060866e-06,0.0018497763463506632,0.002396462144437766,2.345639547946122,0.0,2.7726284360592643,0.0,0.0008571550915592864,0.053748984601378315,0.0016622847007348245,1.3851613946156953,0.0012554228343736708,0.0648372915767908,0.0017733860757303632,1.528251649580402,0.0017761193439157377,0.04497184008516371,0.002337877688594874,1.5348384790818113
traditional,0.0,0.0,fundamental,circuit_breaker,0.02958049450951534,0.0025805376995992864,10,0.10162760135997755,0.01753004743438058,10,0.08031601292302301,0.07196707553910327,10,0.0,0.0,10,0.0,0.0,10,0.9579076728446374,0.0025640786539895487,10,0.0010179130436614651,9.870452107145492e-06,10,0.04416461163334106,0.002984442049169688,10,0.0030917041150477663,0.0038664687259156918,10,3.1,3.784471194529326,10,0.0,0.0,10,3.3,4.47337804249888,10,0.0,0.0,10,0.01852329711794747,0.0013829399986415884,10,0.16490577185390343,0.08671898635799637,10,0.9615745165719511,0.002681941721415008,10,100.34713282586041,2.2348290479188218,10,0.02231881141976596,0.002025507950614861,10,0.12382659826409455,0.1046089381117903,10,0.9579744937156018,0.0028611934541509175,10,98.55147423607283,2.4656918625426427,10,0.018168388205553616,0.002865603328090641,10,0.1334380074358365,0.07255788022345817,10,0.957840851973673,0.003771948156555948,10,96.88703150798588,2.4763190991669513,10,0.0015994338368583642,0.01086523596715301,0.04460565554801147,0.0,0.0,0.0015892324146994485,6.117769598060866e-06,0.0018497763463506632,0.002396462144437766,2.345639547946122,0.0,2.7726284360592643,0.0,0.0008571550915592864,0.053748984601378315,0.0016622847007348245,1.3851613946156953,0.0012554228343736708,0.0648372915767908,0.0017733860757303632,1.528251649580402,0.0017761193439157377,0.04497184008516371,0.002337877688594874,1.5348384790818113
traditional,0.0,0.0,fundamental,execution_delay,0.02958049450951534,0.0025805376995992864,10,0.10162760135997755,0.01753004743438058,10,0.08031601292302301,0.07196707553910327,10,0.0,0.0,10,0.0,0.0,10,0.9579076728446374,0.0025640786539895487,10,0.0010179130436614651,9.870452107145492e-06,10,0.04416461163334106,0.002984442049169688,10,0.0030917041150477663,0.0038664687259156918,10,3.1,3.784471194529326,10,0.0,0.0,10,3.3,4.47337804249888,10,0.0,0.0,10,0.01852329711794747,0.0013829399986415884,10,0.16490577185390343,0.08671898635799637,10,0.9615745165719511,0.002681941721415008,10,100.34713282586041,2.2348290479188218,10,0.02231881141976596,0.002025507950614861,10,0.12382659826409455,0.1046089381117903,10,0.9579744937156018,0.0028611934541509175,10,98.55147423607283,2.4656918625426427,10,0.018168388205553616,0.002865603328090641,10,0.1334380074358365,0.07255788022345817,10,0.957840851973673,0.003771948156555948,10,96.88703150798588,2.4763190991669513,10,0.0015994338368583642,0.01086523596715301,0.04460565554801147,0.0,0.0,0.0015892324146994485,6.117769598060866e-06,0.0018497763463506632,0.002396462144437766,2.345639547946122,0.0,2.7726284360592643,0.0,0.0008571550915592864,0.053748984601378315,0.0016622847007348245,1.3851613946156953,0.0012554228343736708,0.0648372915767908,0.0017733860757303632,1.528251649580402,0.0017761193439157377,0.04497184008516371,0.002337877688594874,1.5348384790818113
traditional,0.0,0.0,fundamental,liquidity_buffer,0.02958049450951534,0.0025805376995992864,10,0.10162760135997755,0.01753004743438058,10,0.08031601292302301,0.07196707553910327,10,0.0,0.0,10,0.0,0.0,10,0.9579076728446374,0.0025640786539895487,10,0.0010179130436614651,9.870452107145492e-06,10,0.04416461163334106,0.002984442049169688,10,0.0030917041150477663,0.0038664687259156918,10,3.1,3.784471194529326,10,0.0,0.0,10,3.3,4.47337804249888,10,0.0,0.0,10,0.01852329711794747,0.0013829399986415884,10,0.16490577185390343,0.08671898635799637,10,0.9615745165719511,0.002681941721415008,10,100.34713282586041,2.2348290479188218,10,0.02231881141976596,0.002025507950614861,10,0.12382659826409455,0.1046089381117903,10,0.9579744937156018,0.0028611934541509175,10,98.55147423607283,2.4656918625426427,10,0.018168388205553616,0.002865603328090641,10,0.1334380074358365,0.07255788022345817,10,0.957840851973673,0.003771948156555948,10,96.88703150798588,2.4763190991669513,10,0.0015994338368583642,0.01086523596715301,0.04460565554801147,0.0,0.0,0.0015892324146994485,6.117769598060866e-06,0.0018497763463506632,0.002396462144437766,2.345639547946122,0.0,2.7726284360592643,0.0,0.0008571550915592864,0.053748984601378315,0.0016622847007348245,1.3851613946156953,0.0012554228343736708,0.0648372915767908,0.0017733860757303632,1.528251649580402,0.0017761193439157377,0.04497184008516371,0.002337877688594874,1.5348384790818113
traditional,0.0,0.0,fundamental,none,0.02958049450951534,0.0025805376995992864,10,0.10162760135997755,0.01753004743438058,10,0.08031601292302301,0.07196707553910327,10,0.0,0.0,10,0.0,0.0,10,0.9579076728446374,0.0025640786539895487,10,0.0010179130436614651,9.870452107145492e-06,10,0.04416461163334106,0.002984442049169688,10,0.0030917041150477663,0.0038664687259156918,10,3.1,3.784471194529326,10,0.0,0.0,10,3.3,4.47337804249888,10,0.0,0.0,10,0.01852329711794747,0.0013829399986415884,10,0.16490577185390343,0.08671898635799637,10,0.9615745165719511,0.002681941721415008,10,100.34713282586041,2.2348290479188218,10,0.02231881141976596,0.002025507950614861,10,0.12382659826409455,0.1046089381117903,10,0.9579744937156018,0.0028611934541509175,10,98.55147423607283,2.4656918625426427,10,0.018168388205553616,0.002865603328090641,10,0.1334380074358365,0.07255788022345817,10,0.957840851973673,0.003771948156555948,10,96.88703150798588,2.4763190991669513,10,0.0015994338368583642,0.01086523596715301,0.04460565554801147,0.0,0.0,0.0015892324146994485,6.117769598060866e-06,0.0018497763463506632,0.002396462144437766,2.345639547946122,0.0,2.7726284360592643,0.0,0.0008571550915592864,0.053748984601378315,0.0016622847007348245,1.3851613946156953,0.0012554228343736708,0.0648372915767908,0.0017733860757303632,1.528251649580402,0.0017761193439157377,0.04497184008516371,0.002337877688594874,1.5348384790818113
traditional,0.0,0.0,fundamental,position_limit,0.02958049450951534,0.0025805376995992864,10,0.10162760135997755,0.01753004743438058,10,0.08031601292302301,0.07196707553910327,10,0.0,0.0,10,0.0,0.0,10,0.9579076728446374,0.0025640786539895487,10,0.0010179130436614651,9.870452107145492e-06,10,0.04416461163334106,0.002984442049169688,10,0.0030917041150477663,0.0038664687259156918,10,3.1,3.784471194529326,10,0.0,0.0,10,3.3,4.47337804249888,10,0.0,0.0,10,0.01852329711794747,0.0013829399986415884,10,0.16490577185390343,0.08671898635799637,10,0.9615745165719511,0.002681941721415008,10,100.34713282586041,2.2348290479188218,10,0.02231881141976596,0.002025507950614861,10,0.12382659826409455,0.1046089381117903,10,0.9579744937156018,0.0028611934541509175,10,98.55147423607283,2.4656918625426427,10,0.018168388205553616,0.002865603328090641,10,0.1334380074358365,0.07255788022345817,10,0.957840851973673,0.003771948156555948,10,96.88703150798588,2.4763190991669513,10,0.0015994338368583642,0.01086523596715301,0.04460565554801147,0.0,0.0,0.0015892324146994485,6.117769598060866e-06,0.0018497763463506632,0.002396462144437766,2.345639547946122,0.0,2.7726284360592643,0.0,0.0008571550915592864,0.053748984601378315,0.0016622847007348245,1.3851613946156953,0.0012554228343736708,0.0648372915767908,0.0017733860757303632,1.528251649580402,0.0017761193439157377,0.04497184008516371,0.002337877688594874,1.5348384790818113
traditional,0.0,0.0,liquidity,all,0.025110748263066928,0.0029366733877377463,10,0.06252464268055914,0.01692687358324286,10,0.12687780290790565,0.06591635842623346,10,0.0,0.0,10,0.0,0.0,10,0.6982548958110797,0.001293862755606391,10,0.0010244816410595757,1.0881585682734742e-05,10,0.038976435799413414,0.002780014951895765,10,0.42764659753111456,0.001593945469296715,10,4.3,4.2176876234364356,10,0.0,0.0,10,0.6,1.3498971154211057,10,8.7,0.4830458915396482,10,0.01852329711794747,0.0013829399986415884,10,0.16490577185390343,0.08671898635799637,10,0.9615745165719511,0.002681941721415008,10,100.34713282586041,2.2348290479188218,10,0.017088114585352088,0.0022926282622999323,10,0.12499385867327087,0.10541309985671285,10,0.55,0.0,10,100.89015887712513,2.535309948889139,10,0.018175747195136743,0.002849911649785997,10,0.13397630866949467,0.07042453484010942,10,0.8465097916221594,0.0025877255112127296,10,101.20868912065485,2.6156322859276706,10,0.001820169023253797,0.010491384941001504,0.04085538222742223,0.0,0.0,0.0008019444443260859,6.74447668109715e-06,0.0017230711187535535,0.0009879376372203866,2.6141498724356933,0.0,0.8366749003578922,0.2993949454037817,0.0008571550915592864,0.053748984601378315,0.0016622847007348245,1.3851613946156953,0.0014209857188405785,0.0653357161901324,0.0,1.571401386543053,0.001766393540940086,0.04364957891751504,0.0016038888886521394,1.6211856868208276
traditional,0.0,0.0,liquidity,circuit_breaker,0.0885539475482639,0.007877641549773395,10,0.16443929273070007,0.017677547919625745,10,0.17621065909679853,0.28014753914491014,10,0.0,0.0,10,0.0,0.0,10,0.33604368559314457,0.0020916981871319973,10,0.002565023288277626,0.00015499221004884934,10,0.16465129640631115,0.009259503918257753,10,0.9634918749782134,0.00032977132587293104,10,7.7,3.973523485382827,10,0.0,0.0,10,18.1,2.960855732160327,10,24.0,0.4714045207910317,10,0.01852329711794747,0.0013829399986415884,10,0.16490577185390343,0.08671898635799637,10,0.9615745165719511,0.002681941721415008,10,100.34713282586041,2.2348290479188218,10,0.08432315358140943,0.008159222924432658,10,0.17637515997016745,0.2947638916251576,10,0.03508241733119703,0.0003176385097688874,10,101.16122785502529,2.6396392555420647,10,0.02589898242733677,0.0024932517166883546,10,0.13942126505790128,0.10897362354702866,10,0.6370049538550921,0.003923220849349579,10,102.66241832856774,5.11240189047412,10,0.004882612817981873,0.010956657715066546,0.1736372436994628,0.0,0.0,0.0012964479680005136,9.606516705416985e-05,0.005739099987449822,0.00020439438536732697,2.4628153717961796,0.0,1.83515739561125,0.2921795490599725,0.0008571550915592864,0.053748984601378315,0.0016622847007348245,1.3851613946156953,0.005057138762140353,0.1826965528240637,0.00019687438803646032,1.6360653607460158,0.0015453334241525686,0.06754255163691204,0.002431637474969778,3.1686995204575847
traditional,0.0,0.0,liquidity,execution_delay,0.08773992161719699,0.007737427121345579,10,0.16628223603681153,0.017695850336017265,10,0.17759667760561498,0.27748220841870286,10,0.0,0.0,10,0.0,0.0,10,0.3363785977747703,0.002005414351846322,10,0.0025739461341736003,0.00015781884932915453,10,0.16596706197288505,0.0075742878284583695,10,0.9634943731699372,0.00032820652777827344,10,8.4,3.8643671323171835,10,0.0,0.0,10,18.2,2.859681411936963,10,23.9,0.5676462121975466,10,0.01852329711794747,0.0013829399986415884,10,0.16490577185390343,0.08671898635799637,10,0.9615745165719511,0.002681941721415008,10,100.34713282586041,2.2348290479188218,10,0.0836372156937136,0.008068263017736747,10,0.17912260375307626,0.2919332614999861,10,0.035080027360925574,0.0003174578177886196,10,101.19307451230573,2.6000545868259177,10,0.025563151285366365,0.0022633687975255564,10,0.13006259298086467,0.08986330404723297,10,0.637677168188615,0.0037268155273232594,10,102.6095522345177,5.039425252243189,10,0.0047957070148703625,0.01096800167027302,0.17198525460022343,0.0,0.0,0.0012429686928280362,9.78171362310647e-05,0.004694592233557357,0.00020342451346007468,2.3951595632302523,0.0,1.772448902256737,0.3518307673994542,0.0008571550915592864,0.053748984601378315,0.0016622847007348245,1.3851613946156953,0.005000761227880919,0.18094211009589395,0.00019676239398679608,1.6115305288870332,0.0014028505146868981,0.05569785289606677,0.002309904195182104,3.1234681314703785
traditional,0.0,0.0,liquidity,liquidity_buffer,0.025110748263066928,0.0029366733877377463,10,0.06252464268055914,0.01692687358324286,10,0.12687780290790565,0.06591635842623346,10,0.0,0.0,10,0.0,0.0,10,0.6982548958110797,0.001293862755606391,10,0.0010244816410595757,1.0881585682734742e-05,10,0.038976435799413414,0.002780014951895765,10,0.42764659753111456,0.001593945469296715,10,4.3,4.2176876234364356,10,0.0,0.0,10,0.6,1.3498971154211057,10,8.7,0.4830458915396482,10,0.01852329711794747,0.0013829399986415884,10,0.16490577185390343,0.08671898635799637,10,0.9615745165719511,0.002681941721415008,10,100.34713282586041,2.2348290479188218,10,0.017088114585352088,0.0022926282622999323,10,0.12499385867327087,0.10541309985671285,10,0.55,0.0,10,100.89015887712513,2.535309948889139,10,0.018175747195136743,0.002849911649785997,10,0.13397630866949467,0.07042453484010942,10,0.8465097916221594,0.0025877255112127296,10,101.20868912065485,2.6156322859276706,10,0.001820169023253797,0.010491384941001504,0.04085538222742223,0.0,0.0,0.0008019444443260859,6.74447668109715e-06,0.0017230711187535535,0.0009879376372203866,2.6141498724356933,0.0,0.8366749003578922,0.2993949454037817,0.0008571550915592864,0.053748984601378315,0.0016622847007348245,1.3851613946156953,0.0014209857188405785,0.0653357161901324,0.0,1.571401386543053,0.001766393540940086,0.04364957891751504,0.0016038888886521394,1.6211856868208276
traditional,0.0,0.0,liquidity,none,0.08773992161719699,0.007737427121345579,10,0.16628223603681153,0.017695850336017265,10,0.17759667760561498,0.27748220841870286,10,0.0,0.0,10,0.0,0.0,10,0.3363785977747703,0.002005414351846322,10,0.0025739461341736003,0.00015781884932915453,10,0.16596706197288505,0.0075742878284583695,10,0.9634943731699372,0.00032820652777827344,10,8.4,3.8643671323171835,10,0.0,0.0,10,18.2,2.859681411936963,10,23.9,0.5676462121975466,10,0.01852329711794747,0.0013829399986415884,10,0.16490577185390343,0.08671898635799637,10,0.9615745165719511,0.002681941721415008,10,100.34713282586041,2.2348290479188218,10,0.0836372156937136,0.008068263017736747,10,0.17912260375307626,0.2919332614999861,10,0.035080027360925574,0.0003174578177886196,10,101.19307451230573,2.6000545868259177,10,0.025563151285366365,0.0022633687975255564,10,0.13006259298086467,0.08986330404723297,10,0.637677168188615,0.0037268155273232594,10,102.6095522345177,5.039425252243189,10,0.0047957070148703625,0.01096800167027302,0.17198525460022343,0.0,0.0,0.0012429686928280362,9.78171362310647e-05,0.004694592233557357,0.00020342451346007468,2.3951595632302523,0.0,1.772448902256737,0.3518307673994542,0.0008571550915592864,0.053748984601378315,0.0016622847007348245,1.3851613946156953,0.005000761227880919,0.18094211009589395,0.00019676239398679608,1.6115305288870332,0.0014028505146868981,0.05569785289606677,0.002309904195182104,3.1234681314703785
traditional,0.0,0.0,liquidity,position_limit,0.08773992161719699,0.007737427121345579,10,0.16628223603681153,0.017695850336017265,10,0.17759667760561498,0.27748220841870286,10,0.0,0.0,10,0.0,0.0,10,0.3363785977747703,0.002005414351846322,10,0.0025739461341736003,0.00015781884932915453,10,0.16596706197288505,0.0075742878284583695,10,0.9634943731699372,0.00032820652777827344,10,8.4,3.8643671323171835,10,0.0,0.0,10,18.2,2.859681411936963,10,23.9,0.5676462121975466,10,0.01852329711794747,0.0013829399986415884,10,0.16490577185390343,0.08671898635799637,10,0.9615745165719511,0.002681941721415008,10,100.34713282586041,2.2348290479188218,10,0.0836372156937136,0.008068263017736747,10,0.17912260375307626,0.2919332614999861,10,0.035080027360925574,0.0003174578177886196,10,101.19307451230573,2.6000545868259177,10,0.025563151285366365,0.0022633687975255564,10,0.13006259298086467,0.08986330404723297,10,0.637677168188615,0.0037268155273232594,10,102.6095522345177,5.039425252243189,10,0.0047957070148703625,0.01096800167027302,0.17198525460022343,0.0,0.0,0.0012429686928280362,9.78171362310647e-05,0.004694592233557357,0.00020342451346007468,2.3951595632302523,0.0,1.772448902256737,0.3518307673994542,0.0008571550915592864,0.053748984601378315,0.0016622847007348245,1.3851613946156953,0.005000761227880919,0.18094211009589395,0.00019676239398679608,1.6115305288870332,0.0014028505146868981,0.05569785289606677,0.002309904195182104,3.1234681314703785
traditional,0.0,0.0,volatility,all,0.03500561326887945,0.0029552910789247115,10,0.08265217665168481,0.027165896933137885,10,0.11239795745679841,0.05039223220306134,10,0.0,0.0,10,0.0,0.0,10,0.9482876686974411,0.004001450186413267,10,0.0010532881939700049,1.5321765379763997e-05,10,0.04931160048696285,0.005386867540685072,10,0.013439538404070228,0.005313140710007521,10,4.8,4.391911757866827,10,0.0,0.0,10,6.7,2.8303906287138374,10,0.0,0.0,10,0.01852329711794747,0.0013829399986415884,10,0.16490577185390343,0.08671898635799637,10,0.9615745165719511,0.002681941721415008,10,100.34713282586041,2.2348290479188218,10,0.029770567066522573,0.002494744182479623,10,0.10963813074870525,0.05530589192376321,10,0.9480292573392568,0.004157447247030413,10,100.8536154095256,2.8129066808186955,10,0.01790927518978184,0.0039012507348681856,10,0.14276635932518736,0.09933767898693645,10,0.9485460800556256,0.005186271520354302,10,100.54017325724462,3.3622161893002964,10,0.00183170838780299,0.01683759736205933,0.031233429107784656,0.0,0.0,0.0024801245204231688,9.496528569454717e-06,0.003338815092910138,0.003293118729827237,2.7221351097172883,0.0,1.7542942867274134,0.0,0.0008571550915592864,0.053748984601378315,0.0016622847007348245,1.3851613946156953,0.0015462584640337062,0.03427894695521582,0.00257681250031211,1.7434576235507038,0.0024180202569354706,0.061570131322379915,0.003214484391403245,2.083923184239834
traditional,0.0,0.0,volatility,circuit_breaker,0.03500561326887945,0.0029552910789247115,10,0.08265217665168481,0.027165896933137885,10,0.11239795745679841,0.05039223220306134,10,0.0,0.0,10,0.0,0.0,10,0.9482876686974411,0.004001450186413267,10,0.0010532881939700049,1.5321765379763997e-05,10,0.04931160048696285,0.005386867540685072,10,0.013439538404070228,0.005313140710007521,10,4.8,4.391911757866827,10,0.0,0.0,10,6.7,2.8303906287138374,10,0.0,0.0,10,0.01852329711794747,0.0013829399986415884,10,0.16490577185390343,0.08671898635799637,10,0.9615745165719511,0.002681941721415008,10,100.34713282586041,2.2348290479188218,10,0.029770567066522573,0.002494744182479623,10,0.10963813074870525,0.05530589192376321,10,0.9480292573392568,0.004157447247030413,10,100.8536154095256,2.8129066808186955,10,0.01790927518978184,0.0039012507348681856,10,0.14276635932518736,0.09933767898693645,10,0.9485460800556256,0.005186271520354302,10,100.54017325724462,3.3622161893002964,10,0.00183170838780299,0.01683759736205933,0.031233429107784656,0.0,0.0,0.0024801245204231688,9.496528569454717e-06,0.003338815092910138,0.003293118729827237,2.7221351097172883,0.0,1.7542942867274134,0.0,0.0008571550915592864,0.053748984601378315,0.0016622847007348245,1.3851613946156953,0.0015462584640337062,0.03427894695521582,0.00257681250031211,1.7434576235507038,0.0024180202569354706,0.061570131322379915,0.003214484391403245,2.083923184239834
traditional,0.0,0.0,volatility,execution_delay,0.03500561326887945,0.0029552910789247115,10,0.08265217665168481,0.027165896933137885,10,0.11239795745679841,0.05039223220306134,10,0.0,0.0,10,0.0,0.0,10,0.9482876686974411,0.004001450186413267,10,0.0010532881939700049,1.5321765379763997e-05,10,0.04931160048696285,0.005386867540685072,10,0.013439538404070228,0.005313140710007521,10,4.8,4.391911757866827,10,0.0,0.0,10,6.7,2.8303906287138374,10,0.0,0.0,10,0.01852329711794747,0.0013829399986415884,10,0.16490577185390343,0.08671898635799637,10,0.9615745165719511,0.002681941721415008,10,100.34713282586041,2.2348290479188218,10,0.029770567066522573,0.002494744182479623,10,0.10963813074870525,0.05530589192376321,10,0.9480292573392568,0.004157447247030413,10,100.8536154095256,2.8129066808186955,10,0.01790927518978184,0.0039012507348681856,10,0.14276635932518736,0.09933767898693645,10,0.9485460800556256,0.005186271520354302,10,100.54017325724462,3.3622161893002964,10,0.00183170838780299,0.01683759736205933,0.031233429107784656,0.0,0.0,0.0024801245204231688,9.496528569454717e-06,0.003338815092910138,0.003293118729827237,2.7221351097172883,0.0,1.7542942867274134,0.0,0.0008571550915592864,0.053748984601378315,0.0016622847007348245,1.3851613946156953,0.0015462584640337062,0.03427894695521582,0.00257681250031211,1.7434576235507038,0.0024180202569354706,0.061570131322379915,0.003214484391403245,2.083923184239834
traditional,0.0,0.0,volatility,liquidity_buffer,0.03500561326887945,0.0029552910789247115,10,0.08265217665168481,0.027165896933137885,10,0.11239795745679841,0.05039223220306134,10,0.0,0.0,10,0.0,0.0,10,0.9482876686974411,0.004001450186413267,10,0.0010532881939700049,1.5321765379763997e-05,10,0.04931160048696285,0.005386867540685072,10,0.013439538404070228,0.005313140710007521,10,4.8,4.391911757866827,10,0.0,0.0,10,6.7,2.8303906287138374,10,0.0,0.0,10,0.01852329711794747,0.0013829399986415884,10,0.16490577185390343,0.08671898635799637,10,0.9615745165719511,0.002681941721415008,10,100.34713282586041,2.2348290479188218,10,0.029770567066522573,0.002494744182479623,10,0.10963813074870525,0.05530589192376321,10,0.9480292573392568,0.004157447247030413,10,100.8536154095256,2.8129066808186955,10,0.01790927518978184,0.0039012507348681856,10,0.14276635932518736,0.09933767898693645,10,0.9485460800556256,0.005186271520354302,10,100.54017325724462,3.3622161893002964,10,0.00183170838780299,0.01683759736205933,0.031233429107784656,0.0,0.0,0.0024801245204231688,9.496528569454717e-06,0.003338815092910138,0.003293118729827237,2.7221351097172883,0.0,1.7542942867274134,0.0,0.0008571550915592864,0.053748984601378315,0.0016622847007348245,1.3851613946156953,0.0015462584640337062,0.03427894695521582,0.00257681250031211,1.7434576235507038,0.0024180202569354706,0.061570131322379915,0.003214484391403245,2.083923184239834
traditional,0.0,0.0,volatility,none,0.03500561326887945,0.0029552910789247115,10,0.08265217665168481,0.027165896933137885,10,0.11239795745679841,0.05039223220306134,10,0.0,0.0,10,0.0,0.0,10,0.9482876686974411,0.004001450186413267,10,0.0010532881939700049,1.5321765379763997e-05,10,0.04931160048696285,0.005386867540685072,10,0.013439538404070228,0.005313140710007521,10,4.8,4.391911757866827,10,0.0,0.0,10,6.7,2.8303906287138374,10,0.0,0.0,10,0.01852329711794747,0.0013829399986415884,10,0.16490577185390343,0.08671898635799637,10,0.9615745165719511,0.002681941721415008,10,100.34713282586041,2.2348290479188218,10,0.029770567066522573,0.002494744182479623,10,0.10963813074870525,0.05530589192376321,10,0.9480292573392568,0.004157447247030413,10,100.8536154095256,2.8129066808186955,10,0.01790927518978184,0.0039012507348681856,10,0.14276635932518736,0.09933767898693645,10,0.9485460800556256,0.005186271520354302,10,100.54017325724462,3.3622161893002964,10,0.00183170838780299,0.01683759736205933,0.031233429107784656,0.0,0.0,0.0024801245204231688,9.496528569454717e-06,0.003338815092910138,0.003293118729827237,2.7221351097172883,0.0,1.7542942867274134,0.0,0.0008571550915592864,0.053748984601378315,0.0016622847007348245,1.3851613946156953,0.0015462584640337062,0.03427894695521582,0.00257681250031211,1.7434576235507038,0.0024180202569354706,0.061570131322379915,0.003214484391403245,2.083923184239834
traditional,0.0,0.0,volatility,position_limit,0.03500561326887945,0.0029552910789247115,10,0.08265217665168481,0.027165896933137885,10,0.11239795745679841,0.05039223220306134,10,0.0,0.0,10,0.0,0.0,10,0.9482876686974411,0.004001450186413267,10,0.0010532881939700049,1.5321765379763997e-05,10,0.04931160048696285,0.005386867540685072,10,0.013439538404070228,0.005313140710007521,10,4.8,4.391911757866827,10,0.0,0.0,10,6.7,2.8303906287138374,10,0.0,0.0,10,0.01852329711794747,0.0013829399986415884,10,0.16490577185390343,0.08671898635799637,10,0.9615745165719511,0.002681941721415008,10,100.34713282586041,2.2348290479188218,10,0.029770567066522573,0.002494744182479623,10,0.10963813074870525,0.05530589192376321,10,0.9480292573392568,0.004157447247030413,10,100.8536154095256,2.8129066808186955,10,0.01790927518978184,0.0039012507348681856,10,0.14276635932518736,0.09933767898693645,10,0.9485460800556256,0.005186271520354302,10,100.54017325724462,3.3622161893002964,10,0.00183170838780299,0.01683759736205933,0.031233429107784656,0.0,0.0,0.0024801245204231688,9.496528569454717e-06,0.003338815092910138,0.003293118729827237,2.7221351097172883,0.0,1.7542942867274134,0.0,0.0008571550915592864,0.053748984601378315,0.0016622847007348245,1.3851613946156953,0.0015462584640337062,0.03427894695521582,0.00257681250031211,1.7434576235507038,0.0024180202569354706,0.061570131322379915,0.003214484391403245,2.083923184239834
traditional,0.0,0.5,fundamental,all,0.02958049450951534,0.0025805376995992864,10,0.10162760135997755,0.01753004743438058,10,0.08031601292302301,0.07196707553910327,10,0.0,0.0,10,0.0,0.0,10,0.9579076728446374,0.0025640786539895487,10,0.0010179130436614651,9.870452107145492e-06,10,0.04416461163334106,0.002984442049169688,10,0.0030917041150477663,0.0038664687259156918,10,3.1,3.784471194529326,10,0.0,0.0,10,3.3,4.47337804249888,10,0.0,0.0,10,0.01852329711794747,0.0013829399986415884,10,0.16490577185390343,0.08671898635799637,10,0.9615745165719511,0.002681941721415008,10,100.34713282586041,2.2348290479188218,10,0.02231881141976596,0.002025507950614861,10,0.12382659826409455,0.1046089381117903,10,0.9579744937156018,0.0028611934541509175,10,98.55147423607283,2.4656918625426427,10,0.018168388205553616,0.002865603328090641,10,0.1334380074358365,0.07255788022345817,10,0.957840851973673,0.003771948156555948,10,96.88703150798588,2.4763190991669513,10,0.0015994338368583642,0.01086523596715301,0.04460565554801147,0.0,0.0,0.0015892324146994485,6.117769598060866e-06,0.0018497763463506632,0.002396462144437766,2.345639547946122,0.0,2.7726284360592643,0.0,0.0008571550915592864,0.053748984601378315,0.0016622847007348245,1.3851613946156953,0.0012554228343736708,0.0648372915767908,0.0017733860757303632,1.528251649580402,0.0017761193439157377,0.04497184008516371,0.002337877688594874,1.5348384790818113
traditional,0.0,0.5,fundamental,circuit_breaker,0.02958049450951534,0.0025805376995992864,10,0.10162760135997755,0.01753004743438058,10,0.08031601292302301,0.07196707553910327,10,0.0,0.0,10,0.0,0.0,10,0.9579076728446374,0.0025640786539895487,10,0.0010179130436614651,9.870452107145492e-06,10,0.04416461163334106,0.002984442049169688,10,0.0030917041150477663,0.0038664687259156918,10,3.1,3.784471194529326,10,0.0,0.0,10,3.3,4.47337804249888,10,0.0,0.0,10,0.01852329711794747,0.0013829399986415884,10,0.16490577185390343,0.08671898635799637,10,0.9615745165719511,0.002681941721415008,10,100.34713282586041,2.2348290479188218,10,0.02231881141976596,0.002025507950614861,10,0.12382659826409455,0.1046089381117903,10,0.9579744937156018,0.0028611934541509175,10,98.55147423607283,2.4656918625426427,10,0.018168388205553616,0.002865603328090641,10,0.1334380074358365,0.07255788022345817,10,0.957840851973673,0.003771948156555948,10,96.88703150798588,2.4763190991669513,10,0.0015994338368583642,0.01086523596715301,0.04460565554801147,0.0,0.0,0.0015892324146994485,6.117769598060866e-06,0.0018497763463506632,0.002396462144437766,2.345639547946122,0.0,2.7726284360592643,0.0,0.0008571550915592864,0.053748984601378315,0.0016622847007348245,1.3851613946156953,0.0012554228343736708,0.0648372915767908,0.0017733860757303632,1.528251649580402,0.0017761193439157377,0.04497184008516371,0.002337877688594874,1.5348384790818113
traditional,0.0,0.5,fundamental,execution_delay,0.02958049450951534,0.0025805376995992864,10,0.10162760135997755,0.01753004743438058,10,0.08031601292302301,0.07196707553910327,10,0.0,0.0,10,0.0,0.0,10,0.9579076728446374,0.0025640786539895487,10,0.0010179130436614651,9.870452107145492e-06,10,0.04416461163334106,0.002984442049169688,10,0.0030917041150477663,0.0038664687259156918,10,3.1,3.784471194529326,10,0.0,0.0,10,3.3,4.47337804249888,10,0.0,0.0,10,0.01852329711794747,0.0013829399986415884,10,0.16490577185390343,0.08671898635799637,10,0.9615745165719511,0.002681941721415008,10,100.34713282586041,2.2348290479188218,10,0.02231881141976596,0.002025507950614861,10,0.12382659826409455,0.1046089381117903,10,0.9579744937156018,0.0028611934541509175,10,98.55147423607283,2.4656918625426427,10,0.018168388205553616,0.002865603328090641,10,0.1334380074358365,0.07255788022345817,10,0.957840851973673,0.003771948156555948,10,96.88703150798588,2.4763190991669513,10,0.0015994338368583642,0.01086523596715301,0.04460565554801147,0.0,0.0,0.0015892324146994485,6.117769598060866e-06,0.0018497763463506632,0.002396462144437766,2.345639547946122,0.0,2.7726284360592643,0.0,0.0008571550915592864,0.053748984601378315,0.0016622847007348245,1.3851613946156953,0.0012554228343736708,0.0648372915767908,0.0017733860757303632,1.528251649580402,0.0017761193439157377,0.04497184008516371,0.002337877688594874,1.5348384790818113
traditional,0.0,0.5,fundamental,liquidity_buffer,0.02958049450951534,0.0025805376995992864,10,0.10162760135997755,0.01753004743438058,10,0.08031601292302301,0.07196707553910327,10,0.0,0.0,10,0.0,0.0,10,0.9579076728446374,0.0025640786539895487,10,0.0010179130436614651,9.870452107145492e-06,10,0.04416461163334106,0.002984442049169688,10,0.0030917041150477663,0.0038664687259156918,10,3.1,3.784471194529326,10,0.0,0.0,10,3.3,4.47337804249888,10,0.0,0.0,10,0.01852329711794747,0.0013829399986415884,10,0.16490577185390343,0.08671898635799637,10,0.9615745165719511,0.002681941721415008,10,100.34713282586041,2.2348290479188218,10,0.02231881141976596,0.002025507950614861,10,0.12382659826409455,0.1046089381117903,10,0.9579744937156018,0.0028611934541509175,10,98.55147423607283,2.4656918625426427,10,0.018168388205553616,0.002865603328090641,10,0.1334380074358365,0.07255788022345817,10,0.957840851973673,0.003771948156555948,10,96.88703150798588,2.4763190991669513,10,0.0015994338368583642,0.01086523596715301,0.04460565554801147,0.0,0.0,0.0015892324146994485,6.117769598060866e-06,0.0018497763463506632,0.002396462144437766,2.345639547946122,0.0,2.7726284360592643,0.0,0.0008571550915592864,0.053748984601378315,0.0016622847007348245,1.3851613946156953,0.0012554228343736708,0.0648372915767908,0.0017733860757303632,1.528251649580402,0.0017761193439157377,0.04497184008516371,0.002337877688594874,1.5348384790818113
traditional,0.0,0.5,fundamental,none,0.02958049450951534,0.0025805376995992864,10,0.10162760135997755,0.01753004743438058,10,0.08031601292302301,0.07196707553910327,10,0.0,0.0,10,0.0,0.0,10,0.9579076728446374,0.0025640786539895487,10,0.0010179130436614651,9.870452107145492e-06,10,0.04416461163334106,0.002984442049169688,10,0.0030917041150477663,0.0038664687259156918,10,3.1,3.784471194529326,10,0.0,0.0,10,3.3,4.47337804249888,10,0.0,0.0,10,0.01852329711794747,0.0013829399986415884,10,0.16490577185390343,0.08671898635799637,10,0.9615745165719511,0.002681941721415008,10,100.34713282586041,2.2348290479188218,10,0.02231881141976596,0.002025507950614861,10,0.12382659826409455,0.1046089381117903,10,0.9579744937156018,0.0028611934541509175,10,98.55147423607283,2.4656918625426427,10,0.018168388205553616,0.002865603328090641,10,0.1334380074358365,0.07255788022345817,10,0.957840851973673,0.003771948156555948,10,96.88703150798588,2.4763190991669513,10,0.0015994338368583642,0.01086523596715301,0.04460565554801147,0.0,0.0,0.0015892324146994485,6.117769598060866e-06,0.0018497763463506632,0.002396462144437766,2.345639547946122,0.0,2.7726284360592643,0.0,0.0008571550915592864,0.053748984601378315,0.0016622847007348245,1.3851613946156953,0.0012554228343736708,0.0648372915767908,0.0017733860757303632,1.528251649580402,0.0017761193439157377,0.04497184008516371,0.002337877688594874,1.5348384790818113
traditional,0.0,0.5,fundamental,position_limit,0.02958049450951534,0.0025805376995992864,10,0.10162760135997755,0.01753004743438058,10,0.08031601292302301,0.07196707553910327,10,0.0,0.0,10,0.0,0.0,10,0.9579076728446374,0.0025640786539895487,10,0.0010179130436614651,9.870452107145492e-06,10,0.04416461163334106,0.002984442049169688,10,0.0030917041150477663,0.0038664687259156918,10,3.1,3.784471194529326,10,0.0,0.0,10,3.3,4.47337804249888,10,0.0,0.0,10,0.01852329711794747,0.0013829399986415884,10,0.16490577185390343,0.08671898635799637,10,0.9615745165719511,0.002681941721415008,10,100.34713282586041,2.2348290479188218,10,0.02231881141976596,0.002025507950614861,10,0.12382659826409455,0.1046089381117903,10,0.9579744937156018,0.0028611934541509175,10,98.55147423607283,2.4656918625426427,10,0.018168388205553616,0.002865603328090641,10,0.1334380074358365,0.07255788022345817,10,0.957840851973673,0.003771948156555948,10,96.88703150798588,2.4763190991669513,10,0.0015994338368583642,0.01086523596715301,0.04460565554801147,0.0,0.0,0.0015892324146994485,6.117769598060866e-06,0.0018497763463506632,0.002396462144437766,2.345639547946122,0.0,2.7726284360592643,0.0,0.0008571550915592864,0.053748984601378315,0.0016622847007348245,1.3851613946156953,0.0012554228343736708,0.0648372915767908,0.0017733860757303632,1.528251649580402,0.0017761193439157377,0.04497184008516371,0.002337877688594874,1.5348384790818113
traditional,0.0,0.5,liquidity,all,0.025110748263066928,0.0029366733877377463,10,0.06252464268055914,0.01692687358324286,10,0.12687780290790565,0.06591635842623346,10,0.0,0.0,10,0.0,0.0,10,0.6982548958110797,0.001293862755606391,10,0.0010244816410595757,1.0881585682734742e-05,10,0.038976435799413414,0.002780014951895765,10,0.42764659753111456,0.001593945469296715,10,4.3,4.2176876234364356,10,0.0,0.0,10,0.6,1.3498971154211057,10,8.7,0.4830458915396482,10,0.01852329711794747,0.0013829399986415884,10,0.16490577185390343,0.08671898635799637,10,0.9615745165719511,0.002681941721415008,10,100.34713282586041,2.2348290479188218,10,0.017088114585352088,0.0022926282622999323,10,0.12499385867327087,0.10541309985671285,10,0.55,0.0,10,100.89015887712513,2.535309948889139,10,0.018175747195136743,0.002849911649785997,10,0.13397630866949467,0.07042453484010942,10,0.8465097916221594,0.0025877255112127296,10,101.20868912065485,2.6156322859276706,10,0.001820169023253797,0.010491384941001504,0.04085538222742223,0.0,0.0,0.0008019444443260859,6.74447668109715e-06,0.0017230711187535535,0.0009879376372203866,2.6141498724356933,0.0,0.8366749003578922,0.2993949454037817,0.0008571550915592864,0.053748984601378315,0.0016622847007348245,1.3851613946156953,0.0014209857188405785,0.0653357161901324,0.0,1.571401386543053,0.001766393540940086,0.04364957891751504,0.0016038888886521394,1.6211856868208276
traditional,0.0,0.5,liquidity,circuit_breaker,0.0885539475482639,0.007877641549773395,10,0.16443929273070007,0.017677547919625745,10,0.17621065909679853,0.28014753914491014,10,0.0,0.0,10,0.0,0.0,10,0.33604368559314457,0.0020916981871319973,10,0.002565023288277626,0.00015499221004884934,10,0.16465129640631115,0.009259503918257753,10,0.9634918749782134,0.00032977132587293104,10,7.7,3.973523485382827,10,0.0,0.0,10,18.1,2.960855732160327,10,24.0,0.4714045207910317,10,0.01852329711794747,0.0013829399986415884,10,0.16490577185390343,0.08671898635799637,10,0.9615745165719511,0.002681941721415008,10,100.34713282586041,2.2348290479188218,10,0.08432315358140943,0.008159222924432658,10,0.17637515997016745,0.2947638916251576,10,0.03508241733119703,0.0003176385097688874,10,101.16122785502529,2.6396392555420647,10,0.02589898242733677,0.0024932517166883546,10,0.13942126505790128,0.10897362354702866,10,0.6370049538550921,0.003923220849349579,10,102.66241832856774,5.11240189047412,10,0.004882612817981873,0.010956657715066546,0.1736372436994628,0.0,0.0,0.0012964479680005136,9.606516705416985e-05,0.005739099987449822,0.00020439438536732697,2.4628153717961796,0.0,1.83515739561125,0.2921795490599725,0.0008571550915592864,0.053748984601378315,0.0016622847007348245,1.3851613946156953,0.005057138762140353,0.1826965528240637,0.00019687438803646032,1.6360653607460158,0.0015453334241525686,0.06754255163691204,0.002431637474969778,3.1686995204575847
traditional,0.0,0.5,liquidity,execution_delay,0.08773992161719699,0.007737427121345579,10,0.16628223603681153,0.017695850336017265,10,0.17759667760561498,0.27748220841870286,10,0.0,0.0,10,0.0,0.0,10,0.3363785977747703,0.002005414351846322,10,0.0025739461341736003,0.00015781884932915453,10,0.16596706197288505,0.0075742878284583695,10,0.9634943731699372,0.00032820652777827344,10,8.4,3.8643671323171835,10,0.0,0.0,10,18.2,2.859681411936963,10,23.9,0.5676462121975466,10,0.01852329711794747,0.0013829399986415884,10,0.16490577185390343,0.08671898635799637,10,0.9615745165719511,0.002681941721415008,10,100.34713282586041,2.2348290479188218,10,0.0836372156937136,0.008068263017736747,10,0.17912260375307626,0.2919332614999861,10,0.035080027360925574,0.0003174578177886196,10,101.19307451230573,2.6000545868259177,10,0.025563151285366365,0.0022633687975255564,10,0.13006259298086467,0.08986330404723297,10,0.637677168188615,0.0037268155273232594,10,102.6095522345177,5.039425252243189,10,0.0047957070148703625,0.01096800167027302,0.17198525460022343,0.0,0.0,0.0012429686928280362,9.78171362310647e-05,0.004694592233557357,0.00020342451346007468,2.3951595632302523,0.0,1.772448902256737,0.3518307673994542,0.0008571550915592864,0.053748984601378315,0.0016622847007348245,1.3851613946156953,0.005000761227880919,0.18094211009589395,0.00019676239398679608,1.6115305288870332,0.0014028505146868981,0.05569785289606677,0.002309904195182104,3.1234681314703785
traditional,0.0,0.5,liquidity,liquidity_buffer,0.025110748263066928,0.0029366733877377463,10,0.06252464268055914,0.01692687358324286,10,0.12687780290790565,0.06591635842623346,10,0.0,0.0,10,0.0,0.0,10,0.6982548958110797,0.001293862755606391,10,0.0010244816410595757,1.0881585682734742e-05,10,0.038976435799413414,0.002780014951895765,10,0.42764659753111456,0.001593945469296715,10,4.3,4.2176876234364356,10,0.0,0.0,10,0.6,1.3498971154211057,10,8.7,0.4830458915396482,10,0.01852329711794747,0.0013829399986415884,10,0.16490577185390343,0.08671898635799637,10,0.9615745165719511,0.002681941721415008,10,100.34713282586041,2.2348290479188218,10,0.017088114585352088,0.0022926282622999323,10,0.12499385867327087,0.10541309985671285,10,0.55,0.0,10,100.89015887712513,2.535309948889139,10,0.018175747195136743,0.002849911649785997,10,0.13397630866949467,0.07042453484010942,10,0.8465097916221594,0.0025877255112127296,10,101.20868912065485,2.6156322859276706,10,0.001820169023253797,0.010491384941001504,0.04085538222742223,0.0,0.0,0.0008019444443260859,6.74447668109715e-06,0.0017230711187535535,0.0009879376372203866,2.6141498724356933,0.0,0.8366749003578922,0.2993949454037817,0.0008571550915592864,0.053748984601378315,0.0016622847007348245,1.3851613946156953,0.0014209857188405785,0.0653357161901324,0.0,1.571401386543053,0.001766393540940086,0.04364957891751504,0.0016038888886521394,1.6211856868208276
traditional,0.0,0.5,liquidity,none,0.08773992161719699,0.007737427121345579,10,0.16628223603681153,0.017695850336017265,10,0.17759667760561498,0.27748220841870286,10,0.0,0.0,10,0.0,0.0,10,0.3363785977747703,0.002005414351846322,10,0.0025739461341736003,0.00015781884932915453,10,0.16596706197288505,0.0075742878284583695,10,0.9634943731699372,0.00032820652777827344,10,8.4,3.8643671323171835,10,0.0,0.0,10,18.2,2.859681411936963,10,23.9,0.5676462121975466,10,0.01852329711794747,0.0013829399986415884,10,0.16490577185390343,0.08671898635799637,10,0.9615745165719511,0.002681941721415008,10,100.34713282586041,2.2348290479188218,10,0.0836372156937136,0.008068263017736747,10,0.17912260375307626,0.2919332614999861,10,0.035080027360925574,0.0003174578177886196,10,101.19307451230573,2.6000545868259177,10,0.025563151285366365,0.0022633687975255564,10,0.13006259298086467,0.08986330404723297,10,0.637677168188615,0.0037268155273232594,10,102.6095522345177,5.039425252243189,10,0.0047957070148703625,0.01096800167027302,0.17198525460022343,0.0,0.0,0.0012429686928280362,9.78171362310647e-05,0.004694592233557357,0.00020342451346007468,2.3951595632302523,0.0,1.772448902256737,0.3518307673994542,0.0008571550915592864,0.053748984601378315,0.0016622847007348245,1.3851613946156953,0.005000761227880919,0.18094211009589395,0.00019676239398679608,1.6115305288870332,0.0014028505146868981,0.05569785289606677,0.002309904195182104,3.1234681314703785
traditional,0.0,0.5,liquidity,position_limit,0.08773992161719699,0.007737427121345579,10,0.16628223603681153,0.017695850336017265,10,0.17759667760561498,0.27748220841870286,10,0.0,0.0,10,0.0,0.0,10,0.3363785977747703,0.002005414351846322,10,0.0025739461341736003,0.00015781884932915453,10,0.16596706197288505,0.0075742878284583695,10,0.9634943731699372,0.00032820652777827344,10,8.4,3.8643671323171835,10,0.0,0.0,10,18.2,2.859681411936963,10,23.9,0.5676462121975466,10,0.01852329711794747,0.0013829399986415884,10,0.16490577185390343,0.08671898635799637,10,0.9615745165719511,0.002681941721415008,10,100.34713282586041,2.2348290479188218,10,0.0836372156937136,0.008068263017736747,10,0.17912260375307626,0.2919332614999861,10,0.035080027360925574,0.0003174578177886196,10,101.19307451230573,2.6000545868259177,10,0.025563151285366365,0.0022633687975255564,10,0.13006259298086467,0.08986330404723297,10,0.637677168188615,0.0037268155273232594,10,102.6095522345177,5.039425252243189,10,0.0047957070148703625,0.01096800167027302,0.17198525460022343,0.0,0.0,0.0012429686928280362,9.78171362310647e-05,0.004694592233557357,0.00020342451346007468,2.3951595632302523,0.0,1.772448902256737,0.3518307673994542,0.0008571550915592864,0.053748984601378315,0.0016622847007348245,1.3851613946156953,0.005000761227880919,0.18094211009589395,0.00019676239398679608,1.6115305288870332,0.0014028505146868981,0.05569785289606677,0.002309904195182104,3.1234681314703785
traditional,0.0,0.5,volatility,all,0.03500561326887945,0.0029552910789247115,10,0.08265217665168481,0.027165896933137885,10,0.11239795745679841,0.05039223220306134,10,0.0,0.0,10,0.0,0.0,10,0.9482876686974411,0.004001450186413267,10,0.0010532881939700049,1.5321765379763997e-05,10,0.04931160048696285,0.005386867540685072,10,0.013439538404070228,0.005313140710007521,10,4.8,4.391911757866827,10,0.0,0.0,10,6.7,2.8303906287138374,10,0.0,0.0,10,0.01852329711794747,0.0013829399986415884,10,0.16490577185390343,0.08671898635799637,10,0.9615745165719511,0.002681941721415008,10,100.34713282586041,2.2348290479188218,10,0.029770567066522573,0.002494744182479623,10,0.10963813074870525,0.05530589192376321,10,0.9480292573392568,0.004157447247030413,10,100.8536154095256,2.8129066808186955,10,0.01790927518978184,0.0039012507348681856,10,0.14276635932518736,0.09933767898693645,10,0.9485460800556256,0.005186271520354302,10,100.54017325724462,3.3622161893002964,10,0.00183170838780299,0.01683759736205933,0.031233429107784656,0.0,0.0,0.0024801245204231688,9.496528569454717e-06,0.003338815092910138,0.003293118729827237,2.7221351097172883,0.0,1.7542942867274134,0.0,0.0008571550915592864,0.053748984601378315,0.0016622847007348245,1.3851613946156953,0.0015462584640337062,0.03427894695521582,0.00257681250031211,1.7434576235507038,0.0024180202569354706,0.061570131322379915,0.003214484391403245,2.083923184239834
traditional,0.0,0.5,volatility,circuit_breaker,0.03500561326887945,0.0029552910789247115,10,0.08265217665168481,0.027165896933137885,10,0.11239795745679841,0.05039223220306134,10,0.0,0.0,10,0.0,0.0,10,0.9482876686974411,0.004001450186413267,10,0.0010532881939700049,1.5321765379763997e-05,10,0.04931160048696285,0.005386867540685072,10,0.013439538404070228,0.005313140710007521,10,4.8,4.391911757866827,10,0.0,0.0,10,6.7,2.8303906287138374,10,0.0,0.0,10,0.01852329711794747,0.0013829399986415884,10,0.16490577185390343,0.08671898635799637,10,0.9615745165719511,0.002681941721415008,10,100.34713282586041,2.2348290479188218,10,0.029770567066522573,0.002494744182479623,10,0.10963813074870525,0.05530589192376321,10,0.9480292573392568,0.004157447247030413,10,100.8536154095256,2.8129066808186955,10,0.01790927518978184,0.0039012507348681856,10,0.14276635932518736,0.09933767898693645,10,0.9485460800556256,0.005186271520354302,10,100.54017325724462,3.3622161893002964,10,0.00183170838780299,0.01683759736205933,0.031233429107784656,0.0,0.0,0.0024801245204231688,9.496528569454717e-06,0.003338815092910138,0.003293118729827237,2.7221351097172883,0.0,1.7542942867274134,0.0,0.0008571550915592864,0.053748984601378315,0.0016622847007348245,1.3851613946156953,0.0015462584640337062,0.03427894695521582,0.00257681250031211,1.7434576235507038,0.0024180202569354706,0.061570131322379915,0.003214484391403245,2.083923184239834
traditional,0.0,0.5,volatility,execution_delay,0.03500561326887945,0.0029552910789247115,10,0.08265217665168481,0.027165896933137885,10,0.11239795745679841,0.05039223220306134,10,0.0,0.0,10,0.0,0.0,10,0.9482876686974411,0.004001450186413267,10,0.0010532881939700049,1.5321765379763997e-05,10,0.04931160048696285,0.005386867540685072,10,0.013439538404070228,0.005313140710007521,10,4.8,4.391911757866827,10,0.0,0.0,10,6.7,2.8303906287138374,10,0.0,0.0,10,0.01852329711794747,0.0013829399986415884,10,0.16490577185390343,0.08671898635799637,10,0.9615745165719511,0.002681941721415008,10,100.34713282586041,2.2348290479188218,10,0.029770567066522573,0.002494744182479623,10,0.10963813074870525,0.05530589192376321,10,0.9480292573392568,0.004157447247030413,10,100.8536154095256,2.8129066808186955,10,0.01790927518978184,0.0039012507348681856,10,0.14276635932518736,0.09933767898693645,10,0.9485460800556256,0.005186271520354302,10,100.54017325724462,3.3622161893002964,10,0.00183170838780299,0.01683759736205933,0.031233429107784656,0.0,0.0,0.0024801245204231688,9.496528569454717e-06,0.003338815092910138,0.003293118729827237,2.7221351097172883,0.0,1.7542942867274134,0.0,0.0008571550915592864,0.053748984601378315,0.0016622847007348245,1.3851613946156953,0.0015462584640337062,0.03427894695521582,0.00257681250031211,1.7434576235507038,0.0024180202569354706,0.061570131322379915,0.003214484391403245,2.083923184239834
traditional,0.0,0.5,volatility,liquidity_buffer,0.03500561326887945,0.0029552910789247115,10,0.08265217665168481,0.027165896933137885,10,0.11239795745679841,0.05039223220306134,10,0.0,0.0,10,0.0,0.0,10,0.9482876686974411,0.004001450186413267,10,0.0010532881939700049,1.5321765379763997e-05,10,0.04931160048696285,0.005386867540685072,10,0.013439538404070228,0.005313140710007521,10,4.8,4.391911757866827,10,0.0,0.0,10,6.7,2.8303906287138374,10,0.0,0.0,10,0.01852329711794747,0.0013829399986415884,10,0.16490577185390343,0.08671898635799637,10,0.9615745165719511,0.002681941721415008,10,100.34713282586041,2.2348290479188218,10,0.029770567066522573,0.002494744182479623,10,0.10963813074870525,0.05530589192376321,10,0.9480292573392568,0.004157447247030413,10,100.8536154095256,2.8129066808186955,10,0.01790927518978184,0.0039012507348681856,10,0.14276635932518736,0.09933767898693645,10,0.9485460800556256,0.005186271520354302,10,100.54017325724462,3.3622161893002964,10,0.00183170838780299,0.01683759736205933,0.031233429107784656,0.0,0.0,0.0024801245204231688,9.496528569454717e-06,0.003338815092910138,0.003293118729827237,2.7221351097172883,0.0,1.7542942867274134,0.0,0.0008571550915592864,0.053748984601378315,0.0016622847007348245,1.3851613946156953,0.0015462584640337062,0.03427894695521582,0.00257681250031211,1.7434576235507038,0.0024180202569354706,0.061570131322379915,0.003214484391403245,2.083923184239834
traditional,0.0,0.5,volatility,none,0.03500561326887945,0.0029552910789247115,10,0.08265217665168481,0.027165896933137885,10,0.11239795745679841,0.05039223220306134,10,0.0,0.0,10,0.0,0.0,10,0.9482876686974411,0.004001450186413267,10,0.0010532881939700049,1.5321765379763997e-05,10,0.04931160048696285,0.005386867540685072,10,0.013439538404070228,0.005313140710007521,10,4.8,4.391911757866827,10,0.0,0.0,10,6.7,2.8303906287138374,10,0.0,0.0,10,0.01852329711794747,0.0013829399986415884,10,0.16490577185390343,0.08671898635799637,10,0.9615745165719511,0.002681941721415008,10,100.34713282586041,2.2348290479188218,10,0.029770567066522573,0.002494744182479623,10,0.10963813074870525,0.05530589192376321,10,0.9480292573392568,0.004157447247030413,10,100.8536154095256,2.8129066808186955,10,0.01790927518978184,0.0039012507348681856,10,0.14276635932518736,0.09933767898693645,10,0.9485460800556256,0.005186271520354302,10,100.54017325724462,3.3622161893002964,10,0.00183170838780299,0.01683759736205933,0.031233429107784656,0.0,0.0,0.0024801245204231688,9.496528569454717e-06,0.003338815092910138,0.003293118729827237,2.7221351097172883,0.0,1.7542942867274134,0.0,0.0008571550915592864,0.053748984601378315,0.0016622847007348245,1.3851613946156953,0.0015462584640337062,0.03427894695521582,0.00257681250031211,1.7434576235507038,0.0024180202569354706,0.061570131322379915,0.003214484391403245,2.083923184239834
traditional,0.0,0.5,volatility,position_limit,0.03500561326887945,0.0029552910789247115,10,0.08265217665168481,0.027165896933137885,10,0.11239795745679841,0.05039223220306134,10,0.0,0.0,10,0.0,0.0,10,0.9482876686974411,0.004001450186413267,10,0.0010532881939700049,1.5321765379763997e-05,10,0.04931160048696285,0.005386867540685072,10,0.013439538404070228,0.005313140710007521,10,4.8,4.391911757866827,10,0.0,0.0,10,6.7,2.8303906287138374,10,0.0,0.0,10,0.01852329711794747,0.0013829399986415884,10,0.16490577185390343,0.08671898635799637,10,0.9615745165719511,0.002681941721415008,10,100.34713282586041,2.2348290479188218,10,0.029770567066522573,0.002494744182479623,10,0.10963813074870525,0.05530589192376321,10,0.9480292573392568,0.004157447247030413,10,100.8536154095256,2.8129066808186955,10,0.01790927518978184,0.0039012507348681856,10,0.14276635932518736,0.09933767898693645,10,0.9485460800556256,0.005186271520354302,10,100.54017325724462,3.3622161893002964,10,0.00183170838780299,0.01683759736205933,0.031233429107784656,0.0,0.0,0.0024801245204231688,9.496528569454717e-06,0.003338815092910138,0.003293118729827237,2.7221351097172883,0.0,1.7542942867274134,0.0,0.0008571550915592864,0.053748984601378315,0.0016622847007348245,1.3851613946156953,0.0015462584640337062,0.03427894695521582,0.00257681250031211,1.7434576235507038,0.0024180202569354706,0.061570131322379915,0.003214484391403245,2.083923184239834
traditional,0.0,0.9,fundamental,all,0.02958049450951534,0.0025805376995992864,10,0.10162760135997755,0.01753004743438058,10,0.08031601292302301,0.07196707553910327,10,0.0,0.0,10,0.0,0.0,10,0.9579076728446374,0.0025640786539895487,10,0.0010179130436614651,9.870452107145492e-06,10,0.04416461163334106,0.002984442049169688,10,0.0030917041150477663,0.0038664687259156918,10,3.1,3.784471194529326,10,0.0,0.0,10,3.3,4.47337804249888,10,0.0,0.0,10,0.01852329711794747,0.0013829399986415884,10,0.16490577185390343,0.08671898635799637,10,0.9615745165719511,0.002681941721415008,10,100.34713282586041,2.2348290479188218,10,0.02231881141976596,0.002025507950614861,10,0.12382659826409455,0.1046089381117903,10,0.9579744937156018,0.0028611934541509175,10,98.55147423607283,2.4656918625426427,10,0.018168388205553616,0.002865603328090641,10,0.1334380074358365,0.07255788022345817,10,0.957840851973673,0.003771948156555948,10,96.88703150798588,2.4763190991669513,10,0.0015994338368583642,0.01086523596715301,0.04460565554801147,0.0,0.0,0.0015892324146994485,6.117769598060866e-06,0.0018497763463506632,0.002396462144437766,2.345639547946122,0.0,2.7726284360592643,0.0,0.0008571550915592864,0.053748984601378315,0.0016622847007348245,1.3851613946156953,0.0012554228343736708,0.0648372915767908,0.0017733860757303632,1.528251649580402,0.0017761193439157377,0.04497184008516371,0.002337877688594874,1.5348384790818113
traditional,0.0,0.9,fundamental,circuit_breaker,0.02958049450951534,0.0025805376995992864,10,0.10162760135997755,0.01753004743438058,10,0.08031601292302301,0.07196707553910327,10,0.0,0.0,10,0.0,0.0,10,0.9579076728446374,0.0025640786539895487,10,0.0010179130436614651,9.870452107145492e-06,10,0.04416461163334106,0.002984442049169688,10,0.0030917041150477663,0.0038664687259156918,10,3.1,3.784471194529326,10,0.0,0.0,10,3.3,4.47337804249888,10,0.0,0.0,10,0.01852329711794747,0.0013829399986415884,10,0.16490577185390343,0.08671898635799637,10,0.9615745165719511,0.002681941721415008,10,100.34713282586041,2.2348290479188218,10,0.02231881141976596,0.002025507950614861,10,0.12382659826409455,0.1046089381117903,10,0.9579744937156018,0.0028611934541509175,10,98.55147423607283,2.4656918625426427,10,0.018168388205553616,0.002865603328090641,10,0.1334380074358365,0.07255788022345817,10,0.957840851973673,0.003771948156555948,10,96.88703150798588,2.4763190991669513,10,0.0015994338368583642,0.01086523596715301,0.04460565554801147,0.0,0.0,0.0015892324146994485,6.117769598060866e-06,0.0018497763463506632,0.002396462144437766,2.345639547946122,0.0,2.7726284360592643,0.0,0.0008571550915592864,0.053748984601378315,0.0016622847007348245,1.3851613946156953,0.0012554228343736708,0.0648372915767908,0.0017733860757303632,1.528251649580402,0.0017761193439157377,0.04497184008516371,0.002337877688594874,1.5348384790818113
traditional,0.0,0.9,fundamental,execution_delay,0.02958049450951534,0.0025805376995992864,10,0.10162760135997755,0.01753004743438058,10,0.08031601292302301,0.07196707553910327,10,0.0,0.0,10,0.0,0.0,10,0.9579076728446374,0.0025640786539895487,10,0.0010179130436614651,9.870452107145492e-06,10,0.04416461163334106,0.002984442049169688,10,0.0030917041150477663,0.0038664687259156918,10,3.1,3.784471194529326,10,0.0,0.0,10,3.3,4.47337804249888,10,0.0,0.0,10,0.01852329711794747,0.0013829399986415884,10,0.16490577185390343,0.08671898635799637,10,0.9615745165719511,0.002681941721415008,10,100.34713282586041,2.2348290479188218,10,0.02231881141976596,0.002025507950614861,10,0.12382659826409455,0.1046089381117903,10,0.9579744937156018,0.0028611934541509175,10,98.55147423607283,2.4656918625426427,10,0.018168388205553616,0.002865603328090641,10,0.1334380074358365,0.07255788022345817,10,0.957840851973673,0.003771948156555948,10,96.88703150798588,2.4763190991669513,10,0.0015994338368583642,0.01086523596715301,0.04460565554801147,0.0,0.0,0.0015892324146994485,6.117769598060866e-06,0.0018497763463506632,0.002396462144437766,2.345639547946122,0.0,2.7726284360592643,0.0,0.0008571550915592864,0.053748984601378315,0.0016622847007348245,1.3851613946156953,0.0012554228343736708,0.0648372915767908,0.0017733860757303632,1.528251649580402,0.0017761193439157377,0.04497184008516371,0.002337877688594874,1.5348384790818113
traditional,0.0,0.9,fundamental,liquidity_buffer,0.02958049450951534,0.0025805376995992864,10,0.10162760135997755,0.01753004743438058,10,0.08031601292302301,0.07196707553910327,10,0.0,0.0,10,0.0,0.0,10,0.9579076728446374,0.0025640786539895487,10,0.0010179130436614651,9.870452107145492e-06,10,0.04416461163334106,0.002984442049169688,10,0.0030917041150477663,0.0038664687259156918,10,3.1,3.784471194529326,10,0.0,0.0,10,3.3,4.47337804249888,10,0.0,0.0,10,0.01852329711794747,0.0013829399986415884,10,0.16490577185390343,0.08671898635799637,10,0.9615745165719511,0.002681941721415008,10,100.34713282586041,2.2348290479188218,10,0.02231881141976596,0.002025507950614861,10,0.12382659826409455,0.1046089381117903,10,0.9579744937156018,0.0028611934541509175,10,98.55147423607283,2.4656918625426427,10,0.018168388205553616,0.002865603328090641,10,0.1334380074358365,0.07255788022345817,10,0.957840851973673,0.003771948156555948,10,96.88703150798588,2.4763190991669513,10,0.0015994338368583642,0.01086523596715301,0.04460565554801147,0.0,0.0,0.0015892324146994485,6.117769598060866e-06,0.0018497763463506632,0.002396462144437766,2.345639547946122,0.0,2.7726284360592643,0.0,0.0008571550915592864,0.053748984601378315,0.0016622847007348245,1.3851613946156953,0.0012554228343736708,0.0648372915767908,0.0017733860757303632,1.528251649580402,0.0017761193439157377,0.04497184008516371,0.002337877688594874,1.5348384790818113
traditional,0.0,0.9,fundamental,none,0.02958049450951534,0.0025805376995992864,10,0.10162760135997755,0.01753004743438058,10,0.08031601292302301,0.07196707553910327,10,0.0,0.0,10,0.0,0.0,10,0.9579076728446374,0.0025640786539895487,10,0.0010179130436614651,9.870452107145492e-06,10,0.04416461163334106,0.002984442049169688,10,0.0030917041150477663,0.0038664687259156918,10,3.1,3.784471194529326,10,0.0,0.0,10,3.3,4.47337804249888,10,0.0,0.0,10,0.01852329711794747,0.0013829399986415884,10,0.16490577185390343,0.08671898635799637,10,0.9615745165719511,0.002681941721415008,10,100.34713282586041,2.2348290479188218,10,0.02231881141976596,0.002025507950614861,10,0.12382659826409455,0.1046089381117903,10,0.9579744937156018,0.0028611934541509175,10,98.55147423607283,2.4656918625426427,10,0.018168388205553616,0.002865603328090641,10,0.1334380074358365,0.07255788022345817,10,0.957840851973673,0.003771948156555948,10,96.88703150798588,2.4763190991669513,10,0.0015994338368583642,0.01086523596715301,0.04460565554801147,0.0,0.0,0.0015892324146994485,6.117769598060866e-06,0.0018497763463506632,0.002396462144437766,2.345639547946122,0.0,2.7726284360592643,0.0,0.0008571550915592864,0.053748984601378315,0.0016622847007348245,1.3851613946156953,0.0012554228343736708,0.0648372915767908,0.0017733860757303632,1.528251649580402,0.0017761193439157377,0.04497184008516371,0.002337877688594874,1.5348384790818113
traditional,0.0,0.9,fundamental,position_limit,0.02958049450951534,0.0025805376995992864,10,0.10162760135997755,0.01753004743438058,10,0.08031601292302301,0.07196707553910327,10,0.0,0.0,10,0.0,0.0,10,0.9579076728446374,0.0025640786539895487,10,0.0010179130436614651,9.870452107145492e-06,10,0.04416461163334106,0.002984442049169688,10,0.0030917041150477663,0.0038664687259156918,10,3.1,3.784471194529326,10,0.0,0.0,10,3.3,4.47337804249888,10,0.0,0.0,10,0.01852329711794747,0.0013829399986415884,10,0.16490577185390343,0.08671898635799637,10,0.9615745165719511,0.002681941721415008,10,100.34713282586041,2.2348290479188218,10,0.02231881141976596,0.002025507950614861,10,0.12382659826409455,0.1046089381117903,10,0.9579744937156018,0.0028611934541509175,10,98.55147423607283,2.4656918625426427,10,0.018168388205553616,0.002865603328090641,10,0.1334380074358365,0.07255788022345817,10,0.957840851973673,0.003771948156555948,10,96.88703150798588,2.4763190991669513,10,0.0015994338368583642,0.01086523596715301,0.04460565554801147,0.0,0.0,0.0015892324146994485,6.117769598060866e-06,0.0018497763463506632,0.002396462144437766,2.345639547946122,0.0,2.7726284360592643,0.0,0.0008571550915592864,0.053748984601378315,0.0016622847007348245,1.3851613946156953,0.0012554228343736708,0.0648372915767908,0.0017733860757303632,1.528251649580402,0.0017761193439157377,0.04497184008516371,0.002337877688594874,1.5348384790818113
traditional,0.0,0.9,liquidity,all,0.025110748263066928,0.0029366733877377463,10,0.06252464268055914,0.01692687358324286,10,0.12687780290790565,0.06591635842623346,10,0.0,0.0,10,0.0,0.0,10,0.6982548958110797,0.001293862755606391,10,0.0010244816410595757,1.0881585682734742e-05,10,0.038976435799413414,0.002780014951895765,10,0.42764659753111456,0.001593945469296715,10,4.3,4.2176876234364356,10,0.0,0.0,10,0.6,1.3498971154211057,10,8.7,0.4830458915396482,10,0.01852329711794747,0.0013829399986415884,10,0.16490577185390343,0.08671898635799637,10,0.9615745165719511,0.002681941721415008,10,100.34713282586041,2.2348290479188218,10,0.017088114585352088,0.0022926282622999323,10,0.12499385867327087,0.10541309985671285,10,0.55,0.0,10,100.89015887712513,2.535309948889139,10,0.018175747195136743,0.002849911649785997,10,0.13397630866949467,0.07042453484010942,10,0.8465097916221594,0.0025877255112127296,10,101.20868912065485,2.6156322859276706,10,0.001820169023253797,0.010491384941001504,0.04085538222742223,0.0,0.0,0.0008019444443260859,6.74447668109715e-06,0.0017230711187535535,0.0009879376372203866,2.6141498724356933,0.0,0.8366749003578922,0.2993949454037817,0.0008571550915592864,0.053748984601378315,0.0016622847007348245,1.3851613946156953,0.0014209857188405785,0.0653357161901324,0.0,1.571401386543053,0.001766393540940086,0.04364957891751504,0.0016038888886521394,1.6211856868208276
traditional,0.0,0.9,liquidity,circuit_breaker,0.0885539475482639,0.007877641549773395,10,0.16443929273070007,0.017677547919625745,10,0.17621065909679853,0.28014753914491014,10,0.0,0.0,10,0.0,0.0,10,0.33604368559314457,0.0020916981871319973,10,0.002565023288277626,0.00015499221004884934,10,0.16465129640631115,0.009259503918257753,10,0.9634918749782134,0.00032977132587293104,10,7.7,3.973523485382827,10,0.0,0.0,10,18.1,2.960855732160327,10,24.0,0.4714045207910317,10,0.01852329711794747,0.0013829399986415884,10,0.16490577185390343,0.08671898635799637,10,0.9615745165719511,0.002681941721415008,10,100.34713282586041,2.2348290479188218,10,0.08432315358140943,0.008159222924432658,10,0.17637515997016745,0.2947638916251576,10,0.03508241733119703,0.0003176385097688874,10,101.16122785502529,2.6396392555420647,10,0.02589898242733677,0.0024932517166883546,10,0.13942126505790128,0.10897362354702866,10,0.6370049538550921,0.003923220849349579,10,102.66241832856774,5.11240189047412,10,0.004882612817981873,0.010956657715066546,0.1736372436994628,0.0,0.0,0.0012964479680005136,9.606516705416985e-05,0.005739099987449822,0.00020439438536732697,2.4628153717961796,0.0,1.83515739561125,0.2921795490599725,0.0008571550915592864,0.053748984601378315,0.0016622847007348245,1.3851613946156953,0.005057138762140353,0.1826965528240637,0.00019687438803646032,1.6360653607460158,0.0015453334241525686,0.06754255163691204,0.002431637474969778,3.1686995204575847
traditional,0.0,0.9,liquidity,execution_delay,0.08773992161719699,0.007737427121345579,10,0.16628223603681153,0.017695850336017265,10,0.17759667760561498,0.27748220841870286,10,0.0,0.0,10,0.0,0.0,10,0.3363785977747703,0.002005414351846322,10,0.0025739461341736003,0.00015781884932915453,10,0.16596706197288505,0.0075742878284583695,10,0.9634943731699372,0.00032820652777827344,10,8.4,3.8643671323171835,10,0.0,0.0,10,18.2,2.859681411936963,10,23.9,0.5676462121975466,10,0.01852329711794747,0.0013829399986415884,10,0.16490577185390343,0.08671898635799637,10,0.9615745165719511,0.002681941721415008,10,100.34713282586041,2.2348290479188218,10,0.0836372156937136,0.008068263017736747,10,0.17912260375307626,0.2919332614999861,10,0.035080027360925574,0.0003174578177886196,10,101.19307451230573,2.6000545868259177,10,0.025563151285366365,0.0022633687975255564,10,0.13006259298086467,0.08986330404723297,10,0.637677168188615,0.0037268155273232594,10,102.6095522345177,5.039425252243189,10,0.0047957070148703625,0.01096800167027302,0.17198525460022343,0.0,0.0,0.0012429686928280362,9.78171362310647e-05,0.004694592233557357,0.00020342451346007468,2.3951595632302523,0.0,1.772448902256737,0.3518307673994542,0.0008571550915592864,0.053748984601378315,0.0016622847007348245,1.3851613946156953,0.005000761227880919,0.18094211009589395,0.00019676239398679608,1.6115305288870332,0.0014028505146868981,0.05569785289606677,0.002309904195182104,3.1234681314703785
traditional,0.0,0.9,liquidity,liquidity_buffer,0.025110748263066928,0.0029366733877377463,10,0.06252464268055914,0.01692687358324286,10,0.12687780290790565,0.06591635842623346,10,0.0,0.0,10,0.0,0.0,10,0.6982548958110797,0.001293862755606391,10,0.0010244816410595757,1.0881585682734742e-05,10,0.038976435799413414,0.002780014951895765,10,0.42764659753111456,0.001593945469296715,10,4.3,4.2176876234364356,10,0.0,0.0,10,0.6,1.3498971154211057,10,8.7,0.4830458915396482,10,0.01852329711794747,0.0013829399986415884,10,0.16490577185390343,0.08671898635799637,10,0.9615745165719511,0.002681941721415008,10,100.34713282586041,2.2348290479188218,10,0.017088114585352088,0.0022926282622999323,10,0.12499385867327087,0.10541309985671285,10,0.55,0.0,10,100.89015887712513,2.535309948889139,10,0.018175747195136743,0.002849911649785997,10,0.13397630866949467,0.07042453484010942,10,0.8465097916221594,0.0025877255112127296,10,101.20868912065485,2.6156322859276706,10,0.001820169023253797,0.010491384941001504,0.04085538222742223,0.0,0.0,0.0008019444443260859,6.74447668109715e-06,0.0017230711187535535,0.0009879376372203866,2.6141498724356933,0.0,0.8366749003578922,0.2993949454037817,0.0008571550915592864,0.053748984601378315,0.0016622847007348245,1.3851613946156953,0.0014209857188405785,0.0653357161901324,0.0,1.571401386543053,0.001766393540940086,0.04364957891751504,0.0016038888886521394,1.6211856868208276
traditional,0.0,0.9,liquidity,none,0.08773992161719699,0.007737427121345579,10,0.16628223603681153,0.017695850336017265,10,0.17759667760561498,0.27748220841870286,10,0.0,0.0,10,0.0,0.0,10,0.3363785977747703,0.002005414351846322,10,0.0025739461341736003,0.00015781884932915453,10,0.16596706197288505,0.0075742878284583695,10,0.9634943731699372,0.00032820652777827344,10,8.4,3.8643671323171835,10,0.0,0.0,10,18.2,2.859681411936963,10,23.9,0.5676462121975466,10,0.01852329711794747,0.0013829399986415884,10,0.16490577185390343,0.08671898635799637,10,0.9615745165719511,0.002681941721415008,10,100.34713282586041,2.2348290479188218,10,0.0836372156937136,0.008068263017736747,10,0.17912260375307626,0.2919332614999861,10,0.035080027360925574,0.0003174578177886196,10,101.19307451230573,2.6000545868259177,10,0.025563151285366365,0.0022633687975255564,10,0.13006259298086467,0.08986330404723297,10,0.637677168188615,0.0037268155273232594,10,102.6095522345177,5.039425252243189,10,0.0047957070148703625,0.01096800167027302,0.17198525460022343,0.0,0.0,0.0012429686928280362,9.78171362310647e-05,0.004694592233557357,0.00020342451346007468,2.3951595632302523,0.0,1.772448902256737,0.3518307673994542,0.0008571550915592864,0.053748984601378315,0.0016622847007348245,1.3851613946156953,0.005000761227880919,0.18094211009589395,0.00019676239398679608,1.6115305288870332,0.0014028505146868981,0.05569785289606677,0.002309904195182104,3.1234681314703785
traditional,0.0,0.9,liquidity,position_limit,0.08773992161719699,0.007737427121345579,10,0.16628223603681153,0.017695850336017265,10,0.17759667760561498,0.27748220841870286,10,0.0,0.0,10,0.0,0.0,10,0.3363785977747703,0.002005414351846322,10,0.0025739461341736003,0.00015781884932915453,10,0.16596706197288505,0.0075742878284583695,10,0.9634943731699372,0.00032820652777827344,10,8.4,3.8643671323171835,10,0.0,0.0,10,18.2,2.859681411936963,10,23.9,0.5676462121975466,10,0.01852329711794747,0.0013829399986415884,10,0.16490577185390343,0.08671898635799637,10,0.9615745165719511,0.002681941721415008,10,100.34713282586041,2.2348290479188218,10,0.0836372156937136,0.008068263017736747,10,0.17912260375307626,0.2919332614999861,10,0.035080027360925574,0.0003174578177886196,10,101.19307451230573,2.6000545868259177,10,0.025563151285366365,0.0022633687975255564,10,0.13006259298086467,0.08986330404723297,10,0.637677168188615,0.0037268155273232594,10,102.6095522345177,5.039425252243189,10,0.0047957070148703625,0.01096800167027302,0.17198525460022343,0.0,0.0,0.0012429686928280362,9.78171362310647e-05,0.004694592233557357,0.00020342451346007468,2.3951595632302523,0.0,1.772448902256737,0.3518307673994542,0.0008571550915592864,0.053748984601378315,0.0016622847007348245,1.3851613946156953,0.005000761227880919,0.18094211009589395,0.00019676239398679608,1.6115305288870332,0.0014028505146868981,0.05569785289606677,0.002309904195182104,3.1234681314703785
traditional,0.0,0.9,volatility,all,0.03500561326887945,0.0029552910789247115,10,0.08265217665168481,0.027165896933137885,10,0.11239795745679841,0.05039223220306134,10,0.0,0.0,10,0.0,0.0,10,0.9482876686974411,0.004001450186413267,10,0.0010532881939700049,1.5321765379763997e-05,10,0.04931160048696285,0.005386867540685072,10,0.013439538404070228,0.005313140710007521,10,4.8,4.391911757866827,10,0.0,0.0,10,6.7,2.8303906287138374,10,0.0,0.0,10,0.01852329711794747,0.0013829399986415884,10,0.16490577185390343,0.08671898635799637,10,0.9615745165719511,0.002681941721415008,10,100.34713282586041,2.2348290479188218,10,0.029770567066522573,0.002494744182479623,10,0.10963813074870525,0.05530589192376321,10,0.9480292573392568,0.004157447247030413,10,100.8536154095256,2.8129066808186955,10,0.01790927518978184,0.0039012507348681856,10,0.14276635932518736,0.09933767898693645,10,0.9485460800556256,0.005186271520354302,10,100.54017325724462,3.3622161893002964,10,0.00183170838780299,0.01683759736205933,0.031233429107784656,0.0,0.0,0.0024801245204231688,9.496528569454717e-06,0.003338815092910138,0.003293118729827237,2.7221351097172883,0.0,1.7542942867274134,0.0,0.0008571550915592864,0.053748984601378315,0.0016622847007348245,1.3851613946156953,0.0015462584640337062,0.03427894695521582,0.00257681250031211,1.7434576235507038,0.0024180202569354706,0.061570131322379915,0.003214484391403245,2.083923184239834
traditional,0.0,0.9,volatility,circuit_breaker,0.03500561326887945,0.0029552910789247115,10,0.08265217665168481,0.027165896933137885,10,0.11239795745679841,0.05039223220306134,10,0.0,0.0,10,0.0,0.0,10,0.9482876686974411,0.004001450186413267,10,0.0010532881939700049,1.5321765379763997e-05,10,0.04931160048696285,0.005386867540685072,10,0.013439538404070228,0.005313140710007521,10,4.8,4.391911757866827,10,0.0,0.0,10,6.7,2.8303906287138374,10,0.0,0.0,10,0.01852329711794747,0.0013829399986415884,10,0.16490577185390343,0.08671898635799637,10,0.9615745165719511,0.002681941721415008,10,100.34713282586041,2.2348290479188218,10,0.029770567066522573,0.002494744182479623,10,0.10963813074870525,0.05530589192376321,10,0.9480292573392568,0.004157447247030413,10,100.8536154095256,2.8129066808186955,10,0.01790927518978184,0.0039012507348681856,10,0.14276635932518736,0.09933767898693645,10,0.9485460800556256,0.005186271520354302,10,100.54017325724462,3.3622161893002964,10,0.00183170838780299,0.01683759736205933,0.031233429107784656,0.0,0.0,0.0024801245204231688,9.496528569454717e-06,0.003338815092910138,0.003293118729827237,2.7221351097172883,0.0,1.7542942867274134,0.0,0.0008571550915592864,0.053748984601378315,0.0016622847007348245,1.3851613946156953,0.0015462584640337062,0.03427894695521582,0.00257681250031211,1.7434576235507038,0.0024180202569354706,0.061570131322379915,0.003214484391403245,2.083923184239834
traditional,0.0,0.9,volatility,execution_delay,0.03500561326887945,0.0029552910789247115,10,0.08265217665168481,0.027165896933137885,10,0.11239795745679841,0.05039223220306134,10,0.0,0.0,10,0.0,0.0,10,0.9482876686974411,0.004001450186413267,10,0.0010532881939700049,1.5321765379763997e-05,10,0.04931160048696285,0.005386867540685072,10,0.013439538404070228,0.005313140710007521,10,4.8,4.391911757866827,10,0.0,0.0,10,6.7,2.8303906287138374,10,0.0,0.0,10,0.01852329711794747,0.0013829399986415884,10,0.16490577185390343,0.08671898635799637,10,0.9615745165719511,0.002681941721415008,10,100.34713282586041,2.2348290479188218,10,0.029770567066522573,0.002494744182479623,10,0.10963813074870525,0.05530589192376321,10,0.9480292573392568,0.004157447247030413,10,100.8536154095256,2.8129066808186955,10,0.01790927518978184,0.0039012507348681856,10,0.14276635932518736,0.09933767898693645,10,0.9485460800556256,0.005186271520354302,10,100.54017325724462,3.3622161893002964,10,0.00183170838780299,0.01683759736205933,0.031233429107784656,0.0,0.0,0.0024801245204231688,9.496528569454717e-06,0.003338815092910138,0.003293118729827237,2.7221351097172883,0.0,1.7542942867274134,0.0,0.0008571550915592864,0.053748984601378315,0.0016622847007348245,1.3851613946156953,0.0015462584640337062,0.03427894695521582,0.00257681250031211,1.7434576235507038,0.0024180202569354706,0.061570131322379915,0.003214484391403245,2.083923184239834
traditional,0.0,0.9,volatility,liquidity_buffer,0.03500561326887945,0.0029552910789247115,10,0.08265217665168481,0.027165896933137885,10,0.11239795745679841,0.05039223220306134,10,0.0,0.0,10,0.0,0.0,10,0.9482876686974411,0.004001450186413267,10,0.0010532881939700049,1.5321765379763997e-05,10,0.04931160048696285,0.005386867540685072,10,0.013439538404070228,0.005313140710007521,10,4.8,4.391911757866827,10,0.0,0.0,10,6.7,2.8303906287138374,10,0.0,0.0,10,0.01852329711794747,0.0013829399986415884,10,0.16490577185390343,0.08671898635799637,10,0.9615745165719511,0.002681941721415008,10,100.34713282586041,2.2348290479188218,10,0.029770567066522573,0.002494744182479623,10,0.10963813074870525,0.05530589192376321,10,0.9480292573392568,0.004157447247030413,10,100.8536154095256,2.8129066808186955,10,0.01790927518978184,0.0039012507348681856,10,0.14276635932518736,0.09933767898693645,10,0.9485460800556256,0.005186271520354302,10,100.54017325724462,3.3622161893002964,10,0.00183170838780299,0.01683759736205933,0.031233429107784656,0.0,0.0,0.0024801245204231688,9.496528569454717e-06,0.003338815092910138,0.003293118729827237,2.7221351097172883,0.0,1.7542942867274134,0.0,0.0008571550915592864,0.053748984601378315,0.0016622847007348245,1.3851613946156953,0.0015462584640337062,0.03427894695521582,0.00257681250031211,1.7434576235507038,0.0024180202569354706,0.061570131322379915,0.003214484391403245,2.083923184239834
traditional,0.0,0.9,volatility,none,0.03500561326887945,0.0029552910789247115,10,0.08265217665168481,0.027165896933137885,10,0.11239795745679841,0.05039223220306134,10,0.0,0.0,10,0.0,0.0,10,0.9482876686974411,0.004001450186413267,10,0.0010532881939700049,1.5321765379763997e-05,10,0.04931160048696285,0.005386867540685072,10,0.013439538404070228,0.005313140710007521,10,4.8,4.391911757866827,10,0.0,0.0,10,6.7,2.8303906287138374,10,0.0,0.0,10,0.01852329711794747,0.0013829399986415884,10,0.16490577185390343,0.08671898635799637,10,0.9615745165719511,0.002681941721415008,10,100.34713282586041,2.2348290479188218,10,0.029770567066522573,0.002494744182479623,10,0.10963813074870525,0.05530589192376321,10,0.9480292573392568,0.004157447247030413,10,100.8536154095256,2.8129066808186955,10,0.01790927518978184,0.0039012507348681856,10,0.14276635932518736,0.09933767898693645,10,0.9485460800556256,0.005186271520354302,10,100.54017325724462,3.3622161893002964,10,0.00183170838780299,0.01683759736205933,0.031233429107784656,0.0,0.0,0.0024801245204231688,9.496528569454717e-06,0.003338815092910138,0.003293118729827237,2.7221351097172883,0.0,1.7542942867274134,0.0,0.0008571550915592864,0.053748984601378315,0.0016622847007348245,1.3851613946156953,0.0015462584640337062,0.03427894695521582,0.00257681250031211,1.7434576235507038,0.0024180202569354706,0.061570131322379915,0.003214484391403245,2.083923184239834
traditional,0.0,0.9,volatility,position_limit,0.03500561326887945,0.0029552910789247115,10,0.08265217665168481,0.027165896933137885,10,0.11239795745679841,0.05039223220306134,10,0.0,0.0,10,0.0,0.0,10,0.9482876686974411,0.004001450186413267,10,0.0010532881939700049,1.5321765379763997e-05,10,0.04931160048696285,0.005386867540685072,10,0.013439538404070228,0.005313140710007521,10,4.8,4.391911757866827,10,0.0,0.0,10,6.7,2.8303906287138374,10,0.0,0.0,10,0.01852329711794747,0.0013829399986415884,10,0.16490577185390343,0.08671898635799637,10,0.9615745165719511,0.002681941721415008,10,100.34713282586041,2.2348290479188218,10,0.029770567066522573,0.002494744182479623,10,0.10963813074870525,0.05530589192376321,10,0.9480292573392568,0.004157447247030413,10,100.8536154095256,2.8129066808186955,10,0.01790927518978184,0.0039012507348681856,10,0.14276635932518736,0.09933767898693645,10,0.9485460800556256,0.005186271520354302,10,100.54017325724462,3.3622161893002964,10,0.00183170838780299,0.01683759736205933,0.031233429107784656,0.0,0.0,0.0024801245204231688,9.496528569454717e-06,0.003338815092910138,0.003293118729827237,2.7221351097172883,0.0,1.7542942867274134,0.0,0.0008571550915592864,0.053748984601378315,0.0016622847007348245,1.3851613946156953,0.0015462584640337062,0.03427894695521582,0.00257681250031211,1.7434576235507038,0.0024180202569354706,0.061570131322379915,0.003214484391403245,2.083923184239834
traditional,0.25,0.0,fundamental,all,0.029728864797507516,0.002740523816321223,10,0.11180255821189714,0.018394318232606174,10,0.0585556308044909,0.05808579717629388,10,0.5493294475722117,0.054047448977465905,10,0.9204382792618088,0.05084100251197377,10,0.9550887088772093,0.003893504469213633,10,0.001028818001118469,1.3580905808163111e-05,10,0.05639938091636425,0.0045180646855205175,10,0.003408843018554575,0.0048288151764482685,10,3.9,3.6347092196090616,10,0.0,0.0,10,4.0,5.333333333333333,10,0.0,0.0,10,0.018366822135703783,0.002771288995115737,10,0.14627261627770688,0.07256582235518914,10,0.9589445859991752,0.004251168170641918,10,100.11918537991684,1.1294635681512564,10,0.022965967610331473,0.0019077323476727765,10,0.14669743870982593,0.0701548118749402,10,0.9553926077391853,0.0048724179677117506,10,97.76277410599452,1.7413801442472936,10,0.017496079323704932,0.003363856384548234,10,0.05942701752220671,0.07942027711679034,10,0.9547848100152333,0.005122473300806623,10,95.57254404349054,2.2530102521559057,10,0.0016985942593363509,0.011400916557715688,0.03600195008159847,0.03349895593614402,0.03151157982697911,0.002413219071740963,8.417532628233018e-06,0.002800325504354572,0.0029929306540826205,2.2528161142100447,0.0,3.3056342474293454,0.0,0.0017176627147084944,0.044976762669410114,0.0026349013305854035,0.7000487722696016,0.0011824247593867345,0.04348240289170599,0.0030199559440983854,1.0793185954907452,0.002084939787786844,0.04922519774579837,0.0031749418452541533,1.3964302217504976
traditional,0.25,0.0,fundamental,circuit_breaker,0.02824108984252231,0.002726888651308816,10,0.11642781018418061,0.016981548008983542,10,0.07749191557274163,0.07121767313457007,10,0.45810138967327607,0.04962442790830019,10,0.7973333333333332,0.028665805327283755,10,0.9570403092122142,0.004068334732939879,10,0.001027586885573476,1.5226392288215102e-05,10,0.06668673494461716,0.005157971309464136,10,0.0030479762025907185,0.005138057450414339,10,4.0,4.96655480858378,10,0.0,0.0,10,8.4,6.686636756330578,10,0.0,0.0,10,0.014093563566634526,0.0022960236865780677,10,0.13896502032052452,0.0494715610026291,10,0.9603381320231333,0.004904851884722842,10,99.5113990228499,1.6693208456014756,10,0.021185828171043954,0.0023361156453707422,10,0.1628466030865085,0.09692941354919339,10,0.9581995495984073,0.00297231777668792,10,97.37888661573558,1.6414238019265892,10,0.017189718076662537,0.0030017696609704676,10,0.10309759715293258,0.08599584460841755,10,0.9558810688260213,0.0059250387883891305,10,95.27597671974638,1.4823222251090318,10,0.0016901430965049079,0.010525272501161552,0.044141171125474436,0.03075753907551857,0.017767250216252205,0.002521579991852322,9.43741571488461e-06,0.003196943738966744,0.0031846010012529648,3.0783025625605203,0.0,4.144420399096169,0.0,0.0014230902246115205,0.03066279118576515,0.0030400586941327873,1.0346557794689912,0.001447939478117444,0.06007747293964795,0.0018422616444117447,1.0173650126614155,0.0018605161114121915,0.05330077670141199,0.003672377088046197,0.9187528336961414
traditional,0.25,0.0,fundamental,execution_delay,0.02972764775148921,0.0027398249637118036,10,0.11166279437407171,0.018333358261082806,10,0.05854197260660317,0.05808404825233938,10,0.5665133372339615,0.057563784944409065,10,0.9145559263206321,0.05855489607487392,10,0.9550877941471951,0.0038930130460774555,10,0.0010288224144049626,1.3582112405210422e-05,10,0.05640285098702617,0.004522871453383632,10,0.0033990434941657656,0.004830979828125069,10,3.9,3.6347092196090616,10,0.0,0.0,10,4.0,5.333333333333333,10,0.0,0.0,10,0.01836661520706174,0.0027705769334743263,10,0.14626915196653179,0.07256703189780091,10,0.9589354717397149,0.00424912226017365,10,100.06725155171378,1.1282454001900883,10,0.022964763714997737,0.0019070697461928564,10,0.146701386247469,0.07015992470680543,10,0.9553923802884985,0.004871430860159446,10,97.71830685458299,1.74065338236034,10,0.017496012009594965,0.003363906125753381,10,0.05941974086075998,0.0794199882664254,10,0.9547832080058919,0.0051237573499921816,10,95.53440740665106,2.25238771470477,10,0.0016981611060014252,0.01136313317591757,0.03600086608730094,0.03567840354823056,0.03629270059120676,0.002412914484525539,8.418280484830975e-06,0.0028033047699422766,0.0029942723190919803,2.2528161142100447,0.0,3.3056342474293454,0.0,0.0017172213743307204,0.04497751235168783,0.002633633262139576,0.6992937439449345,0.0011820140747346556,0.043485571857727556,0.003019344128498861,1.0788681438063876,0.002084970617705202,0.04922501871448736,0.0031757377071847466,1.3960443690407263
traditional,0.25,0.0,fundamental,liquidity_buffer,0.02824108984252231,0.002726888651308816,10,0.11642781018418061,0.016981548008983542,10,0.07749191557274163,0.07121767313457007,10,0.45810138967327607,0.04962442790830019,10,0.7973333333333332,0.028665805327283755,10,0.9570403092122142,0.004068334732939879,10,0.001027586885573476,1.5226392288215102e-05,10,0.06668673494461716,0.005157971309464136,10,0.0030479762025907185,0.005138057450414339,10,4.0,4.96655480858378,10,0.0,0.0,10,8.4,6.686636756330578,10,0.0,0.0,10,0.014093563566634526,0.0022960236865780677,10,0.13896502032052452,0.0494715610026291,10,0.9603381320231333,0.004904851884722842,10,99.5113990228499,1.6693208456014756,10,0.021185828171043954,0.0023361156453707422,10,0.1628466030865085,0.09692941354919339,10,0.9581995495984073,0.00297231777668792,10,97.37888661573558,1.6414238019265892,10,0.017189718076662537,0.0030017696609704676,10,0.10309759715293258,0.08599584460841755,10,0.9558810688260213,0.0059250387883891305,10,95.27597671974638,1.4823222251090318,10,0.0016901430965049079,0.010525272501161552,0.044141171125474436,0.03075753907551857,0.017767250216252205,0.002521579991852322,9.43741571488461e-06,0.003196943738966744,0.0031846010012529648,3.0783025625605203,0.0,4.144420399096169,0.0,0.0014230902246115205,0.03066279118576515,0.0030400586941327873,1.0346557794689912,0.001447939478117444,0.06007747293964795,0.0018422616444117447,1.0173650126614155,0.0018605161114121915,0.05330077670141199,0.003672377088046197,0.9187528336961414
traditional,0.25,0.0,fundamental,none,0.02824108984252231,0.002726888651308816,10,0.11642781018418061,0.016981548008983542,10,0.07749191557274163,0.07121767313457007,10,0.45810138967327607,0.04962442790830019,10,0.7973333333333332,0.028665805327283755,10,0.9570403092122142,0.004068334732939879,10,0.001027586885573476,1.5226392288215102e-05,10,0.06668673494461716,0.005157971309464136,10,0.0030479762025907185,0.005138057450414339,10,4.0,4.96655480858378,10,0.0,0.0,10,8.4,6.686636756330578,10,0.0,0.0,10,0.014093563566634526,0.0022960236865780677,10,0.13896502032052452,0.0494715610026291,10,0.9603381320231333,0.004904851884722842,10,99.5113990228499,1.6693208456014756,10,0.021185828171043954,0.0023361156453707422,10,0.1628466030865085,0.09692941354919339,10,0.9581995495984073,0.00297231777668792,10,97.37888661573558,1.6414238019265892,10,0.017189718076662537,0.0030017696609704676,10,0.10309759715293258,0.08599584460841755,10,0.9558810688260213,0.0059250387883891305,10,95.27597671974638,1.4823222251090318,10,0.0016901430965049079,0.010525272501161552,0.044141171125474436,0.03075753907551857,0.017767250216252205,0.002521579991852322,9.43741571488461e-06,0.003196943738966744,0.0031846010012529648,3.0783025625605203,0.0,4.144420399096169,0.0,0.0014230902246115205,0.03066279118576515,0.0030400586941327873,1.0346557794689912,0.001447939478117444,0.06007747293964795,0.0018422616444117447,1.0173650126614155,0.0018605161114121915,0.05330077670141199,0.003672377088046197,0.9187528336961414
traditional,0.25,0.0,fundamental,position_limit,0.02824288496985632,0.0027276219052221797,10,0.11668960839811138,0.016961462798937538,10,0.07751638384093786,0.07122603517289552,10,0.45397457731704305,0.05105165316364071,10,0.7973333333333332,0.028665805327283755,10,0.9570422709525708,0.004065685166177514,10,0.0010275757537833849,1.5211145363147387e-05,10,0.0666776279166509,0.00514062212542066,10,0.0030537702586596605,0.005128510936199129,10,4.0,4.96655480858378,10,0.0,0.0,10,8.4,6.686636756330578,10,0.0,0.0,10,0.014093407125477197,0.002295170441150325,10,0.1389554546708414,0.04947573299609294,10,0.9603434040654939,0.004904245691208404,10,99.58993645090652,1.6713891452327285,10,0.021187772218195268,0.0023361283153154554,10,0.16284535842510484,0.09694143562340296,10,0.9582005423956244,0.0029727058085751495,10,97.44601329448372,1.6434701946931372,10,0.017189330655458947,0.003002484629283674,10,0.10310165756092796,0.08599890195772453,10,0.9558839995095173,0.005921841533237388,10,95.33338282543296,1.4841770201695617,10,0.0016905975719889222,0.01051282355900001,0.044146353970524486,0.031642142453552895,0.017767250216252205,0.002519937773359099,9.427965572821143e-06,0.0031861906032906685,0.003178684010440458,3.0783025625605203,0.0,4.144420399096169,0.0,0.0014225613776163812,0.03066537701410405,0.0030396829714999314,1.0359377248618065,0.0014479473310305359,0.0600849242984415,0.0018425021490671549,1.018633380038814,0.001860959253363809,0.0533026716661449,0.003670395408772316,0.9199024475850258
traditional,0.25,0.0,liquidity,all,0.025186521639788573,0.0028618647627041915,10,0.07257957875648127,0.01759382401771568,10,0.10436940745980472,0.06559299706165966,10,0.5979402065477467,0.07564850762521431,10,0.8639372481477745,0.0889200959123791,10,0.6975070916064896,0.0023922337299753845,10,0.0010396066407669436,1.588235020823268e-05,10,0.05005420617090783,0.005432631795706902,10,0.4262750547167922,0.003015624816978693,10,4.4,4.575295983139598,10,0.0,0.0,10,1.8,5.692099788303083,10,8.6,0.5163977794943223,10,0.018366822135703783,0.002771288995115737,10,0.14627261627770688,0.07256582235518914,10,0.9589445859991752,0.004251168170641918,10,100.11918537991684,1.1294635681512564,10,0.017793298964433622,0.0021160818998728448,10,0.14229273607322432,0.07033937242042315,10,0.55,0.0,10,100.05836141653907,1.7799007890252871,10,0.017497132845695942,0.0033783804048529687,10,0.059721214502947706,0.07893283841072954,10,0.8450141832129793,0.004784467459950766,10,99.83992358416347,2.3508841047172955,10,0.0017738021570824188,0.010904765103038611,0.040654960777228986,0.04688743079490533,0.05511324643737422,0.0014827218273116768,9.843982645875103e-06,0.0033671800720429346,0.0018691036260754914,2.8357978301235325,0.0,3.528,0.32006665972366866,0.0017176627147084944,0.044976762669410114,0.0026349013305854035,0.7000487722696016,0.0013115611497346933,0.04359679470293211,0.0,1.1031939384803444,0.0020939418688361608,0.04892308010574639,0.002965443654623352,1.4570930640545192
traditional,0.25,0.0,liquidity,circuit_breaker,0.1508011554374515,0.005224814612235666,10,0.38234686302332044,0.021536452399741366,10,0.5759279024520756,0.06968282267241656,10,1.0,0.0,10,1.0,0.0,10,0.31303091027988594,0.001430829834193837,10,0.0061163326813658695,0.000548345270837318,10,0.4647976910094407,0.032623744148458714,10,0.9666139537414141,0.0005518521299022032,10,8.0,8.524474568362947,10,148.2,35.108720031100844,10,50.3,40.67226737389168,10,29.6,0.5163977794943222,10,0.014093563566634526,0.0022960236865780677,10,0.13896502032052452,0.0494715610026291,10,0.9603381320231333,0.004904851884722842,10,99.5113990228499,1.6693208456014756,10,0.1436915937278015,0.00670204382417545,10,0.5544139239796555,0.08710579194574712,10,0.03208778736157307,0.0004764319650132791,10,89.86514897864149,3.221287031372856,10,0.04328577377815631,0.009520059719203684,10,0.5318319452851796,0.35337713297995205,10,0.5939740331981987,0.0029575372411221757,10,69.16604184068974,1.9216925171194836,10,0.003238373647251655,0.013348431491384432,0.04318986095315368,0.0,0.0,0.000886837519154025,0.0003398679200054546,0.020220406113097094,0.0003420414937727908,5.2835240764726965,21.760610122165428,25.208932490951167,0.32006665972366855,0.0014230902246115205,0.03066279118576515,0.0030400586941327873,1.0346557794689912,0.004153969798681257,0.053988729188496926,0.0002952955912721166,1.996574387194898,0.005900594146007305,0.21902541619442317,0.0018331005735564686,1.191077362053538
traditional,0.25,0.0,liquidity,execution_delay,0.20565173909224602,0.007023561174723556,10,0.4585567790587469,0.013802880921754725,10,0.04443984000530331,0.12068791636251533,10,1.0,0.0,10,1.0,0.0,10,0.31143562064266983,0.004363213059133326,10,0.0048451681444280385,0.00014704709504019284,10,0.37129174755219746,0.012559987141934546,10,0.9668947938895363,0.0004945072907135642,10,9.4,6.397916327472041,10,133.0,24.027761721253466,10,28.4,10.986860839708088,10,28.2,1.0327955589886448,10,0.01836661520706174,0.0027705769334743263,10,0.14626915196653179,0.07256703189780091,10,0.9589354717397149,0.00424912226017365,10,100.06725155171378,1.1282454001900883,10,0.202794180503578,0.007769667307364796,10,-0.021186900573343617,0.13298925368384695,10,0.031736850226609624,0.0005139209748124362,10,88.87647557513985,2.4852649825531876,10,0.03163065182591101,0.004635001910510793,10,-0.01363410754188906,0.0813677191722407,10,0.59113439105873,0.009027110466810765,10,70.54908627041476,1.419304252707787,10,0.004353248317140239,0.008555114229026542,0.07480314554602858,0.0,0.0,0.002704347471956641,9.114073375309863e-05,0.007784760683184574,0.00030649879420992324,3.9654696233023055,14.892561006533876,6.809726899402387,0.6401333194473374,0.0017172213743307204,0.04497751235168783,0.002633633262139576,0.6992937439449345,0.004815689689191978,0.08242759340951132,0.00031853152027729937,1.5403831950496334,0.002872803947303424,0.05043223483705729,0.005595061033953294,0.8796938897386829
traditional,0.25,0.0,liquidity,liquidity_buffer,0.02365684656718469,0.002845633096832272,10,0.0775033241822479,0.01710803565155791,10,0.12748199066560414,0.0826955256997994,10,0.469567795104164,0.04141423308585732,10,0.688,0.060352871810730534,10,0.6978111375553333,0.0025130327414176735,10,0.0010411683804717189,1.6857422861077566e-05,10,0.059953456279698156,0.005356273385139144,10,0.42775374921860826,0.0029724614958492788,10,3.6,5.853773711604051,10,0.0,0.0,10,5.1,7.781031065639337,10,8.6,0.5163977794943222,10,0.014093563566634526,0.0022960236865780677,10,0.13896502032052452,0.0494715610026291,10,0.9603381320231333,0.004904851884722842,10,99.5113990228499,1.6693208456014756,10,0.015891635779937997,0.0027281832382268813,10,0.1574672019118404,0.09565518481728552,10,0.55,0.0,10,99.62818687054207,1.6587106010628843,10,0.01719533248088968,0.002992654378149365,10,0.10390774255311068,0.08732707360253272,10,0.8456222751106663,0.0050260654828353304,10,99.48424645493836,1.5483024984904976,10,0.0017637416663450975,0.010603670354256007,0.05125521784920572,0.025668807603680902,0.037407097497799496,0.0015575938303015345,1.044833893743307e-05,0.0033198526388456746,0.001842350722470832,3.6282065358337396,0.0,4.822733019541697,0.32006665972366855,0.0014230902246115205,0.03066279118576515,0.0030400586941327873,1.0346557794689912,0.001690945489789776,0.05928769778928798,0.0,1.0280794817714223,0.0018548664005868588,0.05412588098030913,0.0031151876606030585,0.9596478308232397
traditional,0.25,0.0,liquidity,none,0.2830980633700136,0.011403292130565115,10,0.5628195979016333,0.015773481035403738,10,0.4239215867071825,0.12971489108283082,10,1.0,0.0,10,1.0,0.0,10,0.3070138278099316,0.0025057092774078823,10,0.006007312276161745,0.00017870832838316904,10,0.5354176423829631,0.010241342575248466,10,0.9696064465375539,0.00028041491820750725,10,30.7,8.152027695951208,10,234.8,28.432375911977527,10,106.4,49.5562531091912,10,32.0,0.9428090415820635,10,0.014093563566634526,0.0022960236865780677,10,0.13896502032052452,0.0494715610026291,10,0.9603381320231333,0.004904851884722842,10,99.5113990228499,1.6693208456014756,10,0.2800175529634581,0.01141567010299819,10,0.36730966676936194,0.15672739893149132,10,0.02921230334394943,0.00026396978536180767,10,69.7362255148652,1.3014719025351555,10,0.03834284425753393,0.0026198142322543965,10,0.02277253813844099,0.15385527663970866,10,0.5848153522759137,0.0049731699190344765,10,58.97641490017162,1.628293604429819,10,0.007067833687544548,0.009776504833463978,0.08039812244343243,0.0,0.0,0.0015530547002814254,0.0001107645694882975,0.006347649891824546,0.0001738029669594065,5.05267911332416,17.622569165703393,30.71528389725364,0.584359098119945,0.0014230902246115205,0.03066279118576515,0.0030400586941327873,1.0346557794689912,0.007075505634342395,0.09714064826596108,0.00016361016802098093,0.806660642453857,0.0016237776840080532,0.09536048842648821,0.003082402650496086,1.009226831938759
traditional,0.25,0.0,liquidity,position_limit,0.21809760550508192,0.0095852911801391,10,0.4883724670197065,0.013219038048739305,10,0.28213832056604427,0.09885665848640217,10,1.0,0.0,10,1.0,0.0,10,0.31944482835962223,0.004445284068990977,10,0.005137743261666107,0.0002360375561786933,10,0.4128329920277859,0.03169773916358023,10,0.9683193732800788,0.0003408830731682049,10,17.8,8.256983576208553,10,124.6,48.33494250194849,10,55.8,21.43621027866425,10,27.6,1.3498971154211057,10,0.014093407125477197,0.002295170441150325,10,0.1389554546708414,0.04947573299609294,10,0.9603434040654939,0.004904245691208404,10,99.58993645090652,1.6713891452327285,10,0.2150025734206456,0.00979207153642872,10,0.2281537417657184,0.12466358537338208,10,0.030449412400834912,0.0003061897902667102,10,77.4130413011522,1.6476663213783547,10,0.03293113510595107,0.00294188014997242,10,-0.004860818870036042,0.09553158648336348,10,0.6084402443184096,0.008732716769843062,10,70.05489495466009,4.691005020390338,10,0.005941025024371924,0.008193244667247045,0.0612719917273271,0.0,0.0,0.002755215610876621,0.00014629759300946563,0.019646462277227477,0.00021128151769383402,5.1177314418706175,29.95830774036922,13.286300781046782,0.8366749003578922,0.0014225613776163812,0.03066537701410405,0.0030396829714999314,1.0359377248618065,0.006069188817018163,0.07726729072829697,0.0001897783981722836,1.0212341663032904,0.0018233962079215146,0.05921109074824963,0.005412593930155087,2.9075150344247436
traditional,0.25,0.0,volatility,all,0.03358882014412227,0.00203124232306662,10,0.07797013937988503,0.011190130316714076,10,0.15025157495731806,0.051324592384655955,10,0.617639125580302,0.08657734787967584,10,0.8736267289620947,0.09017046845692918,10,0.9469740289669396,0.003962718839963356,10,0.0010586819528665113,1.392144222427286e-05,10,0.058126701417693626,0.007337215896571908,10,0.012279084940486306,0.005671254022991581,10,1.8,2.2010098692292237,10,0.0,0.0,10,6.8,3.7653389990514503,10,0.0,0.0,10,0.018366822135703783,0.002771288995115737,10,0.14627261627770688,0.07256582235518914,10,0.9589445859991752,0.004251168170641918,10,100.11918537991684,1.1294635681512564,10,0.029015468347363033,0.0019935846007966772,10,0.16233758481874255,0.0541054644445578,10,0.9468885188479301,0.005539268266674771,10,99.94681086989581,2.0392782876868356,10,0.016750455060685364,0.0016051450722894668,10,0.11295852634128138,0.12224581851567662,10,0.947059539085949,0.003780429431696121,10,100.61999053483824,2.3999186576361233,10,0.0012589770352419304,0.006935714626523895,0.031811311935388144,0.05366119616299892,0.05588823536961987,0.0024561185831843174,8.628599285656e-06,0.004547653527842084,0.003515079660801079,1.3642000504976453,0.0,2.333781290333589,0.0,0.0017176627147084944,0.044976762669410114,0.0026349013305854035,0.7000487722696016,0.0012356365371639856,0.03353491429518769,0.003433274041503508,1.263957777715627,0.0009948792230723463,0.07576874330445994,0.0023431344373883545,1.4874849948237434
traditional,0.25,0.0,volatility,circuit_breaker,0.033070931015915093,0.002665506831127557,10,0.07243218725540432,0.011329473182497572,10,0.10525822397594223,0.06301763996258733,10,0.44934819497428025,0.02907954220440152,10,0.8346666666666668,0.08871093297688638,10,0.9457319401618965,0.0038889484608368836,10,0.0010698280439082723,1.618922173933571e-05,10,0.07767241689788741,0.009070480393327114,10,0.015965346207765296,0.005635513548872961,10,3.8,5.28730134903956,10,0.0,0.0,10,16.2,18.913839730031906,10,0.0,0.0,10,0.014093563566634526,0.0022960236865780677,10,0.13896502032052452,0.0494715610026291,10,0.9603381320231333,0.004904851884722842,10,99.5113990228499,1.6693208456014756,10,0.028390317481938588,0.0018862128831559541,10,0.09865532528062818,0.07750270661841249,10,0.9457877215200808,0.004638047266547637,10,99.98805120369717,1.5278987486767466,10,0.01661951589234275,0.003251952198669688,10,0.1307445003243591,0.06424040931801453,10,0.9456761588037124,0.004364255162082427,10,100.23465599783994,2.014862070265122,10,0.0016520982501997729,0.00702208022951181,0.039058737909843905,0.01802368698945688,0.05498360590683843,0.002410395228493133,1.0034183591395463e-05,0.0056219419929034705,0.003492927485438728,3.277103327974603,0.0,11.722919317871865,0.0,0.0014230902246115205,0.03066279118576515,0.0030400586941327873,1.0346557794689912,0.001169086857094269,0.04803667523743,0.0028746914785304865,0.9470014556681805,0.002015580854798565,0.039816618208220265,0.002704993374056246,1.2488244493715213
traditional,0.25,0.0,volatility,execution_delay,0.033589643431003305,0.0020316903367685575,10,0.0778169292642408,0.011166591662825498,10,0.15025429432312182,0.05131827664024542,10,0.5375867196765735,0.04472795008117975,10,0.8736267289620947,0.09017046845692918,10,0.9469672350954428,0.003964309322304925,10,0.0010587128416194105,1.393254121933995e-05,10,0.05815916021154297,0.007350292530561783,10,0.012275809340826383,0.005676547116940955,10,1.8,2.2010098692292237,10,0.0,0.0,10,6.8,3.7653389990514503,10,0.0,0.0,10,0.01836661520706174,0.0027705769334743263,10,0.14626915196653179,0.07256703189780091,10,0.9589354717397149,0.00424912226017365,10,100.06725155171378,1.1282454001900883,10,0.02901630866108441,0.001993611009571456,10,0.16234215141003755,0.05410106776907147,10,0.9468821337606377,0.005543726258834918,10,99.9016776546392,2.0396925868331417,10,0.016750703652303085,0.0016050247992239854,10,0.11295543351421053,0.12224134987754745,10,0.947052336430248,0.0037821102404298275,10,100.58063119479415,2.4002520898518247,10,0.0012592547170112633,0.006921125217692806,0.03180739739644662,0.027722670676060872,0.05588823536961987,0.0024571043743527336,8.635478514069592e-06,0.004555758509559214,0.0035183603544199377,1.3642000504976453,0.0,2.333781290333589,0.0,0.0017172213743307204,0.04497751235168783,0.002633633262139576,0.6992937439449345,0.0012356529054921748,0.03353218920748849,0.003436037133670887,1.2642145629868853,0.0009948046770540404,0.07576597361385261,0.002344176213434639,1.4876916582521347
traditional,0.25,0.0,volatility,liquidity_buffer,0.033070931015915093,0.002665506831127557,10,0.07243218725540432,0.011329473182497572,10,0.10525822397594223,0.06301763996258733,10,0.44934819497428025,0.02907954220440152,10,0.8346666666666668,0.08871093297688638,10,0.9457319401618965,0.0038889484608368836,10,0.0010698280439082723,1.618922173933571e-05,10,0.07767241689788741,0.009070480393327114,10,0.015965346207765296,0.005635513548872961,10,3.8,5.28730134903956,10,0.0,0.0,10,16.2,18.913839730031906,10,0.0,0.0,10,0.014093563566634526,0.0022960236865780677,10,0.13896502032052452,0.0494715610026291,10,0.9603381320231333,0.004904851884722842,10,99.5113990228499,1.6693208456014756,10,0.028390317481938588,0.0018862128831559541,10,0.09865532528062818,0.07750270661841249,10,0.9457877215200808,0.004638047266547637,10,99.98805120369717,1.5278987486767466,10,0.01661951589234275,0.003251952198669688,10,0.1307445003243591,0.06424040931801453,10,0.9456761588037124,0.004364255162082427,10,100.23465599783994,2.014862070265122,10,0.0016520982501997729,0.00702208022951181,0.039058737909843905,0.01802368698945688,0.05498360590683843,0.002410395228493133,1.0034183591395463e-05,0.0056219419929034705,0.003492927485438728,3.277103327974603,0.0,11.722919317871865,0.0,0.0014230902246115205,0.03066279118576515,0.0030400586941327873,1.0346557794689912,0.001169086857094269,0.04803667523743,0.0028746914785304865,0.9470014556681805,0.002015580854798565,0.039816618208220265,0.002704993374056246,1.2488244493715213
traditional,0.25,0.0,volatility,none,0.033070931015915093,0.002665506831127557,10,0.07243218725540432,0.011329473182497572,10,0.10525822397594223,0.06301763996258733,10,0.44934819497428025,0.02907954220440152,10,0.8346666666666668,0.08871093297688638,10,0.9457319401618965,0.0038889484608368836,10,0.0010698280439082723,1.618922173933571e-05,10,0.07767241689788741,0.009070480393327114,10,0.015965346207765296,0.005635513548872961,10,3.8,5.28730134903956,10,0.0,0.0,10,16.2,18.913839730031906,10,0.0,0.0,10,0.014093563566634526,0.0022960236865780677,10,0.13896502032052452,0.0494715610026291,10,0.9603381320231333,0.004904851884722842,10,99.5113990228499,1.6693208456014756,10,0.028390317481938588,0.0018862128831559541,10,0.09865532528062818,0.07750270661841249,10,0.9457877215200808,0.004638047266547637,10,99.98805120369717,1.5278987486767466,10,0.01661951589234275,0.003251952198669688,10,0.1307445003243591,0.06424040931801453,10,0.9456761588037124,0.004364255162082427,10,100.23465599783994,2.014862070265122,10,0.0016520982501997729,0.00702208022951181,0.039058737909843905,0.01802368698945688,0.05498360590683843,0.002410395228493133,1.0034183591395463e-05,0.0056219419929034705,0.003492927485438728,3.277103327974603,0.0,11.722919317871865,0.0,0.0014230902246115205,0.03066279118576515,0.0030400586941327873,1.0346557794689912,0.001169086857094269,0.04803667523743,0.0028746914785304865,0.9470014556681805,0.002015580854798565,0.039816618208220265,0.002704993374056246,1.2488244493715213
traditional,0.25,0.0,volatility,position_limit,0.033070551165890714,0.0026648065447450503,10,0.07262593733370643,0.011331272708748908,10,0.105274675598595,0.0630184061564339,10,0.4548266479869798,0.05152559957372309,10,0.8373333333333333,0.0847479924377104,10,0.9457411019499264,0.0038896643203267193,10,0.0010697747902172787,1.618431653939607e-05,10,0.07762073298155767,0.009054615709509503,10,0.015961324437552438,0.0056369005262293164,10,3.8,5.28730134903956,10,0.0,0.0,10,16.2,18.913839730031906,10,0.0,0.0,10,0.014093407125477197,0.002295170441150325,10,0.1389554546708414,0.04947573299609294,10,0.9603434040654939,0.004904245691208404,10,99.58993645090652,1.6713891452327285,10,0.028389868364238686,0.0018853935853875643,10,0.09867503268462426,0.0775038380959055,10,0.9457980075065654,0.00463658472981908,10,100.05686883793543,1.53100352186532,10,0.016619509835712174,0.003252109644340322,10,0.13076508099271744,0.06423242894290535,10,0.9456841963932876,0.00436783739899103,10,100.29431190450879,2.0175327225533244,10,0.001651664208203081,0.007023195587437853,0.03905921280171004,0.031935897481918114,0.052527349913058505,0.0024108389228017484,1.0031143316974658e-05,0.005612108959999946,0.003493787142910524,3.277103327974603,0.0,11.722919317871865,0.0,0.0014225613776163812,0.03066537701410405,0.0030396829714999314,1.0359377248618065,0.0011685790510763882,0.04803737653444583,0.0028737849888746045,0.948925814027427,0.0020156784406362444,0.03981167192048246,0.0027072136674951494,1.250479736809057
traditional,0.25,0.5,fundamental,all,0.029761850048158227,0.002729480621805969,10,0.11188838551120625,0.018381117414996453,10,0.058232222480474424,0.05658527281814076,10,0.6010339913784186,0.05995086687549765,10,1.0,0.0,10,0.9529021596619558,0.003493576385395943,10,0.0010375014888571806,1.1672829558883623e-05,10,0.06615509550192986,0.0027906167390980828,10,0.0032696521957039427,0.004023829248551294,10,3.9,3.6347092196090616,10,0.0,0.0,10,4.0,5.333333333333333,10,0.0,0.0,10,0.018371680543394952,0.002730875335908501,10,0.14520527822166981,0.07181572632726879,10,0.956494763813371,0.003990000719956312,10,100.1253860490873,1.1292743708607553,10,0.022975078169383347,0.0018819127149673654,10,0.14665359870382447,0.06902127167384942,10,0.953182849294179,0.00454926353616604,10,97.76558770730372,1.73832899706912,10,0.017536035171868348,0.003318167963077023,10,0.0586962421565147,0.07897503219627824,10,0.9526214700297325,0.004605181315939646,10,95.57517202694376,2.252601208100989,10,0.0016917496164631043,0.011392734606193545,0.03507191544895855,0.03715793225751048,0.0,0.0021653410772953597,7.234894716422116e-06,0.0017296421745397921,0.002493995206841071,2.2528161142100447,0.0,3.3056342474293454,0.0,0.0016926140692198612,0.044511848334643694,0.0024730280675916245,0.6999315065740389,0.001166421585237912,0.0427798273961628,0.0028196627523247486,1.0774274748770982,0.0020566218107756773,0.04894923208497236,0.002854320951298469,1.3961766936186277
traditional,0.25,0.5,fundamental,circuit_breaker,0.02838134687964205,0.0027200401311793855,10,0.11654620660275197,0.017059122135352732,10,0.0746265914729349,0.0722446185501877,10,0.48389132482997044,0.029573947402654937,10,1.0,0.0,10,0.9502405083536983,0.004054369994029678,10,0.0010543375080728826,1.5755822374856463e-05,10,0.0962887281687773,0.006242687794190388,10,0.0025329085650331205,0.003807809572497707,10,3.9,5.445691467165171,10,0.0,0.0,10,8.5,6.687467549246293,10,0.0,0.0,10,0.014172470583586944,0.002273735371142511,10,0.1340676330188156,0.051087598455992034,10,0.9527827486782335,0.004176651804662151,10,99.51402616706693,1.6660253540731151,10,0.0213405458821792,0.002307590402262872,10,0.15446279250493378,0.09605287925836602,10,0.951093255170861,0.0030697584142287807,10,97.37813431747269,1.6384809399137383,10,0.017239180388755333,0.0029932774077213913,10,0.1027411432962591,0.08999594162010659,10,0.9493877615365355,0.005448457949065891,10,95.27529684963909,1.479944097099818,10,0.0016858983397516473,0.01057335344281913,0.044777678488494344,0.01833012250610443,0.0,0.0025129245570027032,9.76555988226358e-06,0.0038692579815909197,0.0023601048244758214,3.3752745402740527,0.0,4.144935329880176,0.0,0.0014092757835825298,0.031664421576571095,0.0025887156084522726,1.032613212658067,0.0014302593492673892,0.05953419135762198,0.0019026559772641982,1.015541007888577,0.0018552525583163183,0.05578006251545182,0.003376989223520787,0.917278854685136
traditional,0.25,0.5,fundamental,execution_delay,0.029760358158343637,0.00272898554121283,10,0.111740454657839,0.01832139933967683,10,0.05822245022929394,0.05658535227589589,10,0.5902471281466088,0.07083916784015401,10,1.0,0.0,10,0.9529075072697759,0.003494492931995046,10,0.0010374788444542325,1.1678958646022696e-05,10,0.06613048978737614,0.0027980942144920115,10,0.0032620377014213496,0.004023086959331703,10,3.9,3.6347092196090616,10,0.0,0.0,10,4.0,5.333333333333333,10,0.0,0.0,10,0.018371591652757542,0.0027303228796349962,10,0.14520539725400458,0.07181515821168513,10,0.9564948573206286,0.003987184516343975,10,100.06932516581831,1.1290905282092714,10,0.02297357368250372,0.0018814405388762497,10,0.1466566738325645,0.06902385068452153,10,0.9531902116263679,0.004550272746511072,10,97.7173027105371,1.737512360988901,10,0.017535928401559476,0.0033182065504437346,10,0.05869667157210693,0.07897381646840344,10,0.9526248029131841,0.004605474271710714,10,95.53362111560945,2.2517644841151485,10,0.0016914427623323698,0.011355720959637211,0.03507196469738541,0.04390657111346412,0.0,0.0021659091587629895,7.2386935639881904e-06,0.0017342767618047574,0.002493535131216238,2.2528161142100447,0.0,3.3056342474293454,0.0,0.001692271653274004,0.04451149621295684,0.002471282566508748,0.6998175597181232,0.00116612892746461,0.04278142588353823,0.002820288267377135,1.076921318590637,0.00205664572747335,0.04894847856902889,0.002854502527166561,1.3956580867192703
traditional,0.25,0.5,fundamental,liquidity_buffer,0.02838134687964205,0.0027200401311793855,10,0.11654620660275197,0.017059122135352732,10,0.0746265914729349,0.0722446185501877,10,0.48389132482997044,0.029573947402654937,10,1.0,0.0,10,0.9502405083536983,0.004054369994029678,10,0.0010543375080728826,1.5755822374856463e-05,10,0.0962887281687773,0.006242687794190388,10,0.0025329085650331205,0.003807809572497707,10,3.9,5.445691467165171,10,0.0,0.0,10,8.5,6.687467549246293,10,0.0,0.0,10,0.014172470583586944,0.002273735371142511,10,0.1340676330188156,0.051087598455992034,10,0.9527827486782335,0.004176651804662151,10,99.51402616706693,1.6660253540731151,10,0.0213405458821792,0.002307590402262872,10,0.15446279250493378,0.09605287925836602,10,0.951093255170861,0.0030697584142287807,10,97.37813431747269,1.6384809399137383,10,0.017239180388755333,0.0029932774077213913,10,0.1027411432962591,0.08999594162010659,10,0.9493877615365355,0.005448457949065891,10,95.27529684963909,1.479944097099818,10,0.0016858983397516473,0.01057335344281913,0.044777678488494344,0.01833012250610443,0.0,0.0025129245570027032,9.76555988226358e-06,0.0038692579815909197,0.0023601048244758214,3.3752745402740527,0.0,4.144935329880176,0.0,0.0014092757835825298,0.031664421576571095,0.0025887156084522726,1.032613212658067,0.0014302593492673892,0.05953419135762198,0.0019026559772641982,1.015541007888577,0.0018552525583163183,0.05578006251545182,0.003376989223520787,0.917278854685136
traditional,0.25,0.5,fundamental,none,0.02838134687964205,0.0027200401311793855,10,0.11654620660275197,0.017059122135352732,10,0.0746265914729349,0.0722446185501877,10,0.48389132482997044,0.029573947402654937,10,1.0,0.0,10,0.9502405083536983,0.004054369994029678,10,0.0010543375080728826,1.5755822374856463e-05,10,0.0962887281687773,0.006242687794190388,10,0.0025329085650331205,0.003807809572497707,10,3.9,5.445691467165171,10,0.0,0.0,10,8.5,6.687467549246293,10,0.0,0.0,10,0.014172470583586944,0.002273735371142511,10,0.1340676330188156,0.051087598455992034,10,0.9527827486782335,0.004176651804662151,10,99.51402616706693,1.6660253540731151,10,0.0213405458821792,0.002307590402262872,10,0.15446279250493378,0.09605287925836602,10,0.951093255170861,0.0030697584142287807,10,97.37813431747269,1.6384809399137383,10,0.017239180388755333,0.0029932774077213913,10,0.1027411432962591,0.08999594162010659,10,0.9493877615365355,0.005448457949065891,10,95.27529684963909,1.479944097099818,10,0.0016858983397516473,0.01057335344281913,0.044777678488494344,0.01833012250610443,0.0,0.0025129245570027032,9.76555988226358e-06,0.0038692579815909197,0.0023601048244758214,3.3752745402740527,0.0,4.144935329880176,0.0,0.0014092757835825298,0.031664421576571095,0.0025887156084522726,1.032613212658067,0.0014302593492673892,0.05953419135762198,0.0019026559772641982,1.015541007888577,0.0018552525583163183,0.05578006251545182,0.003376989223520787,0.917278854685136
traditional,0.25,0.5,fundamental,position_limit,0.028383871540740256,0.002720606259662851,10,0.11680419926114602,0.017030712119900617,10,0.07464045953059315,0.07224256212605361,10,0.4503538470816529,0.03730402160342629,10,1.0,0.0,10,0.9502319321614501,0.004054972396007102,10,0.001054377750804689,1.5762623052653093e-05,10,0.09633142737696462,0.006250135300035124,10,0.002536314579932186,0.0038043028512274786,10,3.9,5.445691467165171,10,0.0,0.0,10,8.5,6.687467549246293,10,0.0,0.0,10,0.01417274893077701,0.002273020598970065,10,0.13405865661564678,0.05108823051990391,10,0.9527725631032531,0.004172797928104202,10,99.59657266140556,1.6706150906152772,10,0.02134304351637855,0.0023073356201710796,10,0.15444829548974687,0.09605183808698295,10,0.9510810483457229,0.0030715220383839247,10,97.44922570484894,1.6429447902476628,10,0.017239248364528857,0.002994051374342996,10,0.10274115992275598,0.0899991984982887,10,0.9493828159771773,0.005447446522718078,10,95.3363909371543,1.4833078829358686,10,0.001686249229821033,0.010555744732810032,0.044776403903610935,0.023121272133586897,0.0,0.0025132979296165698,9.769774986031755e-06,0.003873873993536849,0.002357931336114499,3.3752745402740527,0.0,4.144935329880176,0.0,0.0014088327632002147,0.031664813333842405,0.0025863269510143995,1.0354579608394012,0.0014301014336908404,0.059533546032912985,0.0019037490828404803,1.0183077309896806,0.0018557322677983327,0.05578208114946279,0.003376362334975646,0.9193637507465111
traditional,0.25,0.5,liquidity,all,0.025256432086237707,0.002833237654523882,10,0.07269160099886354,0.01758572048710478,10,0.10350763496010737,0.06441003615680756,10,0.545166125709273,0.07192584346525548,10,1.0,0.0,10,0.6966022569468142,0.00215872344058931,10,0.0010530694013902871,1.1914646437691189e-05,10,0.060734516050564416,0.0028522466071742264,10,0.4248644612266229,0.002846580879117592,10,4.3,4.643992535164831,10,0.0,0.0,10,1.8,5.692099788303083,10,8.5,0.5270462766947299,10,0.018371680543394952,0.002730875335908501,10,0.14520527822166981,0.07181572632726879,10,0.956494763813371,0.003990000719956312,10,100.1253860490873,1.1292743708607553,10,0.017841887792296948,0.0020545261800187747,10,0.1411662333745632,0.06854689449876658,10,0.55,0.0,10,100.06117917983673,1.7764969943398379,10,0.017551401247182803,0.0033252045058556673,10,0.05880225597404663,0.07882731063227907,10,0.8432045138936284,0.00431744688117863,10,99.84330786025097,2.3513425607929537,10,0.0017560588916063506,0.010899742482730018,0.03992175401214478,0.04458009964387325,0.0,0.0013379906504888495,7.3847743707082585e-06,0.0017678407625229898,0.001764329107891621,2.8783763941963296,0.0,3.528,0.32666666666666666,0.0016926140692198612,0.044511848334643694,0.0024730280675916245,0.6999315065740389,0.001273408519295672,0.04248580537688419,0.0,1.1010842446771996,0.002060983105174288,0.04885767331102746,0.0026759813009777055,1.4573772180741387
traditional,0.25,0.5,liquidity,circuit_breaker,0.1502623947622914,0.002441708184978075,10,0.3835435286264313,0.011579208628270226,10,0.6090622651307322,0.05113416573305313,10,1.0,0.0,10,1.0,0.0,10,0.31384573395049414,0.0012403371296084193,10,0.006132732540701815,0.00041480201465686153,10,0.4669599326786635,0.022987271101672906,10,0.9665355383274825,0.0002835547033942945,10,7.5,8.289886743630593,10,154.9,34.831180156737595,10,43.8,31.467090392627306,10,28.7,0.4830458915396479,10,0.014172470583586944,0.002273735371142511,10,0.1340676330188156,0.051087598455992034,10,0.9527827486782335,0.004176651804662151,10,99.51402616706693,1.6660253540731151,10,0.14490567905602797,0.0026194557461427423,10,0.5900386858338877,0.06533943810595712,10,0.03190895275010376,0.0003010271998368134,10,89.55394110143469,2.5186028723340925,10,0.0380576690935056,0.0051915326842556005,10,0.5057853384724295,0.252843799537453,10,0.5957825151508844,0.002541778646506841,10,68.52189426677977,1.4686267841988327,10,0.0015133864122172636,0.007176867862451144,0.03169328427392035,0.0,0.0,0.0007687689176234629,0.00025709695229107706,0.014247658239118662,0.00017574902597997186,5.1381250363229665,21.588589125842482,19.503504687904453,0.2993949454037815,0.0014092757835825298,0.031664421576571095,0.0025887156084522726,1.032613212658067,0.0016235554920140697,0.04049780330828285,0.00018657859147281147,1.5610462332115305,0.003217745294573271,0.1567142105627184,0.001575410726864554,0.9102643114761916
traditional,0.25,0.5,liquidity,execution_delay,0.20449528879484116,0.007994098688789909,10,0.4579527155869765,0.016028556000200186,10,0.07634248541235397,0.13057954167336028,10,1.0,0.0,10,1.0,0.0,10,0.3129676248719232,0.003532780775036174,10,0.004825330138750775,0.00019719990822209953,10,0.3708993968183215,0.014743370741396016,10,0.9669543597337551,0.0005450238391050243,10,7.6,4.195235392680606,10,133.9,25.649128206973778,10,28.7,13.047349667014116,10,27.9,0.7378647873726216,10,0.018371591652757542,0.0027303228796349962,10,0.14520539725400458,0.07181515821168513,10,0.9564948573206286,0.003987184516343975,10,100.06932516581831,1.1290905282092714,10,0.20179388286069583,0.008465954332590038,10,0.014410979949344305,0.14333657196966348,10,0.03160184135383685,0.0005257066973862703,10,87.98856292334595,2.1107821875828257,10,0.0308226109682949,0.004317692957095885,10,0.00017038364145175732,0.06940081321309202,10,0.5943334083900096,0.007321859741963308,10,70.79798894552758,1.6590745985805073,10,0.004954793700561365,0.009934601934581412,0.08093403843170384,0.0,0.0,0.002189640209741168,0.00012222576941416801,0.00913803585849496,0.00033780927528956063,2.6002338356386328,15.89749436581473,8.0868311057752,0.45733333333333315,0.001692271653274004,0.04451149621295684,0.002471282566508748,0.6998175597181232,0.005247252858559214,0.08884092772725764,0.00032583638680931817,1.308276354025804,0.00267613382041137,0.04301506967937076,0.0045381356846077685,1.028305089770216
traditional,0.25,0.5,liquidity,liquidity_buffer,0.024006957291485373,0.002833954858145281,10,0.07755512436178112,0.01723732021058754,10,0.11845425953476407,0.0828754102060668,10,0.48365404596268036,0.02837545851306382,10,1.0,0.0,10,0.6950444570105753,0.0022937418754433404,10,0.0010827622879004846,1.8924353367788593e-05,10,0.09234720614694046,0.007103332252079298,10,0.42317929427725137,0.002435360110206168,10,3.8,4.802776974487434,10,0.0,0.0,10,5.3,7.775317071062475,10,8.6,0.5163977794943222,10,0.014172470583586944,0.002273735371142511,10,0.1340676330188156,0.051087598455992034,10,0.9527827486782335,0.004176651804662151,10,99.51402616706693,1.6660253540731151,10,0.016329330290016472,0.0026326094571504175,10,0.13640126092827215,0.09225333622600647,10,0.55,0.0,10,99.62868834495617,1.6564916540396786,10,0.017276090401590123,0.002993863844159093,10,0.10296021045340664,0.09108294950621676,10,0.8400889140211504,0.00458748375088669,10,99.4863383661034,1.547660835543398,10,0.00175650341901634,0.010683801754129536,0.051366711421299366,0.017587291396367687,0.0,0.0014216759434178103,1.172943573806566e-05,0.004402690943126766,0.0015094518347101528,2.976792009305767,0.0,4.819191449011153,0.32006665972366855,0.0014092757835825298,0.031664421576571095,0.0025887156084522726,1.032613212658067,0.0016317082465617746,0.05717921018780649,0.0,1.0267041641577084,0.0018556160353861446,0.056453796983367735,0.0028433518868356267,0.9592501240082575
traditional,0.25,0.5,liquidity,none,0.2848910546410285,0.009124219016468715,10,0.5645842174746131,0.012855371187466238,10,0.4121059077116488,0.11373050843656621,10,1.0,0.0,10,1.0,0.0,10,0.30740018868514485,0.0027703937513430654,10,0.0060822176749496075,0.00019733356489051726,10,0.5349159860983299,0.015221535632741643,10,0.969610091207582,0.00022943852266247644,10,28.5,10.956986609262401,10,234.2,28.494833839760418,10,90.2,26.744885284646273,10,31.1,0.7378647873726216,10,0.014172470583586944,0.002273735371142511,10,0.1340676330188156,0.051087598455992034,10,0.9527827486782335,0.004176651804662151,10,99.51402616706693,1.6660253540731151,10,0.28166194741596356,0.009036458686628248,10,0.3571054539841317,0.13547608138343992,10,0.028977542404136514,0.0002781223120632741,10,69.12096844929918,1.1621995433534176,10,0.03894352044726933,0.0031309786868838328,10,0.009677786091180012,0.1677669273333532,10,0.5858228349661532,0.005325331376173561,10,59.157509995481895,1.508267117838841,10,0.005655249536603454,0.00796784161138216,0.07049089943727475,0.0,0.0,0.0017171078368694804,0.00012230861067551532,0.009434405528635668,0.00014220746966112676,6.791210659537976,17.661280990410127,16.576651638842975,0.45733333333333315,0.0014092757835825298,0.031664421576571095,0.0025887156084522726,1.032613212658067,0.005600855120624764,0.08396894518661703,0.00017238199494948574,0.7203387399104633,0.0019406006953752298,0.1039830188585855,0.0033006745829980066,0.9348336448124297
traditional,0.25,0.5,liquidity,position_limit,0.22220335761335783,0.00742349620405102,10,0.4912890274628614,0.011050983105452222,10,0.27179327741121545,0.07159680917230604,10,1.0,0.0,10,1.0,0.0,10,0.31803146769888535,0.002851961820067451,10,0.005237953299570873,0.0002098555656558522,10,0.4249482764676614,0.025377606345304622,10,0.9683579336358712,0.0002750335011840538,10,25.3,8.380532998165053,10,140.3,43.899000241716465,10,55.9,17.47029224458226,10,27.2,0.6324555320336759,10,0.01417274893077701,0.002273020598970065,10,0.13405865661564678,0.05108823051990391,10,0.9527725631032531,0.004172797928104202,10,99.59657266140556,1.6706150906152772,10,0.21900394427988115,0.007525098736782465,10,0.21668694646845635,0.09078248120105249,10,0.030171133965675924,0.000307755121115302,10,76.73594439249692,1.4803302687113113,10,0.033463291920528014,0.0036586116627599055,10,-0.006080869272031187,0.10750081906428238,10,0.6058918014320948,0.005482032221676954,10,69.14821587761803,4.415904219210902,10,0.004601130616457399,0.0068494702914648695,0.04437616207624469,0.0,0.0,0.0017676642496454805,0.000130069827158558,0.015729203372403605,0.0001704675301320764,5.19430816695865,27.208882242548828,10.828199316804453,0.39199999999999996,0.0014088327632002147,0.031664813333842405,0.0025863269510143995,1.0354579608394012,0.0046641045186741415,0.05626756479840186,0.00019074860028384533,0.9175182063296993,0.002267631001961919,0.0666296979610495,0.003397798773278723,2.7370057913233694
traditional,0.25,0.5,volatility,all,0.03364754544294733,0.002007720682932862,10,0.07802582320907445,0.011204957071220562,10,0.14879258086546449,0.05126996083538591,10,0.5890347176735269,0.07749353798065949,10,1.0,0.0,10,0.9448891884389804,0.0033170117869940844,10,0.0010672320445141241,1.0844027430906032e-05,10,0.0675809851839801,0.004294851369356953,10,0.011864459366555868,0.004814967944852259,10,1.8,2.2010098692292237,10,0.0,0.0,10,6.5,3.1001792062897127,10,0.0,0.0,10,0.018371680543394952,0.002730875335908501,10,0.14520527822166981,0.07181572632726879,10,0.956494763813371,0.003990000719956312,10,100.1253860490873,1.1292743708607553,10,0.02904810770240347,0.001943211872392493,10,0.16140543554934472,0.053911706777282166,10,0.9449627653135799,0.005033979760810662,10,99.95017269804546,2.0364217629795522,10,0.016811926002499547,0.001628502234599945,10,0.10947644689293505,0.12222342451090948,10,0.9448156115643809,0.0031171219587606725,10,100.62411212501408,2.3992577574386798,10,0.0012443981716453317,0.006944904344175432,0.031777450950339924,0.04803099245687526,0.0,0.002055905205415211,6.7211978354374205e-06,0.0026619764576559686,0.0029843480510208975,1.3642000504976453,0.0,1.9215109795274252,0.0,0.0016926140692198612,0.044511848334643694,0.0024730280675916245,0.6999315065740389,0.0012044151966359865,0.03341482204881613,0.003120092980912858,1.262187285359185,0.0010093561422578994,0.07575486335650457,0.0019320122063049981,1.4870753646374681
traditional,0.25,0.5,volatility,circuit_breaker,0.03319758204769526,0.002640858105331755,10,0.07249662615692788,0.011143915780343976,10,0.10278983351223711,0.06239629960838815,10,0.4580928228468263,0.06166814643171359,10,1.0,0.0,10,0.9396169609459673,0.0037530416484047383,10,0.0010948810694078413,1.5166258261041891e-05,10,0.10515491477088632,0.008216979201094092,10,0.014073020230370692,0.004436359918360747,10,5.2,5.788878225624643,10,0.0,0.0,10,16.2,18.890326742659706,10,0.0,0.0,10,0.014172470583586944,0.002273735371142511,10,0.1340676330188156,0.051087598455992034,10,0.9527827486782335,0.004176651804662151,10,99.51402616706693,1.6660253540731151,10,0.028483854113458856,0.0018288942876433152,10,0.0964326528300786,0.07651813092534443,10,0.9400936531509567,0.00474862800143876,10,99.9882787638126,1.5263391452073247,10,0.016723662641070863,0.0032187390312678277,10,0.12675446013938813,0.06522584600328808,10,0.9391402687409778,0.004105099795761618,10,100.2358380196059,2.015356247168302,10,0.0016368208116723793,0.006907070560120006,0.03867362716844065,0.038222313153780045,0.0,0.002326159313436635,9.400144258698433e-06,0.00509293647329086,0.002749684365010526,3.5879838969042828,0.0,11.708345817312441,0.0,0.0014092757835825298,0.031664421576571095,0.0025887156084522726,1.032613212658067,0.0011335604235303074,0.04742642890051895,0.0029432301280983625,0.946034803423006,0.001994995120368091,0.04042739819362905,0.002544367213872153,1.2491307433894163
traditional,0.25,0.5,volatility,execution_delay,0.03364781594528182,0.0020077813617535587,10,0.0778720807254534,0.011180084545427476,10,0.1487950621526376,0.051266802354576584,10,0.5770283126607405,0.06485431243228384,10,1.0,0.0,10,0.9448912791200588,0.0033182890821978933,10,0.0010672177213887856,1.0851435853471585e-05,10,0.06756765169986603,0.004301281024685632,10,0.011862833696874853,0.004817002312620903,10,1.8,2.2010098692292237,10,0.0,0.0,10,6.4,3.1692971530679235,10,0.0,0.0,10,0.018371591652757542,0.0027303228796349962,10,0.14520539725400458,0.07181515821168513,10,0.9564948573206286,0.003987184516343975,10,100.06932516581831,1.1290905282092714,10,0.0290484349665382,0.0019429633731669724,10,0.16140752902997207,0.053910455321986045,10,0.9449643961299348,0.00503641232911981,10,99.90099910308257,2.0364979997454657,10,0.016811959883799986,0.00162827267066006,10,0.10947739014727298,0.12222276206708717,10,0.9448181621101825,0.0031172022388741816,10,100.58066090357286,2.3990933106227885,10,0.0012444357807680421,0.006929488192972615,0.03177549330365246,0.04019711930055755,0.0,0.002056696881184546,6.725789623315943e-06,0.0026659615993160275,0.0029856089652273783,1.3642000504976453,0.0,1.9643507267740599,0.0,0.001692271653274004,0.04451149621295684,0.002471282566508748,0.6998175597181232,0.0012042611752202976,0.033414046388787505,0.003121600702371345,1.2622345373962445,0.0010092138570538384,0.07575445276956969,0.0019320619644348613,1.4869734394450012
traditional,0.25,0.5,volatility,liquidity_buffer,0.03319758204769526,0.002640858105331755,10,0.07249662615692788,0.011143915780343976,10,0.10278983351223711,0.06239629960838815,10,0.4580928228468263,0.06166814643171359,10,1.0,0.0,10,0.9396169609459673,0.0037530416484047383,10,0.0010948810694078413,1.5166258261041891e-05,10,0.10515491477088632,0.008216979201094092,10,0.014073020230370692,0.004436359918360747,10,5.2,5.788878225624643,10,0.0,0.0,10,16.2,18.890326742659706,10,0.0,0.0,10,0.014172470583586944,0.002273735371142511,10,0.1340676330188156,0.051087598455992034,10,0.9527827486782335,0.004176651804662151,10,99.51402616706693,1.6660253540731151,10,0.028483854113458856,0.0018288942876433152,10,0.0964326528300786,0.07651813092534443,10,0.9400936531509567,0.00474862800143876,10,99.9882787638126,1.5263391452073247,10,0.016723662641070863,0.0032187390312678277,10,0.12675446013938813,0.06522584600328808,10,0.9391402687409778,0.004105099795761618,10,100.2358380196059,2.015356247168302,10,0.0016368208116723793,0.006907070560120006,0.03867362716844065,0.038222313153780045,0.0,0.002326159313436635,9.400144258698433e-06,0.00509293647329086,0.002749684365010526,3.5879838969042828,0.0,11.708345817312441,0.0,0.0014092757835825298,0.031664421576571095,0.0025887156084522726,1.032613212658067,0.0011335604235303074,0.04742642890051895,0.0029432301280983625,0.946034803423006,0.001994995120368091,0.04042739819362905,0.002544367213872153,1.2491307433894163
traditional,0.25,0.5,volatility,none,0.03319758204769526,0.002640858105331755,10,0.07249662615692788,0.011143915780343976,10,0.10278983351223711,0.06239629960838815,10,0.4580928228468263,0.06166814643171359,10,1.0,0.0,10,0.9396169609459673,0.0037530416484047383,10,0.0010948810694078413,1.5166258261041891e-05,10,0.10515491477088632,0.008216979201094092,10,0.014073020230370692,0.004436359918360747,10,5.2,5.788878225624643,10,0.0,0.0,10,16.2,18.890326742659706,10,0.0,0.0,10,0.014172470583586944,0.002273735371142511,10,0.1340676330188156,0.051087598455992034,10,0.9527827486782335,0.004176651804662151,10,99.51402616706693,1.6660253540731151,10,0.028483854113458856,0.0018288942876433152,10,0.0964326528300786,0.07651813092534443,10,0.9400936531509567,0.00474862800143876,10,99.9882787638126,1.5263391452073247,10,0.016723662641070863,0.0032187390312678277,10,0.12675446013938813,0.06522584600328808,10,0.9391402687409778,0.004105099795761618,10,100.2358380196059,2.015356247168302,10,0.0016368208116723793,0.006907070560120006,0.03867362716844065,0.038222313153780045,0.0,0.002326159313436635,9.400144258698433e-06,0.00509293647329086,0.002749684365010526,3.5879838969042828,0.0,11.708345817312441,0.0,0.0014092757835825298,0.031664421576571095,0.0025887156084522726,1.032613212658067,0.0011335604235303074,0.04742642890051895,0.0029432301280983625,0.946034803423006,0.001994995120368091,0.04042739819362905,0.002544367213872153,1.2491307433894163
traditional,0.25,0.5,volatility,position_limit,0.03319708361408442,0.0026403469025660983,10,0.07269163231324074,0.011129612244097932,10,0.10278930797346404,0.06239728014915231,10,0.44359087719786156,0.026693136517336683,10,1.0,0.0,10,0.9396070783367276,0.0037521939432126903,10,0.0010949288903487867,1.5166952488058937e-05,10,0.10520631695619045,0.008209003678627945,10,0.014071928285871449,0.004435372747440418,10,5.2,5.788878225624643,10,0.0,0.0,10,16.2,18.890326742659706,10,0.0,0.0,10,0.01417274893077701,0.002273020598970065,10,0.13405865661564678,0.05108823051990391,10,0.9527725631032531,0.004172797928104202,10,99.59657266140556,1.6706150906152772,10,0.028483205473483673,0.0018285134600752877,10,0.09643659079594977,0.07652212278254972,10,0.9400858109066628,0.004745259229515615,10,100.06121719454688,1.531583663423145,10,0.016723753316304303,0.0032187070494378157,10,0.12674619994455238,0.06522487851667308,10,0.9391283457667928,0.004106439899429209,10,100.30002466611342,2.0202627649246234,10,0.0016365039649155915,0.00689820513650608,0.03867423491390271,0.016544577420565316,0.0,0.0023256339003151555,9.400574545061502e-06,0.0050879931932523775,0.002749072510135094,3.5879838969042828,0.0,11.708345817312441,0.0,0.0014088327632002147,0.031664813333842405,0.0025863269510143995,1.0354579608394012,0.0011333243841582005,0.047428903079248075,0.0029411421416281887,0.9492853894902841,0.0019949752978244816,0.04042679853921246,0.0025451978187306583,1.252171834601463
traditional,0.25,0.9,fundamental,all,0.029841861844820017,0.0027141697954981767,10,0.11202485271099856,0.018335314749484542,10,0.05690849348949203,0.055241642967333644,10,0.582224663236433,0.061354233584681075,10,1.0,0.0,10,0.9488550184894076,0.0031522735201410927,10,0.0010536039306201933,1.0500233100799968e-05,10,0.08404510001610455,0.003730341915676283,10,0.002900688268279905,0.0037724771576594924,10,2.9,2.183269719175042,10,0.0,0.0,10,3.9,5.404730438339281,10,0.0,0.0,10,0.018418513485321062,0.002697667155744919,10,0.14272701892147405,0.07126287008755751,10,0.9519185794638826,0.003864762852657337,10,100.1251576480594,1.1294619410203688,10,0.02302149029714664,0.001856671817404736,10,0.14493657306718508,0.06807342412864352,10,0.9490302220316786,0.004252827133076276,10,97.76288359054251,1.7365803525233088,10,0.017607288851863207,0.003276630334158998,10,0.05695966461604335,0.07815616715335107,10,0.9486798149471365,0.004235963116844119,10,95.57286779950128,2.252798400550941,10,0.0016822598680007017,0.011364345819992348,0.03423912503945298,0.03802774795543153,0.0,0.0019537993697705727,6.508111901999176e-06,0.0023120898733276335,0.002338205566875775,1.3532045915775879,0.0,3.3498866315809024,0.0,0.0016720314259116974,0.04416918448716345,0.002395404833238155,0.700047763763429,0.0011507771148468711,0.04219234540114259,0.002635929566155068,1.0763436537588704,0.002030876521642846,0.04844169427311184,0.0026254771406039015,1.3962989147653582
traditional,0.25,0.9,fundamental,circuit_breaker,0.02872994465895542,0.0027037849162772003,10,0.11689087035725251,0.017057538232254494,10,0.06739068943216837,0.07275551646564553,10,0.4902391380296153,0.04413947241365379,10,1.0,0.0,10,0.9400560929465286,0.0041574153881002085,10,0.0010967686892174454,1.7330931757754433e-05,10,0.14175630696704675,0.009496870206275284,10,0.001913885696547657,0.0034068127038158944,10,3.0,4.242640687119285,10,0.0,0.0,10,8.3,6.700746227100382,10,0.0,0.0,10,0.014459680477996183,0.002226041158848884,10,0.11949658214837497,0.05291580702063538,10,0.9416522270776204,0.0038041275046403014,10,99.51820623826487,1.6635266664253308,10,0.021644849213445467,0.0022711273777488382,10,0.13968692172646308,0.09450581130291848,10,0.9405612949950657,0.0031858871193695478,10,97.3791686308543,1.6365829609703504,10,0.017446889429152197,0.002963167035157686,10,0.09675320556919789,0.09345165118425722,10,0.9395508908979917,0.00537134013021374,10,95.27598549274425,1.4783505359419702,10,0.00167582325317415,0.010572371729507977,0.04509433629717141,0.027357928438881903,0.0,0.0025767927539425903,1.074182279218011e-05,0.005886221136985308,0.0021115643903083475,2.629615941539752,0.0,4.1531655396817495,0.0,0.0013797146045396586,0.03279755698458272,0.002357822655173797,1.0310645100089149,0.0014076593325301806,0.058575308704504246,0.0019746332944185,1.0143646283517964,0.001836589956050798,0.057921933493781594,0.0033291911041924012,0.9162911552466195
traditional,0.25,0.9,fundamental,execution_delay,0.02984057956652275,0.002713679279610703,10,0.11188844733101315,0.018283853650904118,10,0.05689208867612161,0.055244100140811284,10,0.5456441353873442,0.04624842677248332,10,1.0,0.0,10,0.9488602271870137,0.003151921758189087,10,0.001053586542229004,1.0501593554463075e-05,10,0.08402415184966783,0.0037429968818904653,10,0.0028938241537264653,0.003771629305990861,10,2.9,2.183269719175042,10,0.0,0.0,10,3.9,5.404730438339281,10,0.0,0.0,10,0.018418855472968006,0.0026972672393198505,10,0.14271768382325792,0.07125548388018733,10,0.9519196199723661,0.003862208498736487,10,100.07203840086628,1.1295895434519445,10,0.023020286516401953,0.0018561623872616732,10,0.14493051714480454,0.06807627639842641,10,0.9490375624855825,0.0042526214176832975,10,97.71728412759296,1.734920938769166,10,0.01760715297245049,0.0032767621254154,10,0.05695812270621187,0.0781566786035019,10,0.948682891888445,0.0042369501965870806,10,95.5336357997137,2.2512612186554253,10,0.0016819558431038504,0.011332449900640262,0.034240648011352896,0.028665071892909205,0.0,0.001953581345453918,6.508955119915578e-06,0.0023199335026496955,0.0023376800629671683,1.3532045915775879,0.0,3.3498866315809024,0.0,0.0016717835551434193,0.04416460646840568,0.002393821628275502,0.7001268525699049,0.0011504613667729499,0.04219411325626957,0.0026358020624335206,1.0753151384583048,0.0020309582067098474,0.04844201127319954,0.002626088938967016,1.3953461595556684
traditional,0.25,0.9,fundamental,liquidity_buffer,0.02872994465895542,0.0027037849162772003,10,0.11689087035725251,0.017057538232254494,10,0.06739068943216837,0.07275551646564553,10,0.4902391380296153,0.04413947241365379,10,1.0,0.0,10,0.9400560929465286,0.0041574153881002085,10,0.0010967686892174454,1.7330931757754433e-05,10,0.14175630696704675,0.009496870206275284,10,0.001913885696547657,0.0034068127038158944,10,3.0,4.242640687119285,10,0.0,0.0,10,8.3,6.700746227100382,10,0.0,0.0,10,0.014459680477996183,0.002226041158848884,10,0.11949658214837497,0.05291580702063538,10,0.9416522270776204,0.0038041275046403014,10,99.51820623826487,1.6635266664253308,10,0.021644849213445467,0.0022711273777488382,10,0.13968692172646308,0.09450581130291848,10,0.9405612949950657,0.0031858871193695478,10,97.3791686308543,1.6365829609703504,10,0.017446889429152197,0.002963167035157686,10,0.09675320556919789,0.09345165118425722,10,0.9395508908979917,0.00537134013021374,10,95.27598549274425,1.4783505359419702,10,0.00167582325317415,0.010572371729507977,0.04509433629717141,0.027357928438881903,0.0,0.0025767927539425903,1.074182279218011e-05,0.005886221136985308,0.0021115643903083475,2.629615941539752,0.0,4.1531655396817495,0.0,0.0013797146045396586,0.03279755698458272,0.002357822655173797,1.0310645100089149,0.0014076593325301806,0.058575308704504246,0.0019746332944185,1.0143646283517964,0.001836589956050798,0.057921933493781594,0.0033291911041924012,0.9162911552466195
traditional,0.25,0.9,fundamental,none,0.02872994465895542,0.0027037849162772003,10,0.11689087035725251,0.017057538232254494,10,0.06739068943216837,0.07275551646564553,10,0.4902391380296153,0.04413947241365379,10,1.0,0.0,10,0.9400560929465286,0.0041574153881002085,10,0.0010967686892174454,1.7330931757754433e-05,10,0.14175630696704675,0.009496870206275284,10,0.001913885696547657,0.0034068127038158944,10,3.0,4.242640687119285,10,0.0,0.0,10,8.3,6.700746227100382,10,0.0,0.0,10,0.014459680477996183,0.002226041158848884,10,0.11949658214837497,0.05291580702063538,10,0.9416522270776204,0.0038041275046403014,10,99.51820623826487,1.6635266664253308,10,0.021644849213445467,0.0022711273777488382,10,0.13968692172646308,0.09450581130291848,10,0.9405612949950657,0.0031858871193695478,10,97.3791686308543,1.6365829609703504,10,0.017446889429152197,0.002963167035157686,10,0.09675320556919789,0.09345165118425722,10,0.9395508908979917,0.00537134013021374,10,95.27598549274425,1.4783505359419702,10,0.00167582325317415,0.010572371729507977,0.04509433629717141,0.027357928438881903,0.0,0.0025767927539425903,1.074182279218011e-05,0.005886221136985308,0.0021115643903083475,2.629615941539752,0.0,4.1531655396817495,0.0,0.0013797146045396586,0.03279755698458272,0.002357822655173797,1.0310645100089149,0.0014076593325301806,0.058575308704504246,0.0019746332944185,1.0143646283517964,0.001836589956050798,0.057921933493781594,0.0033291911041924012,0.9162911552466195
traditional,0.25,0.9,fundamental,position_limit,0.028732458548887202,0.002704060068657228,10,0.1171092688369765,0.017040575821915666,10,0.06739818295720335,0.07275166294011486,10,0.4831513072842418,0.05249976112854331,10,1.0,0.0,10,0.9400423115541081,0.004156632119828152,10,0.0010968258498280504,1.7324894135622685e-05,10,0.14181851730186215,0.009487087250952446,10,0.0019173876951745217,0.0034091159111221815,10,3.0,4.242640687119285,10,0.0,0.0,10,8.3,6.700746227100382,10,0.0,0.0,10,0.014459724307069191,0.002225663850659486,10,0.11952650545250895,0.05294288588855824,10,0.9416389819506449,0.0037922348812924316,10,99.5956434959554,1.6694017513639818,10,0.021646959998806826,0.0022715092884563752,10,0.13964855428826803,0.09449281737646838,10,0.9405443789904107,0.0031866800076005637,10,97.44551653942642,1.6422050130775614,10,0.017447254317303016,0.002963879845402703,10,0.09674790809388992,0.09345436579293658,10,0.9395402441178053,0.005368511485673626,10,95.3328192098866,1.4817031546894672,10,0.0016759937943861523,0.010561858318657668,0.0450919478573025,0.03253968906906987,0.0,0.0025763072792378957,1.0738080635212908e-05,0.005880157598456012,0.002112991932986584,2.629615941539752,0.0,4.1531655396817495,0.0,0.0013794807465010257,0.032814340640805365,0.002350451530855579,1.03470592538012,0.001407896043239111,0.058567254985451365,0.0019751247316355308,1.017849212349252,0.0018370317604178943,0.05792361602567263,0.0033274378921425997,0.9183691298748007
traditional,0.25,0.9,liquidity,all,0.025438562648584333,0.0027929874145494306,10,0.07284665331643678,0.017559059709574446,10,0.09974700864406014,0.06277969119961664,10,0.6039308902765954,0.08216804117138428,10,1.0,0.0,10,0.694947684714239,0.002027776049066175,10,0.0010776678047414627,9.996430079842037e-06,10,0.0800533281144378,0.0038713533048874127,10,0.42213454672562384,0.0027859107872666524,10,3.1,3.5730472522297636,10,0.0,0.0,10,1.8,5.692099788303083,10,8.4,0.5163977794943222,10,0.018418513485321062,0.002697667155744919,10,0.14272701892147405,0.07126287008755751,10,0.9519185794638826,0.003864762852657337,10,100.1251576480594,1.1294619410203688,10,0.018002404807833747,0.001990730309827626,10,0.13558412216247231,0.06709778520549135,10,0.55,0.0,10,100.05868584577101,1.774551044793947,10,0.017652350505243664,0.003274450196150456,10,0.056369054709905095,0.0780458622919278,10,0.839895369428478,0.004055552098132406,10,99.8417752107612,2.352254070339476,10,0.0017311115344075764,0.010883217961617389,0.03891125573859215,0.05092827955130857,0.0,0.001256828616358147,6.195851554492257e-06,0.00239948963785024,0.0017267253953759055,2.2145976308726296,0.0,3.528,0.32006665972366855,0.0016720314259116974,0.04416918448716345,0.002395404833238155,0.700047763763429,0.0012338674292928435,0.041587638131611926,0.0,1.0998781326529496,0.002029525258105629,0.04837332661169083,0.002513657232716329,1.457942177544234
traditional,0.25,0.9,liquidity,circuit_breaker,0.15213560792623476,0.0025179017832299517,10,0.392248654039541,0.012299845093082195,10,0.6204975298312727,0.0789790834850352,10,1.0,0.0,10,1.0,0.0,10,0.31372052066693284,0.0015557115398060085,10,0.006096381030125242,0.000399514750219302,10,0.4706804168746192,0.022583231710058684,10,0.9663973539809669,0.0002969199703210401,10,4.1,4.2282121254470875,10,165.9,36.37902325974865,10,48.2,24.498526032759152,10,27.9,0.31622776601683755,10,0.014459680477996183,0.002226041158848884,10,0.11949658214837497,0.05291580702063538,10,0.9416522270776204,0.0038041275046403014,10,99.51820623826487,1.6635266664253308,10,0.14660071980955341,0.0033231622564493654,10,0.6069501269836851,0.0984758865286783,10,0.03166587070266837,0.0002685287916691687,10,88.17021310857979,2.11419095910473,10,0.038276151812689195,0.006376207007125457,10,0.37288577779108706,0.2431788416277372,10,0.5957751706311973,0.003157829574529256,10,67.79435681824361,1.4888023378639719,10,0.0015606116936828153,0.007623522970831555,0.04895174309975883,0.0,0.0,0.0009642400022069594,0.00024762180762714475,0.013997232029700444,0.0001840329042448003,2.620673026363859,22.5479522203976,15.184343749767756,0.19599999999999973,0.0013797146045396586,0.03279755698458272,0.002357822655173797,1.0310645100089149,0.0020597173058781756,0.06103598682284346,0.0001664358694054545,1.3103891325041421,0.0039520140471474155,0.15072380758778345,0.001957243047957965,0.922769249193004
traditional,0.25,0.9,liquidity,execution_delay,0.20476105221929836,0.00708866481002313,10,0.4613050427188223,0.017649281974675433,10,0.06022309755377847,0.08876676488276615,10,1.0,0.0,10,1.0,0.0,10,0.312475319053608,0.003971900941565822,10,0.004873861299955942,0.00018431621030011357,10,0.3776024087267916,0.013708591896366097,10,0.9669657417623352,0.0006021955359633873,10,13.6,9.946523680831074,10,134.0,20.837999477450378,10,29.1,12.696893758361181,10,27.7,1.0593499054713797,10,0.018418855472968006,0.0026972672393198505,10,0.14271768382325792,0.07125548388018733,10,0.9519196199723661,0.003862208498736487,10,100.07203840086628,1.1295895434519445,10,0.20219500505686216,0.00757930261476118,10,-0.005826216300553283,0.10301974569845085,10,0.03144127758331562,0.0005491301475986331,10,87.50029388332905,2.531953974804324,10,0.030335938247954043,0.003397952512790967,10,0.0040946045766939,0.05149240337039429,10,0.5935093605239004,0.008357341218893486,10,70.64715331072303,1.5151324314639063,10,0.004393599968354943,0.0109391383008796,0.05501821088062132,0.0,0.0,0.002461809708719409,0.00011424037071083343,0.008496673285623781,0.0003732446601243081,6.164919247916661,12.91552588510777,7.869616283176991,0.6565918739132311,0.0016717835551434193,0.04416460646840568,0.002393821628275502,0.7001268525699049,0.004697700430309752,0.06385229991417396,0.00034035439166211996,1.569321332255256,0.0021060727870163293,0.03191532226192906,0.005179933753242603,0.9390888102821221
traditional,0.25,0.9,liquidity,liquidity_buffer,0.02480998494375896,0.002793186450842455,10,0.07789112154536065,0.017264723309039484,10,0.0989291599530585,0.08248320065240716,10,0.45147009127399873,0.04449299493136842,10,1.0,0.0,10,0.6909841696381956,0.0022532392820232036,10,0.001146685702278984,2.2549143166613578e-05,10,0.14092390343401992,0.010621332122859442,10,0.41635836206600363,0.0021686247706029314,10,2.6,2.988868236194653,10,0.0,0.0,10,7.1,8.937436868463898,10,8.2,0.42163702135578396,10,0.014459680477996183,0.002226041158848884,10,0.11949658214837497,0.05291580702063538,10,0.9416522270776204,0.0038041275046403014,10,99.51820623826487,1.6635266664253308,10,0.017183190667629054,0.0025108088588358017,10,0.10207595549255452,0.08794724798876614,10,0.55,0.0,10,99.63070302302515,1.6552405996139041,10,0.017586763609233814,0.0029623866486140626,10,0.09407088516730791,0.09431655416897507,10,0.8319683392763911,0.0045064785640464445,10,99.48934961523794,1.5474423791647753,10,0.0017312348983800831,0.010700786370516115,0.05112361742140944,0.027577043965468454,0.0,0.0013965721759329397,1.3976103731577235e-05,0.006583169853496051,0.0013441275584116237,1.8525197254910224,0.0,5.53948076186849,0.26133333333333336,0.0013797146045396586,0.03279755698458272,0.002357822655173797,1.0310645100089149,0.0015562154535968661,0.05451026904728006,0.0,1.0259287525911012,0.0018361062674598914,0.05845800591759169,0.0027931443518659023,0.9591147233419928
traditional,0.25,0.9,liquidity,none,0.284526629147987,0.009794954039412827,10,0.5628524584076555,0.008481470910936524,10,0.42725788026133804,0.08081249836900016,10,1.0,0.0,10,1.0,0.0,10,0.3075497285980567,0.002621186306860687,10,0.006076329662442541,0.00014157949052430671,10,0.5306005345296332,0.0100758225995165,10,0.9694397184617417,0.00020677725771260777,10,22.5,11.730776236511849,10,229.4,30.69636243379118,10,84.2,23.34666285931818,10,29.7,0.6749485577105528,10,0.014459680477996183,0.002226041158848884,10,0.11949658214837497,0.05291580702063538,10,0.9416522270776204,0.0038041275046403014,10,99.51820623826487,1.6635266664253308,10,0.2809127697289206,0.009936736668884824,10,0.37876977092966063,0.09582928472803999,10,0.028799158285293523,0.0002282000789115123,10,68.19683367760778,1.3309214382820693,10,0.040254638310713964,0.0039060618643502777,10,0.002151686457358763,0.17621427022573058,10,0.5863002989108198,0.005151966537403921,10,59.658730238315606,1.3431005131978695,10,0.0060709754108773965,0.005256870133456414,0.05008810541791782,0.0,0.0,0.0016246281046596624,8.775187736451502e-05,0.006245059547997061,0.00012816187212831,7.27081043931448,19.0258025498707,14.470411558302919,0.4183374501789461,0.0013797146045396586,0.03279755698458272,0.002357822655173797,1.0310645100089149,0.006158853195066125,0.05939560603193756,0.00014143987427174515,0.8249136538168369,0.0024210022258826245,0.10921873622698955,0.0031932219426848217,0.8324623226562764
traditional,0.25,0.9,liquidity,position_limit,0.2223770615018335,0.005821238030187935,10,0.49073039944024827,0.009560059515457877,10,0.2866231374057583,0.05800814542867672,10,1.0,0.0,10,1.0,0.0,10,0.3179842284316083,0.002311285554911018,10,0.005250011672482663,0.00016133247971157649,10,0.426422258384166,0.01936320781516418,10,0.9681972139206072,0.00024681033327062944,10,20.4,7.4565407529228995,10,132.1,52.114084255388946,10,55.6,17.702479424582812,10,26.3,0.6749485577105525,10,0.014459724307069191,0.002225663850659486,10,0.11952650545250895,0.05294288588855824,10,0.9416389819506449,0.0037922348812924316,10,99.5956434959554,1.6694017513639818,10,0.21875138514521172,0.005977820189566067,10,0.23556615098644204,0.07598912692266788,10,0.02996949239858441,0.00024589701670572515,10,75.94094036344221,1.7014178441746457,10,0.03510636948280724,0.0039292385462317714,10,-0.005191940831298925,0.12112524133566935,10,0.6059989644646322,0.0044477079485144835,10,69.84530225403867,4.520292710710956,10,0.0036080407115676337,0.0059253862765800665,0.035953821029792964,0.0,0.0,0.0014325496286067376,9.999490690449137e-05,0.012001440542605924,0.00015297462942728308,4.6216118400402255,32.300644066506024,10.972110421933928,0.41833745017894586,0.0013794807465010257,0.032814340640805365,0.002350451530855579,1.03470592538012,0.0037050913394257824,0.04709854882271742,0.00015240854995559081,1.054549705292084,0.0024353672821393574,0.07507420237262498,0.002756717946969974,2.801706448674632
traditional,0.25,0.9,volatility,all,0.033739642912017434,0.0019850952562548638,10,0.078134333508092,0.011197424197785757,10,0.14673025097764567,0.05124904410285141,10,0.5666828729684317,0.05075906525360411,10,1.0,0.0,10,0.9409676100597499,0.0027044486225473513,10,0.0010835334392601758,8.204519812880082e-06,10,0.08551310019933771,0.0033488630821162896,10,0.011127640336441268,0.004533502356690798,10,2.3,3.1287200080686173,10,0.0,0.0,10,6.5,3.1001792062897127,10,0.0,0.0,10,0.018418513485321062,0.002697667155744919,10,0.14272701892147405,0.07126287008755751,10,0.9519185794638826,0.003864762852657337,10,100.1251576480594,1.1294619410203688,10,0.029099029165435653,0.0019014131404977133,10,0.16006362230150686,0.05377801156135953,10,0.9411984764100605,0.004559774261743179,10,99.94774627666303,2.035242268538977,10,0.016907635253638982,0.001646378745569122,10,0.10507395219816762,0.12189631770655202,10,0.9407367437094392,0.0025660642953233034,10,100.62221962286088,2.399454179417147,10,0.0012303747869035519,0.006940235420849,0.03176448662520048,0.03146079458809025,0.0,0.0016762346225823084,5.085214064469189e-06,0.0020756468426616375,0.0028098938720772654,1.939200751741695,0.0,1.9215109795274252,0.0,0.0016720314259116974,0.04416918448716345,0.002395404833238155,0.700047763763429,0.0011785080742015177,0.03333195689547775,0.0028261773675309584,1.261456227130919,0.0010204361185486978,0.07555212045868247,0.001590463127948693,1.4871971082410245
traditional,0.25,0.9,volatility,circuit_breaker,0.033497653879765735,0.002616303241205815,10,0.07273470627976278,0.010934715520179187,10,0.09730137478404513,0.061474948579393895,10,0.45212333931465787,0.027439105893703977,10,1.0,0.0,10,0.9299713153686138,0.0037520852142558345,10,0.0011369304980004644,1.5916160629761487e-05,10,0.1499769234372178,0.0096698747749526,10,0.012220844238177963,0.004218817863525051,10,5.0,5.436502143433364,10,0.0,0.0,10,15.8,19.013445534965804,10,0.0,0.0,10,0.014459680477996183,0.002226041158848884,10,0.11949658214837497,0.05291580702063538,10,0.9416522270776204,0.0038041275046403014,10,99.51820623826487,1.6635266664253308,10,0.02867543242950037,0.001782900852235529,10,0.09230734542770873,0.07529099241306755,10,0.930852076848353,0.004822177400473844,10,99.9902696886778,1.5259447832892425,10,0.017004491237874526,0.003163178529857842,10,0.11577268195971487,0.06540200512596699,10,0.9290905538888744,0.00425093134623807,10,100.23815229786545,2.0161295496746328,10,0.0016216015492106892,0.006777406895512784,0.03810256788431296,0.017006934030200302,0.0,0.002325566509409505,9.864938562248661e-06,0.005993450479581834,0.002614850402500333,3.36957893841682,0.0,11.784655635377913,0.0,0.0013797146045396586,0.03279755698458272,0.002357822655173797,1.0310645100089149,0.0011050533969226373,0.04666584057067109,0.0029888165179099034,0.9457903753738258,0.001960558364818367,0.04053658274905239,0.0026347545452991557,1.2496100412485194
traditional,0.25,0.9,volatility,execution_delay,0.03374070057983245,0.0019845536260552485,10,0.07798421594754844,0.011178857654056155,10,0.1467315636257009,0.05124082985357729,10,0.5773923003209552,0.045709165913833165,10,1.0,0.0,10,0.9409691495688002,0.002701788486306016,10,0.0010835305437250642,8.194942508380764e-06,10,0.08550580784880915,0.003354040968866137,10,0.011125759278033765,0.004532857250725659,10,2.3,3.1287200080686173,10,0.0,0.0,10,6.5,3.1001792062897127,10,0.0,0.0,10,0.018418855472968006,0.0026972672393198505,10,0.14271768382325792,0.07125548388018733,10,0.9519196199723661,0.003862208498736487,10,100.07203840086628,1.1295895434519445,10,0.02910029187619643,0.0019005445121712567,10,0.16006614294872543,0.053765283125380814,10,0.9412010619742949,0.004558384616073926,10,99.90128569075713,2.0339816461496807,10,0.016907638576994587,0.0016461646144452858,10,0.1050718104389721,0.12189534849569482,10,0.9407372371633056,0.002564375834030399,10,100.58136616030868,2.3983832021937066,10,0.0012300390810278102,0.006928727757822319,0.03175939538075345,0.028330834549911938,0.0,0.0016745858530581483,5.079277989640875e-06,0.0020788561301184386,0.002809494031257594,1.939200751741695,0.0,1.9215109795274252,0.0,0.0016717835551434193,0.04416460646840568,0.002393821628275502,0.7001268525699049,0.0011779696927869759,0.03332406772912386,0.002825316056221695,1.2606748852790814,0.0010203033987031239,0.07555151973556949,0.001589416608797077,1.486533309680771
traditional,0.25,0.9,volatility,liquidity_buffer,0.033497653879765735,0.002616303241205815,10,0.07273470627976278,0.010934715520179187,10,0.09730137478404513,0.061474948579393895,10,0.45212333931465787,0.027439105893703977,10,1.0,0.0,10,0.9299713153686138,0.0037520852142558345,10,0.0011369304980004644,1.5916160629761487e-05,10,0.1499769234372178,0.0096698747749526,10,0.012220844238177963,0.004218817863525051,10,5.0,5.436502143433364,10,0.0,0.0,10,15.8,19.013445534965804,10,0.0,0.0,10,0.014459680477996183,0.002226041158848884,10,0.11949658214837497,0.05291580702063538,10,0.9416522270776204,0.0038041275046403014,10,99.51820623826487,1.6635266664253308,10,0.02867543242950037,0.001782900852235529,10,0.09230734542770873,0.07529099241306755,10,0.930852076848353,0.004822177400473844,10,99.9902696886778,1.5259447832892425,10,0.017004491237874526,0.003163178529857842,10,0.11577268195971487,0.06540200512596699,10,0.9290905538888744,0.00425093134623807,10,100.23815229786545,2.0161295496746328,10,0.0016216015492106892,0.006777406895512784,0.03810256788431296,0.017006934030200302,0.0,0.002325566509409505,9.864938562248661e-06,0.005993450479581834,0.002614850402500333,3.36957893841682,0.0,11.784655635377913,0.0,0.0013797146045396586,0.03279755698458272,0.002357822655173797,1.0310645100089149,0.0011050533969226373,0.04666584057067109,0.0029888165179099034,0.9457903753738258,0.001960558364818367,0.04053658274905239,0.0026347545452991557,1.2496100412485194
traditional,0.25,0.9,volatility,none,0.033497653879765735,0.002616303241205815,10,0.07273470627976278,0.010934715520179187,10,0.09730137478404513,0.061474948579393895,10,0.45212333931465787,0.027439105893703977,10,1.0,0.0,10,0.9299713153686138,0.0037520852142558345,10,0.0011369304980004644,1.5916160629761487e-05,10,0.1499769234372178,0.0096698747749526,10,0.012220844238177963,0.004218817863525051,10,5.0,5.436502143433364,10,0.0,0.0,10,15.8,19.013445534965804,10,0.0,0.0,10,0.014459680477996183,0.002226041158848884,10,0.11949658214837497,0.05291580702063538,10,0.9416522270776204,0.0038041275046403014,10,99.51820623826487,1.6635266664253308,10,0.02867543242950037,0.001782900852235529,10,0.09230734542770873,0.07529099241306755,10,0.930852076848353,0.004822177400473844,10,99.9902696886778,1.5259447832892425,10,0.017004491237874526,0.003163178529857842,10,0.11577268195971487,0.06540200512596699,10,0.9290905538888744,0.00425093134623807,10,100.23815229786545,2.0161295496746328,10,0.0016216015492106892,0.006777406895512784,0.03810256788431296,0.017006934030200302,0.0,0.002325566509409505,9.864938562248661e-06,0.005993450479581834,0.002614850402500333,3.36957893841682,0.0,11.784655635377913,0.0,0.0013797146045396586,0.03279755698458272,0.002357822655173797,1.0310645100089149,0.0011050533969226373,0.04666584057067109,0.0029888165179099034,0.9457903753738258,0.001960558364818367,0.04053658274905239,0.0026347545452991557,1.2496100412485194
traditional,0.25,0.9,volatility,position_limit,0.033495648675783106,0.0026168982936003427,10,0.0728919095223283,0.010914385818094768,10,0.09732101142746019,0.06149310386451349,10,0.4915506909572123,0.08316170397933456,10,1.0,0.0,10,0.9299599474129161,0.00375338434056696,10,0.0011369605950497974,1.5913572927509144e-05,10,0.15002037026785822,0.009659349850527571,10,0.012218552898608948,0.004226088632124618,10,5.0,5.436502143433364,10,0.0,0.0,10,15.8,19.013445534965804,10,0.0,0.0,10,0.014459724307069191,0.002225663850659486,10,0.11952650545250895,0.05294288588855824,10,0.9416389819506449,0.0037922348812924316,10,99.5956434959554,1.6694017513639818,10,0.028673207547884494,0.0017847070368719096,10,0.09234239020431394,0.07533739483252508,10,0.9308407593977404,0.00482660851519022,10,100.05812425765691,1.5329512781087495,10,0.017004535107578576,0.0031622655167438205,10,0.11576970907738933,0.06538881386018817,10,0.9290791354280922,0.004246557952092044,10,100.29746538549567,2.022399422803039,10,0.0016219703665058826,0.006764806415615853,0.038113820646612305,0.05154415814037555,0.0,0.002326371716239341,9.863334687776005e-06,0.005986927063838525,0.0026193568715668076,3.36957893841682,0.0,11.784655635377913,0.0,0.0013794807465010257,0.032814340640805365,0.002350451530855579,1.03470592538012,0.0011061728817584873,0.04669460108821903,0.0029915629512650426,0.950133045854413,0.0019599924734274806,0.04052840671781638,0.002632043887524166,1.2534961488748249
traditional,0.5,0.0,fundamental,all,0.029731459923166465,0.003810063783250526,10,0.10737105687873591,0.014953646001582383,10,0.07434550721237201,0.0605493624268864,10,0.4442510545966341,0.03433437879471369,10,0.8636113724731972,0.052530900540427784,10,0.954054995801717,0.005296685737764932,10,0.0010369799082041542,2.0996129474380724e-05,10,0.06835885272367985,0.009240821544309526,10,0.004749096496362792,0.003194316228732723,10,1.9,1.9692073983655907,10,0.0,0.0,10,9.7,5.657836257007719,10,0.0,0.0,10,0.015118231941511087,0.0019761845439731384,10,0.14343705594106887,0.08028090226706655,10,0.9596456825072052,0.005663490275111307,10,99.7834554764818,2.1284555406259664,10,0.0228307772643992,0.002781514777976725,10,0.16870867270161483,0.07976416980008885,10,0.9558714887474338,0.004066551901403954,10,97.91428801104568,2.189357203807044,10,0.017838420330007272,0.003241696207637734,10,0.08909702918618782,0.09600536624701712,10,0.9522385028560004,0.007047793421622168,10,96.06601760855838,2.245534371593454,10,0.002361501998775592,0.009268365815018555,0.03752888364343637,0.021280668451503275,0.032558989476514276,0.0032829198323674367,1.3013535872620055e-05,0.005727520532109845,0.00197985771052842,1.220527390561601,0.0,3.506763243283533,0.0,0.001224851870212153,0.04975861874035189,0.003510267640010809,1.3192304117294882,0.0017240007205895052,0.04943834463917686,0.0025204749814180935,1.356977653642634,0.002009224125699211,0.059504742488088215,0.004368267619372778,1.391796622972323
traditional,0.5,0.0,fundamental,circuit_breaker,0.02864212345545824,0.0030101428954481097,10,0.11902536905725987,0.007504210382194052,10,0.06279051968424809,0.06371546605888861,10,0.3772990305997594,0.022240180165725987,10,0.7866666666666666,0.04949123878071129,10,0.9483228392589492,0.00627671071294878,10,0.0010588186806608727,2.4870308656206568e-05,10,0.09703677208713357,0.013486490312093535,10,0.006261616669063353,0.004385165835909448,10,1.4,1.776388345929897,10,0.0,0.0,10,6.2,5.593647190240809,10,0.0,0.0,10,0.01586414301140352,0.002515910960468464,10,0.1451942257787099,0.09503887058991592,10,0.954208467353215,0.0049105591584615,10,99.45794079578019,2.112007667884743,10,0.022444017937121905,0.0025631458722719996,10,0.11136722610200567,0.10200876692209321,10,0.9486037515840005,0.006539248477552548,10,97.23108565342288,2.3460214234240193,10,0.01654883450456731,0.002625795483911328,10,0.1114671495309141,0.07531018789734996,10,0.9480419269338979,0.006683313573530522,10,95.27252280373037,2.397318485431763,10,0.001865705895909263,0.0046511577823679096,0.03949125500534705,0.013784606479654252,0.03067498759897924,0.003890345605111903,1.5414777007142802e-05,0.008359013297490088,0.0027179539439698887,1.1010169036950441,0.0,3.4669784475181777,0.0,0.00155937776895139,0.058905702273568436,0.0030435960990446557,1.309035914586223,0.0015886542706011534,0.06322568877669546,0.0040530681974714836,1.454079142963759,0.0016274849021929868,0.046677738055091074,0.004142360669057231,1.4858733913947535
traditional,0.5,0.0,fundamental,execution_delay,0.02972917771931477,0.003809380764877723,10,0.10755871832328494,0.014818406669321424,10,0.07433727991817866,0.06054936093493537,10,0.4687841442498194,0.04832814403119649,10,0.8659923248541496,0.051536235686181646,10,0.9540582942218278,0.005292122529729766,10,0.0010369591736862178,2.0971346540348483e-05,10,0.06833747821062089,0.00921444220826409,10,0.0047313146083974855,0.003207859960487216,10,1.9,1.9692073983655907,10,0.0,0.0,10,9.7,5.657836257007719,10,0.0,0.0,10,0.015119444829266198,0.001976513727461952,10,0.14346597411226902,0.080260651727257,10,0.95963368930169,0.0056707888517494,10,99.6438381791509,2.129435814957645,10,0.022828477872814824,0.002781114036705182,10,0.16873823031779858,0.0797556935320585,10,0.9558748194986075,0.004065002167654308,10,97.7892813656882,2.188838298797999,10,0.017838663514413544,0.003241508679749276,10,0.08909357758050226,0.09600528256239546,10,0.952241768945048,0.007038718216557729,10,95.95397475889891,2.24462877773555,10,0.0023610786596021996,0.00918454360845831,0.037528882718715545,0.029954094004541482,0.031942489812718584,0.0032800915267250886,1.2998175250965912e-05,0.005711170450236799,0.0019882522024394795,1.220527390561601,0.0,3.506763243283533,0.0,0.0012250559002523363,0.04974606732574126,0.0035147913446781282,1.3198379920549894,0.0017237523385760856,0.0494330909938222,0.002519514446488614,1.356656032985935,0.002009107894709754,0.05950469061982234,0.0043626427489983815,1.39123533008402
traditional,0.5,0.0,fundamental,liquidity_buffer,0.02864212345545824,0.0030101428954481097,10,0.11902536905725987,0.007504210382194052,10,0.06279051968424809,0.06371546605888861,10,0.3772990305997594,0.022240180165725987,10,0.7866666666666666,0.04949123878071129,10,0.9483228392589492,0.00627671071294878,10,0.0010588186806608727,2.4870308656206568e-05,10,0.09703677208713357,0.013486490312093535,10,0.006261616669063353,0.004385165835909448,10,1.4,1.776388345929897,10,0.0,0.0,10,6.2,5.593647190240809,10,0.0,0.0,10,0.01586414301140352,0.002515910960468464,10,0.1451942257787099,0.09503887058991592,10,0.954208467353215,0.0049105591584615,10,99.45794079578019,2.112007667884743,10,0.022444017937121905,0.0025631458722719996,10,0.11136722610200567,0.10200876692209321,10,0.9486037515840005,0.006539248477552548,10,97.23108565342288,2.3460214234240193,10,0.01654883450456731,0.002625795483911328,10,0.1114671495309141,0.07531018789734996,10,0.9480419269338979,0.006683313573530522,10,95.27252280373037,2.397318485431763,10,0.001865705895909263,0.0046511577823679096,0.03949125500534705,0.013784606479654252,0.03067498759897924,0.003890345605111903,1.5414777007142802e-05,0.008359013297490088,0.0027179539439698887,1.1010169036950441,0.0,3.4669784475181777,0.0,0.00155937776895139,0.058905702273568436,0.0030435960990446557,1.309035914586223,0.0015886542706011534,0.06322568877669546,0.0040530681974714836,1.454079142963759,0.0016274849021929868,0.046677738055091074,0.004142360669057231,1.4858733913947535
traditional,0.5,0.0,fundamental,none,0.02864212345545824,0.0030101428954481097,10,0.11902536905725987,0.007504210382194052,10,0.06279051968424809,0.06371546605888861,10,0.3772990305997594,0.022240180165725987,10,0.7866666666666666,0.04949123878071129,10,0.9483228392589492,0.00627671071294878,10,0.0010588186806608727,2.4870308656206568e-05,10,0.09703677208713357,0.013486490312093535,10,0.006261616669063353,0.004385165835909448,10,1.4,1.776388345929897,10,0.0,0.0,10,6.2,5.593647190240809,10,0.0,0.0,10,0.01586414301140352,0.002515910960468464,10,0.1451942257787099,0.09503887058991592,10,0.954208467353215,0.0049105591584615,10,99.45794079578019,2.112007667884743,10,0.022444017937121905,0.0025631458722719996,10,0.11136722610200567,0.10200876692209321,10,0.9486037515840005,0.006539248477552548,10,97.23108565342288,2.3460214234240193,10,0.01654883450456731,0.002625795483911328,10,0.1114671495309141,0.07531018789734996,10,0.9480419269338979,0.006683313573530522,10,95.27252280373037,2.397318485431763,10,0.001865705895909263,0.0046511577823679096,0.03949125500534705,0.013784606479654252,0.03067498759897924,0.003890345605111903,1.5414777007142802e-05,0.008359013297490088,0.0027179539439698887,1.1010169036950441,0.0,3.4669784475181777,0.0,0.00155937776895139,0.058905702273568436,0.0030435960990446557,1.309035914586223,0.0015886542706011534,0.06322568877669546,0.0040530681974714836,1.454079142963759,0.0016274849021929868,0.046677738055091074,0.004142360669057231,1.4858733913947535
traditional,0.5,0.0,fundamental,position_limit,0.028646860480571867,0.0030112475426120706,10,0.11905090255852302,0.007448595398507323,10,0.0628283496664357,0.06372113323000099,10,0.38308559117260643,0.04071853776851766,10,0.7866666666666666,0.04949123878071129,10,0.9483168387971717,0.006284798497283935,10,0.0010588295213842017,2.4879317636821932e-05,10,0.09705303837826443,0.013491201072509718,10,0.006268058452374781,0.004374022920869157,10,1.4,1.776388345929897,10,0.0,0.0,10,6.2,5.593647190240809,10,0.0,0.0,10,0.015863823913759012,0.002516449165825095,10,0.14518029729619433,0.09501614930090367,10,0.9542075654481892,0.004911974379370543,10,99.66939374715504,2.111021204776748,10,0.022448220104384072,0.0025640234979186797,10,0.1113658892970107,0.10201201830587718,10,0.948599130859149,0.0065497644566755355,10,97.41963404266241,2.345182981135831,10,0.01654940595152662,0.0026266096935474424,10,0.11148413969652682,0.07531600064993459,10,0.9480345467351942,0.006689134837089584,10,95.44058935708043,2.3964133753165986,10,0.0018663905633148597,0.004616687258353208,0.039494767554393635,0.025237611178660736,0.03067498759897924,0.003895358465777674,1.5420360831178408e-05,0.008361933057045683,0.0027110474936748795,1.1010169036950441,0.0,3.4669784475181777,0.0,0.0015597113520874578,0.05889161947273633,0.0030444732620517694,1.3084244984174205,0.001589198228612545,0.06322770400524318,0.004059586068859146,1.4535594710495723,0.0016279895545538107,0.04668134083646899,0.004145968725591758,1.4853123983333067
traditional,0.5,0.0,liquidity,all,0.025025901706002468,0.0041586883132395825,10,0.07001463262464855,0.014450741564626286,10,0.1260295683084664,0.07067067335107727,10,0.4753345244755023,0.03976461647652866,10,0.7041699912152212,0.09167468190115752,10,0.6968000999604497,0.002999021053850342,10,0.0010479874016490756,2.4014855190966884e-05,10,0.05891598746677109,0.010086921009241273,10,0.4273312857592737,0.0032194622028194554,10,1.7,1.9465068427541912,10,0.0,0.0,10,3.0,3.5276684147527875,10,8.8,0.42163702135578396,10,0.015118231941511087,0.0019761845439731384,10,0.14343705594106887,0.08028090226706655,10,0.9596456825072052,0.005663490275111307,10,99.7834554764818,2.1284555406259664,10,0.017398006138920487,0.003230006593553626,10,0.1643165857594016,0.08285191352204603,10,0.55,0.0,10,100.07737496214422,2.207699328864579,10,0.017812327255669898,0.0032456895056389517,10,0.08954469646018502,0.09608082746567544,10,0.8436001999208994,0.0059980421077007,10,100.16695329240454,2.31763890389602,10,0.0025775817211179265,0.008956662415646133,0.043802137147165014,0.024646364636382447,0.056820556521498276,0.0018588125070692508,1.4884561456184349e-05,0.006251938413611724,0.001995443346739559,1.2064574404244668,0.0,2.1864715360090505,0.26133333333333336,0.001224851870212153,0.04975861874035189,0.003510267640010809,1.3192304117294882,0.0020019788278262747,0.05135214802566185,0.0,1.3683462205352876,0.0020116991974429015,0.05955151383597878,0.003717625014138512,1.4364874751049925
traditional,0.5,0.0,liquidity,circuit_breaker,0.17026663159417058,0.0021924026810538066,10,0.48272102963596747,0.009704800239539155,10,0.7563896184953477,0.014634914365721154,10,1.0,0.0,10,1.0,0.0,10,0.2946954878719878,0.002988927555115662,10,0.01209550714032915,0.0007528210771470198,10,0.9225759551641055,0.053864992200640546,10,0.9682828610584167,0.00036360918317901594,10,3.7,4.877385456255112,10,260.0,0.0,10,46.0,39.732438468670246,10,32.8,0.7888106377466149,10,0.01586414301140352,0.002515910960468464,10,0.1451942257787099,0.09503887058991592,10,0.954208467353215,0.0049105591584615,10,99.45794079578019,2.112007667884743,10,0.15445846273514094,0.004224177134340041,10,0.7217901982891728,0.017300422568295462,10,0.030276383685424506,0.00036515637742399814,10,86.64603245666673,2.7383478264350214,10,0.0708066087332085,0.0068277480678564035,10,0.9268248761904333,0.026757982962427464,10,0.5591145920585511,0.006079375802272568,10,58.24668246525836,1.8503810273536543,10,0.0013588652599963837,0.006015097506802715,0.009070813900410668,0.0,0.0,0.001852556491739174,0.00046660333777571967,0.03338586805424099,0.0002253673066118185,3.023034825395757,0.0,24.626420500484166,0.48890989853846123,0.00155937776895139,0.058905702273568436,0.0030435960990446557,1.309035914586223,0.0026181721129654484,0.010722913000641945,0.0002263262675400008,1.6972455668319968,0.004231882096111064,0.016584769663637092,0.003768036160309773,1.1468780427775755
traditional,0.5,0.0,liquidity,execution_delay,0.2835084659617243,0.01090894658136941,10,0.6003907225607706,0.003760264223589603,10,0.4961900316069401,0.054664599155033695,10,1.0,0.0,10,1.0,0.0,10,0.3175831888747352,0.0031311906151543925,10,0.00572617116604957,0.00010805474050510998,10,0.482989857903669,0.013826049934708061,10,0.9693305053107947,0.00015983361824613968,10,17.1,3.9285281382896233,10,260.0,0.0,10,56.8,26.628305741572568,10,28.4,0.8432740427115677,10,0.015119444829266198,0.001976513727461952,10,0.14346597411226902,0.080260651727257,10,0.95963368930169,0.0056707888517494,10,99.6438381791509,2.129435814957645,10,0.2814468544824672,0.010691157836446719,10,0.43438579260748417,0.06992418680508629,10,0.029455708487418835,0.00020026773834280162,10,67.02468697503319,1.5287925549515664,10,0.03315758207254303,0.0028547248506363048,10,0.08754964370730009,0.08088938324796854,10,0.6057106692620515,0.0063038969766596445,10,53.99819736841969,1.5548300363712988,10,0.006761435141766,0.002330635911915208,0.033881469579164374,0.0,0.0,0.0019407320498781974,6.697302202702171e-05,0.008569474532032356,9.906590294343512e-05,2.434926966735005,0.0,16.504394889442832,0.5226666666666666,0.0012250559002523363,0.04974606732574126,0.0035147913446781282,1.3198379920549894,0.006626448279155794,0.04333945999247632,0.00012412723022272202,0.9475554425367952,0.001769376793734561,0.05013575915961045,0.003907195825933581,0.9636936407176463
traditional,0.5,0.0,liquidity,liquidity_buffer,0.024303209696597796,0.0033336345025545833,10,0.08125888704451803,0.006722301950127675,10,0.10808767862718145,0.07634573345941176,10,0.3731657603507693,0.03473655028582414,10,0.6653333333333333,0.08898883270208129,10,0.694930902030476,0.002457063435922948,10,0.0010916665474554308,3.415627095155593e-05,10,0.09369326399762615,0.01619172461579943,10,0.4238170839702565,0.0029122577639583125,10,4.7,5.186520991955976,10,0.0,0.0,10,4.3,5.735852159879995,10,8.8,0.42163702135578407,10,0.01586414301140352,0.002515910960468464,10,0.1451942257787099,0.09503887058991592,10,0.954208467353215,0.0049105591584615,10,99.45794079578019,2.112007667884743,10,0.017528132401649164,0.0028148977788647247,10,0.1001365576639662,0.09991428079967024,10,0.55,0.0,10,99.39595742953304,2.342025653002907,10,0.016619188240227574,0.002707101711606034,10,0.10929577292387213,0.06985538652857762,10,0.839861804060952,0.0049141268718458355,10,99.38931394166286,2.3952551325511617,10,0.0020662080712605976,0.004166525915231835,0.047319575844102,0.02152993692419473,0.055155849941017576,0.001522903695354997,2.1170276066613636e-05,0.01003573489029963,0.0018050360628529883,3.2146390155039177,0.0,3.5551180008545424,0.2613333333333334,0.00155937776895139,0.058905702273568436,0.0030435960990446557,1.309035914586223,0.0017446917189052557,0.06192751282849917,0.0,1.4516025387983411,0.0016778790242174073,0.04329681713930263,0.003045807390709956,1.484594512029757
traditional,0.5,0.0,liquidity,none,0.42632465419217674,0.018673017479075717,10,0.7026836239740033,0.004581380742640898,10,0.7144708827064107,0.02080153072317815,10,1.0,0.0,10,1.0,0.0,10,0.30775359437391814,0.0029973720534179084,10,0.0074430175959452755,0.00010722243527509376,10,0.5975987743551581,0.024144941387989387,10,0.9717730541868634,0.00011390295887506426,10,15.8,11.033282980751165,10,260.0,0.0,10,72.2,59.52366476172873,10,32.3,1.8885620632287063,10,0.01586414301140352,0.002515910960468464,10,0.1451942257787099,0.09503887058991592,10,0.954208467353215,0.0049105591584615,10,99.45794079578019,2.112007667884743,10,0.423943350804113,0.01873729559256022,10,0.6958108934025441,0.0248090165097194,10,0.026944778516687983,0.00015647452878776396,10,50.264436889277604,1.1150295698536774,10,0.0408720027375798,0.005865339434342685,10,0.5044766463933104,0.17468202191941296,10,0.5885624102311483,0.006083448201695853,10,47.00202664419239,1.2393803808247315,10,0.0115736561403149,0.00283956920313507,0.01289292231702964,0.0,0.0,0.0018577904460123486,6.645715390089868e-05,0.014965189716433493,7.05977853264279e-05,6.838499640515697,0.0,36.89314964416384,1.1705428939883695,0.00155937776895139,0.058905702273568436,0.0030435960990446557,1.309035914586223,0.011613496127807625,0.015376787741169093,9.69839177271003e-05,0.6911024874383865,0.003635375045055196,0.10826903888756532,0.0037705602596228016,0.7681759185836732
traditional,0.5,0.0,liquidity,position_limit,0.33334169799745367,0.0031732587351807257,10,0.6748003408350507,0.006766832397375231,10,0.6920374900130061,0.034613301321424754,10,1.0,0.0,10,1.0,0.0,10,0.3078919232826565,0.002419272207538599,10,0.0066736723312985965,8.99983096044275e-05,10,0.5850465702769698,0.023947452585762006,10,0.9704223123150637,0.0001568381642066665,10,25.0,15.663120165960974,10,260.0,0.0,10,80.8,46.36042373500148,10,31.3,1.337493509849259,10,0.015863823913759012,0.002516449165825095,10,0.14518029729619433,0.09501614930090367,10,0.9542075654481892,0.004911974379370543,10,99.66939374715504,2.111021204776748,10,0.3298683773493859,0.003583624090196168,10,0.6484630121271756,0.04188080790635721,10,0.02823391727480129,0.00013463124681879077,10,54.37592279220674,1.57854119166945,10,0.044829489745847745,0.004321773523424453,10,0.4819123543074486,0.1690680244718405,10,0.5875499292905116,0.004880111825288692,10,48.74563383356358,1.7012701727698898,10,0.0019668061408064505,0.004194126172383373,0.021453546424629953,0.0,0.0,0.0014994804493300479,5.578153020733968e-05,0.01484278488865975,9.720930129478202e-05,9.70810245791284,0.0,28.734488329454475,0.8289870659760356,0.0015597113520874578,0.05889161947273633,0.0030444732620517694,1.3084244984174205,0.0022211532229622403,0.025957993673487022,8.344531129843274e-05,0.9783899670300872,0.002678662981624737,0.10478944721987599,0.0030247246464298566,1.0544581776071602
traditional,0.5,0.0,volatility,all,0.03479800287948158,0.002463556945790844,10,0.08612485995080757,0.018820615126664716,10,0.12664382952115422,0.03930853325126094,10,0.4584459873949111,0.05032402138420682,10,0.8528221192321392,0.07271491912938839,10,0.9444048923187692,0.003181515571449904,10,0.001075296504426113,1.3591311709341968e-05,10,0.07540393908414303,0.007740340421599516,10,0.015380341692876142,0.005860606508532868,10,1.8,1.5491933384829668,10,0.0,0.0,10,15.4,15.629032812898778,10,0.0,0.0,10,0.015118231941511087,0.0019761845439731384,10,0.14343705594106887,0.08028090226706655,10,0.9596456825072052,0.005663490275111307,10,99.7834554764818,2.1284555406259664,10,0.029498679983984782,0.0018951354420310023,10,0.13794856754992665,0.036150910692287534,10,0.9456455521120116,0.0025269880486363193,10,99.86586495098342,2.852804774750236,10,0.01822469160851367,0.0027601816441430835,10,0.1046674966083229,0.08891511115389657,10,0.943164232525527,0.004994569879893525,10,99.4842132041447,3.5575229121107017,10,0.0015269284144684976,0.011665138110073065,0.024363681324671885,0.031191151604250154,0.045069173807467784,0.0019719237809464776,8.423982272604054e-06,0.004797512697075199,0.0036324415472462944,0.9601999791710057,0.0,9.686974897596599,0.0,0.001224851870212153,0.04975861874035189,0.003510267640010809,1.3192304117294882,0.001174617116380281,0.02240656658628476,0.0015662434193281633,1.7681867183708138,0.001710778307250978,0.05511015685205766,0.003095666483654083,2.204975545178946
traditional,0.5,0.0,volatility,circuit_breaker,0.03384815847817996,0.0023296516385761376,10,0.0838148160458235,0.01668637866530463,10,0.09166243478461042,0.04147934702719363,10,0.38958565367859205,0.033347543724560884,10,0.836,0.07673587858184978,10,0.9363463371904303,0.004142226310394894,10,0.001109122552970054,1.8915949760431896e-05,10,0.1166427070538378,0.013655114653788273,10,0.02014908912293404,0.006934021220720119,10,1.9,1.728840330651992,10,0.0,0.0,10,7.5,4.403281604540969,10,0.0,0.0,10,0.01586414301140352,0.002515910960468464,10,0.1451942257787099,0.09503887058991592,10,0.954208467353215,0.0049105591584615,10,99.45794079578019,2.112007667884743,10,0.029329428016268467,0.002299543088332462,10,0.07829303256216198,0.039982721483215404,10,0.9353291329841118,0.005560160452490426,10,99.23497787746203,2.2132046461044115,10,0.016595003083643017,0.001888355436610284,10,0.1354219509102348,0.0936814553814467,10,0.9373635413967485,0.004432670538144695,10,99.73731551217729,2.4047915365346797,10,0.0014439330451982198,0.010342324646551004,0.02570916564264335,0.020669021738166756,0.04756139029626425,0.002567378466045799,1.1724227128263113e-05,0.008463527747275655,0.004297750878677674,1.071546338501306,0.0,2.7291822136961756,0.0,0.00155937776895139,0.058905702273568436,0.0030435960990446557,1.309035914586223,0.0014252715724183556,0.024781547520064853,0.0034462231524289874,1.3717584515123413,0.0011704148254834405,0.0580643676108627,0.002747397663461657,1.4905052364557392
traditional,0.5,0.0,volatility,execution_delay,0.034798585954841955,0.0024637437960547386,10,0.08640595353768107,0.018678172281149836,10,0.12663879088063998,0.03931343417918998,10,0.4549766713914069,0.03774216877791345,10,0.8551477006274881,0.06826368679481595,10,0.9443951913933256,0.003179704844533233,10,0.001075348176101341,1.3612955775723351e-05,10,0.07544928039103312,0.007746601868818446,10,0.015373982250491547,0.005854123685879101,10,1.8,1.5491933384829668,10,0.0,0.0,10,15.4,15.629032812898778,10,0.0,0.0,10,0.015119444829266198,0.001976513727461952,10,0.14346597411226902,0.080260651727257,10,0.95963368930169,0.0056707888517494,10,99.6438381791509,2.129435814957645,10,0.029499361605433188,0.001894176316706572,10,0.1379496436996561,0.036161444164962454,10,0.9456381153500528,0.002518511002008799,10,99.73850094523321,2.850786625020048,10,0.018224661770009722,0.0027609943322617694,10,0.10465625454290077,0.0889109956074317,10,0.9431522674365984,0.005000467678891262,10,99.36878515482961,3.55565113899587,10,0.0015270442254618983,0.01157685111974145,0.024366718951273084,0.023392838565849238,0.04231027142338763,0.001970801480776136,8.437397403932291e-06,0.004801393582268705,0.003628423452136738,0.9601999791710057,0.0,9.686974897596599,0.0,0.0012250559002523363,0.04974606732574126,0.0035147913446781282,1.3198379920549894,0.0011740226443452786,0.02241309530028824,0.0015609892913939784,1.7669358562087107,0.0017112820165655293,0.05510760600993119,0.0030993219773449657,2.2038154081829826
traditional,0.5,0.0,volatility,liquidity_buffer,0.03384815847817996,0.0023296516385761376,10,0.0838148160458235,0.01668637866530463,10,0.09166243478461042,0.04147934702719363,10,0.38958565367859205,0.033347543724560884,10,0.836,0.07673587858184978,10,0.9363463371904303,0.004142226310394894,10,0.001109122552970054,1.8915949760431896e-05,10,0.1166427070538378,0.013655114653788273,10,0.02014908912293404,0.006934021220720119,10,1.9,1.728840330651992,10,0.0,0.0,10,7.5,4.403281604540969,10,0.0,0.0,10,0.01586414301140352,0.002515910960468464,10,0.1451942257787099,0.09503887058991592,10,0.954208467353215,0.0049105591584615,10,99.45794079578019,2.112007667884743,10,0.029329428016268467,0.002299543088332462,10,0.07829303256216198,0.039982721483215404,10,0.9353291329841118,0.005560160452490426,10,99.23497787746203,2.2132046461044115,10,0.016595003083643017,0.001888355436610284,10,0.1354219509102348,0.0936814553814467,10,0.9373635413967485,0.004432670538144695,10,99.73731551217729,2.4047915365346797,10,0.0014439330451982198,0.010342324646551004,0.02570916564264335,0.020669021738166756,0.04756139029626425,0.002567378466045799,1.1724227128263113e-05,0.008463527747275655,0.004297750878677674,1.071546338501306,0.0,2.7291822136961756,0.0,0.00155937776895139,0.058905702273568436,0.0030435960990446557,1.309035914586223,0.0014252715724183556,0.024781547520064853,0.0034462231524289874,1.3717584515123413,0.0011704148254834405,0.0580643676108627,0.002747397663461657,1.4905052364557392
traditional,0.5,0.0,volatility,none,0.03384815847817996,0.0023296516385761376,10,0.0838148160458235,0.01668637866530463,10,0.09166243478461042,0.04147934702719363,10,0.38958565367859205,0.033347543724560884,10,0.836,0.07673587858184978,10,0.9363463371904303,0.004142226310394894,10,0.001109122552970054,1.8915949760431896e-05,10,0.1166427070538378,0.013655114653788273,10,0.02014908912293404,0.006934021220720119,10,1.9,1.728840330651992,10,0.0,0.0,10,7.5,4.403281604540969,10,0.0,0.0,10,0.01586414301140352,0.002515910960468464,10,0.1451942257787099,0.09503887058991592,10,0.954208467353215,0.0049105591584615,10,99.45794079578019,2.112007667884743,10,0.029329428016268467,0.002299543088332462,10,0.07829303256216198,0.039982721483215404,10,0.9353291329841118,0.005560160452490426,10,99.23497787746203,2.2132046461044115,10,0.016595003083643017,0.001888355436610284,10,0.1354219509102348,0.0936814553814467,10,0.9373635413967485,0.004432670538144695,10,99.73731551217729,2.4047915365346797,10,0.0014439330451982198,0.010342324646551004,0.02570916564264335,0.020669021738166756,0.04756139029626425,0.002567378466045799,1.1724227128263113e-05,0.008463527747275655,0.004297750878677674,1.071546338501306,0.0,2.7291822136961756,0.0,0.00155937776895139,0.058905702273568436,0.0030435960990446557,1.309035914586223,0.0014252715724183556,0.024781547520064853,0.0034462231524289874,1.3717584515123413,0.0011704148254834405,0.0580643676108627,0.002747397663461657,1.4905052364557392
traditional,0.5,0.0,volatility,position_limit,0.03384702741427141,0.0023309968913714607,10,0.08366692206417264,0.016801004832071243,10,0.0916495989773964,0.04149526989106353,10,0.4135538139984938,0.025664077165961235,10,0.836,0.07673587858184978,10,0.9363483931636388,0.00414794248134067,10,0.00110908248915835,1.8922128784361877e-05,10,0.1166156962424542,0.013657325836187442,10,0.0201547380521541,0.006926381616511881,10,1.9,1.728840330651992,10,0.0,0.0,10,7.5,4.403281604540969,10,0.0,0.0,10,0.015863823913759012,0.002516449165825095,10,0.14518029729619433,0.09501614930090367,10,0.9542075654481892,0.004911974379370543,10,99.66939374715504,2.111021204776748,10,0.02932800769892351,0.002302281100691777,10,0.07827292780138004,0.03996615111713425,10,0.9353251793115154,0.005558407741180861,10,99.42689139491469,2.2118988574208593,10,0.016595150955074644,0.0018877365075705426,10,0.13542402842356818,0.09368234790171909,10,0.9373716070157624,0.0044397381776780775,10,99.91227935063584,2.4028383720889517,10,0.0014447668415191578,0.010413370680772615,0.02571903473591688,0.015906759826588297,0.04756139029626425,0.002570921385503771,1.1728056926972856e-05,0.00846489825232553,0.004293015802932508,1.071546338501306,0.0,2.7291822136961756,0.0,0.0015597113520874578,0.05889161947273633,0.0030444732620517694,1.3084244984174205,0.0014269686100605128,0.02477127710076292,0.0034451368107044707,1.3709491153012936,0.001170031209290222,0.05806492080065875,0.002751778231828539,1.4892946525902406
traditional,0.5,0.5,fundamental,all,0.02993401573735858,0.003775995740760755,10,0.10750088161943065,0.014811316804484788,10,0.07084594513161607,0.06098897967643551,10,0.4418007463579343,0.023629078131019228,10,1.0,0.0,10,0.947348190828059,0.004771985305795452,10,0.0010642422005871471,1.9541186385548676e-05,10,0.09827789063793724,0.008430339365776236,10,0.003857157373491349,0.003373861913469892,10,2.3,1.766981104093143,10,0.0,0.0,10,9.5,5.70087712549569,10,0.0,0.0,10,0.015275506429437712,0.001964158351598306,10,0.13520903977705231,0.07533771417338206,10,0.9517897868328917,0.004754044832432409,10,99.79870216177149,2.1343723139763453,10,0.023010979701672478,0.002771053109153151,10,0.1620419794368299,0.07798176515552067,10,0.9488744269936321,0.0037977573777321716,10,97.92359868653863,2.1935385718465508,10,0.017926034604284574,0.0032421475087664603,10,0.0877456603086467,0.09527106743802727,10,0.9458219546624861,0.0065470395445152854,10,96.07327738260166,2.2425453993703766,10,0.0023403864072761424,0.009180149264705754,0.03780136123766204,0.01464545435720268,0.0,0.002957707135325071,1.2111752803400581e-05,0.0052251784734303214,0.002091141278861921,1.095186234797027,0.0,3.533440249954709,0.0,0.0012173979589533246,0.0466947990177328,0.0029465875147318267,1.3228976658459801,0.001717516511074167,0.04833359879495279,0.0023538744096110497,1.359569292403728,0.0020095038450367773,0.059049619371055066,0.004057897150804491,1.389944038795094
traditional,0.5,0.5,fundamental,circuit_breaker,0.029416642953488798,0.002973159596473275,10,0.11972522818472937,0.007355371853480364,10,0.04498317965979605,0.06116405203442424,10,0.38669402157579297,0.031329949664112205,10,1.0,0.0,10,0.9321228517514022,0.005400552770274508,10,0.0011275645058177928,2.2580137110878275e-05,10,0.16924403800248747,0.01053520509475046,10,0.0044342106200858655,0.0035123482163078317,10,2.0,1.8856180831641267,10,0.0,0.0,10,5.7,4.9452558635075246,10,0.0,0.0,10,0.01636041252177588,0.0024444828123412954,10,0.12760242945780054,0.09759398928739779,10,0.9355111250070467,0.004643502853724728,10,99.46610455591477,2.1205203679978055,10,0.02307994964168794,0.0025476352360082302,10,0.09042607851773536,0.09580019184770323,10,0.9318764285890708,0.005617142526391857,10,97.2339472222931,2.3542580725998357,10,0.017034744722696237,0.002502298297499748,10,0.09211509037575705,0.07487518072880896,10,0.9323692749137337,0.005592480433008173,10,95.271382423528,2.3990182042487325,10,0.0018427834097203633,0.004558906706520479,0.037909872209351866,0.01941850398373628,0.0,0.0033472972860879077,1.3995313977256789e-05,0.006529787768418609,0.002176975978635852,1.16871819623989,0.0,3.0651013396333604,0.0,0.0015151061440739602,0.06048938124968903,0.0028780728864953174,1.314312140779692,0.0015790406786449782,0.05937757407788802,0.003481541007737385,1.459184271013691,0.001550940553031121,0.04640811781867737,0.0034662552838931834,1.4869268880320736
traditional,0.5,0.5,fundamental,execution_delay,0.02993094369697643,0.0037759548975332046,10,0.10765137606278799,0.01469943080633721,10,0.0708473583423036,0.060989298720646616,10,0.4716747294237987,0.023585449493611958,10,1.0,0.0,10,0.9473703133257034,0.004770778193992703,10,0.0010641396401241288,1.953866778958259e-05,10,0.09816890090298303,0.008428199059960577,10,0.003849916682774168,0.0033744990773707704,10,2.3,1.766981104093143,10,0.0,0.0,10,9.5,5.70087712549569,10,0.0,0.0,10,0.015276070162861793,0.001964224007104636,10,0.13523486141670632,0.07534539702489403,10,0.9518116694042306,0.004752774228158594,10,99.6487864638018,2.13863338559349,10,0.02300792072079322,0.0027708866989575934,10,0.16206143419169894,0.07797801089099314,10,0.9489015002148042,0.0037980864892308737,10,97.78853866758325,2.1941764646416475,10,0.01792602043691862,0.003242285350487547,10,0.08775800026226552,0.09527400712786947,10,0.9458391264366025,0.006544769912586487,10,95.95188579891922,2.244369184421435,10,0.0023403610923814363,0.009110801604589921,0.03780155898331279,0.014618413047581024,0.0,0.0029569589596783875,1.2110191761447908e-05,0.005223851898142031,0.0020915361971391654,1.095186234797027,0.0,3.533440249954709,0.0,0.0012174386526577474,0.04669956089843453,0.002945799986043867,1.3255387053963017,0.0017174133689663751,0.04833127187769102,0.0023540783950312997,1.3599646624542892,0.0020095892802206427,0.05905144140969617,0.004056490418360823,1.3910744324809807
traditional,0.5,0.5,fundamental,liquidity_buffer,0.029416642953488798,0.002973159596473275,10,0.11972522818472937,0.007355371853480364,10,0.04498317965979605,0.06116405203442424,10,0.38669402157579297,0.031329949664112205,10,1.0,0.0,10,0.9321228517514022,0.005400552770274508,10,0.0011275645058177928,2.2580137110878275e-05,10,0.16924403800248747,0.01053520509475046,10,0.0044342106200858655,0.0035123482163078317,10,2.0,1.8856180831641267,10,0.0,0.0,10,5.7,4.9452558635075246,10,0.0,0.0,10,0.01636041252177588,0.0024444828123412954,10,0.12760242945780054,0.09759398928739779,10,0.9355111250070467,0.004643502853724728,10,99.46610455591477,2.1205203679978055,10,0.02307994964168794,0.0025476352360082302,10,0.09042607851773536,0.09580019184770323,10,0.9318764285890708,0.005617142526391857,10,97.2339472222931,2.3542580725998357,10,0.017034744722696237,0.002502298297499748,10,0.09211509037575705,0.07487518072880896,10,0.9323692749137337,0.005592480433008173,10,95.271382423528,2.3990182042487325,10,0.0018427834097203633,0.004558906706520479,0.037909872209351866,0.01941850398373628,0.0,0.0033472972860879077,1.3995313977256789e-05,0.006529787768418609,0.002176975978635852,1.16871819623989,0.0,3.0651013396333604,0.0,0.0015151061440739602,0.06048938124968903,0.0028780728864953174,1.314312140779692,0.0015790406786449782,0.05937757407788802,0.003481541007737385,1.459184271013691,0.001550940553031121,0.04640811781867737,0.0034662552838931834,1.4869268880320736
traditional,0.5,0.5,fundamental,none,0.029416642953488798,0.002973159596473275,10,0.11972522818472937,0.007355371853480364,10,0.04498317965979605,0.06116405203442424,10,0.38669402157579297,0.031329949664112205,10,1.0,0.0,10,0.9321228517514022,0.005400552770274508,10,0.0011275645058177928,2.2580137110878275e-05,10,0.16924403800248747,0.01053520509475046,10,0.0044342106200858655,0.0035123482163078317,10,2.0,1.8856180831641267,10,0.0,0.0,10,5.7,4.9452558635075246,10,0.0,0.0,10,0.01636041252177588,0.0024444828123412954,10,0.12760242945780054,0.09759398928739779,10,0.9355111250070467,0.004643502853724728,10,99.46610455591477,2.1205203679978055,10,0.02307994964168794,0.0025476352360082302,10,0.09042607851773536,0.09580019184770323,10,0.9318764285890708,0.005617142526391857,10,97.2339472222931,2.3542580725998357,10,0.017034744722696237,0.002502298297499748,10,0.09211509037575705,0.07487518072880896,10,0.9323692749137337,0.005592480433008173,10,95.271382423528,2.3990182042487325,10,0.0018427834097203633,0.004558906706520479,0.037909872209351866,0.01941850398373628,0.0,0.0033472972860879077,1.3995313977256789e-05,0.006529787768418609,0.002176975978635852,1.16871819623989,0.0,3.0651013396333604,0.0,0.0015151061440739602,0.06048938124968903,0.0028780728864953174,1.314312140779692,0.0015790406786449782,0.05937757407788802,0.003481541007737385,1.459184271013691,0.001550940553031121,0.04640811781867737,0.0034662552838931834,1.4869268880320736
traditional,0.5,0.5,fundamental,position_limit,0.029424705286882076,0.002974301969603405,10,0.11970640278415981,0.00730212332157217,10,0.04493383817310818,0.06115214281881812,10,0.3951643920332766,0.036496665623262065,10,1.0,0.0,10,0.9320496628487047,0.005404077446343119,10,0.0011278896227706519,2.2597377915567127e-05,10,0.16957931179663618,0.010545716193249061,10,0.00443085471991358,0.0035000040871775327,10,2.0,1.8856180831641267,10,0.0,0.0,10,5.7,4.9452558635075246,10,0.0,0.0,10,0.01636356184840099,0.002444995621437703,10,0.12748625278135212,0.0975767766491129,10,0.9354282225156766,0.004645603186399892,10,99.69024353377822,2.117135301481267,10,0.023086774947723328,0.0025477906932102256,10,0.0903306789653255,0.09577551518303506,10,0.931798856896695,0.005621275810205297,10,97.4346948729252,2.352297965238209,10,0.01703761398909265,0.002503149503690607,10,0.09203202404360517,0.07486267400111851,10,0.9323004688007146,0.005594773787531251,10,95.45138915913415,2.3979556097694776,10,0.0018434914599220447,0.00452590292451403,0.03790249080104544,0.022620867712731068,0.0,0.0033494819029485628,1.4005999938712924e-05,0.006536302614763936,0.002169325008134388,1.16871819623989,0.0,3.0651013396333604,0.0,0.0015154239864448628,0.060478712745950944,0.0028793746861744455,1.312214054815899,0.0015791370320170266,0.05936227932266812,0.003484102843586395,1.4579693838843353,0.0015514681360941451,0.04640036606854422,0.003467676719753118,1.4862682851504947
traditional,0.5,0.5,liquidity,all,0.025447701316385456,0.004148542344605023,10,0.07026186118932688,0.014222140524192161,10,0.11752550030240431,0.0711914207057039,10,0.48278848149525766,0.06833360955618586,10,1.0,0.0,10,0.6941022719520782,0.002690303964467312,10,0.0010912781736600607,2.2847986284577517e-05,10,0.09257001672878665,0.00968332939017324,10,0.42259463625691096,0.00272721070969243,10,2.6,1.6465452046971292,10,0.0,0.0,10,3.1,3.6953424138441564,10,8.7,0.48304589153964805,10,0.015275506429437712,0.001964158351598306,10,0.13520903977705231,0.07533771417338206,10,0.9517897868328917,0.004754044832432409,10,99.79870216177149,2.1343723139763453,10,0.017847700736254978,0.003244501683714213,10,0.14791622754707573,0.07859735960163901,10,0.55,0.0,10,100.08855169440494,2.213822662256636,10,0.01794691788593232,0.003242246621393807,10,0.08685288172926936,0.09453870350619355,10,0.8382045439041563,0.005380607928934638,10,100.17744916374983,2.312295154856281,10,0.0025712931846069748,0.00881497402284794,0.044124899701486024,0.04235360999988623,0.0,0.0016674676726758913,1.4161328615080389e-05,0.00600178973649296,0.0016903427103591353,1.020539290985136,0.0,2.2903969573465255,0.2993949454037816,0.0012173979589533246,0.0466947990177328,0.0029465875147318267,1.3228976658459801,0.002010962977786477,0.0487151481856308,0.0,1.3721415018920147,0.002009565275679648,0.0585956955033079,0.003334935345351792,1.4331753851358495
traditional,0.5,0.5,liquidity,circuit_breaker,0.17135279026675873,0.002601046714272078,10,0.49044822329394566,0.0028087560875124343,10,0.7681326097380802,0.023535726135411435,10,1.0,0.0,10,1.0,0.0,10,0.29663325497679055,0.001900248203772559,10,0.012202073162014933,0.0007757138814912656,10,0.9219606354751614,0.05111654629427584,10,0.9681376031880182,0.0002676853517068703,10,4.7,6.325433669805661,10,260.0,0.0,10,43.2,34.61470464669283,10,31.1,0.5676462121975467,10,0.01636041252177588,0.0024444828123412954,10,0.12760242945780054,0.09759398928739779,10,0.9355111250070467,0.004643502853724728,10,99.46610455591477,2.1205203679978055,10,0.15773171106130085,0.0025515841087775763,10,0.738906171849032,0.02431205399118298,10,0.029823733774543025,0.0002493990309683576,10,84.54497269306287,1.9224174917303842,10,0.06631928757454947,0.005233847646593056,10,0.9224313057138953,0.018196890727284542,10,0.563442776179038,0.003665078572069535,10,56.842053839439906,1.032747027537444,10,0.0016121454558490037,0.0017408850591668923,0.014587594190875118,0.0,0.0,0.0011777860389387503,0.0004807924449119768,0.03168236363262484,0.0001659130999007625,3.9205444066410524,0.0,21.45441621464241,0.35183076739945424,0.0015151061440739602,0.06048938124968903,0.0028780728864953174,1.314312140779692,0.0015814882153446827,0.015068767180988582,0.00015457912088338028,1.191526705972721,0.003243972379951029,0.01127854972215774,0.0022716392338785934,0.6401032393422436
traditional,0.5,0.5,liquidity,execution_delay,0.2803215248583039,0.007306566149834832,10,0.6018119246967146,0.006432697325336472,10,0.4624904825236292,0.05990184388410645,10,1.0,0.0,10,1.0,0.0,10,0.3163631926678046,0.003153401424232634,10,0.005776493049005876,0.00013905628276162762,10,0.4903383023952732,0.01588714474274606,10,0.9691780550172844,0.0002565679196874872,10,18.5,4.576510072581994,10,260.0,0.0,10,61.1,28.749685988623327,10,27.9,0.7378647873726216,10,0.015276070162861793,0.001964224007104636,10,0.13523486141670632,0.07534539702489403,10,0.9518116694042306,0.004752774228158594,10,99.6487864638018,2.13863338559349,10,0.2782981063725432,0.00722841335142433,10,0.3920392756553441,0.07708794403900832,10,0.029359674230476123,0.00020220532826619974,10,67.29770118936072,1.817560382046658,10,0.03231519510209395,0.003535502934191856,10,0.08283780236531404,0.08261706808326748,10,0.6033667111051331,0.00634688515104665,10,53.43740131066367,1.860670569564469,10,0.004528656618000374,0.003987027109121136,0.03712754749265032,0.0,0.0,0.0019544984519692253,8.618797699069786e-05,0.009846954329154086,0.00015902244414574867,2.836550330556075,0.0,17.819239988781163,0.45733333333333315,0.0012174386526577474,0.04669956089843453,0.002945799986043867,1.3255387053963017,0.004480217011695713,0.04777960272736177,0.00012532816089927054,1.1265355960620371,0.0021913274214659137,0.05120658931467204,0.003933840172462609,1.153255567113033
traditional,0.5,0.5,liquidity,liquidity_buffer,0.02590585934309122,0.0032703048830978183,10,0.08218550459014408,0.006781219971679832,10,0.06922758864864917,0.06836960110111087,10,0.4078996552030998,0.03608319718637795,10,0.9986666666666666,0.004216370213557806,10,0.6884800726066973,0.002110196297284123,10,0.001192955267065881,2.928599337877212e-05,10,0.17014089389245765,0.012452742495757738,10,0.41239785367337733,0.0027785214167544412,10,3.8,5.391351098441528,10,0.0,0.0,10,4.8,5.533734925185902,10,8.3,0.48304589153964805,10,0.01636041252177588,0.0024444828123412954,10,0.12760242945780054,0.09759398928739779,10,0.9355111250070467,0.004643502853724728,10,99.46610455591477,2.1205203679978055,10,0.019072420526972313,0.0027665524558375836,10,0.05352305859330035,0.08780628781275161,10,0.55,0.0,10,99.40453216456316,2.355858737265546,10,0.01732144542830145,0.002526079993800691,10,0.08159434521507056,0.06968461621122106,10,0.8269601452133946,0.00422039259456827,10,99.39372402192085,2.3974336256768782,10,0.0020269559664569197,0.004203043683325633,0.042375917790546606,0.022364597320506968,0.0026133333333333126,0.0013079132154564365,1.8151646753035905e-05,0.007718289762824168,0.0017221454160823851,3.3415940307982757,0.0,3.429844440916947,0.2993949454037816,0.0015151061440739602,0.06048938124968903,0.0028780728864953174,1.314312140779692,0.0017147269772487149,0.054422901025025575,0.0,1.4601763732519955,0.0015656806011100637,0.043190972600021714,0.0026158264309128878,1.4859447560580366
traditional,0.5,0.5,liquidity,none,0.4243726277458812,0.013264880089939025,10,0.7025260703316654,0.004781630392334016,10,0.7235571767244682,0.016026685444882435,10,1.0,0.0,10,1.0,0.0,10,0.3072397511333391,0.0036709007599374063,10,0.007447921259058694,0.00011116163339390707,10,0.5978792987962932,0.02084035711133747,10,0.9714659423867316,0.0001268827168142018,10,14.5,7.947746011710909,10,260.0,0.0,10,65.5,51.902151528942746,10,29.9,1.6633299933166197,10,0.01636041252177588,0.0024444828123412954,10,0.12760242945780054,0.09759398928739779,10,0.9355111250070467,0.004643502853724728,10,99.46610455591477,2.1205203679978055,10,0.42221105329950886,0.013777482392425067,10,0.7086158682212875,0.02002352555095279,10,0.02670868236438405,0.00018251010115157956,10,49.35278549045604,1.1206208288778217,10,0.03888812592203322,0.0048635364536166745,10,0.4224634857638717,0.12083156042563672,10,0.5877708199022942,0.007369411822309627,10,47.851177583231376,1.7018361806436273,10,0.008221657858752394,0.0029636852218965642,0.009933442552383898,0.0,0.0,0.0022752478633056563,6.88986941900784e-05,0.012916987161730285,7.864272264523214e-05,4.926064013659045,0.0,32.16928680175135,1.0309426107532205,0.0015151061440739602,0.06048938124968903,0.0028780728864953174,1.314312140779692,0.00853937205745408,0.012410709715407394,0.0001131209326628354,0.6945679856852226,0.0030144511246305646,0.07489217705874622,0.004567608769357014,1.0548089929218618
traditional,0.5,0.5,liquidity,position_limit,0.33308018673196893,0.004039516399907932,10,0.673279589768171,0.0048306543115728025,10,0.7081037679732652,0.025689687405598884,10,1.0,0.0,10,1.0,0.0,10,0.30902546904391576,0.002078051467503095,10,0.006644852846313764,8.651370117835445e-05,10,0.5673724441958197,0.019497236004299156,10,0.9700806456220121,0.00012921156203200457,10,17.9,9.859569519563777,10,260.0,0.0,10,78.7,42.61468187269631,10,29.0,1.0540925533894594,10,0.01636356184840099,0.002444995621437703,10,0.12748625278135212,0.0975767766491129,10,0.9354282225156766,0.004645603186399892,10,99.69024353377822,2.117135301481267,10,0.3300472490049121,0.0044898721115462165,10,0.6757551480425577,0.03205676079180341,10,0.02800278338942625,0.0001625307009140487,10,53.309940703324926,1.4748059240707265,10,0.04109507488305036,0.004495558650995589,10,0.3361885582967411,0.12067356914324945,10,0.5900481546984053,0.0041602703683832724,10,49.57443776760148,2.3035959147330045,10,0.0025037182039852795,0.002994070561842616,0.015922633217569128,0.0,0.0,0.0012879896435435702,5.362174752881944e-05,0.012084512074879459,8.008615586565669e-05,6.111024500396348,0.0,26.412853470317145,0.653333333333333,0.0015154239864448628,0.060478712745950944,0.0028793746861744455,1.312214054815899,0.002782851565969703,0.01986898618781918,0.00010073757210003288,0.9140941820474768,0.0027863761196359293,0.07479425304739847,0.002578562289054983,1.4277835402462031
traditional,0.5,0.5,volatility,all,0.03490183548412221,0.0024862717271966965,10,0.08640687818653107,0.019030985916334134,10,0.12452936089424946,0.040029753093084715,10,0.4862974271960188,0.04203034732201495,10,1.0,0.0,10,0.9385358352464858,0.0030254624433126206,10,0.0010986549481363608,1.313537782262958e-05,10,0.10147351288267925,0.007030014905761795,10,0.013577383296362244,0.005000168503567678,10,2.3,1.888562063228706,10,0.0,0.0,10,15.4,15.629032812898778,10,0.0,0.0,10,0.015275506429437712,0.001964158351598306,10,0.13520903977705231,0.07533771417338206,10,0.9517897868328917,0.004754044832432409,10,99.79870216177149,2.1343723139763453,10,0.029548946465693216,0.0019205418835596224,10,0.13644512570096382,0.037125152458484786,10,0.9396068266828127,0.002947109850975294,10,99.8760212702577,2.856938648808779,10,0.018338302133024738,0.002794436644676339,10,0.10102627676695689,0.08731603447415553,10,0.9374648438101589,0.004640478275548319,10,99.49235103375231,3.5583167246538028,10,0.0015410071818443834,0.011795527276383687,0.0248106980138703,0.026050679163563045,0.0,0.0018752010500485245,8.141391521889047e-06,0.004357248381079683,0.003099136546558286,1.170542893988369,0.0,9.686974897596599,0.0,0.0012173979589533246,0.0466947990177328,0.0029465875147318267,1.3228976658459801,0.0011903641919844656,0.023010407888963077,0.0018266376101850612,1.7707489200575288,0.0017320097765463106,0.05411903885765436,0.0028761982335195743,2.2054675552905425
traditional,0.5,0.5,volatility,circuit_breaker,0.034423003419302704,0.0024253128271784314,10,0.08446928493160875,0.016598458778420845,10,0.08237051582211764,0.04162619812449955,10,0.4023296978912412,0.03199653639056233,10,1.0,0.0,10,0.9216817381390451,0.003709896680071539,10,0.0011741870406495121,1.7717310000040744e-05,10,0.18483890802845676,0.012434222427617965,10,0.015443737495837894,0.005921058784078622,10,2.1,1.5951314818673865,10,0.0,0.0,10,6.9,4.094712037087183,10,0.0,0.0,10,0.01636041252177588,0.0024444828123412954,10,0.12760242945780054,0.09759398928739779,10,0.9355111250070467,0.004643502853724728,10,99.46610455591477,2.1205203679978055,10,0.02972646697651605,0.00242488950548018,10,0.07253500907175714,0.04127907921627035,10,0.9215604703007113,0.005380279086242104,10,99.23741859785689,2.2183804936339886,10,0.01707285585491739,0.0018216536369650169,10,0.11276276156304259,0.09177748215332794,10,0.9218030059773786,0.0035036345876712344,10,99.73744735488573,2.3990188439401106,10,0.0015032244641720086,0.010287831336092287,0.02580018489574217,0.01983165871720541,0.0,0.0022994177850129203,1.0981302507835707e-05,0.007706810905666501,0.0036699102558173727,0.9886727354275416,0.0,2.537928814341857,0.0,0.0015151061440739602,0.06048938124968903,0.0028780728864953174,1.314312140779692,0.0015029620866651172,0.025585038367434785,0.003334731526539331,1.3749664750473245,0.0011290726217448345,0.05688427277791432,0.002171575215653255,1.4869272845168973
traditional,0.5,0.5,volatility,execution_delay,0.03490081481602101,0.002486257122827993,10,0.08666187339181344,0.01885424300823715,10,0.12453815576157157,0.0400272296604244,10,0.4845614061074303,0.0481434264087299,10,1.0,0.0,10,0.9385565203025832,0.0030246205906884083,10,0.0010985564840078437,1.3136770323870847e-05,10,0.10136810575827881,0.007039139787041736,10,0.013575930163978867,0.004996645134675625,10,2.3,1.888562063228706,10,0.0,0.0,10,15.4,15.629032812898778,10,0.0,0.0,10,0.015276070162861793,0.001964224007104636,10,0.13523486141670632,0.07534539702489403,10,0.9518116694042306,0.004752774228158594,10,99.6487864638018,2.13863338559349,10,0.029548483781711005,0.0019196878713277396,10,0.1364518207414855,0.03712385241336727,10,0.939628201159406,0.0029454050974286584,10,99.73845170339004,2.857348512815991,10,0.01833711471573728,0.002794673234273395,10,0.10104040342408052,0.08732164761762015,10,0.9374848394457604,0.00464100296220416,10,99.36699012827526,3.558879124267395,10,0.0015409981299628803,0.011685980887009501,0.024809133974103486,0.02983960483599224,0.0,0.0018746792643861711,8.142254603100182e-06,0.004362904041091438,0.0030969527398940554,1.170542893988369,0.0,9.686974897596599,0.0,0.0012174386526577474,0.04669956089843453,0.002945799986043867,1.3255387053963017,0.0011898348697191965,0.02300960211265114,0.001825580992989964,1.7710029564010967,0.0017321564162978006,0.054122517920017925,0.0028765234376780836,2.2058161341824363
traditional,0.5,0.5,volatility,liquidity_buffer,0.034423003419302704,0.0024253128271784314,10,0.08446928493160875,0.016598458778420845,10,0.08237051582211764,0.04162619812449955,10,0.4023296978912412,0.03199653639056233,10,1.0,0.0,10,0.9216817381390451,0.003709896680071539,10,0.0011741870406495121,1.7717310000040744e-05,10,0.18483890802845676,0.012434222427617965,10,0.015443737495837894,0.005921058784078622,10,2.1,1.5951314818673865,10,0.0,0.0,10,6.9,4.094712037087183,10,0.0,0.0,10,0.01636041252177588,0.0024444828123412954,10,0.12760242945780054,0.09759398928739779,10,0.9355111250070467,0.004643502853724728,10,99.46610455591477,2.1205203679978055,10,0.02972646697651605,0.00242488950548018,10,0.07253500907175714,0.04127907921627035,10,0.9215604703007113,0.005380279086242104,10,99.23741859785689,2.2183804936339886,10,0.01707285585491739,0.0018216536369650169,10,0.11276276156304259,0.09177748215332794,10,0.9218030059773786,0.0035036345876712344,10,99.73744735488573,2.3990188439401106,10,0.0015032244641720086,0.010287831336092287,0.02580018489574217,0.01983165871720541,0.0,0.0022994177850129203,1.0981302507835707e-05,0.007706810905666501,0.0036699102558173727,0.9886727354275416,0.0,2.537928814341857,0.0,0.0015151061440739602,0.06048938124968903,0.0028780728864953174,1.314312140779692,0.0015029620866651172,0.025585038367434785,0.003334731526539331,1.3749664750473245,0.0011290726217448345,0.05688427277791432,0.002171575215653255,1.4869272845168973
traditional,0.5,0.5,volatility,none,0.034423003419302704,0.0024253128271784314,10,0.08446928493160875,0.016598458778420845,10,0.08237051582211764,0.04162619812449955,10,0.4023296978912412,0.03199653639056233,10,1.0,0.0,10,0.9216817381390451,0.003709896680071539,10,0.0011741870406495121,1.7717310000040744e-05,10,0.18483890802845676,0.012434222427617965,10,0.015443737495837894,0.005921058784078622,10,2.1,1.5951314818673865,10,0.0,0.0,10,6.9,4.094712037087183,10,0.0,0.0,10,0.01636041252177588,0.0024444828123412954,10,0.12760242945780054,0.09759398928739779,10,0.9355111250070467,0.004643502853724728,10,99.46610455591477,2.1205203679978055,10,0.02972646697651605,0.00242488950548018,10,0.07253500907175714,0.04127907921627035,10,0.9215604703007113,0.005380279086242104,10,99.23741859785689,2.2183804936339886,10,0.01707285585491739,0.0018216536369650169,10,0.11276276156304259,0.09177748215332794,10,0.9218030059773786,0.0035036345876712344,10,99.73744735488573,2.3990188439401106,10,0.0015032244641720086,0.010287831336092287,0.02580018489574217,0.01983165871720541,0.0,0.0022994177850129203,1.0981302507835707e-05,0.007706810905666501,0.0036699102558173727,0.9886727354275416,0.0,2.537928814341857,0.0,0.0015151061440739602,0.06048938124968903,0.0028780728864953174,1.314312140779692,0.0015029620866651172,0.025585038367434785,0.003334731526539331,1.3749664750473245,0.0011290726217448345,0.05688427277791432,0.002171575215653255,1.4869272845168973
traditional,0.5,0.5,volatility,position_limit,0.03442509922048349,0.0024253520696431636,10,0.0842576750321861,0.01670961066632551,10,0.08232303379467731,0.04162885814684993,10,0.3929722270761951,0.038174808222477284,10,1.0,0.0,10,0.9216166581104955,0.00371046192791301,10,0.001174499014683158,1.7719517801766336e-05,10,0.18515538456557748,0.01242751925075828,10,0.015434539734343333,0.005910566708293006,10,2.1,1.5951314818673865,10,0.0,0.0,10,6.9,4.094712037087183,10,0.0,0.0,10,0.01636356184840099,0.002444995621437703,10,0.12748625278135212,0.0975767766491129,10,0.9354282225156766,0.004645603186399892,10,99.69024353377822,2.117135301481267,10,0.029727465405376935,0.0024259658218019147,10,0.07250592817621052,0.041284694549990515,10,0.9214892797365849,0.005385131182294563,10,99.442132846601,2.218417850897397,10,0.01707543551616724,0.001820976082088292,10,0.11265348688789908,0.09176095709996077,10,0.9217440364844061,0.003502885195266388,10,99.92560657746978,2.4018607699860897,10,0.001503248786903641,0.010356723989965554,0.025801833594675985,0.023660991271737805,0.0,0.0022997681292547425,1.098267091752239e-05,0.007702656233605135,0.0036634071998717056,0.9886727354275416,0.0,2.537928814341857,0.0,0.0015154239864448628,0.060478712745950944,0.0028793746861744455,1.312214054815899,0.0015036291944327787,0.025588518787332808,0.0033377388868298607,1.3749896293190706,0.0011286526688813945,0.05687403044372349,0.002171110737428588,1.488688728529319
traditional,0.5,0.9,fundamental,all,0.030322369942343507,0.0037208219210364485,10,0.10780617851511673,0.014804056269445552,10,0.06350928817976112,0.06036787908390402,10,0.4881087556303164,0.07011013108053861,10,1.0,0.0,10,0.9373186705470233,0.004427683423537556,10,0.0011065253027114572,1.9152727390445727e-05,10,0.1432886956332828,0.00925856139824641,10,0.00320271561978428,0.0033706184124832734,10,2.4,1.646545204697129,10,0.0,0.0,10,9.2,5.593647190240809,10,0.0,0.0,10,0.015611703867279673,0.0019292373554863254,10,0.11990755956042298,0.07039744068401371,10,0.9406369159248318,0.003965377934447118,10,99.7991852195408,2.1388258483997635,10,0.023314396465913198,0.002760823236240324,10,0.1503888197059793,0.07708118787517475,10,0.9383619077910101,0.0035771991436435242,10,97.91903482829362,2.196604178633204,10,0.018163277363453145,0.0032046883386432894,10,0.08120141528290048,0.09293921135396989,10,0.9362754333030366,0.006218932522714224,10,96.06734403778498,2.2410787324144197,10,0.0023061893195182375,0.009175649138465688,0.03741639910208003,0.043454709448422946,0.0,0.0027443066178039297,1.1870983423787902e-05,0.0057385158074945,0.00208913093612262,1.020539290985136,0.0,3.4669784475181777,0.0,0.0011957537013216788,0.04363278578558468,0.002457766707020443,1.3256579950795093,0.0017111759701527625,0.04777541521363374,0.002217170999831805,1.3614693751755613,0.001986286410854383,0.05760431999639196,0.003854534311788059,1.3890349891977474
traditional,0.5,0.9,fundamental,circuit_breaker,0.03099558562389263,0.002920814594805911,10,0.12081237204306201,0.00734124822338672,10,0.015270240772188248,0.055961041189759086,10,0.40154434277032447,0.02689077026225322,10,1.0,0.0,10,0.9109880033567681,0.005416645865082091,10,0.0012277835298996737,2.6104176276861874e-05,10,0.2676046528508661,0.013496272812698301,10,0.002694694982525858,0.003954034323560264,10,2.7,2.110818693198342,10,0.0,0.0,10,6.3,3.8887301554906357,10,0.0,0.0,10,0.01760703336246086,0.0022489909391018473,10,0.08545993598466264,0.08876332054185336,10,0.9121716528810696,0.005247889725678638,10,99.47822472709564,2.1259714290293665,10,0.024262100544953827,0.002506509257745468,10,0.054105666253180994,0.08642596604434795,10,0.9103185835114788,0.005413917460831746,10,97.24141002978601,2.358975177633887,10,0.018143965796896082,0.00237213872638261,10,0.05508290840910886,0.06941735115899476,10,0.9116574232020573,0.00606694578723166,10,95.27384306867737,2.398476688158367,10,0.0018103396415591038,0.004550152789895059,0.03468501267725098,0.016667072084748536,0.0,0.003357271889589734,1.6179536081573865e-05,0.008365076554182204,0.0024507358641509876,1.3082989804407181,0.0,2.4102599214377043,0.0,0.0013939390257100034,0.0550160760560061,0.003252675750737981,1.3176907434104588,0.0015535505332316488,0.053567368729380435,0.0033555808071152144,1.4621079630041816,0.0014702668150469598,0.04302532000443792,0.0037603319571694062,1.4865912528819771
traditional,0.5,0.9,fundamental,execution_delay,0.030320416084924317,0.0037226596765271456,10,0.10793984978768381,0.014678985826574469,10,0.06348275734712797,0.0603483534714754,10,0.47162145970174063,0.05461878679858948,10,1.0,0.0,10,0.9373467714352858,0.004428346369421489,10,0.0011064068761167975,1.917110587976087e-05,10,0.1431520485831806,0.009274676940383203,10,0.003202252179857723,0.0033764249450208192,10,2.4,1.646545204697129,10,0.0,0.0,10,9.2,5.593647190240809,10,0.0,0.0,10,0.015613185894009233,0.0019289595374447912,10,0.11985383806010563,0.07042195393413762,10,0.9406696088347344,0.003965042114393995,10,99.65614275502958,2.1457262271380366,10,0.023313539046497404,0.0027632341259694396,10,0.15031384276046741,0.0769387615097219,10,0.9383924518997958,0.0035873865264379047,10,97.79090307326615,2.1978345450448593,10,0.018162663989912998,0.003204734438955317,10,0.08123102727615542,0.09294759833061438,10,0.9363010909707755,0.006214558183178849,10,95.95216255274308,2.2438032772144703,10,0.0023073283721723216,0.009098129674847725,0.03740429700211514,0.0338530747864611,0.0,0.002744717515919827,1.1882374529480931e-05,0.005748504323995113,0.0020927298622754184,1.020539290985136,0.0,3.4669784475181777,0.0,0.001195581507915557,0.0436479792554207,0.0024575585635950854,1.3299348941315348,0.0017126702550881389,0.047687138437750395,0.0022234852051049507,1.3622319641781717,0.0019863149841238058,0.05760951829837229,0.0038518230680546807,1.3907236795601916
traditional,0.5,0.9,fundamental,liquidity_buffer,0.03099558562389263,0.002920814594805911,10,0.12081237204306201,0.00734124822338672,10,0.015270240772188248,0.055961041189759086,10,0.40154434277032447,0.02689077026225322,10,1.0,0.0,10,0.9109880033567681,0.005416645865082091,10,0.0012277835298996737,2.6104176276861874e-05,10,0.2676046528508661,0.013496272812698301,10,0.002694694982525858,0.003954034323560264,10,2.7,2.110818693198342,10,0.0,0.0,10,6.3,3.8887301554906357,10,0.0,0.0,10,0.01760703336246086,0.0022489909391018473,10,0.08545993598466264,0.08876332054185336,10,0.9121716528810696,0.005247889725678638,10,99.47822472709564,2.1259714290293665,10,0.024262100544953827,0.002506509257745468,10,0.054105666253180994,0.08642596604434795,10,0.9103185835114788,0.005413917460831746,10,97.24141002978601,2.358975177633887,10,0.018143965796896082,0.00237213872638261,10,0.05508290840910886,0.06941735115899476,10,0.9116574232020573,0.00606694578723166,10,95.27384306867737,2.398476688158367,10,0.0018103396415591038,0.004550152789895059,0.03468501267725098,0.016667072084748536,0.0,0.003357271889589734,1.6179536081573865e-05,0.008365076554182204,0.0024507358641509876,1.3082989804407181,0.0,2.4102599214377043,0.0,0.0013939390257100034,0.0550160760560061,0.003252675750737981,1.3176907434104588,0.0015535505332316488,0.053567368729380435,0.0033555808071152144,1.4621079630041816,0.0014702668150469598,0.04302532000443792,0.0037603319571694062,1.4865912528819771
traditional,0.5,0.9,fundamental,none,0.03099558562389263,0.002920814594805911,10,0.12081237204306201,0.00734124822338672,10,0.015270240772188248,0.055961041189759086,10,0.40154434277032447,0.02689077026225322,10,1.0,0.0,10,0.9109880033567681,0.005416645865082091,10,0.0012277835298996737,2.6104176276861874e-05,10,0.2676046528508661,0.013496272812698301,10,0.002694694982525858,0.003954034323560264,10,2.7,2.110818693198342,10,0.0,0.0,10,6.3,3.8887301554906357,10,0.0,0.0,10,0.01760703336246086,0.0022489909391018473,10,0.08545993598466264,0.08876332054185336,10,0.9121716528810696,0.005247889725678638,10,99.47822472709564,2.1259714290293665,10,0.024262100544953827,0.002506509257745468,10,0.054105666253180994,0.08642596604434795,10,0.9103185835114788,0.005413917460831746,10,97.24141002978601,2.358975177633887,10,0.018143965796896082,0.00237213872638261,10,0.05508290840910886,0.06941735115899476,10,0.9116574232020573,0.00606694578723166,10,95.27384306867737,2.398476688158367,10,0.0018103396415591038,0.004550152789895059,0.03468501267725098,0.016667072084748536,0.0,0.003357271889589734,1.6179536081573865e-05,0.008365076554182204,0.0024507358641509876,1.3082989804407181,0.0,2.4102599214377043,0.0,0.0013939390257100034,0.0550160760560061,0.003252675750737981,1.3176907434104588,0.0015535505332316488,0.053567368729380435,0.0033555808071152144,1.4621079630041816,0.0014702668150469598,0.04302532000443792,0.0037603319571694062,1.4865912528819771
traditional,0.5,0.9,fundamental,position_limit,0.031008228433463424,0.0029214795923560534,10,0.12084284683607587,0.00731286363281461,10,0.01515529692539018,0.055941975733981096,10,0.38569800465103177,0.023913952192487303,10,1.0,0.0,10,0.910883220729836,0.005424329628842326,10,0.0012283019517059378,2.6125932639856767e-05,10,0.26811388277609216,0.013495145458615727,10,0.002680731795304425,0.003943937797046013,10,2.7,2.110818693198342,10,0.0,0.0,10,6.3,3.8887301554906357,10,0.0,0.0,10,0.017610950101439073,0.0022548961460215396,10,0.08527764767870563,0.0886277906255427,10,0.9120474942140196,0.005254149590291766,10,99.6923700005705,2.121206818267079,10,0.02427198337717014,0.0025063221407351267,10,0.05393826572982433,0.08637095922996328,10,0.9102087436223366,0.005429467545827967,10,97.43225671386031,2.35681097967332,10,0.018150511372591188,0.0023726884634504156,10,0.05490108699609395,0.06938857826992517,10,0.9115576978373351,0.006068545674084004,10,95.44450228090632,2.3981791477054277,10,0.0018107518113108926,0.004532559838389854,0.034673195785333,0.014822021129788898,0.0,0.0033620343357087944,1.6193020815064257e-05,0.00836437781288264,0.0024444779721836903,1.3082989804407181,0.0,2.4102599214377043,0.0,0.0013975991108784833,0.05493207374358589,0.003256555655022248,1.3147376070645547,0.0015534345569070875,0.05353327515260445,0.003365218849649079,1.4607665792110562,0.0014706075456116633,0.04300748638303056,0.0037613235773139913,1.4864068353986213
traditional,0.5,0.9,liquidity,all,0.026275940004760294,0.004091135023012236,10,0.07076843370957728,0.014049557392871767,10,0.09939196141001308,0.06901738923918604,10,0.5053244302353468,0.08273233431043024,10,1.0,0.0,10,0.6900975162721507,0.0023859125134809683,10,0.0011557492439965083,2.2642780905494854e-05,10,0.14151724301128343,0.010090366934253128,10,0.41574415830275513,0.0023976491706416063,10,2.8,1.9321835661585915,10,0.0,0.0,10,3.1,3.6953424138441564,10,8.2,0.42163702135578396,10,0.015611703867279673,0.0019292373554863254,10,0.11990755956042298,0.07039744068401371,10,0.9406369159248318,0.003965377934447118,10,99.7991852195408,2.1388258483997635,10,0.018655535560132486,0.0032379687304828564,10,0.12016191249123268,0.07645456706098769,10,0.55,0.0,10,100.08488829396829,2.2190215711244763,10,0.018296897994067297,0.0031839904721833218,10,0.07710966957519155,0.09095925132831983,10,0.8301950325443013,0.004771825026961925,10,100.17409292539821,2.3099194090179997,10,0.002535711758048792,0.00870800588983145,0.042777421038227806,0.05127803206243727,0.0,0.0014788038967374225,1.403414100342057e-05,0.006254074220061711,0.0014860783522112739,1.197579781615126,0.0,2.2903969573465255,0.26133333333333336,0.0011957537013216788,0.04363278578558468,0.002457766707020443,1.3256579950795093,0.002006913811423022,0.047387031609222086,0.0,1.3753638189925392,0.00197345774031336,0.0563771280583926,0.0029576077934748376,1.4317028826096854
traditional,0.5,0.9,liquidity,circuit_breaker,0.17254136707486376,0.0018808701295647873,10,0.4921243746914687,0.004734583466397504,10,0.7735086627005331,0.0203132805123798,10,1.0,0.0,10,1.0,0.0,10,0.29597965095182593,0.0018341275263984705,10,0.01239135291470333,0.0006514619820083919,10,0.9379915227241403,0.04272100032562844,10,0.967730623332028,0.0002329421207506485,10,6.1,5.2588549662027715,10,260.0,0.0,10,24.5,10.25508004194344,10,29.2,0.4216370213557841,10,0.01760703336246086,0.0022489909391018473,10,0.08545993598466264,0.08876332054185336,10,0.9121716528810696,0.005247889725678638,10,99.47822472709564,2.1259714290293665,10,0.15821388878989426,0.0021701771164643197,10,0.7416790536545834,0.026207364529748402,10,0.029454366631461247,0.00018703047062253766,10,84.0341079312295,2.1650698286635213,10,0.06829620840788175,0.004895977787603197,10,0.9191822637653463,0.020004491015415068,10,0.5625049352721907,0.00364448512447977,10,56.52000459751914,1.005788069480892,10,0.0011657753841105433,0.002934525235094313,0.012590301701130338,0.0,0.0,0.0011368040185154352,0.00040378031974221384,0.02647875033015705,0.00014437902225415607,3.2594720772269574,0.0,6.356164461895763,0.2613333333333335,0.0013939390257100034,0.0550160760560061,0.003252675750737981,1.3176907434104588,0.0013450897123447347,0.01624349282332526,0.00011592268668800413,1.341924182569898,0.0030345584717539663,0.01239891198805288,0.002258875282823837,0.623393904024728
traditional,0.5,0.9,liquidity,execution_delay,0.2783463601646526,0.013024105332618923,10,0.5985630057552116,0.0042161521861759236,10,0.4818201233436703,0.050024900909448895,10,1.0,0.0,10,1.0,0.0,10,0.31707024663050776,0.0034016060408276526,10,0.005785295328424479,0.0001091752435604376,10,0.4874475556707167,0.013883270973353951,10,0.9690418234559163,0.00029839843340361043,10,18.1,4.067486256208427,10,260.0,0.0,10,55.5,27.89763032549141,10,26.7,0.9486832980505135,10,0.015613185894009233,0.0019289595374447912,10,0.11985383806010563,0.07042195393413762,10,0.9406696088347344,0.003965042114393995,10,99.65614275502958,2.1457262271380366,10,0.27613253175656816,0.013016454776981174,10,0.4135079828904634,0.06742605136067926,10,0.029143736093969575,0.0002200966036265355,10,65.79646507715783,1.0746940338435076,10,0.03357583146020206,0.002665694471451083,10,0.1262466445733809,0.11736407973957091,10,0.604996757167046,0.006902344576680087,10,54.312604786742384,2.345085815136653,10,0.008072424118056053,0.002613198198561982,0.031005754813225064,0.0,0.0,0.0021083372671542064,6.766751701590425e-05,0.008604940499223857,0.0001849492651571699,2.5210541005257654,0.0,17.291130417387727,0.5879999999999999,0.001195581507915557,0.0436479792554207,0.0024575585635950854,1.3299348941315348,0.008067682254544552,0.04179109960252339,0.00013641728825451705,0.6661022632089546,0.0016522145508772064,0.07274301026346641,0.004278117491293482,1.4534992469393406
traditional,0.5,0.9,liquidity,liquidity_buffer,0.029034899645833744,0.0032010427084903526,10,0.08353660869264481,0.006891606316040021,10,0.011339074543610555,0.057670407926185725,10,0.3917607577331438,0.0442250807583329,10,1.0,0.0,10,0.6799141675103652,0.002320881997703657,10,0.0013380296122882025,3.229832022898849e-05,10,0.2747801674249789,0.01423357441382213,10,0.3974309959402179,0.003200688233411287,10,2.3,1.1595018087284057,10,0.0,0.0,10,6.1,5.626327003965869,10,7.9,0.31622776601683794,10,0.01760703336246086,0.0022489909391018473,10,0.08545993598466264,0.08876332054185336,10,0.9121716528810696,0.005247889725678638,10,99.47822472709564,2.1259714290293665,10,0.02187551623387901,0.002646002080941321,10,-0.010530477354790336,0.0729092283856144,10,0.55,0.0,10,99.41485537401313,2.364246153177564,10,0.018890806564945132,0.002386159774438761,10,0.034225462429468535,0.06349186833060949,10,0.8098283350207304,0.004641763995407257,10,99.39875287682462,2.396463887598471,10,0.0019840268258755687,0.004271461848394178,0.03574448915700381,0.027410989040638843,0.0,0.0014384975654721458,2.001870627813457e-05,0.008822060821062095,0.0019838071199453403,0.7186666666666667,0.0,3.487233605914898,0.19599999999999998,0.0013939390257100034,0.0550160760560061,0.003252675750737981,1.3176907434104588,0.0016400090807866773,0.04518960793221276,0.0,1.4653749474931579,0.001478957150666822,0.03935266769755077,0.002876995130944256,1.4853437061699706
traditional,0.5,0.9,liquidity,none,0.41980534894539456,0.01720180739883528,10,0.7004578848310323,0.004801631953954976,10,0.736982243035908,0.026347345201264534,10,1.0,0.0,10,1.0,0.0,10,0.3048693479727192,0.004713162544330446,10,0.007468175952265607,0.00014286285987012373,10,0.6049993791324368,0.018038337655553075,10,0.9710145046863612,0.00015748991903423616,10,17.4,13.301628972924082,10,260.0,0.0,10,43.5,27.46007202385958,10,28.1,1.5238839267549946,10,0.01760703336246086,0.0022489909391018473,10,0.08545993598466264,0.08876332054185336,10,0.9121716528810696,0.005247889725678638,10,99.47822472709564,2.1259714290293665,10,0.41745421746642847,0.017531781586316103,10,0.7261010235342098,0.030577996073766236,10,0.02645753981848592,0.00021609812121737188,10,48.33243284420225,1.2544192024509875,10,0.03958723328890849,0.004930038896927447,10,0.3328439469474578,0.12989669561332037,10,0.5832811561269524,0.009451968874246276,10,47.51392037811858,1.9782280967324533,10,0.010661790685363765,0.002976082318227123,0.01633025374240186,0.0,0.0,0.0029212484100449914,8.854731792607135e-05,0.011180277510166991,9.761326312208359e-05,8.244435052405551,0.0,17.019928972302505,0.9445130432603293,0.0013939390257100034,0.0550160760560061,0.003252675750737981,1.3176907434104588,0.010866310805658317,0.018952438319850325,0.0001339390031814905,0.7774970767978107,0.003055669766032905,0.0805108060588682,0.005858391003064629,1.2261184773348317
traditional,0.5,0.9,liquidity,position_limit,0.3322325050426435,0.003255344352262712,10,0.6729455118156488,0.005022692555352554,10,0.7301740267871295,0.032477558727320964,10,1.0,0.0,10,1.0,0.0,10,0.308524819748519,0.0029274313849720285,10,0.006660316661144659,0.00011008080804577149,10,0.5635890840909838,0.01240305695665527,10,0.969634957176206,0.00015319331071760324,10,11.8,3.9944405810520647,10,260.0,0.0,10,54.5,19.48361134674758,10,27.1,0.9944289260117533,10,0.017610950101439073,0.0022548961460215396,10,0.08527764767870563,0.0886277906255427,10,0.9120474942140196,0.005254149590291766,10,99.6923700005705,2.121206818267079,10,0.3291545926733439,0.00338948615766087,10,0.7047619883128846,0.041139662838707604,10,0.027712571374064604,0.0001404473303520224,10,52.00463946935234,1.6610978322431198,10,0.040336229852226256,0.004937717173843755,10,0.31007778134784597,0.14291869712741018,10,0.5893370681229734,0.005810808261250898,10,48.981654749521645,2.5743576331740052,10,0.0020176833333778728,0.0031130970984903404,0.02012979945036188,0.0,0.0,0.0018144407705930736,6.822879169889965e-05,0.007687494346638085,9.495019769722392e-05,2.475779922008865,0.0,12.076067424639712,0.6163534339610315,0.0013975991108784833,0.05493207374358589,0.003256555655022248,1.3147376070645547,0.0021008252857409016,0.025498627201374042,8.70501572196878e-05,1.0295591029862818,0.0030604288113708668,0.08858192621669046,0.003601576273806813,1.5956033920033394
traditional,0.5,0.9,volatility,all,0.035165076025279296,0.0024994832559695067,10,0.08687365539419448,0.019078793572171425,10,0.11959889772269383,0.040401479193073624,10,0.487041890702778,0.10680481060538896,10,1.0,0.0,10,0.9290545458240971,0.0030006005799735683,10,0.0011395928114516527,1.3618642570301463e-05,10,0.14535027828850944,0.008820322068176675,10,0.011980698592049477,0.004142241395146025,10,2.8,2.616188916046478,10,0.0,0.0,10,15.0,15.797327481430381,10,0.0,0.0,10,0.015611703867279673,0.0019292373554863254,10,0.11990755956042298,0.07039744068401371,10,0.9406369159248318,0.003965377934447118,10,99.7991852195408,2.1388258483997635,10,0.02969629910851048,0.0019440732857982847,10,0.1328502689542314,0.03798226796976203,10,0.9300946023561524,0.00312695732164651,10,99.8711128735943,2.859002268268519,10,0.018596234188966748,0.0028086209777883975,10,0.09293805981482132,0.0853212318858543,10,0.9280144892920419,0.004627808746770307,10,99.48510669902063,3.5568931798302295,10,0.0015491957722141897,0.011825158768463385,0.025041096237642804,0.06619830744888351,0.0,0.0018597915075031846,8.440922115728949e-06,0.00546689225661031,0.002567387815671415,1.621530689742805,0.0,9.791285013838694,0.0,0.0011957537013216788,0.04363278578558468,0.002457766707020443,1.3256579950795093,0.0012049491061963704,0.02354165358672826,0.0019381082273783705,1.7720279646499872,0.0017408013172923416,0.052882647404013876,0.0028683455782269386,2.204585233067751
traditional,0.5,0.9,volatility,circuit_breaker,0.03571025244796313,0.0024898594362893506,10,0.08549320396925715,0.01643990925092054,10,0.0625687523683354,0.040206392820997784,10,0.40660282616739385,0.036093482198195366,10,1.0,0.0,10,0.9015643013668828,0.003685814979563176,10,0.001273323798493767,2.16485082669041e-05,10,0.28226630887259035,0.01729822113886757,10,0.011916421215419937,0.005785372269990283,10,1.3,1.7029386365926402,10,0.0,0.0,10,6.4,4.2998707990925595,10,0.0,0.0,10,0.01760703336246086,0.0022489909391018473,10,0.08545993598466264,0.08876332054185336,10,0.9121716528810696,0.005247889725678638,10,99.47822472709564,2.1259714290293665,10,0.03052465190379633,0.0025301036212978275,10,0.05968839484571829,0.04137336120047254,10,0.9018915719504779,0.004955121708174965,10,99.24371110724238,2.220072994054008,10,0.018268407005528807,0.0017368938631561128,10,0.07067817231040201,0.08637458134234148,10,0.9012370307832878,0.003940146447449237,10,99.74005996017704,2.3910946223746183,10,0.0015432308669781005,0.010189561320838772,0.024920180451503935,0.022370972036875502,0.0,0.0022844917923997743,1.3417884437406657e-05,0.010721548540546293,0.0035858108830889874,1.0554923021983627,0.0,2.6650875324378283,0.0,0.0013939390257100034,0.0550160760560061,0.003252675750737981,1.3176907434104588,0.0015681744712700825,0.025643474946664975,0.0030712162535107054,1.376015497675863,0.0010765379696622572,0.05353552016111546,0.0024421280693578628,1.4820158011060645
traditional,0.5,0.9,volatility,execution_delay,0.0351656817729562,0.0024984298486976013,10,0.08710893825377512,0.01886761157040486,10,0.1195677418746495,0.0404046759702743,10,0.448124961492039,0.040453269558542164,10,1.0,0.0,10,0.9290766864707999,0.0029978348191938924,10,0.0011395151680298325,1.3629133426352277e-05,10,0.14525175961566628,0.008874829614576557,10,0.011989787374731876,0.004124791127628964,10,2.8,2.616188916046478,10,0.0,0.0,10,15.0,15.797327481430381,10,0.0,0.0,10,0.015613185894009233,0.0019289595374447912,10,0.11985383806010563,0.07042195393413762,10,0.9406696088347344,0.003965042114393995,10,99.65614275502958,2.1457262271380366,10,0.029697911765092632,0.001941256214863923,10,0.132796445315381,0.038005299954065395,10,0.9301159248028054,0.0031246179233578642,10,99.74109237425138,2.8621250441155697,10,0.0185948110389371,0.0028091505137031215,10,0.09295750100417985,0.08532069220491205,10,0.9280374481387945,0.004625867697722661,10,99.36729303994892,3.5609764677117077,10,0.0015485428636227204,0.011694266807685842,0.025043077620679546,0.025073196238726496,0.0,0.0018580772712119046,8.447424415675153e-06,0.005500676383883334,0.0025565720278093148,1.621530689742805,0.0,9.791285013838694,0.0,0.001195581507915557,0.0436479792554207,0.0024575585635950854,1.3299348941315348,0.0012032030675417332,0.023555928958496907,0.0019366582532968721,1.77396348117256,0.0017411295270526458,0.05288231290630037,0.002867142503562969,2.2071160811170873
traditional,0.5,0.9,volatility,liquidity_buffer,0.03571025244796313,0.0024898594362893506,10,0.08549320396925715,0.01643990925092054,10,0.0625687523683354,0.040206392820997784,10,0.40660282616739385,0.036093482198195366,10,1.0,0.0,10,0.9015643013668828,0.003685814979563176,10,0.001273323798493767,2.16485082669041e-05,10,0.28226630887259035,0.01729822113886757,10,0.011916421215419937,0.005785372269990283,10,1.3,1.7029386365926402,10,0.0,0.0,10,6.4,4.2998707990925595,10,0.0,0.0,10,0.01760703336246086,0.0022489909391018473,10,0.08545993598466264,0.08876332054185336,10,0.9121716528810696,0.005247889725678638,10,99.47822472709564,2.1259714290293665,10,0.03052465190379633,0.0025301036212978275,10,0.05968839484571829,0.04137336120047254,10,0.9018915719504779,0.004955121708174965,10,99.24371110724238,2.220072994054008,10,0.018268407005528807,0.0017368938631561128,10,0.07067817231040201,0.08637458134234148,10,0.9012370307832878,0.003940146447449237,10,99.74005996017704,2.3910946223746183,10,0.0015432308669781005,0.010189561320838772,0.024920180451503935,0.022370972036875502,0.0,0.0022844917923997743,1.3417884437406657e-05,0.010721548540546293,0.0035858108830889874,1.0554923021983627,0.0,2.6650875324378283,0.0,0.0013939390257100034,0.0550160760560061,0.003252675750737981,1.3176907434104588,0.0015681744712700825,0.025643474946664975,0.0030712162535107054,1.376015497675863,0.0010765379696622572,0.05353552016111546,0.0024421280693578628,1.4820158011060645
traditional,0.5,0.9,volatility,none,0.03571025244796313,0.0024898594362893506,10,0.08549320396925715,0.01643990925092054,10,0.0625687523683354,0.040206392820997784,10,0.40660282616739385,0.036093482198195366,10,1.0,0.0,10,0.9015643013668828,0.003685814979563176,10,0.001273323798493767,2.16485082669041e-05,10,0.28226630887259035,0.01729822113886757,10,0.011916421215419937,0.005785372269990283,10,1.3,1.7029386365926402,10,0.0,0.0,10,6.4,4.2998707990925595,10,0.0,0.0,10,0.01760703336246086,0.0022489909391018473,10,0.08545993598466264,0.08876332054185336,10,0.9121716528810696,0.005247889725678638,10,99.47822472709564,2.1259714290293665,10,0.03052465190379633,0.0025301036212978275,10,0.05968839484571829,0.04137336120047254,10,0.9018915719504779,0.004955121708174965,10,99.24371110724238,2.220072994054008,10,0.018268407005528807,0.0017368938631561128,10,0.07067817231040201,0.08637458134234148,10,0.9012370307832878,0.003940146447449237,10,99.74005996017704,2.3910946223746183,10,0.0015432308669781005,0.010189561320838772,0.024920180451503935,0.022370972036875502,0.0,0.0022844917923997743,1.3417884437406657e-05,0.010721548540546293,0.0035858108830889874,1.0554923021983627,0.0,2.6650875324378283,0.0,0.0013939390257100034,0.0550160760560061,0.003252675750737981,1.3176907434104588,0.0015681744712700825,0.025643474946664975,0.0030712162535107054,1.376015497675863,0.0010765379696622572,0.05353552016111546,0.0024421280693578628,1.4820158011060645
traditional,0.5,0.9,volatility,position_limit,0.0357113543051822,0.0024843002566369943,10,0.08532036377859398,0.01653606586579578,10,0.062466533774443875,0.04020394252613247,10,0.4059795253986799,0.08705820712169715,10,1.0,0.0,10,0.9014722283594793,0.0036975786807119083,10,0.0012737782027750087,2.1652265749504334e-05,10,0.2827294505825966,0.017313195135698164,10,0.011881219018990396,0.005764007105061015,10,1.3,1.7029386365926402,10,0.0,0.0,10,6.4,4.2998707990925595,10,0.0,0.0,10,0.017610950101439073,0.0022548961460215396,10,0.08527764767870563,0.0886277906255427,10,0.9120474942140196,0.005254149590291766,10,99.6923700005705,2.121206818267079,10,0.030522341011785647,0.002527242768611553,10,0.05961683770455345,0.04140487232966991,10,0.9018023487379647,0.004977483782801457,10,99.43760655052948,2.2221797279777147,10,0.01827468232552936,0.0017358871159114777,10,0.0704707802407807,0.08634382356738728,10,0.901142107980994,0.003946689980730216,10,99.91757942773185,2.3977857697500258,10,0.0015397852517318926,0.010249159808197862,0.024918661743012105,0.0539592358089899,0.0,0.0022917830099111066,1.3420213349250554e-05,0.010730829519935816,0.003572568616671707,1.0554923021983627,0.0,2.6650875324378283,0.0,0.0013975991108784833,0.05493207374358589,0.003256555655022248,1.3147376070645547,0.0015664012964044702,0.02566300574688685,0.003085076410959875,1.3773212648899427,0.0010759139812553129,0.05351645629469109,0.0024461837933040125,1.4861630172158289
traditional,0.75,0.0,fundamental,all,0.028451331105111565,0.0032516599923796304,10,0.11411012826911952,0.011938040053068309,10,0.06442040729338569,0.03798339614947065,10,0.41841577464620017,0.05320026909913143,10,0.8650239580543218,0.07333662090546875,10,0.9521238195908843,0.00415737734296881,10,0.0010431305601337558,1.694336832931311e-05,10,0.0810660547330554,0.0074314425885691525,10,0.0041584702343120394,0.005022642259818073,10,1.6,1.837873166945363,10,0.0,0.0,10,12.0,18.547236990991408,10,0.0,0.0,10,0.016281100489067796,0.0023420434873368152,10,0.10333111681095883,0.06456873889472159,10,0.9563708023164212,0.004979578729509024,10,100.76866717461183,1.887458009528146,10,0.021690525008160093,0.002801889098924853,10,0.11383644091539095,0.07991676781555979,10,0.9524559904336535,0.004088951314257826,10,98.83489625070949,2.0431008085851188,10,0.0171720803176838,0.0027376931217897894,10,0.13643361466083725,0.10058662600492711,10,0.9517916487481152,0.006007197067215552,10,97.30563165907624,2.2804233033205437,10,0.0020153997434636155,0.007399273883738596,0.023542352839756146,0.03297386840747737,0.045454508560473825,0.0025767691733258468,1.050160849053509e-05,0.004606055836608596,0.003113065924995102,1.1391255905786293,0.0,11.495696586114299,0.0,0.0014516135926330189,0.04002011898819655,0.003086374872381701,1.1698585944151993,0.0017366288555446768,0.049532925869057574,0.0025343582813403564,1.266327000714292,0.0016968397766887662,0.06234423670411018,0.00372329931683341,1.4134210068923152
traditional,0.75,0.0,fundamental,circuit_breaker,0.029405885162232737,0.00293591276946268,10,0.1293560591604533,0.02357121335313999,10,0.06534062457444652,0.050477938859711344,10,0.34180843762670016,0.02764663606771443,10,0.8160000000000001,0.043957829897844664,10,0.9379677257188103,0.005552718759247384,10,0.0011015783165477012,2.1855080756390412e-05,10,0.1393209322808806,0.015011127872905788,10,0.005907269241805835,0.004503224588265625,10,1.4,1.2649110640673518,10,0.0,0.0,10,5.2,7.612854625930772,10,0.0,0.0,10,0.01736647979937924,0.002729872042355268,10,0.1605432837496321,0.05628411014071906,10,0.9426097034560703,0.006069263907573423,10,98.9710475700823,1.758347711224667,10,0.022994026213354227,0.002121488730021852,10,0.12374662576864706,0.07521905282878433,10,0.9375318519888038,0.006414801585822519,10,97.01659313797998,2.0207894509480533,10,0.01709938980754333,0.002934110933684983,10,0.10619822484408974,0.056940585903796796,10,0.9384035994488166,0.006221514341196503,10,94.90758648518863,2.2657894202203113,10,0.001819697587162682,0.014609589396300648,0.03128655064393246,0.01713556256468479,0.027245345241185426,0.0034416107431709127,1.3545919392873412e-05,0.009303993447978488,0.0027911275167818933,0.7839999999999999,0.0,4.718496182283315,0.0,0.0016919922214330251,0.03488525288760867,0.0037617687430427926,1.089835202458737,0.0013149123377804292,0.04662125195438,0.003975935214854812,1.252498277980843,0.0018185807977773698,0.035292140781053125,0.0038561345394622472,1.4043508321768767
traditional,0.75,0.0,fundamental,execution_delay,0.028447614496431857,0.0032514464525818247,10,0.1144931501977456,0.012131034661790717,10,0.0644304979695051,0.037985266097699644,10,0.42332663346829563,0.03732838465761706,10,0.8650239580543218,0.07333662090546875,10,0.9521423172713582,0.004153888244723891,10,0.0010430553642684181,1.6925628733768338e-05,10,0.08098187660978232,0.007428331416317086,10,0.00415986410682353,0.0050239808476318076,10,1.6,1.837873166945363,10,0.0,0.0,10,12.0,18.547236990991408,10,0.0,0.0,10,0.01627979923753244,0.002343547937940817,10,0.10334099936158173,0.06457431840958035,10,0.9563862935278973,0.004981281973730618,10,100.48191203164151,1.9105880312880115,10,0.02168758614164663,0.0028025590691454156,10,0.11387324370882194,0.07991838899941262,10,0.9524711415753904,0.004083680556875164,10,98.5673701086489,2.0663118807706895,10,0.017171251237011638,0.0027362905191907058,10,0.1364410441975299,0.10058904419817516,10,0.9518134929673259,0.006003307282281608,10,97.05461320447502,2.298420175436107,10,0.0020152673901257133,0.007518893181518974,0.02354351184567615,0.023136372511019077,0.045454508560473825,0.002574606607828775,1.0490613375303526e-05,0.0046041275120687055,0.003113895590317653,1.1391255905786293,0.0,11.495696586114299,0.0,0.0014525460607780478,0.04002357720733426,0.0030874305540874456,1.1841947304289238,0.0017370441073895238,0.04953393068921981,0.0025310914320689783,1.2807133723023252,0.0016959704345911916,0.06234573551581349,0.003720888403153514,1.42457558379453
traditional,0.75,0.0,fundamental,liquidity_buffer,0.029405885162232737,0.00293591276946268,10,0.1293560591604533,0.02357121335313999,10,0.06534062457444652,0.050477938859711344,10,0.34180843762670016,0.02764663606771443,10,0.8160000000000001,0.043957829897844664,10,0.9379677257188103,0.005552718759247384,10,0.0011015783165477012,2.1855080756390412e-05,10,0.1393209322808806,0.015011127872905788,10,0.005907269241805835,0.004503224588265625,10,1.4,1.2649110640673518,10,0.0,0.0,10,5.2,7.612854625930772,10,0.0,0.0,10,0.01736647979937924,0.002729872042355268,10,0.1605432837496321,0.05628411014071906,10,0.9426097034560703,0.006069263907573423,10,98.9710475700823,1.758347711224667,10,0.022994026213354227,0.002121488730021852,10,0.12374662576864706,0.07521905282878433,10,0.9375318519888038,0.006414801585822519,10,97.01659313797998,2.0207894509480533,10,0.01709938980754333,0.002934110933684983,10,0.10619822484408974,0.056940585903796796,10,0.9384035994488166,0.006221514341196503,10,94.90758648518863,2.2657894202203113,10,0.001819697587162682,0.014609589396300648,0.03128655064393246,0.01713556256468479,0.027245345241185426,0.0034416107431709127,1.3545919392873412e-05,0.009303993447978488,0.0027911275167818933,0.7839999999999999,0.0,4.718496182283315,0.0,0.0016919922214330251,0.03488525288760867,0.0037617687430427926,1.089835202458737,0.0013149123377804292,0.04662125195438,0.003975935214854812,1.252498277980843,0.0018185807977773698,0.035292140781053125,0.0038561345394622472,1.4043508321768767
traditional,0.75,0.0,fundamental,none,0.029405885162232737,0.00293591276946268,10,0.1293560591604533,0.02357121335313999,10,0.06534062457444652,0.050477938859711344,10,0.34180843762670016,0.02764663606771443,10,0.8160000000000001,0.043957829897844664,10,0.9379677257188103,0.005552718759247384,10,0.0011015783165477012,2.1855080756390412e-05,10,0.1393209322808806,0.015011127872905788,10,0.005907269241805835,0.004503224588265625,10,1.4,1.2649110640673518,10,0.0,0.0,10,5.2,7.612854625930772,10,0.0,0.0,10,0.01736647979937924,0.002729872042355268,10,0.1605432837496321,0.05628411014071906,10,0.9426097034560703,0.006069263907573423,10,98.9710475700823,1.758347711224667,10,0.022994026213354227,0.002121488730021852,10,0.12374662576864706,0.07521905282878433,10,0.9375318519888038,0.006414801585822519,10,97.01659313797998,2.0207894509480533,10,0.01709938980754333,0.002934110933684983,10,0.10619822484408974,0.056940585903796796,10,0.9384035994488166,0.006221514341196503,10,94.90758648518863,2.2657894202203113,10,0.001819697587162682,0.014609589396300648,0.03128655064393246,0.01713556256468479,0.027245345241185426,0.0034416107431709127,1.3545919392873412e-05,0.009303993447978488,0.0027911275167818933,0.7839999999999999,0.0,4.718496182283315,0.0,0.0016919922214330251,0.03488525288760867,0.0037617687430427926,1.089835202458737,0.0013149123377804292,0.04662125195438,0.003975935214854812,1.252498277980843,0.0018185807977773698,0.035292140781053125,0.0038561345394622472,1.4043508321768767
traditional,0.75,0.0,fundamental,position_limit,0.02941279332058478,0.0029372552061393,10,0.1287648435241358,0.023573749501065697,10,0.06535109828255795,0.05046303345503441,10,0.3520406617243612,0.02311748686301941,10,0.8160000000000001,0.043957829897844664,10,0.9378991725153263,0.005552400005134475,10,0.0011018536908005343,2.1857427561277664e-05,10,0.13963160260137647,0.014998973762132259,10,0.005893364529368383,0.004514953927455403,10,1.4,1.2649110640673518,10,0.0,0.0,10,5.2,7.612854625930772,10,0.0,0.0,10,0.01736736937015226,0.002730604904890108,10,0.16051964693212856,0.056338340333559805,10,0.942544370654591,0.006064636818875593,10,99.39161542242327,1.747478849321169,10,0.022998341387717298,0.00212193686547007,10,0.12373415141956931,0.07519075985053873,10,0.9374823602752709,0.0064135450998180285,10,97.40898303821278,2.013157992635207,10,0.017102884835013227,0.0029356883661504534,10,0.10613670127177477,0.05693827721670306,10,0.9383159847553817,0.006224896544764007,10,95.27385264215148,2.259355663273852,10,0.0018205296380351646,0.014611161317070603,0.031277312178400234,0.014328366804167802,0.027245345241185426,0.003441413177324887,1.3547373957612287e-05,0.009296460252074732,0.002798397436530414,0.7839999999999999,0.0,4.718496182283315,0.0,0.001692446454338117,0.03491886510936475,0.003758900843755523,1.0830986120577153,0.0013151900950088885,0.04660371578478305,0.003975156436760838,1.2477682511139478,0.0018195585005487823,0.03529070984196744,0.003858230850951844,1.4003631483077794
traditional,0.75,0.0,liquidity,all,0.023965450049587583,0.0036536303191620862,10,0.07702976898777489,0.011300319922590946,10,0.1250867074016694,0.04797035571222637,10,0.4257131504525281,0.04095490388004664,10,0.7279194470713691,0.04457435019042383,10,0.6968780863888522,0.002521555252802378,10,0.001056966421092099,2.2587853957882725e-05,10,0.06880233443010479,0.01006026092042367,10,0.42494152044901695,0.0030170395884500253,10,1.6,1.837873166945363,10,0.0,0.0,10,7.0,14.590712418826193,10,8.7,0.4830458915396482,10,0.016281100489067796,0.0023420434873368152,10,0.10333111681095883,0.06456873889472159,10,0.9563708023164212,0.004979578729509024,10,100.76866717461183,1.887458009528146,10,0.016463298280672826,0.00320625252133547,10,0.10702517980902285,0.08173704415880421,10,0.55,0.0,10,100.93746352927292,2.099649725069328,10,0.01719318309080856,0.0026776709677954233,10,0.13529185462326682,0.09907785831800224,10,0.8437561727777043,0.005043110505604696,10,101.36372149630058,2.3991256430455867,10,0.0022645435332128254,0.007004010851817143,0.029732334506944392,0.02538411241238609,0.027627468477445082,0.001562876137584169,1.4000096928583054e-05,0.006235414319367666,0.0018699805105182267,1.1391255905786293,0.0,9.0434172498871,0.2993949454037817,0.0014516135926330189,0.04002011898819655,0.003086374872381701,1.1698585944151993,0.0019872559013312282,0.05066114483531024,0.0,1.3013763822740214,0.0016596376602172184,0.061409092803363874,0.003125752275168301,1.4869934792882706
traditional,0.75,0.0,liquidity,circuit_breaker,0.1857840665749791,0.0017040289197921645,10,0.5589497393838219,0.01127579736538323,10,0.8108328795827118,0.02377166231431481,10,1.0,0.0,10,1.0,0.0,10,0.2744538770126662,0.002547500872494496,10,0.018783377261726124,0.000684047153703212,10,1.505911907211364,0.05623959638774183,10,0.9692159085430607,0.00024903580076709417,10,4.0,3.7416573867739413,10,260.0,0.0,10,36.2,9.003702941938204,10,36.1,0.9944289260117535,10,0.01736647979937924,0.002729872042355268,10,0.1605432837496321,0.05628411014071906,10,0.9426097034560703,0.006069263907573423,10,98.9710475700823,1.758347711224667,10,0.15892915558565396,0.003029027716885671,10,0.7637805260916266,0.03480428180738631,10,0.029032364940310612,0.00025329621706068304,10,83.87031946142949,2.4934987105856234,10,0.09597408846526143,0.0033883914779673364,10,0.9557096589300793,0.012595183778636027,10,0.5198753890850218,0.005202020904762001,10,51.22929884969375,1.605891794473127,10,0.001056168066726565,0.006988811613390823,0.014733828949598356,0.0,0.0,0.0015789573992763645,0.0004239768184008568,0.03485766297767308,0.00015435398847219334,2.319103274975049,0.0,5.5805528997283655,0.6163534339610316,0.0016919922214330251,0.03488525288760867,0.0037617687430427926,1.089835202458737,0.0018774108295031239,0.021571917356189685,0.0001569946218487671,1.545486512556141,0.0021001467962374807,0.007806575784623588,0.0032242459609921237,0.9953420462767757
traditional,0.75,0.0,liquidity,execution_delay,0.37259775304177384,0.01914804723075052,10,0.7254534638899995,0.005152321965406755,10,0.7078945842015145,0.030234446729561902,10,1.0,0.0,10,1.0,0.0,10,0.3181862198073687,0.0019330005240353514,10,0.006737751822347102,0.00021346793724541323,10,0.5427955195376951,0.011265870883719867,10,0.9706138823737802,0.0003034288691122025,10,15.9,6.5396228229666775,10,260.0,0.0,10,54.1,34.81522655390885,10,27.8,0.7888106377466155,10,0.01627979923753244,0.002343547937940817,10,0.10334099936158173,0.06457431840958035,10,0.9563862935278973,0.004981281973730618,10,100.48191203164151,1.9105880312880115,10,0.3712346100499531,0.019259141123310942,10,0.66088655799884,0.031039874776021277,10,0.028107176922804216,0.00036054032589690876,10,52.90196295324648,1.9576355675897226,10,0.03127504387103083,0.0017280767045800634,10,0.4855137600695283,0.1116093352052578,10,0.6082652626919333,0.0037676833719461128,10,37.96713374489415,1.5576827690231343,10,0.011868082630755668,0.0031934422392433212,0.018739504230247124,0.0,0.0,0.0011980861373531494,0.00013230879826622556,0.006982659116314031,0.00018806716151175995,4.0533002191629794,0.0,21.57870098036487,0.4889098985384617,0.0014525460607780478,0.04002357720733426,0.0030874305540874456,1.1841947304289238,0.011936939338742162,0.019238713705412667,0.00022346520916202982,1.2133550955394448,0.0010710730381583815,0.06917618264762286,0.0023352343477078402,0.9654617827337714
traditional,0.75,0.0,liquidity,liquidity_buffer,0.025512546372574753,0.00331923170416299,10,0.09309512543579412,0.02371482263063471,10,0.1031708555189544,0.05544032942656303,10,0.3621579626053923,0.0162616639555292,10,0.7342222222222222,0.08784073379151355,10,0.6901438368303661,0.003143452828909096,10,0.001166779996582217,4.3620853007664326e-05,10,0.14751026090360003,0.025247042351961794,10,0.41679937365257,0.004010926576477149,10,1.9,2.378141197564929,10,0.0,0.0,10,4.6,7.647802879839992,10,8.5,0.7071067811865478,10,0.01736647979937924,0.002729872042355268,10,0.1605432837496321,0.05628411014071906,10,0.9426097034560703,0.006069263907573423,10,98.9710475700823,1.758347711224667,10,0.01844710313224105,0.0023633525940035204,10,0.10404017384588263,0.07942079910464077,10,0.55,0.0,10,99.03835325783594,2.0443032092537425,10,0.017442802693305393,0.002896866093014037,10,0.09921585805848972,0.055784483300972305,10,0.8302876736607321,0.006286905657818157,10,98.82669049861703,2.3418412548502623,10,0.002057281124331459,0.014698599348663483,0.034362272182727194,0.010079083742172128,0.054444250863853384,0.0019483322487038564,2.7036484800790607e-05,0.015648278970927007,0.0024859980478363873,1.4739871852299877,0.0,4.740157334472723,0.4382693235899589,0.0016919922214330251,0.03488525288760867,0.0037617687430427926,1.089835202458737,0.0014648211137791912,0.04922552127721996,0.0,1.267072256369792,0.0017954962063657586,0.03457558096403334,0.003896664497407691,1.451488247639239
traditional,0.75,0.0,liquidity,none,0.5741439183764123,0.030655936222690822,10,0.8113587010168211,0.0030371157508975897,10,0.8154579923484869,0.04511397425995745,10,1.0,0.0,10,1.0,0.0,10,0.3046534165974157,0.0008253063791231561,10,0.008982623590659225,0.00021864864375230263,10,0.7166864533309849,0.0159726983333146,10,0.9731735502705611,0.0002762913993088406,10,19.8,8.991353871606014,10,260.0,0.0,10,73.5,34.167073168313514,10,30.6,0.8432740427115671,10,0.01736647979937924,0.002729872042355268,10,0.1605432837496321,0.05628411014071906,10,0.9426097034560703,0.006069263907573423,10,98.9710475700823,1.758347711224667,10,0.5727776671867436,0.030636541534002415,10,0.8006545227026886,0.04903899351356673,10,0.02530012337781241,0.0002926090478437772,10,36.417448545359335,0.9565480185735522,10,0.038764661391714056,0.002400972099684829,10,0.45178849367804447,0.08876623913605836,10,0.584006709817019,0.0016882987121762802,10,31.236749850896416,0.9938988198396048,10,0.01900074612463811,0.0018824238449201562,0.027961930940880248,0.0,0.0,0.0005115301933971398,0.0001355198334265481,0.009899980993961693,0.00017124718346727753,5.57289886663824,0.0,21.17697134992527,0.5226666666666662,0.0016919922214330251,0.03488525288760867,0.0037617687430427926,1.089835202458737,0.01898872517204812,0.030394683078358447,0.00018136096681126536,0.5928746042826405,0.0014881379249700964,0.055017885019435796,0.0010464183830363946,0.6160248707515138
traditional,0.75,0.0,liquidity,position_limit,0.46723461467618277,0.007845936684600744,10,0.8030891543341415,0.0027633036546135,10,0.8437341867731909,0.03347217393347242,10,1.0,0.0,10,1.0,0.0,10,0.3034328018674563,0.0009738758978193423,10,0.0083541033458728,7.789641629262076e-05,10,0.707948345309549,0.013155637036726432,10,0.9720676131149446,0.00012201484094502615,10,21.9,10.6921570425346,10,260.0,0.0,10,86.3,42.023934978903526,10,31.2,1.0327955589886444,10,0.01736736937015226,0.002730604904890108,10,0.16051964693212856,0.056338340333559805,10,0.942544370654591,0.006064636818875593,10,99.39161542242327,1.747478849321169,10,0.46556013787173756,0.007845144486227223,10,0.8213005206344363,0.03789693951631545,10,0.02634119874753011,0.0001484057835212629,10,38.94506606994332,1.0791173552215718,10,0.03902874018612744,0.0015138963983757487,10,0.559420503858483,0.09866894588291605,10,0.5805244049873826,0.0020193608250578116,10,30.010167000671835,0.7091617126856101,10,0.004862961938958464,0.0017127133493881983,0.02074626834194967,0.0,0.0,0.0006036145351083037,4.8280699021668835e-05,0.008153948312878651,7.562558192297303e-05,6.627067593505358,0.0,26.04670475212641,0.6401333194473371,0.001692446454338117,0.03491886510936475,0.003758900843755523,1.0830986120577153,0.004862470929319539,0.023488766463354536,9.198285759833855e-05,0.6688438662029638,0.0009383227090370277,0.06115564625031001,0.0012516128064803027,0.4395429833286005
traditional,0.75,0.0,volatility,all,0.03490596445768743,0.002467201008998736,10,0.08734730747661038,0.024755356783619918,10,0.1250910607706305,0.047575724684319344,10,0.40798905645611167,0.028229951497185688,10,0.859916492844981,0.0975235219161403,10,0.940233382234625,0.0038949589554874747,10,0.0010914506266107914,1.8581699700196702e-05,10,0.09189927579292356,0.010661082790744682,10,0.015804175493073724,0.006613339545905855,10,3.2,2.485513584307633,10,0.0,0.0,10,9.5,9.846036991827953,10,0.0,0.0,10,0.016281100489067796,0.0023420434873368152,10,0.10333111681095883,0.06456873889472159,10,0.9563708023164212,0.004979578729509024,10,100.76866717461183,1.887458009528146,10,0.029306176988590393,0.00291824054097401,10,0.12974258296216296,0.08408368298176903,10,0.9413151550185102,0.005344775247058283,10,101.448597404984,2.1876168917347414,10,0.018422352332426763,0.003523077132459933,10,0.11167402426038268,0.08531284508298675,10,0.93915160945074,0.005941765095302938,10,101.64021156541277,3.0365663700450254,10,0.001529187028244711,0.015343529098362445,0.029487739661766696,0.01749710521356869,0.06044570512048496,0.002414120571673318,1.1517056794578343e-05,0.006607807572705984,0.00409899031740473,1.5405372800134083,0.0,6.102636952808005,0.0,0.0014516135926330189,0.04002011898819655,0.003086374872381701,1.1698585944151993,0.0018087442264650801,0.05211560664647395,0.0033127260190290945,1.355898997044993,0.0021836258297615115,0.05287744920974161,0.0036827441604775656,1.8820833351399462
traditional,0.75,0.0,volatility,circuit_breaker,0.03483484202192588,0.0019621148056152686,10,0.10434488105582355,0.01841763802012337,10,0.12178057062242105,0.06542716320883661,10,0.35224036004115217,0.03525869190455468,10,0.8480000000000001,0.06929153535914748,10,0.9258340502000623,0.004035562120805195,10,0.0011598362051778689,2.0474725884229373e-05,10,0.16655019416551842,0.01875631952039355,10,0.019378291743209132,0.0033594122772167808,10,3.6,2.716206504995115,10,0.0,0.0,10,9.9,8.26572575290411,10,0.0,0.0,10,0.01736647979937924,0.002729872042355268,10,0.1605432837496321,0.05628411014071906,10,0.9426097034560703,0.006069263907573423,10,98.9710475700823,1.758347711224667,10,0.029520834455555416,0.0017256073900092414,10,0.13669917313676577,0.07232760583734386,10,0.9248363627580313,0.007160451040702406,10,98.41350973586795,1.7097210528789997,10,0.0180455556027497,0.0033588886284494864,10,0.10602838150417897,0.09179344535248454,10,0.9268317376420934,0.006415343125234912,10,98.23496286432315,2.3360072054482983,10,0.001216131356030626,0.011415370311764364,0.040552175890364923,0.02185356365236046,0.04294733856377988,0.0025012673164054224,1.2690366579306881e-05,0.01162528728043884,0.0020821853015254494,1.6835222336254165,0.0,5.123149899123477,0.0,0.0016919922214330251,0.03488525288760867,0.0037617687430427926,1.089835202458737,0.0010695425411309466,0.044829114541967724,0.004438093535097557,1.0596960873652088,0.0020818607406569256,0.05689416687125756,0.00397627086446005,1.4478722663571775
traditional,0.75,0.0,volatility,execution_delay,0.03490574133847566,0.0024650936360846153,10,0.08788077330372868,0.02410382939276929,10,0.12510713321940795,0.047575032272166494,10,0.4137345964319265,0.03744186404850334,10,0.859916492844981,0.0975235219161403,10,0.9402514091871058,0.00388779328595979,10,0.0010913990847853576,1.856824194651212e-05,10,0.0918332485226144,0.010646539324683527,10,0.015806907205235764,0.006612640713817269,10,3.2,2.485513584307633,10,0.0,0.0,10,9.5,9.846036991827953,10,0.0,0.0,10,0.01627979923753244,0.002343547937940817,10,0.10334099936158173,0.06457431840958035,10,0.9563862935278973,0.004981281973730618,10,100.48191203164151,1.9105880312880115,10,0.02930712385665359,0.002916703113824886,10,0.12975996778636972,0.08406752209323083,10,0.9413288495476552,0.005342047953511756,10,101.17394736033137,2.207641333059509,10,0.01842081735423453,0.003521475543082578,10,0.11168224890800235,0.08529280067267943,10,0.9391739688265567,0.005931549058602218,10,101.37835914028408,3.0442713500550687,10,0.0015278808649802692,0.014939708237799797,0.029487310500268107,0.023206707766186163,0.06044570512048496,0.0024096792436864786,1.1508715592427112e-05,0.006598793439051968,0.0040985571767887495,1.5405372800134083,0.0,6.102636952808005,0.0,0.0014525460607780478,0.04002357720733426,0.0030874305540874456,1.1841947304289238,0.001807791319245629,0.052105590023982566,0.003311035624975933,1.3683102743628914,0.002182633154380992,0.0528650255555201,0.0036764121953292723,1.886858931226876
traditional,0.75,0.0,volatility,liquidity_buffer,0.03483484202192588,0.0019621148056152686,10,0.10434488105582355,0.01841763802012337,10,0.12178057062242105,0.06542716320883661,10,0.35224036004115217,0.03525869190455468,10,0.8480000000000001,0.06929153535914748,10,0.9258340502000623,0.004035562120805195,10,0.0011598362051778689,2.0474725884229373e-05,10,0.16655019416551842,0.01875631952039355,10,0.019378291743209132,0.0033594122772167808,10,3.6,2.716206504995115,10,0.0,0.0,10,9.9,8.26572575290411,10,0.0,0.0,10,0.01736647979937924,0.002729872042355268,10,0.1605432837496321,0.05628411014071906,10,0.9426097034560703,0.006069263907573423,10,98.9710475700823,1.758347711224667,10,0.029520834455555416,0.0017256073900092414,10,0.13669917313676577,0.07232760583734386,10,0.9248363627580313,0.007160451040702406,10,98.41350973586795,1.7097210528789997,10,0.0180455556027497,0.0033588886284494864,10,0.10602838150417897,0.09179344535248454,10,0.9268317376420934,0.006415343125234912,10,98.23496286432315,2.3360072054482983,10,0.001216131356030626,0.011415370311764364,0.040552175890364923,0.02185356365236046,0.04294733856377988,0.0025012673164054224,1.2690366579306881e-05,0.01162528728043884,0.0020821853015254494,1.6835222336254165,0.0,5.123149899123477,0.0,0.0016919922214330251,0.03488525288760867,0.0037617687430427926,1.089835202458737,0.0010695425411309466,0.044829114541967724,0.004438093535097557,1.0596960873652088,0.0020818607406569256,0.05689416687125756,0.00397627086446005,1.4478722663571775
traditional,0.75,0.0,volatility,none,0.03483484202192588,0.0019621148056152686,10,0.10434488105582355,0.01841763802012337,10,0.12178057062242105,0.06542716320883661,10,0.35224036004115217,0.03525869190455468,10,0.8480000000000001,0.06929153535914748,10,0.9258340502000623,0.004035562120805195,10,0.0011598362051778689,2.0474725884229373e-05,10,0.16655019416551842,0.01875631952039355,10,0.019378291743209132,0.0033594122772167808,10,3.6,2.716206504995115,10,0.0,0.0,10,9.9,8.26572575290411,10,0.0,0.0,10,0.01736647979937924,0.002729872042355268,10,0.1605432837496321,0.05628411014071906,10,0.9426097034560703,0.006069263907573423,10,98.9710475700823,1.758347711224667,10,0.029520834455555416,0.0017256073900092414,10,0.13669917313676577,0.07232760583734386,10,0.9248363627580313,0.007160451040702406,10,98.41350973586795,1.7097210528789997,10,0.0180455556027497,0.0033588886284494864,10,0.10602838150417897,0.09179344535248454,10,0.9268317376420934,0.006415343125234912,10,98.23496286432315,2.3360072054482983,10,0.001216131356030626,0.011415370311764364,0.040552175890364923,0.02185356365236046,0.04294733856377988,0.0025012673164054224,1.2690366579306881e-05,0.01162528728043884,0.0020821853015254494,1.6835222336254165,0.0,5.123149899123477,0.0,0.0016919922214330251,0.03488525288760867,0.0037617687430427926,1.089835202458737,0.0010695425411309466,0.044829114541967724,0.004438093535097557,1.0596960873652088,0.0020818607406569256,0.05689416687125756,0.00397627086446005,1.4478722663571775
traditional,0.75,0.0,volatility,position_limit,0.034838690447196376,0.001962036520486384,10,0.10336478241527058,0.018737268808557535,10,0.1217630187412293,0.06543493193713323,10,0.36870873946852045,0.03002599472098545,10,0.8480000000000001,0.06929153535914748,10,0.9257587326305801,0.004041109876628266,10,0.001160129143360208,2.0495323188356603e-05,10,0.16688384711627638,0.0188069607361434,10,0.019408286718077407,0.0033601472427776478,10,3.6,2.716206504995115,10,0.0,0.0,10,9.9,8.26572575290411,10,0.0,0.0,10,0.01736736937015226,0.002730604904890108,10,0.16051964693212856,0.056338340333559805,10,0.942544370654591,0.006064636818875593,10,99.39161542242327,1.747478849321169,10,0.029523791852118793,0.001726947678164025,10,0.13669019165254057,0.0723452736616011,10,0.9247464545222005,0.007172164230676848,10,98.81082079283787,1.7014225951035085,10,0.01804786866141559,0.003360585110037203,10,0.1059511516292269,0.09179976472142502,10,0.9267710107389597,0.006411644555738434,10,98.61089033407777,2.3275756767256364,10,0.0012160828344050436,0.011613479526910768,0.04055699099804923,0.018610304336779168,0.04294733856377988,0.0025047058510888824,1.2703132920668325e-05,0.011656675031147744,0.0020826408378995776,1.6835222336254165,0.0,5.123149899123477,0.0,0.001692446454338117,0.03491886510936475,0.003758900843755523,1.0830986120577153,0.0010703732603357986,0.0448400651728944,0.004445353445458713,1.0545526499483007,0.002082912230838768,0.056898083656706025,0.003973978467336165,1.4426463507127123
traditional,0.75,0.5,fundamental,all,0.028929929453760838,0.0033331688433639525,10,0.11468396947377912,0.01203548001902519,10,0.0539464020079902,0.03459690057688284,10,0.42777347034312746,0.029001213870433185,10,1.0,0.0,10,0.9401507279019718,0.004140453209416365,10,0.0010930990134693434,1.8354232417721747e-05,10,0.13433616515284968,0.009415252547794536,10,0.0031406472484400427,0.0038864269102250703,10,1.5,2.3213980461973533,10,0.0,0.0,10,8.7,14.944712926130245,10,0.0,0.0,10,0.016623439690042072,0.0022977333888200683,10,0.09264126244486566,0.06399043925392553,10,0.9428796866067766,0.003950254625465076,10,100.79852454505982,1.8983309724993274,10,0.022020502366437857,0.002803390087212173,10,0.09870315802011073,0.07275443561361176,10,0.9400550753939244,0.0038939515246682226,10,98.85383424021175,2.0580491056129775,10,0.017555367080399665,0.0027885241107946553,10,0.12465306778496114,0.09724661892155782,10,0.9402463804100192,0.006099985049915049,10,97.32383879637906,2.288139360098989,10,0.002065919452704064,0.007459667800338987,0.021443381137847252,0.017975138585086294,0.0,0.0025662794866735286,1.1376071112243548e-05,0.005835633988159879,0.002408832355232064,1.438817415642289,0.0,9.262829037490532,0.0,0.0014241499090397825,0.039661685157341885,0.0024483931830006633,1.176597726684306,0.0017375591777235937,0.04509366637814031,0.002413496159582436,1.2755920512010486,0.001728345150079739,0.06027407886633978,0.003780809904338661,1.4182034684314286
traditional,0.75,0.5,fundamental,circuit_breaker,0.03092501537356198,0.002983826253217092,10,0.12983735754162132,0.023387871706882064,10,0.03766485735608725,0.047648038131420656,10,0.3770821747921194,0.023001531952310104,10,1.0,0.0,10,0.9127876441230457,0.004820911647633489,10,0.0012188417758196516,2.154200618369425e-05,10,0.2573970739604245,0.01793901231471897,10,0.005773492061792196,0.005696895240979886,10,2.1,3.573047252229764,10,0.0,0.0,10,4.8,7.2387844283415435,10,0.0,0.0,10,0.018656649331118456,0.0027344850928086224,10,0.10813401073608317,0.06736928790825866,10,0.9160493606099541,0.006792427758180018,10,98.98123510733342,1.7684984772887207,10,0.024149017217424233,0.0021353065229054997,10,0.0893060218057837,0.06808435772258208,10,0.9107090103472025,0.006164805837014873,10,97.01970981172418,2.012776222891672,10,0.018081519954485602,0.0030407949730856232,10,0.07670030455469769,0.05979508922669789,10,0.9148662778988891,0.004971630643852144,10,94.90685679992478,2.265942165004792,10,0.001849394672064976,0.014495953066641221,0.029532560000633153,0.014256497205918124,0.0,0.0029880319961715553,1.335187376234146e-05,0.011118715026110964,0.0035309722523625686,2.21459763087263,0.0,4.4866450717657615,0.0,0.0016948514197262239,0.04175591725021266,0.0042099903413680495,1.0961267124472958,0.0013234766945391927,0.04219912211287461,0.003820986244422881,1.2475316277754112,0.001884704250458031,0.037061380270474883,0.003081448597853785,1.404445504375132
traditional,0.75,0.5,fundamental,execution_delay,0.028923788152383716,0.0033333201551521254,10,0.11504637771353735,0.012257854364101588,10,0.05400991232163995,0.03460922071634576,10,0.43405493328331934,0.04785681409249692,10,1.0,0.0,10,0.940224603389046,0.004141607941927608,10,0.0010927744840243648,1.8349759159730444e-05,10,0.13399565361770832,0.009414464625448912,10,0.0031382579890495087,0.0038808344732657583,10,1.5,2.3213980461973533,10,0.0,0.0,10,8.7,14.944712926130245,10,0.0,0.0,10,0.016619880598775793,0.002299556713509797,10,0.09272996827724556,0.06400084396190817,10,0.9429597149217026,0.003943909780845033,10,100.49374261167881,1.9223374796468844,10,0.022015694591658554,0.002804405302454041,10,0.09881108398277508,0.07280816874569969,10,0.9401358862672439,0.0038957312744409747,10,98.56827929306885,2.083205716819612,10,0.017552744620183705,0.0027876479539218103,10,0.1247220628470352,0.0972633649542415,10,0.9403133205108481,0.0060992247043789565,10,97.05528803912885,2.309130116767535,10,0.002066013236722006,0.007597496847370401,0.02145101723939882,0.029661960681940717,0.0,0.002566995197298988,1.1373298558215991e-05,0.005835145628830502,0.0024053661268934466,1.438817415642289,0.0,9.262829037490532,0.0,0.0014252800173907608,0.03966813406216224,0.00244446060756242,1.1914771139695788,0.0017381884146495995,0.04512697051844996,0.0024145992599200606,1.2911842803674078,0.0017278021024238024,0.06028445816492998,0.003780338637292913,1.4312136742044912
traditional,0.75,0.5,fundamental,liquidity_buffer,0.03092501537356198,0.002983826253217092,10,0.12983735754162132,0.023387871706882064,10,0.03766485735608725,0.047648038131420656,10,0.3770821747921194,0.023001531952310104,10,1.0,0.0,10,0.9127876441230457,0.004820911647633489,10,0.0012188417758196516,2.154200618369425e-05,10,0.2573970739604245,0.01793901231471897,10,0.005773492061792196,0.005696895240979886,10,2.1,3.573047252229764,10,0.0,0.0,10,4.8,7.2387844283415435,10,0.0,0.0,10,0.018656649331118456,0.0027344850928086224,10,0.10813401073608317,0.06736928790825866,10,0.9160493606099541,0.006792427758180018,10,98.98123510733342,1.7684984772887207,10,0.024149017217424233,0.0021353065229054997,10,0.0893060218057837,0.06808435772258208,10,0.9107090103472025,0.006164805837014873,10,97.01970981172418,2.012776222891672,10,0.018081519954485602,0.0030407949730856232,10,0.07670030455469769,0.05979508922669789,10,0.9148662778988891,0.004971630643852144,10,94.90685679992478,2.265942165004792,10,0.001849394672064976,0.014495953066641221,0.029532560000633153,0.014256497205918124,0.0,0.0029880319961715553,1.335187376234146e-05,0.011118715026110964,0.0035309722523625686,2.21459763087263,0.0,4.4866450717657615,0.0,0.0016948514197262239,0.04175591725021266,0.0042099903413680495,1.0961267124472958,0.0013234766945391927,0.04219912211287461,0.003820986244422881,1.2475316277754112,0.001884704250458031,0.037061380270474883,0.003081448597853785,1.404445504375132
traditional,0.75,0.5,fundamental,none,0.03092501537356198,0.002983826253217092,10,0.12983735754162132,0.023387871706882064,10,0.03766485735608725,0.047648038131420656,10,0.3770821747921194,0.023001531952310104,10,1.0,0.0,10,0.9127876441230457,0.004820911647633489,10,0.0012188417758196516,2.154200618369425e-05,10,0.2573970739604245,0.01793901231471897,10,0.005773492061792196,0.005696895240979886,10,2.1,3.573047252229764,10,0.0,0.0,10,4.8,7.2387844283415435,10,0.0,0.0,10,0.018656649331118456,0.0027344850928086224,10,0.10813401073608317,0.06736928790825866,10,0.9160493606099541,0.006792427758180018,10,98.98123510733342,1.7684984772887207,10,0.024149017217424233,0.0021353065229054997,10,0.0893060218057837,0.06808435772258208,10,0.9107090103472025,0.006164805837014873,10,97.01970981172418,2.012776222891672,10,0.018081519954485602,0.0030407949730856232,10,0.07670030455469769,0.05979508922669789,10,0.9148662778988891,0.004971630643852144,10,94.90685679992478,2.265942165004792,10,0.001849394672064976,0.014495953066641221,0.029532560000633153,0.014256497205918124,0.0,0.0029880319961715553,1.335187376234146e-05,0.011118715026110964,0.0035309722523625686,2.21459763087263,0.0,4.4866450717657615,0.0,0.0016948514197262239,0.04175591725021266,0.0042099903413680495,1.0961267124472958,0.0013234766945391927,0.04219912211287461,0.003820986244422881,1.2475316277754112,0.001884704250458031,0.037061380270474883,0.003081448597853785,1.404445504375132
traditional,0.75,0.5,fundamental,position_limit,0.03094895488589488,0.0029858108701766237,10,0.12924138465811846,0.02337634113045261,10,0.03737572691828517,0.0476344612617543,10,0.3594224871776839,0.016664984322552617,10,1.0,0.0,10,0.9125516025512445,0.004841355483318336,10,0.0012200151684606541,2.1676433687981544e-05,10,0.2585169933493812,0.01802093751360392,10,0.005774153575086649,0.005702033459962931,10,2.1,3.573047252229764,10,0.0,0.0,10,4.8,7.2387844283415435,10,0.0,0.0,10,0.01867122598344394,0.00273511386460104,10,0.10766282408689146,0.06741049194876124,10,0.915795153951013,0.006808941344595113,10,99.42670915624146,1.7577472596514416,10,0.024167485408909693,0.0021361809499763715,10,0.0888899804970609,0.0680811114647018,10,0.9104586920537546,0.006190551221159514,10,97.43780714354254,2.0123537721393085,10,0.018095118174148273,0.0030419818549581876,10,0.07635944002368104,0.05976916004861767,10,0.9146445130487344,0.0049950411642396535,10,95.29757680124555,2.2624605132565243,10,0.0018506247504004993,0.01448880634132788,0.02952414496963153,0.010329064295531825,0.0,0.003000703216806927,1.343519279271056e-05,0.011169492790453754,0.0035341569534827833,2.21459763087263,0.0,4.4866450717657615,0.0,0.0016952411365207553,0.0417814557791035,0.0042202255682683544,1.0894630387179165,0.0013240186700527589,0.04219711006139493,0.003836943398836959,1.247269790086374,0.0018854398874640812,0.03704530919939932,0.0030959585887181157,1.4022875542645015
traditional,0.75,0.5,liquidity,all,0.02499030183359813,0.00369036765503835,10,0.07757520765950228,0.011502870107306433,10,0.09969591344484183,0.04512186563714191,10,0.4082958940652081,0.04070500111845171,10,1.0,0.0,10,0.6917284255732479,0.0022196256089502455,10,0.001136225576493634,2.336907228678753e-05,10,0.12918050335263107,0.011182568639271594,10,0.41676061144564736,0.0023547956574673503,10,2.9,4.557045826702499,10,0.0,0.0,10,8.2,15.090836071382306,10,8.3,0.48304589153964805,10,0.016623439690042072,0.0022977333888200683,10,0.09264126244486566,0.06399043925392553,10,0.9428796866067766,0.003950254625465076,10,100.79852454505982,1.8983309724993274,10,0.017394837798502184,0.003163913775764849,10,0.07231048840376518,0.06746913880499704,10,0.55,0.0,10,100.9568711576928,2.114578817245812,10,0.0177427057627082,0.0027030140513617795,10,0.11867977701163306,0.09626324734529229,10,0.8334568511464957,0.004439251217900439,10,101.38643876239519,2.4023808342466846,10,0.0022873135698938053,0.00712955275695814,0.027966822067132812,0.02522922107602571,0.0,0.0013757382055157154,1.4484301065348164e-05,0.006931027850288542,0.0014595174695666204,2.824486265972392,0.0,9.3533971012319,0.2993949454037816,0.0014241499090397825,0.039661685157341885,0.0024483931830006633,1.176597726684306,0.001961014074952833,0.04181780547719296,0.0,1.3106295294705743,0.0016753454661495456,0.05966457884875505,0.0027514764110313982,1.489011067697573
traditional,0.75,0.5,liquidity,circuit_breaker,0.1872822708021976,0.0014366409747968135,10,0.560015890652318,0.009192329446955314,10,0.7935984544807138,0.02096586899416217,10,1.0,0.0,10,1.0,0.0,10,0.27336036792019563,0.002550451855809518,10,0.019299657316320558,0.0006696129432394108,10,1.5468712715649964,0.04373391589822515,10,0.9688122392561759,0.000263077372332207,10,6.9,6.226288353960702,10,260.0,0.0,10,33.9,6.756889488185784,10,34.4,0.9660917830792952,10,0.018656649331118456,0.0027344850928086224,10,0.10813401073608317,0.06736928790825866,10,0.9160493606099541,0.006792427758180018,10,98.98123510733342,1.7684984772887207,10,0.16002452414576498,0.002045384588904629,10,0.739256968540074,0.025029918466832755,10,0.02856781049082615,0.00024914088663989786,10,83.58856329083812,2.1823774433343006,10,0.09706092967803363,0.003921296463050348,10,0.9566206301915781,0.014212958804905805,10,0.5181529253495651,0.005261143711483574,10,51.11015822276845,1.2713928411972513,10,0.0008904393014153674,0.005697464818782889,0.01299478023266616,0.0,0.0,0.0015807864376844389,0.0004150304020676548,0.02710656190638146,0.00016305704469469966,3.859093503229309,0.0,4.187963493420426,0.5987898908075626,0.0016948514197262239,0.04175591725021266,0.0042099903413680495,1.0961267124472958,0.0012677425024213754,0.015513704192686231,0.00015441912137095475,1.3526515532818426,0.0024304447279842735,0.00880928313427483,0.003260890656248932,0.78801744708715
traditional,0.75,0.5,liquidity,execution_delay,0.37091330118492405,0.02005331489938051,10,0.7258111171127455,0.00522052762950118,10,0.710618780047368,0.03786081308977109,10,1.0,0.0,10,1.0,0.0,10,0.3184829147385179,0.0014872334057720981,10,0.006803227416302798,0.00018869536286290407,10,0.5413588516900972,0.010880233942324765,10,0.9704670645034188,0.00029610918739478,10,12.9,3.3482997343593826,10,260.0,0.0,10,46.5,26.95778592952734,10,26.3,0.48304589153964783,10,0.016619880598775793,0.002299556713509797,10,0.09272996827724556,0.06400084396190817,10,0.9429597149217026,0.003943909780845033,10,100.49374261167881,1.9223374796468844,10,0.3695052933165777,0.020236986586768216,10,0.6662590941696136,0.041467904637007426,10,0.02785255562188326,0.00030034580423379093,10,51.029314327960165,1.7610213744590613,10,0.031667505304262225,0.0017582253471855312,10,0.49528135468271667,0.12237571207654581,10,0.6091132738551527,0.0029873960111554978,10,38.77290312706677,1.4313685184703766,10,0.012429173344852006,0.0032357165478244204,0.023466375072200358,0.0,0.0,0.000921796815007731,0.0001169545975895106,0.00674363886371099,0.0001835303757807485,2.075297676104429,0.0,16.70860882565897,0.2993949454037814,0.0014252800173907608,0.03966813406216224,0.00244446060756242,1.1914771139695788,0.012543014236122996,0.02570207357572986,0.00018615625810254922,1.0914923561000571,0.0010897593604415332,0.07584925216758427,0.0018516072309580187,0.8871713991277277
traditional,0.75,0.5,liquidity,liquidity_buffer,0.02905479626173511,0.0032570872934260544,10,0.09420247210952348,0.023255359678368347,10,0.042603351030865086,0.04846468780630302,10,0.3640717342902862,0.04899868291503572,10,1.0,0.0,10,0.6806405891209126,0.002442638694740214,10,0.0013436972034846536,4.389093311824324e-05,10,0.2751625186737106,0.02613448464401364,10,0.3995431606201148,0.004460351901059059,10,1.4,1.505545305418162,10,0.0,0.0,10,5.4,7.48628375393589,10,8.0,0.6666666666666669,10,0.018656649331118456,0.0027344850928086224,10,0.10813401073608317,0.06736928790825866,10,0.9160493606099541,0.006792427758180018,10,98.98123510733342,1.7684984772887207,10,0.0217570508487106,0.002468927510386779,10,0.03185629138497075,0.05654042489662132,10,0.55,0.0,10,99.04058468544712,2.0421800712337803,10,0.019033526500527816,0.0027553526537068282,10,0.05590739445064693,0.060202666072055204,10,0.8112811782418252,0.004885277389480517,10,98.83030309628786,2.3501997058295694,10,0.0020187636195030225,0.014413821260456606,0.030038724713153747,0.030369698310538734,0.0,0.0015139631481430062,2.720388218761795e-05,0.016198321402156466,0.00276455474994889,0.9331466479962657,0.0,4.640046743059575,0.41320428092866834,0.0016948514197262239,0.04175591725021266,0.0042099903413680495,1.0961267124472958,0.0015302571248915638,0.03504411841921467,0.0,1.265756321791516,0.0017077852679697415,0.03731399901643845,0.0030279262962860675,1.456668869229112
traditional,0.75,0.5,liquidity,none,0.5712114844572451,0.02687338070274198,10,0.8104238510208199,0.0031768997156029085,10,0.8088738379893281,0.03701037383498322,10,1.0,0.0,10,1.0,0.0,10,0.305135761515244,0.0013156033637391827,10,0.00897658737613331,0.00020142179526312458,10,0.7137256174320897,0.018975437405879585,10,0.9727334258097958,0.0002367882472783619,10,14.6,7.515909052728677,10,260.0,0.0,10,53.4,36.969056129567484,10,27.6,0.6992058987801013,10,0.018656649331118456,0.0027344850928086224,10,0.10813401073608317,0.06736928790825866,10,0.9160493606099541,0.006792427758180018,10,98.98123510733342,1.7684984772887207,10,0.5697704884098118,0.026788001774525245,10,0.7935662014716697,0.04109417603140398,10,0.024976649385077283,0.0002911747300280829,10,35.345262854475486,1.0353402678933308,10,0.03906576131067231,0.003687182131426756,10,0.3794807239890746,0.17133483286720444,10,0.5852948736454108,0.002437093676960598,10,31.77355586667594,0.874844773942145,10,0.016656293924098273,0.0019690628438522855,0.022939267361078156,0.0,0.0,0.0008154194128517791,0.00012484252211259123,0.01176109795290514,0.0001467628761735228,4.658408693487031,0.0,22.913658381944256,0.4333723059397724,0.0016948514197262239,0.04175591725021266,0.0042099903413680495,1.0961267124472958,0.016603375516137886,0.025470434186118593,0.00018047196741877966,0.6417105463670376,0.00228533916190384,0.10619442961939013,0.0015105263105164616,0.542234408611451
traditional,0.75,0.5,liquidity,position_limit,0.46533001246519223,0.0075135332003324765,10,0.8021212022998642,0.0032846029735033376,10,0.8431873732406782,0.030501486632485888,10,1.0,0.0,10,1.0,0.0,10,0.303986315810556,0.0007945294213967278,10,0.00834838636607967,0.0001015429155318443,10,0.7034064422541932,0.014153844791006169,10,0.9716027650292111,0.00013411208693886884,10,15.2,7.480344614759107,10,260.0,0.0,10,70.2,47.832578391255005,10,28.1,0.5676462121975463,10,0.01867122598344394,0.00273511386460104,10,0.10766282408689146,0.06741049194876124,10,0.915795153951013,0.006808941344595113,10,99.42670915624146,1.7577472596514416,10,0.46372583230906955,0.0074015117398134695,10,0.8212779307715834,0.035078828244528765,10,0.026004629028567972,0.00014871139983406936,10,37.729954240846084,1.165319233754162,10,0.03791693442591295,0.0027425205503657096,10,0.4897603267283853,0.15245879049075237,10,0.581968002592544,0.0015091665498641554,10,30.453785256023348,0.6884516099408433,10,0.004656936124915584,0.0020358180147039178,0.018905017276847576,0.0,0.0,0.0004924544373673586,6.293695109360433e-05,0.008772643888865521,8.31235326711275e-05,4.636365626460258,0.0,29.646939238684016,0.35183076739945396,0.0016952411365207553,0.0417814557791035,0.0042202255682683544,1.0894630387179165,0.004587504504352081,0.021742083000901146,9.217228055149844e-05,0.7222723440536027,0.0016998318479189377,0.09449493734397871,0.0009353911185573261,0.4267067286596852
traditional,0.75,0.5,volatility,all,0.03513889033088182,0.0023699568413192143,10,0.08783949172920089,0.024453933351310096,10,0.12089313591178072,0.0432904825550797,10,0.4162779261099141,0.036413386773287065,10,1.0,0.0,10,0.9296427229649329,0.003233199802251462,10,0.001137218867808996,1.49433062209218e-05,10,0.1413149611619438,0.009140211954065204,10,0.013362986296340907,0.005615624237041695,10,3.0,1.8856180831641267,10,0.0,0.0,10,11.1,17.660061658379842,10,0.0,0.0,10,0.016623439690042072,0.0022977333888200683,10,0.09264126244486566,0.06399043925392553,10,0.9428796866067766,0.003950254625465076,10,100.79852454505982,1.8983309724993274,10,0.029472636460799763,0.002841228942487431,10,0.12661980311806004,0.08128222342217642,10,0.9304118731650464,0.0047678403153458,10,101.46808495461937,2.1995614458384516,10,0.018604321438582712,0.0034875723574860945,10,0.10445580323037473,0.08692592786629365,10,0.9288735727648192,0.0041115708060161255,10,101.66225126093401,3.0411473863654255,10,0.0014689144686739256,0.015156704919458499,0.026831719072840148,0.02256925094675034,0.0,0.0020039579990820413,9.261957152569329e-06,0.005665162062022695,0.0034805999622486215,1.16871819623989,0.0,10.945819618060181,0.0,0.0014241499090397825,0.039661685157341885,0.0024483931830006633,1.176597726684306,0.0017610119432013589,0.05037924402216564,0.0029551380436277637,1.3633023083791487,0.002161619742242613,0.05387724827707372,0.0025483779875807968,1.8849226784718365
traditional,0.75,0.5,volatility,circuit_breaker,0.035922128863824024,0.0017818416026226366,10,0.10498637703195002,0.018471224466511692,10,0.10481170214446704,0.06065040002148231,10,0.3545508814852519,0.026521825096533155,10,1.0,0.0,10,0.9037836789063155,0.004183628693742878,10,0.0012634440485503177,2.1021860139731732e-05,10,0.27108666014877836,0.02001742551418528,10,0.014430944843411907,0.005518915346520616,10,3.0,3.559026084010437,10,0.0,0.0,10,8.1,6.806043066438988,10,0.0,0.0,10,0.018656649331118456,0.0027344850928086224,10,0.10813401073608317,0.06736928790825866,10,0.9160493606099541,0.006792427758180018,10,98.98123510733342,1.7684984772887207,10,0.030254319181028354,0.0018415486255340904,10,0.12588904733205938,0.0707757131538252,10,0.902786869912654,0.007237169280218479,10,98.41181411382901,1.717354746050504,10,0.018971826033205488,0.0030528089132119784,10,0.06853602681455517,0.07738562389946116,10,0.904780487899977,0.004499619546564213,10,98.23529705197632,2.3367605999240246,10,0.0011043968672107085,0.01144858353533548,0.03759150739336902,0.016438397501893333,0.0,0.0025930399291058544,1.3029483904231325e-05,0.012406928873448157,0.0034206591708978644,2.2059072207748596,0.0,4.2184291968562055,0.0,0.0016948514197262239,0.04175591725021266,0.0042099903413680495,1.0961267124472958,0.0011414036634134865,0.04386724149141004,0.004485643992587586,1.0644274994118512,0.0018921505676945769,0.047964106616389814,0.0027888930887859683,1.448339225091075
traditional,0.75,0.5,volatility,execution_delay,0.03513680403090673,0.002369217843147424,10,0.08844849522746245,0.02374775531345465,10,0.12094041669027142,0.04330451006303204,10,0.4240623770314126,0.02728863280045808,10,1.0,0.0,10,0.9297232825564923,0.0032283787906392616,10,0.0011368488596144063,1.4915133571294467e-05,10,0.14092629681372448,0.009084809605208636,10,0.013360265162948382,0.0056083469453287165,10,3.0,1.8856180831641267,10,0.0,0.0,10,11.1,17.660061658379842,10,0.0,0.0,10,0.016619880598775793,0.002299556713509797,10,0.09272996827724556,0.06400084396190817,10,0.9429597149217026,0.003943909780845033,10,100.49374261167881,1.9223374796468844,10,0.029471916938512848,0.002839623481551919,10,0.1266537212436817,0.08128933761636735,10,0.9304921956427252,0.00476664982423913,10,101.17447780699426,2.214175000701411,10,0.018601689645709914,0.0034877796061796927,10,0.1045300370214048,0.08693727430961994,10,0.9289543694702592,0.004100627370823138,10,101.38083586174146,3.0399707219871264,10,0.0014684564328616523,0.014719011236948982,0.026840413412345148,0.016913669840759624,0.0,0.0020009699051271894,9.244495563422654e-06,0.005630823330441138,0.003476089450114568,1.16871819623989,0.0,10.945819618060181,0.0,0.0014252800173907608,0.03966813406216224,0.00244446060756242,1.1914771139695788,0.001760016868204233,0.05038365344540822,0.0029544001695952383,1.3723598835225896,0.0021617481963137303,0.053884280875507326,0.002541595176176085,1.8841933743343422
traditional,0.75,0.5,volatility,liquidity_buffer,0.035922128863824024,0.0017818416026226366,10,0.10498637703195002,0.018471224466511692,10,0.10481170214446704,0.06065040002148231,10,0.3545508814852519,0.026521825096533155,10,1.0,0.0,10,0.9037836789063155,0.004183628693742878,10,0.0012634440485503177,2.1021860139731732e-05,10,0.27108666014877836,0.02001742551418528,10,0.014430944843411907,0.005518915346520616,10,3.0,3.559026084010437,10,0.0,0.0,10,8.1,6.806043066438988,10,0.0,0.0,10,0.018656649331118456,0.0027344850928086224,10,0.10813401073608317,0.06736928790825866,10,0.9160493606099541,0.006792427758180018,10,98.98123510733342,1.7684984772887207,10,0.030254319181028354,0.0018415486255340904,10,0.12588904733205938,0.0707757131538252,10,0.902786869912654,0.007237169280218479,10,98.41181411382901,1.717354746050504,10,0.018971826033205488,0.0030528089132119784,10,0.06853602681455517,0.07738562389946116,10,0.904780487899977,0.004499619546564213,10,98.23529705197632,2.3367605999240246,10,0.0011043968672107085,0.01144858353533548,0.03759150739336902,0.016438397501893333,0.0,0.0025930399291058544,1.3029483904231325e-05,0.012406928873448157,0.0034206591708978644,2.2059072207748596,0.0,4.2184291968562055,0.0,0.0016948514197262239,0.04175591725021266,0.0042099903413680495,1.0961267124472958,0.0011414036634134865,0.04386724149141004,0.004485643992587586,1.0644274994118512,0.0018921505676945769,0.047964106616389814,0.0027888930887859683,1.448339225091075
traditional,0.75,0.5,volatility,none,0.035922128863824024,0.0017818416026226366,10,0.10498637703195002,0.018471224466511692,10,0.10481170214446704,0.06065040002148231,10,0.3545508814852519,0.026521825096533155,10,1.0,0.0,10,0.9037836789063155,0.004183628693742878,10,0.0012634440485503177,2.1021860139731732e-05,10,0.27108666014877836,0.02001742551418528,10,0.014430944843411907,0.005518915346520616,10,3.0,3.559026084010437,10,0.0,0.0,10,8.1,6.806043066438988,10,0.0,0.0,10,0.018656649331118456,0.0027344850928086224,10,0.10813401073608317,0.06736928790825866,10,0.9160493606099541,0.006792427758180018,10,98.98123510733342,1.7684984772887207,10,0.030254319181028354,0.0018415486255340904,10,0.12588904733205938,0.0707757131538252,10,0.902786869912654,0.007237169280218479,10,98.41181411382901,1.717354746050504,10,0.018971826033205488,0.0030528089132119784,10,0.06853602681455517,0.07738562389946116,10,0.904780487899977,0.004499619546564213,10,98.23529705197632,2.3367605999240246,10,0.0011043968672107085,0.01144858353533548,0.03759150739336902,0.016438397501893333,0.0,0.0025930399291058544,1.3029483904231325e-05,0.012406928873448157,0.0034206591708978644,2.2059072207748596,0.0,4.2184291968562055,0.0,0.0016948514197262239,0.04175591725021266,0.0042099903413680495,1.0961267124472958,0.0011414036634134865,0.04386724149141004,0.004485643992587586,1.0644274994118512,0.0018921505676945769,0.047964106616389814,0.0027888930887859683,1.448339225091075
traditional,0.75,0.5,volatility,position_limit,0.035941264468581216,0.001780026650651968,10,0.10386942578681105,0.01873861965012938,10,0.10454859774654209,0.060619299655838885,10,0.36360134049548837,0.022673052471836493,10,1.0,0.0,10,0.9035392082836923,0.0041976829090451,10,0.001264719826981326,2.1138979448070723e-05,10,0.27230402096417966,0.020118659275231827,10,0.014439314861060948,0.005519362051368696,10,3.0,3.559026084010437,10,0.0,0.0,10,8.1,6.806043066438988,10,0.0,0.0,10,0.01867122598344394,0.00273511386460104,10,0.10766282408689146,0.06741049194876124,10,0.915795153951013,0.006808941344595113,10,99.42670915624146,1.7577472596514416,10,0.03026775926264741,0.0018425476657988847,10,0.1256954502403082,0.07077800144351801,10,0.9025317177778458,0.007262401786170188,10,98.83486070451242,1.7073796115368616,10,0.018986337329424986,0.0030526684300838523,10,0.06811721113126959,0.07729859687478922,10,0.9045466987895388,0.004505651693920484,10,98.63825522399881,2.3303449673662,10,0.0011032719483247682,0.011614316787191284,0.03757223118703555,0.01405290351462474,0.0,0.002601750821997811,1.3102075203608939e-05,0.012469674208606573,0.0034209360414311713,2.2059072207748596,0.0,4.2184291968562055,0.0,0.0016952411365207553,0.0417814557791035,0.0042202255682683544,1.0894630387179165,0.0011420228749848362,0.043868659788055646,0.004501283261804292,1.0582448469860366,0.001892063495349667,0.047910166707663425,0.002792631852452174,1.4443627748344372
traditional,0.75,0.9,fundamental,all,0.029865063645333024,0.003358290752899398,10,0.11557682453961568,0.012127174072888073,10,0.03589280380465003,0.033358841575763055,10,0.4639443819328141,0.09352777985313067,10,1.0,0.0,10,0.924280320040318,0.004364258323043793,10,0.0011641669069598001,2.1771803194098954e-05,10,0.20681836146129845,0.013632965910917682,10,0.002254202409036743,0.002973345009751276,10,2.9,3.0349812373573433,10,0.0,0.0,10,8.4,14.871299726505265,10,0.0,0.0,10,0.017335259227055987,0.0022575475211768898,10,0.07001167733426752,0.06428584271169684,10,0.9257416903455505,0.003477845640505011,10,100.7989021160972,1.9060640209272954,10,0.02269114385384993,0.0027761621175243184,10,0.07299904803449031,0.06437111778462055,10,0.9238334842550298,0.004047336626011505,10,98.84337324923244,2.0672910288741786,10,0.01825123804847115,0.0028031436456786942,10,0.10304475567487663,0.09325959094120964,10,0.9247271558256062,0.006417423477926673,10,97.31194159642828,2.2903537809387737,10,0.002081490173551787,0.007516500363726757,0.0206760242188898,0.05796911853160146,0.0,0.0027049953332403992,1.349430342500721e-05,0.00844979981421868,0.0018428983300606799,1.881100859721361,0.0,9.217327064947963,0.0,0.001399242450225291,0.039844778117370236,0.0021555910605986646,1.1813907197569036,0.0017206831072695671,0.03989763215515311,0.0025085652303410188,1.2813202545843625,0.0017374064316786455,0.057802893321846405,0.003977560280417166,1.4195759806875936
traditional,0.75,0.9,fundamental,circuit_breaker,0.03443212584670078,0.0027830875491497323,10,0.1321182039068902,0.022825921335317807,10,-0.010138249897538847,0.043867253135963805,10,0.3585310711601838,0.026569241812271265,10,1.0,0.0,10,0.8819053104998542,0.006294699263955541,10,0.0013864245784608125,3.750193654304751e-05,10,0.40875297615083284,0.0305551721015896,10,0.004190269045020001,0.007465809901561009,10,3.5,2.41522945769824,10,0.0,0.0,10,4.1,6.789698078707183,10,0.0,0.0,10,0.02144886963058246,0.002863010657012647,10,0.030350881624394498,0.06412284786708895,10,0.8828454435194895,0.0077092684906256955,10,98.99966785845137,1.7765507871790065,10,0.026712482653059415,0.0020360053538023065,10,0.02802648666955848,0.05995436688982683,10,0.8791014713107839,0.007497029640642304,10,97.03368669643595,2.002393673648994,10,0.02053257260585959,0.00295906799067516,10,0.01725935517097146,0.06000957691456388,10,0.8847091496889243,0.007221286098170151,10,94.91239335512526,2.262940541798771,10,0.001724975534261917,0.01414765261784151,0.027189205182542683,0.01646778668678918,0.0,0.00390149502453745,2.3243941084053737e-05,0.01893829187533355,0.004627356917886972,1.4969747270189078,0.0,4.208298468502442,0.0,0.0017745123897330373,0.03974375286602832,0.004778254114732545,1.1011175858243412,0.001261929192277201,0.03716010158886668,0.004646707112643773,1.2410964570843703,0.0018340493419589528,0.037194321116723966,0.004475799494361878,1.4025850790374381
traditional,0.75,0.9,fundamental,execution_delay,0.029858021776668287,0.0033589307970335954,10,0.11598792779008382,0.012391789976741154,10,0.035945651633616175,0.033448209725972185,10,0.4305226161276547,0.043955891097893975,10,1.0,0.0,10,0.9243748306056085,0.004366047235324735,10,0.0011637171123588012,2.1748175372484973e-05,10,0.20633809687478952,0.013626407554723033,10,0.0022581283377118067,0.002960972644302495,10,2.9,3.0349812373573433,10,0.0,0.0,10,8.4,14.871299726505265,10,0.0,0.0,10,0.017337750998975724,0.0022765576227609125,10,0.0699825044154798,0.06437209325702961,10,0.9258425302667433,0.0034880194065900426,10,100.51174498252537,1.9313623498943546,10,0.022684439473113945,0.002775473844348455,10,0.07306432700215723,0.06448167232402512,10,0.9239260189932363,0.0040654232591450686,10,98.57654914391287,2.0951274269411466,10,0.01824890613517799,0.0028060766606832024,10,0.10315203797486938,0.09321952248225716,10,0.924823642217981,0.006422407705779269,10,97.0620000104141,2.315658392996271,10,0.002081886877016138,0.00768051100013761,0.020731415172257434,0.02724414356052619,0.0,0.0027061041125594357,1.3479658749447334e-05,0.008445734902935454,0.0018352298585077047,1.881100859721361,0.0,9.217327064947963,0.0,0.0014110250332584017,0.03989823675921613,0.002161896826147918,1.1970707865011994,0.0017202565111354945,0.039966154568590206,0.002519775441698581,1.298573432854721,0.0017392243332124818,0.057778058633692335,0.003980649536845891,1.4352599417316894
traditional,0.75,0.9,fundamental,liquidity_buffer,0.03443212584670078,0.0027830875491497323,10,0.1321182039068902,0.022825921335317807,10,-0.010138249897538847,0.043867253135963805,10,0.3585310711601838,0.026569241812271265,10,1.0,0.0,10,0.8819053104998542,0.006294699263955541,10,0.0013864245784608125,3.750193654304751e-05,10,0.40875297615083284,0.0305551721015896,10,0.004190269045020001,0.007465809901561009,10,3.5,2.41522945769824,10,0.0,0.0,10,4.1,6.789698078707183,10,0.0,0.0,10,0.02144886963058246,0.002863010657012647,10,0.030350881624394498,0.06412284786708895,10,0.8828454435194895,0.0077092684906256955,10,98.99966785845137,1.7765507871790065,10,0.026712482653059415,0.0020360053538023065,10,0.02802648666955848,0.05995436688982683,10,0.8791014713107839,0.007497029640642304,10,97.03368669643595,2.002393673648994,10,0.02053257260585959,0.00295906799067516,10,0.01725935517097146,0.06000957691456388,10,0.8847091496889243,0.007221286098170151,10,94.91239335512526,2.262940541798771,10,0.001724975534261917,0.01414765261784151,0.027189205182542683,0.01646778668678918,0.0,0.00390149502453745,2.3243941084053737e-05,0.01893829187533355,0.004627356917886972,1.4969747270189078,0.0,4.208298468502442,0.0,0.0017745123897330373,0.03974375286602832,0.004778254114732545,1.1011175858243412,0.001261929192277201,0.03716010158886668,0.004646707112643773,1.2410964570843703,0.0018340493419589528,0.037194321116723966,0.004475799494361878,1.4025850790374381
traditional,0.75,0.9,fundamental,none,0.03443212584670078,0.0027830875491497323,10,0.1321182039068902,0.022825921335317807,10,-0.010138249897538847,0.043867253135963805,10,0.3585310711601838,0.026569241812271265,10,1.0,0.0,10,0.8819053104998542,0.006294699263955541,10,0.0013864245784608125,3.750193654304751e-05,10,0.40875297615083284,0.0305551721015896,10,0.004190269045020001,0.007465809901561009,10,3.5,2.41522945769824,10,0.0,0.0,10,4.1,6.789698078707183,10,0.0,0.0,10,0.02144886963058246,0.002863010657012647,10,0.030350881624394498,0.06412284786708895,10,0.8828454435194895,0.0077092684906256955,10,98.99966785845137,1.7765507871790065,10,0.026712482653059415,0.0020360053538023065,10,0.02802648666955848,0.05995436688982683,10,0.8791014713107839,0.007497029640642304,10,97.03368669643595,2.002393673648994,10,0.02053257260585959,0.00295906799067516,10,0.01725935517097146,0.06000957691456388,10,0.8847091496889243,0.007221286098170151,10,94.91239335512526,2.262940541798771,10,0.001724975534261917,0.01414765261784151,0.027189205182542683,0.01646778668678918,0.0,0.00390149502453745,2.3243941084053737e-05,0.01893829187533355,0.004627356917886972,1.4969747270189078,0.0,4.208298468502442,0.0,0.0017745123897330373,0.03974375286602832,0.004778254114732545,1.1011175858243412,0.001261929192277201,0.03716010158886668,0.004646707112643773,1.2410964570843703,0.0018340493419589528,0.037194321116723966,0.004475799494361878,1.4025850790374381
traditional,0.75,0.9,fundamental,position_limit,0.03445864002516723,0.0027980911233492414,10,0.13146785390096885,0.02285555463095973,10,-0.010288608485088382,0.0435933884287027,10,0.4621998825332305,0.16036710143103608,10,1.0,0.0,10,0.881610528212175,0.006311612727710496,10,0.0013879135622139591,3.7515905593530465e-05,10,0.4101211241861263,0.030491185690983812,10,0.004168536847768944,0.007464784765194326,10,3.5,2.41522945769824,10,0.0,0.0,10,4.1,6.789698078707183,10,0.0,0.0,10,0.02147077479748851,0.0028470652096836305,10,0.029715506775149225,0.06387742240760123,10,0.882508249159142,0.00769192764832611,10,99.4227657840473,1.7628857851063628,10,0.02673247977184614,0.0020437510277811956,10,0.027778447112385134,0.05980889260526197,10,0.8787991148719806,0.007510511431704688,10,97.42692029745763,2.0015051053624124,10,0.02055117559632707,0.002955922268309915,10,0.01688965753033949,0.05970307218568284,10,0.8844219415523693,0.007251874838477573,10,95.27809970567998,2.2547106816265208,10,0.001734274845894619,0.01416601952476741,0.027019462078389338,0.0993965592471391,0.0,0.0039119780979807684,2.3252599191243836e-05,0.018898632687158197,0.004626721531784098,1.4969747270189078,0.0,4.208298468502442,0.0,0.0017646292990865287,0.039591636590264496,0.004767506149322898,1.092647929791368,0.0012667300107473331,0.03706993569314582,0.004655063213316117,1.2405457167545009,0.0018320996030370543,0.03700434751757617,0.004494758592026742,1.3974841588555107
traditional,0.75,0.9,liquidity,all,0.026924401657325608,0.0036575216426323986,10,0.0788185065927072,0.01147163795299703,10,0.06011454184026345,0.04499183520269931,10,0.4516866086643369,0.10018688600386219,10,1.0,0.0,10,0.6851856840666013,0.002301602676909714,10,0.0012422700143241852,2.8541050895366626e-05,10,0.20740503406548133,0.01535761872294459,10,0.40599061910285317,0.0020795406427975976,10,1.6,2.3664319132398464,10,0.0,0.0,10,8.1,15.117686477912038,10,8.1,0.3162277660168377,10,0.017335259227055987,0.0022575475211768898,10,0.07001167733426752,0.06428584271169684,10,0.9257416903455505,0.003477845640505011,10,100.7989021160972,1.9060640209272954,10,0.019162853085536606,0.0030593426619443653,10,0.023138437796999135,0.056005346544332126,10,0.55,0.0,10,100.94617892092901,2.124670936174275,10,0.01872890867175627,0.0027074533395308386,10,0.08980219756873063,0.09225767616859681,10,0.8203713681332025,0.004603205353819404,10,101.377063306744,2.403069488632538,10,0.0022669554004874424,0.007110194867163235,0.027886228368888762,0.0620964752845625,0.0,0.0014265481186439641,1.7689926618252732e-05,0.009518750701786457,0.0012889126439536826,1.466729695615385,0.0,9.370039155616041,0.19599999999999984,0.001399242450225291,0.039844778117370236,0.0021555910605986646,1.1813907197569036,0.0018962002271146786,0.03471247342051744,0.0,1.3168846895878974,0.0016780969654631424,0.05718190011209247,0.002853096237287914,1.4894379001080453
traditional,0.75,0.9,liquidity,circuit_breaker,0.18708241623556612,0.0015491509423214255,10,0.5613483032549886,0.010046072488959966,10,0.8043508466943331,0.014789222460265984,10,1.0,0.0,10,1.0,0.0,10,0.2741963315346011,0.002808840363791505,10,0.019440389582641517,0.0009135441763583243,10,1.5382081884641277,0.06642541271282745,10,0.9681238471442377,0.00027262634988211903,10,4.2,5.808040403899867,10,260.0,0.0,10,30.4,3.2386554137309647,10,31.4,0.9660917830792948,10,0.02144886963058246,0.002863010657012647,10,0.030350881624394498,0.06412284786708895,10,0.8828454435194895,0.0077092684906256955,10,98.99966785845137,1.7765507871790065,10,0.1601191283621908,0.0021636978290153898,10,0.7540630095724328,0.022399433032954774,10,0.028139747102191477,0.0001933262284735364,10,82.29900723352613,2.5181450669151135,10,0.09648068507000132,0.004659047638634559,10,0.9521310731993395,0.0167184311478795,10,0.5202529159670106,0.00566319816491315,10,50.31690056831411,1.4596195998267796,10,0.00096017370175784,0.006226620238436968,0.009166455048282474,0.0,0.0,0.0017409372941458315,0.0005662205467330708,0.041170897343090825,0.00016897556229787276,3.599860738047145,0.0,2.0073394221096628,0.5987898908075623,0.0017745123897330373,0.03974375286602832,0.004778254114732545,1.1011175858243412,0.0013410738083778368,0.013883312429387902,0.00011982483783158855,1.5607624824730988,0.0028877076440016036,0.010362190981072496,0.0035100865882342373,0.9046816007637224
traditional,0.75,0.9,liquidity,execution_delay,0.3712483468097549,0.01798600467548526,10,0.7250151569364,0.004335422088512692,10,0.7014119682667281,0.0490950487852328,10,1.0,0.0,10,1.0,0.0,10,0.31860741392588765,0.0016980476454458266,10,0.0068428211816900855,0.00016872150762388305,10,0.5374799688547244,0.01161065884857823,10,0.97021307658402,0.0002680699495679254,10,10.8,4.315347288715269,10,260.0,0.0,10,34.9,12.939603291188385,10,24.8,0.42163702135578357,10,0.017337750998975724,0.0022765576227609125,10,0.0699825044154798,0.06437209325702961,10,0.9258425302667433,0.0034880194065900426,10,100.51174498252537,1.9313623498943546,10,0.3698546438882836,0.018196712417712074,10,0.6577347906174954,0.055791833806644535,10,0.02758331584019515,0.00027707347224818475,10,49.69308056501946,1.6489678802661136,10,0.031311831692638334,0.002191215281092094,10,0.44632026985393597,0.13611618100714443,10,0.6096315120115802,0.003337522287436682,10,39.4104971576603,1.3899471504790184,10,0.011147841193070327,0.002687122449909228,0.030429426495690005,0.0,0.0,0.0010524608344785913,0.00010457467385239111,0.007196360910952269,0.00016615147612469844,2.6746799600866056,0.0,8.020049210156587,0.2613333333333331,0.0014110250332584017,0.03989823675921613,0.002161896826147918,1.1970707865011994,0.011278439204739726,0.034580136854649474,0.00017173191729708071,1.0220408808597445,0.0013581293018753522,0.08436568304372034,0.0020686177452955167,0.8614981692638013
traditional,0.75,0.9,liquidity,liquidity_buffer,0.03570686832686274,0.003104929469477638,10,0.0978684807680716,0.02244978879038715,10,-0.032305356203541705,0.03815791367468939,10,0.34165068941676663,0.02071700890809177,10,1.0,0.0,10,0.668193186539878,0.0034957402671537603,10,0.0015820841186045928,6.554534182303522e-05,10,0.4382213382535595,0.03912957993309858,10,0.3769560416555922,0.005505071991806335,10,2.3,3.2335051500740732,10,0.0,0.0,10,8.2,11.15347479487895,10,7.2,0.7888106377466155,10,0.02144886963058246,0.002863010657012647,10,0.030350881624394498,0.06412284786708895,10,0.8828454435194895,0.0077092684906256955,10,98.99966785845137,1.7765507871790065,10,0.027417433048613993,0.002537675900479507,10,-0.04766077962868564,0.038467076392081564,10,0.55,0.0,10,99.0479374013742,2.0368789726203613,10,0.02260328453780991,0.00267186354338036,10,-0.011289939200545744,0.0585722838945443,10,0.7863863730797561,0.006991480534307499,10,98.83984194987924,2.3578400044954724,10,0.001924455223154608,0.013914523251198596,0.023650519922532337,0.01284053515329131,0.0,0.00216668226510399,4.062542375431655e-05,0.024252764908945266,0.0034120789707523316,2.0041472556232542,0.0,6.912995298710972,0.4889098985384617,0.0017745123897330373,0.03974375286602832,0.004778254114732545,1.1011175858243412,0.0015728678185314678,0.023842140960027316,0.0,1.2624706668304813,0.0016560381812730075,0.036303477673492485,0.004333364530207966,1.461404375403599
traditional,0.75,0.9,liquidity,none,0.5670939107858928,0.022603013041927154,10,0.8103167119668298,0.0026348444366447966,10,0.8207414929533032,0.03862538194721298,10,1.0,0.0,10,1.0,0.0,10,0.3058754724713066,0.0018252332288125274,10,0.008959928440672126,0.00014882590096349237,10,0.7052876090715662,0.01842199033205618,10,0.9721042393869178,0.0002754530901606009,10,9.3,2.3118054512532935,10,260.0,0.0,10,35.2,17.1386502774674,10,24.9,0.5676462121975464,10,0.02144886963058246,0.002863010657012647,10,0.030350881624394498,0.06412284786708895,10,0.8828454435194895,0.0077092684906256955,10,98.99966785845137,1.7765507871790065,10,0.5656417507697757,0.02259343428088206,10,0.8078019295817833,0.04319111307891406,10,0.024625920306478755,0.00020806442440834635,10,34.42205820371986,1.0117961765269983,10,0.0383441044524038,0.004424922225150116,10,0.2990115469164211,0.18154899433001723,10,0.5871250246361345,0.0036051891750104943,10,31.839047709927428,0.8880434591114746,10,0.01400949262621623,0.0016330935012040726,0.023940259759639954,0.0,0.0,0.0011312912757578876,9.224324908677157e-05,0.011418067902648227,0.00017072759407408603,1.4328718636981388,0.0,10.622645495983255,0.351830767399454,0.0017745123897330373,0.03974375286602832,0.004778254114732545,1.1011175858243412,0.01400355564861149,0.026770129233422223,0.000128959666311732,0.6271177673523213,0.002742595209312654,0.11252523248318644,0.002234519401008045,0.550415038433346
traditional,0.75,0.9,liquidity,position_limit,0.4661876276962274,0.005629074814895923,10,0.8027898083563028,0.002375454061643873,10,0.8459247046460581,0.027728948694387832,10,1.0,0.0,10,1.0,0.0,10,0.3049719005776722,0.0013200248579107931,10,0.0083763083032767,7.654290324695375e-05,10,0.695370349069286,0.015539332553756755,10,0.9710007555781426,0.00022434896813167184,10,10.5,3.9510898637098997,10,260.0,0.0,10,36.0,16.55294535724685,10,25.0,0.6666666666666662,10,0.02147077479748851,0.0028470652096836305,10,0.029715506775149225,0.06387742240760123,10,0.882508249159142,0.00769192764832611,10,99.4227657840473,1.7628857851063628,10,0.4646192830841403,0.005433074000977387,10,0.82579051079121,0.03150735027605484,10,0.025590432991466006,8.820120008129763e-05,10,36.705891610466345,0.9958711908276282,10,0.03708257805607534,0.0038990391072041474,10,0.39029283027520845,0.16902360001692837,10,0.5843533681638784,0.002617305988176889,10,30.603384810521696,0.7068862428881546,10,0.003488936716774119,0.0014723216811309613,0.017186580459258683,0.0,0.0,0.000818159883331495,4.744178294452522e-05,0.009631378100979759,0.00013905293108090424,2.448910869028198,0.0,10.259621825389083,0.4132042809286679,0.0017646292990865287,0.039591636590264496,0.004767506149322898,1.092647929791368,0.0033674541537091554,0.019528458022177373,5.466767018495727e-05,0.61724735895526,0.0024166494759075693,0.10476191265745459,0.0016222230582223934,0.43813263253645174
traditional,0.75,0.9,volatility,all,0.0357661137671897,0.0022546058262759364,10,0.08893403879341708,0.024087371191484283,10,0.10974303361018926,0.03844535970452917,10,0.48479435015238714,0.09006572722037966,10,1.0,0.0,10,0.914439613707604,0.0031535809027874403,10,0.001208003397190039,1.543420919253417e-05,10,0.21426062131943685,0.013808676862446212,10,0.011688470408747686,0.005165395552971257,10,1.7,1.1595018087284057,10,0.0,0.0,10,11.2,17.637082147188256,10,0.0,0.0,10,0.017335259227055987,0.0022575475211768898,10,0.07001167733426752,0.06428584271169684,10,0.9257416903455505,0.003477845640505011,10,100.7989021160972,1.9060640209272954,10,0.029864280050332682,0.002784861639276246,10,0.11839435755170599,0.07804487453084505,10,0.9150933452070978,0.0046652675784309705,10,101.456605676726,2.2076331410320504,10,0.019170252839280387,0.00339295046590044,10,0.08578095951939366,0.0852372156065547,10,0.9137858822081097,0.0037636027360686106,10,101.65151040900028,3.042512065527597,10,0.001397419168835901,0.01492950733895877,0.023828680817630957,0.05582331607862183,0.0,0.0019546096939299967,9.566221966655584e-06,0.008558706590285138,0.003201545332766443,0.7186666666666667,0.0,10.931576769463161,0.0,0.001399242450225291,0.039844778117370236,0.0021555910605986646,1.1813907197569036,0.00172607512671446,0.04837271439102894,0.002891562802628097,1.3683051968916684,0.0021029724862334713,0.052830573574602434,0.002332705143387598,1.8857685153796917
traditional,0.75,0.9,volatility,circuit_breaker,0.038704493280253174,0.0017175679248529008,10,0.10785162551260745,0.018423302117490596,10,0.06517317014372456,0.054115630007807634,10,0.36471249632653907,0.02555800863133397,10,1.0,0.0,10,0.8744810209305743,0.0056294388665523,10,0.0014259805191897588,3.529691442285829e-05,10,0.41941471745260417,0.02937262228131215,10,0.01006824751837473,0.006771715675236701,10,1.3,1.3374935098492586,10,0.0,0.0,10,5.1,3.414023367751831,10,0.0,0.0,10,0.02144886963058246,0.002863010657012647,10,0.030350881624394498,0.06412284786708895,10,0.8828454435194895,0.0077092684906256955,10,98.99966785845137,1.7765507871790065,10,0.03197722028054079,0.0020450072564948563,10,0.09651891820360879,0.06635475768615386,10,0.8739225256783228,0.0082554243123075,10,98.41852631570227,1.7207243512075714,10,0.021490215522677387,0.0026158234673660406,10,0.007033312266041732,0.06454196947800699,10,0.8750395161828258,0.005614052130646862,10,98.24331223039033,2.338774594825232,10,0.0010645596290024817,0.011418880955683967,0.033541214976567015,0.015841017867718573,0.0,0.00348916235832846,2.187725421464685e-05,0.01820533990310845,0.004197152859359358,0.8289870659760352,0.0,2.1160336061183482,0.0,0.0017745123897330373,0.03974375286602832,0.004778254114732545,1.1011175858243412,0.0012675086293707984,0.041127104903854836,0.005116765000092099,1.0665160023257605,0.0016213041823039806,0.04000352713181989,0.0034796255606099912,1.449587512063496
traditional,0.75,0.9,volatility,execution_delay,0.0357642165675735,0.0022578454070569048,10,0.08957002914108264,0.02341754455447098,10,0.10975781742368021,0.0384822455805835,10,0.40860092337113957,0.032405574346409685,10,1.0,0.0,10,0.914531245976173,0.003174539711121156,10,0.001207580869133801,1.550278289867603e-05,10,0.21380401365089913,0.013778285151162762,10,0.01170423596025758,0.005192177180481044,10,1.7,1.1595018087284057,10,0.0,0.0,10,11.2,17.637082147188256,10,0.0,0.0,10,0.017337750998975724,0.0022765576227609125,10,0.0699825044154798,0.06437209325702961,10,0.9258425302667433,0.0034880194065900426,10,100.51174498252537,1.9313623498943546,10,0.02986358427258169,0.0027858759204562123,10,0.11839306476127873,0.07805840484289703,10,0.9151740510555577,0.00472195743158309,10,101.1820134874533,2.2182650289260906,10,0.019167658279375145,0.0033947685085954017,10,0.08579900299745091,0.08526944966152111,10,0.9138884408967884,0.0037555505602593913,10,101.38926546979341,3.0352892262191467,10,0.001399427081806567,0.014514344488117847,0.023851542920468143,0.020085183068833067,0.0,0.001967600097919979,9.608724390061024e-06,0.008539869612474533,0.003218144757472365,0.7186666666666667,0.0,10.931576769463161,0.0,0.0014110250332584017,0.03989823675921613,0.002161896826147918,1.1970707865011994,0.0017267037847029012,0.04838110056532221,0.002926699537639608,1.3748949092799247,0.0021040993207701755,0.05285055244885815,0.002327714353114858,1.8812917531956244
traditional,0.75,0.9,volatility,liquidity_buffer,0.038704493280253174,0.0017175679248529008,10,0.10785162551260745,0.018423302117490596,10,0.06517317014372456,0.054115630007807634,10,0.36471249632653907,0.02555800863133397,10,1.0,0.0,10,0.8744810209305743,0.0056294388665523,10,0.0014259805191897588,3.529691442285829e-05,10,0.41941471745260417,0.02937262228131215,10,0.01006824751837473,0.006771715675236701,10,1.3,1.3374935098492586,10,0.0,0.0,10,5.1,3.414023367751831,10,0.0,0.0,10,0.02144886963058246,0.002863010657012647,10,0.030350881624394498,0.06412284786708895,10,0.8828454435194895,0.0077092684906256955,10,98.99966785845137,1.7765507871790065,10,0.03197722028054079,0.0020450072564948563,10,0.09651891820360879,0.06635475768615386,10,0.8739225256783228,0.0082554243123075,10,98.41852631570227,1.7207243512075714,10,0.021490215522677387,0.0026158234673660406,10,0.007033312266041732,0.06454196947800699,10,0.8750395161828258,0.005614052130646862,10,98.24331223039033,2.338774594825232,10,0.0010645596290024817,0.011418880955683967,0.033541214976567015,0.015841017867718573,0.0,0.00348916235832846,2.187725421464685e-05,0.01820533990310845,0.004197152859359358,0.8289870659760352,0.0,2.1160336061183482,0.0,0.0017745123897330373,0.03974375286602832,0.004778254114732545,1.1011175858243412,0.0012675086293707984,0.041127104903854836,0.005116765000092099,1.0665160023257605,0.0016213041823039806,0.04000352713181989,0.0034796255606099912,1.449587512063496
traditional,0.75,0.9,volatility,none,0.038704493280253174,0.0017175679248529008,10,0.10785162551260745,0.018423302117490596,10,0.06517317014372456,0.054115630007807634,10,0.36471249632653907,0.02555800863133397,10,1.0,0.0,10,0.8744810209305743,0.0056294388665523,10,0.0014259805191897588,3.529691442285829e-05,10,0.41941471745260417,0.02937262228131215,10,0.01006824751837473,0.006771715675236701,10,1.3,1.3374935098492586,10,0.0,0.0,10,5.1,3.414023367751831,10,0.0,0.0,10,0.02144886963058246,0.002863010657012647,10,0.030350881624394498,0.06412284786708895,10,0.8828454435194895,0.0077092684906256955,10,98.99966785845137,1.7765507871790065,10,0.03197722028054079,0.0020450072564948563,10,0.09651891820360879,0.06635475768615386,10,0.8739225256783228,0.0082554243123075,10,98.41852631570227,1.7207243512075714,10,0.021490215522677387,0.0026158234673660406,10,0.007033312266041732,0.06454196947800699,10,0.8750395161828258,0.005614052130646862,10,98.24331223039033,2.338774594825232,10,0.0010645596290024817,0.011418880955683967,0.033541214976567015,0.015841017867718573,0.0,0.00348916235832846,2.187725421464685e-05,0.01820533990310845,0.004197152859359358,0.8289870659760352,0.0,2.1160336061183482,0.0,0.0017745123897330373,0.03974375286602832,0.004778254114732545,1.1011175858243412,0.0012675086293707984,0.041127104903854836,0.005116765000092099,1.0665160023257605,0.0016213041823039806,0.04000352713181989,0.0034796255606099912,1.449587512063496
traditional,0.75,0.9,volatility,position_limit,0.03874190586015549,0.001717408147095478,10,0.10681007781983143,0.018711903903851034,10,0.06479847874642594,0.05403204308406072,10,0.4542337861778022,0.178474178405149,10,1.0,0.0,10,0.8741636660879776,0.005644776916771413,10,0.0014277680337245074,3.545972582117733e-05,10,0.42099687819506704,0.029439837230543782,10,0.010071831943742749,0.006787971958963928,10,1.7,2.002775851439973,10,0.0,0.0,10,5.1,3.414023367751831,10,0.0,0.0,10,0.02147077479748851,0.0028470652096836305,10,0.029715506775149225,0.06387742240760123,10,0.882508249159142,0.00769192764832611,10,99.4227657840473,1.7628857851063628,10,0.032003881164108725,0.0020477828285687897,10,0.09624242848858217,0.06632704259384407,10,0.8735996049661008,0.008264080797578911,10,98.81628288748284,1.7103508180763223,10,0.02151810311926682,0.0026083267242205514,10,0.006468651224458057,0.06438911122346896,10,0.8747277272098541,0.005634357700647248,10,98.61919892009566,2.3317747923145538,10,0.0010644605977224353,0.01159775819609566,0.0334894072644842,0.11061944182835165,0.0,0.0034986689803459146,2.1978165764800963e-05,0.01824700016025582,0.00420722860840148,1.2413333333333327,0.0,2.1160336061183482,0.0,0.0017646292990865287,0.039591636590264496,0.004767506149322898,1.092647929791368,0.0012692289467652613,0.04110992691167173,0.005122130345250013,1.0600864198784792,0.0016166576527628725,0.039908784604094305,0.0034922110832862757,1.445248989518895
