market,participation,similarity,shock,safeguard,seed,realised_volatility,maximum_drawdown,mean_pairwise_correlation,peak_herding,peak_asset_herding,mean_depth,mean_spread_or_cost,mean_absolute_order_flow,normalised_liquidity_deterioration,recovery_time,price_recovery_time,volatility_recovery_time,liquidity_recovery_time,pre_volatility,pre_correlation,pre_depth,pre_price_level,shock_volatility,shock_correlation,shock_depth,shock_price_level,recovery_volatility,recovery_correlation,recovery_depth,recovery_price_level,robustness_case
traditional,0.5,0.9,fundamental,none,11,0.03452376145486885,0.11120804176753729,-0.05911615237465555,0.42857142857142855,1.0,0.9029992350994445,0.0012689208097938199,0.2888916213991568,0.008038272269332625,2.0,0.0,9.0,0.0,0.020813939863199737,0.11233182328159967,0.9102728511179322,99.05429163125584,0.026302889204920875,-0.03344964724674493,0.9042956208161828,96.0796476167037,0.021323635860952157,-0.048908270794189454,0.9017028493827062,94.22471261175502,baseline
traditional,0.5,0.9,fundamental,none,47,0.028988749753244485,0.12315140695567495,0.009760127980006472,0.3691275167785235,1.0,0.9179751408426486,0.0012044506368887808,0.2543694907775251,0.007430948702830231,6.0,0.0,3.0,0.0,0.01683855056049616,0.19459460272026033,0.9249227765510607,96.34206433171904,0.021530945854287643,-0.024196769893583558,0.9168807412410477,93.70436661849506,0.018001993818889072,0.07505821555101475,0.9190695404442496,92.36989231883287,baseline
traditional,0.5,0.9,fundamental,none,101,0.03199644843260485,0.1108359083149372,0.01028291636750429,0.4383561643835616,1.0,0.9078469206024948,0.0012346996084403653,0.2638015334303096,0.003912687483941468,0.0,0.0,0.0,0.0,0.020884068417533746,0.019604709102331974,0.9064110508951276,100.0851672880011,0.023647923286963947,0.00899634504404031,0.903506671339495,98.15995107450465,0.020157157422336484,0.11015732503795381,0.9121871698654946,96.42594768793296,baseline
traditional,0.5,0.9,fundamental,none,173,0.03359693086036952,0.11592699148543786,0.03845770768809977,0.38028169014084506,1.0,0.9066033298732087,0.0012537041143223196,0.27967260154847684,0.005602249845454765,3.0,0.0,15.0,0.0,0.01554264661934741,0.03509928284934281,0.9103348211218847,100.76656562770059,0.026441752418473567,0.1161766240111688,0.9055201343629303,98.3083674786724,0.01985290138537779,0.025300854322183996,0.907686525383487,96.2081438241361,baseline
traditional,0.5,0.9,fundamental,none,257,0.032083906494661106,0.123602753706239,0.07790622573939185,0.4084507042253521,1.0,0.9118817291494209,0.001223455989357375,0.26477695151310043,-0.0039619108849220375,6.0,0.0,7.0,0.0,0.016271621332235538,0.06436767764650315,0.909294280263764,100.00759178949019,0.02691077634257697,0.17979506522043404,0.913900801656917,97.55158769426875,0.016115652305938106,0.06212433657329271,0.9098626566419248,93.83950644717267,baseline
traditional,0.5,0.9,volatility,none,11,0.037457463265387486,0.10845643891556311,-0.009592363794958803,0.3561643835616438,1.0,0.8980213618476128,0.001288828993974777,0.289873142232472,0.016297403003318167,1.0,0.0,4.0,0.0,0.020813939863199737,0.11233182328159967,0.9102728511179322,99.05429163125584,0.033643477798637855,-4.72520692561762e-05,0.8967664031601974,97.49083052910703,0.016121124813441762,-0.018978785269522357,0.899276320535028,96.94325574471462,baseline
traditional,0.5,0.9,volatility,none,47,0.03841927111428969,0.09882876431919037,0.07879000942613838,0.4722222222222222,1.0,0.9005998713967738,0.0012905057736420874,0.289221459091889,0.021205353978105634,3.0,0.0,11.0,0.0,0.01683855056049616,0.19459460272026033,0.9249227765510607,96.34206433171904,0.0318830017719951,0.03998998079199281,0.904156702643991,96.08156688924673,0.02135271872292454,0.1861911649375805,0.8970430401495565,95.90829083830624,baseline
traditional,0.5,0.9,volatility,none,101,0.033123185770487555,0.06158738465250189,0.06910214033076773,0.4166666666666667,1.0,0.9020984761963985,0.0012643737821587426,0.27335323517004506,0.00896003759356967,0.0,0.0,4.0,0.0,0.020884068417533746,0.019604709102331974,0.9064110508951276,100.0851672880011,0.0274835968400296,0.06809449199351827,0.8989284436687539,100.52663212806179,0.018343313449522936,0.07114670949394555,0.9052685087240431,101.85119849016623,baseline
traditional,0.5,0.9,volatility,none,173,0.037684899883902154,0.06227611547795431,0.08400706728975305,0.36551724137931035,1.0,0.8971581623087923,0.0013017634391142734,0.3049596834043258,0.013859325648864718,0.0,0.0,6.0,0.0,0.01554264661934741,0.03509928284934281,0.9103348211218847,100.76656562770059,0.03193541942205233,0.11161255006791773,0.8980010622514069,100.18989951716921,0.019609957095372686,0.02454519431290793,0.8963152623661776,102.02114882526438,baseline
traditional,0.5,0.9,volatility,none,257,0.031796115915729686,0.10166502339265149,0.08143513080237764,0.3959731543624161,1.0,0.9060580805594151,0.0012574780921778405,0.27897916252431626,-0.0003819647561915662,4.0,0.0,15.0,0.0,0.016271621332235538,0.06436767764650315,0.909294280263764,100.00759178949019,0.02609119413493679,0.0666879404546638,0.9106419971131753,100.18983463539605,0.018136976571048496,0.11690721227956327,0.901474164005655,99.31391147434653,baseline
traditional,0.5,0.9,liquidity,none,11,0.4026899129906809,0.6961120361264876,0.7538983194591686,1.0,1.0,0.2939406787299859,0.00755355094409911,0.6382282606606782,0.9709455329648816,12.0,260.0,58.0,31.0,0.020813939863199737,0.11233182328159967,0.9102728511179322,99.05429163125584,0.39904122927261126,0.750818721006868,0.02648673489158989,45.7601416036258,0.04789326429706183,0.2713751989808754,0.561394622568382,46.181919513014364,baseline
traditional,0.5,0.9,liquidity,none,47,0.4029941195222162,0.7033597386190326,0.7253852583272042,1.0,1.0,0.3081054463101082,0.0072775647636278765,0.5850425191744592,0.9710572707672781,12.0,260.0,17.0,28.0,0.01683855056049616,0.19459460272026033,0.9249227765510607,96.34206433171904,0.4004538822860971,0.7062799669917601,0.026735702667493255,48.33373737623637,0.04066875257074474,0.4757384153067334,0.5894751899527232,45.78941633013041,baseline
traditional,0.5,0.9,liquidity,none,101,0.45814855502936924,0.7020503627739826,0.7347918470375141,1.0,1.0,0.3084148802799574,0.007645574985702742,0.5877876834910246,0.9712877737755093,12.0,260.0,17.0,27.0,0.020884068417533746,0.019604709102331974,0.9064110508951276,100.0851672880011,0.456488762912213,0.7277663207031703,0.02604358836506902,47.648722983995576,0.03788171338867811,0.29032447560158975,0.5907861721948457,50.22608552963684,baseline
traditional,0.5,0.9,liquidity,none,173,0.41751466294541284,0.7022911719356402,0.7050943506197906,1.0,1.0,0.30090935532109725,0.0076344465073607745,0.6330543046531544,0.9710614263412312,54.0,260.0,75.0,30.0,0.01554264661934741,0.03509928284934281,0.9103348211218847,100.76656562770059,0.41293836323178335,0.6964648890809129,0.02635209211172024,48.14392260476945,0.04789164329454895,0.21847117137244648,0.5754666185304742,46.88694041787087,baseline
traditional,0.5,0.9,liquidity,none,257,0.4135647580320427,0.6980854772812531,0.7241821529924825,1.0,1.0,0.3063232693136464,0.007459529563322325,0.595877124547955,0.9709067343091259,9.0,260.0,17.0,28.0,0.016271621332235538,0.06436767764650315,0.909294280263764,100.00759178949019,0.4116790221666008,0.7072186782308945,0.026483433832934757,49.573065938573585,0.036195254469443223,0.49263471393804686,0.586163104794358,45.29934751921492,baseline
amm,0.5,0.9,fundamental,none,11,0.025368087031673554,0.10483784213977396,-0.04298816275190878,0.35172413793103446,1.0,33.75845328037643,0.005238239907939332,0.27432939443068655,0.008559935635922167,7.0,0.0,14.0,0.0,0.01150596820397369,-0.11675062378973396,34.354389612170124,97.31730929746087,0.020243577039360458,-0.07136198946934454,34.07007652692017,95.72164977843117,0.014145040660221464,-0.01712439028757399,33.4468300338327,92.43029498239862,baseline
amm,0.5,0.9,fundamental,none,47,0.02397534366785793,0.13419846386922019,-0.07708452504571801,0.3611111111111111,1.0,34.19416636228858,0.005144918983019815,0.271030016430132,0.008327967726309504,6.0,0.0,15.0,0.0,0.011299571925971155,-0.14961774249913312,34.57657619271676,98.90163407263843,0.018366499100979126,-0.0776249516185779,34.300842830353574,97.38782410634165,0.014357716255998614,-0.0837929115873942,34.08748989422359,96.54060245358782,baseline
amm,0.5,0.9,fundamental,none,101,0.023629316735246444,0.10668434798941964,-0.010913243698508013,0.3959731543624161,1.0,34.40791362793234,0.005162141682207395,0.26357641218002426,0.009346892532309026,4.0,0.0,10.0,0.0,0.013738616298107978,-0.10767216991660053,35.05205864293468,101.40290125155012,0.018695485576204672,0.0209167338868645,34.74124842430751,99.64478602674455,0.013283623952752066,0.045724813924580957,34.07457883155717,96.00832969476805,baseline
amm,0.5,0.9,fundamental,none,173,0.0243900908948333,0.1141934856414714,-0.08031949651633988,0.4125874125874126,1.0,34.722709609424435,0.005202035433373406,0.3008316302235112,0.0026588233701781983,0.0,0.0,4.0,0.0,0.013597551451825443,-0.11201138978888389,34.948075233667346,100.81439763344282,0.019741332027512295,-0.06254714609536287,34.85251111423923,100.45913082768662,0.01347315021982092,-0.086054887957758,34.592908104609634,99.13663426282456,baseline
amm,0.5,0.9,fundamental,none,257,0.026369476173223754,0.0997796013510387,-0.0932759181667028,0.35172413793103446,1.0,34.605413174703266,0.005310142695330489,0.2785610269876103,0.012433907723248039,3.0,0.0,0.0,0.0,0.01592337988680916,-0.08913842827189096,35.19960973814039,102.62823434545065,0.018209855062143527,-0.11855371759754489,34.7534540298294,100.1731993949554,0.01817615957477047,-0.05339988755519194,34.45737231957712,98.85630592102372,baseline
amm,0.5,0.9,volatility,none,11,0.02219873139831018,0.059942897476285326,-0.030031776454094123,0.38666666666666666,1.0,34.368319890303745,0.004955336143343182,0.26711974358867807,-0.00033107468528181805,3.0,0.0,8.0,0.0,0.01150596820397369,-0.11675062378973396,34.354389612170124,97.31730929746087,0.018114756404511552,0.01714280136031086,34.37560926957703,97.3723380349187,0.012791898862693598,-0.12192703460737694,34.36103051103045,97.29207663699076,baseline
amm,0.5,0.9,volatility,none,47,0.024214774364225526,0.06229174554066005,-0.004968580434820724,0.38028169014084506,1.0,35.01974174390346,0.005095830388695675,0.28456940727583935,-0.01184223581148669,1.0,0.0,6.0,0.0,0.011299571925971155,-0.14961774249913312,34.57657619271676,98.90163407263843,0.019475632014631778,0.04622761044094602,34.998507944312585,101.38926991430722,0.014294679725474884,-0.13020284356611392,35.04097554349434,101.5407920371785,baseline
amm,0.5,0.9,volatility,none,101,0.022047755974041607,0.06703001168430668,-0.041500005493482706,0.3472222222222222,1.0,34.81506452162583,0.004968799369205762,0.27661655074178404,0.0032933753001674893,1.0,0.0,1.0,0.0,0.013738616298107978,-0.10767216991660053,35.05205864293468,101.40290125155012,0.017489893618910818,0.0038058982601445078,34.95353943154034,100.73722722105653,0.013237873927813445,-0.0961234984320856,34.676589611711314,98.98856654274886,baseline
amm,0.5,0.9,volatility,none,173,0.024530507236199886,0.09290101744194355,-0.010790667603242687,0.3877551020408163,1.0,34.880732140160234,0.005190949472316284,0.29631560156354625,0.00280245010293545,1.0,0.0,13.0,0.0,0.013597551451825443,-0.11201138978888389,34.948075233667346,100.81439763344282,0.01953636837735483,0.00442803951384565,34.84749201704659,100.32254935089826,0.014807347820882976,-0.04849486491207463,34.913972263273884,100.69955392534575,baseline
amm,0.5,0.9,volatility,none,257,0.02368656262089126,0.06505938814429002,-0.02553100251589655,0.4013605442176871,1.0,34.88693950708326,0.005105614795218185,0.2812369577127285,0.008005659809622756,3.0,0.0,0.0,0.0,0.01592337988680916,-0.08913842827189096,35.19960973814039,102.62823434545065,0.0177725530808926,0.0743010715004723,34.90928857245132,100.92034733300116,0.015643150390525513,-0.17747582528933342,34.8645904417152,100.7129081171892,baseline
amm,0.5,0.9,liquidity,none,11,0.02839765847954224,0.06856083999461764,-0.11409736249312515,0.38028169014084506,1.0,22.186082306678685,0.005487234661139213,0.28798585425400136,0.25345891246851293,11.0,0.0,260.0,260.0,0.01150596820397369,-0.11675062378973396,34.354389612170124,97.31730929746087,0.0179803243166387,-0.11369245449295247,25.654311235649043,97.74423756079278,0.021911230432448043,-0.11937631512720981,18.71785337770833,96.5476792802081,baseline
amm,0.5,0.9,liquidity,none,47,0.028346355836502753,0.10525730753147082,-0.15326561465897892,0.32867132867132864,1.0,22.446589481735444,0.005495135665057782,0.293792622066938,0.2532769705193356,7.0,0.0,260.0,260.0,0.011299571925971155,-0.14961774249913312,34.57657619271676,98.90163407263843,0.016069297988165233,-0.11618453552940208,25.82832674356675,99.47566674569512,0.023273688905741642,-0.169066021334339,19.064852219904147,100.8633872409632,baseline
amm,0.5,0.9,liquidity,none,101,0.025745853336607512,0.06911002676018227,-0.09631678368127455,0.41333333333333333,1.0,22.617438828118757,0.005307913682949854,0.2696000951379349,0.2539791035711366,2.0,0.0,25.0,260.0,0.013738616298107978,-0.10767216991660053,35.05205864293468,101.40290125155012,0.016406362747615044,-0.04969734657096891,26.16223287161596,101.79632747369284,0.019771867743016088,-0.12785467233226236,19.072644784621556,100.33537435440246,baseline
amm,0.5,0.9,liquidity,none,173,0.02923343501348808,0.0829790719839871,-0.13940279707599712,0.37681159420289856,1.0,22.79352887986024,0.005640634633084795,0.3119912920798588,0.24951842041144578,24.0,0.0,260.0,260.0,0.013597551451825443,-0.11201138978888389,34.948075233667346,100.81439763344282,0.01900009655319123,-0.09639693686617226,26.22589762314622,102.63411967644188,0.022112465832104678,-0.16871330081117664,19.361160136574263,103.6334049986401,baseline
amm,0.5,0.9,liquidity,none,257,0.03076006691893971,0.06328006186864424,-0.12304276844945235,0.4520547945205479,1.0,22.71551121354644,0.005619327395833325,0.2906434894113011,0.25657833594552915,1.0,0.0,3.0,260.0,0.01592337988680916,-0.08913842827189096,35.19960973814039,102.62823434545065,0.016730559222930312,-0.15237570827291386,26.161763580736636,102.2947168020548,0.025640374249801735,-0.1191224978836944,19.26925884635624,103.14789774610408,baseline
traditional,0.5,0.9,fundamental,none,11,0.040647969949171164,0.12899279045964576,-0.10794651729754938,0.3783783783783784,1.0,0.5356296889278674,0.0015219821133261495,0.31855710138191545,0.009753347937540457,1.0,0.0,12.0,0.0,0.023739831411479742,0.054457999122450904,0.5417827253752179,98.95857463776545,0.030625126117863978,-0.08839273806687223,0.5371345888400314,95.99534031874038,0.025771909469930975,-0.10224560130067425,0.5341247890157036,94.13601105251797,low_depth
traditional,0.5,0.9,fundamental,none,47,0.032926507709221835,0.13817592729257624,-0.04706357813584393,0.4,1.0,0.5473964804950134,0.0013864276029903818,0.2627009781598699,0.009001853976375651,2.0,0.0,3.0,0.0,0.01896171559234286,0.10948823174016653,0.5521252929650515,96.21035438177198,0.02467625111806787,-0.08011630931017508,0.5463684682255573,93.6021125652094,0.02055076269482873,0.007795346312806817,0.5484244927644696,92.2666654443894,low_depth
traditional,0.5,0.9,fundamental,none,101,0.03627083334959629,0.12343407759431757,-0.044919180621550134,0.3835616438356164,1.0,0.539932920090606,0.0014422684050505701,0.2798370942475224,0.00682383755574556,0.0,0.0,0.0,0.0,0.024084268677290223,-0.034213722046033304,0.539957509178756,99.93439890612957,0.02746698206275274,-0.04135836366548364,0.5366936918472379,98.08703159456931,0.022418261281454292,0.03507339120930828,0.5431721483339742,96.26189108121875,low_depth
traditional,0.5,0.9,fundamental,none,173,0.03807502354391099,0.12933947979104662,-0.014330031630440204,0.37142857142857144,1.0,0.5395537542400881,0.0014653416086092771,0.28959115653750056,0.0071683271606990395,0.0,0.0,8.0,0.0,0.01977450423146465,-0.04040805128677359,0.5412326633511862,100.65855791192467,0.030250057895503744,0.038806852297521524,0.5373203449440829,98.23271641321469,0.022324418266303638,-0.018447537271418585,0.5417871635360934,96.06806211185511,low_depth
traditional,0.5,0.9,fundamental,none,257,0.0357346699999633,0.1426188785476788,0.017355918235754764,0.3706293706293706,1.0,0.5440286816535876,0.0014062407290165247,0.26918946625370566,-0.008513233104302742,4.0,0.0,7.0,0.0,0.02038040265311648,-0.02664015194686294,0.5396266161920567,99.91538541897098,0.02902406791332627,0.11145203763458564,0.5448539549125307,97.47426598723858,0.01951968998492632,-0.021153066176800912,0.5432034083946445,93.74282502231762,low_depth
traditional,0.5,0.9,volatility,none,11,0.042281862228506675,0.12867614717976936,-0.04853082871469973,0.3466666666666667,1.0,0.5340781828830614,0.0015248723565003417,0.31033220680483686,0.01560542801749143,3.0,0.0,4.0,0.0,0.023739831411479742,0.054457999122450904,0.5417827253752179,98.95857463776545,0.0371544602015736,-0.029258680613463796,0.5339602740154809,97.35884688965743,0.019742074710565848,-0.08262379633505426,0.534196091750642,96.80253128117003,low_depth
traditional,0.5,0.9,volatility,none,47,0.043798890276072734,0.11640745063280833,0.0216263559325101,0.49295774647887325,1.0,0.5356467668114826,0.0015406066309331568,0.31726223573197165,0.02136648729786539,9.0,0.0,14.0,0.0,0.01896171559234286,0.10948823174016653,0.5521252929650515,96.21035438177198,0.03522871937195109,0.006539086016023332,0.5395514567153541,95.94808959871683,0.0259602327489472,0.07185004715509836,0.5317420769076109,95.75946829887678,low_depth
traditional,0.5,0.9,volatility,none,101,0.03703448950740699,0.07708267570323397,0.020059360788991752,0.42657342657342656,1.0,0.5372259449492304,0.0014796395921296479,0.2889856340873045,0.009504452115091766,0.0,0.0,3.0,0.0,0.024084268677290223,-0.034213722046033304,0.539957509178756,99.93439890612957,0.029838724810647598,0.04025528629451802,0.535245138228377,100.43602255687186,0.021818800139832017,-0.01745057905451188,0.5392067516700837,101.70858087059995,low_depth
traditional,0.5,0.9,volatility,none,173,0.041768521517610714,0.0760743229259439,0.040863600692250535,0.3741496598639456,1.0,0.5342863478214497,0.0015287038140704074,0.31452644707521815,0.012347387973298707,0.0,0.0,4.0,0.0,0.01977450423146465,-0.04040805128677359,0.5412326633511862,100.65855791192467,0.034629912862485776,0.07408805590729013,0.5345174380481393,100.106402210867,0.023089802003174172,-0.024248794909272633,0.53405525759476,101.83098009823861,low_depth
traditional,0.5,0.9,volatility,none,257,0.03588422258430454,0.11943340686114687,0.0192874262949429,0.4246575342465753,1.0,0.5398281571527411,0.0014683869561546955,0.2925075235780945,-0.005655212096265405,4.0,0.0,15.0,0.0,0.02038040265311648,-0.02664015194686294,0.5396266161920567,99.91538541897098,0.028211767576051882,0.024363985281443075,0.5433098957982452,100.10760481350317,0.022141380591839416,0.01719905444237581,0.5363464185072371,99.17388474808774,low_depth
traditional,0.5,0.9,liquidity,none,11,0.4162098598489738,0.7006097930062412,0.7474987989240467,1.0,1.0,0.1690038012199321,0.008268256806776399,0.6812945925308043,0.970932869011463,48.0,260.0,131.0,35.0,0.023739831411479742,0.054457999122450904,0.5417827253752179,98.95857463776545,0.4071959195533236,0.7587886276620767,0.015766739952888364,45.31215642422083,0.08075529644710965,0.33360311649617114,0.32224086248697587,44.780569602641734,low_depth
traditional,0.5,0.9,liquidity,none,47,0.42016202221639887,0.7092131054703583,0.7010732665489223,1.0,1.0,0.1767809647365125,0.007991596202249266,0.6327856619802645,0.9712718650967053,18.0,260.0,90.0,34.0,0.01896171559234286,0.10948823174016653,0.5521252929650515,96.21035438177198,0.41369675953871443,0.6924952739091814,0.01583872495127368,47.33495574084298,0.06432948107751675,0.4420714216629219,0.33772320452175136,45.89177527097786,low_depth
traditional,0.5,0.9,liquidity,none,101,0.4555259089875684,0.703016984148314,0.7224920881867918,1.0,1.0,0.17821061064226965,0.00813642741274142,0.6245728329723034,0.9711330643229493,17.0,240.0,59.0,30.0,0.024084268677290223,-0.034213722046033304,0.539957509178756,99.93439890612957,0.45016502164241706,0.723294933927902,0.015599148335079664,46.572449162811424,0.06639402679941037,0.26641881177738524,0.3408220729494596,49.31871456754253,low_depth
traditional,0.5,0.9,liquidity,none,173,0.4195792847382155,0.6983492859713397,0.6837164859435998,1.0,1.0,0.17101653720824628,0.008318247702509043,0.6970217404148168,0.9707524351621107,44.0,260.0,87.0,35.0,0.01977450423146465,-0.04040805128677359,0.5412326633511862,100.65855791192467,0.40454801174496174,0.7089383463917559,0.015828777483021292,47.04572817270422,0.08976018344936407,0.3413060998269409,0.32620429693347125,45.60434000440533,low_depth
traditional,0.5,0.9,liquidity,none,257,0.4095034131187926,0.702435208498755,0.7209677171774043,1.0,1.0,0.17673169680492115,0.00786194739906611,0.6249981272378371,0.9706397304907404,37.0,260.0,60.0,31.0,0.02038040265311648,-0.02664015194686294,0.5396266161920567,99.91538541897098,0.4039252813491368,0.7128807236130374,0.0158620218697353,48.050088746155595,0.060856460448220615,0.46840273066190513,0.337601371740107,45.89222188563579,low_depth
amm,0.5,0.9,fundamental,none,11,0.025368087031673554,0.10483784213977396,-0.04298816275190878,0.35172413793103446,1.0,33.75845328037643,0.005238239907939332,0.27432939443068655,0.008559935635922167,7.0,0.0,14.0,0.0,0.01150596820397369,-0.11675062378973396,34.354389612170124,97.31730929746087,0.020243577039360458,-0.07136198946934454,34.07007652692017,95.72164977843117,0.014145040660221464,-0.01712439028757399,33.4468300338327,92.43029498239862,low_depth
amm,0.5,0.9,fundamental,none,47,0.02397534366785793,0.13419846386922019,-0.07708452504571801,0.3611111111111111,1.0,34.19416636228858,0.005144918983019815,0.271030016430132,0.008327967726309504,6.0,0.0,15.0,0.0,0.011299571925971155,-0.14961774249913312,34.57657619271676,98.90163407263843,0.018366499100979126,-0.0776249516185779,34.300842830353574,97.38782410634165,0.014357716255998614,-0.0837929115873942,34.08748989422359,96.54060245358782,low_depth
amm,0.5,0.9,fundamental,none,101,0.023629316735246444,0.10668434798941964,-0.010913243698508013,0.3959731543624161,1.0,34.40791362793234,0.005162141682207395,0.26357641218002426,0.009346892532309026,4.0,0.0,10.0,0.0,0.013738616298107978,-0.10767216991660053,35.05205864293468,101.40290125155012,0.018695485576204672,0.0209167338868645,34.74124842430751,99.64478602674455,0.013283623952752066,0.045724813924580957,34.07457883155717,96.00832969476805,low_depth
amm,0.5,0.9,fundamental,none,173,0.0243900908948333,0.1141934856414714,-0.08031949651633988,0.4125874125874126,1.0,34.722709609424435,0.005202035433373406,0.3008316302235112,0.0026588233701781983,0.0,0.0,4.0,0.0,0.013597551451825443,-0.11201138978888389,34.948075233667346,100.81439763344282,0.019741332027512295,-0.06254714609536287,34.85251111423923,100.45913082768662,0.01347315021982092,-0.086054887957758,34.592908104609634,99.13663426282456,low_depth
amm,0.5,0.9,fundamental,none,257,0.026369476173223754,0.0997796013510387,-0.0932759181667028,0.35172413793103446,1.0,34.605413174703266,0.005310142695330489,0.2785610269876103,0.012433907723248039,3.0,0.0,0.0,0.0,0.01592337988680916,-0.08913842827189096,35.19960973814039,102.62823434545065,0.018209855062143527,-0.11855371759754489,34.7534540298294,100.1731993949554,0.01817615957477047,-0.05339988755519194,34.45737231957712,98.85630592102372,low_depth
amm,0.5,0.9,volatility,none,11,0.02219873139831018,0.059942897476285326,-0.030031776454094123,0.38666666666666666,1.0,34.368319890303745,0.004955336143343182,0.26711974358867807,-0.00033107468528181805,3.0,0.0,8.0,0.0,0.01150596820397369,-0.11675062378973396,34.354389612170124,97.31730929746087,0.018114756404511552,0.01714280136031086,34.37560926957703,97.3723380349187,0.012791898862693598,-0.12192703460737694,34.36103051103045,97.29207663699076,low_depth
amm,0.5,0.9,volatility,none,47,0.024214774364225526,0.06229174554066005,-0.004968580434820724,0.38028169014084506,1.0,35.01974174390346,0.005095830388695675,0.28456940727583935,-0.01184223581148669,1.0,0.0,6.0,0.0,0.011299571925971155,-0.14961774249913312,34.57657619271676,98.90163407263843,0.019475632014631778,0.04622761044094602,34.998507944312585,101.38926991430722,0.014294679725474884,-0.13020284356611392,35.04097554349434,101.5407920371785,low_depth
amm,0.5,0.9,volatility,none,101,0.022047755974041607,0.06703001168430668,-0.041500005493482706,0.3472222222222222,1.0,34.81506452162583,0.004968799369205762,0.27661655074178404,0.0032933753001674893,1.0,0.0,1.0,0.0,0.013738616298107978,-0.10767216991660053,35.05205864293468,101.40290125155012,0.017489893618910818,0.0038058982601445078,34.95353943154034,100.73722722105653,0.013237873927813445,-0.0961234984320856,34.676589611711314,98.98856654274886,low_depth
amm,0.5,0.9,volatility,none,173,0.024530507236199886,0.09290101744194355,-0.010790667603242687,0.3877551020408163,1.0,34.880732140160234,0.005190949472316284,0.29631560156354625,0.00280245010293545,1.0,0.0,13.0,0.0,0.013597551451825443,-0.11201138978888389,34.948075233667346,100.81439763344282,0.01953636837735483,0.00442803951384565,34.84749201704659,100.32254935089826,0.014807347820882976,-0.04849486491207463,34.913972263273884,100.69955392534575,low_depth
amm,0.5,0.9,volatility,none,257,0.02368656262089126,0.06505938814429002,-0.02553100251589655,0.4013605442176871,1.0,34.88693950708326,0.005105614795218185,0.2812369577127285,0.008005659809622756,3.0,0.0,0.0,0.0,0.01592337988680916,-0.08913842827189096,35.19960973814039,102.62823434545065,0.0177725530808926,0.0743010715004723,34.90928857245132,100.92034733300116,0.015643150390525513,-0.17747582528933342,34.8645904417152,100.7129081171892,low_depth
amm,0.5,0.9,liquidity,none,11,0.02839765847954224,0.06856083999461764,-0.11409736249312515,0.38028169014084506,1.0,22.186082306678685,0.005487234661139213,0.28798585425400136,0.25345891246851293,11.0,0.0,260.0,260.0,0.01150596820397369,-0.11675062378973396,34.354389612170124,97.31730929746087,0.0179803243166387,-0.11369245449295247,25.654311235649043,97.74423756079278,0.021911230432448043,-0.11937631512720981,18.71785337770833,96.5476792802081,low_depth
amm,0.5,0.9,liquidity,none,47,0.028346355836502753,0.10525730753147082,-0.15326561465897892,0.32867132867132864,1.0,22.446589481735444,0.005495135665057782,0.293792622066938,0.2532769705193356,7.0,0.0,260.0,260.0,0.011299571925971155,-0.14961774249913312,34.57657619271676,98.90163407263843,0.016069297988165233,-0.11618453552940208,25.82832674356675,99.47566674569512,0.023273688905741642,-0.169066021334339,19.064852219904147,100.8633872409632,low_depth
amm,0.5,0.9,liquidity,none,101,0.025745853336607512,0.06911002676018227,-0.09631678368127455,0.41333333333333333,1.0,22.617438828118757,0.005307913682949854,0.2696000951379349,0.2539791035711366,2.0,0.0,25.0,260.0,0.013738616298107978,-0.10767216991660053,35.05205864293468,101.40290125155012,0.016406362747615044,-0.04969734657096891,26.16223287161596,101.79632747369284,0.019771867743016088,-0.12785467233226236,19.072644784621556,100.33537435440246,low_depth
amm,0.5,0.9,liquidity,none,173,0.02923343501348808,0.0829790719839871,-0.13940279707599712,0.37681159420289856,1.0,22.79352887986024,0.005640634633084795,0.3119912920798588,0.24951842041144578,24.0,0.0,260.0,260.0,0.013597551451825443,-0.11201138978888389,34.948075233667346,100.81439763344282,0.01900009655319123,-0.09639693686617226,26.22589762314622,102.63411967644188,0.022112465832104678,-0.16871330081117664,19.361160136574263,103.6334049986401,low_depth
amm,0.5,0.9,liquidity,none,257,0.03076006691893971,0.06328006186864424,-0.12304276844945235,0.4520547945205479,1.0,22.71551121354644,0.005619327395833325,0.2906434894113011,0.25657833594552915,1.0,0.0,3.0,260.0,0.01592337988680916,-0.08913842827189096,35.19960973814039,102.62823434545065,0.016730559222930312,-0.15237570827291386,26.161763580736636,102.2947168020548,0.025640374249801735,-0.1191224978836944,19.26925884635624,103.14789774610408,low_depth
traditional,0.5,0.9,fundamental,none,11,0.032908388658393024,0.10539111049483108,-0.0398157803232209,0.391304347826087,1.0,1.2678479036143235,0.0011821162893710354,0.28199209201341835,0.007395689234514835,2.0,0.0,2.0,0.0,0.02019946898767579,0.1283552159119137,1.2767423093790093,99.10308244239154,0.025102321830103434,-0.011425111509620296,1.2691939160330847,96.12294635655175,0.020208379301076117,-0.028221042137177542,1.2665018911955621,94.2674145193154,high_depth
traditional,0.5,0.9,fundamental,none,47,0.027886414464977714,0.11773172228750677,0.033094155981651795,0.375,1.0,1.287219666387489,0.0011337237047028318,0.2527541867467932,0.007229994608344392,6.0,0.0,3.0,0.0,0.016224299265650992,0.2266998023150956,1.2967515047007,96.40113507498121,0.020643145631015297,-0.0004582470439912556,1.2857772769737448,93.75118960589259,0.01729280239063862,0.09930638142432865,1.2886620558012334,92.4132460516285,high_depth
traditional,0.5,0.9,fundamental,none,101,0.031021339821133642,0.10712723231647074,0.025092575019825026,0.375,1.0,1.2736561911736748,0.0011595230598503766,0.2609798408218685,0.0034864284862371475,0.0,0.0,0.0,0.0,0.019923982840894604,0.039046091335441145,1.2716891263498922,100.15223589016473,0.0227700005217925,0.020960059830323646,1.2681393839560724,98.19747148011393,0.01963891337261566,0.1303070684945437,1.2791729983912774,96.48662210168051,high_depth
traditional,0.5,0.9,fundamental,none,173,0.03245983315818511,0.11063219856717368,0.057156679586860236,0.3793103448275862,1.0,1.2713924445423246,0.001174725745534925,0.2793366889245817,0.005211433202998661,2.0,0.0,18.0,0.0,0.014476430908518073,0.06413933317939986,1.2771347682257193,100.8089780301605,0.02555425248337851,0.14307689016077477,1.2708366599180279,98.3368421644068,0.01912391352578714,0.039586188463123194,1.2719482291666213,96.25388191857859,high_depth
traditional,0.5,0.9,fundamental,none,257,0.03103889172398209,0.11656391854022718,0.09984956640858506,0.4861111111111111,1.0,1.2784710556414454,0.0011506743016284145,0.26422065594935057,-0.0028461094256140296,6.0,0.0,7.0,0.0,0.015290315145256948,0.10096264882974249,1.2763375452208987,100.04640709298654,0.026353994015880993,0.19966739485533105,1.2813089947963148,97.5757083047324,0.015083646298084803,0.09440520653962028,1.275633116486576,93.8670287341141,high_depth
traditional,0.5,0.9,volatility,none,11,0.03630358117285583,0.10242047373682564,0.001892967753811947,0.4166666666666667,1.0,1.2597484865058797,0.0012040095523211782,0.2850675364332481,0.01651657344696067,1.0,0.0,4.0,0.0,0.02019946898767579,0.1283552159119137,1.2767423093790093,99.10308244239154,0.032838654321152565,0.007056050809095249,1.2575314936299913,97.5638254598378,0.015146578118033143,0.00800450114840628,1.2619654793817683,97.01568738004252,high_depth
traditional,0.5,0.9,volatility,none,47,0.03701792532152576,0.0930974234397334,0.09807703043495952,0.3691275167785235,1.0,1.2632060303811636,0.0012060314428176016,0.28497237299978184,0.02132559833405545,1.0,0.0,11.0,0.0,0.016224299265650992,0.2266998023150956,1.2967515047007,96.40113507498121,0.030844787421801422,0.05300069281865938,1.2675214806892914,96.14769931365369,0.020411162646926544,0.2189310464896376,1.2588905800730357,95.98931664497034,high_depth
traditional,0.5,0.9,volatility,none,101,0.03228147474568689,0.05827865366281515,0.08359505132958978,0.4482758620689655,1.0,1.2648844181548846,0.001187064740933687,0.2717562636862706,0.00936808428281477,0.0,0.0,5.0,0.0,0.019923982840894604,0.039046091335441145,1.2716891263498922,100.15223589016473,0.02713755157644069,0.07279889007172127,1.2606545291866755,100.57511728017644,0.017329591132294746,0.10867313925056601,1.269114307123094,101.9166751000619,high_depth
traditional,0.5,0.9,volatility,none,173,0.0366708140461059,0.05772245288474339,0.0959386831134663,0.33783783783783783,1.0,1.2582022609049524,0.0012152817582220964,0.30411715248123466,0.013978047649377046,0.0,0.0,7.0,0.0,0.014476430908518073,0.06413933317939986,1.2771347682257193,100.8089780301605,0.03118270401823604,0.12214244280096116,1.2596373604953415,100.2276231351784,0.018851452214804977,0.039514225402175855,1.256767161314563,102.09024030274259,high_depth
traditional,0.5,0.9,volatility,none,257,0.030765267092045946,0.09583271752376052,0.10171104332393865,0.410958904109589,1.0,1.2707425665112229,0.001178399015901158,0.2761366108160788,0.0007386786840866133,2.0,0.0,15.0,0.0,0.015290315145256948,0.10096264882974249,1.2763375452208987,100.04640709298654,0.025563968860971547,0.07931880206026479,1.2767288092561535,100.22199785904773,0.017073370951283872,0.15620798301382038,1.2647563237662924,99.37082033714141,high_depth
traditional,0.5,0.9,liquidity,none,11,0.4059948076085669,0.699352147506797,0.7342445207989065,1.0,1.0,0.421533964157587,0.007365738565198624,0.6150914984065536,0.9710920019352898,9.0,260.0,40.0,29.0,0.02019946898767579,0.1283552159119137,1.2767423093790093,99.10308244239154,0.4040705798986329,0.724171792940288,0.03696322378464353,46.50574103997152,0.03416351357710958,0.2152358223314407,0.8061047045305304,46.0197516272746,high_depth
traditional,0.5,0.9,liquidity,none,47,0.39723014956160674,0.701112898298849,0.7635412777864008,1.0,1.0,0.4301666874093934,0.0070281236816480555,0.6031431149757737,0.9709396958827059,12.0,260.0,18.0,28.0,0.016224299265650992,0.2266998023150956,1.2967515047007,96.40113507498121,0.39554364948433546,0.7461792211050977,0.03763719541589343,48.90661476532798,0.034386342182953965,0.4803078016674494,0.8226961794028934,44.963665883191986,high_depth
traditional,0.5,0.9,liquidity,none,101,0.44750208518403534,0.6991969527837629,0.7472425447952971,1.0,1.0,0.43374248713059216,0.0073951117347136495,0.5833454403345011,0.9711951882902647,5.0,260.0,17.0,26.0,0.019923982840894604,0.039046091335441145,1.2716891263498922,100.15223589016473,0.4464856180804742,0.7394911658644588,0.036656315800160516,47.99046298342157,0.029733010844157876,0.2719634405120983,0.8308286584610238,49.41498987614812,high_depth
traditional,0.5,0.9,liquidity,none,173,0.4085157671305423,0.6969421685261038,0.7251559854550145,1.0,1.0,0.43072195897941734,0.007241177832357321,0.597449197996197,0.9709015216560334,10.0,260.0,18.0,28.0,0.014476430908518073,0.06413933317939986,1.2771347682257193,100.8089780301605,0.40665622690036163,0.7093801942271928,0.037173138354825636,48.88551937494121,0.032963492263983686,0.1637031882375945,0.8242707796040091,46.33603815662409,high_depth
traditional,0.5,0.9,liquidity,none,257,0.42506208251189903,0.6981233952158633,0.7196699188570059,1.0,1.0,0.4317816655543597,0.007315974952396642,0.6035044235320438,0.9710144966944932,8.0,260.0,15.0,27.0,0.015290315145256948,0.10096264882974249,1.2763375452208987,100.04640709298654,0.42411218858206706,0.7030335540802015,0.037033983335006314,50.06330212679648,0.027322425951850943,0.4840716556708866,0.8265293477737131,45.48816958655486,high_depth
amm,0.5,0.9,fundamental,none,11,0.025368087031673554,0.10483784213977396,-0.04298816275190878,0.35172413793103446,1.0,33.75845328037643,0.005238239907939332,0.27432939443068655,0.008559935635922167,7.0,0.0,14.0,0.0,0.01150596820397369,-0.11675062378973396,34.354389612170124,97.31730929746087,0.020243577039360458,-0.07136198946934454,34.07007652692017,95.72164977843117,0.014145040660221464,-0.01712439028757399,33.4468300338327,92.43029498239862,high_depth
amm,0.5,0.9,fundamental,none,47,0.02397534366785793,0.13419846386922019,-0.07708452504571801,0.3611111111111111,1.0,34.19416636228858,0.005144918983019815,0.271030016430132,0.008327967726309504,6.0,0.0,15.0,0.0,0.011299571925971155,-0.14961774249913312,34.57657619271676,98.90163407263843,0.018366499100979126,-0.0776249516185779,34.300842830353574,97.38782410634165,0.014357716255998614,-0.0837929115873942,34.08748989422359,96.54060245358782,high_depth
amm,0.5,0.9,fundamental,none,101,0.023629316735246444,0.10668434798941964,-0.010913243698508013,0.3959731543624161,1.0,34.40791362793234,0.005162141682207395,0.26357641218002426,0.009346892532309026,4.0,0.0,10.0,0.0,0.013738616298107978,-0.10767216991660053,35.05205864293468,101.40290125155012,0.018695485576204672,0.0209167338868645,34.74124842430751,99.64478602674455,0.013283623952752066,0.045724813924580957,34.07457883155717,96.00832969476805,high_depth
amm,0.5,0.9,fundamental,none,173,0.0243900908948333,0.1141934856414714,-0.08031949651633988,0.4125874125874126,1.0,34.722709609424435,0.005202035433373406,0.3008316302235112,0.0026588233701781983,0.0,0.0,4.0,0.0,0.013597551451825443,-0.11201138978888389,34.948075233667346,100.81439763344282,0.019741332027512295,-0.06254714609536287,34.85251111423923,100.45913082768662,0.01347315021982092,-0.086054887957758,34.592908104609634,99.13663426282456,high_depth
amm,0.5,0.9,fundamental,none,257,0.026369476173223754,0.0997796013510387,-0.0932759181667028,0.35172413793103446,1.0,34.605413174703266,0.005310142695330489,0.2785610269876103,0.012433907723248039,3.0,0.0,0.0,0.0,0.01592337988680916,-0.08913842827189096,35.19960973814039,102.62823434545065,0.018209855062143527,-0.11855371759754489,34.7534540298294,100.1731993949554,0.01817615957477047,-0.05339988755519194,34.45737231957712,98.85630592102372,high_depth
amm,0.5,0.9,volatility,none,11,0.02219873139831018,0.059942897476285326,-0.030031776454094123,0.38666666666666666,1.0,34.368319890303745,0.004955336143343182,0.26711974358867807,-0.00033107468528181805,3.0,0.0,8.0,0.0,0.01150596820397369,-0.11675062378973396,34.354389612170124,97.31730929746087,0.018114756404511552,0.01714280136031086,34.37560926957703,97.3723380349187,0.012791898862693598,-0.12192703460737694,34.36103051103045,97.29207663699076,high_depth
amm,0.5,0.9,volatility,none,47,0.024214774364225526,0.06229174554066005,-0.004968580434820724,0.38028169014084506,1.0,35.01974174390346,0.005095830388695675,0.28456940727583935,-0.01184223581148669,1.0,0.0,6.0,0.0,0.011299571925971155,-0.14961774249913312,34.57657619271676,98.90163407263843,0.019475632014631778,0.04622761044094602,34.998507944312585,101.38926991430722,0.014294679725474884,-0.13020284356611392,35.04097554349434,101.5407920371785,high_depth
amm,0.5,0.9,volatility,none,101,0.022047755974041607,0.06703001168430668,-0.041500005493482706,0.3472222222222222,1.0,34.81506452162583,0.004968799369205762,0.27661655074178404,0.0032933753001674893,1.0,0.0,1.0,0.0,0.013738616298107978,-0.10767216991660053,35.05205864293468,101.40290125155012,0.017489893618910818,0.0038058982601445078,34.95353943154034,100.73722722105653,0.013237873927813445,-0.0961234984320856,34.676589611711314,98.98856654274886,high_depth
amm,0.5,0.9,volatility,none,173,0.024530507236199886,0.09290101744194355,-0.010790667603242687,0.3877551020408163,1.0,34.880732140160234,0.005190949472316284,0.29631560156354625,0.00280245010293545,1.0,0.0,13.0,0.0,0.013597551451825443,-0.11201138978888389,34.948075233667346,100.81439763344282,0.01953636837735483,0.00442803951384565,34.84749201704659,100.32254935089826,0.014807347820882976,-0.04849486491207463,34.913972263273884,100.69955392534575,high_depth
amm,0.5,0.9,volatility,none,257,0.02368656262089126,0.06505938814429002,-0.02553100251589655,0.4013605442176871,1.0,34.88693950708326,0.005105614795218185,0.2812369577127285,0.008005659809622756,3.0,0.0,0.0,0.0,0.01592337988680916,-0.08913842827189096,35.19960973814039,102.62823434545065,0.0177725530808926,0.0743010715004723,34.90928857245132,100.92034733300116,0.015643150390525513,-0.17747582528933342,34.8645904417152,100.7129081171892,high_depth
amm,0.5,0.9,liquidity,none,11,0.02839765847954224,0.06856083999461764,-0.11409736249312515,0.38028169014084506,1.0,22.186082306678685,0.005487234661139213,0.28798585425400136,0.25345891246851293,11.0,0.0,260.0,260.0,0.01150596820397369,-0.11675062378973396,34.354389612170124,97.31730929746087,0.0179803243166387,-0.11369245449295247,25.654311235649043,97.74423756079278,0.021911230432448043,-0.11937631512720981,18.71785337770833,96.5476792802081,high_depth
amm,0.5,0.9,liquidity,none,47,0.028346355836502753,0.10525730753147082,-0.15326561465897892,0.32867132867132864,1.0,22.446589481735444,0.005495135665057782,0.293792622066938,0.2532769705193356,7.0,0.0,260.0,260.0,0.011299571925971155,-0.14961774249913312,34.57657619271676,98.90163407263843,0.016069297988165233,-0.11618453552940208,25.82832674356675,99.47566674569512,0.023273688905741642,-0.169066021334339,19.064852219904147,100.8633872409632,high_depth
amm,0.5,0.9,liquidity,none,101,0.025745853336607512,0.06911002676018227,-0.09631678368127455,0.41333333333333333,1.0,22.617438828118757,0.005307913682949854,0.2696000951379349,0.2539791035711366,2.0,0.0,25.0,260.0,0.013738616298107978,-0.10767216991660053,35.05205864293468,101.40290125155012,0.016406362747615044,-0.04969734657096891,26.16223287161596,101.79632747369284,0.019771867743016088,-0.12785467233226236,19.072644784621556,100.33537435440246,high_depth
amm,0.5,0.9,liquidity,none,173,0.02923343501348808,0.0829790719839871,-0.13940279707599712,0.37681159420289856,1.0,22.79352887986024,0.005640634633084795,0.3119912920798588,0.24951842041144578,24.0,0.0,260.0,260.0,0.013597551451825443,-0.11201138978888389,34.948075233667346,100.81439763344282,0.01900009655319123,-0.09639693686617226,26.22589762314622,102.63411967644188,0.022112465832104678,-0.16871330081117664,19.361160136574263,103.6334049986401,high_depth
amm,0.5,0.9,liquidity,none,257,0.03076006691893971,0.06328006186864424,-0.12304276844945235,0.4520547945205479,1.0,22.71551121354644,0.005619327395833325,0.2906434894113011,0.25657833594552915,1.0,0.0,3.0,260.0,0.01592337988680916,-0.08913842827189096,35.19960973814039,102.62823434545065,0.016730559222930312,-0.15237570827291386,26.161763580736636,102.2947168020548,0.025640374249801735,-0.1191224978836944,19.26925884635624,103.14789774610408,high_depth
traditional,0.5,0.9,fundamental,none,11,0.027581369498384488,0.12687510857791828,-0.036008611683632265,0.3561643835616438,1.0,0.9160793548259878,0.0012158581400792251,0.2719953705930474,0.0007300995837926649,0.0,0.0,4.0,0.0,0.01673434319094272,-0.06010430344837862,0.915301135796823,99.54446459964674,0.020130838691503474,0.06459156109978767,0.917776713628577,97.41678959162704,0.017369766389511394,-0.06982087329708261,0.9143819960233986,95.21355069285475,more_noise_traders
traditional,0.5,0.9,fundamental,none,47,0.02838006797209248,0.12613504647591603,-0.04807609221476423,0.4027777777777778,1.0,0.9128476264448707,0.0012291856755917271,0.2780340928433942,0.004927110532093826,2.0,0.0,4.0,0.0,0.016227496959619545,0.008080392722615775,0.915036732837574,102.68446937484354,0.023092826363887677,0.02974749716547706,0.9112576685390776,101.07742708895228,0.01548838553056503,-0.02429575013150232,0.914437584350664,99.306709842173,more_noise_traders
traditional,0.5,0.9,fundamental,none,101,0.02789357186347633,0.11474585112326982,0.06922923082662091,0.3835616438356164,1.0,0.9127557355268856,0.0012176303695536244,0.26716805401050303,0.005437741764612536,5.0,0.0,6.0,0.0,0.016196646982376398,-0.05345599689482668,0.9164814369012478,98.16440799904838,0.021830865094964687,0.13584291805409787,0.9114279122693963,96.16588766071766,0.01637643764711116,0.13179373479935103,0.9140835587843748,94.55662009932017,more_noise_traders
traditional,0.5,0.9,fundamental,none,173,0.03163564358549865,0.13678740363509573,0.05404451458013613,0.4305555555555556,1.0,0.9060796060407444,0.0012494662434252657,0.28083638698814545,0.005764588449844843,0.0,0.0,1.0,0.0,0.021232698442180845,0.14580458182390163,0.9096284991313823,98.11136344423271,0.023973365971455093,0.058759602366506195,0.9029763242676435,95.50359059599148,0.019496301190559413,0.12960751711247903,0.9091828878138455,92.28125883729022,more_noise_traders
traditional,0.5,0.9,fundamental,none,257,0.027615679913978276,0.096691599652625,0.04506736689840419,0.43448275862068964,1.0,0.9130070182896614,0.0012212283758025865,0.27152584912964756,-0.008038106128552158,0.0,0.0,5.0,0.0,0.01899976547275555,0.10758145777019186,0.9046989513485313,103.29711455097554,0.022140873724739947,0.045036499931729,0.9119812891626039,101.57567339437142,0.01547035414412683,0.1141742987035294,0.9140327474167188,99.68482443849103,more_noise_traders
traditional,0.5,0.9,volatility,none,11,0.03363441310922813,0.08509375649130871,0.07993840200421161,0.37142857142857144,1.0,0.9031269019347431,0.0012770901954829489,0.2964683615880828,0.017893297596442204,1.0,0.0,5.0,0.0,0.01673434319094272,-0.06010430344837862,0.915301135796823,99.54446459964674,0.028702687999769945,0.07188002647344305,0.9020132212419404,100.47149603776363,0.017383880101560615,0.098317047239902,0.904240582627546,100.24535415627264,more_noise_traders
traditional,0.5,0.9,volatility,none,47,0.03628095572531885,0.10656294844876615,0.10011161564095299,0.4166666666666667,1.0,0.9015821875079557,0.0012840044430881376,0.2905531068685244,0.01603622227311874,2.0,0.0,9.0,0.0,0.016227496959619545,0.008080392722615775,0.915036732837574,102.68446937484354,0.030559772630255288,0.14280849231144274,0.9010842798639228,100.82404471853683,0.019381984918840262,0.0179339469257424,0.9020800951519885,99.06915542821066,more_noise_traders
traditional,0.5,0.9,volatility,none,101,0.03589563098905761,0.06428470877690234,0.06418114764285257,0.3617021276595745,1.0,0.8985966055465127,0.0012906200710640504,0.2951144957658367,0.017689675689350315,0.0,0.0,6.0,0.0,0.016196646982376398,-0.05345599689482668,0.9164814369012478,98.16440799904838,0.028616131012889522,0.1193780464514814,0.9002001037880056,98.43124599284076,0.02124897026799486,-0.008470740166006397,0.8969931073050197,99.01637345106761,more_noise_traders
traditional,0.5,0.9,volatility,none,173,0.03937996355469835,0.06844980893180622,0.0025496592490353853,0.36054421768707484,1.0,0.8900746665720368,0.0013274828392685304,0.3124937787151042,0.01966501996017711,1.0,0.0,5.0,0.0,0.021232698442180845,0.14580458182390163,0.9096284991313823,98.11136344423271,0.034845427302692904,0.020473376727277982,0.8903517884634279,98.54127146428954,0.018168103911042226,-0.06898228783577379,0.8897975446806456,99.0428736004046,more_noise_traders
traditional,0.5,0.9,volatility,none,257,0.03668559615215759,0.07840540821122996,0.042950196751212484,0.36619718309859156,1.0,0.8973730530254141,0.0012947659994327848,0.298423639129322,0.005888141331283014,2.0,0.0,8.0,0.0,0.01899976547275555,0.10758145777019186,0.9046989513485313,103.29711455097554,0.03147754741149914,0.0482121884976537,0.8993820857848714,102.74163643757016,0.01876909584679732,0.015441892973067209,0.895364020265957,102.41699559937003,more_noise_traders
traditional,0.5,0.9,liquidity,none,11,0.4220224692572009,0.7473807224007922,0.7980877395006682,1.0,1.0,0.31412264392588624,0.00753437354830919,0.5779794606433714,0.9711198881195714,11.0,260.0,18.0,25.0,0.01673434319094272,-0.06010430344837862,0.915301135796823,99.54446459964674,0.4206049455886315,0.776803467057632,0.026524859960062395,41.46564803250986,0.03326003843607926,0.4936450431103139,0.60172042789171,39.58208222962492,more_noise_traders
traditional,0.5,0.9,liquidity,none,47,0.43734311723360353,0.7444163002338524,0.7832996139290286,1.0,1.0,0.3121462946112072,0.007588644410491886,0.6002109777489606,0.9711804812991612,12.0,260.0,31.0,26.0,0.016227496959619545,0.008080392722615775,0.915036732837574,102.68446937484354,0.436019051116472,0.7591924975200934,0.026392043937392043,44.923586359295406,0.03219617818844825,0.6174533535930906,0.5979005452850223,39.49829359911545,more_noise_traders
traditional,0.5,0.9,liquidity,none,101,0.44595213656396543,0.7413283348824068,0.7713579404214405,1.0,1.0,0.3147706957298519,0.007561905841834225,0.584368731431999,0.9712138438271076,14.0,260.0,30.0,25.0,0.016196646982376398,-0.05345599689482668,0.9164814369012478,98.16440799904838,0.4443549271763992,0.7499986464276795,0.026379953598350426,42.528863165351986,0.03669450782183783,0.6497407332847059,0.6031614378613533,39.860832741000614,more_noise_traders
traditional,0.5,0.9,liquidity,none,173,0.4216846762487946,0.7441606040155218,0.7537589739892799,1.0,1.0,0.3129239694497603,0.00751922744618525,0.5795065217022536,0.9709728143177375,4.0,260.0,16.0,25.0,0.021232698442180845,0.14580458182390163,0.9096284991313823,98.11136344423271,0.42010720626246545,0.7253874797519133,0.02636283230984227,42.42801133098647,0.03513647654381419,0.5758359720182502,0.5994851065896785,37.18801695477835,more_noise_traders
traditional,0.5,0.9,liquidity,none,257,0.4407670284173465,0.7543646571931786,0.7923500506889211,1.0,1.0,0.30892046031845327,0.0077074600940878835,0.6287078093265768,0.9709939913766038,12.0,260.0,20.0,25.0,0.01899976547275555,0.10758145777019186,0.9046989513485313,103.29711455097554,0.43903806120316274,0.765436498852568,0.026242001147576705,46.75552594735259,0.03875426393052457,0.6702394729101567,0.5915989194893299,37.679981452901536,more_noise_traders
amm,0.5,0.9,fundamental,none,11,0.02297203642606544,0.09892014671857957,-0.0867717488932775,0.3611111111111111,1.0,35.200783450711334,0.00504605532840538,0.2825757771409009,0.012631579566881546,2.0,0.0,7.0,0.0,0.012362709698736107,-0.13622816898969795,35.89361740548439,106.23161737799703,0.01837848670463805,-0.1448085470635237,35.44091110541466,103.73549677487271,0.012431958618495604,-0.13927797294528496,34.96065579600801,101.2088614874637,more_noise_traders
amm,0.5,0.9,fundamental,none,47,0.023085481077889596,0.10863402517064114,-0.12329786434483955,0.38461538461538464,1.0,34.809165599214914,0.005037072549898551,0.2797324609153893,0.010218397179905025,3.0,0.0,9.0,0.0,0.012473346934543621,-0.12329573225302322,35.240652446501564,102.6220922263657,0.018159415106117828,-0.10671443238396934,34.93063936078789,100.88431388020314,0.012824470581146788,-0.15238261195239527,34.68769183764193,99.73290039073598,more_noise_traders
amm,0.5,0.9,fundamental,none,101,0.021583671150400295,0.1342538451334176,-0.11288179570561355,0.36054421768707484,1.0,33.36574484012895,0.004935612607383299,0.24797129947811947,0.013332909044928565,0.0,0.0,1.0,0.0,0.015208660553788717,-0.006332916724112969,34.11981920938975,96.09337009413439,0.017846690612960493,-0.0581459419031483,33.66013847485919,93.65515218460243,0.01101274848467335,-0.08019399966805733,33.071351205398706,90.66430846786709,more_noise_traders
amm,0.5,0.9,fundamental,none,173,0.02322518269567119,0.09903756342332588,-0.10578798179770062,0.37333333333333335,1.0,34.7112723876166,0.005079599414915208,0.28957067261012354,0.011397087402412187,0.0,0.0,3.0,0.0,0.014745463748914448,-0.08396235149403967,35.37164901270876,103.50913218195336,0.01928952892036221,-0.08342082208134172,34.98010339685879,101.29045000776634,0.01226042406835855,-0.16092652581591843,34.44244137837442,98.40004719095974,more_noise_traders
amm,0.5,0.9,fundamental,none,257,0.023465216101178868,0.10814427955394301,-0.09118326012365441,0.36619718309859156,1.0,34.64618343093784,0.005088239549883904,0.27312665368222383,0.009840342760707776,0.0,0.0,3.0,0.0,0.014364133049611533,-0.08103178603144563,35.20236819604075,102.55654577448774,0.01811574928881421,-0.08770648481244236,34.86036963700881,100.73379031276392,0.014025580908638388,-0.052963265442390065,34.43199722486686,98.47852593683707,more_noise_traders
amm,0.5,0.9,volatility,none,11,0.020008406179824186,0.04578917279948393,-0.09166536566990414,0.34285714285714286,1.0,35.889059297676084,0.0047633699774787645,0.29157584408788506,0.0006405875296232599,7.0,0.0,5.0,0.0,0.012362709698736107,-0.13622816898969795,35.89361740548439,106.23161737799703,0.014877671758160089,-0.0709412229208162,35.87131952648994,106.15632332255271,0.013322453137998319,-0.13112539052524824,35.906799068862234,106.38322583417377,more_noise_traders
amm,0.5,0.9,volatility,none,47,0.023805845539842833,0.052810945131926856,0.01999658795997906,0.45454545454545453,1.0,35.942213876002505,0.005080276020539449,0.29961271185983485,-0.008662572331944007,1.0,0.0,8.0,0.0,0.012473346934543621,-0.12329573225302322,35.240652446501564,102.6220922263657,0.01902326686331288,0.07524667629760966,35.59697255481909,104.6841241930806,0.014059296155609458,-0.15891512595175994,36.28745519718593,108.72944670408937,more_noise_traders
amm,0.5,0.9,volatility,none,101,0.01925986642766469,0.07779795902968037,-0.03157377813488839,0.3475177304964539,1.0,33.85775128916409,0.004746470134253948,0.24926879411545444,0.007962666204717861,4.0,0.0,0.0,0.0,0.015208660553788717,-0.006332916724112969,34.11981920938975,96.09337009413439,0.015159087802272705,-0.04196006571826301,33.84334425855482,94.4682706342925,0.011846100538667914,-0.07198550471926493,33.87215831977336,94.66266970451179,more_noise_traders
amm,0.5,0.9,volatility,none,173,0.02068185860782764,0.0423483765878712,-0.08285088562092383,0.3931034482758621,1.0,35.749067413995455,0.0048607915622071495,0.30995858869971515,-0.0077663375907721655,4.0,0.0,0.0,0.0,0.014745463748914448,-0.08396235149403967,35.37164901270876,103.50913218195336,0.015733232300880546,-0.09198083961988571,35.658169968540435,105.23165197237111,0.013353513099946989,-0.08491946334895344,35.83996485945047,106.3051794915528,more_noise_traders
amm,0.5,0.9,volatility,none,257,0.022714829058995276,0.04846948243747533,-0.09855585298337712,0.3986013986013986,1.0,35.21483554760004,0.0050236516574433746,0.29076687421037356,-0.0012192384618483487,2.0,0.0,0.0,0.0,0.014364133049611533,-0.08103178603144563,35.20236819604075,102.55654577448774,0.01825974444205971,-0.07896642336553167,35.249742286793165,102.88817893397065,0.013444745055676985,-0.13448812380841718,35.17992880840693,102.52904822463076,more_noise_traders
amm,0.5,0.9,liquidity,none,11,0.02626421609764662,0.06450846788840285,-0.16454292075829613,0.3611111111111111,1.0,23.13538860846271,0.005318958612034028,0.2913222285601929,0.256040352455569,4.0,0.0,260.0,260.0,0.012362709698736107,-0.13622816898969795,35.89361740548439,106.23161737799703,0.01618807457285301,-0.18798712414804078,26.703920430300823,105.97914247688693,0.02061398414044558,-0.16029177445652865,19.566856786624598,105.79308693330113,more_noise_traders
amm,0.5,0.9,liquidity,none,47,0.028112065497679035,0.07834242870024588,-0.1767209812957935,0.3706293706293706,1.0,22.855270545008224,0.005453591288577689,0.29957567296559545,0.2546437680298179,12.0,0.0,260.0,260.0,0.012473346934543621,-0.12329573225302322,35.240652446501564,102.6220922263657,0.016071999062042167,-0.13174187256742445,26.304560177805726,102.98113959936433,0.022921228400534333,-0.20434738424394863,19.40598091221073,104.07763786409846,more_noise_traders
amm,0.5,0.9,liquidity,none,101,0.023560857601427586,0.0990359215103677,-0.15002975889819575,0.36619718309859156,1.0,21.925575538942823,0.005125334330041229,0.25856332035702784,0.25696094347025644,1.0,0.0,0.0,260.0,0.015208660553788717,-0.006332916724112969,34.11981920938975,96.09337009413439,0.015054646675545822,-0.12784238856861,25.348770384963387,95.60986587381605,0.018110439283981046,-0.1736294659979974,18.502380692922255,94.59189193864165,more_noise_traders
amm,0.5,0.9,liquidity,none,173,0.02782000786007351,0.06163538968734887,-0.18097191504073018,0.36551724137931035,1.0,22.816088597860045,0.005463725601851237,0.2992347127796791,0.25516949488753804,0.0,0.0,45.0,260.0,0.014745463748914448,-0.08396235149403967,35.37164901270876,103.50913218195336,0.01761981464780592,-0.14339993874211648,26.354613920274677,103.44978161870065,0.021226788157357283,-0.2075269782808177,19.277563275445406,102.81844422689102,more_noise_traders
amm,0.5,0.9,liquidity,none,257,0.028323398686428407,0.07695453998276533,-0.14187780418568255,0.44,1.0,22.76701674807643,0.005507916668938927,0.28654228958909733,0.2541813675316361,1.0,0.0,214.0,260.0,0.014364133049611533,-0.08103178603144563,35.20236819604075,102.55654577448774,0.01690167453461004,-0.11559763924352946,26.257899945657222,102.98073789334478,0.02269276541183839,-0.1619082644895193,19.276133550495636,103.09874062717545,more_noise_traders
traditional,0.5,0.9,fundamental,none,11,0.03294879938781796,0.12379269896404924,-0.0041355719171744494,0.4189189189189189,1.0,0.9029318478575307,0.0012668774161891073,0.2832861927414305,0.01568046085091146,0.0,0.0,13.0,0.0,0.023720382472926967,0.20734865385520865,0.9132439824656217,98.84752669198599,0.025089909816983447,0.011105967599431424,0.9014734426760549,96.081827402996,0.02060277269395213,0.06361493445425473,0.9043902530390064,94.4889621319575,more_fundamental_traders
traditional,0.5,0.9,fundamental,none,47,0.028426712971633683,0.09303507398085194,0.03511293638273691,0.35135135135135137,1.0,0.9142667997395557,0.0012187726669778056,0.2678354307087544,-0.000800542461258491,6.0,0.0,0.0,0.0,0.019222506722294253,0.030895223304840715,0.9139867716694431,101.75747381597026,0.020224753944015912,0.009679197629492509,0.912787664827149,99.36611322530433,0.01815253864890512,0.09751056260459645,0.9157459346519624,97.46390464631295,more_fundamental_traders
traditional,0.5,0.9,fundamental,none,101,0.03162586004532563,0.11471711002593059,0.027225758964224106,0.38461538461538464,1.0,0.910596341099344,0.0012236627927662922,0.2628044995556646,-0.00016080453079014845,1.0,0.0,3.0,0.0,0.01621570799716363,0.1075821560039795,0.9097220044895096,99.14213519602009,0.02520591574211648,0.0393921892555456,0.9101903542503402,97.4086242311763,0.018156230943016778,0.13744069618028365,0.9110023279483476,96.183445883403,more_fundamental_traders
traditional,0.5,0.9,fundamental,none,173,0.03791211374578808,0.10293286784987624,0.004276373728002142,0.35570469798657717,1.0,0.8944544732694405,0.0013096619581710587,0.3151717433697009,0.01223543465278032,2.0,0.0,4.0,0.0,0.023293033978321945,0.10458093905190999,0.9036452963368891,100.99544880315877,0.03330320798078501,0.06558315100668366,0.8908785042205071,99.06166101435778,0.01695617829986399,-0.002349479099429125,0.8980304423183738,97.55322821244394,more_fundamental_traders
traditional,0.5,0.9,fundamental,none,257,0.031215151459323333,0.13614873329402818,0.018317973758134574,0.4013605442176871,1.0,0.9124976165550085,0.0012113199572463761,0.25043115254511655,-0.009999589303021139,7.0,0.0,3.0,0.0,0.02075994315242255,0.0698124178663684,0.9006346929627379,97.3387049112176,0.02518829447188454,0.012686227638795016,0.9096754362452307,93.78205094011851,0.01753942245389157,0.06262102749864915,0.9153197968647863,90.61678709008306,more_fundamental_traders
traditional,0.5,0.9,volatility,none,11,0.03954392253348988,0.12095687423766872,0.1209937262993118,0.3698630136986301,1.0,0.894179429731778,0.001313403067096836,0.301113152265858,0.02281053906937469,0.0,0.0,9.0,0.0,0.023720382472926967,0.20734865385520865,0.9132439824656217,98.84752669198599,0.031291815545040506,0.131844690760686,0.8949434735933482,97.11867526224354,0.023587964589520553,0.1649509825800033,0.8934153858702077,95.97856591409928,more_fundamental_traders
traditional,0.5,0.9,volatility,none,47,0.03586119051195668,0.07286853359153853,0.14374320612114447,0.4068965517241379,1.0,0.8977863670330052,0.001299106130413802,0.30409496681872544,0.019044411417004747,7.0,0.0,5.0,0.0,0.019222506722294253,0.030895223304840715,0.9139867716694431,101.75747381597026,0.030459143722653893,0.18476228124018235,0.8946879253280133,101.69293647613495,0.018817977939447623,0.033432228481264335,0.9008848087379971,102.42335215128834,more_fundamental_traders
traditional,0.5,0.9,volatility,none,101,0.03127373253898748,0.0838567787351588,0.09844153541395753,0.44680851063829785,1.0,0.9062780627102656,0.0012451287530350521,0.26673035240058146,0.006500858200872761,1.0,0.0,5.0,0.0,0.01621570799716363,0.1075821560039795,0.9097220044895096,99.14213519602009,0.02838984952274688,0.12802501998384197,0.9041279479511121,99.50760433139943,0.013044368844531234,-0.024150047981202006,0.9084281774694191,99.89394061335406,more_fundamental_traders
traditional,0.5,0.9,volatility,none,173,0.03968786506535802,0.06584929607076705,0.14140941421753217,0.38028169014084506,1.0,0.8940703312277002,0.001308062685235724,0.29912182960588884,0.007631858733265107,0.0,0.0,8.0,0.0,0.023293033978321945,0.10458093905190999,0.9036452963368891,100.99544880315877,0.03407267421084097,0.13777453283957317,0.8950305329256486,100.10992743086148,0.02019136796643776,0.146119472993593,0.8931101295297518,99.9784254425793,more_fundamental_traders
traditional,0.5,0.9,volatility,none,257,0.032951199329472346,0.0969556181080118,0.0371393538601531,0.38686131386861317,1.0,0.9054272183006418,0.0012502633032728972,0.26899144341142284,-0.008246188768479934,4.0,0.0,5.0,0.0,0.02075994315242255,0.0698124178663684,0.9006346929627379,97.3387049112176,0.026811593847461297,0.04971846762355883,0.9080962025375495,96.18684818897555,0.01893769642881225,0.027070941450678086,0.902758234063734,96.69105004319569,more_fundamental_traders
traditional,0.5,0.9,liquidity,none,11,0.3873979009729155,0.6488491400340908,0.67874237425847,1.0,1.0,0.28081523228800825,0.007508756831531457,0.704817043000643,0.9708253211190097,18.0,227.0,55.0,37.0,0.023720382472926967,0.20734865385520865,0.9132439824656217,98.84752669198599,0.3803304966952935,0.6906484961993045,0.02671916706291377,51.776414171557114,0.06736302267292113,0.29862501861989493,0.5349112975131027,53.10290772555878,more_fundamental_traders
traditional,0.5,0.9,liquidity,none,47,0.40306167094723494,0.6561776707036732,0.6759056833614625,1.0,1.0,0.28331153247505364,0.007739756047074836,0.7212387435719001,0.9709527355878219,55.0,259.0,83.0,37.0,0.019222506722294253,0.030895223304840715,0.9139867716694431,101.75747381597026,0.39546528393806124,0.6875473217803836,0.026492776060255893,53.29338880516777,0.06930196547087784,0.2877536075708325,0.5401302888898514,52.39267986940835,more_fundamental_traders
traditional,0.5,0.9,liquidity,none,101,0.4276846800968979,0.6598835780715369,0.6926033804645388,1.0,1.0,0.2962286696507863,0.007425563311745835,0.6450275504195829,0.970934253455302,27.0,209.0,79.0,31.0,0.01621570799716363,0.1075821560039795,0.9097220044895096,99.14213519602009,0.42479559116671783,0.6913865946954527,0.026451108685948133,52.66782247516678,0.04604992737675162,0.19250729692877713,0.5660062306156245,55.848879903551534,more_fundamental_traders
traditional,0.5,0.9,liquidity,none,173,0.4157142186174113,0.654976889404756,0.6959825419345282,1.0,1.0,0.29827148365043366,0.00722532315080054,0.6218527281632993,0.970672260405935,13.0,221.0,57.0,30.0,0.023293033978321945,0.10458093905190999,0.9036452963368891,100.99544880315877,0.4132109845066266,0.6892081170724254,0.026451093406600235,54.737869667746246,0.04224670552886094,0.2716620579380884,0.5700918738942672,55.976525837703896,more_fundamental_traders
traditional,0.5,0.9,liquidity,none,257,0.38610901388745505,0.6628878457967399,0.6447740637028146,1.0,1.0,0.2891941889051781,0.007472685810688532,0.6763445877909888,0.9704439258973675,9.0,255.0,70.0,33.0,0.02075994315242255,0.0698124178663684,0.9006346929627379,97.3387049112176,0.3813732099437512,0.6449365905766269,0.026620243104813895,51.984518688311944,0.05461433298064435,0.10188897696572315,0.5517681347055423,50.020240705640454,more_fundamental_traders
amm,0.5,0.9,fundamental,none,11,0.023643712511617735,0.09980691979998599,-0.13425623797300718,0.44594594594594594,1.0,34.417737030215434,0.005121682358928856,0.2756278403830087,0.008513940709691359,2.0,0.0,5.0,0.0,0.013398528601903515,-0.09079611605270739,34.94051513045538,100.69936402557246,0.01935412022630924,-0.14293747453017586,34.59121831072552,98.81257711306574,0.01294410094506597,-0.04061120228900494,34.244255749705346,97.05084202812338,more_fundamental_traders
amm,0.5,0.9,fundamental,none,47,0.023778662805156132,0.11590450566765413,-0.08000293420403562,0.381294964028777,1.0,33.80747654712844,0.005148698750742379,0.2615564678123812,0.014385026636246412,2.0,0.0,6.0,0.0,0.013911346237433892,-0.15957544385246686,34.56480096133322,98.58356093277607,0.019155296508648535,-0.017935017085443067,34.04825161369472,95.75184425902523,0.013026312169718371,-0.06567108622187809,33.56670148056216,93.24332757878568,more_fundamental_traders
amm,0.5,0.9,fundamental,none,101,0.02357439038797454,0.11579048778226556,-0.05491163440150095,0.3706293706293706,1.0,34.400051405683456,0.005114743805883464,0.269901363260823,0.01184539878995483,1.0,0.0,6.0,0.0,0.013936356317084625,-0.10787001060615023,34.99996851467935,101.23840250172465,0.018995277967061686,-0.12230744105055877,34.5792391164977,98.95084358795955,0.012604546166110796,-0.017646965605130495,34.2208636948692,97.22957881784404,more_fundamental_traders
amm,0.5,0.9,fundamental,none,173,0.02433466181569643,0.11182074908074413,-0.1405593489499113,0.36551724137931035,1.0,34.41171036111103,0.005176618770639412,0.2892559563476529,0.010334964416121029,1.0,0.0,7.0,0.0,0.013340604025422776,-0.12007008756130529,34.95676806051451,100.69662170958884,0.019617204214516164,-0.11913192323150516,34.60855814719707,98.6951140122981,0.01355880532192354,-0.13585018077032665,34.21486257502498,96.6632308195336,more_fundamental_traders
amm,0.5,0.9,fundamental,none,257,0.02293422443702306,0.09713788691668561,-0.12439869252648703,0.36619718309859156,1.0,34.27108422060367,0.005101389993871579,0.26924115963225786,0.014541516602339155,0.0,0.0,9.0,0.0,0.01272075701364247,-0.12513574599958474,35.00185061069935,101.5395450996332,0.01787724039060439,-0.159607276273263,34.45519491837789,98.42708081566997,0.01345326147607434,-0.1229075591091248,34.08697352282945,96.53989707682247,more_fundamental_traders
amm,0.5,0.9,volatility,none,11,0.020455946816732566,0.08650660548169523,-0.07467109980311648,0.37681159420289856,1.0,34.81609207247754,0.004801807308688348,0.2781616953785846,0.003085223656085212,8.0,0.0,3.0,0.0,0.013398528601903515,-0.09079611605270739,34.94051513045538,100.69936402557246,0.01495621194770927,-0.046017854108670306,34.78061677476733,99.76779768639756,0.013920813802931298,-0.12277439898611413,34.85156737018774,100.2515314093262,more_fundamental_traders
amm,0.5,0.9,volatility,none,47,0.027701866591509684,0.08834204814965427,-0.013998943873185538,0.3888888888888889,1.0,34.360085723615555,0.005238104898435632,0.28308433316956944,0.005705620018870539,5.0,0.0,5.0,0.0,0.013911346237433892,-0.15957544385246686,34.56480096133322,98.58356093277607,0.023745370425366612,-0.003208078505386866,34.34808332115896,97.34263545698788,0.013572986123436336,-0.04200201620457782,34.37208812607215,97.4462131237932,more_fundamental_traders
amm,0.5,0.9,volatility,none,101,0.022191171377103712,0.08102196867915405,-0.02794016041188458,0.3931034482758621,1.0,34.74879509041113,0.004934640949649841,0.271251809119393,0.004197177044970579,6.0,0.0,7.0,0.0,0.013936356317084625,-0.10787001060615023,34.99996851467935,101.23840250172465,0.0178169012693812,0.002199618618347869,34.846879107458584,100.29939138399033,0.013184219117530118,-0.09222997807501739,34.650711073363674,99.08218068331524,more_fundamental_traders
amm,0.5,0.9,volatility,none,173,0.024848091777743796,0.06268169821152157,-0.009316084491222,0.35570469798657717,1.0,35.36006432418721,0.0051776889873842505,0.3006551728732076,-0.003195345736731303,2.0,0.0,0.0,0.0,0.013340604025422776,-0.12007008756130529,34.95676806051451,100.69662170958884,0.01854376788684848,-0.05326614080745843,35.08171270842529,101.40807886253602,0.016447539928454505,0.05472915964031209,35.63841593994913,104.77864998124635,more_fundamental_traders
amm,0.5,0.9,volatility,none,257,0.024166472464825856,0.054444361562143787,-0.0713954551457815,0.4068965517241379,1.0,35.17443188815114,0.005149212297460633,0.29125417739041376,-0.004755218034437458,0.0,0.0,14.0,0.0,0.01272075701364247,-0.12513574599958474,35.00185061069935,101.5395450996332,0.017172140656126295,-0.07777724547934302,35.12987859546798,102.35690424009891,0.016910332552109407,-0.11357982274491066,35.218985180834295,102.83922233339914,more_fundamental_traders
amm,0.5,0.9,liquidity,none,11,0.027391060401897684,0.06327450458492237,-0.13316625822230688,0.4206896551724138,1.0,22.60114983953731,0.00542378922116744,0.28481893377161127,0.25352789491077965,7.0,0.0,64.0,260.0,0.013398528601903515,-0.09079611605270739,34.94051513045538,100.69936402557246,0.017442509239390048,-0.1688745630393249,26.04310903623863,100.97013146476645,0.02107642119443871,-0.12800058942547066,19.159190642835988,101.40566467632189,more_fundamental_traders
amm,0.5,0.9,liquidity,none,47,0.026928967483536164,0.07825030463714926,-0.1192787549265201,0.38461538461538464,1.0,22.20939907574817,0.0054201646999396304,0.2749966735266219,0.25790722088255413,4.0,0.0,11.0,260.0,0.013911346237433892,-0.15957544385246686,34.56480096133322,98.58356093277607,0.01694040303567082,-0.07173128418405782,25.635732356890323,97.85332149739581,0.02085492971826943,-0.15421397121129626,18.783065794606014,97.50643676828737,more_fundamental_traders
amm,0.5,0.9,liquidity,none,101,0.026197664635153894,0.07910577069672894,-0.1381434495781368,0.3691275167785235,1.0,22.587794155682897,0.005335475972318839,0.27942551356333384,0.25583655891616053,2.0,0.0,72.0,260.0,0.013936356317084625,-0.10787001060615023,34.99996851467935,101.23840250172465,0.016090339644409875,-0.13907741492456854,26.041072459191064,101.01955947827297,0.020639973425834224,-0.14212271372441687,19.134515852174722,101.46141879510185,more_fundamental_traders
amm,0.5,0.9,liquidity,none,173,0.028774152012829755,0.0739634446415308,-0.15640052381581251,0.3235294117647059,1.0,22.60582012208123,0.005539497287879386,0.3025736692912568,0.2546829093362949,1.0,0.0,103.0,260.0,0.013340604025422776,-0.12007008756130529,34.95676806051451,100.69662170958884,0.018185328773341402,-0.10555997098812304,26.063717462865135,100.89121039516002,0.022088199043726938,-0.18626892674583417,19.14792278129733,101.08875187400821,more_fundamental_traders
amm,0.5,0.9,liquidity,none,257,0.027809056567728037,0.06635773457818135,-0.1814152693279076,0.41496598639455784,1.0,22.50662986153494,0.005481659607862888,0.2827726656525146,0.2579231678891285,0.0,0.0,260.0,260.0,0.01272075701364247,-0.12513574599958474,35.00185061069935,101.5395450996332,0.016910689319277354,-0.18079496747985463,25.945691599952344,100.55344818219235,0.022025775549896105,-0.1789458257029175,19.067568123117535,100.9490159560334,more_fundamental_traders
traditional,0.5,0.9,fundamental,none,11,0.03245294172280938,0.10707325077952005,-0.034168736076502816,0.39568345323741005,1.0,0.9261514792176706,0.0011539818830336585,0.1775974159330587,0.008131143944817065,2.0,0.0,1.0,0.0,0.02000849686625133,0.13362687625527087,0.9336960260603555,99.2097540945356,0.024837154539704618,-0.0016823570596534443,0.9267100996950607,96.21513451142114,0.019809654955678806,-0.021871742014435622,0.9255928587402805,94.35271302410489,slow_rebalancing
traditional,0.5,0.9,fundamental,none,47,0.027556453994607204,0.12205089769757889,0.037371927972354765,0.41333333333333333,1.0,0.9385625002036303,0.0011058826714326938,0.15533285960384358,0.007189134870294267,6.0,0.0,3.0,0.0,0.016037219917590346,0.2386158014341399,0.9452103778445274,96.49169045234623,0.020374300278044568,0.010591157564249064,0.9376279537086569,93.8309082363857,0.01707728499188069,0.10705408137336714,0.9394970466986037,92.49452764184538,slow_rebalancing
traditional,0.5,0.9,fundamental,none,101,0.030800833838465103,0.10880993929401554,0.02598591849547216,0.38028169014084506,1.0,0.9303384237302421,0.001130618348588992,0.16070389855394382,0.004210607091410412,0.0,0.0,0.0,0.0,0.019449820224102188,0.0483130103061172,0.9313819556732713,100.25897286934263,0.02252191456866322,0.02183002962592967,0.9277566493888806,98.30069588853017,0.01955068127164662,0.13439736049183632,0.9329201980716039,96.5817697897726,slow_rebalancing
traditional,0.5,0.9,fundamental,none,173,0.03209602289185637,0.11407631329759496,0.06119875634006009,0.4246575342465753,1.0,0.9294522720988455,0.0011420421286330164,0.17115981442242428,0.005531416676187173,2.0,0.0,18.0,0.0,0.01407172526726227,0.07598450095176817,0.9348165645074872,100.92589276099247,0.025315346331243088,0.1529752395315,0.9299376914140092,98.44443897603149,0.01882165130658419,0.04626518644168874,0.9289668527836819,96.3581351221307,slow_rebalancing
traditional,0.5,0.9,fundamental,none,257,0.030738667705272244,0.1204885441700397,0.10605291979018969,0.4266666666666667,1.0,0.9331696304028528,0.0011228485678172423,0.16400425362561688,-0.00019960468676782916,6.0,0.0,7.0,0.0,0.014950998596139773,0.12185407113976772,0.9348710344371247,100.11834017571522,0.026196030434367468,0.20935320603926355,0.9358005641689635,97.64658250676224,0.014802056784750309,0.10655843268583828,0.930538696636742,93.9477597768862,slow_rebalancing
traditional,0.5,0.9,volatility,none,11,0.03615176181401266,0.10467431122722948,0.003981253602715018,0.36551724137931035,1.0,0.9201816244915554,0.0011750988751082552,0.1782312645917179,0.017515508635595922,1.0,0.0,4.0,0.0,0.02000849686625133,0.13362687625527087,0.9336960260603555,99.2097540945356,0.03284198042031951,0.006979723462202192,0.9179422212753731,97.63353599215701,0.014794384573309005,0.01853999065576479,0.9224210277077378,97.07879042018516,slow_rebalancing
traditional,0.5,0.9,volatility,none,47,0.03671156277711516,0.0969883922534595,0.10418021759403288,0.4306569343065693,1.0,0.9220873518110773,0.0011784111841801933,0.17908793634680673,0.02066490817232658,1.0,0.0,11.0,0.0,0.016037219917590346,0.2386158014341399,0.9452103778445274,96.49169045234623,0.03060708826416858,0.05633845965149855,0.9249011975966803,96.21717635314752,0.02022981370604794,0.23321188591031822,0.9192735060254742,96.03189200717952,slow_rebalancing
traditional,0.5,0.9,volatility,none,101,0.03194221585710845,0.059327502149325126,0.09059419904759158,0.375886524822695,1.0,0.9248746082987865,0.0011540378308022607,0.16472181949745415,0.009591669789052237,4.0,0.0,5.0,0.0,0.019449820224102188,0.0483130103061172,0.9313819556732713,100.25897286934263,0.026993055169229962,0.07558781978346361,0.922743223122174,100.67532452799428,0.0169245018056026,0.12577057568256594,0.927005993475399,102.00260796283875,slow_rebalancing
traditional,0.5,0.9,volatility,none,173,0.03644393151829079,0.06073735169466095,0.09911760643484609,0.4244604316546763,1.0,0.9212180638110016,0.0011800847821757743,0.18590463283395509,0.014905550828399172,2.0,0.0,7.0,0.0,0.01407172526726227,0.07598450095176817,0.9348165645074872,100.92589276099247,0.031039412338816068,0.1243363337839661,0.9211718431824067,100.32827323847049,0.018611187925482765,0.04639186471324099,0.9212642844395964,102.1857136666069,slow_rebalancing
traditional,0.5,0.9,volatility,none,257,0.030429187129725456,0.09835684238058903,0.10928869546138405,0.37681159420289856,1.0,0.9284576440457312,0.0011466459283995941,0.16842212284749095,0.0034240771015778826,2.0,0.0,16.0,0.0,0.014950998596139773,0.12185407113976772,0.9348710344371247,100.11834017571522,0.025409845584549763,0.08475885713692577,0.9324101974401497,100.2887292420155,0.016693653813442316,0.171680816161592,0.9245050906513125,99.41821419563213,slow_rebalancing
traditional,0.5,0.9,liquidity,none,11,0.29588826790480743,0.6203250990865523,0.5974882135025645,1.0,1.0,0.3166327505407974,0.006149874985057505,0.4856124915976683,0.969625963382174,10.0,260.0,40.0,26.0,0.02000849686625133,0.13362687625527087,0.9336960260603555,99.2097540945356,0.29241750657972865,0.5532447098436595,0.02837867761489726,57.10476626389439,0.04143251247217272,0.4281867200562551,0.6048868234666976,54.69086033852509,slow_rebalancing
traditional,0.5,0.9,liquidity,none,47,0.29596842931899137,0.6315973265294975,0.5427683532633585,1.0,1.0,0.31495414017192386,0.006020945548360861,0.5256678551175924,0.9695746650230149,19.0,260.0,42.0,27.0,0.016037219917590346,0.2386158014341399,0.9452103778445274,96.49169045234623,0.2935941981960407,0.47759260336955317,0.028734218749352575,61.24242417405678,0.035520880159351356,0.15398178185738784,0.601174061594495,50.26062899154466,slow_rebalancing
traditional,0.5,0.9,liquidity,none,101,0.34122422490173915,0.6298678717623347,0.6290128788368875,1.0,1.0,0.31608873822914174,0.006443156362234876,0.5186788988642905,0.9697750959994209,16.0,260.0,36.0,27.0,0.019449820224102188,0.0483130103061172,0.9313819556732713,100.25897286934263,0.33742461311343536,0.6120962242419006,0.02815992604798905,59.35494949036434,0.044927242452991546,0.15595171374721212,0.6040175504102944,58.95257288759649,slow_rebalancing
traditional,0.5,0.9,liquidity,none,173,0.30219145559844607,0.6253939988659247,0.5191932258394537,1.0,1.0,0.31361602370066366,0.006281368995974706,0.5353670278697019,0.9697129101044644,21.0,260.0,75.0,27.0,0.01407172526726227,0.07598450095176817,0.9348165645074872,100.92589276099247,0.2990327639358288,0.4502947589080037,0.02832176594555323,59.9205983861109,0.04095402827277088,0.21151469036914977,0.5989102814557741,52.78828877347034,slow_rebalancing
traditional,0.5,0.9,liquidity,none,257,0.3153603124169474,0.6268216575044607,0.5664345254197547,1.0,1.0,0.3165785827415879,0.006262226379856826,0.5254809524536178,0.9696652456523766,20.0,260.0,31.0,26.0,0.014950998596139773,0.12185407113976772,0.9348710344371247,100.11834017571522,0.31332013503661044,0.5148299101944829,0.0283816151290351,61.73177390834446,0.03500437287390361,0.4394238949198154,0.6047755503541407,52.30521663876574,slow_rebalancing
amm,0.5,0.9,fundamental,none,11,0.021869687624328643,0.10129779529751819,0.014485929955235243,0.3888888888888889,1.0,33.68728545414489,0.004901164701538018,0.167961182221893,0.008518328906660044,2.0,0.0,15.0,0.0,0.008465452111550986,-0.04044790564619098,34.282361132275895,97.32058732748388,0.017776407765859006,-0.012072638567227989,33.99938612720451,95.72894193542956,0.011377606367845714,0.07628565312507617,33.375184781085274,92.42995305995859,slow_rebalancing
amm,0.5,0.9,fundamental,none,47,0.01977193955343123,0.13179716119240423,-0.014027665351759422,0.42857142857142855,1.0,34.120378984554684,0.004737054691104218,0.1633624969104207,0.008369929507143659,3.0,0.0,15.0,0.0,0.008694537825519757,-0.08865714679527849,34.50405686495212,98.90094783375599,0.01549773244300795,0.00901088796747937,34.22812796181461,97.38356234965384,0.01103108915062583,-0.017918121217326277,34.01263000729476,96.52800241804093,slow_rebalancing
amm,0.5,0.9,fundamental,none,101,0.020104852393796693,0.10415811091090998,0.0655482964915122,0.4383561643835616,1.0,34.327960919390016,0.004792329956125705,0.1593708962464905,0.009308066153741135,2.0,0.0,11.0,0.0,0.010533984486986071,-0.03558057277305688,34.97087278233637,101.39637035292552,0.0163200521440001,0.0864800333726647,34.66181539412569,99.64515834836234,0.010558180350949034,0.17799408623501742,33.99410644465434,96.00270372194187,slow_rebalancing
amm,0.5,0.9,fundamental,none,173,0.020255508411906355,0.11109561075093996,-0.0007295384071954846,0.48299319727891155,1.0,34.64399615043183,0.004803051266964868,0.18354921199079344,0.0026765580667842404,1.0,0.0,7.0,0.0,0.009657371601727902,-0.005783170608262394,34.86995482456844,100.80778107864711,0.017274442853547057,0.03585031260034207,34.7725219944284,100.4478335398785,0.009772665536987933,0.02358115476092031,34.515470306435255,99.14219861021984,slow_rebalancing
amm,0.5,0.9,fundamental,none,257,0.022617332355903887,0.09850438877119308,-0.026284227848873402,0.46206896551724136,1.0,34.5519385222496,0.004948905026523825,0.16720899628644084,0.012405376689665903,3.0,0.0,0.0,0.0,0.013100497035124368,-0.04561687015869083,35.1447401682851,102.62991905209321,0.015366875791229574,-0.022003099938373648,34.70053298079978,100.18271146258503,0.015491837308234299,0.018024035915821586,34.40334406369942,98.86265032732044,slow_rebalancing
amm,0.5,0.9,volatility,none,11,0.0186272736647008,0.057227295241127296,0.02286629289826843,0.40425531914893614,1.0,34.29494753782335,0.004639881839367963,0.1618225792283734,-0.0003252781442821817,0.0,0.0,13.0,0.0,0.008465452111550986,-0.04044790564619098,34.282361132275895,97.32058732748388,0.015877158300356818,0.0639518788131135,34.30264661062896,97.3733674155191,0.00970604055622378,-0.07364307198829693,34.287248465017726,97.29108236953996,slow_rebalancing
amm,0.5,0.9,volatility,none,47,0.020790880551517444,0.0607885359567862,0.06191228266771116,0.3287671232876712,1.0,34.9475883494482,0.0048221612119100695,0.1727745742058232,-0.0118406966160991,1.0,0.0,7.0,0.0,0.008694537825519757,-0.08865714679527849,34.50405686495212,98.90094783375599,0.017765303325522,0.09109524574142004,34.92573881259379,101.39443949346519,0.010742484194739707,-0.04941416771208669,34.96943788630263,101.55453623617181,slow_rebalancing
amm,0.5,0.9,volatility,none,101,0.018326142651563366,0.06493692831156705,-0.002330537550856318,0.40939597315436244,1.0,34.73768623574783,0.004624813769807942,0.16385204834679162,0.003242714122440038,2.0,0.0,5.0,0.0,0.010533984486986071,-0.03558057277305688,34.97087278233637,101.39637035292552,0.015333932566914954,0.03504507234656793,34.87402678419235,100.74266061512148,0.009968962487661182,-0.04722020828462302,34.60134568730331,99.01810451467918,slow_rebalancing
amm,0.5,0.9,volatility,none,173,0.020779344192339056,0.09025203417348301,0.06184390467851332,0.3900709219858156,1.0,34.80224208394623,0.004807593651645882,0.18028369180241938,0.002803275172031716,7.0,0.0,18.0,0.0,0.009657371601727902,-0.005783170608262394,34.86995482456844,100.80778107864711,0.01705180694498141,0.0612777164755932,34.768103895801595,100.31588101553837,0.011798282222636576,0.04730053774538556,34.836380272090864,100.70575319070642,slow_rebalancing
amm,0.5,0.9,volatility,none,257,0.019733043190374288,0.06383597944155783,0.05951859483007538,0.4189189189189189,1.0,34.83263572082585,0.004765601014043907,0.16614718319179628,0.008023411727766216,3.0,0.0,0.0,0.0,0.013100497035124368,-0.04561687015869083,35.1447401682851,102.62991905209321,0.015545665557382137,0.1449333506274483,34.85449951331433,100.92218907931041,0.012113088034205277,-0.13259135101735248,34.81077192833737,100.72184480488963,slow_rebalancing
amm,0.5,0.9,liquidity,none,11,0.020499977377993965,0.06283461801738824,-0.022989588359677997,0.3972602739726027,1.0,22.139001204871903,0.00478354231005146,0.16972744297028328,0.2534573644450542,8.0,0.0,109.0,260.0,0.008465452111550986,-0.04044790564619098,34.282361132275895,97.32058732748388,0.013506020637859864,-0.035927545285620546,25.60006106685154,97.7469894691216,0.015237112289668975,-0.04318917703865659,18.677941342892257,96.55866948842309,slow_rebalancing
amm,0.5,0.9,liquidity,none,47,0.019081891448379868,0.09848027237496945,-0.07511501078082465,0.3617021276595745,1.0,22.39796674010627,0.004670615086590106,0.16748296242318322,0.2533125896588827,3.0,0.0,163.0,260.0,0.008694537825519757,-0.08865714679527849,34.50405686495212,98.90094783375599,0.011636619993111807,-0.016332553976161197,25.773434054827657,99.47625701349864,0.015082229207752696,-0.1051039920399445,19.022499425384883,100.8510800299788,slow_rebalancing
amm,0.5,0.9,liquidity,none,101,0.018071404673843085,0.06547948286088028,0.009170433870302658,0.42657342657342656,1.0,22.564939600612956,0.004639472878052268,0.15684741388815676,0.2539836045709696,2.0,0.0,22.0,260.0,0.010533984486986071,-0.03558057277305688,34.97087278233637,101.39637035292552,0.011929880559921512,0.02889224671461294,26.10123459768166,101.79701465557498,0.013463078158004464,-0.004125968207939912,19.028644603544254,100.34163768774364,slow_rebalancing
amm,0.5,0.9,liquidity,none,173,0.020618338862799578,0.07916505396844488,-0.06543597716057725,0.42657342657342656,1.0,22.74261939122229,0.004881871167682099,0.18573585936100237,0.2494846333059444,19.0,0.0,140.0,260.0,0.009657371601727902,-0.005783170608262394,34.86995482456844,100.80778107864711,0.014235292510140007,-0.0278738501606674,26.167350528669427,102.63815337023898,0.014788515752725117,-0.10306252334482258,19.317888253775156,103.64297511704304,slow_rebalancing
amm,0.5,0.9,liquidity,none,257,0.022621558876806537,0.05962598297744924,-0.0529851254307568,0.4057971014492754,1.0,22.678819299531124,0.0048685151990262585,0.17054504948076685,0.25658682644254915,3.0,0.0,0.0,260.0,0.013100497035124368,-0.04561687015869083,35.1447401682851,102.62991905209321,0.011945466833094696,-0.07386818386862341,26.12087261160104,102.29358728813968,0.018992064234645237,-0.05074521435291364,19.236765987461208,103.14459228887947,slow_rebalancing
traditional,0.5,0.9,fundamental,none,11,0.03747345718190294,0.11319033067174018,-0.08501429128526639,0.3918918918918919,1.0,0.8801640951259054,0.0013968179107119413,0.40297129205602933,0.007724647192642986,2.0,0.0,10.0,0.0,0.02230332890778299,0.07727857456358589,0.8867069861099682,98.91421164340751,0.028293281611083777,-0.06676018579579066,0.8819459935927003,95.95527892867682,0.02355370838435855,-0.07712190904803091,0.8783821966591104,94.11702854590683,fast_rebalancing
traditional,0.5,0.9,fundamental,none,47,0.03137212912737973,0.12472385503234448,-0.023878810318676995,0.3698630136986301,1.0,0.8972034954387259,0.0013155794597822937,0.3573736194674686,0.007075783998333196,2.0,0.0,3.0,0.0,0.018164359210151516,0.1356563566490267,0.904048305480819,96.20303046730416,0.023468425974293983,-0.06074308841471602,0.8962615807425286,93.58350607243231,0.019547865468402092,0.029262913093202347,0.8981454101349232,92.25858513122739,fast_rebalancing
traditional,0.5,0.9,fundamental,none,101,0.034045179163112525,0.11217225792195588,-0.016411959438054357,0.4244604316546763,1.0,0.8855614053642185,0.0013508239751121598,0.3699155259854257,0.0035224028781851713,0.0,0.0,0.0,0.0,0.022928094463941773,-0.0165081724749784,0.8812363641403933,99.92664295647631,0.02549514274711136,-0.015452081696113507,0.8792243059710279,98.0254338637651,0.02126938101973658,0.06920741378414637,0.8918985047574093,96.28670954882327,fast_rebalancing
traditional,0.5,0.9,fundamental,none,173,0.03602748186835889,0.1182809861345044,0.008062788459009762,0.3900709219858156,1.0,0.8838124886814716,0.0013815847752932165,0.394194694898545,0.0046987164534944,3.0,0.0,11.0,0.0,0.01776276506619317,-0.017414148970650294,0.8857209627138539,100.60868389139203,0.02821178343913852,0.07123485876298852,0.8819663147283384,98.181566344413,0.021596531699108558,-0.005263348319192285,0.8856586626346047,96.07496780501451,fast_rebalancing
traditional,0.5,0.9,fundamental,none,257,0.03422952190215105,0.12649968192918007,0.04007768724294104,0.3706293706293706,1.0,0.8904705963039419,0.0013358274706410833,0.3688346738459357,-0.007616588190880291,4.0,0.0,7.0,0.0,0.018463407406109005,-0.0031321280738166755,0.8840033950108298,99.913757208086,0.028114779775755234,0.13579948609653947,0.8917434532849293,97.4677446078173,0.018122211459194165,0.010395533881511081,0.8891977393229544,93.75072829703164,fast_rebalancing
traditional,0.5,0.9,volatility,none,11,0.039476168413797405,0.11006839260399634,-0.02962909537764653,0.36551724137931035,1.0,0.8762699414477032,0.001413499212110967,0.40333567104873197,0.014786993489088074,1.0,0.0,4.0,0.0,0.02230332890778299,0.07727857456358589,0.8867069861099682,98.91421164340751,0.03478665645047519,-0.011596366963042249,0.8756688972162843,97.35733015604038,0.01824792211496168,-0.05626148475347935,0.8768709856791221,96.82221684356246,fast_rebalancing
traditional,0.5,0.9,volatility,none,47,0.04085550962196369,0.10016822788874787,0.04818215836341587,0.3888888888888889,1.0,0.8791915008924116,0.001415271177667805,0.4030832257987522,0.021137947081915742,3.0,0.0,11.0,0.0,0.018164359210151516,0.1356563566490267,0.904048305480819,96.20303046730416,0.033472363964818244,0.021295654936815005,0.8835683899522964,95.9540055559255,0.02329506578863071,0.12200931225871389,0.8748146118325266,95.79569303327997,fast_rebalancing
traditional,0.5,0.9,volatility,none,101,0.03529022486166913,0.06431098152230502,0.036667039865237915,0.3472222222222222,1.0,0.8791864532215182,0.0013904179265231192,0.38729103005834614,0.008215791635023173,0.0,0.0,3.0,0.0,0.022928094463941773,-0.0165081724749784,0.8812363641403933,99.92664295647631,0.02866222803899502,0.04995168930334727,0.8750831777767744,100.38596377206981,0.020448048468034375,0.010803865658335254,0.883289728666262,101.70989844489192,fast_rebalancing
traditional,0.5,0.9,volatility,none,173,0.0398186783971643,0.06417889578522937,0.05873313567341507,0.42657342657342656,1.0,0.8733778495559454,0.0014378529507740995,0.4277992322480968,0.01262055166910403,0.0,0.0,4.0,0.0,0.01776276506619317,-0.017414148970650294,0.8857209627138539,100.60868389139203,0.03339466812197643,0.08999748070455403,0.8749465389815407,100.06042080127575,0.021353304506788746,-0.007783003525753396,0.8718091601303501,101.87596685468498,fast_rebalancing
traditional,0.5,0.9,volatility,none,257,0.034056928754466885,0.10446995516514271,0.04320909857490305,0.39568345323741005,1.0,0.8838605635555449,0.0013802034369694988,0.3920766888832935,-0.004171263630377009,7.0,0.0,15.0,0.0,0.018463407406109005,-0.0031321280738166755,0.8840033950108298,99.913757208086,0.027273626894138238,0.04012370230316085,0.8886943315681196,100.10525641124812,0.020370289975638604,0.053528997326772076,0.8790267955429701,99.23206042176658,fast_rebalancing
traditional,0.5,0.9,liquidity,none,11,0.51705288838594,0.747754545520914,0.7873258429708685,1.0,1.0,0.2726046603227926,0.009013377770536136,0.8167422299176854,0.971990027717244,48.0,260.0,131.0,36.0,0.02230332890778299,0.07727857456358589,0.8867069861099682,98.91421164340751,0.5108472480060348,0.7966194249474416,0.02489559250416578,39.62484952288132,0.07513402199876433,0.2818195263459228,0.5203137281414195,38.42334008534974,fast_rebalancing
traditional,0.5,0.9,liquidity,none,47,0.5218578555232599,0.7549594569833754,0.7718692990242034,1.0,1.0,0.2894197748228519,0.00869860729217329,0.7447184081517656,0.9722398230141654,8.0,260.0,90.0,34.0,0.018164359210151516,0.1356563566490267,0.904048305480819,96.20303046730416,0.5190334031884553,0.7672207760036204,0.025057682858421356,41.96607616436921,0.04789767085494092,0.36016027410937124,0.5537818667872824,39.883404336725654,fast_rebalancing
traditional,0.5,0.9,liquidity,none,101,0.5453166118809177,0.741286372478954,0.775031539914122,1.0,1.0,0.28844106001705966,0.008697428699192308,0.7588703954942148,0.971896976646471,5.0,260.0,59.0,31.0,0.022928094463941773,-0.0165081724749784,0.8812363641403933,99.92664295647631,0.5428979535429964,0.7689274117602662,0.024796203421995813,41.257161442442445,0.04810064327429905,0.20773605022061076,0.5520859166121235,41.232048054396394,fast_rebalancing
traditional,0.5,0.9,liquidity,none,173,0.5101774644971686,0.7424537602973457,0.7649797190016072,1.0,1.0,0.27625490047270534,0.008865188397693947,0.8149610484789472,0.9716622041089673,42.0,260.0,90.0,36.0,0.01776276506619317,-0.017414148970650294,0.8857209627138539,100.60868389139203,0.502613958265629,0.7782878648040785,0.025110970740921546,41.62165728828715,0.07591079205165527,0.3050857757144795,0.5273988302044892,39.2172922598938,fast_rebalancing
traditional,0.5,0.9,liquidity,none,257,0.502074163315674,0.7389522308912644,0.820896916939307,1.0,1.0,0.2820966553213022,0.008533146830440897,0.769894412703995,0.9714927891140467,15.0,260.0,60.0,33.0,0.018463407406109005,-0.0031321280738166755,0.8840033950108298,99.913757208086,0.4983171059833283,0.8228930413444807,0.02522896007955167,42.34669153494805,0.05738735198550724,0.3351717948953562,0.5389643505630527,38.359118786512745,fast_rebalancing
amm,0.5,0.9,fundamental,none,11,0.02991600742293704,0.10766491330458443,-0.09310831312922242,0.35172413793103446,1.0,33.83445140272062,0.005636531418280585,0.3837365254569638,0.008519847012761761,7.0,0.0,14.0,0.0,0.01500387568008309,-0.15522461422806022,34.43090305785155,97.32299787588592,0.0237663519834049,-0.1113535633276929,34.14585622150898,95.722158184857,0.017277328172468714,-0.07144832195138022,33.523046583932256,92.43262630004814,fast_rebalancing
amm,0.5,0.9,fundamental,none,47,0.029004125416388322,0.1372492708655881,-0.11990112860207218,0.4206896551724138,1.0,34.268466938070546,0.005594106383331712,0.38610846015067274,0.008383328608741025,6.0,0.0,12.0,0.0,0.014874475985438696,-0.17926375710803097,34.6536371865004,98.91532584406713,0.021932794331764673,-0.11474245512305896,34.37611813960552,97.3863902127507,0.01810524694364036,-0.14312934518479584,34.16081573653557,96.52849631423739,fast_rebalancing
amm,0.5,0.9,fundamental,none,101,0.028073604195347462,0.10925691838154625,-0.06460889040131493,0.42857142857142855,1.0,34.49126187654812,0.005582384266920417,0.37573963471452176,0.009304271907431882,4.0,0.0,6.0,0.0,0.01803759470948201,-0.17187196319670345,35.13528863990645,101.40222571812603,0.021861038711929147,-0.04175232807249809,34.82442227484267,99.6465297178347,0.016590481362508576,-0.04412246364630953,34.15810147825358,96.0134210415712,fast_rebalancing
amm,0.5,0.9,fundamental,none,173,0.029217617313167365,0.11661836904693812,-0.11906601107868933,0.40425531914893614,1.0,34.80223962816223,0.005635199094230083,0.41795859196513274,0.002736817740542241,0.0,0.0,4.0,0.0,0.01795382964520571,-0.1642052853022034,35.03025547915915,100.83169338506207,0.023276495892194153,-0.10765673273070617,34.93271543360954,100.45819738922852,0.01709702932965586,-0.13180271221484802,34.67176382271493,99.12496134270052,fast_rebalancing
amm,0.5,0.9,fundamental,none,257,0.03094773261952267,0.10208313910519115,-0.1291367192533698,0.32432432432432434,1.0,34.663315729460834,0.005763427675752782,0.3954168729246133,0.01244570381004273,3.0,0.0,0.0,0.0,0.019356800396014985,-0.12101677545036933,35.25720562839524,102.62965164300054,0.0216391037064428,-0.15689034046922562,34.81109892510404,100.17450985652361,0.02147159027867253,-0.09189275764301402,34.51553253381762,98.85317996577251,fast_rebalancing
amm,0.5,0.9,volatility,none,11,0.026306933581605917,0.06261337705014482,-0.09091168684055499,0.38571428571428573,1.0,34.44530621682237,0.005303251889218397,0.3735049787178168,-0.00034136146463503714,7.0,0.0,5.0,0.0,0.01500387568008309,-0.15522461422806022,34.43090305785155,97.32299787588592,0.020834115556511806,-0.0465316628951142,34.451029804365255,97.3675467924757,0.016026859292415433,-0.1652821114069749,34.43958262927948,97.2991007636908,fast_rebalancing
amm,0.5,0.9,volatility,none,47,0.02873846741609934,0.06418144852327885,-0.06435140490524714,0.352112676056338,1.0,35.09819520731741,0.005519448536628526,0.3993025752510111,-0.01179606493642349,1.0,0.0,6.0,0.0,0.014874475985438696,-0.17926375710803097,34.6536371865004,98.91532584406713,0.02185266250196482,-0.014603018663569323,35.07567194553429,101.38917625339603,0.018604271814040806,-0.1549998220436181,35.12071846910054,101.5491171644628,fast_rebalancing
amm,0.5,0.9,volatility,none,101,0.026643325601110095,0.07072015205117219,-0.07944889610485188,0.4647887323943662,1.0,34.897588732843346,0.005395762846381801,0.3984469040880203,0.0033336448418841425,1.0,0.0,0.0,0.0,0.01803759470948201,-0.17187196319670345,35.13528863990645,101.40222571812603,0.02064592493547886,-0.03186474872720545,35.03429865997311,100.72044858534326,0.016690939926353766,-0.1369734842184826,34.76087880571358,98.99082057745167,fast_rebalancing
amm,0.5,0.9,volatility,none,173,0.029559062234337664,0.09567885068489064,-0.061069613968240864,0.352112676056338,1.0,34.96123517984312,0.005643428549349714,0.4140310903557067,0.0028790628297969967,4.0,0.0,9.0,0.0,0.01795382964520571,-0.1642052853022034,35.03025547915915,100.83169338506207,0.022827831691814376,-0.027656766588996306,34.92773278979679,100.32107809435314,0.018732289867440494,-0.1126469421735419,34.99473756988945,100.69522208147038,fast_rebalancing
amm,0.5,0.9,volatility,none,257,0.02836698274470874,0.06700895287323998,-0.07417520417471156,0.4206896551724138,1.0,34.947294837903684,0.005548096992165894,0.4066546376903538,0.007956255514779076,3.0,0.0,0.0,0.0,0.019356800396014985,-0.12101677545036933,35.25720562839524,102.62965164300054,0.020364247243401964,0.008689430882596733,34.96935111369611,100.93227793756141,0.01972495758824697,-0.17351871185147721,34.92523856211125,100.72116379087922,fast_rebalancing
amm,0.5,0.9,liquidity,none,11,0.03810389220241031,0.07540430826029239,-0.1564884074218595,0.3972602739726027,1.0,22.238544231142832,0.006293170401206793,0.42060697093476535,0.2533529096317736,2.0,0.0,260.0,260.0,0.01500387568008309,-0.15522461422806022,34.43090305785155,97.32299787588592,0.02349714283615839,-0.15589605039823168,25.713983400583146,97.76034686320914,0.029916256311788358,-0.15172284257357402,18.763105061702515,96.5591691481355,fast_rebalancing
amm,0.5,0.9,liquidity,none,47,0.041168375017163326,0.11437711377956199,-0.19171130847755258,0.410958904109589,1.0,22.498616149433882,0.00664944515851175,0.45450282907568024,0.25323926067462366,25.0,0.0,260.0,260.0,0.014874475985438696,-0.17926375710803097,34.6536371865004,98.91532584406713,0.022086493464250463,-0.15825153706956235,25.887761004513692,99.49116960230147,0.03460978180494724,-0.20369681724691674,19.10947129435408,100.86446294795819,fast_rebalancing
amm,0.5,0.9,liquidity,none,101,0.03506310635491005,0.074982379525736,-0.13945262531169708,0.3931034482758621,1.0,22.673908487385823,0.006152731642365608,0.40505514176089574,0.2538841290760069,6.0,0.0,158.0,260.0,0.01803759470948201,-0.17187196319670345,35.13528863990645,101.40222571812603,0.021612881896923997,-0.10230632453802486,26.227078020257046,101.81515354307179,0.027561500866209315,-0.15915887693863015,19.120738954514607,100.33455406323166,fast_rebalancing
amm,0.5,0.9,liquidity,none,173,0.0396545607271333,0.08626784846460273,-0.1783283078394864,0.3561643835616438,1.0,22.849070081940205,0.006533939896190996,0.44595829436798695,0.24948190569575457,7.0,0.0,260.0,260.0,0.01795382964520571,-0.1642052853022034,35.03025547915915,100.83169338506207,0.024815762274492094,-0.1396617725453796,26.289584818227148,102.65400844749576,0.03072743497928405,-0.2022192820228368,19.40855534565326,103.63965397270182,fast_rebalancing
amm,0.5,0.9,liquidity,none,257,0.040441680028341045,0.06717447883176349,-0.16271387067453572,0.3706293706293706,1.0,22.753966112800164,0.0065052973942684965,0.41976756845638546,0.2565967236074157,2.0,0.0,260.0,260.0,0.019356800396014985,-0.12101677545036933,35.25720562839524,102.62965164300054,0.022457425823718402,-0.1898198585747411,26.204822454411072,102.29490793195197,0.033417401818558234,-0.15347748978550926,19.30310977118925,103.14567012379761,fast_rebalancing
traditional,0.5,0.9,fundamental,none,11,0.0348496972328176,0.11115685146657699,-0.0643938807743496,0.3793103448275862,1.0,0.9011843943732818,0.0012817543100195272,0.30672732689566123,0.008867132880518103,2.0,0.0,10.0,0.0,0.020859259877529433,0.11055846103677977,0.9083596006371522,99.04896112633564,0.02631365184397048,-0.03549543586215106,0.9018031251229288,96.08934614239217,0.021758940770564138,-0.055747230813981676,0.9005656636236347,94.23649421495155,short_signals
traditional,0.5,0.9,fundamental,none,47,0.028889597254664574,0.12354197621179279,0.0061444030895364266,0.4657534246575342,1.0,0.9174822878659532,0.0012096486745560566,0.2630323897826512,0.0068583919449336506,6.0,0.0,3.0,0.0,0.01696812551264088,0.19324784259165775,0.9245003270698576,96.33361350239967,0.021634283421413932,-0.030950953810696756,0.9169237630795323,93.70937610116518,0.017751286882976496,0.07451573348042426,0.9180408126523741,92.36139272864938,short_signals
traditional,0.5,0.9,fundamental,none,101,0.03188825539478722,0.1103594986042894,0.01572648036264699,0.38571428571428573,1.0,0.9081385550125094,0.0012346789577705566,0.2704264712560473,-0.0007794909329987831,0.0,0.0,0.0,0.0,0.02125878782353972,0.015665982362506138,0.9029540570974262,100.09652741889604,0.023634022482065968,0.013772023825720204,0.9042697781204383,98.17946818086952,0.02005206433426679,0.11564206301659281,0.9120073319045807,96.44118272080674,short_signals
traditional,0.5,0.9,fundamental,none,173,0.033835635427620754,0.11679850707369624,0.03696466008162326,0.3469387755102041,1.0,0.9031924550644735,0.0012724300509552333,0.30054277126306356,0.006625555231042801,0.0,0.0,16.0,0.0,0.015900429610768672,0.03282525142752543,0.9075167043783471,100.76815892720377,0.026424452507549823,0.11182762900980243,0.9026396013761384,98.33282598753149,0.020253035651012236,0.02569279795493712,0.9037453087528088,96.21115090601215,short_signals
traditional,0.5,0.9,fundamental,none,257,0.032320269544659594,0.12367439884969791,0.07742625409659726,0.38028169014084506,1.0,0.9118417548875556,0.0012284954767975247,0.2747116087130792,-0.004968162098692552,0.0,0.0,7.0,0.0,0.016788364204199803,0.04625804085417649,0.9079077221094307,100.01143270317483,0.027090684771982492,0.18325614517690098,0.9132685293573701,97.57394023565102,0.016287691396870627,0.057908782877420364,0.9104149804177412,93.85886210350971,short_signals
traditional,0.5,0.9,volatility,none,11,0.03747331631462173,0.10842205439111349,-0.00676058605327034,0.375886524822695,1.0,0.8952870869745362,0.0013057325017477573,0.3131315874984256,0.021387597553298332,1.0,0.0,4.0,0.0,0.020859259877529433,0.11055846103677977,0.9083596006371522,99.04896112633564,0.03363844775390877,0.0015663915442736375,0.890411116498778,97.49205373840557,0.016185148684408162,-0.011705962555215183,0.9001630574502945,96.9434965459524,short_signals
traditional,0.5,0.9,volatility,none,47,0.03912246584737319,0.09871327400785414,0.06343525005475972,0.4125874125874126,1.0,0.8944748883614925,0.0013268355136410778,0.3294660735238113,0.029529815000378656,3.0,0.0,10.0,0.0,0.01696812551264088,0.19324784259165775,0.9245003270698576,96.33361350239967,0.03225550672389411,0.02934385032032725,0.8959922399475218,96.07127878797826,0.022071718640248195,0.15361640550208372,0.8929575367754632,95.9071486263051,short_signals
traditional,0.5,0.9,volatility,none,101,0.033619422099472114,0.0627658625925361,0.059906693760098405,0.375,1.0,0.8987975609803673,0.0012845760563134666,0.2959097177053635,0.008807140067715769,0.0,0.0,4.0,0.0,0.02125878782353972,0.015665982362506138,0.9029540570974262,100.09652741889604,0.02774297744692413,0.06481008442758336,0.8956076294988106,100.5341477187472,0.018830710533458556,0.048900095618987574,0.9019874924619242,101.85913886075778,short_signals
traditional,0.5,0.9,volatility,none,173,0.03805104474401207,0.06304539226315974,0.08677787548495268,0.34285714285714286,1.0,0.893177204621668,0.0013270580921823415,0.33162179289475774,0.0202395302124736,0.0,0.0,4.0,0.0,0.015900429610768672,0.03282525142752543,0.9075167043783471,100.76815892720377,0.032465363151661424,0.11054736585390453,0.8902691271656391,100.19857155640828,0.019405569695097998,0.03827698248460378,0.896085282077697,102.00800172180449,short_signals
traditional,0.5,0.9,volatility,none,257,0.03207585821390478,0.10110200141876906,0.06784795064159325,0.32413793103448274,1.0,0.9036445157362459,0.0012710724617504131,0.297129685105497,0.00012389589174066629,2.0,0.0,15.0,0.0,0.016788364204199803,0.04625804085417649,0.9079077221094307,100.01143270317483,0.026281756677296503,0.055378463236395725,0.908641102850033,100.19573779251465,0.018345114985595056,0.09875142235163993,0.8986479286224588,99.33822919641521,short_signals
traditional,0.5,0.9,liquidity,none,11,0.45709614066419063,0.6989520968301832,0.6411871384438446,1.0,1.0,0.2827377479921336,0.008681051931349831,0.7951985652044626,0.9708484561573772,11.0,260.0,131.0,34.0,0.020859259877529433,0.11055846103677977,0.9083596006371522,99.04896112633564,0.4518071821114237,0.6293593350359621,0.026524146470733586,45.91429596281467,0.060218323434295985,-0.017796803978304944,0.5389513495135335,37.66728698969021,short_signals
traditional,0.5,0.9,liquidity,none,47,0.44489914939406844,0.7020570564458323,0.6271564509694214,1.0,1.0,0.2837750045830885,0.00847140406176513,0.795765457749445,0.9707100423390297,43.0,260.0,115.0,36.0,0.01696812551264088,0.19324784259165775,0.9245003270698576,96.33361350239967,0.44054363094256177,0.6116508960932431,0.027042123682172833,47.49752066506026,0.05944842326878037,-0.048579537256596014,0.5405078854840042,37.74259066334271,short_signals
traditional,0.5,0.9,liquidity,none,101,0.5030941111493767,0.6957575995019284,0.6813885496935648,1.0,1.0,0.2882585553007495,0.008935957271446061,0.8176731799439056,0.9710187094385082,21.0,260.0,63.0,32.0,0.02125878782353972,0.015665982362506138,0.9029540570974262,100.09652741889604,0.5006161329754008,0.6586318674217109,0.02618649305178324,47.032209993984715,0.04787596790573075,0.05340960197767726,0.5503306175497158,38.85419638768223,short_signals
traditional,0.5,0.9,liquidity,none,173,0.47081077077409794,0.7006362572118962,0.6424314982530068,1.0,1.0,0.2806540308289119,0.008791819976627573,0.8180056258764141,0.9707674483743219,42.0,260.0,166.0,35.0,0.015900429610768672,0.03282525142752543,0.9075167043783471,100.76815892720377,0.464433117784753,0.6312218688451814,0.026562449724329786,48.00730383488517,0.06596526776176788,0.0840591388089002,0.534745611933494,37.36434288625099,short_signals
traditional,0.5,0.9,liquidity,none,257,0.4616700248711635,0.7008778558502304,0.6652229789242656,1.0,1.0,0.2805836569582739,0.008690701603034102,0.8116208624476272,0.9703124065756131,45.0,260.0,104.0,33.0,0.016788364204199803,0.04625804085417649,0.9079077221094307,100.01143270317483,0.4569922408660344,0.6585646816334595,0.026978710181454247,48.99601951179411,0.06265047810846466,-0.01605366183261407,0.5341886037350936,37.47640157086676,short_signals
amm,0.5,0.9,fundamental,none,11,0.025731150224005295,0.10543729853255805,-0.056749701188209364,0.3698630136986301,1.0,33.75676005603324,0.005287974596754247,0.28100329238523747,0.008644300654021775,2.0,0.0,13.0,0.0,0.011775548425123745,-0.1212195898293221,34.356472552961684,97.32077903760131,0.02069905914525367,-0.05541417321781785,34.06901239770682,95.72132872636321,0.01425762359320663,-0.03720795832616714,33.44450771435966,92.42979539560754,short_signals
amm,0.5,0.9,fundamental,none,47,0.024881136429575557,0.13465274868925287,-0.08961045677390919,0.4013605442176871,1.0,34.19546952734147,0.00523504121205248,0.28412466495983607,0.00847357078837585,7.0,0.0,20.0,0.0,0.011716596049447818,-0.145729795646748,34.582514177419625,98.90276334761116,0.018594463528353915,-0.07400762390644461,34.3019448072651,97.38994164905517,0.015423530446888545,-0.11508140539378497,34.08899424741785,96.52369500257983,short_signals
amm,0.5,0.9,fundamental,none,101,0.024035030166819314,0.10703471621577061,-0.016551295484030386,0.3783783783783784,1.0,34.401078312425,0.00518417117488731,0.26932538675302437,0.00945793605005052,4.0,0.0,10.0,0.0,0.014569979479405238,-0.13735036101862938,35.05093580228305,101.40996985747071,0.01866195041450932,0.023560194648338022,34.73507417836107,99.64676303995958,0.013825492293252048,0.01926568976976268,34.06708244648893,96.01508508992782,short_signals
amm,0.5,0.9,fundamental,none,173,0.02469546047475187,0.11434237823615193,-0.0867327452711081,0.352112676056338,1.0,34.721853911101924,0.005214179335950432,0.30565094196841563,0.0026901691452484444,0.0,0.0,4.0,0.0,0.013892339552970912,-0.11259868504582622,34.95117802675568,100.83025052725418,0.020265109828536475,-0.07630139325941233,34.854307284495306,100.4677082906961,0.013394519174286945,-0.09419135984074534,34.58940053770854,99.12774514986612,short_signals
amm,0.5,0.9,fundamental,none,257,0.02701172226098684,0.10009092518584439,-0.0960557163175735,0.46853146853146854,1.0,34.59883106547442,0.0053946991471656046,0.30833202233162843,0.012613339193173645,3.0,0.0,0.0,0.0,0.016861162038572883,-0.06627130085302918,35.194717213310426,102.61652318896246,0.0186541990110071,-0.12223830777039124,34.74496976827365,100.17190934229376,0.01857251587497478,-0.051594371896059664,34.4526923626752,98.85537701548284,short_signals
amm,0.5,0.9,volatility,none,11,0.02288976588712659,0.060499837146008414,-0.04260274236701524,0.38028169014084506,1.0,34.369735677403185,0.00506559050086638,0.2795262468199443,-0.0002608250303446358,2.0,0.0,11.0,0.0,0.011775548425123745,-0.1212195898293221,34.356472552961684,97.32077903760131,0.01860130188082341,0.003584622191133513,34.37504668746172,97.3670040223634,0.013316465251369305,-0.13168422722743173,34.36442466734465,97.3002419409269,short_signals
amm,0.5,0.9,volatility,none,47,0.02487660504401202,0.06251614377510811,-0.013074522786098908,0.35664335664335667,1.0,35.02780029088834,0.005200554491064582,0.30696583154556933,-0.011955431376584169,3.0,0.0,7.0,0.0,0.011716596049447818,-0.145729795646748,34.582514177419625,98.90276334761116,0.019473554062716857,0.04239147736406775,35.008687950044596,101.39601721123192,0.015428690823893107,-0.12547577745856683,35.04691263173207,101.54779153107025,short_signals
amm,0.5,0.9,volatility,none,101,0.0227738995356138,0.06749160328867528,-0.05464814977656306,0.3793103448275862,1.0,34.807786926564475,0.005050482417543736,0.30352205490523326,0.0034438996620238527,1.0,0.0,3.0,0.0,0.014569979479405238,-0.13735036101862938,35.05093580228305,101.40996985747071,0.018187236468198607,-0.005901380533328093,34.94596678721854,100.72353832374745,0.013612383107018644,-0.12470528396422767,34.66960706591041,98.98766054236789,short_signals
amm,0.5,0.9,volatility,none,173,0.02483429837234194,0.09318087717825366,-0.01797305006399392,0.40425531914893614,1.0,34.88266432293845,0.0052442028734894335,0.3009669799351851,0.002879787987975946,1.0,0.0,14.0,0.0,0.013892339552970912,-0.11259868504582622,34.95117802675568,100.83025052725418,0.01962075207468879,0.004988468720998895,34.84768042370753,100.32977368262222,0.015187446644217556,-0.06547403289751337,34.91764822216938,100.70893310121157,short_signals
amm,0.5,0.9,volatility,none,257,0.024389823011047057,0.06526383873243351,-0.02914425142882392,0.37142857142857144,1.0,34.88266336006017,0.0051737583318621425,0.30670284536035264,0.008091455358298694,3.0,0.0,0.0,0.0,0.016861162038572883,-0.06627130085302918,35.194717213310426,102.61652318896246,0.018174718138297834,0.07446869835534838,34.90408951677217,100.92192176943952,0.016232697753829316,-0.1754276722350033,34.86123720334817,100.72181684460908,short_signals
amm,0.5,0.9,liquidity,none,11,0.029987160217470703,0.0709424911935644,-0.12724365717939556,0.4125874125874126,1.0,22.18795112899059,0.0056117211598146685,0.3102430178173899,0.2533892006733267,8.0,0.0,260.0,260.0,0.011775548425123745,-0.1212195898293221,34.356472552961684,97.32077903760131,0.019236221891767415,-0.10679414962039029,25.65808881242442,97.75188204498752,0.022817429632886965,-0.13338102175875222,18.71781344555676,96.55848352412309,short_signals
amm,0.5,0.9,liquidity,none,47,0.033248837805094175,0.10664624968239385,-0.1753976959142746,0.410958904109589,1.0,22.45083942645015,0.005923811637848843,0.3487119793164342,0.2532772804941207,31.0,0.0,260.0,260.0,0.011716596049447818,-0.145729795646748,34.582514177419625,98.90276334761116,0.01720576611799043,-0.1190049498746674,25.832938745957218,99.48184395475153,0.028405265133718764,-0.19588391906114996,19.06874010694308,100.84477681304128,short_signals
amm,0.5,0.9,liquidity,none,101,0.02757798477854199,0.07227390106418416,-0.12030082230501071,0.35664335664335667,1.0,22.61472405512206,0.005475513127378239,0.29472357265649074,0.2539473538135194,2.0,0.0,73.0,260.0,0.014569979479405238,-0.13735036101862938,35.05093580228305,101.40996985747071,0.016519087825582392,-0.06053798865653013,26.161629020490917,101.80651145188286,0.021936969228300712,-0.15463117542926377,19.067819089753197,100.33138729404351,short_signals
amm,0.5,0.9,liquidity,none,173,0.030867449295233818,0.08338687775474377,-0.1592271076371333,0.3877551020408163,1.0,22.795385472281414,0.005802329421806789,0.33843605484405004,0.24944886629171692,4.0,0.0,140.0,260.0,0.013892339552970912,-0.11259868504582622,34.95117802675568,100.83025052725418,0.019843668841047886,-0.11668887292611185,26.230504340435765,102.63910908736769,0.023519464708126193,-0.18821479565898222,19.360266604127062,103.64374381632447,short_signals
amm,0.5,0.9,liquidity,none,257,0.035473254296203786,0.06443562475740161,-0.1190738496662617,0.3617021276595745,1.0,22.716106948076167,0.006076662152433723,0.363406416775486,0.2565794946655313,2.0,0.0,97.0,260.0,0.016861162038572883,-0.06627130085302918,35.194717213310426,102.61652318896246,0.018703448286007597,-0.17093620040848445,26.160089059593112,102.30449042008973,0.029832136670056165,-0.0973588945325526,19.272124836559218,103.16721903589927,short_signals
traditional,0.5,0.9,fundamental,none,11,0.03423293709668319,0.11145630115895393,-0.05587906714208095,0.32857142857142857,1.0,0.9061158891798035,0.0012527871771550148,0.268661269075756,0.008491006790125821,2.0,0.0,1.0,0.0,0.020735731976840182,0.11186734311424777,0.9142988627886429,99.06149898213224,0.02588320970253675,-0.02582197052851039,0.908412909366036,96.04927259212992,0.021308175069047593,-0.048211793496076724,0.9038188689935709,94.20224863660695,long_signals
traditional,0.5,0.9,fundamental,none,47,0.02909628901390974,0.12211263826183365,0.007704213370623003,0.35251798561151076,1.0,0.9176220947433726,0.0012043931919087382,0.24857613135202924,0.007945996886025264,6.0,0.0,3.0,0.0,0.016743444196324883,0.2008570456684598,0.9258060701749639,96.35762401596891,0.0213774853853538,-0.0249976557854459,0.9175160377959466,93.68220165317896,0.018285291766508775,0.06503480201612866,0.9177281516907988,92.36621898682257,long_signals
traditional,0.5,0.9,fundamental,none,101,0.03184454494963037,0.11102492999251468,0.013763953519023753,0.34265734265734266,1.0,0.9087390764544448,0.0012304407227997775,0.25450346932960355,0.004760114509979041,0.0,0.0,0.0,0.0,0.020782473714517462,0.0182415491421118,0.910751703066755,100.0631006440298,0.023428642793570965,0.02084482402754828,0.9059550802572565,98.12148604642957,0.02013511703964349,0.1093887385982761,0.9115230726516333,96.40564523956,long_signals
traditional,0.5,0.9,fundamental,none,173,0.033360068030382786,0.1152612045274013,0.037160666593520804,0.375886524822695,1.0,0.9061935185597051,0.0012525427826571276,0.2782386835351547,0.002514733990449103,2.0,0.0,15.0,0.0,0.015614259597047398,0.035843350087808076,0.9099102484269946,100.76865993367105,0.02637772646871528,0.11579893263773851,0.9075921906200227,98.28420288830647,0.019553718908362556,0.02546301868372889,0.9047948464993874,96.18366149158352,long_signals
traditional,0.5,0.9,fundamental,none,257,0.032137897524500705,0.12310444120321518,0.07539970674435352,0.36486486486486486,1.0,0.9116207239553852,0.001225439037505789,0.2573510239853306,-0.004997930421821728,6.0,0.0,7.0,0.0,0.015935304334967898,0.07442902799671441,0.9090160960584961,100.00961234248538,0.026956463762314004,0.18231202168035815,0.9145485182582348,97.52729365939291,0.016183615857203137,0.061030525390762466,0.9086929296525355,93.79035676559435,long_signals
traditional,0.5,0.9,volatility,none,11,0.03750643215915478,0.10875450624290797,-0.007365739845669406,0.35714285714285715,1.0,0.8998488531956861,0.0012813139190340087,0.27156851093654993,0.012247805033042791,1.0,0.0,5.0,0.0,0.020735731976840182,0.11186734311424777,0.9142988627886429,99.06149898213224,0.03357565336526107,0.00535144731075482,0.9049709597265262,97.46517204023355,0.01633243773267837,-0.021398036097907254,0.8947267466648458,96.95415469258998,long_signals
traditional,0.5,0.9,volatility,none,47,0.03804365632479946,0.09791786668991129,0.08210816085825326,0.48936170212765956,1.0,0.9052957255712356,0.0012642053188434666,0.25967479081340594,0.014068058165357611,1.0,0.0,10.0,0.0,0.016743444196324883,0.2008570456684598,0.9258060701749639,96.35762401596891,0.031826139290597646,0.03887618722910806,0.9118539575155128,96.08878015847736,0.02074419684571046,0.20524853727662368,0.8987374936269583,95.90727086411113,long_signals
traditional,0.5,0.9,volatility,none,101,0.03313044869919181,0.06244020136926411,0.07059054980042068,0.3793103448275862,1.0,0.9043713416480418,0.001254224443118675,0.26090120373131265,0.005980530727832334,0.0,0.0,5.0,0.0,0.020782473714517462,0.0182415491421118,0.910751703066755,100.0631006440298,0.027549405664621322,0.06966762190603065,0.9048441498286109,100.50254055725469,0.018281669419120482,0.07124781362309467,0.9038985334674726,101.85344475936766,long_signals
traditional,0.5,0.9,volatility,none,173,0.03762313657129688,0.06061321319401085,0.08278184233446484,0.4068965517241379,1.0,0.8995624287208738,0.0012898767444186137,0.2900417292766213,0.005267774070172648,0.0,0.0,6.0,0.0,0.015614259597047398,0.035843350087808076,0.9099102484269946,100.76865993367105,0.03171819731352753,0.11286677821824612,0.9050872536931678,100.17097706830063,0.019756883816576937,0.02030519463032855,0.8940376037485797,102.067682532043,long_signals
traditional,0.5,0.9,volatility,none,257,0.03159553586300292,0.10075610992993163,0.08515536202568072,0.3877551020408163,1.0,0.9083393213533643,0.0012463750037541531,0.26603714763692926,-0.003496260213468716,4.0,0.0,15.0,0.0,0.015935304334967898,0.07442902799671441,0.9090160960584961,100.00961234248538,0.02591553590946341,0.07105889556693451,0.9131819977686001,100.17886800109343,0.01803058985262528,0.12160041592681817,0.9034966449381284,99.29242067330753,long_signals
traditional,0.5,0.9,liquidity,none,11,0.3633371889514666,0.7160195362733902,0.7287157391059914,1.0,1.0,0.27114326826627366,0.0072494575284121595,0.6395722044049085,0.9710256023937841,2.0,260.0,131.0,41.0,0.020735731976840182,0.11186734311424777,0.9142988627886429,99.06149898213224,0.36171308671891145,0.6915720955306978,0.026546120112719493,48.33820743027626,0.032993287316617305,0.308316818551427,0.5157404164198278,36.84755921020621,long_signals
traditional,0.5,0.9,liquidity,none,47,0.3617862250865998,0.7185989441509315,0.7086380209980705,1.0,1.0,0.26620206483517367,0.007105072681303193,0.597581741851277,0.9702019038384933,4.0,260.0,10.0,44.0,0.016743444196324883,0.2008570456684598,0.9258060701749639,96.35762401596891,0.3601065614899973,0.6667552568631544,0.02755921657303892,54.4319946916074,0.03339782309557289,0.44343391687381634,0.5048449130973084,36.40337111551361,long_signals
traditional,0.5,0.9,liquidity,none,101,0.40722365137945066,0.7127041620368635,0.716468048322392,1.0,1.0,0.27006667739968154,0.007434616825447212,0.6505821959861287,0.9713863644738429,1.0,260.0,10.0,40.0,0.020782473714517462,0.0182415491421118,0.910751703066755,100.0631006440298,0.40572525732836473,0.6850105673368783,0.026046653522922424,50.83406353316601,0.034742289218469044,0.4459509984707575,0.5140867012764406,37.661533406351225,long_signals
traditional,0.5,0.9,liquidity,none,173,0.3707351490485199,0.7207873307636218,0.6337162552280802,1.0,1.0,0.2640363302881725,0.007540051705024064,0.635447300013417,0.9704079121184163,7.0,260.0,167.0,43.0,0.015614259597047398,0.035843350087808076,0.9099102484269946,100.76865993367105,0.3689976799994678,0.5832495988712286,0.026925257726272685,54.07420107307253,0.033888049870879136,0.307094159405381,0.5011474028500723,36.80206861153303,long_signals
traditional,0.5,0.9,liquidity,none,257,0.3832916021180345,0.7171575421222652,0.6910403125563831,1.0,1.0,0.2625100231954031,0.007377207761692466,0.6042233200654519,0.9698844792007238,4.0,260.0,11.0,42.0,0.015935304334967898,0.07442902799671441,0.9090160960584961,100.00961234248538,0.38213297855339,0.6533152316453056,0.02740513596082028,57.31137772692126,0.029634396535810924,0.4571244932005972,0.497614910429986,36.49649508596264,long_signals
amm,0.5,0.9,fundamental,none,11,0.025373932072080996,0.1040337646661565,-0.028723030237735304,0.3825503355704698,1.0,33.76418506290247,0.005232232984528862,0.26571888857791853,0.008481558997572414,2.0,0.0,15.0,0.0,0.010894485333448172,-0.08392285255355203,34.35395764781761,97.32098163263267,0.02034551584349553,-0.05640130509214171,34.07011267031807,95.71935853158448,0.014026988118047845,0.0019197511871813123,33.45825745548687,92.42359989038974,long_signals
amm,0.5,0.9,fundamental,none,47,0.023572593570038426,0.1336957967332614,-0.09052953788383333,0.4057971014492754,1.0,34.19582621306691,0.005093661684712353,0.26175210887460587,0.008201385796033578,2.0,0.0,14.0,0.0,0.011816126927112173,-0.14163463311156638,34.573766210254924,98.9041289318763,0.018282031961966365,-0.0857599447475815,34.30131144376393,97.37662409124052,0.01381257056980675,-0.1015398564789417,34.090340982369895,96.53511721338336,long_signals
amm,0.5,0.9,fundamental,none,101,0.023634465910708346,0.10600573012978114,-0.014540609002342724,0.4405594405594406,1.0,34.42311974378761,0.005164198720022787,0.2560133575605926,0.009093542989917491,3.0,0.0,10.0,0.0,0.013301647032602814,-0.09956741794040999,35.05463881777994,101.39482238991,0.01882128661898705,0.024503355124620933,34.750890702503355,99.64415425650797,0.013191190820127591,0.024594205985566015,34.09534878507186,96.00786074029456,long_signals
amm,0.5,0.9,fundamental,none,173,0.02423927838749104,0.11289872042053879,-0.050476927090322234,0.42028985507246375,1.0,34.725963184245444,0.005199634923542712,0.2995003516518527,0.0027315702787705787,0.0,0.0,6.0,0.0,0.013217166854310795,-0.11262972713023385,34.949572447754726,100.82189555250936,0.019649249117300316,-0.024922909663066643,34.851290160655566,100.45156495992043,0.013392220358950168,-0.04966104519062065,34.60063620783532,99.13047554437351,long_signals
amm,0.5,0.9,fundamental,none,257,0.025440707487064868,0.09911748855695927,-0.07958342249122526,0.32413793103448274,1.0,34.62513745633029,0.0052418977074118345,0.26379239937330806,0.012072276800612958,1.0,0.0,2.0,0.0,0.015507054895194822,-0.08776155247098424,35.20729084818717,102.6096333762431,0.017614386506051863,-0.10251296781666693,34.77378864169346,100.19103801276647,0.01748992558479644,-0.03905565917508065,34.47648627096712,98.88326697228513,long_signals
amm,0.5,0.9,volatility,none,11,0.021474216461456964,0.059901625962906525,-0.03211553188792546,0.4246575342465753,1.0,34.3658275544801,0.004893381174041782,0.2639620052226605,-0.0003472537909197104,2.0,0.0,11.0,0.0,0.010894485333448172,-0.08392285255355203,34.35395764781761,97.32098163263267,0.017161240345247863,0.025009588903115554,34.373484381836576,97.37478600052702,0.012891861133061918,-0.12985297251234496,34.35817072712362,97.28897281507248,long_signals
amm,0.5,0.9,volatility,none,47,0.023641848719939643,0.06272793208461687,0.006987929187726616,0.3793103448275862,1.0,35.017901068995926,0.005062992799092228,0.2703307161107786,-0.011724300421396938,1.0,0.0,4.0,0.0,0.011816126927112173,-0.14163463311156638,34.573766210254924,98.9041289318763,0.0190483066959626,0.06240666733178869,34.99044042507771,101.40444950896712,0.013931185512087541,-0.11687722964653209,35.04536171291414,101.55445751385697,long_signals
amm,0.5,0.9,volatility,none,101,0.02171175710266159,0.06662395234801041,-0.03962407861586454,0.3877551020408163,1.0,34.824968131328994,0.00494262444472096,0.2556823234829428,0.0030695955670445585,1.0,0.0,1.0,0.0,0.013301647032602814,-0.09956741794040999,35.05463881777994,101.39482238991,0.01710618783273009,0.0009645136517276498,34.96214933040808,100.73476124158002,0.013169616505569354,-0.08424465308750938,34.68778693224991,98.99133848729306,long_signals
amm,0.5,0.9,volatility,none,173,0.024235969025632464,0.0928310496138249,0.00399927675858121,0.3931034482758621,1.0,34.88199128109307,0.005148237055325616,0.29640354907587657,0.002724824795757419,1.0,0.0,18.0,0.0,0.013217166854310795,-0.11262972713023385,34.949572447754726,100.82189555250936,0.01917305846765773,0.022159562766074715,34.85152589336178,100.3259430063436,0.01478326872780503,-0.04489420187969966,34.91245666882437,100.69732384626728,long_signals
amm,0.5,0.9,volatility,none,257,0.023082879934763642,0.06447790443162202,-0.007847733468238239,0.3931034482758621,1.0,34.90299170827696,0.005050677640099735,0.27107269559224256,0.007771323642915995,3.0,0.0,0.0,0.0,0.015507054895194822,-0.08776155247098424,35.20729084818717,102.6096333762431,0.017533995214538998,0.08401394911822976,34.925176676011624,100.92871263382364,0.014994568993748836,-0.15238537824988277,34.88080674054228,100.736257331724,long_signals
amm,0.5,0.9,liquidity,none,11,0.02766404183263683,0.06530578740992363,-0.10597777350999857,0.4482758620689655,1.0,22.187899485655894,0.005421785779786883,0.26651310167913356,0.2534449092878981,2.0,0.0,260.0,260.0,0.010894485333448172,-0.08392285255355203,34.35395764781761,97.32098163263267,0.01793874825180815,-0.11168980255158031,25.652791721600025,97.75912915223267,0.021007437124440902,-0.10634686981155068,18.723007249711763,96.55155518580602,long_signals
amm,0.5,0.9,liquidity,none,47,0.026881014100483568,0.10204780621142792,-0.15127373579595055,0.4,1.0,22.44200996161977,0.005373746784278693,0.2682592144616384,0.2532891486788005,3.0,0.0,260.0,260.0,0.011816126927112173,-0.14163463311156638,34.573766210254924,98.9041289318763,0.016105919453170366,-0.12751627804370727,25.824961945691065,99.46809157388837,0.021437462089287772,-0.1620844753873669,19.05905797754847,100.85488004931362,long_signals
amm,0.5,0.9,liquidity,none,101,0.025663188977031605,0.06831647927178314,-0.10462545901301705,0.35135135135135137,1.0,22.622600544464,0.005304526958331752,0.26029250486554,0.2539117694482439,3.0,0.0,73.0,260.0,0.013301647032602814,-0.09956741794040999,35.05463881777994,101.39482238991,0.01590829091953614,-0.06337558882544281,26.16516460348829,101.7965809162676,0.02004203785061969,-0.12962800935217225,19.08003648543971,100.31564005641434,long_signals
amm,0.5,0.9,liquidity,none,173,0.029219167910720344,0.08296388681409259,-0.13133834437335842,0.4444444444444444,1.0,22.79313676755,0.0056377539870214035,0.3053813914335265,0.24963102766491685,15.0,0.0,176.0,260.0,0.013217166854310795,-0.11262972713023385,34.949572447754726,100.82189555250936,0.018653055428565643,-0.08337038931078822,26.22295663135862,102.64966965228646,0.022389763186275252,-0.15715344118393954,19.363316903741378,103.63892860027983,long_signals
amm,0.5,0.9,liquidity,none,257,0.02967698527703839,0.06234876819592007,-0.11750621850726554,0.3888888888888889,1.0,22.72199892769837,0.005524900337132471,0.2690341587715216,0.2563977618675952,1.0,0.0,97.0,260.0,0.015507054895194822,-0.08776155247098424,35.20729084818717,102.6096333762431,0.016120785778395274,-0.15382416082777278,26.173844963643887,102.3148687156718,0.024844850723518563,-0.1085965833398899,19.270152891752847,103.17216341154148,long_signals
traditional,0.5,0.9,fundamental,none,11,0.03207286086880376,0.09600606424044118,-0.04999151225343196,0.3986013986013986,1.0,0.9042069240323048,0.001265709631136081,0.2871137270429974,0.006749854473094841,2.0,0.0,0.0,0.0,0.020813939863199737,0.11233182328159967,0.9102728511179322,99.05429163125584,0.02361611437282717,-0.032044559820982046,0.905470172755384,96.9227668638454,0.021348355002418988,-0.04753714289665951,0.9029436753092258,95.7981429203808,mild_shock
traditional,0.5,0.9,fundamental,none,47,0.026319293372487996,0.1078619306891451,0.023176462830725764,0.3691275167785235,1.0,0.9192479610552305,0.0012008556265748823,0.25297343313823434,0.005326436038787796,6.0,0.0,0.0,0.0,0.01683855056049616,0.19459460272026033,0.9249227765510607,96.34206433171904,0.018617580941377606,-0.022842916484183923,0.9188247743829602,94.50600626756791,0.018029613119906956,0.07327986152893884,0.9196711477275008,93.86986340689185,mild_shock
traditional,0.5,0.9,fundamental,none,101,0.02934786821350376,0.09591099350554419,0.029669507571377686,0.3472222222222222,1.0,0.9090785716207772,0.0012309982024071334,0.2621448966545692,0.002399799377716172,0.0,0.0,0.0,0.0,0.020884068417533746,0.019604709102331974,0.9064110508951276,100.0851672880011,0.020747766457516872,0.009134448564338293,0.9048789451148853,98.98151526811081,0.020165336896590162,0.11070836019979594,0.913278198126669,97.95077338869338,mild_shock
traditional,0.5,0.9,fundamental,none,173,0.031143939380753948,0.10101410113325396,0.05570429166615383,0.40425531914893614,1.0,0.9075638294187033,0.001251471093256561,0.27950777560851836,0.0036501236916104407,3.0,0.0,15.0,0.0,0.01554264661934741,0.03509928284934281,0.9103348211218847,100.76656562770059,0.023673747155070552,0.117117451114511,0.9072977827303444,99.11729701492766,0.019916817804524978,0.023098258559708828,0.9078298761070621,97.72301155740801,mild_shock
traditional,0.5,0.9,fundamental,none,257,0.02944473808880595,0.10805842942028362,0.09919770646465453,0.47297297297297297,1.0,0.9130355372972554,0.0012202054918653837,0.26371055167280566,-0.005730281973259643,4.0,0.0,7.0,0.0,0.016271621332235538,0.06436767764650315,0.909294280263764,100.00759178949019,0.024160858653531948,0.17847483018691135,0.9155105397732108,98.37759360922465,0.01610397326575378,0.06319638221399129,0.9105605348212998,95.36098151754749,mild_shock
traditional,0.5,0.9,volatility,none,11,0.031108843183098256,0.0994980776172097,-0.015241734316255274,0.375886524822695,1.0,0.904525689096634,0.001258323751978848,0.2801769278834896,0.010007156737102507,1.0,0.0,0.0,0.0,0.020813939863199737,0.11233182328159967,0.9102728511179322,99.05429163125584,0.026417492820856925,-0.0022591402203560817,0.9025007394691267,97.73415716740764,0.016093427551260885,-0.017166944385276002,0.9065506387241412,97.46388507171334,mild_shock
traditional,0.5,0.9,volatility,none,47,0.033150684879626344,0.09564218265429021,0.09065919810939639,0.39436619718309857,1.0,0.9072882449131907,0.0012587147259343079,0.2774979776881203,0.013865802928316184,3.0,0.0,10.0,0.0,0.01683855056049616,0.19459460272026033,0.9249227765510607,96.34206433171904,0.025425110529616525,0.03233729735952194,0.9109365765460765,96.0878522732974,0.021216383082074936,0.1888347527106407,0.9036399132803049,96.37958755277117,mild_shock
traditional,0.5,0.9,volatility,none,101,0.02862324393395424,0.059872817378199814,0.059869412587797655,0.40145985401459855,1.0,0.9063863630145736,0.0012475682269586991,0.2732083673600522,0.005006415661634844,0.0,0.0,2.0,0.0,0.020884068417533746,0.019604709102331974,0.9064110508951276,100.0851672880011,0.02193310055261371,0.04938769405725375,0.9025145989651548,100.67728855001187,0.018284432620415004,0.0733742484627317,0.9102581270639925,101.73927755140669,mild_shock
traditional,0.5,0.9,volatility,none,173,0.03176617421991155,0.05927247266022876,0.07413188912777609,0.41605839416058393,1.0,0.9031442679666845,0.0012763975852078202,0.3012833052696838,0.006856212494775971,1.0,0.0,3.0,0.0,0.01554264661934741,0.03509928284934281,0.9103348211218847,100.76656562770059,0.02476472059477004,0.10921398030422554,0.9043782488080576,100.33961194533477,0.019644710464809114,0.023656813418367124,0.9019102871253114,101.77943301682413,mild_shock
traditional,0.5,0.9,volatility,none,257,0.027385286480043534,0.09840634209539773,0.08905197845086736,0.45714285714285713,1.0,0.9117917747479224,0.001231965265733435,0.2699197413940183,-0.006953052387652425,4.0,0.0,15.0,0.0,0.016271621332235538,0.06436767764650315,0.909294280263764,100.00759178949019,0.020562989203727386,0.06505596717891618,0.9166236207076967,99.95867359500004,0.018053281787455425,0.11939648996122698,0.9069599287881482,99.15248160013387,mild_shock
traditional,0.5,0.9,liquidity,none,11,0.3960564220775177,0.701831287491418,0.6142420636240871,1.0,1.0,0.33365688265774557,0.007379134087635283,0.7432431651107521,0.9097141731218696,15.0,260.0,59.0,29.0,0.020813939863199737,0.11233182328159967,0.9102728511179322,99.05429163125584,0.39225658894833976,0.5592189337912972,0.08230668138219661,53.30221456980412,0.05037153336106607,0.5392685642711584,0.5850070839332946,43.36346119068698,mild_shock
traditional,0.5,0.9,liquidity,none,47,0.4149977949913241,0.7009266341589454,0.7360742344590496,1.0,1.0,0.33724540245362683,0.006980377960633048,0.7210590821690985,0.9088595799802616,26.0,260.0,97.0,29.0,0.01683855056049616,0.19459460272026033,0.9249227765510607,96.34206433171904,0.4123253477020846,0.7077806670387101,0.08419051123497033,56.67135067059329,0.04639036890842603,0.40050516866358404,0.5903002936722834,42.143539475350636,mild_shock
traditional,0.5,0.9,liquidity,none,101,0.4585626301891227,0.6934521389574548,0.7575679648171161,1.0,1.0,0.33350459142823924,0.007571749144377884,0.7339704600066524,0.9097431049756852,16.0,260.0,38.0,28.0,0.020884068417533746,0.019604709102331974,0.9064110508951276,100.0851672880011,0.45539911108346176,0.7467997935976578,0.0818680308083356,55.01453224645229,0.05125234376096088,0.2609483152256331,0.5851411520481428,47.0743675566439,mild_shock
traditional,0.5,0.9,liquidity,none,173,0.4462668550648991,0.703424596737476,0.6882922802282645,1.0,1.0,0.33320774166057227,0.0073992807943520054,0.7424175165556929,0.9096696953396213,54.0,260.0,86.0,29.0,0.01554264661934741,0.03509928284934281,0.9103348211218847,100.76656562770059,0.44279619362277156,0.6603442877584003,0.08225673237937055,55.92593215338663,0.05337603624458882,0.3639479386142371,0.5841587509417739,44.45195542386529,mild_shock
traditional,0.5,0.9,liquidity,none,257,0.40595890941971946,0.694409424968626,0.7440538896894694,1.0,1.0,0.3338953662229893,0.006934626732113072,0.7361442421875758,0.9068265122963463,26.0,260.0,60.0,29.0,0.016271621332235538,0.06436767764650315,0.909294280263764,100.00759178949019,0.403892636189444,0.7137410710943123,0.08481529446718268,59.95013638816509,0.04088127032061273,0.41209357128480206,0.582975437978796,41.62544974015866,mild_shock
amm,0.5,0.9,fundamental,none,11,0.022811499299968736,0.08954321969951902,-0.03791873931849709,0.3469387755102041,1.0,33.99022972348669,0.0050142827317167585,0.2724145371340027,0.004132252962503746,7.0,0.0,14.0,0.0,0.01150596820397369,-0.11675062378973396,34.354389612170124,97.31730929746087,0.017470004494615728,-0.05913048162530184,34.222230442161674,96.51334429234612,0.014124836688912656,-0.02718804843115071,33.75822900481172,93.9636635374797,mild_shock
amm,0.5,0.9,fundamental,none,47,0.02143565342284795,0.11931836367955544,-0.0759488571340926,0.48299319727891155,1.0,34.42760714318255,0.004920766298460549,0.2709884179661589,0.003962203618455895,7.0,0.0,15.0,0.0,0.011299571925971155,-0.14961774249913312,34.57657619271676,98.90163407263843,0.015611407550603747,-0.07557055774525101,34.4518498000213,98.19104314619935,0.014369558481271064,-0.08852220471243219,34.4033644863438,98.14328798611768,mild_shock
amm,0.5,0.9,fundamental,none,101,0.021217143501423254,0.09126434347299432,-0.012680415518328613,0.3706293706293706,1.0,34.64172280459144,0.004951035144433941,0.26248745698989207,0.004999625965778298,4.0,0.0,7.0,0.0,0.013738616298107978,-0.10767216991660053,35.05205864293468,101.40290125155012,0.01613943472720438,0.01027848510526897,34.8937028673573,100.46703935303296,0.013257144483918862,0.01574725911277065,34.38974274182557,97.60733704182253,mild_shock
amm,0.5,0.9,fundamental,none,173,0.02226061792956584,0.098962529064181,-0.07930042219281548,0.42657342657342656,1.0,34.962437070386024,0.005005346616258751,0.3015758951252855,-0.0017822314388784566,0.0,0.0,2.0,0.0,0.013597551451825443,-0.11201138978888389,34.948075233667346,100.81439763344282,0.017264654595233634,-0.05820579996866868,35.007705661219255,101.30224852560364,0.013741044211861467,-0.10009703338752182,34.917168479552785,100.81347774671382,mild_shock
amm,0.5,0.9,fundamental,none,257,0.024129483357570734,0.08494658329654664,-0.08239452283465731,0.42657342657342656,1.0,34.83946900919069,0.0050820125693199734,0.2789191594867101,0.008134740761698844,3.0,0.0,0.0,0.0,0.01592337988680916,-0.08913842827189096,35.19960973814039,102.62823434545065,0.01547922102235208,-0.12084390368365497,34.90474608261779,100.98003173575738,0.01814308084347944,-0.049176224140873796,34.77419193576358,100.45980346994085,mild_shock
amm,0.5,0.9,volatility,none,11,0.020069159433199216,0.05835020860324287,-0.07083269098653222,0.37681159420289856,1.0,34.36008151503674,0.004771300394816965,0.26525684892868445,-0.0004628706029143892,3.0,0.0,5.0,0.0,0.01150596820397369,-0.11675062378973396,34.354389612170124,97.31730929746087,0.015307064447749607,-0.03995822984929488,34.38013833508596,97.39340990003817,0.012951640662213118,-0.11544179314884975,34.34002469498751,97.14678708696015,mild_shock
amm,0.5,0.9,volatility,none,47,0.021666758890369626,0.06242882340444028,-0.03520450661737602,0.4225352112676056,1.0,34.90423581396576,0.004881795126168034,0.2764823931750421,-0.008957131125885143,1.0,0.0,5.0,0.0,0.011299571925971155,-0.14961774249913312,34.57657619271676,98.90163407263843,0.015956834406627547,0.02057939354963234,34.89871535245837,100.76576868798249,0.014573288164293968,-0.12169620731162638,34.90975627547316,100.73995638900516,mild_shock
amm,0.5,0.9,volatility,none,101,0.02022249062107716,0.06404572737202448,-0.07133415204843489,0.3835616438356164,1.0,34.87108161632155,0.004799623725023227,0.27202935358623054,0.0016048721570416369,0.0,0.0,0.0,0.0,0.013738616298107978,-0.10767216991660053,35.05205864293468,101.40290125155012,0.01509654420492331,-0.03224574427516733,35.012753607237535,101.09310024488872,0.01334124375464255,-0.09869212470612523,34.72940962540556,99.2920156360306,mild_shock
amm,0.5,0.9,volatility,none,173,0.022800644441182072,0.09072358388108606,-0.010193766401829207,0.4142857142857143,1.0,34.902076692279245,0.00504252790690074,0.29202233821499507,0.0017339913230038917,1.0,0.0,13.0,0.0,0.013597551451825443,-0.11201138978888389,34.948075233667346,100.81439763344282,0.01720684447484499,0.007452252670206383,34.884829763020846,100.52253251496997,0.014939600396042491,-0.053135490951795115,34.91932362153765,100.69463547185427,mild_shock
amm,0.5,0.9,volatility,none,257,0.021708531708536215,0.057525198258113364,-0.07938700555589165,0.3877551020408163,1.0,34.99663875617982,0.004926054173690235,0.2790885321474708,0.006106445473502808,6.0,0.0,0.0,0.0,0.01592337988680916,-0.08913842827189096,35.19960973814039,102.62823434545065,0.014990300622155306,0.01452225624157973,34.97612385430164,101.3159756440157,0.015674777905085924,-0.17411365405129337,35.01715365805799,101.61403051583984,mild_shock
amm,0.5,0.9,liquidity,none,11,0.02839765847954224,0.06856083999461764,-0.11409736249312515,0.38028169014084506,1.0,22.186082306678685,0.005487234661139213,0.28798585425400136,0.25345891246851293,11.0,0.0,260.0,260.0,0.01150596820397369,-0.11675062378973396,34.354389612170124,97.31730929746087,0.0179803243166387,-0.11369245449295247,25.654311235649043,97.74423756079278,0.021911230432448043,-0.11937631512720981,18.71785337770833,96.5476792802081,mild_shock
amm,0.5,0.9,liquidity,none,47,0.028346355836502753,0.10525730753147082,-0.15326561465897892,0.32867132867132864,1.0,22.446589481735444,0.005495135665057782,0.293792622066938,0.2532769705193356,7.0,0.0,260.0,260.0,0.011299571925971155,-0.14961774249913312,34.57657619271676,98.90163407263843,0.016069297988165233,-0.11618453552940208,25.82832674356675,99.47566674569512,0.023273688905741642,-0.169066021334339,19.064852219904147,100.8633872409632,mild_shock
amm,0.5,0.9,liquidity,none,101,0.025745853336607512,0.06911002676018227,-0.09631678368127455,0.41333333333333333,1.0,22.617438828118757,0.005307913682949854,0.2696000951379349,0.2539791035711366,2.0,0.0,25.0,260.0,0.013738616298107978,-0.10767216991660053,35.05205864293468,101.40290125155012,0.016406362747615044,-0.04969734657096891,26.16223287161596,101.79632747369284,0.019771867743016088,-0.12785467233226236,19.072644784621556,100.33537435440246,mild_shock
amm,0.5,0.9,liquidity,none,173,0.02923343501348808,0.0829790719839871,-0.13940279707599712,0.37681159420289856,1.0,22.79352887986024,0.005640634633084795,0.3119912920798588,0.24951842041144578,24.0,0.0,260.0,260.0,0.013597551451825443,-0.11201138978888389,34.948075233667346,100.81439763344282,0.01900009655319123,-0.09639693686617226,26.22589762314622,102.63411967644188,0.022112465832104678,-0.16871330081117664,19.361160136574263,103.6334049986401,mild_shock
amm,0.5,0.9,liquidity,none,257,0.03076006691893971,0.06328006186864424,-0.12304276844945235,0.4520547945205479,1.0,22.71551121354644,0.005619327395833325,0.2906434894113011,0.25657833594552915,1.0,0.0,3.0,260.0,0.01592337988680916,-0.08913842827189096,35.19960973814039,102.62823434545065,0.016730559222930312,-0.15237570827291386,26.161763580736636,102.2947168020548,0.025640374249801735,-0.1191224978836944,19.26925884635624,103.14789774610408,mild_shock
traditional,0.5,0.9,fundamental,none,11,0.03732168762374577,0.12501698042793638,-0.06506113329126006,0.3900709219858156,1.0,0.901567084015478,0.001273370394859758,0.2912958468959761,0.009639503082006229,2.0,0.0,9.0,0.0,0.020813939863199737,0.11233182328159967,0.9102728511179322,99.05429163125584,0.02924300422178349,-0.035041122650875084,0.9028359011804976,95.29429650670305,0.02131855376792912,-0.050436468065898264,0.9002982668504587,92.79711512771023,severe_shock
traditional,0.5,0.9,fundamental,none,47,0.0318966328183591,0.13698721866178223,-0.0005257663654812395,0.43448275862068964,1.0,0.9163451162444659,0.0012098694564558316,0.25727168589687976,0.009641908588730042,6.0,0.0,4.0,0.0,0.01683855056049616,0.19459460272026033,0.9249227765510607,96.34206433171904,0.024578032708470286,-0.026118564222221207,0.9148383780055742,92.95718652833257,0.01799646854585741,0.07565400455935352,0.9178518544833577,91.00898325999955,severe_shock
traditional,0.5,0.9,fundamental,none,101,0.034897261457180556,0.12438954317066397,-0.00266321166054726,0.4013605442176871,1.0,0.9063426670341876,0.0012398244242395392,0.26651325284578414,0.005870293223948941,0.0,0.0,10.0,0.0,0.020884068417533746,0.019604709102331974,0.9064110508951276,100.0851672880011,0.026690615871865792,0.00802212034445442,0.90173101390091,97.3943480569439,0.02016691285200291,0.10886218080379786,0.9109543201674651,95.04228946570716,severe_shock
traditional,0.5,0.9,fundamental,none,173,0.03638479739106344,0.1294641336374887,0.024961268222177035,0.3472222222222222,1.0,0.90513045537761,0.0012582637283208473,0.28188532700301605,0.007588679156393718,3.0,0.0,15.0,0.0,0.01554264661934741,0.03509928284934281,0.9103348211218847,100.76656562770059,0.0294147442036713,0.11471484691000029,0.9037112487975071,97.55454513372854,0.019808844927041557,0.026829328139689756,0.9065496619577131,94.83410685461779,severe_shock
traditional,0.5,0.9,fundamental,none,257,0.03496602486362924,0.1376679674632653,0.06315918415606583,0.3582089552238806,1.0,0.910405434340711,0.0012283183024076002,0.2672085469313303,-0.0018658000129418983,6.0,0.0,7.0,0.0,0.016271621332235538,0.06436767764650315,0.909294280263764,100.00759178949019,0.02986125696800007,0.18041402861415776,0.9119927238847475,96.78139956260493,0.016149378003978716,0.0601829491732217,0.9088181447966744,92.45853135820954,severe_shock
traditional,0.5,0.9,volatility,none,11,0.04522612513389399,0.11731132231338312,-0.00364460321523149,0.3472222222222222,1.0,0.8904619113486302,0.0013254831355082924,0.3015261191912758,0.023972277182052082,1.0,0.0,6.0,0.0,0.020813939863199737,0.11233182328159967,0.9102728511179322,99.05429163125584,0.04210784667905376,0.00288679141108667,0.8897698075092524,97.25741867148659,0.01615805759962104,-0.021010760352459572,0.8911540151880081,96.43369480823775,severe_shock
traditional,0.5,0.9,volatility,none,47,0.04513551256027399,0.10527079213489299,0.0780026651640042,0.4444444444444444,1.0,0.8925095790768529,0.0013308991215841874,0.30442464957737675,0.029995115129972327,3.0,0.0,11.0,0.0,0.01683855056049616,0.19459460272026033,0.9249227765510607,96.34206433171904,0.03961240929017172,0.054490249133819633,0.8960372043484085,96.07804498961022,0.021521507893449553,0.1827363124054168,0.8889819538052974,95.44386299319653,severe_shock
traditional,0.5,0.9,volatility,none,101,0.03926962223698778,0.06662000846135485,0.07444657547216046,0.36054421768707484,1.0,0.8963553611679836,0.0012887471274058448,0.27589037295539925,0.01481966654243283,0.0,0.0,7.0,0.0,0.020884068417533746,0.019604709102331974,0.9064110508951276,100.0851672880011,0.034596182070431566,0.07658103627935665,0.8936134338494851,100.38021021154425,0.01841706035512774,0.06847788192441322,0.8990972884864823,101.9654985282912,severe_shock
traditional,0.5,0.9,volatility,none,173,0.04492822957027757,0.06745032951389168,0.09194745708680681,0.3333333333333333,1.0,0.8897316317817707,0.0013354039547724922,0.31257237219498635,0.022230684999983596,0.0,0.0,8.0,0.0,0.01554264661934741,0.03509928284934281,0.9103348211218847,100.76656562770059,0.04018394770749854,0.11290075172306635,0.8903779210654504,100.043609725217,0.019605993305070832,0.024971674494153384,0.8890853424980911,102.26156823426467,severe_shock
traditional,0.5,0.9,volatility,none,257,0.03792292862121118,0.10676084952854015,0.07831145968215847,0.3333333333333333,1.0,0.8987317957525275,0.0012912565502812637,0.29082717175671147,0.008105084586379374,4.0,0.0,15.0,0.0,0.016271621332235538,0.06436767764650315,0.909294280263764,100.00759178949019,0.03322138764177416,0.07182013246857973,0.9029162845001931,100.4333606669031,0.018250657936480407,0.11364109701702778,0.8945473070048618,99.48734362841077,severe_shock
traditional,0.5,0.9,liquidity,none,11,0.41558420133808494,0.6982598993398794,0.7338573365401416,1.0,1.0,0.2752211709279743,0.007793200196851702,0.6605826360221826,0.995958467245799,13.0,260.0,59.0,33.0,0.020813939863199737,0.11233182328159967,0.9102728511179322,99.05429163125584,0.41039498743623753,0.7352621310076288,0.0036843562295192523,45.43896351988765,0.05735838325209373,0.266258975339188,0.5467579856264294,46.04051890021934,severe_shock
traditional,0.5,0.9,liquidity,none,47,0.41026990706753247,0.7063185527374987,0.6782629342590881,1.0,1.0,0.28190087895070226,0.007804272901704543,0.6403770162246615,0.9960052540426831,9.0,260.0,90.0,33.0,0.01683855056049616,0.19459460272026033,0.9249227765510607,96.34206433171904,0.4048505729771902,0.6702116957556604,0.0036901267772026596,45.53686883515459,0.05252113989018409,0.3385675219202958,0.5601116311242019,45.386272106264784,severe_shock
traditional,0.5,0.9,liquidity,none,101,0.45020390524779297,0.7008660712291863,0.7228980232041471,1.0,1.0,0.28882956602445664,0.007750638862551495,0.6090246777459819,0.9959811740794834,10.0,260.0,38.0,28.0,0.020884068417533746,0.019604709102331974,0.9064110508951276,100.0851672880011,0.4478200099267623,0.718899328991656,0.003645298945698863,46.42331023365182,0.04493405848599822,0.2127846270168873,0.5740138331032144,49.615595832241304,severe_shock
traditional,0.5,0.9,liquidity,none,173,0.42521225359523196,0.6967477894102958,0.7306525616176196,1.0,1.0,0.2748754643351198,0.007895401396176307,0.6817503697851812,0.9959600991337992,28.0,260.0,86.0,33.0,0.01554264661934741,0.03509928284934281,0.9103348211218847,100.76656562770059,0.4176178112498531,0.7426740193555665,0.003678821250959664,45.98605164939162,0.06648520225597185,0.2620536212136209,0.5460721074192799,46.619772814414425,severe_shock
traditional,0.5,0.9,liquidity,none,257,0.43425682199903487,0.70549339183764,0.7004894477776402,1.0,1.0,0.2905805406933368,0.007702883912313541,0.6134760417066226,0.9959861251990102,26.0,260.0,53.0,28.0,0.016271621332235538,0.06436767764650315,0.909294280263764,100.00759178949019,0.4322054706251331,0.6899652955924629,0.003653807339306043,46.67859298748117,0.03843594795786099,0.2979627323989505,0.5775072740473675,48.24526961807536,severe_shock
amm,0.5,0.9,fundamental,none,11,0.028183863476169246,0.11854994764643931,-0.042487189705644954,0.48299319727891155,1.0,33.53683868068015,0.005470093853662694,0.27654170999630723,0.012794987504416988,2.0,0.0,14.0,0.0,0.01150596820397369,-0.11675062378973396,34.354389612170124,97.31730929746087,0.023150008897286915,-0.07401298383982066,33.924542221376804,94.99237805693967,0.01431906319797005,-0.006212916277354308,33.14913513998349,91.03257321710603,severe_shock
amm,0.5,0.9,fundamental,none,47,0.026794825253920018,0.1476148681339645,-0.07852828097892899,0.3888888888888889,1.0,33.96836864935023,0.005371176898598705,0.27090681703312997,0.012584357448531813,6.0,0.0,15.0,0.0,0.011299571925971155,-0.14961774249913312,34.57657619271676,98.90163407263843,0.021433614508184477,-0.07660062417284987,34.153619000160504,96.63377383915206,0.014221640280306444,-0.08227281913641016,33.78311829853996,95.07101785953557,severe_shock
amm,0.5,0.9,fundamental,none,101,0.026264702599663597,0.12057134885245327,-0.012404216242517915,0.41496598639455784,1.0,34.18039746271748,0.005376712985722002,0.26668526319545566,0.013641891900215808,2.0,0.0,10.0,0.0,0.013738616298107978,-0.10767216991660053,35.05205864293468,101.40290125155012,0.021539540876390637,0.024039285175227805,34.59062694147169,98.86252572469719,0.013219295970238767,0.062386675213795796,33.770167983963276,94.54038984789445,severe_shock
amm,0.5,0.9,fundamental,none,173,0.027103452389677783,0.1277631900726709,-0.08285306604869015,0.3698630136986301,1.0,34.49164315434336,0.005425448329488139,0.3019683736437329,0.00699262922510413,1.0,0.0,6.0,0.0,0.013597551451825443,-0.11201138978888389,34.948075233667346,100.81439763344282,0.022625116879316565,-0.0591451568265942,34.70106442752349,99.667011499053,0.013468393651590832,-0.08932164987420102,34.28222188116323,97.60702753816389,severe_shock
amm,0.5,0.9,fundamental,none,257,0.028819956716451777,0.11321448066369315,-0.09751040264495596,0.46853146853146854,1.0,34.3812535150542,0.005528215287063526,0.27827424240566123,0.01662496307856043,5.0,0.0,3.0,0.0,0.01592337988680916,-0.08913842827189096,35.19960973814039,102.62823434545065,0.021015047360114707,-0.11276019131422821,34.605966534292236,99.4163470123892,0.018089360579612662,-0.04827008282727352,34.15654049581616,97.40830598209905,severe_shock
amm,0.5,0.9,volatility,none,11,0.025017265572142733,0.06167221808932447,0.009209833767957193,0.3793103448275862,1.0,34.3779294222061,0.005186506833560283,0.2709228852940295,-0.00019494544692921778,3.0,0.0,11.0,0.0,0.01150596820397369,-0.11675062378973396,34.354389612170124,97.31730929746087,0.02145869350627134,0.05791994123379775,34.37093129282894,97.35166242988068,0.012810894620654096,-0.11770392348472347,34.38492755158325,97.45379314829403,severe_shock
amm,0.5,0.9,volatility,none,47,0.02783616545234291,0.06363010427620648,0.03382584954339257,0.3931034482758621,1.0,35.13741615891517,0.0054016917911464965,0.2960059132533144,-0.014791593628859179,1.0,0.0,7.0,0.0,0.011299571925971155,-0.14961774249913312,34.57657619271676,98.90163407263843,0.02374456760691339,0.07733721995788745,35.10052298119148,102.03201183909442,0.014417673970828767,-0.12702469642811173,35.17430933663886,102.36091660798398,severe_shock
amm,0.5,0.9,volatility,none,101,0.024955855118420585,0.07093213058690653,-0.02447701896197805,0.4057971014492754,1.0,34.76024539564449,0.00522451591265767,0.2853843503518059,0.005004246629462306,1.0,0.0,6.0,0.0,0.013738616298107978,-0.10767216991660053,35.05205864293468,101.40290125155012,0.020970472628705793,0.015448175570344724,34.89354082514119,100.3798608757448,0.013331089810760043,-0.10530327839220126,34.626949966147784,98.70253046057614,severe_shock
amm,0.5,0.9,volatility,none,173,0.027492805939172832,0.09589484196739531,-0.0047922606178313456,0.3972602739726027,1.0,34.86000421485566,0.005418754375720376,0.3019691024484857,0.0038896429138237654,7.0,0.0,13.0,0.0,0.013597551451825443,-0.11201138978888389,34.948075233667346,100.81439763344282,0.02288392759416638,0.011815400138866238,34.809499602401836,100.125192416742,0.015192108018056405,-0.03993551078781641,34.91050882730948,100.719991497697,severe_shock
amm,0.5,0.9,volatility,none,257,0.026466015056998325,0.07274890410749768,0.027458452169367337,0.3793103448275862,1.0,34.77902705494749,0.005342659096839747,0.28508514111677097,0.009867405156571807,3.0,0.0,1.0,0.0,0.01592337988680916,-0.08913842827189096,35.19960973814039,102.62823434545065,0.021188862019405345,0.11713266625886001,34.84377186239369,100.53588851672396,0.0158197908753249,-0.16986774934052684,34.714282247501295,99.8302800611194,severe_shock
amm,0.5,0.9,liquidity,none,11,0.02839765847954224,0.06856083999461764,-0.11409736249312515,0.38028169014084506,1.0,22.186082306678685,0.005487234661139213,0.28798585425400136,0.25345891246851293,11.0,0.0,260.0,260.0,0.01150596820397369,-0.11675062378973396,34.354389612170124,97.31730929746087,0.0179803243166387,-0.11369245449295247,25.654311235649043,97.74423756079278,0.021911230432448043,-0.11937631512720981,18.71785337770833,96.5476792802081,severe_shock
amm,0.5,0.9,liquidity,none,47,0.028346355836502753,0.10525730753147082,-0.15326561465897892,0.32867132867132864,1.0,22.446589481735444,0.005495135665057782,0.293792622066938,0.2532769705193356,7.0,0.0,260.0,260.0,0.011299571925971155,-0.14961774249913312,34.57657619271676,98.90163407263843,0.016069297988165233,-0.11618453552940208,25.82832674356675,99.47566674569512,0.023273688905741642,-0.169066021334339,19.064852219904147,100.8633872409632,severe_shock
amm,0.5,0.9,liquidity,none,101,0.025745853336607512,0.06911002676018227,-0.09631678368127455,0.41333333333333333,1.0,22.617438828118757,0.005307913682949854,0.2696000951379349,0.2539791035711366,2.0,0.0,25.0,260.0,0.013738616298107978,-0.10767216991660053,35.05205864293468,101.40290125155012,0.016406362747615044,-0.04969734657096891,26.16223287161596,101.79632747369284,0.019771867743016088,-0.12785467233226236,19.072644784621556,100.33537435440246,severe_shock
amm,0.5,0.9,liquidity,none,173,0.02923343501348808,0.0829790719839871,-0.13940279707599712,0.37681159420289856,1.0,22.79352887986024,0.005640634633084795,0.3119912920798588,0.24951842041144578,24.0,0.0,260.0,260.0,0.013597551451825443,-0.11201138978888389,34.948075233667346,100.81439763344282,0.01900009655319123,-0.09639693686617226,26.22589762314622,102.63411967644188,0.022112465832104678,-0.16871330081117664,19.361160136574263,103.6334049986401,severe_shock
amm,0.5,0.9,liquidity,none,257,0.03076006691893971,0.06328006186864424,-0.12304276844945235,0.4520547945205479,1.0,22.71551121354644,0.005619327395833325,0.2906434894113011,0.25657833594552915,1.0,0.0,3.0,260.0,0.01592337988680916,-0.08913842827189096,35.19960973814039,102.62823434545065,0.016730559222930312,-0.15237570827291386,26.161763580736636,102.2947168020548,0.025640374249801735,-0.1191224978836944,19.26925884635624,103.14789774610408,severe_shock
traditional,0.5,0.9,fundamental,none,11,0.03502147722096158,0.1122805301817161,-0.0646525914727434,0.45454545454545453,1.0,0.8491728831341425,0.0012923452092485392,0.29120093626571497,0.012530063004062564,2.0,0.0,9.0,0.0,0.021017851165313656,0.10712456290736641,0.8600271605560889,99.04475549467872,0.026659731033276172,-0.03893123732108676,0.8510653636686744,96.0687735003765,0.021677483229133588,-0.0556723467925478,0.8472804025996108,94.21338719536656,low_lp_tolerance
traditional,0.5,0.9,fundamental,none,47,0.029275247235236196,0.12412470216611757,0.004916790076690436,0.38666666666666666,1.0,0.8716454247682083,0.0012198795034758523,0.2549314265902124,0.011442101153328887,6.0,0.0,3.0,0.0,0.016987455568220636,0.18853366142557126,0.8819357353117714,96.33225426089453,0.02176470705264422,-0.02992562675475019,0.8700538350452924,93.69594899051032,0.01818236398947065,0.06940642373048742,0.8732370144911239,92.36505891371006,low_lp_tolerance
traditional,0.5,0.9,fundamental,none,101,0.032314264677951066,0.1117111603009922,0.005019949426384185,0.4583333333333333,1.0,0.856653252377199,0.0012537915038489508,0.2645946498061047,0.005899405945440694,0.0,0.0,0.0,0.0,0.021142792152289695,0.014923795035903676,0.8543755187237656,100.06819618014656,0.02395424926143503,0.003196983108761331,0.8502531447355633,98.15097331013924,0.02030009231155277,0.10401673812855139,0.8630533600188346,96.40429787290884,low_lp_tolerance
traditional,0.5,0.9,fundamental,none,173,0.033993427145245815,0.11671337659120196,0.03312649211256716,0.4,1.0,0.8550215020780879,0.001274648973183501,0.2800695435017593,0.008621030898696924,3.0,0.0,15.0,0.0,0.015865887501452756,0.025764293548423817,0.8602703523446615,100.7557519801339,0.026774747781322206,0.10846267326311398,0.8533739189725416,98.29631426405618,0.0200757670761322,0.02092050113414362,0.8566690851836344,96.18833223372445,low_lp_tolerance
traditional,0.5,0.9,fundamental,none,257,0.032378345273256774,0.12488293595725244,0.0725531739215711,0.36619718309859156,1.0,0.862568497745864,0.001239826181130361,0.26487726115870636,-0.006391117954080094,6.0,0.0,7.0,0.0,0.016582109387871496,0.05450100751304131,0.8582731586073764,99.99568560479503,0.02706518736416994,0.17475317831196754,0.865282806231583,97.53944304346676,0.0164157922350054,0.054855089033343796,0.8598541892601449,93.82512959288022,low_lp_tolerance
traditional,0.5,0.9,volatility,none,11,0.03787051304791607,0.10974756791703659,-0.013553224594088536,0.3617021276595745,1.0,0.8424886101899125,0.0013130677855038098,0.29139381661984115,0.024656200222168856,1.0,0.0,4.0,0.0,0.021017851165313656,0.10712456290736641,0.8600271605560889,99.04475549467872,0.0339219975638182,-0.0025977692458060476,0.8406142754939603,97.47568445605327,0.016490438154150057,-0.027807376275284623,0.8443629448858645,96.92368902706767,low_lp_tolerance
traditional,0.5,0.9,volatility,none,47,0.038906939814307706,0.10005026132078507,0.07332455529845197,0.3825503355704698,1.0,0.8459982325690606,0.0013148679735684205,0.29142967950223825,0.03242506808528156,3.0,0.0,11.0,0.0,0.016987455568220636,0.18853366142557126,0.8819357353117714,96.33225426089453,0.03222792399569865,0.03671287359035194,0.8515862158283773,96.06872155048724,0.02171194338644495,0.17505761817105744,0.8404102493097437,95.89577759718044,low_lp_tolerance
traditional,0.5,0.9,volatility,none,101,0.033431225122759214,0.062082302353855534,0.06441137686535962,0.36486486486486486,1.0,0.848375014239845,0.001285846259121074,0.27424154259565175,0.013481283404557454,0.0,0.0,4.0,0.0,0.021142792152289695,0.014923795035903676,0.8543755187237656,100.06819618014656,0.027643882752575445,0.0651542998721241,0.8437683732836916,100.51904332558412,0.01865676796144385,0.06254404567195809,0.8529816551959982,101.83122370683917,low_lp_tolerance
traditional,0.5,0.9,volatility,none,173,0.03805048166026988,0.06305480578629874,0.07918575244897215,0.4520547945205479,1.0,0.8414397375497054,0.0013264753444107952,0.3055517661945783,0.020811238199798465,0.0,0.0,6.0,0.0,0.015865887501452756,0.025764293548423817,0.8602703523446615,100.7557519801339,0.03217993147290836,0.10746045062654093,0.8428806512092976,100.18236883417109,0.01992436896570866,0.018964700059382382,0.839998823890113,101.99547250874144,low_lp_tolerance
traditional,0.5,0.9,volatility,none,257,0.0321471787217094,0.10283749295109898,0.07572881363799598,0.4246575342465753,1.0,0.8540526996927507,0.0012778699682854428,0.27988651941007153,-0.001144744128371844,4.0,0.0,15.0,0.0,0.016582109387871496,0.05450100751304131,0.8582731586073764,99.99568560479503,0.026266038297168774,0.0633358705266016,0.8607720380168581,100.17926757638564,0.018502034269360545,0.10600714629022848,0.8473333613686432,99.29049286264828,low_lp_tolerance
traditional,0.5,0.9,liquidity,none,11,0.4054954459988709,0.6961530232614527,0.7523217423013404,1.0,1.0,0.2498156743456143,0.007746506549171944,0.6571484750363854,0.97375975641968,13.0,260.0,59.0,41.0,0.021017851165313656,0.10712456290736641,0.8600271605560889,99.04475549467872,0.3999345954200539,0.7546292923106059,0.02261553654319651,45.634605672751356,0.059032587191474285,0.3085336422332849,0.4770158121480321,45.81221366135696,low_lp_tolerance
traditional,0.5,0.9,liquidity,none,47,0.40338072610995274,0.7029722503307961,0.7235276682661083,1.0,1.0,0.27114112495277765,0.007368389477646635,0.5857884456679543,0.9738325682886485,10.0,260.0,90.0,39.0,0.016987455568220636,0.18853366142557126,0.8819357353117714,96.33225426089453,0.40008421708687364,0.705824752858057,0.023030592684868546,48.18365864407293,0.04548980488501515,0.4684180800781708,0.5192516572206867,45.94870212553611,low_lp_tolerance
traditional,0.5,0.9,liquidity,none,101,0.45385938797225195,0.7008647310508864,0.7352774923556006,1.0,1.0,0.2724471695959395,0.007685161573274203,0.5879404343242034,0.9738786439869394,11.0,260.0,38.0,33.0,0.021142792152289695,0.014923795035903676,0.8543755187237656,100.06819618014656,0.45167142256231907,0.729171769166215,0.022341567068456122,47.41733835622681,0.0429045096716527,0.2859710706872844,0.5225527721234229,50.37705097651702,low_lp_tolerance
traditional,0.5,0.9,liquidity,none,173,0.41812557756985447,0.7009118241974324,0.694545318438214,1.0,1.0,0.25715926854454524,0.00786853932896837,0.6667168993228675,0.9737498213961783,54.0,260.0,87.0,42.0,0.015865887501452756,0.025764293548423817,0.8602703523446615,100.7557519801339,0.4099760328730504,0.6953916194757347,0.02259601876483167,47.91489303228414,0.06215118196608403,0.2701458305038526,0.49172251832425884,46.7430659953264,low_lp_tolerance
traditional,0.5,0.9,liquidity,none,257,0.41217424772844824,0.6980155332834258,0.7279974860685111,1.0,1.0,0.2668876452455215,0.007565189527234999,0.6050613241145893,0.9735590524384446,9.0,260.0,60.0,36.0,0.016582109387871496,0.05450100751304131,0.8582731586073764,99.99568560479503,0.4093957926586498,0.7127186241541942,0.022733604159778226,49.48601686950738,0.04282288942188504,0.4946488074565355,0.5110416863312648,45.30065025634459,low_lp_tolerance
amm,0.5,0.9,fundamental,none,11,0.025368087031673554,0.10483784213977396,-0.04298816275190878,0.35172413793103446,1.0,33.75845328037643,0.005238239907939332,0.27432939443068655,0.008559935635922167,7.0,0.0,14.0,0.0,0.01150596820397369,-0.11675062378973396,34.354389612170124,97.31730929746087,0.020243577039360458,-0.07136198946934454,34.07007652692017,95.72164977843117,0.014145040660221464,-0.01712439028757399,33.4468300338327,92.43029498239862,low_lp_tolerance
amm,0.5,0.9,fundamental,none,47,0.02397534366785793,0.13419846386922019,-0.07708452504571801,0.3611111111111111,1.0,34.19416636228858,0.005144918983019815,0.271030016430132,0.008327967726309504,6.0,0.0,15.0,0.0,0.011299571925971155,-0.14961774249913312,34.57657619271676,98.90163407263843,0.018366499100979126,-0.0776249516185779,34.300842830353574,97.38782410634165,0.014357716255998614,-0.0837929115873942,34.08748989422359,96.54060245358782,low_lp_tolerance
amm,0.5,0.9,fundamental,none,101,0.023629316735246444,0.10668434798941964,-0.010913243698508013,0.3959731543624161,1.0,34.40791362793234,0.005162141682207395,0.26357641218002426,0.009346892532309026,4.0,0.0,10.0,0.0,0.013738616298107978,-0.10767216991660053,35.05205864293468,101.40290125155012,0.018695485576204672,0.0209167338868645,34.74124842430751,99.64478602674455,0.013283623952752066,0.045724813924580957,34.07457883155717,96.00832969476805,low_lp_tolerance
amm,0.5,0.9,fundamental,none,173,0.0243900908948333,0.1141934856414714,-0.08031949651633988,0.4125874125874126,1.0,34.722709609424435,0.005202035433373406,0.3008316302235112,0.0026588233701781983,0.0,0.0,4.0,0.0,0.013597551451825443,-0.11201138978888389,34.948075233667346,100.81439763344282,0.019741332027512295,-0.06254714609536287,34.85251111423923,100.45913082768662,0.01347315021982092,-0.086054887957758,34.592908104609634,99.13663426282456,low_lp_tolerance
amm,0.5,0.9,fundamental,none,257,0.026369476173223754,0.0997796013510387,-0.0932759181667028,0.35172413793103446,1.0,34.605413174703266,0.005310142695330489,0.2785610269876103,0.012433907723248039,3.0,0.0,0.0,0.0,0.01592337988680916,-0.08913842827189096,35.19960973814039,102.62823434545065,0.018209855062143527,-0.11855371759754489,34.7534540298294,100.1731993949554,0.01817615957477047,-0.05339988755519194,34.45737231957712,98.85630592102372,low_lp_tolerance
amm,0.5,0.9,volatility,none,11,0.02219873139831018,0.059942897476285326,-0.030031776454094123,0.38666666666666666,1.0,34.368319890303745,0.004955336143343182,0.26711974358867807,-0.00033107468528181805,3.0,0.0,8.0,0.0,0.01150596820397369,-0.11675062378973396,34.354389612170124,97.31730929746087,0.018114756404511552,0.01714280136031086,34.37560926957703,97.3723380349187,0.012791898862693598,-0.12192703460737694,34.36103051103045,97.29207663699076,low_lp_tolerance
amm,0.5,0.9,volatility,none,47,0.024214774364225526,0.06229174554066005,-0.004968580434820724,0.38028169014084506,1.0,35.01974174390346,0.005095830388695675,0.28456940727583935,-0.01184223581148669,1.0,0.0,6.0,0.0,0.011299571925971155,-0.14961774249913312,34.57657619271676,98.90163407263843,0.019475632014631778,0.04622761044094602,34.998507944312585,101.38926991430722,0.014294679725474884,-0.13020284356611392,35.04097554349434,101.5407920371785,low_lp_tolerance
amm,0.5,0.9,volatility,none,101,0.022047755974041607,0.06703001168430668,-0.041500005493482706,0.3472222222222222,1.0,34.81506452162583,0.004968799369205762,0.27661655074178404,0.0032933753001674893,1.0,0.0,1.0,0.0,0.013738616298107978,-0.10767216991660053,35.05205864293468,101.40290125155012,0.017489893618910818,0.0038058982601445078,34.95353943154034,100.73722722105653,0.013237873927813445,-0.0961234984320856,34.676589611711314,98.98856654274886,low_lp_tolerance
amm,0.5,0.9,volatility,none,173,0.024530507236199886,0.09290101744194355,-0.010790667603242687,0.3877551020408163,1.0,34.880732140160234,0.005190949472316284,0.29631560156354625,0.00280245010293545,1.0,0.0,13.0,0.0,0.013597551451825443,-0.11201138978888389,34.948075233667346,100.81439763344282,0.01953636837735483,0.00442803951384565,34.84749201704659,100.32254935089826,0.014807347820882976,-0.04849486491207463,34.913972263273884,100.69955392534575,low_lp_tolerance
amm,0.5,0.9,volatility,none,257,0.02368656262089126,0.06505938814429002,-0.02553100251589655,0.4013605442176871,1.0,34.88693950708326,0.005105614795218185,0.2812369577127285,0.008005659809622756,3.0,0.0,0.0,0.0,0.01592337988680916,-0.08913842827189096,35.19960973814039,102.62823434545065,0.0177725530808926,0.0743010715004723,34.90928857245132,100.92034733300116,0.015643150390525513,-0.17747582528933342,34.8645904417152,100.7129081171892,low_lp_tolerance
amm,0.5,0.9,liquidity,none,11,0.02839765847954224,0.06856083999461764,-0.11409736249312515,0.38028169014084506,1.0,22.186082306678685,0.005487234661139213,0.28798585425400136,0.25345891246851293,11.0,0.0,260.0,260.0,0.01150596820397369,-0.11675062378973396,34.354389612170124,97.31730929746087,0.0179803243166387,-0.11369245449295247,25.654311235649043,97.74423756079278,0.021911230432448043,-0.11937631512720981,18.71785337770833,96.5476792802081,low_lp_tolerance
amm,0.5,0.9,liquidity,none,47,0.028346355836502753,0.10525730753147082,-0.15326561465897892,0.32867132867132864,1.0,22.446589481735444,0.005495135665057782,0.293792622066938,0.2532769705193356,7.0,0.0,260.0,260.0,0.011299571925971155,-0.14961774249913312,34.57657619271676,98.90163407263843,0.016069297988165233,-0.11618453552940208,25.82832674356675,99.47566674569512,0.023273688905741642,-0.169066021334339,19.064852219904147,100.8633872409632,low_lp_tolerance
amm,0.5,0.9,liquidity,none,101,0.025745853336607512,0.06911002676018227,-0.09631678368127455,0.41333333333333333,1.0,22.617438828118757,0.005307913682949854,0.2696000951379349,0.2539791035711366,2.0,0.0,25.0,260.0,0.013738616298107978,-0.10767216991660053,35.05205864293468,101.40290125155012,0.016406362747615044,-0.04969734657096891,26.16223287161596,101.79632747369284,0.019771867743016088,-0.12785467233226236,19.072644784621556,100.33537435440246,low_lp_tolerance
amm,0.5,0.9,liquidity,none,173,0.02923343501348808,0.0829790719839871,-0.13940279707599712,0.37681159420289856,1.0,22.79352887986024,0.005640634633084795,0.3119912920798588,0.24951842041144578,24.0,0.0,260.0,260.0,0.013597551451825443,-0.11201138978888389,34.948075233667346,100.81439763344282,0.01900009655319123,-0.09639693686617226,26.22589762314622,102.63411967644188,0.022112465832104678,-0.16871330081117664,19.361160136574263,103.6334049986401,low_lp_tolerance
amm,0.5,0.9,liquidity,none,257,0.03076006691893971,0.06328006186864424,-0.12304276844945235,0.4520547945205479,1.0,22.71551121354644,0.005619327395833325,0.2906434894113011,0.25657833594552915,1.0,0.0,3.0,260.0,0.01592337988680916,-0.08913842827189096,35.19960973814039,102.62823434545065,0.016730559222930312,-0.15237570827291386,26.161763580736636,102.2947168020548,0.025640374249801735,-0.1191224978836944,19.26925884635624,103.14789774610408,low_lp_tolerance
traditional,0.5,0.9,fundamental,none,11,0.0343213976288908,0.11069466182507118,-0.0567422452774208,0.37333333333333335,1.0,0.9284383616868073,0.0012590856486042784,0.28796986912213535,0.005932073170408225,2.0,0.0,9.0,0.0,0.020733788446842157,0.11446760420769549,0.9339176356928184,99.06133776046077,0.02615567317014702,-0.03109499168158601,0.9294286416712371,96.08698964112422,0.02118182986601986,-0.046010966304823514,0.9274480817023775,94.23194296891947,high_lp_tolerance
traditional,0.5,0.9,fundamental,none,47,0.028870389797592582,0.12268579980903294,0.011841099479624684,0.3475177304964539,1.0,0.939671060680812,0.0011978538806671404,0.2541742259824673,0.0055307851620325366,6.0,0.0,3.0,0.0,0.01677614084834838,0.19717222700474302,0.9449224089510273,96.34855972363344,0.021434577835513786,-0.021706838158114482,0.9388296533502589,93.70983439235755,0.01792714674999505,0.07746051061670482,0.940512468011365,92.37348527710473,high_lp_tolerance
traditional,0.5,0.9,fundamental,none,101,0.03186968871561311,0.11044271548594775,0.012478180270769213,0.4225352112676056,1.0,0.9320347636529651,0.0012265652779175208,0.26348118348064714,0.0029336025598657445,0.0,0.0,0.0,0.0,0.020777219412020424,0.021587905213850112,0.9309883058050014,100.09543266161272,0.023525896997598748,0.011406195274351095,0.9287502352505304,98.16633390532967,0.020099547414696977,0.11271583724609062,0.9353192920553998,96.43701352019463,high_lp_tolerance
traditional,0.5,0.9,fundamental,none,173,0.03343718767757803,0.11553819927635493,0.04072257650843559,0.375886524822695,1.0,0.9310344971593062,0.0012448469756990111,0.27957744905999005,0.004176867561696107,3.0,0.0,15.0,0.0,0.015411898538019178,0.03910359337399409,0.9339274253382176,100.77332644898168,0.026309031682333638,0.11943531276144381,0.930214748325282,98.31499954968805,0.019761075132087268,0.027152987420423845,0.9318542459933306,96.21745132867036,high_lp_tolerance
traditional,0.5,0.9,fundamental,none,257,0.03196194984136293,0.12300095247584938,0.08017123632791853,0.34265734265734266,1.0,0.9350946737517823,0.0012164162791269797,0.2647507321261187,-0.0028921411907856243,6.0,0.0,7.0,0.0,0.01614809279643551,0.06849348434886662,0.9332392031696054,100.01476410842704,0.026847283086064416,0.18189073962034988,0.9366891276544257,97.55829315265296,0.01599019650301887,0.0652373413273715,0.9335002198491389,93.84681471584679,high_lp_tolerance
traditional,0.5,0.9,volatility,none,11,0.03729114242932734,0.10783674522605531,-0.007954931110802994,0.4444444444444444,1.0,0.9245222335056437,0.0012785545977744845,0.2892495628310582,0.012177999869660505,1.0,0.0,4.0,0.0,0.020733788446842157,0.11446760420769549,0.9339176356928184,99.06133776046077,0.033531244798556986,0.0009787002752630557,0.9235888564700601,97.50038860871953,0.01597102222418818,-0.015110409501542032,0.9254556105412272,96.954161675742,high_lp_tolerance
traditional,0.5,0.9,volatility,none,47,0.03822187095508719,0.09830442005419468,0.08107744911210378,0.4117647058823529,1.0,0.9265332335944497,0.0012803658909297016,0.2884263167298252,0.015777095288558085,3.0,0.0,11.0,0.0,0.01677614084834838,0.19717222700474302,0.9449224089510273,96.34855972363344,0.03173925395913996,0.04139500792530494,0.9291566140638969,96.08912279362875,0.021214365088703658,0.19068583886422133,0.9239098531250025,95.9159677142725,high_lp_tolerance
traditional,0.5,0.9,volatility,none,101,0.03300227677155813,0.061334554981129955,0.0710411782956818,0.4027777777777778,1.0,0.9276240002387699,0.0012553012031496177,0.27306635244366073,0.006742033631516597,0.0,0.0,4.0,0.0,0.020777219412020424,0.021587905213850112,0.9309883058050014,100.09543266161272,0.027424732769407323,0.06926299437107764,0.9252027470764105,100.53280231081531,0.01821376709234219,0.07483752266005442,0.9300452534011293,101.86232184762152,high_lp_tolerance
traditional,0.5,0.9,volatility,none,173,0.037538435782761934,0.06188877086849616,0.08599350198538772,0.36619718309859156,1.0,0.9237912677825243,0.0012913292835988464,0.30484198962415904,0.010427302667574745,0.0,0.0,6.0,0.0,0.015411898538019178,0.03910359337399409,0.9339274253382176,100.77332644898168,0.031835634665415634,0.11333277758110227,0.9243761142048814,100.1948321011153,0.019486493437616274,0.026845883601857884,0.9232064213601672,102.03273733601043,high_lp_tolerance
traditional,0.5,0.9,volatility,none,257,0.03165423578733821,0.10113104462822384,0.08381593752287657,0.41333333333333333,1.0,0.9306740906166614,0.0012488028370064182,0.27861716304477474,-0.00018067957916656496,4.0,0.0,15.0,0.0,0.01614809279643551,0.06849348434886662,0.9332392031696054,100.01476410842704,0.026020091969948967,0.0680784665291793,0.9341566553103507,100.19616577598343,0.01798919663782176,0.121560624166911,0.927191525922972,99.32550858930428,high_lp_tolerance
traditional,0.5,0.9,liquidity,none,11,0.4018091118849122,0.6961622132646994,0.7535704405931204,1.0,1.0,0.3162492891906867,0.007480914413378915,0.6303713808566506,0.9692010553395081,8.0,260.0,53.0,27.0,0.020733788446842157,0.11446760420769549,0.9339176356928184,99.06133776046077,0.3987955952546946,0.7486165522666497,0.028796242719553864,45.821565955992746,0.04365817139093686,0.253632057599618,0.6037023356618195,46.278179487637374,high_lp_tolerance
traditional,0.5,0.9,liquidity,none,47,0.40312891051457395,0.703537721263835,0.7265137943805974,1.0,1.0,0.32646897054574836,0.007247340834181064,0.5874077105431708,0.9693269460783753,12.0,260.0,17.0,25.0,0.01677614084834838,0.19717222700474302,0.9449224089510273,96.34855972363344,0.40085575827438963,0.7071290443443328,0.028956927123304332,48.40066383480666,0.03878685924067137,0.4783830142491038,0.6239810139681924,45.673343707867865,high_lp_tolerance
traditional,0.5,0.9,liquidity,none,101,0.4605686901279678,0.7026720987967645,0.7343943246625122,1.0,1.0,0.32673997666729393,0.007641537160890059,0.588730243628427,0.9696326511443152,12.0,260.0,17.0,24.0,0.020777219412020424,0.021587905213850112,0.9309883058050014,100.09543266161272,0.45909326882325907,0.7271150636876458,0.0282866642242305,47.758112927640404,0.03594706542135416,0.2908866750208569,0.6251932891103573,50.10986375592016,high_lp_tolerance
traditional,0.5,0.9,liquidity,none,173,0.41842927183191836,0.7028865928808077,0.7127188248582943,1.0,1.0,0.3222979273653208,0.007567286211236308,0.6204285123693255,0.969379210545846,9.0,260.0,75.0,26.0,0.015411898538019178,0.03910359337399409,0.9339274253382176,100.77332644898168,0.41508025575993557,0.701503557929254,0.028603382496120173,48.235219744931435,0.04219892220090184,0.1970139734085566,0.6159924722345216,46.871559357426186,high_lp_tolerance
traditional,0.5,0.9,liquidity,none,257,0.4143272098051097,0.6981602720966305,0.7224626492828968,1.0,1.0,0.3256045043739658,0.007422749622965999,0.5940405926296204,0.9692322746360658,9.0,260.0,16.0,25.0,0.01614809279643551,0.06849348434886662,0.9332392031696054,100.01476410842704,0.4127327401676809,0.7050655868535567,0.028736683285637516,49.60852629629584,0.033708357510116665,0.4903018016342363,0.6224723254622941,45.27588789146538,high_lp_tolerance
amm,0.5,0.9,fundamental,none,11,0.025368087031673554,0.10483784213977396,-0.04298816275190878,0.35172413793103446,1.0,33.75845328037643,0.005238239907939332,0.27432939443068655,0.008559935635922167,7.0,0.0,14.0,0.0,0.01150596820397369,-0.11675062378973396,34.354389612170124,97.31730929746087,0.020243577039360458,-0.07136198946934454,34.07007652692017,95.72164977843117,0.014145040660221464,-0.01712439028757399,33.4468300338327,92.43029498239862,high_lp_tolerance
amm,0.5,0.9,fundamental,none,47,0.02397534366785793,0.13419846386922019,-0.07708452504571801,0.3611111111111111,1.0,34.19416636228858,0.005144918983019815,0.271030016430132,0.008327967726309504,6.0,0.0,15.0,0.0,0.011299571925971155,-0.14961774249913312,34.57657619271676,98.90163407263843,0.018366499100979126,-0.0776249516185779,34.300842830353574,97.38782410634165,0.014357716255998614,-0.0837929115873942,34.08748989422359,96.54060245358782,high_lp_tolerance
amm,0.5,0.9,fundamental,none,101,0.023629316735246444,0.10668434798941964,-0.010913243698508013,0.3959731543624161,1.0,34.40791362793234,0.005162141682207395,0.26357641218002426,0.009346892532309026,4.0,0.0,10.0,0.0,0.013738616298107978,-0.10767216991660053,35.05205864293468,101.40290125155012,0.018695485576204672,0.0209167338868645,34.74124842430751,99.64478602674455,0.013283623952752066,0.045724813924580957,34.07457883155717,96.00832969476805,high_lp_tolerance
amm,0.5,0.9,fundamental,none,173,0.0243900908948333,0.1141934856414714,-0.08031949651633988,0.4125874125874126,1.0,34.722709609424435,0.005202035433373406,0.3008316302235112,0.0026588233701781983,0.0,0.0,4.0,0.0,0.013597551451825443,-0.11201138978888389,34.948075233667346,100.81439763344282,0.019741332027512295,-0.06254714609536287,34.85251111423923,100.45913082768662,0.01347315021982092,-0.086054887957758,34.592908104609634,99.13663426282456,high_lp_tolerance
amm,0.5,0.9,fundamental,none,257,0.026369476173223754,0.0997796013510387,-0.0932759181667028,0.35172413793103446,1.0,34.605413174703266,0.005310142695330489,0.2785610269876103,0.012433907723248039,3.0,0.0,0.0,0.0,0.01592337988680916,-0.08913842827189096,35.19960973814039,102.62823434545065,0.018209855062143527,-0.11855371759754489,34.7534540298294,100.1731993949554,0.01817615957477047,-0.05339988755519194,34.45737231957712,98.85630592102372,high_lp_tolerance
amm,0.5,0.9,volatility,none,11,0.02219873139831018,0.059942897476285326,-0.030031776454094123,0.38666666666666666,1.0,34.368319890303745,0.004955336143343182,0.26711974358867807,-0.00033107468528181805,3.0,0.0,8.0,0.0,0.01150596820397369,-0.11675062378973396,34.354389612170124,97.31730929746087,0.018114756404511552,0.01714280136031086,34.37560926957703,97.3723380349187,0.012791898862693598,-0.12192703460737694,34.36103051103045,97.29207663699076,high_lp_tolerance
amm,0.5,0.9,volatility,none,47,0.024214774364225526,0.06229174554066005,-0.004968580434820724,0.38028169014084506,1.0,35.01974174390346,0.005095830388695675,0.28456940727583935,-0.01184223581148669,1.0,0.0,6.0,0.0,0.011299571925971155,-0.14961774249913312,34.57657619271676,98.90163407263843,0.019475632014631778,0.04622761044094602,34.998507944312585,101.38926991430722,0.014294679725474884,-0.13020284356611392,35.04097554349434,101.5407920371785,high_lp_tolerance
amm,0.5,0.9,volatility,none,101,0.022047755974041607,0.06703001168430668,-0.041500005493482706,0.3472222222222222,1.0,34.81506452162583,0.004968799369205762,0.27661655074178404,0.0032933753001674893,1.0,0.0,1.0,0.0,0.013738616298107978,-0.10767216991660053,35.05205864293468,101.40290125155012,0.017489893618910818,0.0038058982601445078,34.95353943154034,100.73722722105653,0.013237873927813445,-0.0961234984320856,34.676589611711314,98.98856654274886,high_lp_tolerance
amm,0.5,0.9,volatility,none,173,0.024530507236199886,0.09290101744194355,-0.010790667603242687,0.3877551020408163,1.0,34.880732140160234,0.005190949472316284,0.29631560156354625,0.00280245010293545,1.0,0.0,13.0,0.0,0.013597551451825443,-0.11201138978888389,34.948075233667346,100.81439763344282,0.01953636837735483,0.00442803951384565,34.84749201704659,100.32254935089826,0.014807347820882976,-0.04849486491207463,34.913972263273884,100.69955392534575,high_lp_tolerance
amm,0.5,0.9,volatility,none,257,0.02368656262089126,0.06505938814429002,-0.02553100251589655,0.4013605442176871,1.0,34.88693950708326,0.005105614795218185,0.2812369577127285,0.008005659809622756,3.0,0.0,0.0,0.0,0.01592337988680916,-0.08913842827189096,35.19960973814039,102.62823434545065,0.0177725530808926,0.0743010715004723,34.90928857245132,100.92034733300116,0.015643150390525513,-0.17747582528933342,34.8645904417152,100.7129081171892,high_lp_tolerance
amm,0.5,0.9,liquidity,none,11,0.02839765847954224,0.06856083999461764,-0.11409736249312515,0.38028169014084506,1.0,22.186082306678685,0.005487234661139213,0.28798585425400136,0.25345891246851293,11.0,0.0,260.0,260.0,0.01150596820397369,-0.11675062378973396,34.354389612170124,97.31730929746087,0.0179803243166387,-0.11369245449295247,25.654311235649043,97.74423756079278,0.021911230432448043,-0.11937631512720981,18.71785337770833,96.5476792802081,high_lp_tolerance
amm,0.5,0.9,liquidity,none,47,0.028346355836502753,0.10525730753147082,-0.15326561465897892,0.32867132867132864,1.0,22.446589481735444,0.005495135665057782,0.293792622066938,0.2532769705193356,7.0,0.0,260.0,260.0,0.011299571925971155,-0.14961774249913312,34.57657619271676,98.90163407263843,0.016069297988165233,-0.11618453552940208,25.82832674356675,99.47566674569512,0.023273688905741642,-0.169066021334339,19.064852219904147,100.8633872409632,high_lp_tolerance
amm,0.5,0.9,liquidity,none,101,0.025745853336607512,0.06911002676018227,-0.09631678368127455,0.41333333333333333,1.0,22.617438828118757,0.005307913682949854,0.2696000951379349,0.2539791035711366,2.0,0.0,25.0,260.0,0.013738616298107978,-0.10767216991660053,35.05205864293468,101.40290125155012,0.016406362747615044,-0.04969734657096891,26.16223287161596,101.79632747369284,0.019771867743016088,-0.12785467233226236,19.072644784621556,100.33537435440246,high_lp_tolerance
amm,0.5,0.9,liquidity,none,173,0.02923343501348808,0.0829790719839871,-0.13940279707599712,0.37681159420289856,1.0,22.79352887986024,0.005640634633084795,0.3119912920798588,0.24951842041144578,24.0,0.0,260.0,260.0,0.013597551451825443,-0.11201138978888389,34.948075233667346,100.81439763344282,0.01900009655319123,-0.09639693686617226,26.22589762314622,102.63411967644188,0.022112465832104678,-0.16871330081117664,19.361160136574263,103.6334049986401,high_lp_tolerance
amm,0.5,0.9,liquidity,none,257,0.03076006691893971,0.06328006186864424,-0.12304276844945235,0.4520547945205479,1.0,22.71551121354644,0.005619327395833325,0.2906434894113011,0.25657833594552915,1.0,0.0,3.0,260.0,0.01592337988680916,-0.08913842827189096,35.19960973814039,102.62823434545065,0.016730559222930312,-0.15237570827291386,26.161763580736636,102.2947168020548,0.025640374249801735,-0.1191224978836944,19.26925884635624,103.14789774610408,high_lp_tolerance
