market,participation,similarity,shock,safeguard,normalised_liquidity_deterioration_mean,normalised_liquidity_deterioration_std,normalised_liquidity_deterioration_count,shock_minus_pre_volatility_mean,shock_minus_pre_volatility_std,shock_minus_pre_volatility_count,recovery_minus_pre_volatility_mean,recovery_minus_pre_volatility_std,recovery_minus_pre_volatility_count,shock_minus_pre_correlation_mean,shock_minus_pre_correlation_std,shock_minus_pre_correlation_count,recovery_minus_pre_correlation_mean,recovery_minus_pre_correlation_std,recovery_minus_pre_correlation_count,shock_liquidity_deterioration_mean,shock_liquidity_deterioration_std,shock_liquidity_deterioration_count,recovery_liquidity_deterioration_mean,recovery_liquidity_deterioration_std,recovery_liquidity_deterioration_count
amm,0.0,0.0,fundamental,all,0.01224804999784772,0.0015148633697462345,10,0.00616047872690685,0.002085850662194621,10,0.00030090103357275017,0.0010616464287113228,10,-0.049424939707649454,0.13114885081628952,10,-0.01180613256952559,0.158741574423044,10,0.012250656536738569,0.0016027206187671109,10,0.025015666780609146,0.004426507926917398,10
amm,0.0,0.0,fundamental,circuit_breaker,0.01224804999784772,0.0015148633697462345,10,0.00616047872690685,0.002085850662194621,10,0.00030090103357275017,0.0010616464287113228,10,-0.049424939707649454,0.13114885081628952,10,-0.01180613256952559,0.158741574423044,10,0.012250656536738569,0.0016027206187671109,10,0.025015666780609146,0.004426507926917398,10
amm,0.0,0.0,fundamental,execution_delay,0.01224804999784772,0.0015148633697462345,10,0.00616047872690685,0.002085850662194621,10,0.00030090103357275017,0.0010616464287113228,10,-0.049424939707649454,0.13114885081628952,10,-0.01180613256952559,0.158741574423044,10,0.012250656536738569,0.0016027206187671109,10,0.025015666780609146,0.004426507926917398,10
amm,0.0,0.0,fundamental,liquidity_buffer,0.01224804999784772,0.0015148633697462345,10,0.00616047872690685,0.002085850662194621,10,0.00030090103357275017,0.0010616464287113228,10,-0.049424939707649454,0.13114885081628952,10,-0.01180613256952559,0.158741574423044,10,0.012250656536738569,0.0016027206187671109,10,0.025015666780609146,0.004426507926917398,10
amm,0.0,0.0,fundamental,none,0.01224804999784772,0.0015148633697462345,10,0.00616047872690685,0.002085850662194621,10,0.00030090103357275017,0.0010616464287113228,10,-0.049424939707649454,0.13114885081628952,10,-0.01180613256952559,0.158741574423044,10,0.012250656536738569,0.0016027206187671109,10,0.025015666780609146,0.004426507926917398,10
amm,0.0,0.0,fundamental,position_limit,0.01224804999784772,0.0015148633697462345,10,0.00616047872690685,0.002085850662194621,10,0.00030090103357275017,0.0010616464287113228,10,-0.049424939707649454,0.13114885081628952,10,-0.01180613256952559,0.158741574423044,10,0.012250656536738569,0.0016027206187671109,10,0.025015666780609146,0.004426507926917398,10
amm,0.0,0.0,liquidity,all,0.256477250903709,0.0010392300454179712,10,-0.0001000507194742298,0.002128021030868435,10,3.843831275318005e-05,0.0011493425741492874,10,-0.032097317619776945,0.1264846850083464,10,-0.007142909118497277,0.17010532247760157,10,0.2564791483767919,0.0011583976441708987,10,0.4552976334751097,0.0023868893117272414,10
amm,0.0,0.0,liquidity,circuit_breaker,0.256477250903709,0.0010392300454179712,10,-0.0001000507194742298,0.002128021030868435,10,3.843831275318005e-05,0.0011493425741492874,10,-0.032097317619776945,0.1264846850083464,10,-0.007142909118497277,0.17010532247760157,10,0.2564791483767919,0.0011583976441708987,10,0.4552976334751097,0.0023868893117272414,10
amm,0.0,0.0,liquidity,execution_delay,0.256477250903709,0.0010392300454179712,10,-0.0001000507194742298,0.002128021030868435,10,3.843831275318005e-05,0.0011493425741492874,10,-0.032097317619776945,0.1264846850083464,10,-0.007142909118497277,0.17010532247760157,10,0.2564791483767919,0.0011583976441708987,10,0.4552976334751097,0.0023868893117272414,10
amm,0.0,0.0,liquidity,liquidity_buffer,0.256477250903709,0.0010392300454179712,10,-0.0001000507194742298,0.002128021030868435,10,3.843831275318005e-05,0.0011493425741492874,10,-0.032097317619776945,0.1264846850083464,10,-0.007142909118497277,0.17010532247760157,10,0.2564791483767919,0.0011583976441708987,10,0.4552976334751097,0.0023868893117272414,10
amm,0.0,0.0,liquidity,none,0.256477250903709,0.0010392300454179712,10,-0.0001000507194742298,0.002128021030868435,10,3.843831275318005e-05,0.0011493425741492874,10,-0.032097317619776945,0.1264846850083464,10,-0.007142909118497277,0.17010532247760157,10,0.2564791483767919,0.0011583976441708987,10,0.4552976334751097,0.0023868893117272414,10
amm,0.0,0.0,liquidity,position_limit,0.256477250903709,0.0010392300454179712,10,-0.0001000507194742298,0.002128021030868435,10,3.843831275318005e-05,0.0011493425741492874,10,-0.032097317619776945,0.1264846850083464,10,-0.007142909118497277,0.17010532247760157,10,0.2564791483767919,0.0011583976441708987,10,0.4552976334751097,0.0023868893117272414,10
amm,0.0,0.0,volatility,all,0.00237943011165997,0.0038405174283651453,10,0.00491729571743411,0.0015353127551779354,10,-0.0004239945318001998,0.001768236702350752,10,0.014254558191772331,0.1824281902288413,10,0.009674284906524866,0.22671875456865348,10,0.002381255551860728,0.004101573384110694,10,0.0017233807526967015,0.009297179980283945,10
amm,0.0,0.0,volatility,circuit_breaker,0.00237943011165997,0.0038405174283651453,10,0.00491729571743411,0.0015353127551779354,10,-0.0004239945318001998,0.001768236702350752,10,0.014254558191772331,0.1824281902288413,10,0.009674284906524866,0.22671875456865348,10,0.002381255551860728,0.004101573384110694,10,0.0017233807526967015,0.009297179980283945,10
amm,0.0,0.0,volatility,execution_delay,0.00237943011165997,0.0038405174283651453,10,0.00491729571743411,0.0015353127551779354,10,-0.0004239945318001998,0.001768236702350752,10,0.014254558191772331,0.1824281902288413,10,0.009674284906524866,0.22671875456865348,10,0.002381255551860728,0.004101573384110694,10,0.0017233807526967015,0.009297179980283945,10
amm,0.0,0.0,volatility,liquidity_buffer,0.00237943011165997,0.0038405174283651453,10,0.00491729571743411,0.0015353127551779354,10,-0.0004239945318001998,0.001768236702350752,10,0.014254558191772331,0.1824281902288413,10,0.009674284906524866,0.22671875456865348,10,0.002381255551860728,0.004101573384110694,10,0.0017233807526967015,0.009297179980283945,10
amm,0.0,0.0,volatility,none,0.00237943011165997,0.0038405174283651453,10,0.00491729571743411,0.0015353127551779354,10,-0.0004239945318001998,0.001768236702350752,10,0.014254558191772331,0.1824281902288413,10,0.009674284906524866,0.22671875456865348,10,0.002381255551860728,0.004101573384110694,10,0.0017233807526967015,0.009297179980283945,10
amm,0.0,0.0,volatility,position_limit,0.00237943011165997,0.0038405174283651453,10,0.00491729571743411,0.0015353127551779354,10,-0.0004239945318001998,0.001768236702350752,10,0.014254558191772331,0.1824281902288413,10,0.009674284906524866,0.22671875456865348,10,0.002381255551860728,0.004101573384110694,10,0.0017233807526967015,0.009297179980283945,10
amm,0.0,0.5,fundamental,all,0.01224804999784772,0.0015148633697462345,10,0.00616047872690685,0.002085850662194621,10,0.00030090103357275017,0.0010616464287113228,10,-0.049424939707649454,0.13114885081628952,10,-0.01180613256952559,0.158741574423044,10,0.012250656536738569,0.0016027206187671109,10,0.025015666780609146,0.004426507926917398,10
amm,0.0,0.5,fundamental,circuit_breaker,0.01224804999784772,0.0015148633697462345,10,0.00616047872690685,0.002085850662194621,10,0.00030090103357275017,0.0010616464287113228,10,-0.049424939707649454,0.13114885081628952,10,-0.01180613256952559,0.158741574423044,10,0.012250656536738569,0.0016027206187671109,10,0.025015666780609146,0.004426507926917398,10
amm,0.0,0.5,fundamental,execution_delay,0.01224804999784772,0.0015148633697462345,10,0.00616047872690685,0.002085850662194621,10,0.00030090103357275017,0.0010616464287113228,10,-0.049424939707649454,0.13114885081628952,10,-0.01180613256952559,0.158741574423044,10,0.012250656536738569,0.0016027206187671109,10,0.025015666780609146,0.004426507926917398,10
amm,0.0,0.5,fundamental,liquidity_buffer,0.01224804999784772,0.0015148633697462345,10,0.00616047872690685,0.002085850662194621,10,0.00030090103357275017,0.0010616464287113228,10,-0.049424939707649454,0.13114885081628952,10,-0.01180613256952559,0.158741574423044,10,0.012250656536738569,0.0016027206187671109,10,0.025015666780609146,0.004426507926917398,10
amm,0.0,0.5,fundamental,none,0.01224804999784772,0.0015148633697462345,10,0.00616047872690685,0.002085850662194621,10,0.00030090103357275017,0.0010616464287113228,10,-0.049424939707649454,0.13114885081628952,10,-0.01180613256952559,0.158741574423044,10,0.012250656536738569,0.0016027206187671109,10,0.025015666780609146,0.004426507926917398,10
amm,0.0,0.5,fundamental,position_limit,0.01224804999784772,0.0015148633697462345,10,0.00616047872690685,0.002085850662194621,10,0.00030090103357275017,0.0010616464287113228,10,-0.049424939707649454,0.13114885081628952,10,-0.01180613256952559,0.158741574423044,10,0.012250656536738569,0.0016027206187671109,10,0.025015666780609146,0.004426507926917398,10
amm,0.0,0.5,liquidity,all,0.256477250903709,0.0010392300454179712,10,-0.0001000507194742298,0.002128021030868435,10,3.843831275318005e-05,0.0011493425741492874,10,-0.032097317619776945,0.1264846850083464,10,-0.007142909118497277,0.17010532247760157,10,0.2564791483767919,0.0011583976441708987,10,0.4552976334751097,0.0023868893117272414,10
amm,0.0,0.5,liquidity,circuit_breaker,0.256477250903709,0.0010392300454179712,10,-0.0001000507194742298,0.002128021030868435,10,3.843831275318005e-05,0.0011493425741492874,10,-0.032097317619776945,0.1264846850083464,10,-0.007142909118497277,0.17010532247760157,10,0.2564791483767919,0.0011583976441708987,10,0.4552976334751097,0.0023868893117272414,10
amm,0.0,0.5,liquidity,execution_delay,0.256477250903709,0.0010392300454179712,10,-0.0001000507194742298,0.002128021030868435,10,3.843831275318005e-05,0.0011493425741492874,10,-0.032097317619776945,0.1264846850083464,10,-0.007142909118497277,0.17010532247760157,10,0.2564791483767919,0.0011583976441708987,10,0.4552976334751097,0.0023868893117272414,10
amm,0.0,0.5,liquidity,liquidity_buffer,0.256477250903709,0.0010392300454179712,10,-0.0001000507194742298,0.002128021030868435,10,3.843831275318005e-05,0.0011493425741492874,10,-0.032097317619776945,0.1264846850083464,10,-0.007142909118497277,0.17010532247760157,10,0.2564791483767919,0.0011583976441708987,10,0.4552976334751097,0.0023868893117272414,10
amm,0.0,0.5,liquidity,none,0.256477250903709,0.0010392300454179712,10,-0.0001000507194742298,0.002128021030868435,10,3.843831275318005e-05,0.0011493425741492874,10,-0.032097317619776945,0.1264846850083464,10,-0.007142909118497277,0.17010532247760157,10,0.2564791483767919,0.0011583976441708987,10,0.4552976334751097,0.0023868893117272414,10
amm,0.0,0.5,liquidity,position_limit,0.256477250903709,0.0010392300454179712,10,-0.0001000507194742298,0.002128021030868435,10,3.843831275318005e-05,0.0011493425741492874,10,-0.032097317619776945,0.1264846850083464,10,-0.007142909118497277,0.17010532247760157,10,0.2564791483767919,0.0011583976441708987,10,0.4552976334751097,0.0023868893117272414,10
amm,0.0,0.5,volatility,all,0.00237943011165997,0.0038405174283651453,10,0.00491729571743411,0.0015353127551779354,10,-0.0004239945318001998,0.001768236702350752,10,0.014254558191772331,0.1824281902288413,10,0.009674284906524866,0.22671875456865348,10,0.002381255551860728,0.004101573384110694,10,0.0017233807526967015,0.009297179980283945,10
amm,0.0,0.5,volatility,circuit_breaker,0.00237943011165997,0.0038405174283651453,10,0.00491729571743411,0.0015353127551779354,10,-0.0004239945318001998,0.001768236702350752,10,0.014254558191772331,0.1824281902288413,10,0.009674284906524866,0.22671875456865348,10,0.002381255551860728,0.004101573384110694,10,0.0017233807526967015,0.009297179980283945,10
amm,0.0,0.5,volatility,execution_delay,0.00237943011165997,0.0038405174283651453,10,0.00491729571743411,0.0015353127551779354,10,-0.0004239945318001998,0.001768236702350752,10,0.014254558191772331,0.1824281902288413,10,0.009674284906524866,0.22671875456865348,10,0.002381255551860728,0.004101573384110694,10,0.0017233807526967015,0.009297179980283945,10
amm,0.0,0.5,volatility,liquidity_buffer,0.00237943011165997,0.0038405174283651453,10,0.00491729571743411,0.0015353127551779354,10,-0.0004239945318001998,0.001768236702350752,10,0.014254558191772331,0.1824281902288413,10,0.009674284906524866,0.22671875456865348,10,0.002381255551860728,0.004101573384110694,10,0.0017233807526967015,0.009297179980283945,10
amm,0.0,0.5,volatility,none,0.00237943011165997,0.0038405174283651453,10,0.00491729571743411,0.0015353127551779354,10,-0.0004239945318001998,0.001768236702350752,10,0.014254558191772331,0.1824281902288413,10,0.009674284906524866,0.22671875456865348,10,0.002381255551860728,0.004101573384110694,10,0.0017233807526967015,0.009297179980283945,10
amm,0.0,0.5,volatility,position_limit,0.00237943011165997,0.0038405174283651453,10,0.00491729571743411,0.0015353127551779354,10,-0.0004239945318001998,0.001768236702350752,10,0.014254558191772331,0.1824281902288413,10,0.009674284906524866,0.22671875456865348,10,0.002381255551860728,0.004101573384110694,10,0.0017233807526967015,0.009297179980283945,10
amm,0.0,0.9,fundamental,all,0.01224804999784772,0.0015148633697462345,10,0.00616047872690685,0.002085850662194621,10,0.00030090103357275017,0.0010616464287113228,10,-0.049424939707649454,0.13114885081628952,10,-0.01180613256952559,0.158741574423044,10,0.012250656536738569,0.0016027206187671109,10,0.025015666780609146,0.004426507926917398,10
amm,0.0,0.9,fundamental,circuit_breaker,0.01224804999784772,0.0015148633697462345,10,0.00616047872690685,0.002085850662194621,10,0.00030090103357275017,0.0010616464287113228,10,-0.049424939707649454,0.13114885081628952,10,-0.01180613256952559,0.158741574423044,10,0.012250656536738569,0.0016027206187671109,10,0.025015666780609146,0.004426507926917398,10
amm,0.0,0.9,fundamental,execution_delay,0.01224804999784772,0.0015148633697462345,10,0.00616047872690685,0.002085850662194621,10,0.00030090103357275017,0.0010616464287113228,10,-0.049424939707649454,0.13114885081628952,10,-0.01180613256952559,0.158741574423044,10,0.012250656536738569,0.0016027206187671109,10,0.025015666780609146,0.004426507926917398,10
amm,0.0,0.9,fundamental,liquidity_buffer,0.01224804999784772,0.0015148633697462345,10,0.00616047872690685,0.002085850662194621,10,0.00030090103357275017,0.0010616464287113228,10,-0.049424939707649454,0.13114885081628952,10,-0.01180613256952559,0.158741574423044,10,0.012250656536738569,0.0016027206187671109,10,0.025015666780609146,0.004426507926917398,10
amm,0.0,0.9,fundamental,none,0.01224804999784772,0.0015148633697462345,10,0.00616047872690685,0.002085850662194621,10,0.00030090103357275017,0.0010616464287113228,10,-0.049424939707649454,0.13114885081628952,10,-0.01180613256952559,0.158741574423044,10,0.012250656536738569,0.0016027206187671109,10,0.025015666780609146,0.004426507926917398,10
amm,0.0,0.9,fundamental,position_limit,0.01224804999784772,0.0015148633697462345,10,0.00616047872690685,0.002085850662194621,10,0.00030090103357275017,0.0010616464287113228,10,-0.049424939707649454,0.13114885081628952,10,-0.01180613256952559,0.158741574423044,10,0.012250656536738569,0.0016027206187671109,10,0.025015666780609146,0.004426507926917398,10
amm,0.0,0.9,liquidity,all,0.256477250903709,0.0010392300454179712,10,-0.0001000507194742298,0.002128021030868435,10,3.843831275318005e-05,0.0011493425741492874,10,-0.032097317619776945,0.1264846850083464,10,-0.007142909118497277,0.17010532247760157,10,0.2564791483767919,0.0011583976441708987,10,0.4552976334751097,0.0023868893117272414,10
amm,0.0,0.9,liquidity,circuit_breaker,0.256477250903709,0.0010392300454179712,10,-0.0001000507194742298,0.002128021030868435,10,3.843831275318005e-05,0.0011493425741492874,10,-0.032097317619776945,0.1264846850083464,10,-0.007142909118497277,0.17010532247760157,10,0.2564791483767919,0.0011583976441708987,10,0.4552976334751097,0.0023868893117272414,10
amm,0.0,0.9,liquidity,execution_delay,0.256477250903709,0.0010392300454179712,10,-0.0001000507194742298,0.002128021030868435,10,3.843831275318005e-05,0.0011493425741492874,10,-0.032097317619776945,0.1264846850083464,10,-0.007142909118497277,0.17010532247760157,10,0.2564791483767919,0.0011583976441708987,10,0.4552976334751097,0.0023868893117272414,10
amm,0.0,0.9,liquidity,liquidity_buffer,0.256477250903709,0.0010392300454179712,10,-0.0001000507194742298,0.002128021030868435,10,3.843831275318005e-05,0.0011493425741492874,10,-0.032097317619776945,0.1264846850083464,10,-0.007142909118497277,0.17010532247760157,10,0.2564791483767919,0.0011583976441708987,10,0.4552976334751097,0.0023868893117272414,10
amm,0.0,0.9,liquidity,none,0.256477250903709,0.0010392300454179712,10,-0.0001000507194742298,0.002128021030868435,10,3.843831275318005e-05,0.0011493425741492874,10,-0.032097317619776945,0.1264846850083464,10,-0.007142909118497277,0.17010532247760157,10,0.2564791483767919,0.0011583976441708987,10,0.4552976334751097,0.0023868893117272414,10
amm,0.0,0.9,liquidity,position_limit,0.256477250903709,0.0010392300454179712,10,-0.0001000507194742298,0.002128021030868435,10,3.843831275318005e-05,0.0011493425741492874,10,-0.032097317619776945,0.1264846850083464,10,-0.007142909118497277,0.17010532247760157,10,0.2564791483767919,0.0011583976441708987,10,0.4552976334751097,0.0023868893117272414,10
amm,0.0,0.9,volatility,all,0.00237943011165997,0.0038405174283651453,10,0.00491729571743411,0.0015353127551779354,10,-0.0004239945318001998,0.001768236702350752,10,0.014254558191772331,0.1824281902288413,10,0.009674284906524866,0.22671875456865348,10,0.002381255551860728,0.004101573384110694,10,0.0017233807526967015,0.009297179980283945,10
amm,0.0,0.9,volatility,circuit_breaker,0.00237943011165997,0.0038405174283651453,10,0.00491729571743411,0.0015353127551779354,10,-0.0004239945318001998,0.001768236702350752,10,0.014254558191772331,0.1824281902288413,10,0.009674284906524866,0.22671875456865348,10,0.002381255551860728,0.004101573384110694,10,0.0017233807526967015,0.009297179980283945,10
amm,0.0,0.9,volatility,execution_delay,0.00237943011165997,0.0038405174283651453,10,0.00491729571743411,0.0015353127551779354,10,-0.0004239945318001998,0.001768236702350752,10,0.014254558191772331,0.1824281902288413,10,0.009674284906524866,0.22671875456865348,10,0.002381255551860728,0.004101573384110694,10,0.0017233807526967015,0.009297179980283945,10
amm,0.0,0.9,volatility,liquidity_buffer,0.00237943011165997,0.0038405174283651453,10,0.00491729571743411,0.0015353127551779354,10,-0.0004239945318001998,0.001768236702350752,10,0.014254558191772331,0.1824281902288413,10,0.009674284906524866,0.22671875456865348,10,0.002381255551860728,0.004101573384110694,10,0.0017233807526967015,0.009297179980283945,10
amm,0.0,0.9,volatility,none,0.00237943011165997,0.0038405174283651453,10,0.00491729571743411,0.0015353127551779354,10,-0.0004239945318001998,0.001768236702350752,10,0.014254558191772331,0.1824281902288413,10,0.009674284906524866,0.22671875456865348,10,0.002381255551860728,0.004101573384110694,10,0.0017233807526967015,0.009297179980283945,10
amm,0.0,0.9,volatility,position_limit,0.00237943011165997,0.0038405174283651453,10,0.00491729571743411,0.0015353127551779354,10,-0.0004239945318001998,0.001768236702350752,10,0.014254558191772331,0.1824281902288413,10,0.009674284906524866,0.22671875456865348,10,0.002381255551860728,0.004101573384110694,10,0.0017233807526967015,0.009297179980283945,10
amm,0.25,0.0,fundamental,all,0.008595706521386321,0.0030946642982772397,10,0.0060199853849676795,0.0013860583241658844,10,0.00010295247041932016,0.0011751287819595437,10,-0.0053055628845841115,0.10045639691207495,10,-0.03137839189789743,0.09395368205864282,10,0.008352892211737661,0.003390307059461151,10,0.019031866448320455,0.0020495469975390945,10
amm,0.25,0.0,fundamental,circuit_breaker,0.013833194059631121,0.003885398691387076,10,0.00559028491648791,0.002891091970985762,10,-0.0013467707593708702,0.002486321444697086,10,-0.01884987354208258,0.15601307388642427,10,0.0032867891280179426,0.12505121829855548,10,0.013953978981686866,0.004263346455726242,10,0.02737012966172798,0.00511838756260292,10
amm,0.25,0.0,fundamental,execution_delay,0.00861264991410654,0.003093813189484991,10,0.006016973739452499,0.001390208408752017,10,0.00010633453024189035,0.0011744526112262268,10,-0.00478179198565204,0.09867826072981345,10,-0.0317445127160585,0.09122957150360872,10,0.008371110400126457,0.003389910538217464,10,0.019067236491418494,0.002043944926821352,10
amm,0.25,0.0,fundamental,liquidity_buffer,0.013833194059631121,0.003885398691387076,10,0.00559028491648791,0.002891091970985762,10,-0.0013467707593708702,0.002486321444697086,10,-0.01884987354208258,0.15601307388642427,10,0.0032867891280179426,0.12505121829855548,10,0.013953978981686866,0.004263346455726242,10,0.02737012966172798,0.00511838756260292,10
amm,0.25,0.0,fundamental,none,0.013833194059631121,0.003885398691387076,10,0.00559028491648791,0.002891091970985762,10,-0.0013467707593708702,0.002486321444697086,10,-0.01884987354208258,0.15601307388642427,10,0.0032867891280179426,0.12505121829855548,10,0.013953978981686866,0.004263346455726242,10,0.02737012966172798,0.00511838756260292,10
amm,0.25,0.0,fundamental,position_limit,0.013811878718142382,0.003884046123245381,10,0.00557608367816002,0.002920615084280285,10,-0.00136404826089813,0.0024955654934569146,10,-0.020917701812917057,0.15056690674961257,10,0.005010680161166467,0.12784895594226797,10,0.013927435827135525,0.004261101437402795,10,0.02732407669518464,0.005113871800416184,10
amm,0.25,0.0,liquidity,all,0.2536658789400493,0.002280647681941524,10,1.4592551758002906e-06,0.001550716985573552,10,-4.02995153736499e-05,0.0012446873783528128,10,0.015122704646134109,0.10863890310289262,10,-0.021109276028378855,0.09539539026392199,10,0.2534830588896133,0.002516827549762305,10,0.45147200483715155,0.0012220554675003309,10
amm,0.25,0.0,liquidity,circuit_breaker,0.2574726806826061,0.0028348170250017154,10,-0.00028855870706286985,0.0029936214123924545,10,-0.0011274485788247699,0.002593504412507407,10,-0.0006360500914544792,0.14723967068954455,10,-0.0029113445632323472,0.12679927379212194,10,0.25756357602143254,0.003140682307982934,10,0.4561633233946627,0.0029391169890940145,10
amm,0.25,0.0,liquidity,execution_delay,0.2536749418042265,0.00228022378352318,10,4.370186052039815e-06,0.0015476731447936962,10,-3.873247417310998e-05,0.0012488992210202795,10,0.013836517427399062,0.1070303900650994,10,-0.022616730036819414,0.09214891273685025,10,0.25349308019865335,0.002516844579687616,10,0.4514906676412037,0.001214912504873474,10
amm,0.25,0.0,liquidity,liquidity_buffer,0.2574726806826061,0.0028348170250017154,10,-0.00028855870706286985,0.0029936214123924545,10,-0.0011274485788247699,0.002593504412507407,10,-0.0006360500914544792,0.14723967068954455,10,-0.0029113445632323472,0.12679927379212194,10,0.25756357602143254,0.003140682307982934,10,0.4561633233946627,0.0029391169890940145,10
amm,0.25,0.0,liquidity,none,0.2574726806826061,0.0028348170250017154,10,-0.00028855870706286985,0.0029936214123924545,10,-0.0011274485788247699,0.002593504412507407,10,-0.0006360500914544792,0.14723967068954455,10,-0.0029113445632323472,0.12679927379212194,10,0.25756357602143254,0.003140682307982934,10,0.4561633233946627,0.0029391169890940145,10
amm,0.25,0.0,liquidity,position_limit,0.2574621013233231,0.0028281301639421774,10,-0.00028931488904826994,0.0029917076866679123,10,-0.00114229792889985,0.0026254953439087273,10,-0.00021590201000935006,0.14903910276175844,10,-0.005779872357935363,0.12487824165228256,10,0.2575490640134368,0.003132749247281252,10,0.4561344014803064,0.002930667141560389,10
amm,0.25,0.0,volatility,all,0.0009074562922685777,0.004381995984741656,10,0.005772310955106391,0.0013409142042244888,10,-0.00020343869685768992,0.0016318971940069802,10,0.03054076163934073,0.09786780331365345,10,-0.03576028765570835,0.1316671772113668,10,0.0006626077340329162,0.004635417751781544,10,0.00036742277737844553,0.008443690310224634,10
amm,0.25,0.0,volatility,circuit_breaker,0.0034316240157823397,0.003345595052383194,10,0.00469403890192926,0.0015647169977248759,10,-0.0012190722778335004,0.0019896571995093432,10,0.041348079847708955,0.0836476121735705,10,0.03859694221299006,0.13289409210693887,10,0.0035533397715278303,0.003888320407091352,10,0.002085584896589621,0.010145298270631651,10
amm,0.25,0.0,volatility,execution_delay,0.0009174615753767835,0.004384494367775841,10,0.00577690084039515,0.0013422655113558375,10,-0.00018980035773009013,0.0016422138435774154,10,0.029844520964993754,0.09627014408199101,10,-0.03512410056291739,0.12765549007592525,10,0.0006738925069583734,0.004638888601059853,10,0.0003926991738697594,0.008444383437551713,10
amm,0.25,0.0,volatility,liquidity_buffer,0.0034316240157823397,0.003345595052383194,10,0.00469403890192926,0.0015647169977248759,10,-0.0012190722778335004,0.0019896571995093432,10,0.041348079847708955,0.0836476121735705,10,0.03859694221299006,0.13289409210693887,10,0.0035533397715278303,0.003888320407091352,10,0.002085584896589621,0.010145298270631651,10
amm,0.25,0.0,volatility,none,0.0034316240157823397,0.003345595052383194,10,0.00469403890192926,0.0015647169977248759,10,-0.0012190722778335004,0.0019896571995093432,10,0.041348079847708955,0.0836476121735705,10,0.03859694221299006,0.13289409210693887,10,0.0035533397715278303,0.003888320407091352,10,0.002085584896589621,0.010145298270631651,10
amm,0.25,0.0,volatility,position_limit,0.0034171879410678702,0.0033358610666582547,10,0.004696157707134311,0.0015766217861183528,10,-0.0012176250066272102,0.0019953073917516485,10,0.04357005021396124,0.08758339738073206,10,0.03946424359706731,0.13598515751729603,10,0.0035336161163236567,0.003879890098073419,10,0.0020478886281702245,0.010144030004382316,10
amm,0.25,0.5,fundamental,all,0.00861824567680094,0.003083048532634662,10,0.0059942108393176005,0.001308581654418543,10,0.00012713917512062033,0.0011863023253072037,10,0.00917860201564422,0.1032584047239884,10,-0.007162041251550589,0.08727690101168509,10,0.008370711993374358,0.0033836694520707434,10,0.01905920045870165,0.002037668862319611,10
amm,0.25,0.5,fundamental,circuit_breaker,0.0138311192274308,0.0038781723298191772,10,0.00551090581644204,0.0028931429480640565,10,-0.00150877431669643,0.0025251275842191876,10,-0.021423425578208494,0.1328519529956724,10,-0.007098515738757719,0.1045391301576101,10,0.013956657084601887,0.0042608835482997685,10,0.027363307757030265,0.005101877436765291,10
amm,0.25,0.5,fundamental,execution_delay,0.00862519884178229,0.003081770101093113,10,0.0060006652962465105,0.0013035486898550794,10,0.0001328137952923903,0.0011862362002807941,10,0.009198982701193906,0.10324333297943991,10,-0.007351607979204644,0.08764510636326418,10,0.00837731643597318,0.0033825567811885076,10,0.019069115529280443,0.0020380067611164955,10
amm,0.25,0.5,fundamental,liquidity_buffer,0.0138311192274308,0.0038781723298191772,10,0.00551090581644204,0.0028931429480640565,10,-0.00150877431669643,0.0025251275842191876,10,-0.021423425578208494,0.1328519529956724,10,-0.007098515738757719,0.1045391301576101,10,0.013956657084601887,0.0042608835482997685,10,0.027363307757030265,0.005101877436765291,10
amm,0.25,0.5,fundamental,none,0.0138311192274308,0.0038781723298191772,10,0.00551090581644204,0.0028931429480640565,10,-0.00150877431669643,0.0025251275842191876,10,-0.021423425578208494,0.1328519529956724,10,-0.007098515738757719,0.1045391301576101,10,0.013956657084601887,0.0042608835482997685,10,0.027363307757030265,0.005101877436765291,10
amm,0.25,0.5,fundamental,position_limit,0.01382203193944311,0.0038796721201531065,10,0.00551244652322038,0.0028909764471924974,10,-0.0015122118111480696,0.0025188379795939063,10,-0.021555403402043878,0.133037732755722,10,-0.00627958632961066,0.10486354992820507,10,0.013947054866614184,0.004262698244744735,10,0.027349306720865153,0.005100566541889821,10
amm,0.25,0.5,liquidity,all,0.25368324218851696,0.0022854430443247477,10,0.00015000763154978053,0.0014511630482205453,10,0.0003299093993302104,0.0012033113478754948,10,0.022757196042657152,0.09536449459720278,10,-0.03294817784833051,0.10524421493999067,10,0.2534968697016923,0.0025241032382726813,10,0.4514797170518937,0.001221585655970055,10
amm,0.25,0.5,liquidity,circuit_breaker,0.2574649000780516,0.0028298988605160833,10,0.0001234166905491999,0.0029064991177039042,10,-0.00018880413400876995,0.0025400845323050435,10,-0.028136649795512492,0.12257633095520636,10,-0.06648651354033028,0.08359295269219517,10,0.2575593787126095,0.0031384277669125223,10,0.45615115963943076,0.002930669807422872,10
amm,0.25,0.5,liquidity,execution_delay,0.2536852790213805,0.002284596549271636,10,0.00015672359949355023,0.0014471621379490718,10,0.0003402517535125305,0.0012045995979106988,10,0.022544511312918656,0.09557917986131718,10,-0.03295941443102564,0.10532891837999904,10,0.25349864295991187,0.0025234618755919204,10,0.4514825435568703,0.0012215631054188528,10
amm,0.25,0.5,liquidity,liquidity_buffer,0.2574649000780516,0.0028298988605160833,10,0.0001234166905491999,0.0029064991177039042,10,-0.00018880413400876995,0.0025400845323050435,10,-0.028136649795512492,0.12257633095520636,10,-0.06648651354033028,0.08359295269219517,10,0.2575593787126095,0.0031384277669125223,10,0.45615115963943076,0.002930669807422872,10
amm,0.25,0.5,liquidity,none,0.2574649000780516,0.0028298988605160833,10,0.0001234166905491999,0.0029064991177039042,10,-0.00018880413400876995,0.0025400845323050435,10,-0.028136649795512492,0.12257633095520636,10,-0.06648651354033028,0.08359295269219517,10,0.2575593787126095,0.0031384277669125223,10,0.45615115963943076,0.002930669807422872,10
amm,0.25,0.5,liquidity,position_limit,0.25746232795715784,0.0028306264434555485,10,0.0001243425742119499,0.0029045025794611256,10,-0.00018916404108126946,0.0025362763179287997,10,-0.02906754393480022,0.12175601494413558,10,-0.06687036110516567,0.08221737980556866,10,0.257556418044283,0.0031395044041628776,10,0.4561471342218841,0.0029313476392061923,10
amm,0.25,0.5,volatility,all,0.0009320445118043512,0.004397088586322858,10,0.00574576657865275,0.0012260672310355086,10,-0.00022816426141916962,0.0016363362023180542,10,0.0486589939300924,0.08845987931631352,10,-0.022665723382020407,0.11874735671235061,10,0.0006824460659322739,0.00465130698029827,10,0.0003950561020802268,0.00847026493119582,10
amm,0.25,0.5,volatility,circuit_breaker,0.00343350726986904,0.0033285640232910856,10,0.004352875905935581,0.0016803767462284839,10,-0.00134546444364596,0.0021043649003433763,10,0.06705140215369908,0.07992969452946924,10,0.05729529432502389,0.15234318375360761,10,0.0035600332870747375,0.0038761307731057315,10,0.0020595257237663754,0.010144329435646745,10
amm,0.25,0.5,volatility,execution_delay,0.0009324998947206698,0.0043987356032600825,10,0.00574814723714572,0.0012141337561853253,10,-0.00021707334139884973,0.0016403727867046645,10,0.04862980636851225,0.08840482461114352,10,-0.02201259079889921,0.11825702676233009,10,0.000682549047537373,0.004652745971731198,10,0.00039693588517160095,0.008470186428805314,10
amm,0.25,0.5,volatility,liquidity_buffer,0.00343350726986904,0.0033285640232910856,10,0.004352875905935581,0.0016803767462284839,10,-0.00134546444364596,0.0021043649003433763,10,0.06705140215369908,0.07992969452946924,10,0.05729529432502389,0.15234318375360761,10,0.0035600332870747375,0.0038761307731057315,10,0.0020595257237663754,0.010144329435646745,10
amm,0.25,0.5,volatility,none,0.00343350726986904,0.0033285640232910856,10,0.004352875905935581,0.0016803767462284839,10,-0.00134546444364596,0.0021043649003433763,10,0.06705140215369908,0.07992969452946924,10,0.05729529432502389,0.15234318375360761,10,0.0035600332870747375,0.0038761307731057315,10,0.0020595257237663754,0.010144329435646745,10
amm,0.25,0.5,volatility,position_limit,0.00343058557521618,0.0033282941497362645,10,0.00435321913807412,0.0016797216304854526,10,-0.0013453368310383399,0.0021037709129873533,10,0.06706270163153395,0.08001725198319157,10,0.0581678677618779,0.15234011217899499,10,0.003556591209064641,0.0038761823327362263,10,0.0020535186607160694,0.010144282375415719,10
amm,0.25,0.9,fundamental,all,0.00861778318750058,0.0030611290625123483,10,0.00595995497322506,0.0012914757274123149,10,0.00010633109434486998,0.0011993603065312793,10,0.007328417549787958,0.10738787455469301,10,-0.01834510879465339,0.07350859313307048,10,0.008365373734810323,0.003362848191759812,10,0.019023350574873456,0.002037965170622574,10
amm,0.25,0.9,fundamental,circuit_breaker,0.01382945478575938,0.0038775007390811056,10,0.00529535841771749,0.002816591296332813,10,-0.0016464011032427603,0.002283601695868015,10,-0.01899378561010577,0.09095641331647117,10,-0.0028595125558120117,0.06829557195391248,10,0.013955991266205258,0.0042553105073709595,10,0.027354880667543692,0.005101901822921892,10
amm,0.25,0.9,fundamental,execution_delay,0.00862326087308853,0.0030648445093268127,10,0.0059591260951718395,0.0013020754704365044,10,9.744990370967981e-05,0.0012005726601476176,10,0.00760922383045313,0.10733241139575093,10,-0.017080888778673836,0.07230944873236018,10,0.008373773838774745,0.003364730361524939,10,0.019045661064063756,0.002036255787272151,10
amm,0.25,0.9,fundamental,liquidity_buffer,0.01382945478575938,0.0038775007390811056,10,0.00529535841771749,0.002816591296332813,10,-0.0016464011032427603,0.002283601695868015,10,-0.01899378561010577,0.09095641331647117,10,-0.0028595125558120117,0.06829557195391248,10,0.013955991266205258,0.0042553105073709595,10,0.027354880667543692,0.005101901822921892,10
amm,0.25,0.9,fundamental,none,0.01382945478575938,0.0038775007390811056,10,0.00529535841771749,0.002816591296332813,10,-0.0016464011032427603,0.002283601695868015,10,-0.01899378561010577,0.09095641331647117,10,-0.0028595125558120117,0.06829557195391248,10,0.013955991266205258,0.0042553105073709595,10,0.027354880667543692,0.005101901822921892,10
amm,0.25,0.9,fundamental,position_limit,0.013804161833851292,0.0038832154722714474,10,0.0053002212253584,0.002812715168927742,10,-0.0016427375168861398,0.0022768941805070214,10,-0.01667684912383929,0.09175279122296237,10,-0.00276777598320935,0.06855428662796352,10,0.013928389733388247,0.004261220759485653,10,0.027307274571839568,0.00511483262759465,10
amm,0.25,0.9,liquidity,all,0.25367603584498166,0.0022752384928165703,10,0.00038157102834740974,0.0013950117874795246,10,0.0010215817300484303,0.0012126217604559932,10,0.010385545726241587,0.09344325070190387,10,-0.05929454175897708,0.09115922215380695,10,0.2534859841873822,0.002516495227838333,10,0.451473537989704,0.0012165004035920991,10
amm,0.25,0.9,liquidity,circuit_breaker,0.2574552157737002,0.0028228419065925545,10,0.0007882326212538596,0.0026523778583743044,10,0.0014794100403167196,0.0022333755113668314,10,-0.037614722104289,0.07448058754352152,10,-0.08663214254648476,0.052884718888457555,10,0.25755044560923446,0.0031287406269219793,10,0.4561472682206337,0.0029387000016649427,10
amm,0.25,0.9,liquidity,execution_delay,0.25368331625537216,0.00227734327798167,10,0.0003704970931273798,0.001404769256484968,10,0.0010227696614113697,0.0012079006097395612,10,0.011851721596410769,0.09167697732397495,10,-0.05786684951412576,0.0958468129049002,10,0.25349546698871916,0.002516744290918752,10,0.4514848712393932,0.001213139365087862,10
amm,0.25,0.9,liquidity,liquidity_buffer,0.2574552157737002,0.0028228419065925545,10,0.0007882326212538596,0.0026523778583743044,10,0.0014794100403167196,0.0022333755113668314,10,-0.037614722104289,0.07448058754352152,10,-0.08663214254648476,0.052884718888457555,10,0.25755044560923446,0.0031287406269219793,10,0.4561472682206337,0.0029387000016649427,10
amm,0.25,0.9,liquidity,none,0.2574552157737002,0.0028228419065925545,10,0.0007882326212538596,0.0026523778583743044,10,0.0014794100403167196,0.0022333755113668314,10,-0.037614722104289,0.07448058754352152,10,-0.08663214254648476,0.052884718888457555,10,0.25755044560923446,0.0031287406269219793,10,0.4561472682206337,0.0029387000016649427,10
amm,0.25,0.9,liquidity,position_limit,0.25744014348652355,0.0028285324609824097,10,0.0007622288065385404,0.0026644253006390325,10,0.0014654152374536003,0.002245874294324532,10,-0.037221613804032626,0.07390521957606123,10,-0.08735970645098819,0.050216010587957646,10,0.2575336380206117,0.0031334942524866745,10,0.4561165566066435,0.0029542622744311332,10
amm,0.25,0.9,volatility,all,0.0009330064676729881,0.00441302398491947,10,0.00560977266434419,0.0012433644470307911,10,-0.00027259932731819,0.0015578637559303618,10,0.059704704010552855,0.08645713334514717,10,-0.016055808052594482,0.10684384114474059,10,0.0006784984552685835,0.004664892858274082,10,0.0003760795473295997,0.008440577682790941,10
amm,0.25,0.9,volatility,circuit_breaker,0.00343531379007577,0.003355206931512944,10,0.0038071831841467894,0.001661336554665446,10,-0.0014379019457133805,0.0018884647897581897,10,0.08647996785727771,0.0634162777272537,10,0.04340565688240065,0.10330905111548315,10,0.003562853379759445,0.0038921380258932136,10,0.002059431540790002,0.010140590644435473,10
amm,0.25,0.9,volatility,execution_delay,0.0009329840010873011,0.004404257686865242,10,0.005609529747519659,0.0012506799373507287,10,-0.00027719847185174006,0.0015563347327219139,10,0.059797826721004824,0.08698422436964956,10,-0.015322311434876668,0.10915249365452431,10,0.0006814184616564134,0.004655771584628569,10,0.0003868279244880979,0.008425003050305772,10
amm,0.25,0.9,volatility,liquidity_buffer,0.00343531379007577,0.003355206931512944,10,0.0038071831841467894,0.001661336554665446,10,-0.0014379019457133805,0.0018884647897581897,10,0.08647996785727771,0.0634162777272537,10,0.04340565688240065,0.10330905111548315,10,0.003562853379759445,0.0038921380258932136,10,0.002059431540790002,0.010140590644435473,10
amm,0.25,0.9,volatility,none,0.00343531379007577,0.003355206931512944,10,0.0038071831841467894,0.001661336554665446,10,-0.0014379019457133805,0.0018884647897581897,10,0.08647996785727771,0.0634162777272537,10,0.04340565688240065,0.10330905111548315,10,0.003562853379759445,0.0038921380258932136,10,0.002059431540790002,0.010140590644435473,10
amm,0.25,0.9,volatility,position_limit,0.00341923552269176,0.003351970201120105,10,0.00381502159052835,0.0016658339962817039,10,-0.0014409051934796498,0.001892794445029684,10,0.08581789017371683,0.06594876213039395,10,0.046407628981502795,0.10259860061011038,10,0.003544446429286008,0.003888576512210207,10,0.0020243226219677666,0.010146542606831559,10
amm,0.5,0.0,fundamental,all,0.01060553250749971,0.003525128159852331,10,0.00667173628791014,0.001617835290975176,10,0.0019788670147770403,0.001444404828103701,10,-0.028679308391302515,0.1414499880336627,10,-0.06460715157386529,0.11793284025536925,10,0.010636214720438075,0.003542319354107401,10,0.02312010361204987,0.007829893083631636,10
amm,0.5,0.0,fundamental,circuit_breaker,0.010784817742470889,0.0027238803553596863,10,0.00611095895283602,0.0027613078383653643,10,-0.0003300189433875101,0.001960782204840407,10,-0.00011650652811253382,0.07983144542629497,10,0.04700761746836692,0.1315487828984484,10,0.010828907499395723,0.003168351516401136,10,0.023815096851007966,0.002518015378383765,10
amm,0.5,0.0,fundamental,execution_delay,0.01063065160337219,0.00352850483724045,10,0.0066685975334542695,0.0016232799285882467,10,0.00197214432395777,0.0014404003365181956,10,-0.02912922013397239,0.1424860367389525,10,-0.06424842844403769,0.11811175068191479,10,0.010664548870103607,0.0035451403443237197,10,0.023167694963461605,0.007830532544365502,10
amm,0.5,0.0,fundamental,liquidity_buffer,0.010784817742470889,0.0027238803553596863,10,0.00611095895283602,0.0027613078383653643,10,-0.0003300189433875101,0.001960782204840407,10,-0.00011650652811253382,0.07983144542629497,10,0.04700761746836692,0.1315487828984484,10,0.010828907499395723,0.003168351516401136,10,0.023815096851007966,0.002518015378383765,10
amm,0.5,0.0,fundamental,none,0.010784817742470889,0.0027238803553596863,10,0.00611095895283602,0.0027613078383653643,10,-0.0003300189433875101,0.001960782204840407,10,-0.00011650652811253382,0.07983144542629497,10,0.04700761746836692,0.1315487828984484,10,0.010828907499395723,0.003168351516401136,10,0.023815096851007966,0.002518015378383765,10
amm,0.5,0.0,fundamental,position_limit,0.0107458081776864,0.0027215967762067956,10,0.006083117570713019,0.0027814549589822344,10,-0.0003023360382658004,0.001942804219348435,10,-0.002867542097058331,0.07557904300177612,10,0.05055093673018751,0.13207134294925751,10,0.010782401677463704,0.003168781401763907,10,0.023726407632221967,0.00250596602094181,10
amm,0.5,0.0,liquidity,all,0.2548019000596356,0.002513206692648657,10,0.0009389539662561499,0.0018489302910143408,10,0.0021624678563277504,0.0016666749681224508,10,-0.03411466618827019,0.13513912566369515,10,-0.07759803308344762,0.1260095227571442,10,0.254824977861651,0.0025371385157290003,10,0.45332876210129713,0.00430366893050312,10
amm,0.5,0.0,liquidity,circuit_breaker,0.25486994392897916,0.002064852493892411,10,0.0006191791912694797,0.003272913378261103,10,0.00026133050996307973,0.002270807531038531,10,-0.021949231029512198,0.078617657318515,10,-0.019275404611951746,0.10242506919178994,10,0.2549031748295918,0.002390827898370708,10,0.453783702455021,0.0014873272383545907,10
amm,0.5,0.0,liquidity,execution_delay,0.25481318086188,0.002513237438130718,10,0.0009308310325223699,0.00184548009585951,10,0.0021650392766500203,0.0016657365868622638,10,-0.03321940820640091,0.13552126904191605,10,-0.07625884642587863,0.1249345279056659,10,0.2548386797611137,0.0025369687443557356,10,0.45335870011882023,0.004304429706866842,10
amm,0.5,0.0,liquidity,liquidity_buffer,0.25486994392897916,0.002064852493892411,10,0.0006191791912694797,0.003272913378261103,10,0.00026133050996307973,0.002270807531038531,10,-0.021949231029512198,0.078617657318515,10,-0.019275404611951746,0.10242506919178994,10,0.2549031748295918,0.002390827898370708,10,0.453783702455021,0.0014873272383545907,10
amm,0.5,0.0,liquidity,none,0.25486994392897916,0.002064852493892411,10,0.0006191791912694797,0.003272913378261103,10,0.00026133050996307973,0.002270807531038531,10,-0.021949231029512198,0.078617657318515,10,-0.019275404611951746,0.10242506919178994,10,0.2549031748295918,0.002390827898370708,10,0.453783702455021,0.0014873272383545907,10
amm,0.5,0.0,liquidity,position_limit,0.2548452770132785,0.002064929539386627,10,0.0006227807594918501,0.003287111347064077,10,0.0002854059184363599,0.0022767759322914736,10,-0.022188312926969322,0.07485365784470904,10,-0.01869286352543505,0.09866341851943101,10,0.25487285766767476,0.0023938895392853644,10,0.4537170629338328,0.0014865430541838687,10
amm,0.5,0.0,volatility,all,-0.00224329515673028,0.006285279226708467,10,0.006249229049603899,0.0016837457318288945,10,0.00027985487133705005,0.0013535898380664082,10,-0.010971352086316739,0.11844652753694634,10,0.01493364487097979,0.14246761727478638,10,-0.002212305149800975,0.006311100376699522,10,-0.0036367691614122566,0.00884672303864253,10
amm,0.5,0.0,volatility,circuit_breaker,0.0005106787025831799,0.00580933791614024,10,0.00510235443616943,0.001978263072262482,10,-0.0010097244553011002,0.0022900060400070288,10,0.010217422249343975,0.10809297956970969,10,0.0008470544762228277,0.13593161953708785,10,0.0005531191103629208,0.0064131997470487,10,0.0016743702210069045,0.01151721926566081,10
amm,0.5,0.0,volatility,execution_delay,-0.00222486751703704,0.006280846902590628,10,0.0062423178784272995,0.0016835274695908933,10,0.00027639934717194997,0.0013482764092536542,10,-0.01268457829292768,0.11779668108209192,10,0.01532158343155507,0.14286174798749096,10,-0.0021906236103905073,0.006306919138844998,10,-0.0035980495042442053,0.008843811086515024,10
amm,0.5,0.0,volatility,liquidity_buffer,0.0005106787025831799,0.00580933791614024,10,0.00510235443616943,0.001978263072262482,10,-0.0010097244553011002,0.0022900060400070288,10,0.010217422249343975,0.10809297956970969,10,0.0008470544762228277,0.13593161953708785,10,0.0005531191103629208,0.0064131997470487,10,0.0016743702210069045,0.01151721926566081,10
amm,0.5,0.0,volatility,none,0.0005106787025831799,0.00580933791614024,10,0.00510235443616943,0.001978263072262482,10,-0.0010097244553011002,0.0022900060400070288,10,0.010217422249343975,0.10809297956970969,10,0.0008470544762228277,0.13593161953708785,10,0.0005531191103629208,0.0064131997470487,10,0.0016743702210069045,0.01151721926566081,10
amm,0.5,0.0,volatility,position_limit,0.0004845424056601302,0.005793857031944278,10,0.0050984148745945495,0.00198073597091176,10,-0.0009878680553367803,0.002294578475783519,10,0.01108423789787035,0.10249544408508345,10,-0.0008031499032689459,0.13111519844280836,10,0.0005194049881533935,0.006401003736645344,10,0.0016015482675525883,0.011517619581595142,10
amm,0.5,0.5,fundamental,all,0.01059362954779069,0.0035141224009856737,10,0.00655334818256245,0.0014287281585713108,10,0.0017742316484895605,0.0013232918882925071,10,-0.005881301954591039,0.10417490753980366,10,-0.04529272769414585,0.0975212886814587,10,0.010629895520813847,0.003530832257983906,10,0.02311729068982531,0.0077810335329384864,10
amm,0.5,0.5,fundamental,circuit_breaker,0.01076627849923715,0.0026941097194259863,10,0.005916173546620501,0.0022739449640355406,10,-0.0005449043272376299,0.001768984946463182,10,0.006720211991156101,0.06648043945526895,10,0.03333801047736867,0.08495770932076502,10,0.010816552870131002,0.0031639558467089737,10,0.02376923094095198,0.0024923811902428095,10
amm,0.5,0.5,fundamental,execution_delay,0.01060334339301858,0.003515768296854622,10,0.00655726431039978,0.0014304873480271753,10,0.00178052511858754,0.0013217505098754492,10,-0.0073952318030181055,0.10492242859387016,10,-0.04869276368850935,0.09433782382767959,10,0.010639779606125055,0.0035319405281162937,10,0.023134335666083916,0.007785245066469319,10
amm,0.5,0.5,fundamental,liquidity_buffer,0.01076627849923715,0.0026941097194259863,10,0.005916173546620501,0.0022739449640355406,10,-0.0005449043272376299,0.001768984946463182,10,0.006720211991156101,0.06648043945526895,10,0.03333801047736867,0.08495770932076502,10,0.010816552870131002,0.0031639558467089737,10,0.02376923094095198,0.0024923811902428095,10
amm,0.5,0.5,fundamental,none,0.01076627849923715,0.0026941097194259863,10,0.005916173546620501,0.0022739449640355406,10,-0.0005449043272376299,0.001768984946463182,10,0.006720211991156101,0.06648043945526895,10,0.03333801047736867,0.08495770932076502,10,0.010816552870131002,0.0031639558467089737,10,0.02376923094095198,0.0024923811902428095,10
amm,0.5,0.5,fundamental,position_limit,0.01075538558144761,0.0027025619926559145,10,0.00594462086939517,0.0022671810856655186,10,-0.0005446681644571801,0.0017645019652195288,10,0.008668073775386764,0.06632664811106824,10,0.03286809441905184,0.08377969709095338,10,0.01080404860901647,0.003171131299967424,10,0.02375138204030579,0.002493481658244605,10
amm,0.5,0.5,liquidity,all,0.2548026296993715,0.0025267633811360884,10,0.00120178047786793,0.0015985272596913437,10,0.002903835527786951,0.0015023409173354338,10,-0.03527155923056388,0.08931246985753848,10,-0.09077314530995415,0.09897298960259689,10,0.2548299116148048,0.002550521958251877,10,0.4533229357312978,0.004281449114870487,10
amm,0.5,0.5,liquidity,circuit_breaker,0.2548616501497951,0.0020131562310359646,10,0.0019033714984038898,0.002790990650690637,10,0.00316642072624137,0.0018122639407513825,10,-0.02701280547306465,0.06353961954189193,10,-0.09317169133090683,0.06561353380436247,10,0.254899568287324,0.0023522779939173367,10,0.45374396971583586,0.001507711187826769,10
amm,0.5,0.5,liquidity,execution_delay,0.2548060412465817,0.0025280537682927677,10,0.00120956402318697,0.0016035946939951,10,0.0028990659308600897,0.0015176393666637385,10,-0.03905460138892135,0.09234656497845356,10,-0.09489523987852408,0.09842584197061797,10,0.25483345138689156,0.002551430045267614,10,0.45333379532281526,0.004277150037883926,10
amm,0.5,0.5,liquidity,liquidity_buffer,0.2548616501497951,0.0020131562310359646,10,0.0019033714984038898,0.002790990650690637,10,0.00316642072624137,0.0018122639407513825,10,-0.02701280547306465,0.06353961954189193,10,-0.09317169133090683,0.06561353380436247,10,0.254899568287324,0.0023522779939173367,10,0.45374396971583586,0.001507711187826769,10
amm,0.5,0.5,liquidity,none,0.2548616501497951,0.0020131562310359646,10,0.0019033714984038898,0.002790990650690637,10,0.00316642072624137,0.0018122639407513825,10,-0.02701280547306465,0.06353961954189193,10,-0.09317169133090683,0.06561353380436247,10,0.254899568287324,0.0023522779939173367,10,0.45374396971583586,0.001507711187826769,10
amm,0.5,0.5,liquidity,position_limit,0.2548537914601135,0.002017407363466784,10,0.0019406576133458593,0.002788611250274259,10,0.0031531789530273293,0.0017695815413271384,10,-0.025590056021112466,0.06130569937361453,10,-0.09003768781534294,0.06636108077423841,10,0.25489049613849585,0.0023557882461982746,10,0.4537410629474836,0.001507119111721064,10
amm,0.5,0.5,volatility,all,-0.00226993762778821,0.006317007099646274,10,0.0059919614771655905,0.0014760333449831992,10,0.00024573415035705054,0.001201135475293746,10,0.02077865468828754,0.09790070390458985,10,0.01527729254773733,0.13427363637060696,10,-0.002233303934089237,0.0063446631142251835,10,-0.003593478537184491,0.008868118433756155,10
amm,0.5,0.5,volatility,circuit_breaker,0.0005003913718981199,0.005777984272898996,10,0.00424795313161766,0.0017655526072979783,10,-0.0010164983412483798,0.0023414425484187896,10,0.045579913969155804,0.08085033551142813,10,-0.01248185541673547,0.08614952030195476,10,0.0005491363026207008,0.0063857733803724314,10,0.0016572160154083027,0.011531777907706924,10
amm,0.5,0.5,volatility,execution_delay,-0.00226344654755941,0.00631604013535598,10,0.00599604381022207,0.0014782058308131247,10,0.00024604000040972005,0.0012075363322427203,10,0.01910614079684273,0.09893753604806148,10,0.013652467617219347,0.1303776454464086,10,-0.0022266447596478887,0.006344184906128184,10,-0.0035827328416761063,0.008867096874103739,10
amm,0.5,0.5,volatility,liquidity_buffer,0.0005003913718981199,0.005777984272898996,10,0.00424795313161766,0.0017655526072979783,10,-0.0010164983412483798,0.0023414425484187896,10,0.045579913969155804,0.08085033551142813,10,-0.01248185541673547,0.08614952030195476,10,0.0005491363026207008,0.0063857733803724314,10,0.0016572160154083027,0.011531777907706924,10
amm,0.5,0.5,volatility,none,0.0005003913718981199,0.005777984272898996,10,0.00424795313161766,0.0017655526072979783,10,-0.0010164983412483798,0.0023414425484187896,10,0.045579913969155804,0.08085033551142813,10,-0.01248185541673547,0.08614952030195476,10,0.0005491363026207008,0.0063857733803724314,10,0.0016572160154083027,0.011531777907706924,10
amm,0.5,0.5,volatility,position_limit,0.00049738872005017,0.005768563140614915,10,0.0042671372671023895,0.0017710107328359245,10,-0.0010357951000214902,0.0023264506223224096,10,0.04847625400183453,0.07627455597187655,10,-0.007372385330337725,0.08494504224110463,10,0.0005445035282088617,0.006377526429172647,10,0.0016422307033893912,0.011527216320534819,10
amm,0.5,0.9,fundamental,all,0.01057043099041626,0.003531417176193744,10,0.006390978586768731,0.001168894102397666,10,0.0015047701499555494,0.001333024864341441,10,-0.0028757578567442806,0.09324748551171372,10,-0.03374005432226475,0.08864481653275043,10,0.010604087298008524,0.003559910773979458,10,0.02307298204254905,0.007795890800489275,10
amm,0.5,0.9,fundamental,circuit_breaker,0.010787021229295621,0.002683937886674193,10,0.005360193807306719,0.0020404025320446893,10,-0.0009072474143234403,0.0014490320771996777,10,0.014525988563913,0.05473096773809795,10,0.02629701111559336,0.03699099128914117,10,0.010839679295265381,0.003156269369033039,10,0.023765826427395453,0.0025274120756207624,10
amm,0.5,0.9,fundamental,execution_delay,0.010592893545055129,0.003530103636717897,10,0.00637283830216583,0.0011629253745992557,10,0.0015129265109056998,0.001327249377497554,10,-0.002486530026137343,0.09343844816446095,10,-0.03297681187111162,0.09133359039150149,10,0.010627475864784398,0.003555358409172231,10,0.02311612648575445,0.007792408334188727,10
amm,0.5,0.9,fundamental,liquidity_buffer,0.010787021229295621,0.002683937886674193,10,0.005360193807306719,0.0020404025320446893,10,-0.0009072474143234403,0.0014490320771996777,10,0.014525988563913,0.05473096773809795,10,0.02629701111559336,0.03699099128914117,10,0.010839679295265381,0.003156269369033039,10,0.023765826427395453,0.0025274120756207624,10
amm,0.5,0.9,fundamental,none,0.010787021229295621,0.002683937886674193,10,0.005360193807306719,0.0020404025320446893,10,-0.0009072474143234403,0.0014490320771996777,10,0.014525988563913,0.05473096773809795,10,0.02629701111559336,0.03699099128914117,10,0.010839679295265381,0.003156269369033039,10,0.023765826427395453,0.0025274120756207624,10
amm,0.5,0.9,fundamental,position_limit,0.01075013429367547,0.0026714457258972344,10,0.00538396170364892,0.002021416001636535,10,-0.0008681022053527504,0.0014745915194917729,10,0.014400711811957897,0.05501492616082841,10,0.02690590014376083,0.03690679750609212,10,0.010797772215291868,0.0031441115623973177,10,0.023693701250912136,0.002541459978808946,10
amm,0.5,0.9,liquidity,all,0.25477234961188555,0.0025322569973770304,10,0.0018140622832200192,0.0012604061130142368,10,0.00413593838428703,0.0014297767258010245,10,-0.0498460213749271,0.07626622706963108,10,-0.10474470945936551,0.09532345598614793,10,0.25479766771064044,0.0025648867842860365,10,0.45330566791571575,0.004286718183893653,10
amm,0.5,0.9,liquidity,circuit_breaker,0.254854330129065,0.0019873977846286374,10,0.0032853696149044596,0.002445843726194709,10,0.0067887293342374,0.0017366532681408605,10,-0.02513148643599942,0.04354473390128018,10,-0.06382409934242812,0.032073282684126764,10,0.25489404283901507,0.0023318006178938452,10,0.45370824903632745,0.001494434394331594,10
amm,0.5,0.9,liquidity,execution_delay,0.2547857476445577,0.002531459353958404,10,0.00183614309036536,0.0012209081099722723,10,0.00413228802430322,0.0014249034748734014,10,-0.050581189526206535,0.077699890183614,10,-0.10388926461536037,0.0948560708762941,10,0.2548117636177198,0.0025614480788435263,10,0.4533314154675006,0.004283301255294152,10
amm,0.5,0.9,liquidity,liquidity_buffer,0.254854330129065,0.0019873977846286374,10,0.0032853696149044596,0.002445843726194709,10,0.0067887293342374,0.0017366532681408605,10,-0.02513148643599942,0.04354473390128018,10,-0.06382409934242812,0.032073282684126764,10,0.25489404283901507,0.0023318006178938452,10,0.45370824903632745,0.001494434394331594,10
amm,0.5,0.9,liquidity,none,0.254854330129065,0.0019873977846286374,10,0.0032853696149044596,0.002445843726194709,10,0.0067887293342374,0.0017366532681408605,10,-0.02513148643599942,0.04354473390128018,10,-0.06382409934242812,0.032073282684126764,10,0.25489404283901507,0.0023318006178938452,10,0.45370824903632745,0.001494434394331594,10
amm,0.5,0.9,liquidity,position_limit,0.2548244201063143,0.001975555589442425,10,0.0033279417462927703,0.0024152717704794134,10,0.0067885436057463595,0.0017502455404487468,10,-0.02485212613154517,0.04358739047081222,10,-0.06313715626205288,0.031530347240990374,10,0.2548603581057457,0.0023181569910648604,10,0.45365714323744644,0.0015104925097490195,10
amm,0.5,0.9,volatility,all,-0.00227504157916111,0.006288234067091025,10,0.00549567401300617,0.0013824453025127333,10,0.00027231079044301974,0.0012453473454567712,10,0.03816371201259069,0.08639379231483342,10,-0.001614534157732527,0.13262468955625348,10,-0.00224109150236379,0.006329769250963083,10,-0.0036110981875186353,0.008835807214257963,10
amm,0.5,0.9,volatility,circuit_breaker,0.00046583403361301015,0.0057632898537719295,10,0.0032792114690293702,0.0013667009950239953,10,-0.0011054464365886799,0.001849979631845156,10,0.06823076045736295,0.06539478762356239,10,-0.00626759797409869,0.07030144160298457,10,0.0005169108417529489,0.006386911271524586,10,0.0016267300417443288,0.01152351042746445,10
amm,0.5,0.9,volatility,execution_delay,-0.00225741078458313,0.006284722928325973,10,0.0055095063011181096,0.0013856311710435428,10,0.00028517490080406997,0.0012496565778482452,10,0.03758324234920568,0.08635278085751118,10,-0.002064188451295322,0.13276373983775605,10,-0.002222523702394641,0.006324615081161554,10,-0.0035737849517404217,0.008838424699636601,10
amm,0.5,0.9,volatility,liquidity_buffer,0.00046583403361301015,0.0057632898537719295,10,0.0032792114690293702,0.0013667009950239953,10,-0.0011054464365886799,0.001849979631845156,10,0.06823076045736295,0.06539478762356239,10,-0.00626759797409869,0.07030144160298457,10,0.0005169108417529489,0.006386911271524586,10,0.0016267300417443288,0.01152351042746445,10
amm,0.5,0.9,volatility,none,0.00046583403361301015,0.0057632898537719295,10,0.0032792114690293702,0.0013667009950239953,10,-0.0011054464365886799,0.001849979631845156,10,0.06823076045736295,0.06539478762356239,10,-0.00626759797409869,0.07030144160298457,10,0.0005169108417529489,0.006386911271524586,10,0.0016267300417443288,0.01152351042746445,10
amm,0.5,0.9,volatility,position_limit,0.00043217532672550004,0.005760776997455238,10,0.0032936078835872295,0.0013416710858912754,10,-0.0010919979037340003,0.0018569843078667233,10,0.06852954281549994,0.06414896177294734,10,-0.006502293528885543,0.06816216280922303,10,0.0004782040881942562,0.006379581860211081,10,0.0015401464339201865,0.011524018692108192,10
amm,0.75,0.0,fundamental,all,0.01289212786238327,0.004037742965621023,10,0.00578918015456004,0.0012546562436573701,10,0.0003072935539946098,0.0017619278457280505,10,-0.05303700362687429,0.1923778086914206,10,-0.060943690781079196,0.10795172481807351,10,0.013557310727253802,0.004655153999364657,10,0.025775409770512937,0.0067229030028642155,10
amm,0.75,0.0,fundamental,circuit_breaker,0.0123236547612477,0.005674151376871085,10,0.00550646405110102,0.0010950395546269363,10,0.00013061617261705006,0.0015424595626286305,10,-0.015196802494594213,0.16393229202230977,10,-0.031663935065407094,0.06721619575041267,10,0.012156681458110063,0.0058365698202113145,10,0.024539534054588297,0.007514061224213762,10
amm,0.75,0.0,fundamental,execution_delay,0.01293509144832897,0.0040331617788242295,10,0.0058100730461359005,0.0012693283020045222,10,0.0003260590394409303,0.001769545858960387,10,-0.05267997901730616,0.19205025533474346,10,-0.061681853970511555,0.11059739830174711,10,0.013603737070414512,0.0046475228627546,10,0.02585880912583711,0.006712649731497931,10
amm,0.75,0.0,fundamental,liquidity_buffer,0.0123236547612477,0.005674151376871085,10,0.00550646405110102,0.0010950395546269363,10,0.00013061617261705006,0.0015424595626286305,10,-0.015196802494594213,0.16393229202230977,10,-0.031663935065407094,0.06721619575041267,10,0.012156681458110063,0.0058365698202113145,10,0.024539534054588297,0.007514061224213762,10
amm,0.75,0.0,fundamental,none,0.0123236547612477,0.005674151376871085,10,0.00550646405110102,0.0010950395546269363,10,0.00013061617261705006,0.0015424595626286305,10,-0.015196802494594213,0.16393229202230977,10,-0.031663935065407094,0.06721619575041267,10,0.012156681458110063,0.0058365698202113145,10,0.024539534054588297,0.007514061224213762,10
amm,0.75,0.0,fundamental,position_limit,0.01224196454650788,0.005674545166907744,10,0.0055056280532276404,0.0011146808256757496,10,0.0001575519853973,0.0015354988597081596,10,-0.00944695594354641,0.15703468190658199,10,-0.029463059208423098,0.06379936275213985,10,0.012064338654919082,0.005837758647704518,10,0.02437820138905731,0.007535823390782033,10
amm,0.75,0.0,liquidity,all,0.2562156980519393,0.0029032020584014223,10,-0.00021199527579997016,0.0014521730102187937,10,0.0008347401148308698,0.0018686593051782069,10,-0.041249132626529926,0.20126279669225602,10,-0.06484399511290279,0.11505604588955703,10,0.25671701402648556,0.003362792425384257,10,0.4544474359898378,0.0037262944883596143,10
amm,0.75,0.0,liquidity,circuit_breaker,0.2557125183294677,0.004100702922446024,10,0.0001401231735617201,0.0012040440193239789,10,0.00265221291265771,0.0018063264450769155,10,-0.04318594881175367,0.16621653895110433,10,-0.0751270953000794,0.05952162447612703,10,0.25558670986786847,0.004224445230505849,10,0.4538082043876246,0.004195338821627602,10
amm,0.75,0.0,liquidity,execution_delay,0.25624191628043697,0.002899754415471253,10,-0.00018404527896925972,0.0014640017846269642,10,0.0008057684066172903,0.0018894577667176737,10,-0.05630962594588901,0.1857813410705912,10,-0.06447613288575953,0.1116134966184536,10,0.25674584746008733,0.003356493947261904,10,0.4544962651748775,0.003720417462891821,10
amm,0.75,0.0,liquidity,liquidity_buffer,0.2557125183294677,0.004100702922446024,10,0.0001401231735617201,0.0012040440193239789,10,0.00265221291265771,0.0018063264450769155,10,-0.04318594881175367,0.16621653895110433,10,-0.0751270953000794,0.05952162447612703,10,0.25558670986786847,0.004224445230505849,10,0.4538082043876246,0.004195338821627602,10
amm,0.75,0.0,liquidity,none,0.2557125183294677,0.004100702922446024,10,0.0001401231735617201,0.0012040440193239789,10,0.00265221291265771,0.0018063264450769155,10,-0.04318594881175367,0.16621653895110433,10,-0.0751270953000794,0.05952162447612703,10,0.25558670986786847,0.004224445230505849,10,0.4538082043876246,0.004195338821627602,10
amm,0.75,0.0,liquidity,position_limit,0.2556715471678051,0.004100181019302893,10,0.0001470409676403701,0.001250649544476928,10,0.00265997772480776,0.0018115338031178296,10,-0.035091102431467604,0.16072068403506673,10,-0.07785879314573389,0.056485056546052105,10,0.25553771414256105,0.0042247110246509565,10,0.4536943418978484,0.004200358187148414,10
amm,0.75,0.0,volatility,all,0.00437680259596191,0.005383192441530471,10,0.00605543313888082,0.0011288063827117093,10,0.0008010468292860597,0.002908187434770091,10,0.01004113047212014,0.11178154691280878,10,-0.03644366015599839,0.12257316052695105,10,0.005047687591523342,0.005871766022551272,10,0.006578911783876806,0.008585195446012392,10
amm,0.75,0.0,volatility,circuit_breaker,0.0010907163929268502,0.006338328642009723,10,0.00599978143936063,0.0013640470100384817,10,-0.0005755682324695895,0.0010952432884877474,10,0.036477735275613224,0.13908274367103327,10,0.023366038040816422,0.16926431153224425,10,0.0009225120448161928,0.006371773491626347,10,0.0029703358264964288,0.009628890428373293,10
amm,0.75,0.0,volatility,execution_delay,0.00440571863778962,0.005381955957842444,10,0.00606521853069472,0.00114843653193754,10,0.0008007129309380602,0.0029384856078485113,10,0.010950740864606163,0.11384869521128514,10,-0.03829794685617714,0.1212314571034176,10,0.0050801007747778406,0.005868689890262922,10,0.006645921149326495,0.008572246616186717,10
amm,0.75,0.0,volatility,liquidity_buffer,0.0010907163929268502,0.006338328642009723,10,0.00599978143936063,0.0013640470100384817,10,-0.0005755682324695895,0.0010952432884877474,10,0.036477735275613224,0.13908274367103327,10,0.023366038040816422,0.16926431153224425,10,0.0009225120448161928,0.006371773491626347,10,0.0029703358264964288,0.009628890428373293,10
amm,0.75,0.0,volatility,none,0.0010907163929268502,0.006338328642009723,10,0.00599978143936063,0.0013640470100384817,10,-0.0005755682324695895,0.0010952432884877474,10,0.036477735275613224,0.13908274367103327,10,0.023366038040816422,0.16926431153224425,10,0.0009225120448161928,0.006371773491626347,10,0.0029703358264964288,0.009628890428373293,10
amm,0.75,0.0,volatility,position_limit,0.0010308369096938999,0.006319024892218744,10,0.0060039011237974695,0.0013896352191522124,10,-0.0005693642383460702,0.0011142504181533496,10,0.03847200582778373,0.13466212824946683,10,0.02644484284503349,0.15519474027376176,10,0.0008518365866449051,0.006357910012102913,10,0.002800407796128579,0.009610836563486328,10
amm,0.75,0.5,fundamental,all,0.012952420418160299,0.003982976359966037,10,0.005544910321366911,0.0011147897530355865,10,0.00019426505362840022,0.0018378651262174984,10,-0.02294481601261013,0.13043275297233412,10,0.0011091460445170787,0.07804848765625617,10,0.013609053755882705,0.004592106861869149,10,0.02580042613054485,0.0066646619255237285,10
amm,0.75,0.5,fundamental,circuit_breaker,0.01235962696327884,0.005653571865502947,10,0.00523140562544685,0.001313558045393012,10,-7.067949940449004e-05,0.0011961673021847487,10,-0.010053405483387666,0.0950569954672257,10,0.0008199565496013206,0.03545725730222366,10,0.012201929310334769,0.005805934774992394,10,0.02449714682647004,0.007460883324032212,10
amm,0.75,0.5,fundamental,execution_delay,0.01296470223181764,0.003986149101120428,10,0.00554501089046657,0.0011123822172448864,10,0.0001918539664544197,0.0018416641404007102,10,-0.02226143217810415,0.1310840919591729,10,0.0003728978946804601,0.07794216518393884,10,0.013622102893574739,0.004595979526348388,10,0.025827908354306317,0.0066622131739469265,10
amm,0.75,0.5,fundamental,liquidity_buffer,0.01235962696327884,0.005653571865502947,10,0.00523140562544685,0.001313558045393012,10,-7.067949940449004e-05,0.0011961673021847487,10,-0.010053405483387666,0.0950569954672257,10,0.0008199565496013206,0.03545725730222366,10,0.012201929310334769,0.005805934774992394,10,0.02449714682647004,0.007460883324032212,10
amm,0.75,0.5,fundamental,none,0.01235962696327884,0.005653571865502947,10,0.00523140562544685,0.001313558045393012,10,-7.067949940449004e-05,0.0011961673021847487,10,-0.010053405483387666,0.0950569954672257,10,0.0008199565496013206,0.03545725730222366,10,0.012201929310334769,0.005805934774992394,10,0.02449714682647004,0.007460883324032212,10
amm,0.75,0.5,fundamental,position_limit,0.01234267484841468,0.005648329348602138,10,0.00520708723280381,0.0013089619676393,10,-6.329348202999008e-05,0.0012050629384525956,10,-0.008626893839557141,0.09135741774251356,10,-0.0016648644676914993,0.03450869136268156,10,0.012177469035883659,0.005807043548393249,10,0.024449124485766617,0.007456496396024186,10
amm,0.75,0.5,liquidity,all,0.2562392959290373,0.0028770511011476543,10,0.0006514337464384303,0.0010589389409499971,10,0.00261513127604096,0.0020166045520753242,10,-0.0525336316986025,0.12626078592962786,10,-0.08080017169587686,0.0762478669617359,10,0.25673417511318586,0.003330310633803416,10,0.4544674799115988,0.0036738287176438116,10
amm,0.75,0.5,liquidity,circuit_breaker,0.25575326617362826,0.004093227249991396,10,0.0025601497436714,0.0015321680306319542,10,0.00794738995747846,0.0019403742156917656,10,-0.042819452530318845,0.08192262389301075,10,-0.07559339374292966,0.048032626314827416,10,0.25563444149439674,0.004210501293921555,10,0.4537731442875298,0.004164224620937412,10
amm,0.75,0.5,liquidity,execution_delay,0.2562441709477308,0.0028753794309357246,10,0.0006439107384446001,0.001051154722789106,10,0.00262114651427547,0.0019894513929763304,10,-0.05010058943284973,0.12552529155740713,10,-0.08163794464424176,0.07754175827241576,10,0.2567396343086832,0.0033289887842536973,10,0.4544748718380884,0.0036731970289025323,10
amm,0.75,0.5,liquidity,liquidity_buffer,0.25575326617362826,0.004093227249991396,10,0.0025601497436714,0.0015321680306319542,10,0.00794738995747846,0.0019403742156917656,10,-0.042819452530318845,0.08192262389301075,10,-0.07559339374292966,0.048032626314827416,10,0.25563444149439674,0.004210501293921555,10,0.4537731442875298,0.004164224620937412,10
amm,0.75,0.5,liquidity,none,0.25575326617362826,0.004093227249991396,10,0.0025601497436714,0.0015321680306319542,10,0.00794738995747846,0.0019403742156917656,10,-0.042819452530318845,0.08192262389301075,10,-0.07559339374292966,0.048032626314827416,10,0.25563444149439674,0.004210501293921555,10,0.4537731442875298,0.004164224620937412,10
amm,0.75,0.5,liquidity,position_limit,0.2557436318179733,0.00408152512805934,10,0.00256142606983571,0.0015535751661421519,10,0.00794513461887747,0.001828173862303024,10,-0.041252085347641784,0.07950365633359506,10,-0.07411517444641119,0.04577195885291347,10,0.25561915153045445,0.004203654914027261,10,0.4537473394620413,0.004160119482830902,10
amm,0.75,0.5,volatility,all,0.00439129236041065,0.005376009290310054,10,0.00548413801328855,0.0012541406095937211,10,0.0005681951171030204,0.0027013697743379778,10,0.0814570329179721,0.08283432144283796,10,0.0059840687829417006,0.1183603866610564,10,0.005053532659388971,0.005862667324735268,10,0.006644847406302323,0.008573384862042259,10
amm,0.75,0.5,volatility,circuit_breaker,0.0010639329678395401,0.00629343636392504,10,0.00450249118915343,0.0012210681392343479,10,-0.00039445857820097975,0.0011387681890483847,10,0.10896684881613845,0.11463997020177115,10,-0.00871037993763451,0.06815303696717986,10,0.0009050708698006172,0.006322209074577494,10,0.0029370146640275486,0.009594879532873761,10
amm,0.75,0.5,volatility,execution_delay,0.00439787661407349,0.005376486433800959,10,0.00548255213124933,0.0012372620908152165,10,0.0005634119409941197,0.002686473638419833,10,0.08199355149800722,0.08290008620237403,10,0.005685476228142032,0.11858620275001606,10,0.005060900250067379,0.005862960129870817,10,0.006659354380319793,0.008568835063759508,10
amm,0.75,0.5,volatility,liquidity_buffer,0.0010639329678395401,0.00629343636392504,10,0.00450249118915343,0.0012210681392343479,10,-0.00039445857820097975,0.0011387681890483847,10,0.10896684881613845,0.11463997020177115,10,-0.00871037993763451,0.06815303696717986,10,0.0009050708698006172,0.006322209074577494,10,0.0029370146640275486,0.009594879532873761,10
amm,0.75,0.5,volatility,none,0.0010639329678395401,0.00629343636392504,10,0.00450249118915343,0.0012210681392343479,10,-0.00039445857820097975,0.0011387681890483847,10,0.10896684881613845,0.11463997020177115,10,-0.00871037993763451,0.06815303696717986,10,0.0009050708698006172,0.006322209074577494,10,0.0029370146640275486,0.009594879532873761,10
amm,0.75,0.5,volatility,position_limit,0.00105777828172951,0.006286303389235469,10,0.00446920493738856,0.0012161025982400542,10,-0.00044315137756298015,0.001112372621113212,10,0.10933638370426065,0.11392700554784764,10,-0.005011722802065371,0.06606738458048912,10,0.0008913359055771952,0.006318856958515142,10,0.002895622415097465,0.009605004878212526,10
amm,0.75,0.9,fundamental,all,0.012882808022319258,0.004004973407814971,10,0.0052810804814154705,0.0009063502851547401,10,-5.296956750699966e-06,0.0018030521746677096,10,-0.00855150368423152,0.09340287717041187,10,0.0034644683381765034,0.07599839300961647,10,0.013526727368187086,0.004601269922783946,10,0.025701688424358816,0.006641234016797809,10
amm,0.75,0.9,fundamental,circuit_breaker,0.01228640087776276,0.005653251284932729,10,0.00449460203870194,0.0017388616732517226,10,-0.0007078204040353598,0.0015387066697217656,10,-0.00390912736141681,0.056535282310774614,10,0.0018830384476321003,0.03636050976747868,10,0.012120160785226186,0.005821807086450783,10,0.024376218304878648,0.00749344813543078,10
amm,0.75,0.9,fundamental,execution_delay,0.01291975746814085,0.0040035220981469,10,0.00529476381651333,0.0008992738035740635,10,-2.6519553123501015e-06,0.0018084715864514647,10,-0.012002501723970242,0.09367223467962607,10,0.0016957070879227807,0.0763373887247922,10,0.01357031368686068,0.004597227295604965,10,0.025776992950436794,0.0066372037786365,10
amm,0.75,0.9,fundamental,liquidity_buffer,0.01228640087776276,0.005653251284932729,10,0.00449460203870194,0.0017388616732517226,10,-0.0007078204040353598,0.0015387066697217656,10,-0.00390912736141681,0.056535282310774614,10,0.0018830384476321003,0.03636050976747868,10,0.012120160785226186,0.005821807086450783,10,0.024376218304878648,0.00749344813543078,10
amm,0.75,0.9,fundamental,none,0.01228640087776276,0.005653251284932729,10,0.00449460203870194,0.0017388616732517226,10,-0.0007078204040353598,0.0015387066697217656,10,-0.00390912736141681,0.056535282310774614,10,0.0018830384476321003,0.03636050976747868,10,0.012120160785226186,0.005821807086450783,10,0.024376218304878648,0.00749344813543078,10
amm,0.75,0.9,fundamental,position_limit,0.01221135613533628,0.005586908063105512,10,0.004420372728933421,0.0016507366004252487,10,-0.0007210295180616995,0.0014858800639814425,10,-0.0019937769570652726,0.05434846468440135,10,0.0025045190586896497,0.034773134961098684,10,0.012043833091764211,0.0057509518931881205,10,0.024237402977026812,0.007422769832026679,10
amm,0.75,0.9,liquidity,all,0.25620055149702803,0.0029032407519120613,10,0.0019121125083779895,0.0009694387521071927,10,0.0049981091692864596,0.002128091206721185,10,-0.04181430264737329,0.07747865358472923,10,-0.07822062340146026,0.07268189643571964,10,0.25668582416354635,0.0033494824052015732,10,0.4544203987454541,0.00365689671898703,10
amm,0.75,0.9,liquidity,circuit_breaker,0.2556969935910664,0.004094662623232702,10,0.00497303100016766,0.0021211144331825848,10,0.013847470747591569,0.003110763615287321,10,-0.029112142115722293,0.04828480082845695,10,-0.042593907038417145,0.0435833957357731,10,0.2555717345145868,0.004223968176411832,10,0.45364090365393206,0.004174868116939544,10
amm,0.75,0.9,liquidity,execution_delay,0.25622168648536675,0.002900156935240004,10,0.0019277453540270599,0.0009562570171884842,10,0.005053641795998841,0.002147173402866317,10,-0.04360311045041633,0.07774390762745607,10,-0.08038835331857967,0.07226939719889273,10,0.25671196512889033,0.003344498486781621,10,0.45446120492844744,0.0036598437768252438,10
amm,0.75,0.9,liquidity,liquidity_buffer,0.2556969935910664,0.004094662623232702,10,0.00497303100016766,0.0021211144331825848,10,0.013847470747591569,0.003110763615287321,10,-0.029112142115722293,0.04828480082845695,10,-0.042593907038417145,0.0435833957357731,10,0.2555717345145868,0.004223968176411832,10,0.45364090365393206,0.004174868116939544,10
amm,0.75,0.9,liquidity,none,0.2556969935910664,0.004094662623232702,10,0.00497303100016766,0.0021211144331825848,10,0.013847470747591569,0.003110763615287321,10,-0.029112142115722293,0.04828480082845695,10,-0.042593907038417145,0.0435833957357731,10,0.2555717345145868,0.004223968176411832,10,0.45364090365393206,0.004174868116939544,10
amm,0.75,0.9,liquidity,position_limit,0.2556489408256331,0.004042527796034387,10,0.00492458986765407,0.002045460832726829,10,0.01378220103787956,0.002836324784014424,10,-0.0283815763858137,0.046139322872370804,10,-0.04194841174568102,0.04148196527857486,10,0.25552271773287627,0.0041681253426602265,10,0.4535172844894514,0.004111566991291828,10
amm,0.75,0.9,volatility,all,0.004323080030538299,0.005425401347492404,10,0.00476552573527342,0.001335145729979473,10,0.0004190069239561396,0.0025026101687171017,10,0.1020444098569516,0.06364597833264297,10,0.01305500072153482,0.10992246101985963,10,0.004972468984284206,0.005904995130265622,10,0.006532997364982129,0.008611897755315713,10
amm,0.75,0.9,volatility,circuit_breaker,0.0010183260527427801,0.006313739533603923,10,0.0028969735921225,0.0014222232531739443,10,-0.0005956633294596393,0.0018554623418497122,10,0.09159071421849911,0.08072031947890893,10,-0.0057264027480742625,0.041485744410147775,10,0.0008508942006041909,0.006346193226476354,10,0.0028024594178138853,0.009626917323904737,10
amm,0.75,0.9,volatility,execution_delay,0.00435629297358665,0.005425092043199893,10,0.00478103703904729,0.001323409134538858,10,0.00041086048769153996,0.002501124542087728,10,0.09818058596326648,0.06660499056329672,10,0.011047335166941409,0.11082255895672041,10,0.005012368014109247,0.005904557216276019,10,0.006606914902368255,0.00858759434521017,10
amm,0.75,0.9,volatility,liquidity_buffer,0.0010183260527427801,0.006313739533603923,10,0.0028969735921225,0.0014222232531739443,10,-0.0005956633294596393,0.0018554623418497122,10,0.09159071421849911,0.08072031947890893,10,-0.0057264027480742625,0.041485744410147775,10,0.0008508942006041909,0.006346193226476354,10,0.0028024594178138853,0.009626917323904737,10
amm,0.75,0.9,volatility,none,0.0010183260527427801,0.006313739533603923,10,0.0028969735921225,0.0014222232531739443,10,-0.0005956633294596393,0.0018554623418497122,10,0.09159071421849911,0.08072031947890893,10,-0.0057264027480742625,0.041485744410147775,10,0.0008508942006041909,0.006346193226476354,10,0.0028024594178138853,0.009626917323904737,10
amm,0.75,0.9,volatility,position_limit,0.00094297388426249,0.006285839143533983,10,0.0028242089283672302,0.0013942956522279893,10,-0.0006677435325477899,0.0018243907969906763,10,0.09411247304593241,0.08145180819737677,10,-0.0033301397293289013,0.03916290511724513,10,0.0007742207566346027,0.00631662654097754,10,0.00259415769702831,0.009712954589746947,10
traditional,0.0,0.0,fundamental,all,0.00072966382560122,0.0012333526444065815,10,0.00643397835151305,0.0023524993312980407,10,-0.00032320574106804966,0.0029488898098520766,10,-0.03244045455244585,0.14886750157088227,10,-0.024740518808326763,0.13125886279427418,10,0.000742102900810726,0.0013668838322550766,10,0.0006092817470593314,0.0017820382591718776,10
traditional,0.0,0.0,fundamental,circuit_breaker,0.00072966382560122,0.0012333526444065815,10,0.00643397835151305,0.0023524993312980407,10,-0.00032320574106804966,0.0029488898098520766,10,-0.03244045455244585,0.14886750157088227,10,-0.024740518808326763,0.13125886279427418,10,0.000742102900810726,0.0013668838322550766,10,0.0006092817470593314,0.0017820382591718776,10
traditional,0.0,0.0,fundamental,execution_delay,0.00072966382560122,0.0012333526444065815,10,0.00643397835151305,0.0023524993312980407,10,-0.00032320574106804966,0.0029488898098520766,10,-0.03244045455244585,0.14886750157088227,10,-0.024740518808326763,0.13125886279427418,10,0.000742102900810726,0.0013668838322550766,10,0.0006092817470593314,0.0017820382591718776,10
traditional,0.0,0.0,fundamental,liquidity_buffer,0.00072966382560122,0.0012333526444065815,10,0.00643397835151305,0.0023524993312980407,10,-0.00032320574106804966,0.0029488898098520766,10,-0.03244045455244585,0.14886750157088227,10,-0.024740518808326763,0.13125886279427418,10,0.000742102900810726,0.0013668838322550766,10,0.0006092817470593314,0.0017820382591718776,10
traditional,0.0,0.0,fundamental,none,0.00072966382560122,0.0012333526444065815,10,0.00643397835151305,0.0023524993312980407,10,-0.00032320574106804966,0.0029488898098520766,10,-0.03244045455244585,0.14886750157088227,10,-0.024740518808326763,0.13125886279427418,10,0.000742102900810726,0.0013668838322550766,10,0.0006092817470593314,0.0017820382591718776,10
traditional,0.0,0.0,fundamental,position_limit,0.00072966382560122,0.0012333526444065815,10,0.00643397835151305,0.0023524993312980407,10,-0.00032320574106804966,0.0029488898098520766,10,-0.03244045455244585,0.14886750157088227,10,-0.024740518808326763,0.13125886279427418,10,0.000742102900810726,0.0013668838322550766,10,0.0006092817470593314,0.0017820382591718776,10
traditional,0.0,0.0,liquidity,all,0.4454412636826121,0.0006076838865102221,10,0.0011490911232025802,0.0025310971627969954,10,-0.00032106311879741,0.0029479302185997144,10,-0.03256604996136929,0.14883588219986552,10,-0.024771994309707678,0.13127676790123732,10,0.44544822904767417,0.0006321055535969284,10,0.12347141677709095,0.0015829502549246062,10
traditional,0.0,0.0,liquidity,circuit_breaker,0.961428817781243,5.0480360110784655e-05,10,0.0014165574140299496,0.00260216322071886,10,-0.00031421062115506005,0.0029530177359654275,10,-0.0358396728261047,0.14781599854345087,10,-0.024754052340603197,0.13116907926301102,10,0.9614292970388517,5.6045841489741694e-05,10,0.2689051446611173,0.0014531902345054342,10
traditional,0.0,0.0,liquidity,execution_delay,0.961428817781243,5.0480360110784655e-05,10,0.0014165574140299496,0.00260216322071886,10,-0.00031421062115506005,0.0029530177359654275,10,-0.0358396728261047,0.14781599854345087,10,-0.024754052340603197,0.13116907926301102,10,0.9614292970388517,5.6045841489741694e-05,10,0.2689051446611173,0.0014531902345054342,10
traditional,0.0,0.0,liquidity,liquidity_buffer,0.4454412636826121,0.0006076838865102221,10,0.0011490911232025802,0.0025310971627969954,10,-0.00032106311879741,0.0029479302185997144,10,-0.03256604996136929,0.14883588219986552,10,-0.024771994309707678,0.13127676790123732,10,0.44544822904767417,0.0006321055535969284,10,0.12347141677709095,0.0015829502549246062,10
traditional,0.0,0.0,liquidity,none,0.961428817781243,5.0480360110784655e-05,10,0.0014165574140299496,0.00260216322071886,10,-0.00031421062115506005,0.0029530177359654275,10,-0.0358396728261047,0.14781599854345087,10,-0.024754052340603197,0.13116907926301102,10,0.9614292970388517,5.6045841489741694e-05,10,0.2689051446611173,0.0014531902345054342,10
traditional,0.0,0.0,liquidity,position_limit,0.961428817781243,5.0480360110784655e-05,10,0.0014165574140299496,0.00260216322071886,10,-0.00031421062115506005,0.0029530177359654275,10,-0.0358396728261047,0.14781599854345087,10,-0.024754052340603197,0.13116907926301102,10,0.9614292970388517,5.6045841489741694e-05,10,0.2689051446611173,0.0014531902345054342,10
traditional,0.0,0.0,volatility,all,0.00320396948369999,0.0009850738859078887,10,0.01299406044771249,0.0018522452116364518,10,0.0018582662388746708,0.0034005410536966634,10,-0.020123402460376354,0.11199164205868627,10,0.02039468914929615,0.1590237296506734,10,0.003216497604238089,0.0010248405034950288,10,0.0036460142665469043,0.0014817674887844523,10
traditional,0.0,0.0,volatility,circuit_breaker,0.00320396948369999,0.0009850738859078887,10,0.01299406044771249,0.0018522452116364518,10,0.0018582662388746708,0.0034005410536966634,10,-0.020123402460376354,0.11199164205868627,10,0.02039468914929615,0.1590237296506734,10,0.003216497604238089,0.0010248405034950288,10,0.0036460142665469043,0.0014817674887844523,10
traditional,0.0,0.0,volatility,execution_delay,0.00320396948369999,0.0009850738859078887,10,0.01299406044771249,0.0018522452116364518,10,0.0018582662388746708,0.0034005410536966634,10,-0.020123402460376354,0.11199164205868627,10,0.02039468914929615,0.1590237296506734,10,0.003216497604238089,0.0010248405034950288,10,0.0036460142665469043,0.0014817674887844523,10
traditional,0.0,0.0,volatility,liquidity_buffer,0.00320396948369999,0.0009850738859078887,10,0.01299406044771249,0.0018522452116364518,10,0.0018582662388746708,0.0034005410536966634,10,-0.020123402460376354,0.11199164205868627,10,0.02039468914929615,0.1590237296506734,10,0.003216497604238089,0.0010248405034950288,10,0.0036460142665469043,0.0014817674887844523,10
traditional,0.0,0.0,volatility,none,0.00320396948369999,0.0009850738859078887,10,0.01299406044771249,0.0018522452116364518,10,0.0018582662388746708,0.0034005410536966634,10,-0.020123402460376354,0.11199164205868627,10,0.02039468914929615,0.1590237296506734,10,0.003216497604238089,0.0010248405034950288,10,0.0036460142665469043,0.0014817674887844523,10
traditional,0.0,0.0,volatility,position_limit,0.00320396948369999,0.0009850738859078887,10,0.01299406044771249,0.0018522452116364518,10,0.0018582662388746708,0.0034005410536966634,10,-0.020123402460376354,0.11199164205868627,10,0.02039468914929615,0.1590237296506734,10,0.003216497604238089,0.0010248405034950288,10,0.0036460142665469043,0.0014817674887844523,10
traditional,0.0,0.5,fundamental,all,0.00072966382560122,0.0012333526444065815,10,0.00643397835151305,0.0023524993312980407,10,-0.00032320574106804966,0.0029488898098520766,10,-0.03244045455244585,0.14886750157088227,10,-0.024740518808326763,0.13125886279427418,10,0.000742102900810726,0.0013668838322550766,10,0.0006092817470593314,0.0017820382591718776,10
traditional,0.0,0.5,fundamental,circuit_breaker,0.00072966382560122,0.0012333526444065815,10,0.00643397835151305,0.0023524993312980407,10,-0.00032320574106804966,0.0029488898098520766,10,-0.03244045455244585,0.14886750157088227,10,-0.024740518808326763,0.13125886279427418,10,0.000742102900810726,0.0013668838322550766,10,0.0006092817470593314,0.0017820382591718776,10
traditional,0.0,0.5,fundamental,execution_delay,0.00072966382560122,0.0012333526444065815,10,0.00643397835151305,0.0023524993312980407,10,-0.00032320574106804966,0.0029488898098520766,10,-0.03244045455244585,0.14886750157088227,10,-0.024740518808326763,0.13125886279427418,10,0.000742102900810726,0.0013668838322550766,10,0.0006092817470593314,0.0017820382591718776,10
traditional,0.0,0.5,fundamental,liquidity_buffer,0.00072966382560122,0.0012333526444065815,10,0.00643397835151305,0.0023524993312980407,10,-0.00032320574106804966,0.0029488898098520766,10,-0.03244045455244585,0.14886750157088227,10,-0.024740518808326763,0.13125886279427418,10,0.000742102900810726,0.0013668838322550766,10,0.0006092817470593314,0.0017820382591718776,10
traditional,0.0,0.5,fundamental,none,0.00072966382560122,0.0012333526444065815,10,0.00643397835151305,0.0023524993312980407,10,-0.00032320574106804966,0.0029488898098520766,10,-0.03244045455244585,0.14886750157088227,10,-0.024740518808326763,0.13125886279427418,10,0.000742102900810726,0.0013668838322550766,10,0.0006092817470593314,0.0017820382591718776,10
traditional,0.0,0.5,fundamental,position_limit,0.00072966382560122,0.0012333526444065815,10,0.00643397835151305,0.0023524993312980407,10,-0.00032320574106804966,0.0029488898098520766,10,-0.03244045455244585,0.14886750157088227,10,-0.024740518808326763,0.13125886279427418,10,0.000742102900810726,0.0013668838322550766,10,0.0006092817470593314,0.0017820382591718776,10
traditional,0.0,0.5,liquidity,all,0.4454412636826121,0.0006076838865102221,10,0.0011490911232025802,0.0025310971627969954,10,-0.00032106311879741,0.0029479302185997144,10,-0.03256604996136929,0.14883588219986552,10,-0.024771994309707678,0.13127676790123732,10,0.44544822904767417,0.0006321055535969284,10,0.12347141677709095,0.0015829502549246062,10
traditional,0.0,0.5,liquidity,circuit_breaker,0.961428817781243,5.0480360110784655e-05,10,0.0014165574140299496,0.00260216322071886,10,-0.00031421062115506005,0.0029530177359654275,10,-0.0358396728261047,0.14781599854345087,10,-0.024754052340603197,0.13116907926301102,10,0.9614292970388517,5.6045841489741694e-05,10,0.2689051446611173,0.0014531902345054342,10
traditional,0.0,0.5,liquidity,execution_delay,0.961428817781243,5.0480360110784655e-05,10,0.0014165574140299496,0.00260216322071886,10,-0.00031421062115506005,0.0029530177359654275,10,-0.0358396728261047,0.14781599854345087,10,-0.024754052340603197,0.13116907926301102,10,0.9614292970388517,5.6045841489741694e-05,10,0.2689051446611173,0.0014531902345054342,10
traditional,0.0,0.5,liquidity,liquidity_buffer,0.4454412636826121,0.0006076838865102221,10,0.0011490911232025802,0.0025310971627969954,10,-0.00032106311879741,0.0029479302185997144,10,-0.03256604996136929,0.14883588219986552,10,-0.024771994309707678,0.13127676790123732,10,0.44544822904767417,0.0006321055535969284,10,0.12347141677709095,0.0015829502549246062,10
traditional,0.0,0.5,liquidity,none,0.961428817781243,5.0480360110784655e-05,10,0.0014165574140299496,0.00260216322071886,10,-0.00031421062115506005,0.0029530177359654275,10,-0.0358396728261047,0.14781599854345087,10,-0.024754052340603197,0.13116907926301102,10,0.9614292970388517,5.6045841489741694e-05,10,0.2689051446611173,0.0014531902345054342,10
traditional,0.0,0.5,liquidity,position_limit,0.961428817781243,5.0480360110784655e-05,10,0.0014165574140299496,0.00260216322071886,10,-0.00031421062115506005,0.0029530177359654275,10,-0.0358396728261047,0.14781599854345087,10,-0.024754052340603197,0.13116907926301102,10,0.9614292970388517,5.6045841489741694e-05,10,0.2689051446611173,0.0014531902345054342,10
traditional,0.0,0.5,volatility,all,0.00320396948369999,0.0009850738859078887,10,0.01299406044771249,0.0018522452116364518,10,0.0018582662388746708,0.0034005410536966634,10,-0.020123402460376354,0.11199164205868627,10,0.02039468914929615,0.1590237296506734,10,0.003216497604238089,0.0010248405034950288,10,0.0036460142665469043,0.0014817674887844523,10
traditional,0.0,0.5,volatility,circuit_breaker,0.00320396948369999,0.0009850738859078887,10,0.01299406044771249,0.0018522452116364518,10,0.0018582662388746708,0.0034005410536966634,10,-0.020123402460376354,0.11199164205868627,10,0.02039468914929615,0.1590237296506734,10,0.003216497604238089,0.0010248405034950288,10,0.0036460142665469043,0.0014817674887844523,10
traditional,0.0,0.5,volatility,execution_delay,0.00320396948369999,0.0009850738859078887,10,0.01299406044771249,0.0018522452116364518,10,0.0018582662388746708,0.0034005410536966634,10,-0.020123402460376354,0.11199164205868627,10,0.02039468914929615,0.1590237296506734,10,0.003216497604238089,0.0010248405034950288,10,0.0036460142665469043,0.0014817674887844523,10
traditional,0.0,0.5,volatility,liquidity_buffer,0.00320396948369999,0.0009850738859078887,10,0.01299406044771249,0.0018522452116364518,10,0.0018582662388746708,0.0034005410536966634,10,-0.020123402460376354,0.11199164205868627,10,0.02039468914929615,0.1590237296506734,10,0.003216497604238089,0.0010248405034950288,10,0.0036460142665469043,0.0014817674887844523,10
traditional,0.0,0.5,volatility,none,0.00320396948369999,0.0009850738859078887,10,0.01299406044771249,0.0018522452116364518,10,0.0018582662388746708,0.0034005410536966634,10,-0.020123402460376354,0.11199164205868627,10,0.02039468914929615,0.1590237296506734,10,0.003216497604238089,0.0010248405034950288,10,0.0036460142665469043,0.0014817674887844523,10
traditional,0.0,0.5,volatility,position_limit,0.00320396948369999,0.0009850738859078887,10,0.01299406044771249,0.0018522452116364518,10,0.0018582662388746708,0.0034005410536966634,10,-0.020123402460376354,0.11199164205868627,10,0.02039468914929615,0.1590237296506734,10,0.003216497604238089,0.0010248405034950288,10,0.0036460142665469043,0.0014817674887844523,10
traditional,0.0,0.9,fundamental,all,0.00072966382560122,0.0012333526444065815,10,0.00643397835151305,0.0023524993312980407,10,-0.00032320574106804966,0.0029488898098520766,10,-0.03244045455244585,0.14886750157088227,10,-0.024740518808326763,0.13125886279427418,10,0.000742102900810726,0.0013668838322550766,10,0.0006092817470593314,0.0017820382591718776,10
traditional,0.0,0.9,fundamental,circuit_breaker,0.00072966382560122,0.0012333526444065815,10,0.00643397835151305,0.0023524993312980407,10,-0.00032320574106804966,0.0029488898098520766,10,-0.03244045455244585,0.14886750157088227,10,-0.024740518808326763,0.13125886279427418,10,0.000742102900810726,0.0013668838322550766,10,0.0006092817470593314,0.0017820382591718776,10
traditional,0.0,0.9,fundamental,execution_delay,0.00072966382560122,0.0012333526444065815,10,0.00643397835151305,0.0023524993312980407,10,-0.00032320574106804966,0.0029488898098520766,10,-0.03244045455244585,0.14886750157088227,10,-0.024740518808326763,0.13125886279427418,10,0.000742102900810726,0.0013668838322550766,10,0.0006092817470593314,0.0017820382591718776,10
traditional,0.0,0.9,fundamental,liquidity_buffer,0.00072966382560122,0.0012333526444065815,10,0.00643397835151305,0.0023524993312980407,10,-0.00032320574106804966,0.0029488898098520766,10,-0.03244045455244585,0.14886750157088227,10,-0.024740518808326763,0.13125886279427418,10,0.000742102900810726,0.0013668838322550766,10,0.0006092817470593314,0.0017820382591718776,10
traditional,0.0,0.9,fundamental,none,0.00072966382560122,0.0012333526444065815,10,0.00643397835151305,0.0023524993312980407,10,-0.00032320574106804966,0.0029488898098520766,10,-0.03244045455244585,0.14886750157088227,10,-0.024740518808326763,0.13125886279427418,10,0.000742102900810726,0.0013668838322550766,10,0.0006092817470593314,0.0017820382591718776,10
traditional,0.0,0.9,fundamental,position_limit,0.00072966382560122,0.0012333526444065815,10,0.00643397835151305,0.0023524993312980407,10,-0.00032320574106804966,0.0029488898098520766,10,-0.03244045455244585,0.14886750157088227,10,-0.024740518808326763,0.13125886279427418,10,0.000742102900810726,0.0013668838322550766,10,0.0006092817470593314,0.0017820382591718776,10
traditional,0.0,0.9,liquidity,all,0.4454412636826121,0.0006076838865102221,10,0.0011490911232025802,0.0025310971627969954,10,-0.00032106311879741,0.0029479302185997144,10,-0.03256604996136929,0.14883588219986552,10,-0.024771994309707678,0.13127676790123732,10,0.44544822904767417,0.0006321055535969284,10,0.12347141677709095,0.0015829502549246062,10
traditional,0.0,0.9,liquidity,circuit_breaker,0.961428817781243,5.0480360110784655e-05,10,0.0014165574140299496,0.00260216322071886,10,-0.00031421062115506005,0.0029530177359654275,10,-0.0358396728261047,0.14781599854345087,10,-0.024754052340603197,0.13116907926301102,10,0.9614292970388517,5.6045841489741694e-05,10,0.2689051446611173,0.0014531902345054342,10
traditional,0.0,0.9,liquidity,execution_delay,0.961428817781243,5.0480360110784655e-05,10,0.0014165574140299496,0.00260216322071886,10,-0.00031421062115506005,0.0029530177359654275,10,-0.0358396728261047,0.14781599854345087,10,-0.024754052340603197,0.13116907926301102,10,0.9614292970388517,5.6045841489741694e-05,10,0.2689051446611173,0.0014531902345054342,10
traditional,0.0,0.9,liquidity,liquidity_buffer,0.4454412636826121,0.0006076838865102221,10,0.0011490911232025802,0.0025310971627969954,10,-0.00032106311879741,0.0029479302185997144,10,-0.03256604996136929,0.14883588219986552,10,-0.024771994309707678,0.13127676790123732,10,0.44544822904767417,0.0006321055535969284,10,0.12347141677709095,0.0015829502549246062,10
traditional,0.0,0.9,liquidity,none,0.961428817781243,5.0480360110784655e-05,10,0.0014165574140299496,0.00260216322071886,10,-0.00031421062115506005,0.0029530177359654275,10,-0.0358396728261047,0.14781599854345087,10,-0.024754052340603197,0.13116907926301102,10,0.9614292970388517,5.6045841489741694e-05,10,0.2689051446611173,0.0014531902345054342,10
traditional,0.0,0.9,liquidity,position_limit,0.961428817781243,5.0480360110784655e-05,10,0.0014165574140299496,0.00260216322071886,10,-0.00031421062115506005,0.0029530177359654275,10,-0.0358396728261047,0.14781599854345087,10,-0.024754052340603197,0.13116907926301102,10,0.9614292970388517,5.6045841489741694e-05,10,0.2689051446611173,0.0014531902345054342,10
traditional,0.0,0.9,volatility,all,0.00320396948369999,0.0009850738859078887,10,0.01299406044771249,0.0018522452116364518,10,0.0018582662388746708,0.0034005410536966634,10,-0.020123402460376354,0.11199164205868627,10,0.02039468914929615,0.1590237296506734,10,0.003216497604238089,0.0010248405034950288,10,0.0036460142665469043,0.0014817674887844523,10
traditional,0.0,0.9,volatility,circuit_breaker,0.00320396948369999,0.0009850738859078887,10,0.01299406044771249,0.0018522452116364518,10,0.0018582662388746708,0.0034005410536966634,10,-0.020123402460376354,0.11199164205868627,10,0.02039468914929615,0.1590237296506734,10,0.003216497604238089,0.0010248405034950288,10,0.0036460142665469043,0.0014817674887844523,10
traditional,0.0,0.9,volatility,execution_delay,0.00320396948369999,0.0009850738859078887,10,0.01299406044771249,0.0018522452116364518,10,0.0018582662388746708,0.0034005410536966634,10,-0.020123402460376354,0.11199164205868627,10,0.02039468914929615,0.1590237296506734,10,0.003216497604238089,0.0010248405034950288,10,0.0036460142665469043,0.0014817674887844523,10
traditional,0.0,0.9,volatility,liquidity_buffer,0.00320396948369999,0.0009850738859078887,10,0.01299406044771249,0.0018522452116364518,10,0.0018582662388746708,0.0034005410536966634,10,-0.020123402460376354,0.11199164205868627,10,0.02039468914929615,0.1590237296506734,10,0.003216497604238089,0.0010248405034950288,10,0.0036460142665469043,0.0014817674887844523,10
traditional,0.0,0.9,volatility,none,0.00320396948369999,0.0009850738859078887,10,0.01299406044771249,0.0018522452116364518,10,0.0018582662388746708,0.0034005410536966634,10,-0.020123402460376354,0.11199164205868627,10,0.02039468914929615,0.1590237296506734,10,0.003216497604238089,0.0010248405034950288,10,0.0036460142665469043,0.0014817674887844523,10
traditional,0.0,0.9,volatility,position_limit,0.00320396948369999,0.0009850738859078887,10,0.01299406044771249,0.0018522452116364518,10,0.0018582662388746708,0.0034005410536966634,10,-0.020123402460376354,0.11199164205868627,10,0.02039468914929615,0.1590237296506734,10,0.003216497604238089,0.0010248405034950288,10,0.0036460142665469043,0.0014817674887844523,10
traditional,0.25,0.0,fundamental,all,0.0012814446144719402,0.0017249181245645173,10,0.0035959738799687295,0.0029839764088758023,10,-0.0013343256177386802,0.0061234876053861765,10,0.04436150023016372,0.10814736450119594,10,0.033763290313998114,0.11663371509106836,10,0.0013281801912531145,0.001791599540355818,10,0.0008105852079094312,0.002076622044596703,10
traditional,0.25,0.0,fundamental,circuit_breaker,0.000981747553985364,0.0015085843420225016,10,0.00564745514083005,0.004155072906758724,10,-0.0004690082750527798,0.004249923980926361,10,-0.002122794848713206,0.07848465033521645,10,-0.012990340856802254,0.11626246192972538,10,0.0010050532553613767,0.001350715305156188,10,0.0006663378069413084,0.0018076654619946161,10
traditional,0.25,0.0,fundamental,execution_delay,0.00128483186022573,0.0017261976867046797,10,0.0035960032216724807,0.002984340319228393,10,-0.00133442729155974,0.006123686671502221,10,0.044354069910432004,0.10813610846951228,10,0.03376263131739285,0.11663325721918169,10,0.00133125207520709,0.0017936972806300014,10,0.0008116063482582536,0.0020788806528832787,10
traditional,0.25,0.0,fundamental,liquidity_buffer,0.000981747553985364,0.0015085843420225016,10,0.00564745514083005,0.004155072906758724,10,-0.0004690082750527798,0.004249923980926361,10,-0.002122794848713206,0.07848465033521645,10,-0.012990340856802254,0.11626246192972538,10,0.0010050532553613767,0.001350715305156188,10,0.0006663378069413084,0.0018076654619946161,10
traditional,0.25,0.0,fundamental,none,0.000981747553985364,0.0015085843420225016,10,0.00564745514083005,0.004155072906758724,10,-0.0004690082750527798,0.004249923980926361,10,-0.002122794848713206,0.07848465033521645,10,-0.012990340856802254,0.11626246192972538,10,0.0010050532553613767,0.001350715305156188,10,0.0006663378069413084,0.0018076654619946161,10
traditional,0.25,0.0,fundamental,position_limit,0.0009854652784224796,0.0015056397146881425,10,0.005647519996726269,0.004155684918106888,10,-0.0004691872338963305,0.004250238621555858,10,-0.002119613961412805,0.07849051518953143,10,-0.01299173263368376,0.1162634449012028,10,0.0010089086611209442,0.0013482046103516193,10,0.0006699702335572488,0.0018027500980421656,10
traditional,0.25,0.0,liquidity,all,0.4444164289340785,0.000899918007734279,10,-0.0016756803152991203,0.0031713160985863,10,-0.0013336389662474601,0.006125423311307143,10,0.0441107988049827,0.10788534479138047,10,0.03389216747532085,0.1166718782298066,10,0.4444425270582827,0.0008717685587185326,10,0.12326962915517448,0.0019219569807676137,10
traditional,0.25,0.0,liquidity,circuit_breaker,0.9614800923093118,7.817319217653395e-05,10,0.00288419116874893,0.004579012131037268,10,-0.0004100810008679498,0.00429405868975441,10,-0.06321605212083274,0.09527872492845514,10,-0.013892506447230757,0.1141949289079944,10,0.961480994894322,7.140990971964177e-05,10,0.26942548996475235,0.0016643047953839214,10
traditional,0.25,0.0,liquidity,execution_delay,0.9614486953799284,6.85390956874523e-05,10,-0.0008395275752834206,0.0030935536780690226,10,-0.00131537959687828,0.006121503844833628,10,0.022748334541216005,0.10403585663585435,10,0.03355557051817466,0.11631109630102163,10,0.9614504870339727,7.120130955653665e-05,10,0.26917219185743135,0.001701063777470806,10
traditional,0.25,0.0,liquidity,liquidity_buffer,0.4443820592229595,0.0011004932802272877,10,0.0005873537122454999,0.004197557390223386,10,-0.00047151314603866983,0.004251817161392572,10,-0.0023615228789805745,0.07839521082060984,10,-0.012735654566082447,0.11607607774844665,10,0.444395143035391,0.0009591091408034181,10,0.12304298836773123,0.0015327070958920605,10
traditional,0.25,0.0,liquidity,none,0.9614800923093118,7.817319217653395e-05,10,0.00288419116874893,0.004579012131037268,10,-0.0004100810008679498,0.00429405868975441,10,-0.06321605212083274,0.09527872492845514,10,-0.013892506447230757,0.1141949289079944,10,0.961480994894322,7.140990971964177e-05,10,0.26942548996475235,0.0016643047953839214,10
traditional,0.25,0.0,liquidity,position_limit,0.9614797799199424,7.785777072834334e-05,10,0.0028611015339720996,0.004571215367513106,10,-0.0004118097918650402,0.004293744331870281,10,-0.06245503242293723,0.0954390100313193,10,-0.013816406344488769,0.11422072591825737,10,0.9614806878003372,7.110068882080867e-05,10,0.26941548557733974,0.0016531188456025258,10
traditional,0.25,0.0,volatility,all,0.00370441190878633,0.0014785343206865985,10,0.01003355955229098,0.0032574341873998717,10,-0.0027698348924781,0.0044743503520967435,10,0.027004748850721967,0.11764961746432442,10,0.07467762911886652,0.13388472972418108,10,0.0037510748327237997,0.001526260750162742,10,0.002494149972631021,0.0020787781265800783,10
traditional,0.25,0.0,volatility,circuit_breaker,0.00417461671672766,0.0013586627906982088,10,0.012914103301026289,0.0034852572876415,10,0.00136927071311553,0.004596836882988308,10,-0.04003422065569456,0.10384030827846007,10,-0.012286245645329229,0.06713929127155494,10,0.0041977773564831344,0.0012464294385968213,10,0.004077627468377076,0.00203702892231608,10
traditional,0.25,0.0,volatility,execution_delay,0.0037097504888088197,0.0014775464730169708,10,0.010033803595219281,0.003257314573465357,10,-0.00276959316667211,0.004474725202353816,10,0.0269996108434008,0.11765913875357753,10,0.07466894131835969,0.13388823027850397,10,0.0037560997112969564,0.001525601812106209,10,0.0024951306330917135,0.0020748863772184073,10
traditional,0.25,0.0,volatility,liquidity_buffer,0.00417461671672766,0.0013586627906982088,10,0.012914103301026289,0.0034852572876415,10,0.00136927071311553,0.004596836882988308,10,-0.04003422065569456,0.10384030827846007,10,-0.012286245645329229,0.06713929127155494,10,0.0041977773564831344,0.0012464294385968213,10,0.004077627468377076,0.00203702892231608,10
traditional,0.25,0.0,volatility,none,0.00417461671672766,0.0013586627906982088,10,0.012914103301026289,0.0034852572876415,10,0.00136927071311553,0.004596836882988308,10,-0.04003422065569456,0.10384030827846007,10,-0.012286245645329229,0.06713929127155494,10,0.0041977773564831344,0.0012464294385968213,10,0.004077627468377076,0.00203702892231608,10
traditional,0.25,0.0,volatility,position_limit,0.00417557414674604,0.0013574175210016354,10,0.012913831883794,0.0034853404250342443,10,0.0013689728056162395,0.004597100561999267,10,-0.040030337833734796,0.103841489428512,10,-0.012276595760985878,0.06713914211571126,10,0.004198872818916022,0.001245261195515033,10,0.004074524956026682,0.0020382339810494916,10
traditional,0.25,0.5,fundamental,all,0.00113956329622926,0.0017283906696925833,10,0.0035986683411431295,0.0029792264553914357,10,-0.001327151998081,0.006121482176891348,10,0.044557364200385065,0.10817370813661897,10,0.0334773898452019,0.1163821049067291,10,0.0011952854161440762,0.0017760635050042392,10,0.0006979024649422461,0.002130609339279737,10
traditional,0.25,0.5,fundamental,circuit_breaker,0.0008341785681738299,0.00133345794933266,10,0.00565459783241288,0.00416316453104029,10,-0.0004782382291368204,0.004244241093726457,10,-0.0019523212961284273,0.07721174229347257,10,-0.012138031460047929,0.11681838665271989,10,0.0008380542627768773,0.0012856539612479414,10,0.00043236582338500583,0.001636372371778848,10
traditional,0.25,0.5,fundamental,execution_delay,0.00113900650015934,0.0017284329600320205,10,0.0035984954613463003,0.002979257115841967,10,-0.0013271932566640398,0.006121586207002773,10,0.044551678320548994,0.10817496753012507,10,0.03347925545122819,0.11638315766501411,10,0.0011946047395062997,0.0017761744649064657,10,0.0006973160311820825,0.0021306233488372624,10
traditional,0.25,0.5,fundamental,liquidity_buffer,0.0008341785681738299,0.00133345794933266,10,0.00565459783241288,0.00416316453104029,10,-0.0004782382291368204,0.004244241093726457,10,-0.0019523212961284273,0.07721174229347257,10,-0.012138031460047929,0.11681838665271989,10,0.0008380542627768773,0.0012856539612479414,10,0.00043236582338500583,0.001636372371778848,10
traditional,0.25,0.5,fundamental,none,0.0008341785681738299,0.00133345794933266,10,0.00565459783241288,0.00416316453104029,10,-0.0004782382291368204,0.004244241093726457,10,-0.0019523212961284273,0.07721174229347257,10,-0.012138031460047929,0.11681838665271989,10,0.0008380542627768773,0.0012856539612479414,10,0.00043236582338500583,0.001636372371778848,10
traditional,0.25,0.5,fundamental,position_limit,0.0008343761337514801,0.0013335227125593455,10,0.0056546896635175,0.004163344743880004,10,-0.00047793272191711986,0.004244257475131885,10,-0.0019529258595363177,0.07721377443139715,10,-0.01214604574550733,0.11682073862033336,10,0.0008387144016350878,0.0012847451248344335,10,0.00043157699961552385,0.001634112603601959,10
traditional,0.25,0.5,liquidity,all,0.4439063970003742,0.0008955320768752897,10,-0.0016702207778982396,0.0031698890600503483,10,-0.0013250051579174302,0.0061258203642278325,10,0.04438803931855552,0.1079390530485115,10,0.03352247064431778,0.11640219954361675,10,0.44393749454902237,0.0008721288804447197,10,0.12312402555620132,0.001974888961586445,10
traditional,0.25,0.5,liquidity,circuit_breaker,0.9614837244414824,7.190169966348924e-05,10,0.00478421192754777,0.004433406217158956,10,-0.00040112669326136023,0.004256462802459033,10,-0.11012015894083922,0.08662094398872855,10,-0.01269556474473943,0.11478924091406686,10,0.9614838752478674,6.97378860823829e-05,10,0.26954067235400814,0.0014492656364268163,10
traditional,0.25,0.5,liquidity,execution_delay,0.9614512152456591,6.97932524604036e-05,10,-0.00024455585554601005,0.0030776912980253496,10,-0.0013036437067577102,0.006143199669524402,10,0.009173359906997513,0.10459968981699386,10,0.03291621149596643,0.11619994512581654,10,0.9614533608967999,7.157848608381355e-05,10,0.26917832289008403,0.0017820324687553575,10
traditional,0.25,0.5,liquidity,liquidity_buffer,0.44307823798298596,0.0009408654519240525,10,0.0006124991413595001,0.004204163921950566,10,-0.00048033445721660985,0.004242895918969182,10,-0.002899238285599101,0.07692438603449973,10,-0.011829773438813451,0.11666099522808371,10,0.44308057074885915,0.0007951234196468533,10,0.12271396435708312,0.0013737438274961551,10
traditional,0.25,0.5,liquidity,none,0.9614837244414824,7.190169966348924e-05,10,0.00478421192754777,0.004433406217158956,10,-0.00040112669326136023,0.004256462802459033,10,-0.11012015894083922,0.08662094398872855,10,-0.01269556474473943,0.11478924091406686,10,0.9614838752478674,6.97378860823829e-05,10,0.26954067235400814,0.0014492656364268163,10
traditional,0.25,0.5,liquidity,position_limit,0.9614836055175789,7.17589583220667e-05,10,0.004775367216605009,0.004433948364645485,10,-0.00040304896067972027,0.004254083404231159,10,-0.10998374719207094,0.0865669781387778,10,-0.012677893435111396,0.11480156685524752,10,0.9614837741777592,6.955054381452841e-05,10,0.2695356426687766,0.001444141679878219,10
traditional,0.25,0.5,volatility,all,0.00350351201845472,0.0014371293711161629,10,0.01003736327614653,0.0032433283822290034,10,-0.00277022239291085,0.00445585614166187,10,0.02692862013797447,0.1176161434023465,10,0.07491308527796002,0.1339232304562745,10,0.0035591312003519283,0.001472351951581978,10,0.0024567482677587014,0.0019248806472861209,10
traditional,0.25,0.5,volatility,circuit_breaker,0.00360164092755338,0.001250167147501426,10,0.01290478508415267,0.003497323925961047,10,0.0013684215888667395,0.004616282307578483,10,-0.03942971274633295,0.10344084509013629,10,-0.01174836347827768,0.06628896781405866,10,0.0036054785706382876,0.0012242562120655164,10,0.0035841765671205004,0.001736646185593734,10
traditional,0.25,0.5,volatility,execution_delay,0.0035045134244523998,0.0014362350601890823,10,0.01003740486472848,0.0032433143553259334,10,-0.0027703416936469107,0.004455864699114501,10,0.026925016662143635,0.11762007688100663,10,0.07490879639616158,0.13392842853080722,10,0.003560009255971841,0.0014713192396851285,10,0.002456779504562123,0.0019244628358434503,10
traditional,0.25,0.5,volatility,liquidity_buffer,0.00360164092755338,0.001250167147501426,10,0.01290478508415267,0.003497323925961047,10,0.0013684215888667395,0.004616282307578483,10,-0.03942971274633295,0.10344084509013629,10,-0.01174836347827768,0.06628896781405866,10,0.0036054785706382876,0.0012242562120655164,10,0.0035841765671205004,0.001736646185593734,10
traditional,0.25,0.5,volatility,none,0.00360164092755338,0.001250167147501426,10,0.01290478508415267,0.003497323925961047,10,0.0013684215888667395,0.004616282307578483,10,-0.03942971274633295,0.10344084509013629,10,-0.01174836347827768,0.06628896781405866,10,0.0036054785706382876,0.0012242562120655164,10,0.0035841765671205004,0.001736646185593734,10
traditional,0.25,0.5,volatility,position_limit,0.00360116760663443,0.0012498937090059756,10,0.012904870774521779,0.00349737034653245,10,0.0013683318097882798,0.004616251243611529,10,-0.039431496413784566,0.10344138132326555,10,-0.011744513120309242,0.06629019317419262,10,0.003605466094722176,0.0012233641101590642,10,0.003582804751795876,0.0017376049897132428,10
traditional,0.25,0.9,fundamental,all,0.00102726508845471,0.0016884916778524286,10,0.0036010933576344703,0.002975481348156093,10,-0.0013212262948398398,0.006119188362076591,10,0.04472907016268242,0.10818589337708051,10,0.033216746151482034,0.11617027664086801,10,0.0010784995554997344,0.001708537000577458,10,0.0005427932654421208,0.0020919362561691145,10
traditional,0.25,0.9,fundamental,circuit_breaker,0.0006467319459959994,0.001283674948560022,10,0.00565961273483123,0.004167592998612233,10,-0.0004865315753357002,0.004237720113517115,10,-0.0017650576729714824,0.07618542643382954,10,-0.01140526045311607,0.1173079108296069,10,0.0006365337322172815,0.0013134580942270107,10,9.022442493136217e-05,0.0017080737963725643,10
traditional,0.25,0.9,fundamental,execution_delay,0.00102840213976871,0.0016887952562542113,10,0.003600578068601959,0.002974905097928105,10,-0.0013212139715911403,0.006119789899925262,10,0.044704023030159835,0.10819461156142927,10,0.03323872482197093,0.11617169645249828,10,0.0010785755333050152,0.0017084208675995913,10,0.000541266972826282,0.0020984721397249036,10
traditional,0.25,0.9,fundamental,liquidity_buffer,0.0006467319459959994,0.001283674948560022,10,0.00565961273483123,0.004167592998612233,10,-0.0004865315753357002,0.004237720113517115,10,-0.0017650576729714824,0.07618542643382954,10,-0.01140526045311607,0.1173079108296069,10,0.0006365337322172815,0.0013134580942270107,10,9.022442493136217e-05,0.0017080737963725643,10
traditional,0.25,0.9,fundamental,none,0.0006467319459959994,0.001283674948560022,10,0.00565961273483123,0.004167592998612233,10,-0.0004865315753357002,0.004237720113517115,10,-0.0017650576729714824,0.07618542643382954,10,-0.01140526045311607,0.1173079108296069,10,0.0006365337322172815,0.0013134580942270107,10,9.022442493136217e-05,0.0017080737963725643,10
traditional,0.25,0.9,fundamental,position_limit,0.0006466820807919233,0.0012843973890888413,10,0.00565975566657396,0.00416815001431948,10,-0.0004851215086212397,0.004237088201637362,10,-0.0017500013389966118,0.07619305335095986,10,-0.011413795294703414,0.11731180002682527,10,0.0006383179239635606,0.0013092610877859993,10,9.091230031036402e-05,0.0016995573706888975,10
traditional,0.25,0.9,liquidity,all,0.4430962764529999,0.00088280201030152,10,-0.0016621764858974896,0.0031692282823427274,10,-0.0013171849763192398,0.006125299660620707,10,0.04452226328541608,0.10796047227356813,10,0.03314987473445381,0.11616902186797486,10,0.4431248963774421,0.0008537645623917009,10,0.12288770379432476,0.0019451578395579124,10
traditional,0.25,0.9,liquidity,circuit_breaker,0.961516838355766,7.006598511900627e-05,10,0.00883901432324312,0.004333762010155106,10,-0.00034771022188251983,0.004224345691204262,10,-0.1782590710913181,0.072477119991878,10,-0.01328465356090372,0.11553573237648726,10,0.9615164457907829,7.07921381025681e-05,10,0.26998592006837663,0.0014794924493347621,10
traditional,0.25,0.9,liquidity,execution_delay,0.961462144301624,6.781939754760732e-05,10,0.0009897499045911098,0.0031603566959202373,10,-0.0012859310884560202,0.006160468981123805,10,-0.0209529189559096,0.103394352709247,10,0.032119617693249974,0.11606526365854644,10,0.9614640799110937,6.851928313815371e-05,10,0.26929973606655555,0.0018117767756559541,10
traditional,0.25,0.9,liquidity,liquidity_buffer,0.441265788385091,0.0008904007622026514,10,0.0006470902661049507,0.004205891172318595,10,-0.00048494021292390995,0.00423374944075534,10,-0.0038418989678519234,0.07587863514205188,10,-0.011191155035491743,0.1171898674269054,10,0.4412602968362048,0.0007452803040853677,10,0.12214123048250387,0.0013470846784185892,10
traditional,0.25,0.9,liquidity,none,0.961516838355766,7.006598511900627e-05,10,0.00883901432324312,0.004333762010155106,10,-0.00034771022188251983,0.004224345691204262,10,-0.1782590710913181,0.072477119991878,10,-0.01328465356090372,0.11553573237648726,10,0.9615164457907829,7.07921381025681e-05,10,0.26998592006837663,0.0014794924493347621,10
traditional,0.25,0.9,liquidity,position_limit,0.9615159008995302,6.994424327257572e-05,10,0.008764829715321651,0.00436186360368864,10,-0.0003595021332016498,0.004210506813661017,10,-0.1774568127942722,0.07235469043423444,10,-0.013101960220654255,0.11556439806318441,10,0.961515579338814,7.03017154286405e-05,10,0.2699678027250224,0.0014591990381716423,10
traditional,0.25,0.9,volatility,all,0.00331510547142342,0.001392870823863232,10,0.010039786455988041,0.003231165991210508,10,-0.0027705788920186097,0.0044396019887711306,10,0.02689587809686539,0.11756528876941315,10,0.0750799148784301,0.13392376297318967,10,0.003366232381240708,0.0014094289226471417,10,0.0023742327156189404,0.0017828942616759172,10
traditional,0.25,0.9,volatility,circuit_breaker,0.00321352506025971,0.0012114099626204403,10,0.01289380655427036,0.003506055983929013,10,0.00136679683530451,0.004630495864301337,10,-0.03871797990188191,0.10304003683606619,10,-0.011234997482756238,0.06562666856795313,10,0.0032033205211548397,0.0012714288918541968,10,0.0032629460623292417,0.001714201286847718,10
traditional,0.25,0.9,volatility,execution_delay,0.00331956089945156,0.0013886072902118214,10,0.01004016225357118,0.003231131899220066,10,-0.0027706214347277204,0.004440048596369899,10,0.026883617517228044,0.11758309174040792,10,0.07506617302730553,0.13394030900145887,10,0.003369629160633747,0.001404581899060812,10,0.002374137628212092,0.0017852380118539143,10
traditional,0.25,0.9,volatility,liquidity_buffer,0.00321352506025971,0.0012114099626204403,10,0.01289380655427036,0.003506055983929013,10,0.00136679683530451,0.004630495864301337,10,-0.03871797990188191,0.10304003683606619,10,-0.011234997482756238,0.06562666856795313,10,0.0032033205211548397,0.0012714288918541968,10,0.0032629460623292417,0.001714201286847718,10
traditional,0.25,0.9,volatility,none,0.00321352506025971,0.0012114099626204403,10,0.01289380655427036,0.003506055983929013,10,0.00136679683530451,0.004630495864301337,10,-0.03871797990188191,0.10304003683606619,10,-0.011234997482756238,0.06562666856795313,10,0.0032033205211548397,0.0012714288918541968,10,0.0032629460623292417,0.001714201286847718,10
traditional,0.25,0.9,volatility,position_limit,0.00321182754955035,0.0012070513773320157,10,0.012894167834895331,0.003505677338904691,10,0.00136624674472812,0.004629485955104116,10,-0.03871262497227542,0.10304623005919801,10,-0.011223424269553611,0.06564298029257237,10,0.003203449949287207,0.001264315102527811,10,0.0032622317470225814,0.0017129536388614294,10
traditional,0.5,0.0,fundamental,all,0.00033317856551986,0.0016397042643144367,10,0.004719286086337241,0.0021067884629831107,10,0.00142605790406346,0.0034197403389579256,10,0.006706316529978893,0.08834683520648622,10,0.005673101853069398,0.12773666506406117,10,0.0002427459362229878,0.0016788687750123655,10,0.0007768465664521162,0.002315742937515046,10
traditional,0.5,0.0,fundamental,circuit_breaker,0.00119555766249555,0.0015098083946081047,10,0.0058626890861646404,0.002891923552152781,10,0.0006149152269879603,0.004694670027963004,10,-0.04696328811321682,0.08648917201766225,10,-0.04878857309394649,0.13097668217009434,10,0.0010920257827456092,0.001495557994431848,10,0.0013899472174172423,0.002316455589870672,10
traditional,0.5,0.0,fundamental,execution_delay,0.00033062026181443,0.0016434387314673423,10,0.004718926049767621,0.002107235599203241,10,0.0014262406498277403,0.0034199893960785975,10,0.006705043839937845,0.08833398607053333,10,0.005680613843539964,0.1277337194518695,10,0.00023999332282594876,0.0016831241520154309,10,0.000778255068149114,0.0023236821065665556,10
traditional,0.5,0.0,fundamental,liquidity_buffer,0.00119555766249555,0.0015098083946081047,10,0.0058626890861646404,0.002891923552152781,10,0.0006149152269879603,0.004694670027963004,10,-0.04696328811321682,0.08648917201766225,10,-0.04878857309394649,0.13097668217009434,10,0.0010920257827456092,0.001495557994431848,10,0.0013899472174172423,0.002316455589870672,10
traditional,0.5,0.0,fundamental,none,0.00119555766249555,0.0015098083946081047,10,0.0058626890861646404,0.002891923552152781,10,0.0006149152269879603,0.004694670027963004,10,-0.04696328811321682,0.08648917201766225,10,-0.04878857309394649,0.13097668217009434,10,0.0010920257827456092,0.001495557994431848,10,0.0013899472174172423,0.002316455589870672,10
traditional,0.5,0.0,fundamental,position_limit,0.00119477844150043,0.0015128963081970455,10,0.005862985912708051,0.0028917407022870326,10,0.0006151868386061706,0.0046949186477115296,10,-0.04696572258375365,0.08647292383266841,10,-0.048790896067563844,0.1309754595083717,10,0.0010900110579522115,0.001497984824413196,10,0.0013941617097773863,0.0023171154002611305,10
traditional,0.5,0.0,liquidity,all,0.44416494363186015,0.0009096374945518802,10,-0.0005652376338331096,0.002028093171311288,10,0.0014328256073050008,0.0034211269045399902,10,0.006545833377487887,0.08797578113677369,10,0.005508958479490678,0.12766460169572952,10,0.44411459531301006,0.0009742716105528359,10,0.12330686834554663,0.0021664202158307396,10
traditional,0.5,0.0,liquidity,circuit_breaker,0.9619217307868752,0.00021851395456396407,10,0.02940391962671038,0.015227119870071401,10,0.00232482401732798,0.004254132670188926,10,-0.1711030330785321,0.18343683001418518,10,-0.025867547297640226,0.21575379072023143,10,0.9619177990024349,0.00021550907330293107,10,0.2812827806468369,0.00818150363139995,10
traditional,0.5,0.0,liquidity,execution_delay,0.9614366671811096,6.283565475597609e-05,10,0.0015897918486044104,0.002653304034591641,10,0.0015000337340822908,0.0034067000138352996,10,-0.03632720124717534,0.08919256803795117,10,0.0034149569838757164,0.12790979767291646,10,0.961433173241657,6.297060723264215e-05,10,0.26965995357037337,0.0019092691365746233,10
traditional,0.5,0.0,liquidity,liquidity_buffer,0.4433415518436714,0.0008186950910230987,10,0.00076832169374402,0.0026022695569937987,10,0.0006202064070756099,0.004693578615082398,10,-0.04748474265785545,0.08657655127579837,10,-0.04881076210339004,0.13116947320199043,10,0.44328380067178347,0.0008480198680822704,10,0.12335178850505575,0.002142293563618912,10
traditional,0.5,0.0,liquidity,none,0.9619426245974247,0.00026367100256795723,10,0.02961475765021828,0.01572616812878539,10,0.0021781776529053096,0.0042618423007996665,10,-0.1853932329221326,0.17246887049733514,10,-0.044021575745034125,0.17089593822503057,10,0.9619387038561941,0.00025979443735034185,10,0.2804193034830652,0.005649888428222379,10
traditional,0.5,0.0,liquidity,position_limit,0.961894097765318,0.00020253986247169213,10,0.024848087378667942,0.009301124190105453,10,0.0014770346644520703,0.0045298253441263345,10,-0.222926595975297,0.11247104981015019,10,-0.06424801204956396,0.13587051018255455,10,0.9618901142064921,0.000199640107835358,10,0.2780154191730204,0.0025699918548638214,10
traditional,0.5,0.0,volatility,all,0.0033401237074019902,0.0016047336826661045,10,0.0121595938721329,0.0013030153895583776,10,4.652674611469055e-05,0.0038562228270950074,10,0.016851563812299138,0.1213947183146858,10,0.044628411300303775,0.1034801331102377,10,0.0032498947802540147,0.0016898981675087079,10,0.0030727193801710186,0.0016658315811284923,10
traditional,0.5,0.0,volatility,circuit_breaker,0.0047839773767441,0.0024223411745733763,10,0.013625613530393021,0.003278291361197896,10,0.0004968477701087699,0.002928750038714132,10,-0.018859350510892804,0.09916327034377632,10,-0.021276529506591025,0.1241713989325081,10,0.004680969718045591,0.0023428272723987984,10,0.004372589215008216,0.001328982729048696,10
traditional,0.5,0.0,volatility,execution_delay,0.0033462419450128802,0.0016075491790552778,10,0.01215984545152569,0.0013029296492349245,10,4.6421027600330145e-05,0.003856397920447607,10,0.016852302496636655,0.12137363788272919,10,0.04464186381666589,0.1034657336153637,10,0.003255819830392093,0.0016933342179154586,10,0.003081089159072259,0.0016698661937875007,10
traditional,0.5,0.0,volatility,liquidity_buffer,0.0047839773767441,0.0024223411745733763,10,0.013625613530393021,0.003278291361197896,10,0.0004968477701087699,0.002928750038714132,10,-0.018859350510892804,0.09916327034377632,10,-0.021276529506591025,0.1241713989325081,10,0.004680969718045591,0.0023428272723987984,10,0.004372589215008216,0.001328982729048696,10
traditional,0.5,0.0,volatility,none,0.0047839773767441,0.0024223411745733763,10,0.013625613530393021,0.003278291361197896,10,0.0004968477701087699,0.002928750038714132,10,-0.018859350510892804,0.09916327034377632,10,-0.021276529506591025,0.1241713989325081,10,0.004680969718045591,0.0023428272723987984,10,0.004372589215008216,0.001328982729048696,10
traditional,0.5,0.0,volatility,position_limit,0.00477682231210906,0.0024131280672165844,10,0.013626064373952912,0.003277701187070664,10,0.0004969773861636196,0.0029287923408736326,10,-0.01885282233697866,0.09914570841215069,10,-0.021273658681325667,0.12416991472602183,10,0.004672579904405472,0.002334286485312166,10,0.004368403466880255,0.0013282404944998224,10
traditional,0.5,0.5,fundamental,all,9.985984428970002e-05,0.0015211426723800462,10,0.00472179490123494,0.002106703525044658,10,0.0014400909809449398,0.0033949667894549317,10,0.006482675101573093,0.0891589048031806,10,0.004217670841536611,0.1282578926616661,10,9.980054343472489e-06,0.001542967753951923,10,0.00033278603187840704,0.00218361524796423,10
traditional,0.5,0.5,fundamental,circuit_breaker,0.0007742251428785901,0.001546604540630482,10,0.005825323552571709,0.0029099872837481744,10,0.0006045020326650799,0.004690057374102998,10,-0.04452274534192813,0.0857033894048927,10,-0.04774817850723445,0.12909309648471626,10,0.0006933063951567009,0.0015406119881432576,10,0.0007969711240551792,0.002590281742372825,10
traditional,0.5,0.5,fundamental,execution_delay,9.950540647083003e-05,0.0015212285318333242,10,0.00472175158981448,0.002106787578103643,10,0.0014400447827047596,0.003395016165682734,10,0.006481313560922177,0.0891557270867147,10,0.004222866199970049,0.12825763960567324,10,9.625923207079445e-06,0.0015431345820325383,10,0.00033328530845478933,0.002183543002681857,10
traditional,0.5,0.5,fundamental,liquidity_buffer,0.0007742251428785901,0.001546604540630482,10,0.005825323552571709,0.0029099872837481744,10,0.0006045020326650799,0.004690057374102998,10,-0.04452274534192813,0.0857033894048927,10,-0.04774817850723445,0.12909309648471626,10,0.0006933063951567009,0.0015406119881432576,10,0.0007969711240551792,0.002590281742372825,10
traditional,0.5,0.5,fundamental,none,0.0007742251428785901,0.001546604540630482,10,0.005825323552571709,0.0029099872837481744,10,0.0006045020326650799,0.004690057374102998,10,-0.04452274534192813,0.0857033894048927,10,-0.04774817850723445,0.12909309648471626,10,0.0006933063951567009,0.0015406119881432576,10,0.0007969711240551792,0.002590281742372825,10
traditional,0.5,0.5,fundamental,position_limit,0.0007735587554656999,0.0015458292112964448,10,0.00582548194121677,0.0029099723686688036,10,0.00060487321771381,0.0046899146703297595,10,-0.04453248737574027,0.08569796706001712,10,-0.04775828472051007,0.12908053112811857,10,0.0006926430434172515,0.0015398281454426343,10,0.0007974403517974182,0.002588605745439838,10
traditional,0.5,0.5,liquidity,all,0.4428464844700966,0.0008486143428599285,10,-0.0005537261782959201,0.0020317950050590073,10,0.0014491640886189398,0.0033936164357072536,10,0.00617202954504034,0.08868829032995501,10,0.003864531318225381,0.12820718419264499,10,0.44279636476941137,0.000887614839451938,10,0.1227393202029619,0.0020532295446924497,10
traditional,0.5,0.5,liquidity,circuit_breaker,0.961989319825306,0.0001914008589141465,10,0.03766220675146996,0.012859366428155968,10,0.00352944140908453,0.004785011268886798,10,-0.20866887369761936,0.1966377425852983,10,-0.008463104196079483,0.2422945171976333,10,0.9619862647954569,0.00018620069505146083,10,0.2818413165061937,0.006920393464158609,10
traditional,0.5,0.5,liquidity,execution_delay,0.9614536975302211,5.9298959227940046e-05,10,0.0036828053385421903,0.0027098368558902373,10,0.0015419010717865498,0.0033854433285465052,10,-0.08926240024730332,0.08908029753369344,10,0.0014139537722180906,0.12841908679520775,10,0.9614502334327971,5.958181325025066e-05,10,0.269580649310833,0.0017596595948010199,10
traditional,0.5,0.5,liquidity,liquidity_buffer,0.44032073536740224,0.0007335993435752527,10,0.0007458021964865501,0.002626705264658896,10,0.0006222412463719798,0.004688004983471206,10,-0.04542160774586956,0.08655808648158847,10,-0.048325286214628914,0.12918978313700208,10,0.4402753706735069,0.0007638327209779041,10,0.12241828991681883,0.002292945164688105,10
traditional,0.5,0.5,liquidity,none,0.9620221883036552,0.00024266886356782606,10,0.039091601989945726,0.014868561825114498,10,0.0030441248013714697,0.004004143198784405,10,-0.21262622655394403,0.19194140827746595,10,-0.043476363255698466,0.1765093790451976,10,0.9620191424115612,0.00023747484972578173,10,0.28191691571390554,0.005230890920488124,10
traditional,0.5,0.5,liquidity,position_limit,0.9619807249242693,0.0001851836507218596,10,0.034752173360119744,0.009267395207364606,10,0.00206746062154278,0.0044683356213002234,10,-0.24133517398503573,0.13031210660843784,10,-0.07777949786720899,0.13683837345159264,10,0.9619776683317246,0.00018003101116921118,10,0.27951911470775814,0.0021575110137460204,10
traditional,0.5,0.5,volatility,all,0.00293172978030808,0.0015910128871344173,10,0.01214153058249303,0.0012910981487319986,10,5.993507078493974e-05,0.0038534317177286452,10,0.01686802480237529,0.12206519313495244,10,0.04424027720511406,0.10473563120795587,10,0.0028420639507362733,0.0016394967423189965,10,0.0028137401605442423,0.0017284635541585946,10
traditional,0.5,0.5,volatility,circuit_breaker,0.003974160879990907,0.0022105751541081978,10,0.013593979281539732,0.00328227393414239,10,0.0005043091110168199,0.002951141673790044,10,-0.016960948684319927,0.09749413309927991,10,-0.021086840815784547,0.126648715548043,10,0.0038935956132351013,0.0021586489560273176,10,0.0036648600056881087,0.0018019587819392137,10
traditional,0.5,0.5,volatility,execution_delay,0.00293558021895744,0.0015935010932118328,10,0.01214181600987337,0.0012911611151774408,10,5.996080327585942e-05,0.00385341841735072,10,0.016865030768509065,0.12206270938544206,10,0.04423940160224141,0.10473344556888634,10,0.0028459149587599097,0.0016420658383668628,10,0.0028170783998151872,0.001729296434701618,10
traditional,0.5,0.5,volatility,liquidity_buffer,0.003974160879990907,0.0022105751541081978,10,0.013593979281539732,0.00328227393414239,10,0.0005043091110168199,0.002951141673790044,10,-0.016960948684319927,0.09749413309927991,10,-0.021086840815784547,0.126648715548043,10,0.0038935956132351013,0.0021586489560273176,10,0.0036648600056881087,0.0018019587819392137,10
traditional,0.5,0.5,volatility,none,0.003974160879990907,0.0022105751541081978,10,0.013593979281539732,0.00328227393414239,10,0.0005043091110168199,0.002951141673790044,10,-0.016960948684319927,0.09749413309927991,10,-0.021086840815784547,0.126648715548043,10,0.0038935956132351013,0.0021586489560273176,10,0.0036648600056881087,0.0018019587819392137,10
traditional,0.5,0.5,volatility,position_limit,0.003971900383082658,0.0022076175240045735,10,0.013593976656015711,0.003281740822488942,10,0.0005042541065449398,0.0029509270068948344,10,-0.01695828313394037,0.09748177344904449,10,-0.021088763090419363,0.12665104744885713,10,0.00389133772583814,0.002155762476185826,10,0.003663822273645334,0.0017999959795863818,10
traditional,0.5,0.9,fundamental,all,-0.00011900054512040997,0.0014515679510982847,10,0.00472361628472308,0.002105839621959122,10,0.00145054968011331,0.0033751309256546927,10,0.006277740871489958,0.0898664493393305,10,0.003072833116506378,0.12862765422478847,10,-0.00019490778463709946,0.0014908667807897412,10,-4.062766847262589e-05,0.002227854118161383,10
traditional,0.5,0.9,fundamental,circuit_breaker,0.00037196300358380996,0.0016552302798892625,10,0.00579147878248744,0.0029250801148681185,10,0.0005919577927170898,0.004686991103369057,10,-0.04217075781028986,0.08498951494770643,10,-0.046510485879940486,0.12724743837187605,10,0.0002845410577026919,0.0017389679098043017,10,0.00015632658214083107,0.002998473711501552,10
traditional,0.5,0.9,fundamental,execution_delay,-0.00012009555720705,0.0014474169346177855,10,0.00472359682516424,0.0021053040384034533,10,0.00145029572163536,0.0033746045109483065,10,0.006283611376258882,0.08982964888603027,10,0.0031007337475133347,0.12861380931341876,10,-0.00019645733857568404,0.001487876670683393,10,-4.596150554110334e-05,0.0022227794479599424,10
traditional,0.5,0.9,fundamental,liquidity_buffer,0.00037196300358380996,0.0016552302798892625,10,0.00579147878248744,0.0029250801148681185,10,0.0005919577927170898,0.004686991103369057,10,-0.04217075781028986,0.08498951494770643,10,-0.046510485879940486,0.12724743837187605,10,0.0002845410577026919,0.0017389679098043017,10,0.00015632658214083107,0.002998473711501552,10
traditional,0.5,0.9,fundamental,none,0.00037196300358380996,0.0016552302798892625,10,0.00579147878248744,0.0029250801148681185,10,0.0005919577927170898,0.004686991103369057,10,-0.04217075781028986,0.08498951494770643,10,-0.046510485879940486,0.12724743837187605,10,0.0002845410577026919,0.0017389679098043017,10,0.00015632658214083107,0.002998473711501552,10
traditional,0.5,0.9,fundamental,position_limit,0.00036645810882181,0.0016490809613355704,10,0.005792984053873891,0.002924809223073888,10,0.0005945873654589105,0.004684852013343681,10,-0.042259206896893955,0.08504986231895915,10,-0.04660549933195988,0.12726954507179825,10,0.0002779138074616827,0.0017308626294594905,10,0.0001580344656498589,0.00298467313431781,10
traditional,0.5,0.9,liquidity,all,0.44108537750612237,0.0008199039044349026,10,-0.0005304185942699696,0.0020333322271013496,10,0.0014640397936670803,0.0033716010595019803,10,0.005314321086192124,0.08936566185706227,10,0.0024871043991126036,0.12858607855290358,10,0.4410429405117163,0.0008536639825356883,10,0.12216926607627498,0.002096467063797141,10
traditional,0.5,0.9,liquidity,circuit_breaker,0.9621258595453289,0.00022068496372602334,10,0.0532221810032272,0.015417928563027816,10,0.00678176477559114,0.007861827931174228,10,-0.16371008888786429,0.2450496995840681,10,0.13019012270470282,0.3055119083218296,10,0.9621225920324312,0.00021298582757674014,10,0.2874822101705141,0.010545851424573491,10
traditional,0.5,0.9,liquidity,execution_delay,0.9614932553804636,6.0397284377515945e-05,10,0.00795748229786653,0.0027726451282510324,10,0.0016092181774495797,0.003374877503495552,10,-0.15762240101977254,0.09205657336337211,10,-0.0010176407780610574,0.1288321910199649,10,0.961490314736324,6.22188254074482e-05,10,0.2699873169767212,0.0019130486221079924,10
traditional,0.5,0.9,liquidity,liquidity_buffer,0.43663110097269425,0.0007549662490472847,10,0.000780793361432249,0.002650885389461474,10,0.00063215615449501,0.004684634673227065,10,-0.04534250209976676,0.08652484100451353,10,-0.047975276399507515,0.1273788357474871,10,0.436581837185057,0.0008084055691680329,10,0.12129170421618159,0.0025807247604956907,10
traditional,0.5,0.9,liquidity,none,0.9621918159964761,0.0002900742400802991,10,0.05582702440841484,0.018220248764032432,10,0.004843761848865011,0.004300226010725262,10,-0.15517800059919995,0.25122234310547215,10,0.051662345850187516,0.24263378656636916,10,0.9621885690267412,0.0002821077481942494,10,0.2855395584008911,0.0062383883578391065,10
traditional,0.5,0.9,liquidity,position_limit,0.9620949245998925,0.00020141335868925333,10,0.04685258048135718,0.009318281091369462,10,0.0028193500018521807,0.004201091510647193,10,-0.24567941031097945,0.14844786882397332,10,-0.03605525228222654,0.16456346903481167,10,0.9620916090552004,0.00019351061651038418,10,0.28054496351490554,0.002500967220814474,10
traditional,0.5,0.9,volatility,all,0.0026629253029102724,0.0015601956198991356,10,0.01212395766966955,0.0012813645617186136,10,7.055511024834007e-05,0.0038513947222338306,10,0.017014031504825188,0.12260525619508575,10,0.04388293051155263,0.10574629085465782,10,0.0025872143547866267,0.0016069636014626662,10,0.002583354112295544,0.0017834846174795826,10
traditional,0.5,0.9,volatility,circuit_breaker,0.0033618677773935802,0.0021389544908765453,10,0.013554162036444961,0.00328409219758517,10,0.0005094102198678301,0.002969672789163532,10,-0.014436061950279074,0.096024498678078,10,-0.020694160463051888,0.12813239582886196,10,0.00327481136953206,0.002151171005894167,10,0.0032827151014218183,0.0022342464359128692,10
traditional,0.5,0.9,volatility,execution_delay,0.0026730239062411304,0.0015684420542354238,10,0.01212434186706288,0.0012814881324575104,10,7.058957926516003e-05,0.003850759638768593,10,0.017034033785738097,0.12258396464878128,10,0.04386005964302756,0.10572551162294033,10,0.002596861316006771,0.0016153981865766566,10,0.0025871187178852393,0.00178562319156699,10
traditional,0.5,0.9,volatility,liquidity_buffer,0.0033618677773935802,0.0021389544908765453,10,0.013554162036444961,0.00328409219758517,10,0.0005094102198678301,0.002969672789163532,10,-0.014436061950279074,0.096024498678078,10,-0.020694160463051888,0.12813239582886196,10,0.00327481136953206,0.002151171005894167,10,0.0032827151014218183,0.0022342464359128692,10
traditional,0.5,0.9,volatility,none,0.0033618677773935802,0.0021389544908765453,10,0.013554162036444961,0.00328409219758517,10,0.0005094102198678301,0.002969672789163532,10,-0.014436061950279074,0.096024498678078,10,-0.020694160463051888,0.12813239582886196,10,0.00327481136953206,0.002151171005894167,10,0.0032827151014218183,0.0022342464359128692,10
traditional,0.5,0.9,volatility,position_limit,0.0033466299752596,0.0021288760424712596,10,0.013555615856347921,0.0032834329076579117,10,0.0005097242915948402,0.002969895170739203,10,-0.014466520783840702,0.09605532567098483,10,-0.020780487774179394,0.12818682864853903,10,0.003258454349314621,0.002139007846373501,10,0.0032761647438979357,0.0022188990747896396,10
traditional,0.75,0.0,fundamental,all,0.00214622139470583,0.0012116284341087045,10,0.0058960266210262395,0.002870162884397282,10,-0.0010991537956616406,0.002550352951005771,10,0.0906197462928079,0.1707564157596174,10,0.06868847394597137,0.14190488796774803,10,0.0021420792372793263,0.0011870732231256435,10,0.0014250523737609044,0.0012430346757754944,10
traditional,0.75,0.0,fundamental,circuit_breaker,0.00020981147661718996,0.0023202035961321964,10,0.0051904305488203895,0.002925931663221375,10,-0.0005228284210000994,0.003581088527665563,10,-0.02907451557552724,0.11068147746911287,10,-0.01741244125406542,0.06395017627296545,10,-0.0001604006656556689,0.0026444926472303084,10,-5.968966041896007e-05,0.0028636701968623134,10
traditional,0.75,0.0,fundamental,execution_delay,0.00214772452061718,0.0012197316070165702,10,0.0058950578034305205,0.0028706192447189903,10,-0.0010993849585078205,0.0025501065269694736,10,0.09061657496301255,0.17075781299862353,10,0.06867725235366796,0.14190581237210378,10,0.002145227275041184,0.0011927737657962156,10,0.0014168090289951364,0.0012480750779396111,10
traditional,0.75,0.0,fundamental,liquidity_buffer,0.00020404085418616996,0.0023300017390175004,10,0.005190413897455009,0.002925929164194036,10,-0.0005228382767397897,0.003581077918356635,10,-0.029073372700658056,0.11068374026944644,10,-0.01741143939680866,0.06395056969411365,10,-0.00016998896741248214,0.002665510042576509,10,-6.963276770357573e-05,0.0028818129195336615,10
traditional,0.75,0.0,fundamental,none,0.00020404085418616996,0.0023300017390175004,10,0.005190413897455009,0.002925929164194036,10,-0.0005228382767397897,0.003581077918356635,10,-0.029073372700658056,0.11068374026944644,10,-0.01741143939680866,0.06395056969411365,10,-0.00016998896741248214,0.002665510042576509,10,-6.963276770357573e-05,0.0028818129195336615,10
traditional,0.75,0.0,fundamental,position_limit,0.00021102983556266992,0.002322237562266471,10,0.005190658673490871,0.0029257757452207382,10,-0.0005224126295536704,0.0035809703900184483,10,-0.02908656007742837,0.11067849718833435,10,-0.017404525538243693,0.0639365012562515,10,-0.00016361649883418484,0.0026561667320417672,10,-5.944675683570155e-05,0.002876681307058524,10
traditional,0.75,0.0,liquidity,all,0.44394847343225463,0.000842026342612985,10,0.0006760095186730197,0.0030368031537045827,10,-0.0010938758900683307,0.002546033084265016,10,0.09061366928740744,0.1700016153755306,10,0.06852331657547975,0.14206714431746942,10,0.44394619662471524,0.0008072502196187962,10,0.12307138049567132,0.0011390504942318195,10
traditional,0.75,0.0,liquidity,circuit_breaker,0.9627824608805389,0.000419656949849126,10,0.08148197785422387,0.015678963623769922,10,0.02035209909713368,0.005448278374295033,10,0.23004167465523123,0.19067558222779485,10,0.6476730208621133,0.10303582899313302,10,0.9627685771142366,0.00043248272827754535,10,0.3207933779771861,0.01196828336151945,10
traditional,0.75,0.0,liquidity,execution_delay,0.9616304126436171,0.00010704523570682189,10,0.00903052134473633,0.005266855347614938,10,-0.0007309706330929707,0.0024493140483887663,10,-0.06040524783486686,0.14903274870819389,10,0.05565594241807583,0.1434448156833509,10,0.9616303271479456,0.00010229880497406321,10,0.2718575347646919,0.0011232248338693162,10
traditional,0.75,0.0,liquidity,liquidity_buffer,0.4416521011320381,0.0008057513434800999,10,9.264436629861979e-05,0.0029166158939828287,10,-0.0005235857904780098,0.0035754218550493877,10,-0.028711056920254652,0.11116436658481166,10,-0.016801066978977625,0.06400276016822312,10,0.44144329627555623,0.0010370826654215275,10,0.12151835258065827,0.0021945760401691004,10
traditional,0.75,0.0,liquidity,none,0.9638035532937433,0.0004513052603379079,10,0.18100416183250717,0.027882184688608005,10,0.011850254172198978,0.00521271361566518,10,0.46039382581770205,0.13871254979727543,10,0.37057697996932026,0.09857496737075297,10,0.9637900306783738,0.00045220798522991647,10,0.3228831170859179,0.011683785374565872,10
traditional,0.75,0.0,liquidity,position_limit,0.9629190444331186,0.0002749238635170998,10,0.09377362007735948,0.012735617258820353,10,0.005391104918100091,0.0036019655561279917,10,0.046912250840201244,0.18848434427491778,10,0.13839814033827347,0.1125125059251461,10,0.9629050754418307,0.0002899198445875256,10,0.29987163857060317,0.006490246540535406,10
traditional,0.75,0.0,volatility,all,0.00472152968936497,0.001398668820985316,10,0.01249034985708083,0.0029890202997695935,10,-0.0015196439817717704,0.0048519220894262536,10,0.03621147819667197,0.11666379012864551,10,0.0347590872660669,0.12869657908211568,10,0.004717379237983055,0.0013926482590837352,10,0.003421913645772634,0.001968362028681269,10
traditional,0.75,0.0,volatility,circuit_breaker,0.00447791636565947,0.0026082730321243417,10,0.01311421892704639,0.0025951681280782356,10,-0.00021329578920958013,0.0029163540895255718,10,-0.026547644704585687,0.08059887238377253,10,-0.04271554349458885,0.08660607511059462,10,0.004109102833027001,0.0029672311561823625,10,0.0034780929821399574,0.0018981272726822404,10
traditional,0.75,0.0,volatility,execution_delay,0.004724306054492281,0.001405072773862887,10,0.01248952693560847,0.002988686049544032,10,-0.0015201471431998102,0.0048528265535130255,10,0.03618723280725537,0.11666910355033716,10,0.03473616523200499,0.12871005347406533,10,0.004721795864557898,0.001397219238208493,10,0.003419762678485039,0.0019690712253631194,10
traditional,0.75,0.0,volatility,liquidity_buffer,0.00447202484661172,0.002618132638406186,10,0.013114202976696951,0.002595169617613265,10,-0.00021330865847208025,0.0029163452941836057,10,-0.02654639138667093,0.08059884778363118,10,-0.042714143188190654,0.08660921996582596,10,0.004099408123984183,0.002987542200832436,10,0.0034681030123544622,0.0019156233517660134,10
traditional,0.75,0.0,volatility,none,0.00447202484661172,0.002618132638406186,10,0.013114202976696951,0.002595169617613265,10,-0.00021330865847208025,0.0029163452941836057,10,-0.02654639138667093,0.08059884778363118,10,-0.042714143188190654,0.08660921996582596,10,0.004099408123984183,0.002987542200832436,10,0.0034681030123544622,0.0019156233517660134,10
traditional,0.75,0.0,volatility,position_limit,0.00447035859476415,0.0026155125813609047,10,0.013115355391924821,0.002594687687748925,10,-0.00021382931079724966,0.002916572063245099,10,-0.02654798811571494,0.08058827577556095,10,-0.04271291427624183,0.08661679353970558,10,0.004097124614712067,0.0029830485701195343,10,0.003468186324814271,0.0019137165700998217,10
traditional,0.75,0.5,fundamental,all,0.00166144960664487,0.0011580212083429655,10,0.00588207820529712,0.0028736583930815793,10,-0.0011076071359630102,0.002531900785838001,10,0.09064068793372182,0.1710973726153358,10,0.06782234855211915,0.1426598426792269,10,0.0015694548951992848,0.0010998873920330466,10,0.0008313837008324665,0.0010418699307063832,10
traditional,0.75,0.5,fundamental,circuit_breaker,-0.00039456347845365995,0.002140388732835801,10,0.005154751514574641,0.0029064798866384424,10,-0.00047406256787556057,0.0035542235061079524,10,-0.027064347937214194,0.10705723026948671,10,-0.018572079212175324,0.06538714797857628,10,-0.0006532935008223495,0.0025568061118409566,10,-0.0008737288884379968,0.003014202961217624,10
traditional,0.75,0.5,fundamental,execution_delay,0.00166170361591752,0.001158524132856385,10,0.0058819730788228705,0.002873976569423868,10,-0.0011075871260417896,0.0025319269030313124,10,0.09064475220051378,0.17109916784340412,10,0.06782471404701419,0.1426562827930374,10,0.0015694092413329086,0.001099802498307856,10,0.0008301063701826484,0.0010423851559422913,10
traditional,0.75,0.5,fundamental,liquidity_buffer,-0.00040424633510599003,0.002158229654084075,10,0.00515473741753565,0.0029064769432871683,10,-0.0004740706669906506,0.0035542146638025377,10,-0.02706279132979794,0.10706027052022397,10,-0.018570687166774385,0.06538760855585694,10,-0.0006713887295485721,0.002595738459754225,10,-0.000892501597583939,0.003056179691176269,10
traditional,0.75,0.5,fundamental,none,-0.00040424633510599003,0.002158229654084075,10,0.00515473741753565,0.0029064769432871683,10,-0.0004740706669906506,0.0035542146638025377,10,-0.02706279132979794,0.10706027052022397,10,-0.018570687166774385,0.06538760855585694,10,-0.0006713887295485721,0.002595738459754225,10,-0.000892501597583939,0.003056179691176269,10
traditional,0.75,0.5,fundamental,position_limit,-0.0004039070169749799,0.0021608763644688483,10,0.005155196194099409,0.0029060884319096533,10,-0.00047361588426025094,0.003554220422999646,10,-0.02707648649157942,0.10706417069748039,10,-0.01857612397284791,0.06539103152413997,10,-0.0006708747339689847,0.002597493300781182,10,-0.0008925347765323499,0.0030567483178826566,10
traditional,0.75,0.5,liquidity,all,0.4418647614142904,0.0007163662162029755,10,0.0006792378625805794,0.0030351692459777277,10,-0.0010982717254286204,0.0025270857444138917,10,0.08959312518502871,0.17019589919622294,10,0.06732442527026287,0.14293809353540335,10,0.4418133876247798,0.0006332188728701334,10,0.12247645894407992,0.000860177485955343,10
traditional,0.75,0.5,liquidity,circuit_breaker,0.9629699353254686,0.0004927374487777488,10,0.0940228725636051,0.01601864276052328,10,0.02702711215464043,0.008446815589694975,10,0.3499768248698286,0.21211160612238028,10,0.6911420699556184,0.059398837835700526,10,0.9629603376344573,0.0004972537690664828,10,0.3210874458649106,0.006186116047732801,10
traditional,0.75,0.5,liquidity,execution_delay,0.9616563763360432,0.0001396305468803586,10,0.014027579290691719,0.007249643970215886,10,-0.0006440760701095099,0.002417331400557121,10,-0.11810727271007866,0.1235278007250578,10,0.04952455141275495,0.14665420318819647,10,0.961652844185443,0.0001350134571294866,10,0.2723205787053212,0.0016519305430338707,10
traditional,0.75,0.5,liquidity,liquidity_buffer,0.43704178891902623,0.0008386545373907316,10,0.00010354373333149054,0.002879924352792477,10,-0.0004517607526055404,0.003542023775207051,10,-0.027455204044087654,0.10641421059275884,10,-0.018612617542686026,0.06558555086204111,10,0.43689176957109027,0.0009863431655024201,10,0.1202181726825958,0.002447699172275548,10
traditional,0.75,0.5,liquidity,none,0.9639033252702575,0.0006211170150279567,10,0.18684460923928256,0.03326376736637857,10,0.00783602540879163,0.005723832155229483,10,0.43569491212260536,0.1035121955060968,10,0.2679316771533296,0.20740387416081565,10,0.9638936416750179,0.0006262176148851354,10,0.30654272083970824,0.013824387207570323,10
traditional,0.75,0.5,liquidity,position_limit,0.9630074820537899,0.0003127853909562809,10,0.10566210922720727,0.013596609159689316,10,0.004972403011915939,0.002737354174801108,10,0.04728370185450377,0.13245750216800717,10,0.11823679176784634,0.1665137907464803,10,0.9629976261127602,0.00031530847725826696,10,0.29212542368342526,0.007475757832337506,10
traditional,0.75,0.5,volatility,all,0.00418676229478505,0.0013629114466468001,10,0.01245774270119246,0.0030022678405437764,10,-0.0015467452596069704,0.004869115810664179,10,0.037166691751379766,0.1181973561259914,10,0.03598363693263709,0.1296931041857442,10,0.004094989339211585,0.0013233036004352246,10,0.003197975626533167,0.001540090093408057,10
traditional,0.75,0.5,volatility,circuit_breaker,0.0032875906468462406,0.00248204792901871,10,0.01308639662966172,0.002595652318577985,10,-0.00019090485581612013,0.002837195411144416,10,-0.02618104255064709,0.08002414123357908,10,-0.045104394430253936,0.0850585160183701,10,0.003029544781941118,0.0029488716106468955,10,0.002539070096758156,0.002297404834050279,10
traditional,0.75,0.5,volatility,execution_delay,0.00418842988209977,0.0013645217242624673,10,0.01245748701094406,0.0030021131678189612,10,-0.0015467138306403795,0.004869407529464685,10,0.03716504351305372,0.11819665091611303,10,0.035982454358394235,0.12969257307066584,10,0.004096357951680107,0.001324622833555317,10,0.003197758103617598,0.0015416194494687323,10
traditional,0.75,0.5,volatility,liquidity_buffer,0.0032778512086357797,0.002498554417178722,10,0.01308638308690833,0.0025956529616495243,10,-0.0001909158034977501,0.002837187361242122,10,-0.0261794542873093,0.08002397214081314,10,-0.04510267542769548,0.08506233216033361,10,0.0030114217098600737,0.0029842900795913016,10,0.0025203251221921352,0.0023324943848956154,10
traditional,0.75,0.5,volatility,none,0.0032778512086357797,0.002498554417178722,10,0.01308638308690833,0.0025956529616495243,10,-0.0001909158034977501,0.002837187361242122,10,-0.0261794542873093,0.08002397214081314,10,-0.04510267542769548,0.08506233216033361,10,0.0030114217098600737,0.0029842900795913016,10,0.0025203251221921352,0.0023324943848956154,10
traditional,0.75,0.5,volatility,position_limit,0.00327411008941575,0.002497980856662442,10,0.01308688354558977,0.0025955675433513696,10,-0.00019068527112282087,0.0028371839461048564,10,-0.026182977136076663,0.08000057651675539,10,-0.04511719106635489,0.08507663086171242,10,0.0030078574670936997,0.0029819659374360603,10,0.0025216371870743215,0.0023337331847037893,10
traditional,0.75,0.9,fundamental,all,0.0013148822488782698,0.0011898117378090188,10,0.00586934781988267,0.0028730995117187495,10,-0.0011151953644198303,0.0025149133545147107,10,0.09054788872534812,0.17130218850214193,10,0.06696283809320835,0.14307095116502666,10,0.0012011218104592825,0.001176522775936931,10,0.0004238334050076009,0.0012123644517808365,10
traditional,0.75,0.9,fundamental,circuit_breaker,-0.00077580149770781,0.0022745940169897954,10,0.0051180438072508895,0.0028934251021069833,10,-0.00043923019098479046,0.003521522527187239,10,-0.025112591233907827,0.10341054844342816,10,-0.019265117631126073,0.06640995586068422,10,-0.0009849750464286267,0.0027282422219378016,10,-0.0015022088101248165,0.003567991202289757,10
traditional,0.75,0.9,fundamental,execution_delay,0.0013205497184228501,0.0011962892218272242,10,0.0058692434997773,0.0028751865737677903,10,-0.0011150629338787404,0.0025150430699192442,10,0.09059227206981726,0.17129238481747905,10,0.06699980065346675,0.14307051621472816,10,0.001204445134804688,0.0011868705269232555,10,0.00041442368885792337,0.0012204821961171869,10
traditional,0.75,0.9,fundamental,liquidity_buffer,-0.00080062700434997,0.0023213682021705605,10,0.00511802725651425,0.002893420960204177,10,-0.00043924314376250025,0.003521508296060712,10,-0.02511013118940799,0.10341532354829565,10,-0.019262779069434716,0.06641066371494185,10,-0.0010322398569647894,0.00282836219126377,10,-0.0015512155442383602,0.0036842357425295328,10
traditional,0.75,0.9,fundamental,none,-0.00080062700434997,0.0023213682021705605,10,0.00511802725651425,0.002893420960204177,10,-0.00043924314376250025,0.003521508296060712,10,-0.02511013118940799,0.10341532354829565,10,-0.019262779069434716,0.06641066371494185,10,-0.0010322398569647894,0.00282836219126377,10,-0.0015512155442383602,0.0036842357425295328,10
traditional,0.75,0.9,fundamental,position_limit,-0.0008029032209242099,0.002324390441770381,10,0.00512219160375174,0.002891328147811322,10,-0.00043505441154568917,0.0035228485207950146,10,-0.025206012134824395,0.10342338731977069,10,-0.019296392581155775,0.06647531246515775,10,-0.0010302950657018473,0.0028233044653994907,10,-0.0015452331314590561,0.0036806048408551117,10
traditional,0.75,0.9,liquidity,all,0.43919011937412666,0.0007291530120284339,10,0.0007105965741990402,0.0030258947836911366,10,-0.0010955720659785802,0.0025090947915033615,10,0.0874203715334215,0.17030395159495196,10,0.06588288173064177,0.14341106592166433,10,0.4391263551697991,0.0006121505478196184,10,0.12170503658215885,0.0009008691273733084,10
traditional,0.75,0.9,liquidity,circuit_breaker,0.9631242741168009,0.00036911353094557723,10,0.10572835962671545,0.009845517493981791,10,0.02429213940607295,0.01066854191241526,10,0.43972088814581384,0.10613725863304173,10,0.6650531283096001,0.1085608324340271,10,0.9631166160023245,0.00036796730140753264,10,0.3169355040951108,0.0025587424711078603,10
traditional,0.75,0.9,liquidity,execution_delay,0.9617446182050069,0.000161016598375939,10,0.02323138918243026,0.00858271356873286,10,-0.00039270515916861,0.002375548035309728,10,-0.18150989750578378,0.10138577724181139,10,0.039076924842343874,0.1497619392621903,10,0.9617401937316907,0.00015474969119689516,10,0.27371958125870066,0.0018272470739352034,10
traditional,0.75,0.9,liquidity,liquidity_buffer,0.43158579312933465,0.0009904441703417837,10,0.0002260439342264697,0.002842313657226821,10,-0.00037116838342868014,0.0034980628829091275,10,-0.03041615393048608,0.10066620429760112,10,-0.020809972145731846,0.06664979771208035,10,0.431454745705234,0.0010910761303832696,10,0.1186721766221295,0.00295283399490716,10
traditional,0.75,0.9,liquidity,none,0.9639084048851208,0.00045937544136672776,10,0.18636910438925505,0.021820035502510736,10,0.0040149087537901,0.0041055142769259945,10,0.40498586024572986,0.05819485475119394,10,0.19556582069374337,0.2224568641463877,10,0.9639000415379053,0.0004640778715144304,10,0.2901023825005141,0.013766708449260607,10
traditional,0.75,0.9,liquidity,position_limit,0.9630371766458461,0.0002806833736111085,10,0.11241452886522518,0.01288498970383497,10,0.0038183082463559706,0.0024499538146102915,10,0.028765679702297976,0.1160886475677222,10,0.023838429845296882,0.17129028944439553,10,0.9630288376675887,0.0002783613969483064,10,0.2826617014351653,0.00469407163391806,10
traditional,0.75,0.9,volatility,all,0.0038772647053348297,0.001377618180902036,10,0.01242632850660871,0.0030136040242220337,10,-0.0015672222150220703,0.004878127550817866,10,0.0382326978392671,0.11935700236978389,10,0.036754093029573984,0.13027192821054412,10,0.0037637774981636118,0.0013812323184618622,10,0.0030081563461009765,0.0015081964299301655,10
traditional,0.75,0.9,volatility,circuit_breaker,0.0026639418812491903,0.0026767166077904456,10,0.013039336064804069,0.0025932257362303365,10,-0.0001750759900467004,0.0027709999309756886,10,-0.02423837605694648,0.0791227727060762,10,-0.04652800272027323,0.08418047561612857,10,0.0024551496302758547,0.0031884777152105287,10,0.0019467438935819813,0.0029968268809132297,10
traditional,0.75,0.9,volatility,execution_delay,0.00388531445444463,0.0013924279093061253,10,0.01242538831176156,0.0030119582430989966,10,-0.0015671619889394202,0.004878619393985338,10,0.03824477050105366,0.11937548718361164,10,0.036770308179606595,0.13031118261162186,10,0.0037694879248613812,0.0014003724539021474,10,0.00300295307390388,0.0015193037008312722,10
traditional,0.75,0.9,volatility,liquidity_buffer,0.0026391653498677903,0.0027187648113268298,10,0.013039319467516691,0.002593226004533395,10,-0.0001750910794659704,0.002770988314909546,10,-0.024235935099261047,0.0791223458574383,10,-0.04652543226672884,0.0841861070341777,10,0.002408005573475569,0.0032778410801039552,10,0.001897925724636651,0.00309610639109305,10
traditional,0.75,0.9,volatility,none,0.0026391653498677903,0.0027187648113268298,10,0.013039319467516691,0.002593226004533395,10,-0.0001750910794659704,0.002770988314909546,10,-0.024235935099261047,0.0791223458574383,10,-0.04652543226672884,0.0841861070341777,10,0.002408005573475569,0.0032778410801039552,10,0.001897925724636651,0.00309610639109305,10
traditional,0.75,0.9,volatility,position_limit,0.0026246143715784502,0.002716969197692481,10,0.01304320757713219,0.0025938190719315846,10,-0.0001726084546804899,0.0027711284244239767,10,-0.024263380239074338,0.0789551372513123,10,-0.04661793638272299,0.08429040704668735,10,0.002397680660247414,0.0032623194537063005,10,0.0019116274280475908,0.003097740249735928,10
