Date,SPY,QQQ,GLD,TLT,USO
2010-01-05,0.0026440156275532797,0.0,-0.0009112174071556114,0.006436752429476854,0.003470489083664195
2010-01-06,0.0007033823030559693,-0.006050078666953118,0.016364952672508887,-0.013476712645757935,0.01376284603943855
2010-01-07,0.00421244241649981,0.0006502281485028261,-0.00620703144916329,0.0016809516674807464,-0.006120719133586039
2010-01-08,0.0033222293807902057,0.008196590225120218,0.00495075538137829,-0.00044819417032837593,0.005143895740111809
2010-01-11,0.0013952755324206762,-0.004089849671726899,0.013201473675457865,-0.005502903066224254,-0.009574134353190569
2010-01-12,-0.009369581987717614,-0.012589692835392172,-0.021134489951311626,0.016973007233511354,-0.022702729452630736
2010-01-13,0.00841071760326794,0.012374138414303853,0.009458279378539308,-0.011693965458843771,-0.010654641199624766
2010-01-14,0.002700670315490971,0.0008622235757798931,0.004383402504944763,0.013905378372397584,-0.0038328323478747234
2010-01-15,-0.01128751181544906,-0.011708927540007357,-0.010498532177150062,0.006167353020218607,-0.017041461276922153
2010-01-19,0.01241786100830894,0.01601081785613627,0.005935767413319545,-0.002859070266461703,0.013707670131344342
2010-01-20,-0.01022069297026361,-0.014484658936455954,-0.023406622544498403,0.010079718030256642,-0.027077960539458334
2010-01-21,-0.01941632935121627,-0.009408235568750003,-0.014516455339507784,0.004567137241247262,-0.01730371144151979
2010-01-22,-0.022543960005265155,-0.029673309922888615,-0.0018644973871885428,-0.001736633208945112,-0.024464430313555042
2010-01-25,0.005114741040233808,0.0033902698847738367,0.002888473340999794,-0.004576778744161579,0.012850517531560475
2010-01-26,-0.004199674062815099,0.0009027955114508233,0.0007439937221865503,0.00032770941020424994,-0.008457324110036
2010-01-27,0.004746200107444099,0.007861244622504792,-0.009622184538243905,-0.0005455004738056373,-0.011573514644171418
2010-01-28,-0.011538737907600764,-0.026064155314560022,-0.0004694185510533905,-0.0005462703630570389,0.0022147853599034494
2010-01-29,-0.010928167219823414,-0.017605200125693096,-0.004895549849721357,0.00870424924949192,-0.014484945827034211
2010-02-01,0.015431559368252775,0.010924074618115913,0.022305058135940522,-0.00911868588522617,0.029853013518694543
2010-02-02,0.012030526707120624,0.008974793257158952,0.007173093057516182,0.002847530319095693,0.021818981625028034
2010-02-03,-0.004995180947949415,0.005482771164683696,-0.003948040904899996,-0.01166331587579802,0.0031924141530274585
2010-02-04,-0.03135239325461096,-0.029362153144559682,-0.0406494619043355,0.015703262814795848,-0.05038512267839744
2010-02-05,0.0020645422660694724,0.008411033240064859,0.0029657764294868027,0.0021768448308129443,-0.01661776493044826
2010-02-08,-0.00724500917127489,-0.007238672404354097,-0.006132631197052165,0.0013037157606841856,-0.003413913221452227
2010-02-09,0.012481904006207472,0.010258917008522848,0.01308209362845793,-0.010038795306861198,0.03141910455012744
2010-02-10,-0.0019606947428585657,-0.0020898328920573757,-0.002754962144308203,-0.009588303375729622,0.00825085120102461
2010-02-11,0.010412232215015192,0.014995858589829467,0.018940443772260437,-0.005440342693980604,0.007368036292108124
2010-02-12,-0.0008326075021540753,0.002058960945930089,-0.0008404197035729754,0.004111178010357817,-0.012860962739323219
2010-02-16,0.015612497690179262,0.012716233690818805,0.02381725974040192,0.0018822410855503385,0.03995131834057346
2010-02-17,0.004726902046965937,0.005624616404334511,-0.0033810306977535213,-0.011464278483839015,0.0047518648047512385
2010-02-18,0.005878070402947041,0.006262528779380758,0.006659727627096444,-0.004037874496509979,0.019818075314446574
2010-02-19,0.0020717478287640393,-0.0004456746525223836,-0.004648011335301192,0.0053808593375705,0.009252202001061034
2010-02-22,0.00017962542766247034,-0.002009669407210433,-0.003660675124824127,-0.004144708359811268,-0.0015361337918639577
2010-02-23,-0.012219083503908885,-0.013048739776612207,-0.010877691236587123,0.01548314931554878,-0.01809762275324086
2010-02-24,0.009155519598077089,0.010138789955423945,-0.0049245049976189585,0.002428028107759556,0.017072318879892707
2010-02-25,-0.0013543797166890548,-0.0002244059035764778,0.008809784398268496,0.005608452265838148,-0.022828515141862116
2010-02-26,0.0006324629322209951,0.0035812216315789596,0.010287614912394953,0.005140673894506351,0.018458838978269894
2010-03-01,0.010330834239236465,0.01441728569883858,0.0,-0.00043756222705392407,-0.012181081854534046
2010-03-02,0.0027671118773198956,0.0030783394323796484,0.01442525680569016,-0.001314912039447722,0.01166573894081264
2010-03-03,0.0008906921895103787,0.0010972798584108138,0.0054794713974865225,-0.002525113576499453,0.01534562806593886
2010-03-04,0.003022977568561352,0.0032840568527279417,-0.007192294113451878,0.005261939627498125,-0.006365393619771447
2010-03-05,0.01419239025426969,0.014969168541065322,-0.00018051139298243165,-0.013206146297617165,0.017721905533654225
2010-03-08,0.0001750941582926109,0.0019356069105202485,-0.008428164684993479,-0.005220165586369608,-0.0015067194978432839
2010-03-09,0.0016610187339920171,0.005572982985038487,-0.0014571590358531733,0.0002226253518437536,-0.00604997252465953
2010-03-10,0.004445819002399692,0.008088603083299454,-0.011458028889065516,-0.0025638388972507313,0.008810687215237933
2010-03-11,0.00416655068650258,0.0038086637502404413,0.0011977451434267712,0.0036771092438767235,0.0037522923262975913
2010-03-12,8.615396444839714e-05,0.00021100254298695372,-0.006003264758673336,0.00620834220862579,-0.013574892523470721
2010-03-15,0.00026009920744670913,-0.0025368364912304983,0.0037908941588109873,-0.0013283007371840407,-0.017360571041977697
2010-03-16,0.007934863207197195,0.006330157805232419,0.018651124814839434,0.007937812261122076,0.024422456548572453
2010-03-17,0.005909707010365049,0.0027308483275013938,-0.007364051605517102,0.004272562452953153,0.010997327135214468
2010-03-18,-0.0005124996002530326,0.0033508811399062736,0.006820378596121279,-0.0032853064386241713,-0.007735569007873517
2010-03-19,-0.005074878632409904,-0.006067199193002212,-0.018846021182444456,0.0009864166698232964,-0.018200639316000914
2010-03-22,0.005332078157209662,0.009013861720021369,-0.004906724488664302,0.0010951768062525688,0.009141775209483836
2010-03-23,0.007009077858389329,0.00686288696094047,0.005276077362753657,-0.004716984642543718,0.0035326654421215073
2010-03-24,-0.004867155340140905,-0.004778193324322446,-0.018824492289792858,-0.01842486331279133,-0.019329242233556854
2010-03-25,-0.001627634560225707,-0.001458544945323656,0.004505317583276694,-0.006405768989981559,-0.0010276748271275153
2010-03-26,-0.0005996062404592995,0.0010418255571361577,0.016808656864527635,0.0028141958871745637,-0.0018010989508332512
2010-03-29,0.006326950408703216,0.004780089023709746,0.0014723814641710547,-0.003829303636752229,0.02868573997001251
2010-03-30,0.0006817694605560677,0.003311783072779388,-0.007198247903797274,0.0031546737284678353,-0.0002502395596162493
2010-03-31,-0.003412982824822345,-0.004763881837357822,0.009035611315005328,0.0068391515277448625,0.00847463061705272
2010-04-01,0.006814270381306129,0.0,0.011952199156018703,-0.002447817762750607,0.023305377922034912
2010-04-05,0.008116694952823873,0.009300585180069142,0.005697480924986897,-0.016778229349609916,0.019926190499700156
2010-04-06,0.0023547309525674574,0.002875625183767516,0.0012617106108131124,0.001598927857608241,-0.0011891840376275214
2010-04-07,-0.005728648633251696,-0.002464405339838402,0.013063885742510774,0.012703172117829795,-0.011970456428032019
2010-04-08,0.0034578413551091315,0.00225954807603474,0.0014213706092301968,0.0004507554566264252,-0.001928685070804626
2010-04-09,0.006545817036169066,0.005932135373440769,0.008749871191504223,0.002362984003216186,-0.006536773505612794
2010-04-12,0.00158818311031404,0.0008152299519912164,-0.005559222339984327,0.005267842031776887,-0.0058464933459991455
2010-04-13,0.0007510913679564846,0.005082100841843681,-0.002835621646023893,0.003237413782402865,-0.0009777785104729854
2010-04-14,0.011285559333821587,0.011891964423655324,0.003012551773767293,-0.007045582404351541,0.021053383931331958
2010-04-15,0.0008251276598621988,0.004398225501877447,0.005470304321850955,0.001121193288964178,-0.001198017122186881
2010-04-16,-0.016040329734433836,-0.012041321891411227,-0.021433553562709342,0.007260095664280453,-0.026972857234563274
2010-04-19,0.003763273267244123,-0.0006061687282987961,-0.0008093560236551188,-0.0024515000032207085,-0.01214233402555809
2010-04-20,0.008890674762927668,0.005038064418034857,0.0027851197891251185,0.003562933302877179,0.004725755022233129
2010-04-21,-0.001821317311730789,0.00561265449393955,0.007597109309406448,0.008192727417038883,-0.0007446637904122197
2010-04-22,0.0029790638876746583,0.005580978899710317,-0.004193637495525399,-0.0029809684989086033,0.0007446637904123018
2010-04-23,0.006506419103771194,0.004165344839676637,0.011998598472109824,-0.0035447185436998795,0.01600037890894122
2010-04-26,-0.0037835038105868877,-0.0021799365712857344,-0.003894865830639106,0.0011084189201792864,-0.014760472030203217
2010-04-27,-0.023934528937845263,-0.021454236867637817,0.01653654778371808,0.013980685630300861,-0.02458727907441053
2010-04-28,0.00756717157990955,0.0006078664840086485,-0.002795491486585015,-0.0085634175078717,0.0151251254382507
2010-04-29,0.01232143432778591,0.017269197476373666,-0.0002624679990349378,0.004181326674893161,0.02641801990696977
2010-04-30,-0.01710739737018492,-0.019906107115666764,0.00940611214659533,0.011461870762971012,0.00704144965623805
2010-05-03,0.012878823181403053,0.01391586199293641,0.003202242039102839,-0.0013076214140523262,0.0031404120985264643
2010-05-04,-0.023795814121556787,-0.030502500028457634,-0.007458842798920222,0.017835029922218224,-0.04337787801468644
2010-05-05,-0.005974457097119858,-0.005175371452024173,0.001913321093208226,0.005875190162132522,-0.035640212351403286
2010-05-06,-0.03377739602096828,-0.03398806036285907,0.029114151638993547,0.030420492286067993,-0.035874772556638145
2010-05-07,-0.01498723754076378,-0.02522377400010629,-0.0018584329204845893,-0.012579887985347912,-0.017742998755188633
2010-05-10,0.043099303061523805,0.05066619694679028,-0.005936219595425441,-0.02093402070619178,0.025021652341533064
2010-05-11,-0.0028451863551499736,-0.001048040722531846,0.025942805079309364,-0.0025672353417568,-0.012704623761722322
2010-05-12,0.01388928795271361,0.018684242843181827,0.006114187831152085,-0.007633337565504266,0.00027205593521582275
2010-05-13,-0.012508954924461102,-0.01596363902158746,-0.0069433571267264235,0.006561882004533243,-0.017558733039899355
2010-05-14,-0.018270675961619392,-0.019413621113126577,-0.0015771788582184835,0.017221343127493894,-0.03721883344826466
2010-05-17,0.000526476925799405,0.0031906310879329224,-0.008426213640485975,-0.0036953738990679746,-0.02707983996411889
2010-05-18,-0.013695780713065792,-0.013902152542736804,0.0010885264147745962,0.015221919277856993,-0.012175349615481883
2010-05-19,-0.005710294286220221,-0.008000733051538951,-0.024226160830335432,0.003328824025205426,0.0011942999658882498
2010-05-20,-0.03849049505396415,-0.03783279261645224,-0.006796610129532695,0.020860779460667958,-0.03987737541654894
2010-05-21,0.014493311750351866,0.010988022253907126,-0.005366542125113491,0.0010169189003577672,0.002171544005161297
2010-05-24,-0.012914015513742298,-0.004021930264667477,0.013962091277818433,-0.003459952114327149,-0.003103735916443866
2010-05-25,0.0010209811213711686,0.0008950629160587018,0.004440692858806834,0.004881038898518407,-0.009996890337607981
2010-05-26,-0.006046768504335435,-0.011248720099359868,0.009413635235164157,-0.0028444436576421277,0.022968103536272842
2010-05-27,0.03294862020119958,0.037086249025527374,0.0018552983674487234,-0.02294938143850302,0.05143139936481059
2010-05-28,-0.012628621259038368,-0.005903262275161115,0.0015994852276123958,0.004570399207602569,-0.007900566295521194
2010-06-01,-0.016967047807188523,-0.009253008871024128,0.00862693406619541,0.007003480881387286,-0.025589036640925177
2010-06-02,0.0257062636429991,0.02340708808091484,-0.0010847752867185415,-0.009545640733064156,0.01821763386094148
2010-06-03,0.003438714595385687,0.009468212592021063,-0.01531114045936818,-0.0073221163571352095,0.013813516083124975
2010-06-04,-0.03576922922680849,-0.034869694422258186,0.01037330279219319,0.02652720394376106,-0.04721516457384075
2010-06-07,-0.012529345379334814,-0.018353490752420324,0.019113058305128095,0.007639350516998417,-0.0027577817985898092
2010-06-08,0.01065532434143531,-0.0018085385214854667,-0.00404139168631843,-0.004984169234636703,0.018243086823715914
2010-06-09,-0.005360846049814521,-0.00840860540000465,-0.0036430115290506894,-0.001122337943354772,0.02264029212191597
2010-06-10,0.028812515621924866,0.02812712291740583,-0.01327616331865968,-0.018030198191879936,0.02386608270809962
2010-06-11,0.00484415968674948,0.009495271306588424,0.008703719694756393,0.012603648885863197,-0.01565252001632594
2010-06-14,-0.0015513726114234426,-0.00021949152442191596,-0.0034222616854406953,-0.005145856078605483,0.0029172216375455565
2010-06-15,0.022483340595906853,0.026465176555430937,0.011555051138783242,-0.004137369588100001,0.02587831855310294
2010-06-16,-0.0003575804524785599,0.004059259335282876,-0.005469896230116363,0.005684433740632425,0.0073530345929105475
2010-06-17,0.001606517274439951,0.003193512251204109,0.012963065337676728,0.00810611561102084,-0.009910948562669612
2010-06-18,0.0010834249043193882,0.0008303888994958624,0.0076002514535395095,-0.0016369029759378097,0.007654196424825769
2010-06-21,-0.0028679163358717743,-0.008547247252089397,-0.020064832581080886,-0.0028704207090100072,-0.002261748616392896
2010-06-22,-0.016653685918195937,-0.007755525483494903,0.008766162443343665,0.011838131441493411,-0.009384451708830654
2010-06-23,-0.0031077307673982165,-0.004116943344233771,-0.004125418496021565,0.006774531137995995,-0.021953461195231137
2010-06-24,-0.016709175199117094,-0.01531762972766694,0.0028896292842949317,-0.005963174562952134,0.004371206402054936
2010-06-25,0.004180480474394873,0.0001985725896942186,0.011964406044451523,0.004046876412486772,0.036263801459791876
2010-06-28,-0.0031569723205824474,-0.00354026843226263,-0.013697206629814883,0.009345242236152213,-0.01269950099098115
2010-06-29,-0.03136195305029544,-0.03933571233963964,0.0014853964638133306,0.010842887709392778,-0.029982094624465654
2010-06-30,-0.009545498003321912,-0.015335668779274345,0.0033752134718408188,0.0067057185540182465,-0.006164678056427506
2010-07-01,-0.004466640133147895,-0.0028135613485860776,-0.03887888592484208,0.0015755082171838735,-0.032622979303166905
2010-07-02,-0.005464185145305249,-0.0028211905474509803,0.012312786265651068,-0.008004250171553177,-0.008248113614428553
2010-07-06,0.0065345758208133434,0.0030561621319774262,-0.016851426232847473,0.008201036600996185,0.00030676695136741094
2010-07-07,0.03101003222163706,0.031425832681189106,0.010416771036920194,-0.011779063353611674,0.03139409291839301
2010-07-08,0.009846941317849111,0.005444681269980765,-0.004426705679849722,-0.006392807342211222,0.01708933773260209
2010-07-09,0.007437683529733735,0.009457560024502296,0.009763642764658647,-0.005728590646140744,0.003208420743852132
2010-07-12,0.0006480592485574688,0.002909409489034941,-0.008655160400420137,-0.0004030123673863842,-0.0164419846699806
2010-07-13,0.014975986856976473,0.012877723465041024,0.008655160400420107,-0.00860672590456949,0.028022933885270555
2010-07-14,-9.175922257080474e-05,0.005060999512347084,-0.0005070359076373576,0.010016741869074718,-0.0023055292430244926
2010-07-15,0.0002738666382690507,0.0008775651283070706,-0.0005918885128413167,0.009918245137691368,-0.002310746678633241
2010-07-16,-0.027920888010620135,-0.02802138126206033,-0.013282487126809024,0.004873904806309429,-0.01222016875289593
2010-07-19,0.005889205481182989,0.008533997546839527,-0.008089500274875499,-0.00617019263058756,0.008743840078445081
2010-07-20,0.011030419143214492,0.01200312682851456,0.007918090681685528,0.001495725324373846,0.010392721043705228
2010-07-21,-0.013082975828266065,-0.013793220023302466,-0.0068817738410447155,0.016802986882878228,-0.01796625919893037
2010-07-22,0.02207617651378541,0.024998369535615864,0.00868040464199568,-0.011632723470496289,0.03505091428245355
2010-07-23,0.008641703929941858,0.006316234550746502,-0.0066109215447102,-0.010666551710056467,-0.0008473035482535107
2010-07-26,0.010361766165545842,0.008216143434539976,-0.0049220747193229565,-0.0017057245388368246,-0.0011309279332408103
2010-07-27,-8.956056289260639e-05,-0.00043074976867765475,-0.017552688498183856,-0.009683289003270971,-0.01942364229456585
2010-07-28,-0.006475382930750506,-0.008002617274273859,0.0023757910068710766,0.003237194477846468,-0.008981592003636057
2010-07-29,-0.004884479110212282,-0.007410658647439929,0.004472337326195603,-0.0003023659470601735,0.020167803783338042
2010-07-30,-0.00018137582710561252,0.0021852839829274973,0.01044484170982206,0.015445590002380341,0.007954552546435083
2010-08-02,0.0223297738109035,0.018599073753034368,0.0004328706471263803,-0.014138500414082652,0.03174868144852336
2010-08-03,-0.004800405702312698,-0.004295120386984626,0.0038871637993980568,0.00575566461906683,0.011718360250070038
2010-08-04,0.006661502891375523,0.010063761560409357,0.006273952596501905,-0.00768140091834922,-0.0002709205096418676
2010-08-05,-0.0010631753902184103,-0.0023461334875249503,0.0022250940386060744,0.004656332987382058,-0.005162419828923534
2010-08-06,-0.004084882328773855,-0.0014959586698390162,0.007324732365886041,0.010848490638125558,-0.013990032661888323
2010-08-09,0.00532438150660413,0.006820234408236856,-0.003740820686149912,-0.003703405237904849,0.009074667483334282
2010-08-10,-0.005413370835381781,-0.00874678342429734,0.002806975212677366,0.0021026747939242997,-0.018232545623941315
2010-08-11,-0.0277888854790181,-0.027589342711590192,-0.003318223315611171,0.013319734660463899,-0.03200945263872955
2010-08-12,-0.006148876048935283,-0.007960811180043423,0.012113149233667235,-0.00247174815675067,-0.023887052185928303
2010-08-13,-0.002950346112595184,-0.0071308324800509835,-0.00025261067028948305,0.012394521328103555,-0.0038398291213135767
2010-08-16,-0.0004617935196942693,0.0017877740397790006,0.008303024914578124,0.02471853619076264,-0.005341267923987627
2010-08-17,0.012210290444332332,0.012642481812470695,0.0001670005247416709,-0.005738468779907968,0.007705975397113658
2010-08-18,0.0018235144684342565,0.003959666592416911,0.003917171473901901,0.0026818890838081503,-0.0056254368587835635
2010-08-19,-0.01755004650044361,-0.015263680612267036,0.0014130601122222405,0.01547271519503308,-0.012849431333301404
2010-08-20,-0.0032494002472953677,0.0013362888227553855,-0.0034947461752424026,-0.0011302882744908646,-0.00906348299888735
2010-08-23,-0.003820298997065467,-0.009843633491159628,-0.00158500505680003,0.00018873538593222318,-0.01590735437345694
2010-08-24,-0.014954779553185037,-0.018835997834934688,0.004830540187787872,0.015901948205888323,-0.02056146703941723
2010-08-25,0.0038783224783302444,0.009576156001347771,0.00827408323664724,-0.0032537294364621177,0.01870957225097843
2010-08-26,-0.006724505065614188,-0.012099446292901031,-0.0033014352071624076,0.009359447441999253,0.007693529507604789
2010-08-27,0.015370853524613686,0.01209944629290104,0.00041329960092031443,-0.02872430315885879,0.028707237452529333
2010-08-30,-0.01461120736843894,-0.010493344671834664,-0.0008267069892495315,0.018992094915841053,-0.016519349546007776
2010-08-31,0.0,-0.003445155944598297,0.00963008506090641,0.011023086625665035,-0.03388067738343699
2010-09-01,0.029472498783152418,0.02947368291512094,-0.003199735123742887,-0.020894378336131572,0.031758509131206446
2010-09-02,0.009269711809653011,0.011108889199418243,0.004918433276591718,-0.010621815281390055,0.013265151573115483
2010-09-03,0.012887802045452635,0.016435079326438846,-0.0035224308588275117,-0.01247271769422693,-0.00902530913127123
2010-09-07,-0.011336459765250727,-0.00676027299441363,0.006869477016186175,0.020260316503652554,-0.009717649865110861
2010-09-08,0.006998813416786068,0.011963466208006712,8.151368239010862e-05,-0.0079781209852012,0.01122751690134
2010-09-09,0.004608633684160477,0.0038839975636279947,-0.00941589256292226,-0.01993844293248568,-0.007572351937443398
2010-09-10,0.0050356052472383195,0.0036545921701137186,0.0013975570337529687,-0.0045829187205289595,0.026404206309205737
2010-09-13,0.011061935914919245,0.013851822398161365,-0.0009040527231120308,0.004874325599208627,0.007669604688620252
2010-09-14,-0.0006217163725958667,0.004224365372005132,0.019541363578779693,0.00958368730615613,-0.004122485032255531
2010-09-15,0.003810360875153859,0.006302175205477673,-0.0006452186217995678,-0.01494689582353231,-0.011873030684617118
2010-09-16,-0.00026518299372601747,0.0039715623886003425,0.0055517285681441755,-0.009924109616541221,-0.015345633673144982
2010-09-17,0.0003733330891393334,0.003381596976959509,-0.0007223690048193687,0.004040569427421314,-0.010056400794552318
2010-09-20,0.015174199442627398,0.017351853729283488,0.0026462613270080075,0.005785264677405454,0.01730723847431653
2010-09-21,-0.0020155017369461858,-0.0002050473870624167,0.009088067711881243,0.013791494310862504,-0.017307238474316533
2010-09-22,-0.0049253395300001505,-0.002666578417172349,0.0015066400907301708,0.008930132424693812,-0.002146243081163051
2010-09-23,-0.008144750120810552,-0.0004104190504250557,0.0007921275940181802,0.002864276649515332,0.0027585101903030407
2010-09-24,0.020412602714982936,0.020136800252504673,0.003083123365456964,-0.013532037442142332,0.022098776101649016
2010-09-27,-0.004801719261499718,-0.005451956564449983,0.00023676081451804774,0.01724154732690635,-0.004801925185013666
2010-09-28,0.003494620182754266,-0.00040468946739622303,0.00887775210309078,0.00681437130923002,-0.0015054361274048893
2010-09-29,-0.00174578354587618,-0.0016217268685846306,0.0007818489523424245,-0.004159083110369333,0.02234563498853084
2010-09-30,-0.0029748004430025904,-0.004473335399351853,-0.00031261851296128827,-0.0006629049900148289,0.02617193702021441
2010-10-01,0.004197212835535924,-0.0012238218146756144,0.0077875946216159906,-0.004844207454273268,0.022421853231741375
2010-10-04,-0.007532058047032044,-0.010872639649712261,-0.0034968907693697037,0.002577445231747995,-0.0011233057862364663
2010-10-05,0.019931733955144554,0.02404816976417063,0.019503402251400258,-0.006025018178789211,0.013951119073197503
2010-10-06,-8.581792741773718e-05,-0.008696107963772728,0.0062404468569036255,0.012487541455958779,0.005250768717532034
2010-10-07,-0.0012076169809069456,0.0036493843835467537,-0.010984948981022643,-0.0083713284020206,-0.02286131677274446
2010-10-08,0.005592870632937353,0.006857193689588836,0.009846345633438466,-0.004403818188207282,0.019271715986956973
2010-10-11,0.000943785616529839,0.00040230125989398853,0.004773561868528394,0.00019155444884594647,-0.015331395818207624
2010-10-12,0.003081365325626926,0.006808198465584517,-0.002497534484728762,-0.009930198508705104,0.0014035946657396275
2010-10-13,0.007746833877863685,0.008148479910131562,0.015863209004852077,-0.0015508713547694986,0.014204341642221542
2010-10-14,-0.003908388585654898,-0.0019812188861046414,0.005059103545827353,-0.015057294246142605,-0.004434592848067865
2010-10-15,0.0020411394432597657,0.020999962962665628,-0.007972380291158545,-0.012290593707337857,-0.014831635255493476
2010-10-18,0.00491590541026148,-0.003697350764146169,0.004478333523156747,0.008045091090684365,0.022579288399595315
2010-10-19,-0.013191315394722593,-0.00940023425573783,-0.03154691181467764,0.006017420389449349,-0.04683507270469786
2010-10-20,0.009718714752881984,0.007253784078404701,0.009256897200788577,0.0021612785105365492,0.02763318491396824
2010-10-21,0.0022034209715054228,0.0019517873279186356,-0.014187944908196784,-0.011945018938421467,-0.021011610387137114
2010-10-22,0.0018604585165040096,0.0068008191809627565,0.0020061311504169905,0.00673023414603687,0.018197920530135758
2010-10-25,0.0029531992570801776,0.004829481774953941,0.008596340971850403,0.002856912396886823,0.002251563428299096
2010-10-26,0.00016836255400180705,0.0026942692539096247,0.0002292345407023127,-0.015562798928616195,0.003087738884161358
2010-10-27,-0.002868068970897162,0.0030701708098416574,-0.01044556780572793,-0.008830205996789447,-0.007313735605757477
2010-10-28,0.00016890278442003787,0.0021057837890222646,0.01319240759250659,0.0027179942428130054,-0.0008473035482535107
2010-10-29,0.000759794753276704,-0.0022970430249258217,0.010460109173882851,0.009303641648199025,-0.006235882688011587
2010-11-01,0.0003376336151183329,0.0007662395432741252,-0.005292194751345636,-0.004315222111074653,0.018033827936793884
2010-11-02,0.007899218552641765,0.010666655092921558,0.00431154796969714,0.013058399512004925,0.012763743556098349
2010-11-03,0.004009647237167399,0.004536939900955216,-0.006968127295408858,-0.020611279534793824,0.012875159556164775
2010-11-04,0.01907474977337767,0.012185083906043026,0.03333635562596672,0.007754218716172571,0.020208150046897393
2010-11-05,0.0037555603609583676,0.0,0.00256970222394171,-0.0173023292826248,0.004258719255020811
2010-11-08,-0.0018753588893595072,0.001303362448416499,0.010213058409749015,0.004481260708547897,-0.0031924141530275366
2010-11-09,-0.007210707979340395,-0.005410633722534552,-0.01602260183973123,-0.022295925354752312,-0.012872249470928802
2010-11-10,0.004021281175212478,0.00503854553488649,0.012095658550698336,0.0013492807908556971,0.02636993059474216
2010-11-11,-0.0037747486129996823,-0.006349556545369944,0.0030556455565671583,-0.0005184241089147263,-0.005271513528552897
2010-11-12,-0.011908698098774036,-0.01643217106156542,-0.029263198316056956,-0.005412076838529426,-0.03687670992410673
2010-11-15,-0.0014149716201039963,-0.0038161006084939768,-0.009545029587657348,-0.02109554717698203,0.0008222222964255216
2010-11-16,-0.01570246017245278,-0.01657727919646954,-0.011010377007280064,0.024533381808352194,-0.029188986088745334
2010-11-17,0.0005079068480474997,0.0029110645978338606,-0.004514997714772795,-0.005527875257628115,-0.020519420924359294
2010-11-18,0.014610628770484854,0.015957472073420402,0.013030179764404218,0.004069955621157692,0.02192884290602882
2010-11-19,0.0027475685351833865,0.0007626705864426504,0.0008324236217627286,0.006127842903859118,-0.00791855875393745
2010-11-22,-0.0008318555190325314,0.00835104436299789,0.009635717541740217,0.004234990928662426,-0.004838546014007975
2010-11-23,-0.014582801268892732,-0.016003465130045545,0.006943235453942185,0.004937551027729345,-0.0028571012041507075
2010-11-24,0.014665984426766115,0.019964200155867032,-0.001712729779152155,-0.018012221378696444,0.03182025543500028
2010-11-26,-0.011715614607912766,-0.006610381083614238,-0.008006268905469849,0.013797087963309198,-0.003053454300041633
2010-11-29,0.0030255153558245342,-0.000758664373128434,0.003000481613543358,0.008514408131775168,0.02226889434262342
2010-11-30,-0.005638477881914039,-0.012211278034140632,0.014204706278409088,0.005195001067019441,-0.020324727843629896
2010-12-01,0.02104486943059292,0.020897418542108515,-0.00029537138827830117,-0.022479870315103866,0.03167932364499955
2010-12-02,0.012727214452171804,0.010101046466577484,-0.0013305341112288544,-0.0026103242056227747,0.015206367055908613
2010-12-03,0.0026889494385730953,0.002602042091828057,0.021005714938510268,-0.007872544931347194,0.014195845715225475
2010-12-06,-0.0010580618746139406,-0.00037143349261635846,0.007504135483824827,0.014022470486629236,-0.0023520238083759946
2010-12-07,0.0005697889866585217,0.0005570174467611059,-0.01894037683401103,-0.02163911212506349,-0.01104988830902533
2010-12-08,0.003656902658682578,0.0037055954476949587,-0.012606652684668887,-0.00971035304997571,0.004223867181556006
2010-12-09,0.0038862946065879676,0.0009236520845113861,0.004293772187225958,0.004920346680180723,-0.0005270213130363296
2010-12-10,0.005801026253802313,0.006628660207015258,0.00029550591176138747,-0.006100993931681059,-0.007407409133194721
2010-12-13,0.0006422703192870498,-0.0034930326102319493,0.004715247621070945,0.0037501050699679404,0.006088689744712827
2010-12-14,0.0008823981483634271,0.0018397815647431014,0.0009549986110493081,-0.014651843859875557,0.0002639434270407325
2010-12-15,-0.0045822152461581535,-0.004420949679353652,-0.010927425511095372,-0.01310908387261012,0.002371859032301767
2010-12-16,0.00578493671173845,0.007724482954447499,-0.0066291956887806385,0.006903988722972784,-0.005807862537204573
2010-12-17,0.001070453859526429,0.0008808932500228052,0.002910336725632516,0.01807249249753799,0.0010585053795479015
2010-12-20,0.0024106966538844803,0.0007336718485339086,0.006758064192099476,-0.0010734018555717555,0.006327410033041263
2010-12-21,0.0063202471660324805,0.006029423025423815,0.001553132048372285,0.006954543247294897,0.006287725142830417
2010-12-22,0.00310559107053718,-0.00018180838391635765,-0.001997295201813413,-0.007168531459468864,0.009099204148915324
2010-12-23,-0.001432323299610998,-0.0025541298755718312,-0.0028919925235061706,-0.002042344703325542,0.00876068878739308
2010-12-27,0.00039809114705913006,0.0005479141582202572,0.002669836944532674,0.008891657550399962,-0.006950741397231819
2010-12-28,0.0014315145865731135,-0.001827868177487216,0.0161625389018061,-0.019778310569842174,0.005153342136272004
2010-12-29,0.0007150293745853191,0.002192898006036966,0.003564587333997068,0.016777106177803886,-0.002315713195341444
2010-12-30,-0.0015895781610679566,-0.0023750392781496984,-0.004950202442879679,-0.0007522360053255231,-0.01819651911337202
2010-12-31,0.00023882110997067968,-0.003666139091188589,0.012257650782176114,0.011004807458185233,0.022822595363457515
2011-01-03,0.010284696675184897,0.015487375334125256,-0.005203836674790001,-0.0075721473738925805,0.0012812106185464043
2011-01-04,-0.0005512126442483211,-0.0007236408928291346,-0.023832475368098148,0.0011770230202778533,-0.025153598740610097
2011-01-05,0.005184351393291541,0.008467814210652819,-0.0028240572403502554,-0.022273384909670388,0.01148834080613418
2011-01-06,-0.0019609543752662226,0.0032239535239126397,-0.004026801058528414,0.004363058672182821,-0.02204814100640959
2011-01-07,-0.0019641764036261466,-0.000894487543620505,-0.0018697884851869347,0.005320499851355562,-0.0002654847111284413
2011-01-10,-0.001259220614399178,0.0037519647454207954,0.004034322186689475,0.005399170356709529,0.013185845689916098
2011-01-11,0.0035375341268190246,0.0014252555509599947,0.005873031403827585,-0.005615665071861022,0.018430188278242693
2011-01-12,0.008984038320792637,0.007097507258363669,0.004068526754664966,-0.007828232175765644,0.0028252389788156304
2011-01-13,-0.0016343780623870128,0.0003537105584103448,-0.010463555902437563,0.00891055806186621,-0.008758431530320627
2011-01-14,0.007218343153707144,0.007395342757524411,-0.01019728850011685,-0.006404368112323049,0.006961395758344459
2011-01-18,0.0017005097219697468,0.0028029534078203113,0.005561341914815331,-0.004692069126080708,-0.004893728563872691
2011-01-19,-0.009854184933978478,-0.011436676582671975,0.0021711298182139015,0.007193088450857627,-0.004917794965834106
2011-01-20,-0.0013263574077506139,-0.007103422887764333,-0.01902521743105847,-0.013889031107805963,-0.02549083527845116
2011-01-21,0.002261689466052213,-0.007692909271805271,-0.0012965579493562846,0.007897407089317956,-0.0015983321164062276
2011-01-24,0.005670349582564558,0.013734281115874073,-0.005126436648875738,0.00043716246896790964,-0.015583282218513154
2011-01-25,0.0005420858932807547,0.0014158432552031162,-0.001996426218916223,0.009457810337066302,-0.018033271212288805
2011-01-26,0.003863409323925827,0.005292761383282484,0.008114547464887574,-0.015262752340562458,0.01586461131169377
2011-01-27,0.002464787193063388,0.006140350179713605,-0.02493473818294468,0.004493594037547695,-0.0250047340827495
2011-01-28,-0.01761692215238204,-0.02568569769450342,0.018202729323755898,0.005235814993568644,0.04462119956474299
2011-01-31,0.007488172593788952,0.0048325548649254405,-0.0031520585138855306,-0.007643789245174306,0.027039283374767947
2011-02-01,0.01588186394193321,0.018576724654706812,0.00713554983027548,-0.004963382676617558,-0.01408476370603538
2011-02-02,-0.0019140295569877945,-0.0015785578846921812,-0.002679474165923171,0.000220545495390102,0.002885263912450368
2011-02-03,0.0022201952557482606,0.0017540626399119837,0.013325916144528013,-0.008324569253671721,-0.0023600417941855344
2011-02-04,0.0028251323651463057,0.005592201084814491,-0.004093034478557125,-0.010193365957539195,-0.019886642296473134
2011-02-07,0.00623287783821472,0.004694371917276771,0.0001518114527852543,0.0051661229873433195,-0.018378903950708233
2011-02-08,0.004536426072469439,0.0065703246320925,0.011026520280860727,-0.009228176995650818,-0.0005457151014515147
2011-02-09,-0.0022657543436512538,-0.0017253191207819384,-0.0005258409922787546,0.008667619161068226,-0.003828262559416867
2011-02-10,0.0003780960638665234,0.0015526731533718275,-0.0016546424472632221,-0.011611940727194363,0.0010953154168974236
2011-02-11,0.005952596837559721,0.00721260955129104,-0.003997431521033765,0.014299202477704444,-0.013500733437754413
2011-02-14,0.0024009391396534957,0.002392912188482328,0.004749808107153751,0.0006695997139251513,-0.004726775607895993
2011-02-15,-0.0031527838052994267,-0.0013664855475661365,0.007642808665807496,0.004458292374023752,-0.013750789848762499
2011-02-16,0.006295583891534622,0.006474943334131871,0.0009699324016305088,-0.0032310322756713365,0.0039480985650351946
2011-02-17,0.0029840483713142025,-0.0003399654772664516,0.006985145327737571,0.0015619041172285153,0.014806880182705049
2011-02-18,0.0020833321440260556,-0.0022110013769437967,0.002736258909305569,-0.003123544939463144,0.008285030236953964
2011-02-22,-0.020273776559619896,-0.029373183081067726,0.006477679138460114,0.014862925793320667,0.056929224807896056
2011-02-23,-0.0061633732154842925,-0.008275401753770327,0.008911682609680623,0.0036251055192991323,0.03346838221753807
2011-02-24,-0.0006873402031499354,0.00528988306898767,-0.007518549348772146,0.006342751096793188,-0.021074742446265775
2011-02-25,0.010636314847756775,0.013798010429039099,0.006572791889415744,0.00586938846648701,0.018055139432800935
2011-02-28,0.006177318794148647,0.0020796617129108827,0.002036059244667372,0.0012989542792368291,-0.012425712937927812
2011-03-01,-0.016813633641905433,-0.016229257244175982,0.017069773077460833,0.002894896870201945,0.03238643650115279
2011-03-02,0.0021364091337744257,0.005263358863101094,-0.0007858590263391696,-0.015492764020966911,0.022231277343468768
2011-03-03,0.017077744181302677,0.019583516775919043,-0.013165197646376121,-0.009833475620505289,-0.005086582003867676
2011-03-04,-0.007520402822642,-0.005161849860027994,0.009083177750322635,0.008293113022360694,0.02754338877907779
2011-03-07,-0.007881946633727294,-0.013546517687747799,0.002651630947559652,-0.006407944278548324,0.0009444416397359005
2011-03-08,0.008711648697102784,0.0040135279286048625,-0.00257991119154468,-0.006113144392037166,-0.0014170422394227844
2011-03-09,-0.0014339330842453213,-0.006814932232840572,0.000358740549755809,0.009654039998884931,-0.00616412891447959
2011-03-10,-0.018679215862927402,-0.015728721900235058,-0.011833598965568962,0.01664678387386833,-0.015578450587084989
2011-03-11,0.006902343199095357,0.006214578522244729,0.0032609684267887263,-0.0056635327409728636,-0.017298589424734803
2011-03-14,-0.0060561077200682574,-0.0035466231867201142,0.004619608225729074,-0.00043723534399619086,0.005392199947952311
2011-03-15,-0.011523183212719007,-0.014314182533191055,-0.018827992605934686,0.01486085644122697,-0.03786256672373862
2011-03-16,-0.01868662385812386,-0.0244448265608403,-0.0002201664404463368,0.011241029235456728,0.007335328619868756
2011-03-17,0.013148382774894263,0.009191399828709782,0.005343855984731355,-0.007695226855151498,0.025135038155917704
2011-03-18,0.003630402804389851,-0.002256482832601077,0.010169288734282928,0.002678739128209983,0.006857793090315908
2011-03-21,0.01537906632874308,0.019100133127686852,0.005549394715688909,-0.005902574666796888,0.0038976868577543593
2011-03-22,-0.003474517980253368,-0.0018030679484677824,-0.0006470134817238508,0.003331168472277947,0.019263760249309776
2011-03-23,0.002857697290261667,0.005579844405545868,0.009234421102419529,-0.0012880603996570593,0.004283688207163711
2011-03-24,0.009517846224592653,0.017614503165566835,-0.008012599220911064,-0.007546752807155879,-0.0014258883927239375
2011-03-25,0.003051019410509122,0.0024662303518372015,0.0002872255603370287,-0.002492386828745997,0.0030868140103796704
2011-03-28,-0.0024397350272179204,-0.005468995700650474,-0.005183605936138139,0.001408876678180381,-0.018182370525291938
2011-03-29,0.0066961742505056415,0.00968219687271212,-0.0023847279396549065,-0.007721774571073394,0.009850017467406616
2011-03-30,0.006877298807506034,0.004719109146248516,0.003322680368145147,0.007938417453163994,-0.004072397057695098
2011-03-31,-0.0013566380785665362,0.0013939519377326268,0.008544930078369888,-0.0020595573853778525,0.022312785286439957
2011-04-01,0.004214813632751955,0.0005222787780876557,-0.0047302006629672795,0.004849643713213006,0.013291549695834768
2011-04-04,0.0008257180836158488,-0.0033121284682454343,0.004587159742600465,0.0010841349250550352,0.0020826145729967694
2011-04-05,-0.00014990957693666358,-0.0026225051354589737,0.01568024406451237,-0.004017432505520687,-0.0037054200189235074
2011-04-06,0.0031471258403082043,0.002447890333784268,0.0023204441860725563,-0.015127154832965712,0.006244971512821841
2011-04-07,-0.0025471730545493475,-0.0006986881913929194,0.0009125601693485474,-0.0019892586111586066,0.014194440296971447
2011-04-08,-0.0034561195156615817,-0.0047297024270462696,0.008037287998853247,-0.005327031539701515,0.026027940142489443
2011-04-11,-0.003015366147196148,-0.003342068251880128,-0.007125452862238653,0.0008896594669033049,-0.03401616667994941
2011-04-12,-0.007502008148496091,-0.006894972446476089,-0.0072471647308646366,0.010725560499194571,-0.031187078962973694
2011-04-13,-7.578266870703719e-05,0.00847946188944385,0.00204573660814561,0.00624902225148979,0.010582127366930764
2011-04-14,0.000760148289043575,-0.0017606733318478892,0.013370425768477334,-0.0007662801725103055,0.012321410950670655
2011-04-15,0.0036419601416466173,-0.001763778770896581,0.008585564685085078,0.013471473910988869,0.00988628159629357
2011-04-18,-0.011271864862594974,-0.007085848097591696,0.006048472882944081,0.002263979269540338,-0.01917134625778352
2011-04-19,0.005727765258937807,0.006202829201301807,0.0,0.004297599367182364,0.0016311245217472685
2011-04-20,0.013539893083519392,0.022363137722039236,0.003898423967414405,-0.006454009325915456,0.029140536840829307
2011-04-21,0.0050961874159077426,0.007915821496039336,0.001636922263399478,-0.0008632850880131372,0.007883777076825808
2011-04-25,-0.0010471753951966358,0.0025680322443649194,0.0008854577994363184,0.0037725022046318367,-0.000897888190791859
2011-04-26,0.00856810472725017,0.005625897953183705,-0.0033417949897760106,0.009635236709158033,-0.0011234522696829889
2011-04-27,0.006507367671527373,0.006777517219941059,0.019081653785337462,-0.010279960247591516,0.01206720599571555
2011-04-28,0.003238349461667241,-0.0015211033825062727,0.004146955091005261,0.0076134695250081276,-0.004229246634840486
2011-04-29,0.002347815555786302,-0.0008455998032983632,0.01687711902897774,0.0030934145412213404,0.007112714647008941
2011-05-02,-0.001540340465999641,-0.0018635637846489744,-0.012946818420868185,0.0016035521093611391,-0.004884583784443241
2011-05-03,-0.003603332622470219,-0.004759751996669251,-0.003529916511002363,0.005643456406479001,-0.01909952349030699
2011-05-04,-0.006652991512209418,-0.001534330322848785,-0.014448752090855678,0.004450747367168902,-0.018777824658609266
2011-05-05,-0.009089691732951922,-0.0054757869424658006,-0.029260291794056918,0.00946990708240148,-0.0954950942077738
2011-05-06,0.0044063363641275105,0.0032546727359018994,0.01267462896066856,-0.004408582698238233,-0.011510570132664297
2011-05-09,0.00386733024119622,0.003755444529412589,0.014213726890232377,-0.0010517429251500022,0.05017355405676517
2011-05-10,0.008499708385018864,0.00848333960853982,0.0035220099792790545,-0.0071862306036742825,0.005125158191526261
2011-05-11,-0.01058066957924968,-0.007291424165396227,-0.009237945533017843,0.005711252354489866,-0.04302549354694442
2011-05-12,0.004749734230184154,0.00593887547834573,0.0003411664040718726,-0.006348687234133543,-0.0017804836770097302
2011-05-13,-0.007729387089485945,-0.011912859378855523,-0.006570357296572971,0.008980552593977816,0.004065042505381054
2011-05-16,-0.006361583148239623,-0.017443117668328643,-0.0017870091740066025,0.005558896165507552,-0.02386259067308486
2011-05-17,-0.00015013831604886673,0.002783540641956591,-0.0043431154594507256,0.010198140116255876,0.001038175976834381
2011-05-18,0.008896569666102163,0.008304958125553763,0.005924110292412172,-0.013341276144018269,0.024344591688644526
2011-05-19,0.0023786553767224414,0.00292475763318271,0.0003432638177482088,-0.0004190763181895361,-0.010945770651097442
2011-05-20,-0.007976556130327377,-0.007587783287526752,0.012553972615642393,0.0005249971811912411,0.010186019346142296
2011-05-23,-0.01166881469131529,-0.014822505381494587,0.0023025631834914487,0.004814183741067526,-0.025662172106617354
2011-05-24,-0.0008335270418816317,-0.006168385902488215,0.005127833323306366,0.003751500690171326,0.02083670391379761
2011-05-25,0.0033295706336328884,0.0038815636827258856,-6.726457516765322e-05,-0.00469170106204539,0.01641247630859802
2011-05-26,0.004596602746457595,0.006144334039659617,-0.0024258812883911256,0.008532343184412068,-0.008298848989760823
2011-05-27,0.0038274631643429847,0.0050622238238985165,0.009935606280794308,-0.0004133800985942408,0.002773942359686645
2011-05-31,0.01035727860050563,0.016064088511672556,-0.00040086563861292825,0.00227706487797954,0.019698952024668422
2011-06-01,-0.022717174803754105,-0.02200198418419002,0.0018027330517969423,0.013424381927863396,-0.0244950896497376
2011-06-02,-0.0010621238087443355,0.002100051707753545,-0.0027387456222016378,-0.019233726235177568,0.004040405644838008
2011-06-03,-0.00999454823261968,-0.015146580264536011,0.004804501553227066,0.005725821237762191,-0.0005041708633441472
2011-06-06,-0.0106376835311546,-0.008196904860769542,0.0017292622165884623,-0.0076060949742740615,-0.016781473114603276
2011-06-07,-0.0006195486918426811,-0.0017907089855476986,-0.0003987873752467306,0.004592125246921126,0.0012812106185464043
2011-06-08,-0.004196260216317707,-0.007195625780469241,-0.004063560992703724,0.007778772984755996,0.0202795101974683
2011-06-09,0.007602046492666597,0.001803942873602063,0.004993851388959323,-0.004037547226951392,0.007250961216961252
2011-06-10,-0.014007987697821743,-0.015436817175291065,-0.008805874461023683,0.0076466496342857,-0.027018426906643724
2011-06-13,0.000783681785708399,0.0,-0.00989874533208827,-0.005057975573671172,-0.020949981113888416
2011-06-14,0.012605864007881384,0.012729602403807345,0.006072032480570563,-0.015219914373820262,0.021717507824193075
2011-06-15,-0.017945966772309904,-0.01915581016399569,0.003022245884073787,0.01801004165475899,-0.0396503852567852
2011-06-16,0.002202468116797541,-0.0038756728810382256,-0.0010063666073081164,0.004529549228929085,-0.00426677079607021
2011-06-17,0.002979868453987678,-0.003136518407275867,0.006490278771680714,-0.004735705064499639,-0.021337665963130383
2011-06-20,0.0051030352718654925,0.005191392797098549,0.0006000356050579211,0.001237197477162328,0.002453993045540688
2011-06-21,0.01361096052532544,0.021227118771014575,0.004853865999923359,-0.004441312181101901,0.0019044950060669867
2011-06-22,-0.006044083573174266,-0.00726884669170088,0.0015245138749051255,0.0006201432585714041,0.008390834482671824
2011-06-23,-0.0028798136323872968,0.009258270767812347,-0.01770673421621351,0.0076281505043805185,-0.02982029743492448
2011-06-24,-0.01168108521360403,-0.017499170950837698,-0.014121089335867159,-0.004218310835480144,-0.005569408689939893
2011-06-27,0.008871608497703999,0.01587144039059557,-0.003630257057320092,-0.013809914602606816,-0.004758636882568986
2011-06-28,0.012968368974797544,0.01473317158176739,0.0034935800405475424,-0.00808276969514223,0.021649438546240837
2011-06-29,0.008527673383080124,0.004093153725233345,0.006407132466265777,-0.006661611395077236,0.02199685156568159
2011-06-30,0.009517222408930414,0.01323406653023157,-0.008049656026433037,-0.0015936671841979646,0.0002686218914101608
2011-07-01,0.014667857446571484,0.014961660556660662,-0.0073558050101630275,-0.0015997407592456916,-0.002419685243252586
2011-07-05,-0.0008220461381596708,0.0049952030580317506,0.018458359922485637,0.0022406759309112185,0.021569137386290557
2011-07-06,0.0011955206426691681,0.0032596701534520736,0.008632944574224394,0.005101250855355323,-0.0018457407015182172
2011-07-07,0.010321801197648164,0.013607766055780176,0.0016103488438778855,-0.0029726741813822814,0.018824117162269872
2011-07-08,-0.007117483494371087,-0.0027070447045848666,0.007348103376555757,0.014044253825865653,-0.021202243642307803
2011-07-11,-0.018245649654358216,-0.01829289872466946,0.008878910398621733,0.01488248888696139,-0.013583863699678053
2011-07-12,-0.004328694658392989,-0.007619759501401693,0.007754066530314864,0.003403211391566333,0.017017145004290034
2011-07-13,0.0033432155956372245,0.004163373698316987,0.008927726045871467,0.002775678182186891,0.011012124278456745
2011-07-14,-0.006926591330266261,-0.01166755142644685,0.002591642671108347,-0.014373353313258206,-0.02108113013284493
2011-07-15,0.005787932266124368,0.013224677647168474,0.004261669024496625,0.001665387237988672,0.015328043989753402
2011-07-18,-0.008234501966825108,-0.005373279305549483,0.008788653016896502,-0.009718293508810425,-0.014263340246580693
2011-07-19,0.0161010892364927,0.02251174383089248,-0.012274058243285656,0.02057684268607242,0.01740549863719008
2011-07-20,-0.0006031661049758079,-0.004257157967764655,0.008755048684885084,-0.011899573956133988,0.00391393905756544
2011-07-21,0.013775692213102448,0.006633164898962357,-0.007656478889253896,-0.007732634539295801,0.008298794604689132
2011-07-22,0.000669099332531003,0.010287503410122713,0.008297158381419902,0.0075243960568322854,0.005408875526655007
2011-07-25,-0.005588615114930152,-0.0020156935565739122,0.007784134589571454,-0.010991795326863807,-0.006442490986604464
2011-07-26,-0.003743096131373201,0.002519073788338759,0.0027292577237113358,0.006818317716932733,0.003355302290942756
2011-07-27,-0.02068782147828876,-0.026165232271552697,-0.003683023077966326,0.00010522683393384533,-0.021881574372934982
2011-07-28,-0.002914313165900558,0.0017197562723155547,0.0008267138480823339,0.003755872107724636,-0.0015814808896180514
2011-07-29,-0.006857521394974579,-0.0032703692478650006,0.006146757162875088,0.01959381376738884,-0.01300965358981174
2011-08-01,-0.004261965573954459,-0.004665941550265691,-0.0036074345335545903,0.010042528064645648,-0.005896490125202237
2011-08-02,-0.025879457521401597,-0.02561558483262342,0.023807683707060965,0.02958420920601659,-0.021739965225781532
2011-08-03,0.005403948282544956,0.009550859877342452,-0.00018574519969141986,0.0019678995260570993,-0.014946331365057082
2011-08-04,-0.047973970260533134,-0.04758524385547423,-0.0052774225526159586,0.03496288853473073,-0.06123484969523876
2011-08-05,-0.0014979178390654533,-0.006296117349108608,0.006886100677144776,-0.0292778276048883,0.00650124097499987
2011-08-08,-0.06734058006605467,-0.062077349863116554,0.032660154649896335,0.03107918419442134,-0.07458391344418103
2011-08-09,0.045450487325990586,0.04710418264876515,0.00887627137888437,0.0030273468682143396,0.003484895289578968
2011-08-10,-0.045183293938764454,-0.04178120661007439,0.03479474038575463,0.029319522703443766,0.005047324392238259
2011-08-11,0.043905871123031,0.043100576053088285,-0.022182601344645846,-0.051765945219583734,0.046720191360518644
2011-08-12,0.006710413820171231,0.00881183368830117,-0.004578540379765363,0.01960882041987943,-0.002104305484414991
2011-08-15,0.020943893676909464,0.014639752320245792,0.010709069242453939,-0.01018737289783078,0.029357235545371434
2011-08-16,-0.008575829258424079,-0.008498336368136522,0.0122643855311679,0.016419372391610627,-0.011462267218468566
2011-08-17,0.0006687647672890809,-0.005954462436915809,0.002870760456120654,0.01735787949471941,0.005306512749156495
2011-08-18,-0.04407554594103689,-0.050331258972552084,0.01874311163551858,0.020330779880411157,-0.06970717454738472
2011-08-19,-0.016465516905258354,-0.01822207590481501,0.012469732629723616,0.00803547418372569,0.01253148070509833
2011-08-22,0.0007990161877660769,0.0035916834876221788,0.02545811201523618,-0.0025214403054497165,0.018507693217436845
2011-08-23,0.032380438914175344,0.04039943764092121,-0.03820924283947087,-0.01388926736521371,0.02116791933595909
2011-08-24,0.013986148370793742,0.007812072932177884,-0.03447040239609572,-0.02884276488143641,-0.010225542870250142
2011-08-25,-0.015361436482443896,-0.016456756856957723,0.004127831942992827,0.010762251016008115,-0.0033308313995057117
2011-08-26,0.014429232846791984,0.024772765139911924,0.029216271136055655,0.00981928678928608,0.005444668553098436
2011-08-29,0.028330998205358785,0.027475062212711655,-0.02037867554084576,-0.013923071907651227,0.024140571822754843
2011-08-30,0.0026332919232133763,0.006570637243258595,0.029521431261488856,0.015948113807155793,0.014035305200489975
2011-08-31,0.004428087464504834,0.0016356200351054031,-0.007735058209084623,-0.015574090503941302,0.0020304487881521527
2011-09-01,-0.010527977863828674,-0.009122137235600517,0.0008436339994106385,0.020976093177519518,-0.0011596725305300845
2011-09-02,-0.025882096020783077,-0.023739866335662323,0.0297438800607099,0.03196927550112258,-0.024373598981145394
2011-09-06,-0.007324014052897422,0.000187481899375692,-0.0018572769704758563,0.01034569701496939,-0.0014874087942619806
2011-09-07,0.02781681979547534,0.025017469489227853,-0.032337903821831465,-0.019272845702453707,0.032223013227279496
2011-09-08,-0.010445761390288296,-0.004585685814023939,0.026360554098634244,0.008927148687484362,-0.006652216862183592
2011-09-09,-0.026559098059009127,-0.022497980523167288,-0.006123991593192362,0.010609509214240946,-0.01786025025133588
2011-09-12,0.006448952630845923,0.01270562228972152,-0.022554605449326134,0.0010550595240895668,0.016698783305367254
2011-09-13,0.009129245849161052,0.013279172904394418,0.010529052886616642,-0.014334447872351134,0.012415355836358536
2011-09-14,0.013749578093056025,0.01419003071498372,-0.007477120273184911,0.00843068615831879,-0.014742233509571125
2011-09-15,0.017109776002302596,0.014703488384874541,-0.015984031396099732,-0.015406496444524262,0.0075427780503569365
2011-09-16,0.0059010906629821756,0.009124521656811442,0.00930295164559379,0.007243180797406079,-0.013383938474738408
2011-09-19,-0.010007247133244614,0.0003534980313498446,-0.015572543748898304,0.018886904009739316,-0.02521262039988721
2011-09-20,-0.001164202227936647,-0.004426155494943144,0.014151321817653911,0.004188142937801429,0.00419663047230158
2011-09-21,-0.029900963011749153,-0.01754150704131047,-0.012537030407863034,0.032547973967131535,-0.015373389373284894
2011-09-22,-0.032858178942196954,-0.03304217006491158,-0.026501628577849823,0.03689721746859236,-0.0559083626929971
2011-09-23,0.0060070438802408135,0.010582110182273636,-0.0562714947767603,-0.018775216893749294,-0.0012857285159215313
2011-09-26,0.023501644716699726,0.011567232962642487,-0.013989774992148278,-0.016185492031626003,0.012148460278661621
2011-09-27,0.011121640173502758,0.01035141737830717,0.019170336530176878,-0.015426721098725862,0.028197345683814795
2011-09-28,-0.020630273271027972,-0.014926250334843374,-0.0278383359714093,-0.00034179866166937466,-0.03521265875866949
2011-09-29,0.00787250578342172,-0.011991051956953663,0.009429196621174493,0.006897385695711293,0.02277856541153184
2011-09-30,-0.02530632071175381,-0.026136640069711996,0.0022802177134303657,0.02480855187725967,-0.04739918810056277
2011-10-03,-0.02887047406702748,-0.02605586351764807,0.01818123629201861,0.027148321596463222,-0.024905820157464675
2011-10-04,0.02168619691611193,0.020323542598291635,-0.02084198016777855,-0.01276158457547569,0.005699934204373873
2011-10-05,0.01834598300029104,0.025351955436136577,0.011479200723122179,-0.007225124381762553,0.030619686102566556
2011-10-06,0.017928935139037528,0.016672980843235236,0.006438520382399495,-0.01863022652588372,0.03629813944889166
2011-10-07,-0.006717818043184302,-0.006635742869918688,-0.008196078194995479,-0.00741439134917974,0.0018744576829222825
2011-10-10,0.03289846746442005,0.03400008747096657,0.025369706940620972,-0.014225115433843446,0.03676886970796782
2011-10-11,0.0010032692581501482,0.006769717015356259,-0.007191831911733941,-0.0033509838746032944,-0.006943525464758728
2011-10-12,0.008733356192376222,0.00495925937810348,0.00713052198207639,-0.014653746504613306,-0.0027301748303561473
2011-10-13,-0.0019896623946349347,0.009145404806814542,-0.00589749505275014,0.009907799110426753,-0.008235417730660353
2011-10-14,0.016949541775052222,0.01838746345833894,0.006754651748949264,-0.014635207121993262,0.036684732837086356
2011-10-17,-0.019276089370808783,-0.015589974953138585,-0.004784984318897891,0.017140547019476343,-0.01307592573314096
2011-10-18,0.019358082921904732,0.012318977726491086,-0.004807990522259361,-0.006229960415101533,0.02130892113765726
2011-10-19,-0.011899926789416138,-0.01950271225022627,-0.012247215797121397,-0.00034796484080101424,-0.02490493726528722
2011-10-20,0.004365846192128795,-0.004935578734701402,-0.013222651084731378,-0.007145768312323368,0.000600253823603906
2011-10-21,0.01880974769020316,0.012468251088346897,0.01103102964708361,-0.010639180881538306,0.015481007023838488
2011-10-24,0.012185886885966295,0.020555411089378153,0.009359274408804371,0.0016779975168681937,0.04420776464082222
2011-10-25,-0.019635257734052124,-0.01985752244451444,0.02798622413330745,0.02509790500267955,0.011801153174054708
2011-10-26,0.010107701708686965,-0.0012216060147495675,0.010871290055837372,-0.017624451812530455,-0.02088695343267079
2011-10-27,0.034242028282384165,0.027215027123737724,0.012761764976101417,-0.03448477196344901,0.03227437983089776
2011-10-28,-0.00023350692272788536,0.0015280547978891103,0.00041272557597136334,0.010462092954287858,-0.0049834076139087325
2011-10-31,-0.02440072209091204,-0.01693931325202816,-0.013532963163571735,0.03888889447191063,-0.008081334185277
2011-11-01,-0.02828483711795864,-0.026402644905534237,0.00023905679353779965,0.03292634838696843,-0.015224452416070192
2011-11-02,0.016179640078856434,0.008468817572322474,0.009986961282971352,-0.012551864972622522,0.013263843759146889
2011-11-03,0.01806312958756013,0.020518646875557673,0.015611583405325672,-0.013829116909299069,0.01805859729306098
2011-11-04,-0.006117401640358847,-0.005176712731983685,-0.005079236179332056,0.0012025402018053242,0.003847198809381945
2011-11-07,0.0061966139506823325,0.007068481435890201,0.023885642975553973,0.006333168126512681,0.017131651475431945
2011-11-08,0.01274894124091057,0.01144425674641524,-0.008321169193389317,-0.012879162275031395,0.009125134454088395
2011-11-09,-0.037607715137502544,-0.035788974897452315,-0.008449074737466438,0.020527785302171645,-0.011554617425353325
2011-11-10,0.009374335648326175,-0.0005282356578991017,-0.0054194819068881525,-0.015012296514924302,0.01927257748325666
2011-11-11,0.018647796475028892,0.01866915843804813,0.016343494900231577,-0.0061203782627372175,0.012906747370915172
2011-11-14,-0.009519624241826964,-0.0062425228301081935,-0.004378447815266984,0.015955421552764346,-0.009202075595942185
2011-11-15,0.004929953818862858,0.011071085524353723,0.0009233822403350991,-0.0013623514131355285,0.01494325061538042
2011-11-16,-0.015990598049009836,-0.016653085150808104,-0.01072881883307553,0.009076200338407522,0.023403404321774287
2011-11-17,-0.016003996035305196,-0.023717817615505402,-0.026049069788272285,0.007990029688281304,-0.028621281105225993
2011-11-18,-0.00106512011658024,-0.00773146455440234,0.0031070114130365514,-0.0002506907696397796,-0.0107824805732355
2011-11-21,-0.01920273135752253,-0.0193192831100064,-0.024886493203201684,0.005931406875731258,-0.006099993525792505
2011-11-22,-0.00393540617920511,0.0033076070878258657,0.011009493958958352,0.011099421552621658,0.006099993525792473
2011-11-23,-0.022313054477986368,-0.02281929727079994,-0.002907833444255293,0.009755881539563282,-0.017605145321749865
2011-11-25,-0.0018888936276798792,-0.0077236063518210316,-0.00871350577932607,-0.014627420653971993,0.0
2011-11-28,0.028555157220573384,0.03420428609232579,0.019574669781168473,-0.0004969310693712603,0.018398029730217817
2011-11-29,0.002836193085619698,-0.006232780552267154,0.0014992056580314238,-0.008233349944871042,0.018325140648816355
2011-11-30,0.040325364331631156,0.03629506649708189,0.019287858882640098,-0.015738356686190672,0.0059485381184272495
2011-12-01,-0.00016004078860256147,0.006892653796082766,-0.0029432561018175956,-0.005030343480540781,-0.0043932922525927775
2011-12-02,-0.0008805241688923869,-0.0028219280540383875,0.0011194724078150643,0.013919127376856607,0.010819223832235323
2011-12-05,0.010833232052836482,0.010890836118379743,-0.014830905352806206,-0.0020243369179166917,-0.0005125694245149768
2011-12-06,0.0003167303063247804,-0.0027992939764866333,0.005126600507155191,-0.009589947092535477,-0.00025633436234002587
2011-12-07,0.003715762592059099,0.0,0.007227955332883408,0.0035752179799158094,-0.004883665363853609
2011-12-08,-0.022180634402684647,-0.016961494768958692,-0.020395472758271072,0.012412880996257774,-0.026898151003259027
2011-12-09,0.01680009420171494,0.015909669463434487,0.002527218277842403,-0.020774667703576083,0.018878411531204647
2011-12-12,-0.01470487033601128,-0.011287519580421554,-0.026859852864766727,0.011077088629676475,-0.016234944778521564
2011-12-13,-0.009382997891290571,-0.011058040224308022,-0.022095571965698058,0.009278003501402525,0.019088029569049196
2011-12-14,-0.010702879039627704,-0.015725483460784905,-0.03572036229643507,0.01871393969260641,-0.05182508783495193
2011-12-15,0.003607600593055321,-0.00273650500789429,-0.0036694724115009882,-0.0037150650055752478,-0.014562663526653936
2011-12-16,0.00148149899484522,0.005135289276854646,0.018858628346003374,0.011594059121203756,0.003867391193150518
2011-12-19,-0.010749088867868463,-0.009891633699633499,-0.0023218367153054562,0.012592199291338783,-0.001931826008410288
2011-12-20,0.029811231512836777,0.02920806623728155,0.013532357682449965,-0.02526194559873288,0.03688055099525448
2011-12-21,0.0019347268658580013,-0.014406831791390403,0.0011460365099759205,-0.014007392597814703,0.01453703999863616
2011-12-22,0.008819784860002025,0.008489638021554776,-0.007152076380172022,0.004190119016354424,0.004450803794665493
2011-12-23,0.00890095648041302,0.008595933778936037,0.0017288576765001683,-0.011183380236172349,0.00547097620756407
2011-12-27,0.0007911828766968231,0.003722909058150973,-0.008996872529867412,0.004739558636679867,0.014700449703511803
2011-12-28,-0.0132104881808334,-0.011624968033903796,-0.025365842262780703,0.018319663888428806,-0.018605219009672453
2011-12-29,0.01028098396077683,0.0071698346590999065,-0.0045791131052559195,0.001821310223683855,0.001824096787845037
2011-12-30,-0.00492815873285216,-0.0028613967219893776,0.010915393959510784,0.0032224152078027236,-0.00784110748391378
2012-01-03,0.015810889559274923,0.01898348949226783,0.025528278105768725,-0.015124336293354673,0.04062250129325342
2012-01-04,0.0015672878855364837,0.0042090007553449,0.005053962921992179,-0.011960567925847449,0.0020136385353304313
2012-01-05,0.0026585731746173774,0.008191688838111114,0.006804643552456634,-0.0017818218138148422,-0.01520176979849021
2012-01-06,-0.0025803693405518006,0.0034658987664050564,-0.003682789348313295,0.007863518671961845,0.0012757509613209783
2012-01-09,0.0024244353799939638,-0.003291913479304691,-0.004462850601680474,-0.0017693735862537024,-0.0035759778641154564
2012-01-10,0.008633093515467696,0.007262620279504946,0.01358147038393252,-0.0016891710542755688,0.006630942811018377
2012-01-11,0.0005416193623406575,0.0020652664152435306,0.006471693519725533,0.01293183872487961,-0.010733606568431643
2012-01-12,0.0023968132324753222,0.003946785033645928,0.004436855940286991,-0.0014194761038988325,-0.02234431232090903
2012-01-13,-0.005187036958555056,-0.0036029511518408815,-0.00700797748665459,0.009892769236901262,0.0026239446311833773
2012-01-17,0.003873570209306023,0.009068454549304389,0.007755890232572322,0.004621843981066352,0.016374662472572687
2012-01-18,0.010995459387664754,0.013198405555454,0.006830241286203655,-0.012177903956725914,0.0010306858452213336
2012-01-19,0.005262478821806394,0.006200052870717921,-0.0023542844291586738,-0.013849071882222655,-0.0036120576815521083
2012-01-20,0.003719937344158318,-0.0015047371001107228,0.005258486434611419,-0.01138973922967718,-0.023801303455159382
2012-01-23,-0.0025796177519629977,0.00033486266302013934,0.006702951032527608,-0.006346123099646658,0.016017163351460095
2012-01-24,-0.0011403195921953263,-0.0018417226743157556,-0.007073309078255219,0.0018046357639029513,-0.007582751030654612
2012-01-25,0.00833242657468616,0.012488542079491793,0.026856674653672707,-0.002407330664036856,0.006540245941687546
2012-01-26,-0.005142594332311537,-0.003481039237478665,0.00509459639654765,0.01316960868140927,0.0005213883965848943
2012-01-27,-0.00045506783232367377,0.002984489199110118,0.01011189273071679,0.0031382276253677397,-0.0018260001551019666
2012-01-30,-0.003419700447694039,0.0008275417323698793,-0.005578663971878356,0.01170309593553271,-0.00760063742391172
2012-01-31,-0.0003804818752718324,0.0013224441994858973,0.007588812095342065,0.011484619886869434,-0.005011183681450979
2012-02-01,0.00871933515452125,0.008062721605858556,0.00147549236555642,-0.01152040078469233,-0.01170222455921952
2012-02-02,0.0015836571115200634,0.003108916503862673,0.008749097178977205,-0.0004199248682515927,-0.006710533646033041
2012-02-03,0.013921644803904915,0.013630071741800203,-0.020137109848909707,-0.021723654094523887,0.012312764679460204
2012-02-06,-0.0006695426339517444,-0.0008064032233551137,-0.002747786955391367,0.009901799032377222,-0.006940719658376364
2012-02-07,0.0025256341668313223,0.0020946994913635646,0.014961121796296195,-0.01247839198026995,0.01647218196846661
2012-02-08,0.0029631949030694475,0.005297568976184486,-0.0070964044645123875,0.0007739292987969531,0.0023687377992348663
2012-02-09,0.0012569559347689727,0.007178626320235312,-0.002852704427427749,-0.007505409947654443,0.007594665418580717
2012-02-10,-0.007414899172338358,-0.007018841271233416,-0.005251264443437007,0.012905139353737218,-0.008120578062902055
2012-02-13,0.00741489917233848,0.009242066223899352,0.0022112372609914763,0.0012816826941249397,0.017468784117334706
2012-02-14,-0.0012569559347690776,0.0025342150021258705,-0.002330930151636942,0.00527831248614499,0.0038695141340584715
2012-02-15,-0.004670908721191976,-0.006985481041692699,0.0059064426447289235,-0.0017849139966247248,0.008715772953713553
2012-02-16,0.011012130893958503,0.013607883571329126,-0.0006545512723762022,-0.008029693893757283,0.002549032103836022
2012-02-17,0.002642694124655776,-0.003148114365152623,-0.0038765152743636634,-0.0002567068581746765,0.011894388691039622
2012-02-21,0.00043983079854938314,0.0028340065392724505,0.02169306958114338,-0.01112714399982659,0.020665538419423604
2012-02-22,-0.003229205337092514,-0.004569539476269549,0.011164193939316386,0.012499350387243868,0.00024635509029022416
2012-02-23,0.004400998835692089,0.006610935742261679,0.0004624917963242474,0.0,0.019034220044671032
2012-02-24,0.0021931139354154448,0.0034456519891434383,-0.0045764514047417675,0.006488348504698832,0.01535169057258173
2012-02-27,0.001678324637858181,0.0014061639711982876,-0.003082017911286478,0.00881252201854685,-0.019954936216887573
2012-02-28,0.002912139287525248,0.01009708202404628,0.01037124237129815,-0.0032956256815712933,-0.009515733236056232
2012-02-29,-0.003933402047919436,-0.004492250196954355,-0.054486874448655936,-0.006112378233833823,0.0031819205618791252
2012-03-01,0.005168358796256803,0.007886996303786843,0.014022637552039158,-0.00945952197688091,0.020080554960621725
2012-03-02,-0.0030542106616827996,-0.0007704734626545049,-0.0016218911795983044,0.009348150449971632,-0.023752923237748854
2012-03-05,-0.004086845809424176,-0.010382177986742513,-0.00415677252468325,-0.007969905206250537,0.004893593294711747
2012-03-06,-0.014732921888602181,-0.00986130834108101,-0.017969096432021343,0.012059650111130292,-0.020715910458624854
2012-03-07,0.006951356491282978,0.007678220151100325,0.00569981581334447,-0.006139645124885593,0.01189014583259148
2012-03-08,0.009900313755885737,0.010713624203459934,0.010033186704286951,-0.010058687978626248,0.005157793177770535
2012-03-09,0.0038603068457582516,0.004160885211894724,0.0066333602174327025,0.0019853909491158827,0.006592636703258006
2012-03-12,7.209363267157977e-05,0.0004616741787322723,-0.007904687473264298,-0.00017289047128420953,-0.009536675414832437
2012-03-13,0.0178658497541514,0.018429989406020857,-0.01692317740609355,-0.017750496657885185,0.003189038983309732
2012-03-14,-0.0010716258231697287,0.003465077569073558,-0.01696375000167828,-0.025518008466405253,-0.010339874862910955
2012-03-15,0.005772877188093561,0.0028536465505011863,0.009418404028557977,0.0015300892225557925,-0.0032222377694678854
2012-03-16,0.0013837764263367569,-0.0007061831226864866,0.0013648567003107786,0.0019758678697650587,0.018448439157695642
2012-03-19,0.003911941249091744,0.007040648344366898,0.0017962362702596962,-0.012007041069950907,0.006316885368483071
2012-03-20,-0.0029143671198941464,0.001789643216907327,-0.009076224493998303,0.003987766168218826,-0.021048270870169434
2012-03-21,-0.001639467418496413,0.00014910487795546652,0.0004994807381019333,0.011244973802683555,0.005672713246493765
2012-03-22,-0.0072296755852555425,-0.002088013609364172,-0.004002753243231974,0.0032155295506168338,-0.01287147628480173
2012-03-23,0.0032275240454321453,-0.0005972205501736036,0.012208133046479623,0.00940663526905674,0.013609000100889262
2012-03-26,0.013937872925730576,0.01732713558782793,0.017611569127534244,-0.005136559465160853,0.001964199795603954
2012-03-27,-0.0031124109080195306,0.0014671768212564875,-0.0070809013076213,0.007166075386373836,-0.0014727880332322733
2012-03-28,-0.004970833017876837,-0.003966341000711632,-0.010654517949322703,-0.0014109437691557818,-0.012855565734742289
2012-03-29,-0.0017098143892897524,-0.0038339459170456717,-0.0014250489249673808,0.007475391404799455,-0.022648117418982636
2012-03-30,0.004127081089195678,-0.0019233290261917266,0.005194794327439433,-0.017055356268582487,-0.0015283083194119113
2012-04-02,0.007288697705830156,0.010309720221755837,0.0050452782243641,0.005525136400272597,0.020187393957028038
2012-04-03,-0.004097878493913369,-0.0002926616440988432,-0.01889597488595619,-0.0174812114821601,-0.00928602326552497
2012-04-04,-0.00995990810388395,-0.013724606030663168,-0.016903541070223595,0.013652591498014134,-0.020892471892498182
2012-04-05,-0.0005008012785107077,0.006221378057122652,0.006972586754221729,0.0072000313054207165,0.010755498743969655
2012-04-09,-0.011294456632752256,-0.0075593107784913864,0.006673391569320288,0.023111690173690313,-0.007413995420928209
2012-04-10,-0.016927441540510683,-0.01619945849245956,0.01079681583610527,0.011273458424996292,-0.011874246433195783
2012-04-11,0.008061656344898072,0.0048271688429878355,-0.0001862294945727839,-0.012052266689865481,0.012900076250389329
2012-04-12,0.01298104508346131,0.011372289649471744,0.010068896893171232,-0.004166609262123928,0.010962514422695632
2012-04-13,-0.011959739016965638,-0.015292567269624783,-0.011435703837606927,0.016047648895681634,-0.007380033502675247
2012-04-16,-0.0006564749145882989,-0.011243172016453078,-0.0024275594635374416,-0.0014556449657360632,0.0007659588934583296
2012-04-17,0.014703539548020474,0.02011703464511598,-0.0013096363661056385,-0.0006010786704759509,0.011672273758956641
2012-04-18,-0.0033851529514741965,-0.0025484193654024155,-0.005883121540853622,0.0029127594278340126,-0.014995837316229013
2012-04-19,-0.006441467857960868,-0.011324208358762251,0.0007529342193186616,0.0009393241900071813,-0.002307401473020526
2012-04-20,0.001668233992939366,-0.002736284728352103,0.0006897239210806605,0.0001717899370028841,0.010976506212552844
2012-04-23,-0.008444330256657546,-0.00917730399694597,-0.0029502294460589935,0.007233763712569492,-0.009181411571223768
2012-04-24,0.003794185366704033,-0.005392392808626952,0.0014448331190362385,-0.007063259723049312,0.0035805510148833484
2012-04-25,0.0135996486392013,0.02622502424957991,0.002006723784330158,-0.0051380088078139445,0.006108486403721071
2012-04-26,0.006944292976034303,0.005851653350841596,0.00879471559167779,0.005991734591894636,0.0030402590930647755
2012-04-27,0.0016397731160840675,0.0059670265387165335,0.0021711872276646304,0.000853094042560534,0.0022741678832426154
2012-04-30,-0.0037112077402550185,-0.0071643935074677395,0.0030934874938505622,0.0002558442381761783,0.0015132757961806547
2012-05-01,0.006201058798791306,0.001646163350391152,-0.0034653347638567127,-0.005199949357939253,0.011775188289632055
2012-05-02,-0.0029886914791335223,0.002837409206538054,-0.00453550513766278,0.0070178181167394145,-0.006496827780777248
2012-05-03,-0.007654934833718055,-0.01064398976593298,-0.010138997417698532,-0.00025586105642069003,-0.026932459717203268
2012-05-04,-0.01628977847048286,-0.025182530546551934,0.0031403115630244814,0.007818084813284948,-0.0404679721569651
2012-05-07,0.0007295292505856335,0.0009269928102004676,-0.0024485925648660245,0.00016893452709318914,-0.006456887592342661
2012-05-08,-0.004019514285659584,-0.0037130714884845853,-0.01955122460022864,0.005317620875078687,-0.004870147873649899
2012-05-09,-0.005949733660064565,-0.003104446444826945,-0.009856096620851877,0.0006734863307839876,-0.009538115014917942
2012-05-10,0.0020607890931206583,-0.0020231647137067743,0.001940260901209398,-0.002948964262706462,0.002461375542491997
2012-05-11,-0.0030192355436506587,-0.00015564269801663692,-0.007848817296009933,0.008235283632315642,-0.009606284766920554
2012-05-14,-0.011122424873992768,-0.00939287053735625,-0.01462845943520308,0.01387770121668306,-0.018088644607362748
2012-05-15,-0.005758439166341834,-0.003308320138925441,-0.010562401311462568,0.004035876144109309,-0.009310317891417253
2012-05-16,-0.0038316279328826906,-0.006808777193994112,-0.001871650064246415,0.002872960900008598,-0.0065406048247364955
2012-05-17,-0.014942397907901906,-0.02135757816108694,0.022101053281684286,0.017548455711794086,-0.0002852995171709544
2012-05-18,-0.008595765184780809,-0.013069952649815763,0.011387791619555667,0.00024172352718970278,-0.017562005982162426
2012-05-21,0.017042632722122288,0.027572283094819468,0.0006467713402268693,-0.002096000465255328,0.020696375453076794
2012-05-22,0.0017408564303401852,-0.0011204929132211778,-0.016757749444190322,-0.011196978489132528,-0.019245229147884544
2012-05-23,0.0005295462839383339,0.001919929330745693,-0.0030293517963689474,0.006911070774230056,-0.01137534189344119
2012-05-24,0.001963791859565803,-0.006575432574851749,-0.0013859452168922916,-0.003815158559062728,0.004974353278104513
2012-05-25,-0.003249695776525847,-0.0012877120881165025,0.008352766698997548,0.0037344711387915074,-0.0011681397676873372
2012-05-29,0.012039162527581767,0.012646937133008171,-0.010931873240010203,-0.003083895523519182,0.00029213503266228174
2012-05-30,-0.014616164279544494,-0.008467125878990761,0.005875957660694494,0.025045000096328672,-0.03598898681371576
2012-05-31,-0.0022037131199254944,-0.0043410482372678175,-0.001910905902789609,0.011508402509772284,-0.012494443837279464
2012-06-01,-0.025499314231394378,-0.026946900606302053,0.03804809984180762,0.023462651467101105,-0.0368561479987535
2012-06-04,-0.0004678390146844826,0.007585542358267613,-0.0011434641458968186,-0.007932517677259948,0.010444783066368585
2012-06-05,0.0075435248132815266,0.004098745035087465,-0.0011448702562414747,-0.013467174964032522,0.0
2012-06-06,0.02221984450736715,0.02264735893482455,0.0004454100462342761,-0.020186029206634027,0.01220485455932656
2012-06-07,0.0006058461971491679,-0.004006570678823685,-0.017388437571983575,0.0015185311303214056,-0.013465123025305557
2012-06-08,0.007919913735870913,0.009589047078980895,0.0014875385514176553,-0.00024039147219056983,0.002518890674761182
2012-06-11,-0.012778331185245819,-0.01700354983794119,0.004063373582424457,0.00454200036721858,-0.03520358634972524
2012-06-12,0.011425278375785554,0.012060709362124996,0.007055420696368892,-0.009185083861370793,0.023181955811073036
2012-06-13,-0.0064153086498953595,-0.006896962287480384,0.004209384361180728,0.009821096781255902,-0.010236803804576122
2012-06-14,0.01054466157582539,0.0036950291574894085,0.004001687892130676,-0.0012722513557671185,0.020054759717166915
2012-06-15,0.0101757947586384,0.0123475889259474,0.0005703370916346761,0.005553431209534159,-0.0031565803835353714
2012-06-18,0.001935732017850321,0.009323084189563808,0.0005700119926437334,0.005365501685349338,-0.009849149405924327
2012-06-19,0.009625932194758996,0.010327045571094142,-0.004887432513551658,-0.01314864623959119,0.011428715200495708
2012-06-20,-0.0016223352188718912,0.0007780730528112973,-0.007600729101789924,0.004931091914582129,-0.038286823085919276
2012-06-21,-0.022694429436202646,-0.025202309562029738,-0.025651569647767526,0.005301389323695281,-0.03436537353585934
2012-06-22,0.007672712422442841,0.010472690105191073,0.004070084458850245,-0.013427155975121929,0.02149180447072263
2012-06-25,-0.0161652316205339,-0.019445371494860975,0.00731070579506714,0.014452502963768299,-0.010016816518879316
2012-06-26,0.005013264743673852,0.0062571957248360975,-0.007441769628189937,-0.003949238329702664,0.00033552186523165957
2012-06-27,0.008976041860711943,0.006059909329838902,0.001375064652515789,0.0015814783696008457,0.012998059869124239
2012-06-28,-0.002857268625222049,-0.011191323279912768,-0.011715276484427288,0.002446985524918512,-0.023451686297945223
2012-06-29,0.02462106468941724,0.03102491841133969,0.027039260378949704,-0.013093455677381228,0.07601897555130785
2012-07-02,0.0030076457578394234,0.0029569928326508453,-0.000644618456697509,0.010265518818528573,-0.012646378377908687
2012-07-03,0.006571531021866973,0.008356660883002662,0.01516593043631744,-0.00771518182954132,0.046924822539639616
2012-07-05,-0.0045224531743838165,0.0006164586838546698,-0.011368929003809548,0.005096871389934233,-0.009762118610128174
2012-07-06,-0.009549074739840272,-0.01255377059307336,-0.012734817475435407,0.009251090492357589,-0.032084944804431643
2012-07-09,-0.0012553187918320943,-0.0018731772516022607,0.0021445114458555955,0.008776084988105268,0.01819366468859849
2012-07-10,-0.00875781310167495,-0.009892451919359446,-0.012345429133629288,0.002026276390759872,-0.020412004820214373
2012-07-11,0.0001485670945760348,-0.005538608528041241,0.0055057594568082525,0.0012450764718465299,0.02537336886109899
2012-07-12,-0.004856776140686597,-0.009405840626323006,-0.002618033780691079,0.0070510108482363726,-0.0040291721296020645
2012-07-13,0.016638521929750474,0.015102398434104337,0.010106714486149358,-0.002628210580208061,0.014796803085972166
2012-07-16,-0.002359864648337077,-0.0028444607896414517,0.0004540770166103946,0.004633699441161149,0.013374017937096104
2012-07-17,0.0068435593126199125,0.005208408928895946,-0.004810237265713993,-0.0078906794929606,0.007819652965145056
2012-07-18,0.007379179981151341,0.013446012975559375,-0.002740430809986751,0.0005434799346923816,0.009244066423542344
2012-07-19,0.0026173722355973417,0.010966117131439211,0.002153848840418498,-0.0025647846393042025,0.02780804941849573
2012-07-20,-0.009190540167783489,-0.013298522448679595,0.001888899980288932,0.012144357061807247,-0.012783399697655065
2012-07-23,-0.010163476534122562,-0.012216146814311258,-0.0041734615256850535,0.005597132616993698,-0.035718104910250084
2012-07-24,-0.008623895890989065,-0.007910499097757664,0.00319690690338272,0.007844840129027593,0.004535201194919773
2012-07-25,0.0002241721081843236,-0.00669304634209586,0.013907490755906015,0.002575187860114553,0.0018082451594336243
2012-07-26,0.016362531508018342,0.013184187176851212,0.007041420048145291,-0.009197566556159121,0.006004243980699363
2012-07-27,0.018264945891891277,0.023394900734139665,0.00489956132478139,-0.019042172364047972,0.007751926989070145
2012-07-30,0.0,-0.0007711135323310487,-0.0006984831553893457,0.007444306510073066,-0.0065553694080114485
2012-07-31,-0.007018947279434282,-0.00030850576791385234,-0.005988723225470398,0.0020061384723312576,-0.023288530052485247
2012-08-01,-0.0008716345769575985,-0.00293649358451413,-0.00866421414888581,-0.005010716833475745,0.014882518426722259
2012-08-02,-0.006928591872110142,-0.0035666162753275996,-0.006531497290067034,0.005651915237891038,-0.017333556190268988
2012-08-03,0.01963939321112348,0.018772783098264172,0.009170809124329653,-0.016269495380384517,0.04410498114899866
2012-08-06,0.001935464612248612,0.007593290190298237,0.004810013989643127,0.0003932038892022292,0.010220514870428446
2012-08-07,0.005000952042832103,0.008285932778736498,-0.00012799457656319368,-0.012949468910220483,0.01413557916006445
2012-08-08,0.001210892302662215,-0.00044989110314982853,0.0012789166070782496,-0.005339122878832415,-0.0011464866898435995
2012-08-09,0.0008533040198263371,0.0029973248726031633,0.0032539650598126992,-0.0007191005420510805,0.0017192374993146354
2012-08-10,0.0016347446132570537,0.0005990446614136672,0.0012094547976165897,0.005024484728752743,-0.0022929741331769
2012-08-13,-0.0004971009226889125,0.0023893872807226233,-0.007599660994752833,-0.001671726776415133,-0.005466813537305619
2012-08-14,0.000142468577179634,0.0004482333121375115,-0.005528431293767677,-0.013639490635903872,0.007473398650659182
2012-08-15,0.0011356370645743301,0.0025319344497403196,0.003217920039555506,-0.014156368754231846,0.007702233772758241
2012-08-16,0.007351021573659955,0.011831188666063712,0.005957880902347246,-0.008557223364294859,0.010459536956228536
2012-08-17,0.0013370507489196834,0.0044006427701728445,0.0010214739315963608,0.004863695612924593,0.010907656124607814
2012-08-20,7.080404702459678e-05,0.0014622735805884157,0.0034396702075541645,0.0020537052235718796,-0.003343522968477823
2012-08-21,-0.0030292115598419943,-0.00395364351157074,0.009934007742546973,0.004421987618428548,0.004177633378845642
2012-08-22,0.0004236067782391119,0.004099872774041592,0.010708631507447481,0.01636944810784982,0.0066482703580660945
2012-08-23,-0.008213381184188594,-0.008217067396291048,0.008373997600348033,0.004171549257155061,-0.012781582789406111
2012-08-24,0.006024679443493466,0.006169358110455556,0.00049405195165326,-0.0009610112046478189,-0.002239587103379891
2012-08-27,0.0002123030847903065,0.0016092717850310651,-0.0037732430064034606,0.005831617422513386,-0.001963801835363019
2012-08-28,-0.0009892533306077901,0.0,0.0017337390057776023,0.0023869891568331194,0.005042035928890455
2012-08-29,0.0007769502458175,0.0,-0.006517126164973718,-0.004380269697842588,-0.011521831437027159
2012-08-30,-0.007233623199454709,-0.010138628116275293,-0.0004359382542126009,0.005174787035627233,-0.0033975895542938893
2012-08-31,0.0047575062241165846,0.0066234964523212364,0.02278842769888954,0.014034303518277561,0.017709558786194377
2012-09-04,-0.0009213589954922864,-0.0010276075211517808,0.0015819565772519967,-0.0010048937453271325,-0.010644388465787077
2012-09-05,-0.0008514517455285274,-0.001027968927321933,-0.00103408368603259,-0.004723367533397012,0.0016882776932247588
2012-09-06,0.02009375750477445,0.021956239862370715,0.0035237086061065126,-0.016791425502049154,-0.009604598021209713
2012-09-07,0.0038873621521179004,-0.001439160113364078,0.021301036576637185,-0.004665401237390075,0.018282087600122326
2012-09-10,-0.005697431137062641,-0.012901700610754041,-0.0068508245778626286,0.0024162781780851738,-0.0008365424769349241
2012-09-11,0.0027835637155846985,-0.0016062335250204708,0.0036397345213229062,-0.006292931828498088,0.007226327709171553
2012-09-12,0.003329865385623646,0.0029185367883132404,0.0001191368766436192,-0.01254324244903234,-0.001940394048703259
2012-09-13,0.01512137027054348,0.013459994686335363,0.019987101882923578,-0.003941881117828175,0.012956691551521774
2012-09-14,0.004424106327652116,0.00887390505352804,0.002856260822614609,-0.026937130097550548,0.00899806583426605
2012-09-17,-0.003401119273680511,0.0004269518780648005,-0.008182448737126974,0.011931368520805497,-0.030033946388997385
2012-09-18,-0.0008182395654270571,0.0008545203975651478,0.007716671888582333,0.004999132267774958,-0.005047691759236478
2012-09-19,0.0005456337317509897,0.0018485624782306706,0.00011648676464511073,0.006544702281758772,-0.041618886061969174
2012-09-20,6.776062732199637e-05,-0.0009951386486585225,-0.0015734059198807039,0.0024741854292207434,0.01136539715398612
2012-09-21,-0.0004179745840395539,0.00028492430480549967,0.00285359936146375,0.001152055493900205,-0.0005796128587313217
2012-09-24,-0.001509159220397478,-0.005861572574933122,-0.0053060014063377545,0.007785578710523283,-0.011665384988223223
2012-09-25,-0.010699069784546291,-0.014151920253485035,-0.0016382823469836482,0.009828787597985857,-0.010023673307303704
2012-09-26,-0.005636932057123214,-0.008177767250588842,-0.0056374963370224036,0.01069348223075014,-0.01222253541916949
2012-09-27,0.00937693196869359,0.013688943219012381,0.014789097981363655,-0.007142866655037781,0.0240047487990951
2012-09-28,-0.004642596312680872,-0.008278446081044999,-0.0026145147730523375,0.0005631202544831094,-0.000878939379653429
2012-10-01,0.002635979457283039,-0.00145892964374417,0.0023243307866659033,0.0037041546918239066,0.0038028733894233517
2012-10-02,0.0010383617970161527,0.002916733349496313,-0.0011033258934751609,-0.0013668167938295454,-0.006737964284796379
2012-10-03,0.004074749977490556,0.0063870114486027875,0.0017996437460312752,0.0003216346041117482,-0.04232959190551103
2012-10-04,0.007142565245686199,0.0034668245668501873,0.006936025341043228,-0.012549869267385575,0.03997521082583622
2012-10-05,6.819339995127195e-05,-0.005349850423630787,-0.00571878926447531,-0.013038129543647511,-0.01753649273562185
2012-10-08,-0.00342687221921898,-0.009175315628820454,-0.0033074685239183545,0.00838392863102614,-0.0039055856769628864
2012-10-09,-0.009936640600746265,-0.0160753947811281,-0.006180042594964688,-0.001802392963981716,0.028488545684756256
2012-10-10,-0.00640069517099488,-0.005068144604932688,-0.0008776828487819255,0.007027900619117383,-0.009997147368813642
2012-10-11,0.0005582877143967055,-0.0031428666725235076,0.002805770961490514,0.006897012920644431,0.013210253927251081
2012-10-12,-0.003284124929738463,-0.00045000893284622117,-0.0073818938973548055,0.002503859452901524,-0.008493268558210705
2012-10-15,0.008293932105695885,0.007321692942973358,-0.010106119739498041,-0.0022615181000568696,0.0
2012-10-16,0.010082162463657467,0.014044065306278669,0.006335646333619325,-0.013921515770054597,0.0038162695979484366
2012-10-17,0.004524800208739347,-0.0005872969430955914,0.0007080193841468657,-0.009306942568610317,-0.0008794546718217338
2012-10-18,-0.0026029784929760273,-0.0116716944793214,-0.00443354865538353,-0.006141705148743518,-0.0008801168267299162
2012-10-19,-0.016804530661307267,-0.02421732011377611,-0.010841136052605957,0.013479206592920909,-0.02165934081618896
2012-10-22,0.0001395952475517743,0.005163451745715213,0.003646697239812837,-0.0064277882395120355,-0.013285177748746144
2012-10-23,-0.01397307589451233,-0.00958847115676376,-0.012912759766492157,0.014201355799255655,-0.028674762556680822
2012-10-24,-0.0028328806488823032,-0.0035234382506925386,-0.003451467757776219,-0.009910932507779167,-0.010691930809214848
2012-10-25,0.002902729430403592,0.0,0.007011656174181994,-0.0051174094923876,0.004731171930057137
2012-10-26,-0.0005654294874206786,0.0029114176473031333,-0.0005423202272228979,0.014620810577155535,0.0003146210071505679
2012-10-31,0.0,-0.006139641219223657,0.005409372308871991,0.005852941947407953,-0.0003146210071506535
2012-11-01,0.010415984163339784,0.01406560354323119,-0.004565910521291634,-0.008220544072210335,0.008772007301649908
2012-11-02,-0.008931550215744766,-0.010684206164653539,-0.02111619567115675,-0.0007358985502747074,-0.022394910769411566
2012-11-05,0.0020469435734707963,0.006576538793224849,0.003866988340753932,0.00562770411180523,0.008259266289315705
2012-11-06,0.007794471582187476,0.0018276263113544036,0.018633181558340834,-0.009478962012330647,0.02961103777524242
2012-11-07,-0.022924359442235955,-0.023867887838404298,0.0011418760009174647,0.01798257247765956,-0.04234605636331662
2012-11-08,-0.012096844034259485,-0.015864022947944638,0.008969205970755553,0.014730013865304184,0.002879546222780291
2012-11-09,0.0008686648886092053,0.0042655426336425115,-0.0010124664362506366,0.0011123005364032474,0.013644517997217985
2012-11-12,0.0007959811738229454,-0.00015764649972716823,-0.002207239069899678,0.0016652049584261347,-0.004421971524009928
2012-11-13,-0.0034777572541150707,-0.006962050967296938,-0.0020923088878503668,0.0033229082889963436,-0.005714310951637747
2012-11-14,-0.013590572848969414,-0.011819203131686048,0.0002393087940783899,0.0009469748619951288,0.011396153997486455
2012-11-15,-0.0016938260198654821,-0.0033800016915209253,-0.0063019928595901085,-0.001973891999050357,-0.008852434845565837
2012-11-16,0.0049254050017367166,0.004343356237244685,-0.0012651232479694255,-0.0008706995074760999,0.013875988439805408
2012-11-19,0.02003684253860353,0.023478448993337467,0.011925176433462218,-0.00563400700090681,0.022911153281660563
2012-11-20,0.0004318236202172343,0.00031328718156868845,-0.002863425779210265,-0.010077404292235876,-0.0222849648632893
2012-11-21,0.0018657304863486694,0.0020359571324764097,0.0010150660402493473,-0.0005632838690414875,0.0053066511219489465
2012-11-23,0.013533062786853744,0.015058636902062304,0.012160205973813025,-0.0009662526543573233,0.006207368385912959
2012-11-26,-0.0021249102702496285,0.0043048982869661875,-0.0010618685408751542,0.004739338985472963,-0.004030421561896918
2012-11-27,-0.005117772671666649,-0.0033807455007442457,-0.004258514528236021,0.003918781130461009,-0.0065451095569304014
2012-11-28,0.008020570503696771,0.008583703620505895,-0.012885721450133563,-0.0014377647371405314,-0.005958889369811834
2012-11-29,0.004654728830889647,0.0059350892015119314,0.0037754494975707773,0.0001598140803176904,0.011882480610916265
2012-11-30,0.0002110863066635283,-0.001670710194726288,-0.006782066259329654,-0.0027207665856606917,0.012050298978729473
2012-12-03,-0.004936469880309451,-0.001977386354816418,0.0004816775885995999,0.0009224124264976731,0.00122765825497838
2012-12-04,-0.0014151031641113057,-0.0006096061969528403,-0.010346525202362707,0.0057591964545860444,-0.006153771673248928
2012-12-05,0.0017685320951684195,-0.011185242861744283,-0.0018262807650325558,-0.00047860149308494825,-0.00557105425797996
2012-12-06,0.0033867272176829615,0.0064506147655595345,0.002312732382919267,0.002152482198810815,-0.01753336600204407
2012-12-07,0.003023366113315993,-0.00598839858374869,0.004004152985563731,-0.009279560047420423,-0.004114554298787549
2012-12-10,0.0004216083186738076,0.0029216498057944664,0.0038675379164635304,0.004410875659449902,-0.004450143924777216
2012-12-11,0.006785211108856141,0.012968816755053025,-0.0009051692074031703,-0.007630649271657601,0.0025453378475435704
2012-12-12,0.0004881594130592956,-0.002124551821751605,0.0007242193101501478,-0.011677677109964507,0.00980249345751947
2012-12-13,-0.006151103097021011,-0.007930535198372874,-0.008481356697994205,0.0007336591399766364,-0.006313176303183032
2012-12-14,-0.0037226726117284225,-0.00953857441909042,-0.0014611280186981382,0.007470959023068723,0.0072566825604656665
2012-12-17,0.011683798250263768,0.013206678427089105,0.0018869503829595713,-0.0150807489063192,0.006267612574001725
2012-12-18,0.011067315316245082,0.015140291317479468,-0.014455725078867119,-0.010236943434192586,0.005296849501567161
2012-12-19,-0.007457404495965474,-0.0043671090008508846,-0.002409114946575244,0.0033135728001539586,0.015112018518365739
2012-12-20,0.005736394188229991,0.0,-0.012196073797178996,0.00016559359718020596,0.0018349049610294208
2012-12-21,-0.009118936753353261,-0.010572765930141698,0.00374933956743618,0.01085631402789903,-0.011368963475443718
2012-12-24,-0.0030860236128965914,-0.0019961402807302645,0.0018070937392538678,-0.0018010532140845799,-0.0037151413515360623
2012-12-26,-0.004223793486070472,-0.008798059914946829,0.0009956669468964311,0.0035908574052665333,0.027834792961348612
2012-12-27,-0.0013415485769907106,-0.0015520005429127987,0.002360719739151777,0.0033493031910770046,0.0012058216938323442
2012-12-28,-0.010866692831529544,-0.009673812529086374,-0.003854592163680614,0.005692726239315449,-0.004529607992789972
2012-12-31,0.016853212055201693,0.020945552813229695,0.009176719889400711,-0.01742361469176606,0.009938284392591978
2013-01-02,0.02530765006701941,0.031288097686533,0.0070727801089134085,-0.013459204374770072,0.013395073691869853
2013-01-03,-0.002262113593977528,-0.005222146378614917,-0.012146779740190669,-0.013642074218752761,-0.0023682075819936666
2013-01-04,0.004382281223518351,-0.003296366266673451,-0.0047257550222331544,0.003891931692211804,0.004140774445366473
2013-01-07,-0.0027364687574395648,0.00030053217464716153,-0.006315147639550098,0.000422529052105166,0.0011798556318588936
2013-01-08,-0.0028817208226473183,-0.0019524784114468194,0.007062780803268713,0.006563514970254754,0.0011785775420191688
2013-01-09,0.0025390939600552303,0.003751093985727071,-0.0004360197219949153,-0.0009226307951943755,-0.0023584331738780986
2013-01-10,0.007917692232997386,0.005972572613971248,0.009241174883853428,-0.0027739473764154645,0.008523111230305677
2013-01-11,-6.793358893351308e-05,0.001339397896480738,-0.005695893235337639,0.008883244794600762,-0.003224296986281352
2013-01-14,-0.000679916670568807,-0.004470634686471654,0.002975797243476377,-0.0027574011623467975,0.006438342565501101
2013-01-15,0.0006799166705687813,-0.004940483572907769,0.006294400919113552,0.00459123742495981,-0.008495645030584476
2013-01-16,-0.00013575036065250568,0.0040443868171006325,0.0005534660222785934,0.0020801460890581946,0.008495645030584585
2013-01-17,0.006439431176247574,0.004771220745407256,0.004294560017826217,-0.01002327976985681,0.011312648763321382
2013-01-18,0.0022272620917097178,-0.002233323764378777,-0.0015930021974330576,0.007693039778454884,0.0028802523021243375
2013-01-22,0.005379133204322449,0.0016386011623370363,0.003550021116017711,0.0019143717981455718,0.0068787278388288235
2013-01-23,0.0016081266271181344,0.006084047670462834,-0.002814438031338391,-0.0014978921513783643,-0.011491011741702351
2013-01-24,0.0002676519773735615,-0.013854392203626801,-0.01102810374616787,-0.0035033670785166427,0.004324576827508503
2013-01-25,0.005606060730171102,0.005087446970542103,-0.004781604983568098,-0.013799278032325576,0.0005752217184062609
2013-01-28,-0.0011983220321057108,0.002236162827848466,-0.002243414817202356,-0.003649564823603129,0.004589791573355629
2013-01-29,0.003923901693119402,0.00014901844133947698,0.004357652623316265,-0.005542294599952808,0.009967398228501609
2013-01-30,-0.003923901693119417,-0.0020868814233064217,0.007426217176999296,-0.0017116589315997544,0.00565135032233476
2013-01-31,-0.0024685991235005047,-0.0022403776874102975,-0.006122691411324907,0.004870605581132771,-0.0059348174143198104
2013-02-01,0.010234306389512032,0.011744587193630278,0.0015496671610711066,-0.013070705404668473,0.001982152639528379
2013-02-04,-0.011303975087831238,-0.01759381044707941,0.0034008569302853,0.01272815042869035,-0.016255875349400418
2013-02-05,0.010047040130248727,0.01463364235256881,-0.0002469026145644602,-0.00892719559584109,0.007162328533742764
2013-02-06,0.0007277846945850974,-0.0032668896954009723,0.0026514131006226955,0.00815810599344256,0.0002854898342219881
2013-02-07,-0.001323974676015184,0.0008918214406787452,-0.003392675486914591,-0.0022254810793152923,-0.010327131484149684
2013-02-08,0.005549294173675867,0.010200503261904291,-0.0016696396112383367,0.0038488427384238072,0.0005765482274370104
2013-02-11,-0.00019779310431152758,0.00029414518619925425,-0.011641494508639208,-0.0007683377726718303,0.0120310294140705
2013-02-12,0.0016457756556956759,-0.00412536013021982,0.001189038868357003,-0.002481120215949251,0.004545458184549649
2013-02-13,0.0008547391590491335,0.0035371087281429875,-0.005267437597442791,-0.008171341182033921,-0.0025542842297041697
2013-02-14,0.0009201233130875848,-0.0002944438480107943,-0.0044108258534539865,0.009027660954681846,0.002270844918343105
2013-02-15,-0.0011828915638969935,-0.0029475166903942564,-0.016491485732013745,-0.0029144839861250916,-0.015716832276151206
2013-02-19,0.007466702296196703,0.0072063336454269095,-0.00276442800912232,-0.004990976752249574,0.006888599648832427
2013-02-20,-0.01254165370900897,-0.015506447652379709,-0.02536237476562978,0.003014300046892138,-0.022856512058898774
2013-02-21,-0.006097450772910266,-0.010773375205794595,0.007761616845874272,0.005832361182718344,-0.02189430297977541
2013-02-22,0.009725087414455375,0.010028711275670947,0.0022906918469714913,0.0006835999520654886,0.005072311995287623
2013-02-25,-0.019210088034357305,-0.012438810360613879,0.008916105586720739,0.01946253122405338,-0.011675013735261218
2013-02-26,0.00682192407603453,0.0037630793634976624,0.012107340694240326,-0.0057992489892381635,0.0036069394359476013
2013-02-27,0.01251990511073973,0.010164250985892437,-0.010618162447447536,-0.002954369674508747,0.0020979984108696575
2013-02-28,-0.0019767379913932896,-0.0020842692144102384,-0.010209194156268543,0.0018583801577424827,-0.010231811735420418
2013-03-01,0.0032923116102431243,0.0041645198252547935,-0.003666829371253608,0.005430434492048958,-0.009726510722694474
2013-03-04,0.0053110225339484144,0.004442575817531142,-0.0009188120822602375,-0.005312427804679055,-0.010439153316225453
2013-03-05,0.008919000195277058,0.014667435810582885,0.0005251531495988175,-0.0028789318597175367,0.008910708833293764
2013-03-06,0.0013601509780385784,-0.0024790140175401576,0.005562599618897849,-0.009114704297529861,-0.004599048800269076
2013-03-07,0.0018109512739035863,0.0026242161132763574,-0.0035302945226979147,-0.007731202377693286,0.012217553132477745
2013-03-08,0.004254830071953729,0.0011637737232332204,0.0001310037451856418,-0.010488906163495602,0.00333386015448104
2013-03-11,0.0037881068215148035,0.0029044195038528207,0.0018318537547607815,0.0009574386297805652,-0.0003025668508517236
2013-03-12,-0.0022452107174757235,-0.003631471925443327,0.00781302833234655,0.007200068039319744,0.006636446937311019
2013-03-13,0.0014122897310249458,-0.0013107364982206187,-0.0034432307449765156,-0.0010376799012171783,-0.0021068389445210046
2013-03-14,0.00530907272327151,0.0033458588777327586,0.00013007752936968284,-0.003033091795659095,0.006905884022825022
2013-03-15,-0.001320776591145616,-0.0027844456127828978,0.0020801316122226374,0.004675851205477892,0.00537155317803739
2013-03-18,-0.0055341974172868754,-0.0021913897596772675,0.008921158533619225,0.007572837074776582,0.0014870798802250696
2013-03-19,-0.0023256000465307447,-0.0019030592431004583,0.00449494709912103,0.006749953359655245,-0.017386583670794795
2013-03-20,0.00696174330707683,0.007010090679718172,-0.004559370369457158,-0.011217595138725998,0.011425291617066522
2013-03-21,-0.008580005288894688,-0.01141716521121722,0.005647950939598429,0.009598782695368022,-0.012030266169297485
2013-03-22,0.008000954574807768,0.009668825338065972,-0.004490045653721258,0.0007678678983513,0.01680211668354046
2013-03-25,-0.004186092462140045,-0.0036518378697307243,-0.001994901077106218,-0.0009387847885164919,0.007115294383785112
2013-03-26,0.007970917451274939,0.005400177742881909,-0.00335530229094277,0.0011937289341461155,0.01757006532533082
2013-03-27,0.0,0.0013092209394462962,0.004127968876901494,0.008484522166934008,0.002898508525544381
2013-03-28,0.0030683736350444685,0.0024676340752441263,-0.005874608865923951,-0.005081806625487912,0.00577204387930637
2013-04-01,-0.0039651535826716435,-0.00683793057580178,0.001423403605869597,0.007502954407682312,-0.0020164112986970763
2013-04-02,0.004922123249143558,0.007851983265767075,-0.014588376987558337,-0.0040623795086852195,-0.0008653910392835651
2013-04-03,-0.010190850279690236,-0.009166755548795607,-0.011215297746718735,0.008949960843354586,-0.026021149662683853
2013-04-04,0.004050249269072636,0.000292099912437602,-0.0029234122040560696,0.01186504683807683,-0.011020184334045547
2013-04-05,-0.0045008186682796636,-0.008364361845906939,0.016628587367166922,0.019983729505372215,-0.0032998564028654974
2013-04-08,0.006744235883665318,0.005290803178344365,-0.004262680775851177,-0.007683281062130594,0.00629035765133345
2013-04-09,0.0034504515717389927,0.00672072499464429,0.007725031383893976,-0.0024645415335245776,0.004468880036562474
2013-04-10,0.012174690714638635,0.01932216448558173,-0.017034818641169572,-0.013830570618273827,0.00563221995666943
2013-04-11,0.0032721441861166332,-0.00042804728627577097,0.0019880924290127428,0.0019159381024183542,-0.010997368720958954
2013-04-12,-0.002453585657149214,-0.0007150365613500264,-0.048144932178246586,0.01478887277242918,-0.02818796523703017
2013-04-15,-0.02344594533309613,-0.019928619162811988,-0.09190507457983844,0.00865624910408963,-0.03249267511526627
2013-04-16,0.014654924298521887,0.013185841394072997,0.011283338744214735,-0.008245902714509099,0.008537615741006139
2013-04-17,-0.014719236455820106,-0.019770649185377645,0.000526909831982771,0.00661898440915988,-0.023897903092280227
2013-04-18,-0.006273657165975695,-0.013897554220883065,0.010704956398210237,0.002439834902480334,0.02011238311568675
2013-04-19,0.008655993132994571,0.013603644245273218,0.008674096350888906,-0.0021143294020326453,-0.007932772199226733
2013-04-22,0.00442800775692591,0.01022787705813478,0.01777851793528908,0.000732247473349124,0.013605661909228175
2013-04-23,0.010256035835975669,0.009549874827990718,-0.007424075282657943,-0.0035043672878619578,0.001256310320251952
2013-04-24,0.0006341192345699037,-0.000433215923966678,0.01082655613705574,0.002527978122749916,0.024799759231105882
2013-04-25,0.004045634867666396,0.005315899090205735,0.023286836308933283,-0.004325769122689803,0.017903684231555448
2013-04-26,-0.0017679667780844822,-0.00315732175633825,-0.0050966430061307215,0.009118495091176017,-0.003917469834660781
2013-04-29,0.006676444528704836,0.009157482146342757,0.009816111845741552,-0.003652888838530899,0.014686362629632256
2013-04-30,0.002382222715535496,0.007237665988826067,0.003297447184859199,0.0005690723367025585,-0.013479334231305084
2013-05-01,-0.008806470226449325,-0.004677010697276944,-0.011695241331580094,0.010220238042300746,-0.023494611326118773
2013-05-02,0.00924500698431536,0.012564282796864416,0.00572377326421984,-0.0012908993048335441,0.03339722258514869
2013-05-03,0.01008975940738848,0.011715950857932414,0.0011971282175668827,-0.023859677891420246,0.015407612742388624
2013-05-06,0.0025375925538022293,0.0038744429901476514,0.0004221612830436374,-0.0024837693761674703,0.0038151498214450655
2013-05-07,0.00505559536676564,-0.0005527080777870188,-0.012529729074763163,-0.003903234898942379,-0.0038151498214450785
2013-05-08,0.004540757908979051,0.004825166785996203,0.01470823959319662,0.001579525978217886,0.01140205906934882
2013-05-09,-0.002820509127207026,-0.0013757425895457517,-0.011649859087374476,-0.002579356086731257,-0.006708596195714108
2013-05-10,0.0032489288766856445,0.006041770701708408,-0.008630212541188757,-0.010804727573482957,-0.0008783130521897082
2013-05-13,0.0007952336019817082,0.001230613167802501,-0.008416504259274501,-0.007692336658617816,-0.008235304757663498
2013-05-14,0.010280550020590834,0.0051821336762220265,-0.0044888226191427795,-0.010921735589087126,-0.008899472211253439
2013-05-15,0.005371957687067243,0.002038206392979538,-0.023345595911785897,0.006669346618301637,0.001488737377358668
2013-05-16,-0.004706026829686492,-0.0010866497833250614,-0.004019122278807547,0.01034334186441605,0.007705975397113658
2013-05-17,0.009630441369738731,0.009601856203477898,-0.022779601469059194,-0.012731716464353603,0.00998833693358455
2013-05-20,-6.0044960400997373e-05,-0.0014809640733909166,0.030431648851024378,-0.0011973202613856058,0.006700667457112302
2013-05-21,0.001436766473087598,0.0010774072681539123,-0.01671673431161512,0.007838083832108734,-0.009628025360465321
2013-05-22,-0.007445248074220078,-0.00879043610761966,-0.007099209752431566,-0.014961727966258727,-0.019239946127347383
2013-05-23,-0.002896427119627878,-0.002311998716712197,0.020034420891585903,0.00472630167856446,0.002388115494811707
2013-05-24,-0.000847029660764219,-0.0005443409025179722,-0.0063346049211476085,0.0013700740783032315,-0.0050815229366097505
2013-05-28,0.005971251134916577,0.0065172235792362795,-0.0020204984510566455,-0.025668297991192267,0.012507667065788082
2013-05-29,-0.006516074880206811,-0.0047483877407349245,0.009988129408433648,0.01118056320936346,-0.020631691536866684
2013-05-30,0.0036857418998637167,0.005289654070681583,0.013773982178960965,-0.002435161044072603,0.004521530817907647
2013-05-31,-0.014456462072863703,-0.009241261650530552,-0.02054612833699834,-0.003401372330821423,-0.01943575858393632
2013-06-03,0.0054912911294150305,0.0017738575454690818,0.019155238706458418,0.005285045976442089,0.016725317147602437
2013-06-04,-0.00481834461742131,-0.00519216168620023,-0.00942083088363743,-0.009278440211072459,0.0012055732370171875
2013-06-05,-0.014099985507461773,-0.013098641870236025,0.002142261538931351,0.013711907813366606,0.0018055243972067531
2013-06-06,0.009012308707850676,0.004845403806872867,0.007425099325577856,-0.0006073095743314203,0.010765672910482641
2013-06-07,0.012640632516444428,0.013581452443573087,-0.024092192496149724,-0.018041500989699935,0.01593426824327448
2013-06-10,0.0,0.00040909044043354725,0.004939787449919778,-0.004782896757477177,-0.004694839837349066
2013-06-11,-0.010369313807013248,-0.009992987645199212,-0.0051648936635613095,0.011827735236782664,-0.006195596795339221
2013-06-12,-0.008312118544003702,-0.011622897428243788,0.007476670343020137,-0.014406032923622506,0.007077524820609653
2013-06-13,0.015094119507838228,0.01258566499215585,-0.0038060756896859606,0.015546432926275547,0.008777208165035749
2013-06-14,-0.006291991305682397,-0.006618657779008261,0.005145905283357988,-0.00236928773872508,0.011872148321596556
2013-06-17,0.007692050984811465,0.009637645243976426,-0.00492162373629442,-0.005284847409283423,0.0005754429818189236
2013-06-18,0.007874467457360548,0.008188259797618816,-0.012335615865617823,0.0005291703190644885,0.005737272489598274
2013-06-19,-0.013913116522138358,-0.011207247262586905,-0.011723707191219441,-0.010381496587961283,-0.005162050771192151
2013-06-20,-0.025089982969903425,-0.024064437306556413,-0.05501208351122277,-0.01654916994066403,-0.03362391631532536
2013-06-21,0.0032046097372089863,-0.005323565253121913,0.011663149049636777,-0.017103588560715567,-0.011965488922075548
2013-06-24,-0.012716041671411896,-0.009989223038972678,-0.00899678918866049,0.004142980270361903,0.012262748370233362
2013-06-25,0.009567653331319209,0.007287179820640098,-0.0037186710729782786,-0.008951813208859951,0.0029683099037889
2013-06-26,0.009852650559441699,0.00892909702499379,-0.04294353680246575,0.006468024532122312,0.0017766530518893147
2013-06-27,0.005852582494455973,0.004224873696457172,-0.01998184769474001,0.010170308281629193,0.015558880889667942
2013-06-28,-0.004105627393406659,0.001403659322629611,0.026974604047993712,0.006815113291541871,-0.0043789741905329695
2013-07-01,0.005842161154310695,0.006155191217638303,0.016816885336969126,0.002012404815399575,0.0142340202671891
2013-07-02,-0.0009296790539972253,0.0004174704768885064,-0.008955978266061641,-0.0006342053911180083,0.015455400281924374
2013-07-03,0.00043427240702021205,0.004034519744216132,0.005731107587480113,-0.0029950554344372847,0.017734485199156123
2013-07-05,0.01073048639608708,0.007606780397381355,-0.022192441073447783,-0.03468286387896331,0.019890191784408782
2013-07-08,0.005689019403665064,0.0009643398913512087,0.01195305315168224,0.009646792744536002,-0.0041113261520947615
2013-07-09,0.007170870400248909,0.006037693466695189,0.009245063039676966,0.001024841815462433,0.00983884976604141
2013-07-10,0.0003634924369943229,0.005730132081064585,0.0027320810310944702,-0.00785243406254516,0.017790222307018096
2013-07-11,0.013529126758776789,0.019666557387443523,0.026837949821575,0.011662183992088652,-0.011284429023224466
2013-07-12,0.00041789044334379795,0.004392460886182823,-0.0008857802448473976,-0.0008345445476208174,0.014751589856301758
2013-07-15,0.0038131543860998726,0.0022546758996117027,0.0004027469930761068,0.005277069436493603,0.0029242821935237234
2013-07-16,-0.0037531779200293976,-0.001325829755983775,0.005701216593606186,0.003411049905069186,-0.005056527939502549
2013-07-17,0.002563128359128105,0.0025176316002155177,-0.01265074444459673,0.0018390240403097348,0.008501637285282191
2013-07-18,0.005462765061187238,-0.0025176316002155155,0.005579624197673036,-0.012571881979953263,0.014184659155401576
2013-07-19,0.0017752802608273649,-0.010403156927687904,0.008831130466871196,0.01569041164431851,0.002864974196671225
2013-07-22,0.001948400440076701,0.0029456226448116877,0.029377940831470724,0.0014638366568592832,-0.013880086694518498
2013-07-23,-0.002125910460915905,-0.007379418383944968,0.006729945073879884,-0.00421518876416946,0.004473155396982952
2013-07-24,-0.003672451239137081,0.0032265994927060753,-0.017341725231021614,-0.012753335468631527,-0.01828103927710901
2013-07-25,0.002430237079191507,0.006289046144304558,0.009291457084115504,-0.0003715847673397782,0.004801297490111466
2013-07-26,0.0010651227054730142,0.005321307029810677,0.000854539664784338,0.006121428822122981,-0.009894524955303331
2013-07-29,-0.003080033950841045,-0.0018592325578148093,-0.002410089085684926,-0.007331899926925785,-0.002152220798300137
2013-07-30,0.0,0.005302964799236732,-0.0027281369156585316,-0.0003727869652622148,-0.012466364805977025
2013-07-31,0.0007118277602994623,0.0018494082963229695,-0.0012495787031893267,0.003628885961988256,0.018641697547757227
2013-08-01,0.011491921306161581,0.01011105612442824,-0.010606207573640596,-0.01945714474667243,0.024065681701359216
2013-08-02,0.001698017408876926,0.005602640135701054,-0.001976519588739746,0.010949089368173842,-0.00866038308855615
2013-08-05,-0.0014635635884883893,0.0006490786066992266,-0.005236889446047239,-0.007727219219935557,-0.002903441263355573
2013-08-06,-0.0056988447363486225,-0.005990688769855958,-0.013858480621278743,0.0029287622827074804,-0.009828814471312246
2013-08-07,-0.003245672192766641,-0.0018304187656777754,0.0014509135479650783,0.007423833339269551,-0.012085571529456898
2013-08-08,0.0036579256535537114,0.004960458273093525,0.02159359677218957,0.002711345330324068,-0.004603885517339184
2013-08-09,-0.0028897991753384982,-0.004044663694644558,0.0,0.001587026075831649,0.020153846106340727
2013-08-12,-0.001181778485108634,0.0023503450384554153,0.017735565654740437,-0.006830107857234813,0.004512235191022654
2013-08-13,0.0029521121779501145,0.0055931684248612815,-0.010822755261539812,-0.014560833812533019,0.003700855522659539
2013-08-14,-0.005142694298034722,-0.003768712868446465,0.009815472951498977,0.0015221129771065588,0.0050006321474585485
2013-08-15,-0.014084902234489518,-0.017069620816271114,0.020638289899497057,-0.01359640002248771,0.003930347579664065
2013-08-16,-0.003310787336195987,-0.0003975223296198567,0.006735556363018295,-0.0034763507309205624,0.004175367253950492
2013-08-19,-0.0064127880176646345,-0.0017238621291330298,-0.004308614943246926,-0.008744974085623438,-0.006007680544015345
2013-08-20,0.0049037728862748745,0.004369685585492451,0.003327556996308892,0.007680600027103936,-0.0171756824475467
2013-08-21,-0.006179185024336556,-0.003441004997509265,-0.002873052164441264,-0.011004092393616787,-0.00937220129101594
2013-08-22,0.009074403284253102,0.009763656810195344,0.005587376516652108,0.010132079063389714,0.009905120498878706
2013-08-23,0.003366052297347685,0.006674212320430522,0.015614200939507474,0.010797176089514332,0.01086246839903412
2013-08-26,-0.003727869047702643,0.0005215495560971189,0.004068828031624427,0.004973627251494935,0.0002634256780693312
2013-08-27,-0.016215318797213656,-0.020678762361336915,0.00955189530149838,0.012515728669779626,0.023689767761449765
2013-08-28,0.0035450515977932143,0.0038519740931727718,-0.00029249824790502016,-0.008136339499792955,0.005388156643626224
2013-08-29,0.00158499871190831,0.007001900723143092,-0.006163432755339088,0.007948344981828084,-0.012876819089767164
2013-08-30,-0.0031723973588893553,-0.006471779741036341,-0.009242551987358015,-0.0011325322430604614,-0.0025954410374627846
2013-09-03,0.004511376999466993,0.0056809544350489875,0.013282390492898161,-0.014204805137055942,0.007250129817107374
2013-09-04,0.008238819903727287,0.010615712851008478,-0.012985238492024438,-0.0022089977191471996,-0.010895002121107684
2013-09-05,0.0012666054331796283,0.0016932151181620093,-0.01843720597917757,-0.01404180912752852,0.009087391620333363
2013-09-06,0.00048121061503923404,0.0011708964841758073,0.014642627040753583,0.004961615714735409,0.017168954473258755
2013-09-09,0.009531064413251527,0.011631119825695247,-0.0017905715189216484,0.00048482178240156934,-0.010728123013745792
2013-09-10,0.007369795008819401,0.004870158210035336,-0.016337634945460925,-0.007008224612522927,-0.015528223079846274
2013-09-11,0.0031336843445965864,-0.001919478303757246,-0.0003037393323617421,0.008849485113725226,0.003644872304000431
2013-09-12,-0.002659975540024921,-0.0006407544964532124,-0.03107779008702503,-0.0013563560416515652,0.010084103483603828
2013-09-13,0.002246748401008675,0.0006407544964532558,0.0011742263444235006,0.003870899562943565,-0.0005146798474706785
2013-09-16,0.005770480732518727,-0.002694084845011882,-0.010776072852725326,-0.006686072003562778,-0.019231306636202167
2013-09-17,0.004453477383439258,0.006657451799225774,0.00039535918570776093,0.008229487907845345,-0.009756146486410124
2013-09-18,0.01150736478995215,0.011923069362204523,0.042635327513365635,0.012266993938575499,0.02460209405996903
2013-09-19,-0.0016772843004039472,0.0023929226078735566,-0.001971448259468817,-0.005923135913624066,-0.015633420467267328
2013-09-20,-0.007016112099509644,-0.0034378410249523445,-0.029188479494947676,0.0052552323676095325,-0.008174109163448368
2013-09-23,-0.0046382659137183,-0.0020272259760258995,-0.0032092394127313157,0.007312701827846272,-0.013326423070604252
2013-09-24,-0.0023568248823527707,0.0,0.0008620400005460428,0.010728795216594169,-0.001342441762458572
2013-09-25,-0.002894462924655725,-0.003431084567203549,0.008812610259893472,0.0020570982531147477,-0.009176856360769007
2013-09-26,0.00383785953701438,0.007734385487057758,-0.007794819989308921,-0.007030925895738979,0.005408362428545063
2013-09-27,-0.004607291801006121,-0.0012634660580534427,0.009191529856392782,0.002443223438748155,-0.003241568076125976
2013-09-30,-0.00534259156864874,-0.0024062471174028668,-0.006144359705342492,-0.0015027208099947893,-0.0029806447752169216
2013-10-01,0.007885311677099681,0.010091042959946736,-0.028407152018487033,-0.00303961756224404,-0.004623921519290228
2013-10-02,-0.0009452353278435507,-0.00037643608286474275,0.01963107970630708,0.001511403812908823,0.019973616205213533
2013-10-03,-0.009264104502312326,-0.011744555451325564,0.0009440116150259955,-0.001605504861237217,-0.007510732422674576
2013-10-04,0.007548115341024269,0.008601070737518854,-0.005123983685186541,-0.0007561154321487573,0.004566884549897874
2013-10-07,-0.008681507908727166,-0.008347383718782218,0.008734372074589061,0.004058659130837975,-0.004566884549897885
2013-10-08,-0.011715774918945166,-0.019492079946734155,-0.0018820415130879548,0.0002832952624038832,0.004566884549897874
2013-10-09,0.0007252293054718919,-0.0031133232759141326,-0.01017720830751646,-0.008038462892732433,-0.020580258718720462
2013-10-10,0.02132883086000052,0.02095307998474806,-0.014697956002940963,0.0016131799996766175,0.014935763162646205
2013-10-11,0.006422640835627547,0.007855911025278642,-0.013529579748560205,-0.00028460522422035214,-0.009478702825731438
2013-10-14,0.003985119949993519,0.0070432660413037584,0.0018742894021130988,-0.008092488652059896,0.0032599576174419807
2013-10-15,-0.007279711556523849,-0.0038927264187399255,0.007300498898775199,-0.0006693080244664529,-0.010908144984267485
2013-10-16,0.013868954258867316,0.011259994112794453,-0.001536801678475267,0.012452891888511454,0.012263321747432566
2013-10-17,0.00666100830863758,0.0057061893986536764,0.030923704639582567,0.009028768266339386,-0.014734157589520113
2013-10-18,0.006732038779386502,0.016075137773032634,-0.004483428301823487,0.002151128307260056,0.0019222769358578542
2013-10-21,5.7005179180342046e-05,0.00218913250738534,0.0010243461627259776,-0.0031818287186644147,-0.014090636241035322
2013-10-22,0.005774638606405479,0.0014566612060521273,0.018414947525612457,0.011091125796527582,-0.014856581330117942
2013-10-23,-0.004799755998307449,-0.006083005608055376,-0.0050381372278342695,0.0038853054935671294,-0.013075771305363157
2013-10-24,0.0033166779165238365,0.0043834124963477265,0.009358446213496314,-0.0038853054935669936,0.0011438638402214067
2013-10-25,0.004557060328626138,0.00714230853105148,0.00430184114069166,0.003700652007979299,0.009387012745952739
2013-10-28,0.001590136693526756,0.0002408971425239852,0.0007661546853194367,-0.0034227587760405766,0.006490767692776128
2013-10-29,0.005319142381591692,0.0016868977214503466,-0.006069186843828599,0.0012966885529569685,-0.003945872973587021
2013-10-30,-0.00497858174674379,-0.0009630250999841466,-0.001310854659270559,-0.006033537811351749,-0.015941168392292034
2013-10-31,-0.002840298756783865,-0.0022928370426091036,-0.01445589960302803,0.0021392265453527236,-0.004601672028206165
2013-11-01,0.0023862637736793355,0.00024203448440350108,-0.006203647298539133,-0.010883045502045868,-0.01627462718002924
2013-11-04,0.003512480639184953,0.0014479177894412866,-0.0011034001173000462,0.0009414119306730056,-0.0026404636133039415
2013-11-05,-0.0031720962163935495,0.0010843604009670008,-0.0019733992654948685,-0.0120209501358759,-0.010929151810202925
2013-11-06,0.005092232307056967,-0.00024091268112104894,0.00504414218537563,0.0004765261828483154,0.015325984694153381
2013-11-07,-0.012722971885374268,-0.018973748229659443,-0.008209655231932556,0.008434918167605754,-0.006455345377524325
2013-11-08,0.013401006538341557,0.01341636963710467,-0.015013896979636615,-0.024360844482596292,0.001176731559715506
2013-11-11,0.00016874271869821755,-0.001576706109054722,-0.0033044239634362335,-0.0037781376303902005,0.007323894236999396
2013-11-12,-0.0020321447063977715,0.001576706109054652,-0.011529892263514105,0.004647871043111965,-0.018262626942825454
2013-11-13,0.007992248574887627,0.012042748237126142,0.003261328070825869,0.0036654944781348902,0.007699242436459013
2013-11-14,0.004976801781991195,0.0031074647321527927,0.011492504258155503,0.006141991706623343,0.0008845283928338174
2013-11-15,0.0043417195196608915,0.001907210686540869,0.00040229335990021333,0.0020072023873879117,-0.0014746864801377603
2013-11-18,-0.00350485759515791,-0.009814365094044231,-0.01148785517697459,0.005997855929610275,-0.007703805100040813
2013-11-19,-0.0021761782511395353,-0.002891012684292766,0.00040671485346977925,-0.007622556884968345,0.0029700731245783894
2013-11-20,-0.003132949074732587,-0.0024157487225159317,-0.023286477860624745,-0.017169973223912505,-0.002672611821850528
2013-11-21,0.008036048234079043,0.010106451082159114,-0.0014996278848545786,0.0016522870652789156,0.01592945502761874
2013-11-22,0.004990299550061428,0.005371992430125149,-0.00016679957021921665,0.009282189814169187,-0.003811681939776519
2013-11-25,-0.0009960486844078483,0.002378186281902183,0.004492901489940914,0.0028827776286299016,-0.006483996153901821
2013-11-26,0.0002768263019644926,0.005213285868025259,-0.005327125906487885,0.003734866190871947,-0.003851317791014409
2013-11-27,0.0024322708732810146,0.006947189895044423,-0.0030090344685490583,-0.001721699119500336,-0.014952432300657422
2013-11-29,-0.0006627506023091563,0.005966124840073992,0.01032652317938159,0.000287398453615086,0.00810208384159994
2013-12-02,-0.002600124290064634,-0.0029201235599782614,-0.026189134272709476,-0.00780902284847006,0.006553530238332413
2013-12-03,-0.004330044531317184,-0.0008192640259943167,0.003226607638788197,0.0036713925246652872,0.024344890037632527
2013-12-04,-0.00011135744259807883,0.0009359359779964615,0.016812770063131668,-0.009591768815178049,0.010664541190551144
2013-12-05,-0.004405233927729574,-0.0012872122407719747,-0.013934549467759825,-0.0028274550197301728,0.00143243789217394
2013-12-06,0.011115167776539371,0.007235242455210165,0.00211104147267288,0.004772188642142491,0.0034295241579025064
2013-12-09,0.002538811503108678,0.004061527419980456,0.009820854927032762,0.00232949702164075,-0.00400227496737354
2013-12-10,-0.0035895626669096184,-0.0006948280379317635,0.01738884972238615,0.0071478272556249585,0.011392932086653623
2013-12-11,-0.011294099224671127,-0.012947140945071257,-0.00791168691971828,-0.007729535392443701,-0.009389792328688936
2013-12-12,-0.0033068694229936766,-0.0025859679215639365,-0.021493611686152832,-0.003789742541555051,-0.00028587052157949
2013-12-13,-0.00011290179416350858,-0.00129624374536766,0.009172415436119621,0.004856071533451033,-0.009481519908050995
2013-12-16,0.006213252361867815,0.005524785296494259,0.0025934275495750453,-0.0036880532612322764,0.00862319932725935
2013-12-17,-0.003185268286694487,-0.0019947985453988275,-0.00872709154091616,0.004463356916506523,-0.0020054353454371857
2013-12-18,0.016928323438848876,0.011559100372743858,-0.008803924689540665,-0.005047669766594509,0.004577972305824278
2013-12-19,-0.0011565269218065883,-0.0027899910490998252,-0.024008388970939976,-0.0009736295226559072,0.008244564733416265
2013-12-20,0.005800010755975209,0.010132246459828334,0.009707154887455789,0.01527181323478007,0.004519777443910485
2013-12-23,0.005328550515816784,0.010465316552129176,-0.0031964326223481313,-0.005674975127461603,-0.00338788950884249
2013-12-24,0.0021888747016015576,0.00045756138332152415,0.004575471214311559,-0.008038895734574454,0.0036697589219649267
2013-12-26,0.005070687736814603,0.003310592998268122,0.005497345915552918,-0.0038617742630486524,0.004498175709475384
2013-12-27,-5.408738802258635e-05,-0.002510749415741448,0.0032498521874088976,-0.0028444876244431362,0.00531540270224806
2013-12-30,-0.00016309938033805046,-0.0014863606870724742,-0.014881383746899417,0.006852023490015382,-0.00868721668823863
2013-12-31,0.004721460640659449,0.006501283832262241,0.0063064728922821575,-0.00636066979436489,-0.00592800858051759
2014-01-02,-0.00962973580866721,-0.007875347068796964,0.016060461656273138,0.003037634851204895,-0.03134692792652613
2014-01-03,-0.00016413464473331185,-0.007245020601104003,0.01087288650299346,0.0,-0.014122021850383183
2014-01-06,-0.002902131906928658,-0.0037001209995408883,0.001758860402907068,0.004200420460246688,-0.005347615417324793
2014-01-07,0.006123467789029853,0.009225048411837206,-0.005706631012357315,0.0025310999422285155,0.0002979042763115885
2014-01-08,0.00021789700126818607,0.0021781953054797894,-0.005908660231013954,-0.0027261950785595285,-0.012586380511996334
2014-01-09,0.0006533037157869763,-0.003326731542126741,0.0028742629920469314,0.005832489113432186,-0.0024154001577221113
2014-01-10,0.0027192187048903573,0.0032122739826958156,0.015080740254614516,0.01184993748109233,0.0033196588474249883
2014-01-13,-0.013394562112706013,-0.014886657429345024,0.0062997100806513355,0.004969411721206456,-0.011515195526355331
2014-01-14,0.010838602670141946,0.018887783910145114,-0.009381142826874576,-0.004586303105436229,0.006985587533565365
2014-01-15,0.005375717045775163,0.008180916634589645,-0.0019202320624570302,-0.0010531260842508072,0.021853871590369153
2014-01-16,-0.0013007293214235566,0.00011326259697106229,0.001085798819833523,0.006685813859874665,-0.0035597465164916315
2014-01-17,-0.004238246986677771,-0.005673817924682696,0.009471650934748868,0.004180559816646478,0.0011879152195698576
2014-01-21,0.002935823564681123,0.007595512535102111,-0.010223281251883428,0.0007580974838514716,0.00886539643332816
2014-01-22,0.0006515770356933551,0.002593952775417014,-0.004269708090943136,-0.0024664849036115134,0.016630570583066138
2014-01-23,-0.008227109951454708,-0.0033848700911014488,0.02157937863834985,0.014051094459092903,0.004618941278365039
2014-01-24,-0.02156647585399897,-0.01986117737445614,0.004097023071523926,0.0064405269470889604,-0.00404039174424258
2014-01-27,-0.004931621835967745,-0.009731351359863832,-0.010935375825426051,-0.007002344540831291,-0.010173094037484344
2014-01-28,0.005937079434621049,-0.0005823084836122005,-8.269303790822393e-05,0.002432871969309525,0.013348982225217033
2014-01-29,-0.009651264752952521,-0.01077425192007241,0.012488900176089597,0.008191461819476668,0.0011524321812021647
2014-01-30,0.01054454223480917,0.018317063979297374,-0.022292903069312663,-0.002877491306620045,0.006314636933932731
2014-01-31,-0.005875739553037063,-0.0026622205345930906,0.0026682222466366365,0.006671668012259174,-0.004301125652393096
2014-02-03,-0.02276230435068315,-0.02321896908593093,0.010190249127034517,0.012110651781797809,-0.008078485380828978
2014-02-04,0.006980208098541718,0.007328582801776824,-0.0027238004077892192,-0.010667744612501483,0.006352929652012307
2014-02-05,-0.0012549049065186321,-0.002594042141858719,0.0024764999719102173,-0.00928815163190225,-0.0008640056308416021
2014-02-06,0.013100997673505822,0.012671437459112492,-0.00041234529928668945,-0.004302354418904358,0.005459069432616613
2014-02-07,0.012319102257653088,0.01768115365310488,0.007641467858454856,0.0008433192170307575,0.02098171254730449
2014-02-10,0.0018350495749930307,0.005711212171107692,0.006120219937763649,0.002805167859966529,-0.00028057588142489805
2014-02-11,0.010883840236101417,0.011325492217083843,0.011646867732522378,-0.005806221055775772,0.0002805758814249579
2014-02-12,0.0004949915831442813,0.0019122342197734335,0.0005627211416357906,-0.005179215710990426,0.0044792866183527074
2014-02-13,0.0051495353554434865,0.007390943641239244,0.008482745858973437,0.005649185576049173,0.0019533896712972216
2014-02-14,0.005503749707030531,0.0020064721734725584,0.01314144676964577,0.0005628035708969499,0.001114542222022438
2014-02-18,0.0011946918241895032,0.004887080055622112,0.001964251246385302,0.0022492617994692263,0.020670434260498284
2014-02-19,-0.006643797163901099,-0.006893552229094716,-0.00890931024990728,-0.004222334406433739,0.0065253541488982285
2014-02-20,0.005883880592367147,0.0046748656528568,0.01047791408716357,-0.0024469144938137942,-0.0005421647479100835
2014-02-21,-0.0011418292770385302,-0.0013335411226692068,-0.000156725786373845,0.005263750419847704,-0.005165226712685078
2014-02-24,0.005531876498635147,0.0053233410419487115,0.010991291396995246,-0.0025345420031497724,0.0027218930642879417
2014-02-25,-0.0003787640357592068,-0.0011065314991019301,0.0017041151320099485,0.008888273927077908,-0.005451110800582483
2014-02-26,5.420526373164032e-05,-0.0008861450051815235,-0.008549765062402548,0.005296506454534368,0.0043632424575227894
2014-02-27,0.005233757477284413,0.00646704933786423,0.0007022460492867505,0.005452400694535142,-0.001634024721228221
2014-02-28,0.0025262211484968285,-0.0011067944299912162,-0.004534400720141258,0.0005525843677491314,0.0013619245343582864
2014-03-03,-0.00705720648680625,-0.007443722115623453,0.02070556372289368,0.006653807780742827,0.02100801086657237
2014-03-04,0.013958033095117152,0.012633271205443513,-0.012434038231916314,-0.015156339304138964,-0.012335878425452392
2014-03-05,0.0009059362926601563,0.0027489724601369747,0.0016306772285005259,0.00213928211727575,-0.022374730423009307
2014-03-06,0.0022875289303026683,-0.0008780702284964774,0.009881951730484863,-0.00989837057402358,0.009064696326226838
2014-03-07,0.00042486580243315526,-0.004958931415560093,-0.008331467261762834,-0.006307413386547453,0.005725962170542835
2014-03-10,-0.0005309603221400696,0.0008833602159521033,0.00030987952174799755,0.0014160637533978922,-0.0131364657336671
2014-03-11,-0.004955222526921035,-0.004313758878225258,0.0056372651087014634,0.002636605259681939,-0.013590497893476402
2014-03-12,0.00026703530772774573,0.0037615995048499145,0.01452509239828917,0.006936682612377241,-0.01292887318202311
2014-03-13,-0.011276726152477825,-0.01423524012930301,0.00340957412514151,0.013360654172006211,-0.0002828779684287417
2014-03-14,-0.002811625511405434,-0.0068558880310003395,0.006709152953836264,0.00018383234660589612,0.005361904466704767
2014-03-17,0.009002649020625782,0.00875807084229704,-0.01102985181906253,-0.007492769026045301,-0.010752714008797466
2014-03-18,0.007112944357347213,0.012001856475429548,-0.0077786123459218795,0.0036156356127239734,0.012159072033551837
2014-03-19,-0.00534302577750119,-0.005427406842845838,-0.01955919383977943,-0.007801759937316365,0.0036470022677946587
2014-03-20,0.005822536872009107,0.002772355542775902,-0.0017971931407437896,-0.0017733895644939104,-0.0036470022677945867
2014-03-21,-0.0038864481420095467,-0.012105596707157626,0.004759503433198317,0.01077630420452845,0.00728085866348422
2014-03-24,-0.004143769070309822,-0.008803076680093893,-0.017985962184133498,0.007089081751179178,-0.0005582042513424309
2014-03-25,0.004734523776605977,0.003282150797622424,0.0018211601163198826,-0.003768125780926111,-0.0013968220445168488
2014-03-26,-0.007218124236975225,-0.012963650626148548,-0.0079422224405048,0.0077966779394844105,0.008906256814334653
2014-03-27,-0.0021108924663384627,-0.005624506398499978,-0.006560082119566911,0.005012852478003398,0.011296437705766165
2014-03-28,0.004917929400068099,0.0019552280912627385,-0.00024080899198648432,-0.005652622575335907,0.003282249490380613
2014-03-31,0.008160895180992968,0.007096946298112762,-0.007656055088048284,-0.002472102598710066,-0.0008195268775035385
2014-04-01,0.00660880500814821,0.017413331487756336,-0.0017813868735330133,-0.008582671677180428,-0.020989400780507327
2014-04-02,0.003341407708029398,0.0025748949120005817,0.0075088182006584885,-0.005762913125815219,-0.0008377103253191386
2014-04-03,-0.0013248057371265207,-0.007969753200545106,-0.003222702832066955,0.004371936617950534,0.009452396180053344
2014-04-04,-0.011892440474510359,-0.026957822403325702,0.013227188238038262,0.006660435497243953,0.007992351121968383
2014-04-07,-0.011112957469881906,-0.009539512120053023,-0.0052698622747470985,0.005974854006794474,-0.004126027797306364
2014-04-08,0.004114531803086254,0.009191869129696002,0.009402401345718429,0.0023805106253823667,0.016945000798000733
2014-04-09,0.0106935098620223,0.016996525800733037,0.0018224588899723945,-0.004949998568011807,0.008634691612859
2014-04-10,-0.021229945912948363,-0.03146256414058366,0.0054474728041238926,0.00923846197728057,-0.0005375022228457566
2014-04-11,-0.009048804323752744,-0.011701230175123875,-0.0006300845312461718,0.008069891868253604,-0.0005377912868648788
2014-04-14,0.007847325014854484,0.007816375891161364,0.007221933997910394,-0.002622357274661152,0.0053648401005667885
2014-04-15,0.00686334971803262,0.0032976838905767122,-0.018631632703177,0.006227632678391121,0.00026744206316924046
2014-04-16,0.010423867643790403,0.013198462429672484,0.00039838308299643756,0.0012593162874363964,0.0024041724915792625
2014-04-17,0.0013956053539268256,0.000232043654800399,-0.006312705550471783,-0.011024727012509419,0.004791074020607023
2014-04-21,0.0034810672286119154,0.007397109315853463,-0.004096572985582287,-0.0008181458175904744,-0.0005312206756083061
2014-04-22,0.004534102751629513,0.007914328711856149,-0.003709375196707251,0.0033589895655299924,-0.017149385857450506
2014-04-23,-0.0023446041755948847,-0.008835497693340088,-0.00016156292345426097,0.005694103543966292,-0.0024353997363700617
2014-04-24,0.0020254993512451077,0.009520449741421536,0.006443284399615783,0.0018903060259195103,0.003785818242083437
2014-04-25,-0.008232412404578478,-0.01611235656695154,0.0069603285441200615,0.0014385580960095208,-0.012220132433298498
2014-04-28,0.003161703255083697,0.0032431518650158594,-0.004394582256213961,-0.004862737254432966,0.003000973852649836
2014-04-29,0.004644644809731572,0.007948252574687583,-0.0001601396915205392,-0.0013543487327169431,0.00027242642654934645
2014-04-30,0.0029781473783848347,0.0026354723787234136,-0.00513891756378345,0.0041489835582377245,-0.010953053665162943
2014-05-01,0.00010614164861879268,0.002970727695760479,-0.003386812056897391,0.010670383085307295,-0.004415014026497548
2014-05-02,-0.001434362242780587,-0.001827478544896277,0.01012621771606769,0.006140705269307835,0.003588715148889538
2014-05-05,0.0019123578794459988,0.005244215542441202,0.00923282321005491,-0.006050733157262574,-0.004141978177517621
2014-05-06,-0.008741769699249132,-0.013046833868871496,-0.0019032349869848157,0.004008366767992621,0.0013825313534021892
2014-05-07,0.005871660105727694,-0.0028836460799542716,-0.014471611157944844,-0.0035625374962377707,0.011265399087687231
2014-05-08,-0.001065167803710933,-0.0009246342456158961,0.0,-0.0042915977783899205,-0.0030099022702900547
2014-05-09,0.001490638114966162,0.003693032219145717,-0.0005638997673953104,-0.003231260790934092,-0.0024694798839048626
2014-05-12,0.00968935529130081,0.01634062678125748,0.006745961691050962,-0.004053235445926584,0.005206166638878614
2014-05-13,0.0008953089611269449,0.000679709391557795,-0.0027250474989194643,0.008628161994833766,0.012223451293916275
2014-05-14,-0.0047491601779636895,-0.005223586583722985,0.009664218850403477,0.010768942392156465,0.0037725560061216395
2014-05-15,-0.008818905565125415,-0.007887380696567097,-0.008300797439581379,0.007935592541796831,-0.0037725560061216993
2014-05-16,0.003462337874086322,0.006520372682388818,-0.002166299613193375,-0.0028139456845268055,0.005116441093826978
2014-05-19,0.0036628209108210377,0.006930750455185014,0.0006423786190590421,-0.007425949769327802,0.004020955012861488
2014-05-20,-0.006325008473996306,-0.0036301188858648427,0.0008825820644809731,0.0022155446980799062,0.0037383057366203723
2014-05-21,0.008389025879265832,0.009500015515709843,-0.0024088902731866564,-0.006127044408205418,0.012185556992835557
2014-05-22,0.0024290392200080123,0.0043807895317338075,0.002248445354556146,-0.00142679819445509,0.0007895455112144808
2014-05-23,0.0040007243048638605,0.007257755715137575,-0.0012841805482511725,0.0053382979045807025,0.004462587448083013
2014-05-27,0.006127701348336022,0.012384146970340073,-0.02159528357280634,0.005838663999411014,-0.0010482421213334214
2014-05-28,-0.0007311381982417845,-0.0030813650264826524,-0.005348719092920353,0.012274811526477528,-0.012134126362040625
2014-05-29,0.005159609168382169,0.006372711862643578,-0.002147473423706254,-0.005329578679731509,0.00608546769593262
2014-05-30,0.0016101389617865641,0.00010938451217978778,-0.004225901225548044,-0.00043849216342959393,-0.0060854676959325935
2014-06-02,0.0011409736744632045,-0.0009863612317357357,-0.006080086737565114,-0.007461096793945078,-0.003988877186440813
2014-06-03,-0.0005181447268152687,-0.0004384093711226036,0.002586503374912596,-0.012381485740457344,0.002926717880808513
2014-06-04,0.00202040301015319,0.003721923828930108,-0.002085332494818545,-0.0002693038969297356,-0.0034597791550620358
2014-06-05,0.006501158702552525,0.00837851847227127,0.007486945414296175,0.0004480671053770398,0.00106583854556911
2014-06-06,0.004771387324188039,0.005726068988969585,-0.00041449870757462217,0.0,0.0015966308185009523
2014-06-09,0.0010227309589853429,-0.0007541102910634667,0.0003316000625026315,-0.0014346368048004843,0.015041837579997962
2014-06-10,0.00010267573846033554,0.0017232967015272838,0.006114693163497651,-0.0036858829535897576,0.002615708405275538
2014-06-11,-0.0034825692522039747,-0.00021519337453404424,0.00016477983735385757,0.0017999250677463682,-0.0007839744234117844
2014-06-12,-0.007105106331497977,-0.009084199743428358,0.010079951867740265,0.00886166444485462,0.0214673137560455
2014-06-13,0.003043833175375328,0.0029292807248597033,0.0026058621978226784,-0.0005344664453037428,0.0010229438344668172
2014-06-16,0.0008237667788624643,0.0008660781378750215,-0.00440135131883663,0.002493601265792704,0.0012772830683277653
2014-06-17,0.002775646692988897,0.0005407482482771741,-0.0011442534259887985,-0.00794827168007681,-0.004605854888231454
2014-06-18,0.007312878600785119,0.00560912915352768,0.003184321078208193,0.0076810281147126685,0.0005127344488332243
2014-06-19,0.0011203634537046388,-0.0006458431465773355,0.03421674499309133,-0.012894157897101124,0.003071483026915646
2014-06-20,0.002028316170088115,0.0011758008128235694,-0.0034722449435064377,0.007541385311545875,0.004843823998726061
2014-06-23,-0.00030624795111572817,0.00021525450190174882,0.0027629658487138523,-0.003135072149897237,-0.004077473751842948
2014-06-24,-0.006042653965651615,-0.0009700920600248565,0.0010243461627259776,0.010088626068108893,-0.0017891300574199617
2014-06-25,0.0045096241444141025,0.006344154020372648,7.870619989003499e-05,0.0025718379258044565,0.005103373163793159
2014-06-26,-0.000715881615359481,0.0005359465084437666,-0.0020494607960695427,0.0047730678093512,-0.008177906197365449
2014-06-27,0.0019424743691877344,0.004383068961906432,-0.0005525055816399519,-0.0015005585812550993,0.00025653166106920735
2014-06-30,-0.0005110325613974706,0.001705170403614471,0.010836302664764272,0.0024700059406900284,-0.002568675271524656
2014-07-01,0.006670876862275414,0.010908252651994252,-0.0026589235253347675,-0.008407727162823512,-0.0005145474086216505
2014-07-02,0.0010146354303412991,0.0016839911632275252,0.0,-0.010744803373518193,-0.011907960325605748
2014-07-03,0.004906307541004391,0.0062893280812241475,-0.004237574298798965,-0.0036076671116030976,-0.003913939057565408
2014-07-07,-0.0034874696662860567,-0.0030346595272685573,-0.0011016368953835223,0.007291736416287233,-0.0020937414864500062
2014-07-08,-0.006450893167007159,-0.012126786355565274,0.00039358536836548694,0.011149932308090726,0.0002620075045862919
2014-07-09,0.004474123741551898,0.007398637688173447,0.006041340057119357,0.0007975162868674423,-0.012917055448120038
2014-07-10,-0.003964730182665209,-0.003164358646217606,0.005460634339476959,0.00026516358458649586,0.005556381506475947
2014-07-11,0.001374390621486368,0.006423643190158592,0.001865424919652749,0.006360149709189212,-0.019718242509639553
2014-07-14,0.005022325328287905,0.005965356461325327,-0.024048290991992773,-0.004323919864063368,0.004296457962473607
2014-07-15,-0.0018740542163723048,-0.0034492105002550356,-0.0095105807084893,-0.0020362298451259767,-0.011859940151568672
2014-07-16,0.0036942642340907572,0.003970639254717331,0.003527077335086919,0.005302992400703896,0.011591996390348833
2014-07-17,-0.011430598553938262,-0.013332829627160009,0.01682174981323043,0.012524243101724291,0.01384106300647114
2014-07-18,0.010167059619835139,0.015728671205648026,-0.00758236875559345,-0.0032255740539488854,-0.002911996919641261
2014-07-21,-0.0018731994290309703,-0.0012493411094917646,0.0016635571611118736,0.004964610524741459,0.010023751955858253
2014-07-22,0.0043487816700480296,0.006333915580000374,-0.00476039051876284,0.002084316364992577,-0.003944718137894239
2014-07-23,0.0022169715303450304,0.006397443710045099,-0.0009547670752031266,-0.001302153913418853,0.005518318636006132
2014-07-24,5.11057969961775e-05,-0.0011319882709459226,-0.01016134091187034,-0.00749493719206514,-0.008949787420304113
2014-07-25,-0.004692879700960036,-0.0039204252156014325,0.01151369915042729,0.011740103805121156,-0.0013229063170129545
2014-07-28,0.0004043535675457685,0.000309616737115387,-0.0016708368622555144,-0.001384209445155714,-0.003447850342459309
2014-07-29,-0.004306617818216289,-0.001757666777746847,-0.0030305859758103,0.003629161680967977,-0.006664025836577942
2014-07-30,0.00015216174880073308,0.003925750505663362,-0.002959607959589689,-0.013985056040933365,-0.012649912625644197
2014-07-31,-0.01994557151513822,-0.020417773223783634,-0.011602760367427242,-0.002978472428523588,-0.016384814708777416
2014-08-01,-0.0030600810416257468,-0.0036898764207005472,0.007991307629640355,0.007711081375048114,-0.0035857457017235196
2014-08-04,0.007194689467490156,0.006842528426085563,-0.0031404736308630744,-0.0026214596938410367,0.007981353028832277
2014-08-05,-0.009743765583920651,-0.007688126558299152,-0.0009682492234864183,0.0032329170650836573,-0.008810621353606442
2014-08-06,0.0003125167957054264,-0.0007399549338957994,0.014426758317503117,0.0006104364847284367,-0.005824425914884508
2014-08-07,-0.005429561778913239,-0.0031792001854069785,0.004050052304525599,0.009285264758018412,0.0058244259148844705
2014-08-08,0.01150265396372326,0.007191520258003426,7.926565064659302e-05,-0.002161617126513206,-0.0011068323266902318
2014-08-11,0.0028936502024102476,0.005883067610185028,-0.001824338047458477,-8.666845456380145e-05,0.002764787180239828
2014-08-12,-0.0013941402125712792,-0.00041903571443544196,0.00023813280255596478,-0.006513780286389849,-0.006370317429756697
2014-08-13,0.006746207853629242,0.010529212103872566,0.001665404158214096,0.006513780286389774,0.0008331837284364621
2014-08-14,0.004710797794636133,0.005171899579524813,0.0008712575320018362,0.00801936836700387,-0.025588344892085776
2014-08-15,-0.00020431090355749938,0.00483699758086667,-0.006592773381983102,0.010847651206155029,0.009355079422811543
2014-08-18,0.008344502056910971,0.007670561958294579,-0.004152731310402707,-0.009989222311287266,-0.010780168324307235
2014-08-19,0.005205360566835297,0.005587991903678885,-0.002243221418003945,-0.0030941274681229856,-0.010033115165603219
2014-08-20,0.002667890467856534,0.0,-0.0036962603887065737,-0.0016366967893287805,0.0043122541033029475
2014-08-21,0.002911608919454462,0.0020250250469769707,-0.010845949910482119,0.0055879713383897335,0.006576136343070637
2014-08-22,-0.0015551258243601184,0.0015150487652304111,0.0025196517444803458,0.005557642715377713,-0.0037116693441146403
2014-08-25,0.005057646153164343,0.003527417752086605,-0.003659619235666915,0.0037445226361183764,-0.0025776945432736463
2014-08-26,0.0006488440567508091,0.001005852404325496,0.0049575510486128994,-0.0032331452466842782,0.00486346214004611
2014-08-27,-0.00039878003654232917,0.00020044458120826785,-0.00024323006176227963,0.008484919678485936,-0.0002854898342219046
2014-08-28,-0.0005497944934389824,-0.0011054224367358517,0.005498965061752994,0.005225139620462979,0.008244564733416265
2014-08-29,0.002843679315093251,0.003715005812660192,-0.0011296651673684001,0.0006725404373692092,0.01238053627287317
2014-09-02,-0.000498300042731026,0.002902029002546199,-0.01800381866494826,-0.017401220007210984,-0.027499887888651965
2014-09-03,-0.0005482494538287196,-0.005913381714194472,0.004101728422874365,0.005553472899741314,0.021610119308554852
2014-09-04,-0.001447623884818528,-0.0009050760759835316,-0.005500142384415236,-0.012257969782237643,-0.0070571924619890975
2014-09-05,0.004485543779799805,0.005018172718570523,0.004763039303479569,-0.001898764318796599,-0.011396069396396011
2014-09-08,-0.002589397466412586,0.0019002337738753573,-0.010956031965065697,0.0004320077393464358,-0.005747163990298171
2014-09-09,-0.0063512477537914945,-0.008328073167504163,0.0011589354452107377,-0.0007780410344208582,-0.0023081900440269174
2014-09-10,0.0037557808251646404,0.00822812446523632,-0.005059527219948347,-0.006330157106570773,-0.010453074991566976
2014-09-11,0.0011491448377274832,-0.0007998658823801227,-0.006590779328069375,-0.0033101867053072494,0.012472977490191937
2014-09-12,-0.005858777455998095,-0.005113515831814429,-0.009165537985610298,-0.010529097930335993,-0.008976390371512129
2014-09-15,-0.0007535705658966816,-0.009697146972482213,0.002193926623932413,0.001498061818000023,0.0052219526496570185
2014-09-16,0.007510179796731487,0.008691260109473789,0.001600223025853226,-0.004059116711907871,0.019768545585993638
2014-09-17,0.001346028183492848,0.0015084091423572612,-0.010915206737386957,-0.0025668802963116125,-0.006831842234200831
2014-09-18,0.005316044496802956,0.007506937239950277,0.0020397581785849142,0.0031854345966973166,-0.01120216812856276
2014-09-19,-0.0009015852728538696,-0.0006199073471654241,-0.005875628567548555,0.01264482882807057,-0.0014452737897445544
2014-09-22,-0.007752899423321855,-0.009345274450059681,-0.0020517906581858703,0.0012219168079437544,-0.011053081621013
2014-09-23,-0.005740535140473786,-0.0027296839704289096,0.006397974562940498,0.006168586639622954,0.0072854761998885605
2014-09-24,0.007797080404601444,0.010673938294561248,-0.004687802480188249,-0.0055590171545360735,0.016129421804768656
2014-09-25,-0.016266963156006776,-0.02125814937833341,0.002900499681904508,0.01177604609477085,-0.004868924540311268
2014-09-26,0.007913826528671645,0.010584211083772112,-0.0028151166840318367,-0.0014645240707117035,0.00942993152805886
2014-09-29,-0.001821027826063655,-0.0013166415412302573,-0.0002563012510608187,0.007985078832024225,0.010186862534298539
2014-09-30,-0.0026354771018651767,0.0014179083126764538,-0.007031410399421769,-0.0056600869209313875,-0.031748715636476396
2014-10-01,-0.013644748745671531,-0.016122536501516654,0.004807267982801864,0.01920558176144983,-0.007584584676519155
2014-10-02,0.00015472209424608353,0.0,-0.00025693786276921897,-0.008749967281155714,0.006421429086314065
2014-10-03,0.010948725384437266,0.009826986265753838,-0.01841415564252709,0.004256772447569339,-0.017611211831967063
2014-10-06,-0.0011707298111569516,-0.0021415363211728074,0.012313702004798997,0.0005951877112512072,0.007963482647994395
2014-10-07,-0.0155568727541677,-0.014291153851290204,0.002840071033501484,0.013410386919412324,-0.017783583451620982
2014-10-08,0.017338383721796028,0.01928075892150757,0.009494153355036908,0.0002511087259152856,-0.013245185682704746
2014-10-09,-0.02003249764336166,-0.016282285647786603,0.0014461162700842916,-0.0043649061234833685,-0.02734003435691202
2014-10-10,-0.011480061296876167,-0.02530206683432825,-0.00042514180520484993,0.009878152631202558,0.00217762393806799
2014-10-13,-0.016563207777304138,-0.015795205043804335,0.007877727689301057,0.006061619371379689,-0.005921804241002776
2014-10-14,0.0015456617177526143,0.00010760648748366354,0.0005904407146892826,0.0065199323555580274,-0.0362865840899294
2014-10-15,-0.006788883570203693,-0.006474806263372148,0.0033673029177564103,0.007865976151454087,-0.005851782102968033
2014-10-16,-0.0008586162473232148,-0.006298647731777645,0.001931098016823982,-0.006386579931876564,0.013922850837360065
2014-10-17,0.011741590888375768,0.013096114361786296,-0.001931098016823874,-0.005600641486998023,0.0048115447313145125
2014-10-20,0.00966305851543951,0.01483543347699815,0.006784273141083318,0.0036275395706799277,-0.0035262293768013103
2014-10-21,0.01961719919837902,0.025934759508625137,0.0018346564364615716,-0.008015191132766835,0.005124926365435742
2014-10-22,-0.007136401777770932,-0.005174648758102439,-0.0056818361839991085,0.0010785574841761683,-0.024253412526909053
2014-10-23,0.011557778682467598,0.014933955179708597,-0.006894837025991361,-0.008907137366396171,0.01655613988201921
2014-10-24,0.007665834716436617,0.008145186708575424,-0.0014353713145334821,0.0010030130482364416,-0.005812102546827474
2014-10-27,-0.001375685244323294,0.0007092099696000084,-0.0024533739338827992,0.001835559078470978,-0.007802373027027488
2014-10-28,0.01140503761463835,0.014984947177315612,0.000338761149914085,-0.0062723543653526856,0.005857495037794471
2014-10-29,-0.001513170920846653,-0.0036998677558522635,-0.01441323656422149,0.0022630489847467253,0.013215336647073875
2014-10-30,0.006389906191402866,0.0021014671316553868,-0.010535513585850132,0.0008359364650496508,-0.015164004558833532
2014-10-31,0.011370828464061195,0.013702944794787193,-0.022208494160596958,-0.0025955838931228403,-0.004235258632717827
2014-11-03,0.0005455991396181195,0.002954301628079937,-0.004537191400506066,-7.080901154384358e-07,-0.02881467578980432
2014-11-04,-0.0034753723767121814,-0.003348506898020443,0.0006239666286797927,0.0031057247075674116,-0.01557772767168075
2014-11-05,0.006295948942672436,9.827805748797535e-05,-0.021891782615057327,-0.0014255109493268563,0.021941860051097058
2014-11-06,0.0039953070398364285,0.0031520237717111857,0.0008193776453400158,-0.0064824886388765955,-0.011754975817723895
2014-11-07,0.0009347478547757987,-0.0008854285909863423,0.027733471313511962,0.01142141101766978,0.005390843438307659
2014-11-10,0.003142647443556082,0.00353685663483478,-0.022468851359662735,-0.00922822087649914,-0.014213439740299422
2014-11-11,0.000979890481041635,0.0031334866598503918,0.014202502378614763,0.0006738611682315593,0.0027229398510461144
2014-11-12,-0.0010779687883158777,0.001758397883874988,-0.004831367663167211,-0.0008420424056990954,-0.009562937944990545
2014-11-13,0.0011269108261248437,0.004285342914492566,0.0015234861605121853,0.002357545853530975,-0.029603362145868846
2014-11-14,0.0002450380489769386,0.0031049866469148664,0.024764713533656058,0.004865746049113196,0.018908091328271752
2014-11-17,0.0006363272704197904,-0.0030077742999954716,-0.003675815105875707,-0.0025140101694477003,-0.005216482631834917
2014-11-18,0.005757054202954912,0.0074541384062901134,0.008729867518400021,0.0027642358143706407,-0.01687802137347927
2014-11-19,-0.0016068268850112997,-0.0045432844855521825,-0.011979356533504825,-0.006378583916377775,0.0017714525937919218
2014-11-20,0.0017529383878654703,0.004446954938720973,0.010326514276663132,0.00520665319033327,0.016848399465449415
2014-11-21,0.005336441522618634,0.001927558823030109,0.004603689167085155,0.006013433352725392,0.012796330228472493
2014-11-24,0.0028019688371848264,0.007767508554941025,-0.0024294916878058385,0.0008320033066010576,-0.01244831459937064
2014-11-25,-0.000723590168278651,0.0015275382751964905,0.0023428067947760148,0.008285047631216787,-0.025014483013497485
2014-11-26,0.0025559078709362143,0.006464946176858923,-0.001908507479919573,0.002719149815615221,-0.004648714518934199
2014-11-28,-0.002121655084430368,0.0046332663609190625,-0.026841959934437463,0.00786832291589234,-0.08681588198643554
2014-12-01,-0.006974206106410011,-0.011384428399056574,0.03909721071410293,-0.00585096489193504,0.02851830169415749
2014-12-02,0.0064430882414919,0.003999111206535128,-0.012428974377113596,-0.009759381782074009,-0.02851830169415752
2014-12-03,0.003855866520610385,0.0018038849074220726,0.010282221622138828,0.003899030096123544,0.0
2014-12-04,-0.0011068428929155464,-0.00047434119213731813,-0.0038758463696522295,0.008326228444738105,-0.009426612253519732
2014-12-05,0.0016352922093190129,9.501281236308754e-05,-0.012591864202654249,-0.005845876313873919,-0.015109674093169724
2014-12-08,-0.006704794702183876,-0.007142765023108706,0.011728543111015293,0.012147901756468885,-0.04297773173297184
2014-12-09,-0.0006777356550866067,0.003148881557538042,0.020601691573211994,0.00512687130891106,0.012055889600590704
2014-12-10,-0.016161034974877076,-0.015844912506508126,-0.0019479434950335464,0.00727851392487475,-0.03875801233074502
2014-12-11,0.005056763356815319,0.004731985892684173,-0.0022915065517862218,0.004101163933078148,-0.026111160043045187
2014-12-12,-0.016293320630803885,-0.01094619650744501,-0.0023819558010529113,0.013470897670223268,-0.03362791596957251
2014-12-15,-0.006892919601634018,-0.010377618053786043,-0.026058456631024355,-0.0020599658639129004,-0.04048009499873317
2014-12-16,-0.008052227861492447,-0.016172129778900403,0.004883567458748403,0.01230057194783282,0.011331555549657198
2014-12-17,0.01941503918581568,0.01804005610842769,-0.005933184879209442,-0.009052934928768781,0.0018762161273050042
2014-12-18,0.024427796704124535,0.023781589012750848,0.007671599736508545,-0.01795390295156697,-0.028519061258317362
2014-12-19,0.0042463369376926465,0.004390429858727662,-0.0033055430745708814,0.013355994999693562,0.05715838318503568
2014-12-22,0.004589409007675451,0.0024894797643045807,-0.019532501975925286,0.0013502709328093664,-0.048516932106988285
2014-12-23,0.001348468833797766,-0.003544136065647268,0.0016866692377105724,-0.02003450333445302,0.030134078426374385
2014-12-24,9.629411270308529e-05,0.000863084672117092,0.00026605277109295546,0.005428127577817742,-0.02393919738579937
2014-12-26,0.0032192210141530945,0.007069909971000751,0.018102473257655193,0.0037046126429421153,-0.012909505169578497
2014-12-29,0.001342640975943217,-0.00019049558365275696,-0.010153292143778454,0.007447179846614778,-0.023370170250140022
2014-12-30,-0.005380257240250647,-0.006687842758122321,0.013370224180731385,0.002708735807871298,-0.0004926495046975636
2014-12-31,-0.009972560769340034,-0.010309500425196244,-0.014162271200273793,0.001907910170253681,0.003444022700477034
2015-01-02,-0.0005355261775938475,-0.003007256969254552,0.0043925221460414865,0.01105683312435261,-0.023355159480768814
2015-01-05,-0.01822441864835641,-0.01477730558528376,0.014964618775983719,0.015586047577436727,-0.05689220002997445
2015-01-06,-0.009463743832152424,-0.013498671144041244,0.011334482171420189,0.017857305336439047,-0.040179219638777575
2015-01-07,0.012384154775998666,0.01280848476223207,-0.005908836993974954,-0.0019770963363642006,0.017573302401255066
2015-01-08,0.017589208290622244,0.018958799309393193,-0.0042173997009502945,-0.013331459606463002,0.009750803012601377
2015-01-09,-0.00804602518129287,-0.006604750942645169,0.011320872784881022,0.01089353174384132,-0.014662144335963977
2015-01-12,-0.0078641339301215,-0.010481348478399514,0.011025431201653892,0.00570483549861542,-0.04876285857295213
2015-01-13,-0.002816955856337202,-0.00029562002424999347,-0.0033794717396937453,0.0,0.01198992312190796
2015-01-14,-0.006055147322578619,-0.005531682556697408,-0.0016093040146014643,0.0075585923373666635,0.03622572730777439
2015-01-15,-0.00920265893889574,-0.013059992011461964,0.02486420983066415,0.01561236742088486,-0.04592070307550402
2015-01-16,0.0130288583678406,0.011672709427534594,0.01297967953352017,-0.012830851402410928,0.049199365319475004
2015-01-20,0.002130125087096387,0.007903562419048191,0.013618890362551296,0.013201284246699007,-0.04748171364983298
2015-01-21,0.005035466659253004,0.00510358874225536,0.00024156831944978564,-0.011625742663216329,0.016454323887500507
2015-01-22,0.014761639421557947,0.018335281172073108,0.008017360134577187,-0.0036049148018642914,-0.020466922911320802
2015-01-23,-0.0054976845338767346,0.0022084789796654736,-0.008017360134577146,0.01382223537637531,-0.023831400959499545
2015-01-26,0.002338517369028131,-0.0011518390105071693,-0.010031679362329654,-0.0030464785889558303,-0.007676397751250976
2015-01-27,-0.013278145396449153,-0.026268172446051848,0.011399158685807192,0.001561130970454177,0.01995361072107624
2015-01-28,-0.012907035275606476,-0.0051396345436894265,-0.00790903451402992,0.01621604402642571,-0.03850044031878442
2015-01-29,0.009201147824940928,0.009565739020465647,-0.02178803552843412,-0.00660230178534656,0.007220298519253612
2015-01-30,-0.012654767256880011,-0.007783539547044822,0.022031068542067805,0.017582335166672732,0.06611098969068768
2015-02-02,0.012307821616707699,0.008666023520739271,-0.008378450604819716,-0.0037826629419836512,0.04391491200333266
2015-02-03,0.01435751284367661,0.00956431397283275,-0.011254031870982307,-0.021393505051162973,0.05231317999106829
2015-02-04,-0.003814920403491968,-0.0008747260784541991,0.004368788786280421,0.001707453719209123,-0.07074189332293147
2015-02-05,0.010044618188514265,0.008614568893704478,0.0017257602352123193,-0.01104007001480204,0.04020911380165503
2015-02-06,-0.002769196861459998,-0.006090365117625909,-0.026204564931172653,-0.01786038732158997,0.022858066726938138
2015-02-09,-0.004485851551275695,-0.0032048063589274287,0.004457337052542182,-0.0016045608812418277,0.015290876219724248
2015-02-10,0.01059664907923231,0.015444217181175038,-0.0058912554670822355,-0.00798575036421552,-0.04288954438171348
2015-02-11,0.0005802504455076152,0.003633376501757679,-0.01188773038576783,0.001848261343019783,-0.02296497700455844
2015-02-12,0.009571023882676203,0.011576331857729683,0.0023036284035265445,-0.0033144871428247326,0.035556946415724856
2015-02-13,0.0041080568020153575,0.00854849427041773,0.005439474740014081,-0.010321363962932532,0.022681411545161158
2015-02-17,0.0015716570751567742,0.0009345147386678733,-0.016838734326833322,-0.01517020890869346,0.008627308964993355
2015-02-18,9.538838487048313e-05,0.0014007954659652202,0.0028404943034607286,0.005922298807373929,-0.027146387622821205
2015-02-19,-0.0007144471196643482,0.0049333171191029805,-0.0034440700358847392,-0.006635828286029994,-0.008342063228950545
2015-02-20,0.005982612640024421,0.0066638080655164085,-0.005708895866845093,0.002928292995985751,-0.023842229389137496
2015-02-23,-0.00014194053904649298,0.0010141242390193958,0.0013003471683988895,0.01139327025449799,-0.02938182003790141
2015-02-24,0.002836734161392493,0.0007372818550326344,-0.0014738237281033374,0.013041604105639992,-0.003872740213453003
2015-02-25,-0.0008499137619291446,-0.0024895208311704847,0.003810143280624359,0.004308605801513377,0.03325456025135437
2015-02-26,-0.0011822325883890997,0.00506432380563352,0.003192846928133444,-0.01376156540371825,-0.033809050336958114
2015-02-27,-0.0034116355814741046,-0.004418223344199902,0.000775127851616969,0.008372356054379276,0.0038748840487300568
2015-03-02,0.006293322513968247,0.00899987227518321,-0.004140821554351363,-0.018802196615440782,0.012081383240462106
2015-03-03,-0.004112042285212728,-0.0046734948377221384,-0.0018169945131893267,-0.0036326980434525156,0.009236690432433683
2015-03-04,-0.004224706385865013,-0.0038654717062767464,-0.0031225683060647487,0.0003167307140262866,0.02773513552006208
2015-03-05,0.0010934657799390537,0.001750454903641341,-0.0009560698660537595,-0.0012660369517623728,-0.015907077186930536
2015-03-06,-0.014164231617186409,-0.011386138362291518,-0.027684033513420175,-0.022339723830549798,-0.02544111925564375
2015-03-09,0.0041354904775562215,0.0028818233444460007,0.0009828943243309087,0.009188282733723987,0.006012623191280947
2015-03-10,-0.016354716664586332,-0.0187411273894748,-0.004924161015297537,0.013072146847026931,-0.02427038773620317
2015-03-11,-0.0023444270620783586,-0.005786666449312582,-0.006031419233618187,0.007259191282928432,-0.00784753962588042
2015-03-12,0.012633764436517403,0.006543075227552901,-0.0002709060307489861,-0.0007076156346964818,-0.018745218823633465
2015-03-13,-0.0061510349313495805,-0.004357500079172549,0.0014440077763351806,-0.003073919083260833,-0.037387608107253376
2015-03-16,0.013272042130306843,0.01282813940411206,-0.0006315097549611378,0.009582116289030277,-0.027150920321405633
2015-03-17,-0.0029768338761925178,0.0015920179882097385,-0.005429372519536307,0.008250985560455889,-0.024142326262919945
2015-03-18,0.011949947107012629,0.009776877141541301,0.019409393965783985,0.01911832674991237,0.04890951429854715
2015-03-19,-0.004572025912371429,0.0014816716151056025,-0.000712203624430316,-0.005108450503517512,-0.041418849704199054
2015-03-20,0.008788191796711605,0.006452262890764716,0.011334565478751316,0.005260352737848373,0.02153269161730661
2015-03-23,-0.0019507537478266113,-0.0019372170028710564,0.006319701703631724,-0.0012170568837500922,0.021078791336052057
2015-03-24,-0.005634562847405035,-0.0036064581277606665,0.002446901321801825,0.009622719426035537,0.0005957836580499106
2015-03-25,-0.0147622650495033,-0.023151429030615425,0.001395583828601838,-0.008481253451625212,0.03338521877312332
2015-03-26,-0.002384267477207193,-0.0034194654747936454,0.006515812793653495,-0.015712261016363714,0.047802099072735714
2015-03-27,0.002286928465598736,0.003988175877263573,-0.003643673647529427,0.012360514347504412,-0.060555965903582316
2015-03-30,0.012126326411432534,0.011401922488986372,-0.011450652385538468,-0.004971909625833002,0.00523714641215322
2015-03-31,-0.00877827094231182,-0.010643700059101582,-0.000791489742224147,0.002145065982892091,-0.022895006096790883
2015-04-01,-0.0035425831104043777,-0.005222011357942501,0.016924374949796855,0.013048581094661074,0.043004870041996886
2015-04-02,0.0035909574971648836,0.0006659210752324494,-0.002772001936393702,-0.010652456328172697,-0.001138330123549833
2015-04-06,0.006710929573586042,0.008148155109906258,0.012156925637931672,-0.005599220451198209,0.048356230446707976
2015-04-07,-0.0026497792256045647,-0.0017002341124874266,-0.004982843844589032,0.008349520920546761,0.03361208196586929
2015-04-08,0.003371060558174624,0.00790812609907015,-0.005527256360212914,0.00030534327115047227,-0.053338782490639045
2015-04-09,0.004413729222048551,0.006263417066233402,-0.006952344453191511,-0.013049473567724469,-0.00221601241687918
2015-04-10,0.005442254209443951,0.00409209379794751,0.011273125412459931,0.0014671238670562268,0.02085691165794541
2015-04-13,-0.004532903329460575,-0.0025091244730975058,-0.007182773547924921,0.0013878311721567294,0.004876745127608368
2015-04-14,0.0019113915476685161,-0.0028885889708087967,-0.006098084431298335,0.007062672821518517,0.017149385857450614
2015-04-15,0.004476637344939489,0.006232306973181604,0.008613598755224123,-0.0008414771513801483,0.046205956773007484
2015-04-16,-0.00028530107060793184,-0.0013921459011776985,-0.0034713349747602833,-0.004989058116896357,0.011601716602185225
2015-04-17,-0.011569686511622454,-0.015723006489279323,0.004942989742755055,0.011399715493193739,-0.005027681769273907
2015-04-20,0.009095151497570494,0.014887095767348313,-0.007641555546604684,-0.00886424606926196,0.0025169526318786625
2015-04-21,-0.0011921418621554515,0.004265987829158721,0.005736617532052148,-0.004538082992604123,-0.02236995288939394
2015-04-22,0.004902306765782325,0.005445052539675011,-0.013524881601083907,-0.015383508236109681,-0.004637995915279165
2015-04-23,0.0025130238159121617,0.003766338863844105,0.007265135996097461,0.004296785923075937,0.020450590527956513
2015-04-24,0.0023176648685050427,0.013479728059152239,-0.014141033700353366,0.00621742647478274,-0.004565067623147137
2015-04-27,-0.004166196148556542,-0.0025362726624792798,0.01996737439576267,0.0,-0.007655031843709516
2015-04-28,0.0031737428324117556,-0.0019973781422496263,0.008633395454348151,-0.01388737728809243,0.004089981263258659
2015-04-29,-0.00412352741272107,-0.0062903879033681925,-0.007073870774361329,-0.012330835694049188,0.026184801243726498
2015-04-30,-0.010070811936006422,-0.01585417438893062,-0.017818629233654435,0.0017483109666013622,0.019198196300873955
2015-05-01,0.010783147653206936,0.01310707709911227,-0.0034429465428856974,-0.013553264268811212,-0.005377701093138972
2015-05-04,0.002843148103151554,0.0016492244822804993,0.00897969447690872,-0.009479877262738946,-0.00589966956943259
2015-05-05,-0.011517900367461989,-0.016430294845988524,0.0028006293425995657,-0.0013850442954096284,0.02339285674158273
2015-05-06,-0.004125061735235684,-0.006910564788268315,-0.0005245000462394876,-0.017268604876813396,0.0028859792061798834
2015-05-07,0.003981464640087503,0.0059793905585098514,-0.008253646349355593,0.01334757968632441,-0.03023140635256595
2015-05-08,0.013080089391693622,0.012405308353162394,0.0048375401365222245,0.002696957684934114,0.010832174296317524
2015-05-11,-0.004783872009917826,-0.0038716332930464987,-0.003868158154194018,-0.02462466217172647,-0.0019608298574418205
2015-05-12,-0.002996021817548782,-0.004535663422423412,0.008507714570103646,0.002590080232460555,0.0175102051502989
2015-05-13,0.0001906505485007947,0.0020386804766192954,0.017745568671579635,-0.008043039818138387,-0.006287767248904864
2015-05-14,0.010373520650728026,0.014523895770995762,0.005390825055101934,0.0026881493575913917,-0.003889160039908846
2015-05-15,0.001083132392809592,0.0,0.0029823930374759115,0.019851896085707386,-0.0004872218660594329
2015-05-18,0.0031019740993769988,0.00437060605401452,-8.510645761585739e-05,-0.01691928467683414,-0.003906251147172869
2015-05-19,-0.00032860164243479165,-0.0010907112440321756,-0.013967043221181913,-0.00890721755932107,-0.04043482592779086
2015-05-20,-0.0007042633612432975,0.0006365371629977484,0.0016381642703537944,0.0016864577821569331,0.010641144011872798
2015-05-21,0.0029084093053182566,0.005167839700892056,-0.0033654032062089196,0.01388908557503658,0.03272477659671385
2015-05-22,-0.0023917571067209394,-0.000995263117429552,-0.000778278105166292,0.00041594537314937195,-0.01227009259181436
2015-05-26,-0.010809696944097412,-0.01156255635607599,-0.014727247977664972,0.01696482852857454,-0.028043873778222494
2015-05-27,0.00944727348630702,0.015988691523103893,-0.00017563013383993815,0.002284137381724353,-0.01072264505909877
2015-05-28,-0.0011290685805012716,-0.002255975279588948,0.0011407772346871212,-0.0024478659781640476,0.004098362587884798
2015-05-29,-0.006232114340006328,-0.005979215053720995,0.0007014013330434771,0.0022031624152266177,0.037626711993877494
2015-06-01,0.0020343748374832826,0.0033563420007279806,-0.0008767951003625541,-0.010805684250240737,0.00245887236330674
2015-06-02,-0.0009932637433299404,-0.003174668476885613,0.0040269605877943865,-0.014050560650999019,0.015594842736981602
2015-06-03,0.00264616694610312,0.002993645901480279,-0.0071898573672245485,-0.016205293147393995,-0.02497070864861168
2015-06-04,-0.00848231253406239,-0.007637683150759919,-0.0070646979352704175,0.012935042862045507,-0.0256102487909828
2015-06-05,-0.0017149498600506873,-0.0023756560495007606,-0.005331436918291616,-0.012254707561496997,0.012133605603430374
2015-06-08,-0.006168663668898689,-0.010207904455729269,0.0029358308942225293,-0.0011065308424382976,-0.009593637846376417
2015-06-09,-0.00014379818311514275,-0.001665091288615533,0.002218377951124773,-0.00794800913908096,0.025051411400081675
2015-06-10,0.011921841249602678,0.013609423693889547,0.008473122987024092,-0.008790590466994696,0.021053424927246045
2015-06-11,0.0032184021065814307,0.0014604172751380223,-0.004580669046919169,0.020817442805992566,-0.007293959961673216
2015-06-12,-0.007684330017535848,-0.00824216774015634,-0.0002649015739744977,0.0,-0.010794968033174404
2015-06-15,-0.004294833445530414,-0.004977785367403522,0.004406069740065375,0.0016090257976530888,-0.005937713586025608
2015-06-16,0.005437153885571534,0.005437601302870437,-0.0036115754437751487,0.007840787515791968,0.005444240656573447
2015-06-17,0.001615591059573121,0.0027537048760412925,0.004666106837939518,-0.007756122776690436,-0.002471024002946178
2015-06-18,0.01034602142239671,0.014468488177137626,0.012829091016651683,-0.004921030266052787,0.007394735545477154
2015-06-19,-0.004449396416739397,-0.004956305136999592,-0.0017357836863242562,0.012761243704028112,-0.016840424907903596
2015-06-22,0.005110113600132387,0.007343688921095196,-0.012939534822473215,-0.020616618638185875,0.006968638881931441
2015-06-23,0.0007075812987278197,0.00081318530671094,-0.006621663748214055,-0.006019407143882289,0.01525993049488203
2015-06-24,-0.007289268465504875,-0.0051582268474173985,-0.002661018577875129,0.008587709503288916,-0.012782880014387156
2015-06-25,-0.0030447130836913196,-0.0019981739801920497,-0.0013331015376762336,-0.0035124400349484065,-0.011445735805506407
2015-06-26,-0.00019074446348329375,-0.006658543191561275,0.0010666233650126517,-0.01130400706662246,0.0
2015-06-29,-0.021193462687061113,-0.023894364755850064,0.004520702131842444,0.02612427656985861,-0.02380458394277886
2015-06-30,0.002090988359667849,0.003555472873470058,-0.006210070886037271,-0.006957061912682259,0.0187869926469338
2015-07-01,0.007983808861573483,0.007907145128322265,-0.0034767084633964165,-0.01358936398577571,-0.04002580398864648
2015-07-02,-0.0009159454016893903,0.00027796547072710896,-0.001966579835569142,0.003280820957027057,-0.008940373682312245
2015-07-06,-0.0028507058077261475,-0.0023183082354944285,0.002680686287387427,0.018364649278133166,-0.06548988707498664
2015-07-07,0.006269394445710378,0.0025039329639365083,-0.011668702760757443,0.009351290565405878,0.001690656183992564
2015-07-08,-0.01691950853671615,-0.017565719875320768,0.002974933038600357,0.008599030302933474,-0.021628678901576975
2015-07-09,0.0018071502392124257,-0.0005659148698617431,0.002427551438613741,-0.019898740441396723,0.018809328549300897
2015-07-10,0.012513030336682645,0.015163256252245403,0.001166679551747385,-0.01598513634759292,-0.002261109449923085
2015-07-13,0.010976659377211205,0.017404838074021774,-0.004494793701909413,-0.0031066678631136626,-0.009096131280062541
2015-07-14,0.0043285162527338045,0.006551160415496103,-0.00225499581251802,0.003279017503867419,0.01192174705793456
2015-07-15,-0.00033181044605468373,0.0010880491598505868,-0.005251204440368342,0.010541317715873263,-0.02804188245517748
2015-07-16,0.007992015426058742,0.014034037787649167,-0.003637704223631776,0.006881492328429823,-0.01050186498966735
2015-07-17,0.0008474847338494242,0.014632283063554732,-0.010164462693893218,0.005151346336705165,-0.0035252367700641233
2015-07-20,0.0005175300722116434,0.0034275527616790613,-0.027526856742112225,-0.004220659887005372,-0.017815152539876616
2015-07-21,-0.003958976987216344,-0.000614545758304262,-0.003126872326802464,0.005399294225831588,0.013095384214556818
2015-07-22,-0.0017961730858979306,-0.011389155009286847,-0.005424190670740563,0.00620662982715034,-0.034289055116797966
2015-07-23,-0.005646083668303353,-0.0037365267485357525,-0.00449483097628429,0.012381045848837995,-0.012315473744440949
2015-07-24,-0.010426089013166379,-0.009852402226995743,0.009729155735814213,0.002474705442128934,-0.006838615569230891
2015-07-27,-0.005834289110502915,-0.008314992236986262,-0.004661992801277996,0.005340025412490208,-0.023991116845389533
2015-07-28,0.012208441303134991,0.008585151396301236,0.0015246432799856059,-0.007319026118652122,0.01269863177968031
2015-07-29,0.006855258415136465,0.00377213892018089,0.0014272948765042632,-0.0037216015590608004,0.024307796249042873
2015-07-30,0.00023737213359147747,0.004740155880004328,-0.008594414514633502,0.007675524016361861,-0.00865802495563383
2015-07-31,-0.0015191476652654907,-0.0011605947222584313,0.006309807471318708,0.007372553259442762,-0.03218960282695465
2015-08-03,-0.0033783434892816666,-0.003131201680197318,-0.007941503115089978,0.010471163439207747,-0.03193492377346022
2015-08-04,-0.0019564842540947362,-0.0018839278147848625,0.002015250319480653,-0.00796338608665244,0.007915600894365478
2015-08-05,0.0032897286869263704,0.007691435078934341,-0.0036496127458960333,-0.007534719928026726,-0.012562183979644485
2015-08-06,-0.008221161290576236,-0.016165964478714923,0.004416281036678492,0.008839370565689519,-0.01070243322252533
2015-08-07,-0.0019216134694506565,-0.0012681892877354712,0.0024875838994236877,0.013032421924049227,-0.02106768118760194
2015-08-10,0.012520205362628122,0.011357847599823846,0.010172637809864738,-0.012462377130560622,0.022411798164819963
2015-08-11,-0.00906413078145278,-0.012900235860270446,0.005094839843947603,0.015754716490847073,-0.027231129216444622
2015-08-12,0.0011977036098881802,0.003444518411926997,0.013924787857253592,-0.005466235358903965,-0.003456636131391587
2015-08-13,-0.0012450662227977791,-0.001630336212025993,-0.008294156742538458,-0.003229047780435871,-0.02453676766524608
2015-08-14,0.0036353046092125305,0.0015396695855935199,-9.36047567321894e-05,0.002341863116371622,-0.007122564423104258
2015-08-17,0.0055712693564452555,0.008290637271029263,0.002617057152037559,0.004507723635319494,-0.007173590833488126
2015-08-18,-0.0029009816068208743,-0.005128301431589712,-0.00018667516172380682,-0.007901190569350437,0.011453227871676774
2015-08-19,-0.007936848576460435,-0.0066069418999901725,0.013354574963244315,0.009826963794369585,-0.045131376096605266
2015-08-20,-0.021102367401851754,-0.028085246233658507,0.017261484729986225,0.010049131850088985,-0.004477650704262873
2015-08-21,-0.030564953623322264,-0.0446896276179222,0.006228253314387141,0.0030107878805075983,-0.010526439027886638
2015-08-24,-0.04301868533976416,-0.03923594650255865,-0.005413696203742748,-0.00031716977579074145,-0.057558637714155786
2015-08-25,-0.011837833315045981,-0.0037652533995661016,-0.012472236890549283,-0.016195513509001128,0.019033070797595187
2015-08-26,0.03767491258330896,0.04913490360896106,-0.013743752566773794,-0.019491822704819903,0.0031373292813756722
2015-08-27,0.024434845115743373,0.025016654089104154,0.0005571512452685862,0.0005734451683115041,0.08838078870337439
2015-08-28,4.959437314277106e-05,-0.00018909314552996518,0.00896363798539394,0.0029465687239898374,0.06453854250124322
2015-08-31,-0.00811162535045449,-0.012480454539811829,0.0011033722012556138,-0.0077124969916855055,0.06567196505897176
2015-09-01,-0.030302198688397765,-0.031751832823915485,0.0034858971109339417,0.0071801903003733255,-0.07038734554179682
2015-09-02,0.018802839346102922,0.02781355236983361,-0.005325457471451406,-0.008641471179326206,0.01872962627856988
2015-09-03,0.0007163206387316409,-0.004920693234458899,-0.0072069646875859315,0.004864972740029868,0.01643152299455714
2015-09-04,-0.015252280279793789,-0.011968024285993518,-0.003250813094055246,0.009089210188763996,-0.017094448365639656
2015-09-08,0.024820115291389847,0.027801213095348106,0.0002790454421465056,-0.014864112811726192,-0.0039866807075994385
2015-09-09,-0.013461769569791416,-0.011297609950227315,-0.013012113659039995,0.004787316342584464,-0.034544594142758636
2015-09-10,0.005426901353374369,0.010821006531688281,0.002352831601258748,-0.006774750746838101,0.028534549321367654
2015-09-11,0.004534339507397844,0.005509248677733146,-0.0020701389754934985,0.00628105868221767,-0.01893232256735256
2015-09-14,-0.003717567692627438,-0.0030357284656513054,0.0005650019663848919,0.001563271763609779,-0.01790676466648437
2015-09-15,0.012421859483088903,0.011712558791054399,-0.003017159470430642,-0.019350149650933516,0.012431054503921419
2015-09-16,0.008629546120992631,0.005618697542502928,0.013226552172031262,-0.0037807084324559107,0.052802106106160124
2015-09-17,-0.002250793168948805,0.0003735008920723604,0.01019855026531129,0.012131484594657788,-0.008499568517422573
2015-09-18,-0.01647659648293456,-0.014325143743845258,0.007352256373074212,0.01526730197799638,-0.040876690356425154
2015-09-21,0.00515434741734848,0.0031275833663827702,-0.006246004616141289,-0.016432051037832077,0.02898755737436132
2015-09-22,-0.013064466344257846,-0.015063660498914094,-0.006841722923155944,0.013808336820303907,-0.008675403979147522
2015-09-23,-0.0016002998409123963,0.0007681834337213031,0.00398130520726097,-8.27052664553453e-05,-0.03270049548379848
2015-09-24,-0.0036224773911096003,-0.0036542973139222098,0.02075879629651267,0.006793019036178341,0.0103342685877314
2015-09-25,-0.0002588398495282326,-0.008514076976505797,-0.006173422414314158,-0.008683475036258787,0.00887075844819128
2015-09-28,-0.02541742319339233,-0.02888167743893256,-0.012739020432957309,0.016968699453159007,-0.023368771190034405
2015-09-29,0.000584457315312514,-0.00521383409653689,-0.004066501065043694,0.0028271358910273666,0.015867842012206097
2015-09-30,0.01848642738921471,0.022760818281782554,-0.010426483637297347,-0.0034741927621397364,0.004779841711464279
2015-10-01,0.002605807672245037,0.0045103374270073805,-0.0012172598628681067,0.004257191782998345,-0.006835322627178995
2015-10-02,0.014827591799165808,0.017359515432365843,0.02095380292252649,0.006039532993431588,0.012947406188357812
2015-10-05,0.01763843951689585,0.014224092051189574,-0.0020205850578976945,-0.013660282734008485,0.015452073566121013
2015-10-06,-0.003432169341225333,-0.004750912845933797,0.009971303227116472,0.004303683807844634,0.04815502734563435
2015-10-07,0.008157005402445745,0.005982243290957562,-0.0014574940081346366,-0.003327519991895751,-0.010859262202180435
2015-10-08,0.008986150585897584,0.003968190993465945,-0.00511788329634804,-0.008410035147947421,0.029739693270467417
2015-10-09,0.0005966795089982704,0.004515877348260729,0.015726912391542704,0.002620483173537148,-0.00312214698432951
2015-10-12,0.0009430513174910461,0.0024377664568751814,0.0039607110144831365,0.007576561436151796,-0.04345727545419549
2015-10-13,-0.006322390480837885,-0.006482248411253385,0.004929015278091019,0.0017031413452678506,-0.016463986842864577
2015-10-14,-0.004805552095839696,-0.001603480514773471,0.017282274992371418,0.008711950517369336,-0.0006642463664442694
2015-10-15,0.015238024839194661,0.016292599518850995,-0.004579458875531807,-0.004911545737362978,0.005301531495808244
2015-10-16,0.004536821589257759,0.004170693511200355,-0.0070866011523386205,0.0003232019553418692,0.005930834614033726
2015-10-19,0.0004916223708569026,0.005717891583210837,-0.00418691299991518,-0.0027476803616730923,-0.025958218972866886
2015-10-20,-0.001279528002552771,-0.005163421098409101,0.006318212020552837,-0.006167896638978946,-0.006765951607697659
2015-10-21,-0.006222679273870983,-0.006119602015633668,-0.008910332230671142,0.009883561451422121,-0.020576805463093012
2015-10-22,0.0167521649352488,0.02016379276547468,-0.0003580781927906322,0.0016909556318776204,0.00552868873568983
2015-10-23,0.01090228397903267,0.027598505294942795,-0.0017026075113334975,-0.008566930124956986,-0.01667861910268363
2015-10-26,-0.002460990555563774,0.0006205838475491916,-0.0006279971024889811,0.0066338795771717,-0.018388086881539582
2015-10-27,-0.0019340156235647954,0.0020358120743400538,0.002241047948969033,0.0024965088991368376,-0.013654580428608749
2015-10-28,0.011310703759461877,0.008278125748202775,-0.008091400160860905,-0.004029810056101799,0.061050165363660105
2015-10-29,-0.0005745648365587809,-0.0015797462813810124,-0.009614564390769178,-0.016036755632647604,-0.0040927387666213864
2015-10-30,-0.004319003286940481,-0.004489924036433818,-0.0038352540915995007,0.00752122488500003,0.012228433758663934
2015-11-02,0.011761334431106411,0.0112311682412919,-0.006517134598801483,-0.004605631825755575,-0.004059573827213717
2015-11-03,0.0028953109610230965,0.0034843194521718187,-0.014937356022442439,-0.008234366889762241,0.03530168347683787
2015-11-04,-0.003038024803006334,8.654929645740232e-05,-0.009485885776108033,0.0011574404236258057,-0.028544875325761512
2015-11-05,-0.0009987012000293577,-0.0026988118223663605,-0.0031189650547963797,-0.0026465415262370987,-0.025231535592848714
2015-11-06,-0.0005236059566321759,0.0006972995772732588,-0.014685120688170974,-0.014764418868504115,-0.01741597541121183
2015-11-09,-0.009375226655741493,-0.010685018183976396,0.0028777291011320622,-0.00564619471545325,-0.010597034621552412
2015-11-10,0.002304199232965727,-0.002556822198109887,-0.002109514817878502,0.00295354069379356,0.0007099914288132655
2015-11-11,-0.003939690127333494,-0.0012366917540805676,-0.0033652112958740313,-0.002109326213536009,-0.023699487601053826
2015-11-12,-0.014058203538146323,-0.009770019276080014,0.00019257167853267603,0.004801980235195615,-0.030249435718282373
2015-11-13,-0.011291367835137829,-0.019830921968083563,-0.0027964043204795914,0.005698293614016818,-0.02196225744256916
2015-11-16,0.015092026712496544,0.014281911197424366,0.001447402465342363,-0.0009198631700106004,0.0249540293651162
2015-11-17,-0.0007297170354066414,0.0006280084182082286,-0.013297966180688193,0.0016712574944581337,-0.028789875226140644
2015-11-18,0.01574181629421768,0.01901276811869674,0.0008790738346113607,0.002085151711049318,0.00306983826722482
2015-11-19,-0.0008630545912006987,0.0007036345210223841,0.010971489880734538,0.006643757127662143,-0.006920454516832752
2015-11-20,0.0036374927587821786,0.006748780788204323,-0.004548773723664427,-0.0030669752234558684,-0.00231747748165361
2015-11-23,-0.0011470468807369557,-0.0028868212875213105,-0.00808374704283305,0.003066975223455812,0.006936455553008438
2015-11-24,0.0013386588103705196,-0.0008761200753044599,0.006627707399357417,-8.33486514929613e-05,0.02277997026222554
2015-11-25,-0.00014368375959882652,0.0008761200753044223,-0.004673848365801831,0.0023157122690587394,0.005241543142168231
2015-11-27,0.001145504026791962,0.0014007313946655287,-0.011879763588946619,-0.0009917915523493226,-0.02725381469994823
2015-11-30,-0.004159528056158277,-0.0025403941973832127,0.006595467871597537,0.003960094668130832,-0.007704154257453925
2015-12-01,0.00948994821926653,0.009948857000020014,0.0035259646298245358,0.013416696058935872,0.0015455570310715333
2015-12-02,-0.010257295769947725,-0.006184637434308112,-0.015667624313787723,0.0003256773613397887,-0.03696844715548619
2015-12-03,-0.01410144189157082,-0.01709557514048664,0.010570606410359756,-0.027559082856978293,0.022971379629750578
2015-12-04,0.019315074882043266,0.02310681556471725,0.02196603548828159,0.008746192044811193,-0.02457518947038817
2015-12-07,-0.006077341236579454,-0.0045266070189431875,-0.013063212596420312,0.00965603067163531,-0.06122670948796736
2015-12-08,-0.006741675609234484,8.727547032770566e-05,0.0016544033114078468,0.0004925558642866939,-0.0034188034047505696
2015-12-09,-0.007809871764614868,-0.015295682378095397,-0.0019466324270582696,-0.0010679320764253172,-0.010327103984890753
2015-12-10,0.002577263043601642,0.004507674861835417,-0.0008772000837341195,0.0013135305696964454,-0.016572601845972843
2015-12-11,-0.019571271427109564,-0.023285020869968854,0.0054458711721541595,0.015636278870613418,-0.0267395785445564
2015-12-14,0.005039941305354144,0.007553331018921192,-0.012884508990749449,-0.01301270551977517,0.008097224127690763
2015-12-15,0.01044282478182029,0.006072895618097159,-0.0026560861191144095,-0.00591114658726318,0.02127737865777787
2015-12-16,0.014525784880465248,0.014760308526673314,0.012043063036934096,-0.0021435234493127307,-0.03662757434903553
2015-12-17,-0.015355360828017249,-0.014671164610738032,-0.022141125877213518,0.011242077555215092,-0.023010679819596633
2015-12-18,-0.017975618300580587,-0.019368860984386737,0.015207174746719882,0.005533808664406787,-0.007476663345923112
2015-12-21,0.008215463986890808,0.011047032533618476,0.010819352064225785,-0.00024399162435873915,0.0
2015-12-22,0.009033243457973792,0.006551708626408455,-0.0052488544876924,-0.007250250589611455,0.010266129248249727
2015-12-23,0.012307012941861952,0.007398118258093324,-0.0029280037943663147,-0.0075499020341764445,0.044492109366640616
2015-12-24,-0.0016512291954016488,-0.00017744111557268868,0.007206940922790797,0.00571248381334504,0.003546099558958603
2015-12-28,-0.0022879987886249044,-0.0005333160679265034,-0.007597994957113322,0.0029507152787975224,-0.033291412488107894
2015-12-29,0.010615630917209122,0.015607175730198595,-0.0006846940847351141,-0.016753344625768888,0.02974531292914922
2015-12-30,-0.0071132122288498165,-0.009052430413576965,-0.007661355596264362,-0.0009992703120431153,-0.029745312929149323
2015-12-31,-0.010053649960143731,-0.012526508391147469,0.0003943308023186173,0.004488831399042818,0.006383942688992301
2016-01-04,-0.014078095976400234,-0.021323551400804327,0.013995827340626326,0.00718909458532459,-0.0018198784076672984
2016-01-05,0.00169019466675963,-0.001736422142750645,0.00281458831856644,-0.004042870382289457,-0.029576989967065904
2016-01-06,-0.012694666006511276,-0.009652251548728017,0.01433748759898985,0.013385498572190532,-0.05297340534998722
2016-01-07,-0.024284066039247616,-0.0318141777407345,0.014040676150810918,0.0017934116440174134,-0.020990280465402168
2016-01-08,-0.011037153418510129,-0.008234812630741061,-0.0044375394222030354,0.004468347914425642,-0.010152313468980687
2016-01-11,0.000989447063562259,0.003072285605895995,-0.00893459464601846,-0.01100367487481393,-0.05775885361493333
2016-01-12,0.008035870130393002,0.011531299298245389,-0.0050729832368575836,0.014321524438485929,-0.008686256936010009
2016-01-13,-0.025257125973174466,-0.03509867636128548,0.004882048039545079,0.009808683708104038,-0.008762369612589915
2016-01-14,0.01628358178055361,0.02107208171706922,-0.016367021706295802,-0.009404755525863947,0.01528407394382834
2016-01-15,-0.021699747541816517,-0.03152861652360907,0.01023674024483405,0.015466747661372288,-0.048844291562291454
2016-01-19,0.0013301834131743424,0.0021789777545823115,-0.0009612465570263375,-0.003106103152339583,-0.03472573399300649
2016-01-20,-0.012897872791879683,-0.0030717962459039273,0.013279386437522923,0.010474727019558821,-0.029888657219806155
2016-01-21,0.005586240639479677,0.0009917177137062638,0.0011381497656593284,-0.006811892175770051,0.03809992302983384
2016-01-22,0.020307689385654592,0.028543015742091688,-0.004655791285644161,-0.0038220103411446315,0.07968318978466506
2016-01-25,-0.015231761667276748,-0.014952013622424015,0.010233193541102218,0.005410618933453169,-0.08202242562533713
2016-01-26,0.013551041143385128,0.008959254099491418,0.011341913483232153,0.0004757665865547594,0.04912470250618246
2016-01-27,-0.0109431406366423,-0.02523075940790838,0.0037212948296180895,-0.00023813882097624826,0.02314153203614543
2016-01-28,0.005195677252133665,0.014019234513266265,-0.010736241929349487,0.0014268493479218198,0.055098627970001306
2016-01-29,0.024084911212498124,0.02066709078652936,0.0038408969118531094,0.008441443554947643,-0.005167990025596831
2016-02-01,-0.00036154748134109593,0.0026859468633430197,0.010232704202855976,-0.0030669348655689883,-0.06751349099596844
2016-02-02,-0.018186320043355762,-0.0218834781798609,0.00037006835108891606,0.018382760863440806,-0.05117668782447211
2016-02-03,0.0059771711521289,-0.004808410860081249,0.010674654427775114,-0.008327995191770198,0.08603857157787267
2016-02-04,0.0015669701285935512,-9.859648039599107e-05,0.012009967818587527,0.00483436419728761,-0.023836477039890717
2016-02-05,-0.019234286651903548,-0.03534390136893544,0.015703135766193033,0.0011653983755222355,-0.02329556718064058
2016-02-08,-0.013552044152917489,-0.015405575352730117,0.013354185862515874,0.02129133301908586,-0.030771601804859793
2016-02-09,5.358788196731536e-05,-0.0031098863766902862,-0.002198672852432284,0.0010644319617403087,-0.054710434630185614
2016-02-10,-0.0008629285449772491,0.0038341483761323513,0.007717958411726319,0.00877313446685618,-0.02726318327358288
2016-02-11,-0.01309357524336773,-0.0014489637748490655,0.039402138237274204,0.006979515671693264,0.003761726483520882
2016-02-12,0.02040741093741899,0.015110449851996992,-0.005896714530816731,-0.016740969326260218,0.0416727158876684
2016-02-16,0.01673721125962655,0.022296043743153648,-0.030800736245396157,-0.010626849046844992,-0.0024037876570677176
2016-02-17,0.01620291260868248,0.02239502172838648,0.006167287420776475,-0.0061672510265987955,0.055016717870974244
2016-02-18,-0.004104502057454592,-0.01148010288180841,0.024041860433202913,0.012220478034391826,-0.013761672279226023
2016-02-19,-0.0004684932711863589,0.0029561102469872606,-0.006020275750380557,0.0008404593946284957,-0.012783399697655065
2016-02-22,0.014375267902756946,0.016105222066291558,-0.01793504091705753,-0.000534593146501238,0.041242919100413375
2016-02-23,-0.012709914236398572,-0.016597071321742693,0.014868593832169272,0.004039322485472985,-0.04946382853500795
2016-02-24,0.0045654970371609,0.00950367860240508,0.003321549590506587,-0.001979170925579177,0.012888357937351805
2016-02-25,0.01203898711979901,0.009800699529432202,0.002632341860518264,0.0035756372508155532,0.02415298939897977
2016-02-26,-0.0023042682693506285,-0.0012561063638481538,-0.00689274364726045,-0.009691884780422232,-0.0022753659248559086
2016-02-29,-0.007873214862238747,-0.009032429877716821,0.012980023419282503,0.004361868692284164,0.024748200102498525
2016-03-01,0.0232347500616812,0.03159330226388283,-0.007360151335800538,-0.017765762426662002,0.01652926026052922
2016-03-02,0.004482202989465233,0.0003781995624721685,0.007697256644730053,0.004118297514511623,0.01626058307158661
2016-03-03,0.003912343553032215,-0.001892040589513921,0.017125877155555313,0.0036377217524877045,-0.005390869144001345
2016-03-04,0.003248122677703091,0.00037885023144856503,-0.0015750194994792542,-0.00643325821374736,0.04233432429601824
2016-03-07,0.0007980459176711652,-0.006170178403859692,0.004965240864288737,-0.000311001311492295,0.046567123253298
2016-03-08,-0.010977559181309337,-0.008318601616345426,-0.00463344826775062,0.010984837411037581,-0.046567123253297885
2016-03-09,0.004926842319536859,0.006412189192165716,-0.00832782948151173,-0.006096130650127339,0.05051579208421918
2016-03-10,0.000802247133406979,-0.0015274682256935358,0.015928644015462578,-0.004111266040796523,-0.010896557440487528
2016-03-11,0.016008285945981443,0.01733408421933377,-0.01735128256694606,-0.010155220738806384,0.01482969559128477
2016-03-14,-0.0012827542965990677,0.00168902435336924,-0.0129806346733887,0.00313536286432694,-0.03089428271250344
2016-03-15,-0.0016312522715342646,-0.00037529790868075463,0.000763230645469892,0.0009388702961881961,-0.018386657496916255
2016-03-16,0.005770502957281543,0.008869991301458595,0.02205075556149502,0.002967353441839355,0.04829917525440189
2016-03-17,0.00632424986857582,-0.0005578537553383156,-0.003821864877364753,0.004123348969120078,0.03570083690085858
2016-03-18,0.003921737050223624,0.0015660476498401822,-0.002750755714748547,0.002094649176128251,-0.006657242788053796
2016-03-21,0.0014180666252743847,0.0039041567151520567,-0.00703641669931435,-0.007700415196238331,0.010441538808836665
2016-03-22,-0.0005374260327060141,0.0030565693722257223,0.002937832969190689,-0.00023458498445604238,-0.004732634528033175
2016-03-23,-0.006621747948273857,-0.008265506230493708,-0.022890088658627544,0.01126106126325189,-0.041652540420308824
2016-03-24,-0.00044306007485718865,0.0002797718547585317,-0.0024040431975177324,0.0003860434416785994,-0.004957792690656364
2016-03-28,0.00059093941320678,-0.0013995661175174507,0.0023182652611009025,0.0013116695955196526,-0.004982590190546584
2016-03-29,0.00920736375545302,0.015930757301868895,0.01835540705340158,0.010430089248135826,-0.021202211053179997
2016-03-30,0.004377810209457577,0.00485807878878746,-0.01407641031024469,-0.010584364855572034,-0.007168555987980656
2016-03-31,-0.0024298282036535382,-0.0014641809467869059,0.004600850924385841,0.00706888410766663,-0.003087983305337469
2016-04-01,0.006789165846352165,0.010566798496473451,-0.006053640735366039,0.002605381204117499,-0.03889085916396832
2016-04-04,-0.0032432312449032245,-0.0038130659290508554,-0.006692995408569699,0.0006117987797354831,-0.02716082247119567
2016-04-05,-0.010038322359959113,-0.00968839109082849,0.012916668207256437,0.010876593407951779,0.005491522930694213
2016-04-06,0.010862394815706748,0.016306301328897654,-0.0061381369358648324,-0.00728929234617137,0.050197431068740424
2016-04-07,-0.012038237086568277,-0.014471149542893462,0.014179801562103168,0.012269887669613351,-0.00941923758543038
2016-04-08,0.0026931454232834327,-0.0007334009172771524,-0.0015187338768047718,-0.0063431858266405445,0.05323667472604265
2016-04-11,-0.002349761743645393,-0.0036766797205811746,0.013419630057020864,-0.0012886794276942223,0.02461965870062175
2016-04-12,0.009269390873877527,0.008344409441407848,0.00016664672071527165,-0.006926162669521372,0.03442028212922032
2016-04-13,0.010050327983544669,0.012703232873598022,-0.010719526565990614,0.0035075560060108457,-0.01229330951428477
2016-04-14,4.7958367298625594e-05,9.00237432688058e-05,-0.014075152256168354,-0.0048067168135486815,-0.0028585714532336753
2016-04-15,-0.0011064845839324872,-0.0025275862167106304,0.006892743647260424,0.008528424181061913,-0.02219092962873828
2016-04-18,0.00700217835785752,0.005318658536656132,-0.001527627456597003,-0.00433157762130218,-0.007835488022085767
2016-04-19,0.0031496941475515306,-0.006132254347931671,0.015506833308651099,-0.0031275254953197214,0.02620232469898998
2016-04-20,0.0009521130914453422,0.0008135958112754873,-0.0051142480161098115,-0.01106075120118659,0.03019103374386274
2016-04-21,-0.005392799450782102,9.061388020439054e-05,0.003775305036917616,-0.005965852138253979,-0.003724395453124868
2016-04-22,0.0,-0.015207993674584903,-0.012894694659209335,-0.0025681366338623298,0.0037243954531247596
2016-04-25,-0.0017242361238934709,0.0,0.0028799271415296556,-0.004137127319534111,-0.019709698003974954
2016-04-26,0.0014851783997081385,-0.004874909740189683,0.00396736763751519,-0.004547377693022299,0.024345792467362858
2016-04-27,0.002056061087077355,-0.008054376210768877,0.00286030286991974,0.00993061523356532,0.030070594849484066
2016-04-28,-0.00911717130929695,-0.012157624223424346,0.018724801093336303,0.004115591607876548,0.0071556585758529145
2016-04-29,-0.005413700498229187,-0.0052832956249065505,0.019270626438691787,0.0025539501646104075,0.007104818703577245
2016-05-02,0.007917059865742239,0.009414556721049301,-0.003321349913169904,-0.010119645918075577,-0.022372297372650868
2016-05-03,-0.008741317442205871,-0.009319570979500815,-0.0022745646099544734,0.012517364575284972,-0.028455377455274735
2016-05-04,-0.005593898704966692,-0.0064522799069689635,-0.006118222826125519,0.005470418060237192,0.004644707965082216
2016-05-05,-0.00019483061217705908,-0.00028573646465237943,-0.0011462207767798868,0.006663011922576848,0.010142978503232047
2016-05-06,0.0036520678197879356,0.005318027848446777,0.009052054554673597,-0.0042839847425716875,0.005489530762557972
2016-05-09,0.0008259324340617936,0.002837498982660498,-0.02075289801818274,0.0031388199946844916,-0.025879422893872923
2016-05-10,0.01235723088522502,0.01360177552335708,0.002731465708414251,7.571352346703148e-05,0.028612885482597394
2016-05-11,-0.00939849111335605,-0.009078735302556387,0.009378919930915332,0.005638813391908197,0.0313505641661712
2016-05-12,0.00029024115546919866,-0.004428662540688044,-0.007892173973086957,-0.004569362167487905,0.009653401586853589
2016-05-13,-0.008752531697997954,-0.003689754595886044,0.004529141979827091,0.009647312290023535,-0.007011415644901537
2016-05-16,0.00981713214671382,0.01243423607866962,0.0007392219670166908,-0.00865525140311555,0.03372566423594131
2016-05-17,-0.009377531933163158,-0.012623931351773447,0.003442329123242993,0.001676188031045611,0.013513706104480773
2016-05-18,0.0002930180688487251,0.0035962901030084254,-0.017497993073654197,-0.014338237312315741,-0.018628842536117244
2016-05-19,-0.0034708385098254275,-0.0052092592288091235,-0.0019168712488534102,0.004315363051738148,0.007662885812157976
2016-05-20,0.006297205412914034,0.010955067021921075,-0.0013357015166127583,0.0007686809183953654,-0.00339847072357534
2016-05-23,-0.0013635282818279862,-0.001315893829709071,-0.0028442074994739935,0.002225846876846299,-0.007689072754261708
2016-05-24,0.012879321502388798,0.019833960417004602,-0.017493154439807618,-0.0044562687240224065,0.013628818323451747
2016-05-25,0.0067599049925266014,0.0071656383345795015,-0.0027317729645951225,-0.003780406611699625,0.017610521630320626
2016-05-26,0.0002867303856338781,0.0029253012252270223,-0.0034252603876992805,0.005165254739534756,-0.006672245373235578
2016-05-27,0.004290091435286023,0.005189110372098537,-0.008268772914245494,-0.001462322022802968,0.002507292060202268
2016-05-31,-0.0019047214941192551,0.001905135307733232,0.003798302317157037,0.0023848014702132834,-0.00922435549625825
2016-06-01,0.002047056948536924,9.034017614316873e-05,-0.00103444075765323,0.004048628664377165,0.005042062709971886
2016-06-02,0.0030394425979248015,0.0020820986067729263,-0.0023315434917615587,0.007182025748570709,-0.005884897068735936
2016-06-03,-0.002991488162849547,-0.004713550754519373,0.02737326438830703,0.014135021868262177,-0.0033783784622652027
2016-06-06,0.0050755406083868556,0.0036278470836638727,0.00033642486690222653,-0.007458023100452655,0.018441450552963923
2016-06-07,0.0015601089366344236,-0.002538050833344148,-0.0008412423733234738,0.002417120290518779,0.014839538882912097
2016-06-08,0.003254202043924533,0.0017230545304073412,0.014703707887444253,0.005341295886594477,0.017038954478936615
2016-06-09,-0.0013665314479828828,-0.0016322111657700261,0.005541081570940353,0.006432231472764593,-0.014586993083434469
2016-06-10,-0.009522874849648288,-0.011409102987118875,0.004033075700703472,0.0048342810769212,-0.03151173801034879
2016-06-13,-0.007741458744418279,-0.008388178125416526,0.007365624068488681,0.004441638608486685,-0.009310237047165581
2016-06-14,-0.0019686101892947786,0.0,0.0010594292626908233,-0.0007386550659423601,-0.002554338292874269
2016-06-15,-0.0013949930628740284,-0.0028737907760642777,0.0073849284570991006,0.003836895374880836,-0.022414669218439744
2016-06-16,0.0029799043093465187,0.002966290255867882,-0.010566651715243233,0.004847953285930446,-0.02919268910385157
2016-06-17,-0.0037311272929753964,-0.011790479221387451,0.012747298268990306,-0.006249138257598039,0.04562190251785008
2016-06-20,0.006419535263358533,0.00627208189881269,-0.0059880246543699035,-0.0107492776712092,0.02121420271955673
2016-06-21,0.0028342704268215944,0.0031675936720290485,-0.01942288299292089,-0.004632242860472116,-0.001680630977856581
2016-06-22,-0.0016322982900818595,-0.002421374328092305,0.000496444028716167,0.001646044037893872,-0.012695944673553543
2016-06-23,0.01293824687039064,0.014166219959871693,-0.0065557755937431204,-0.011504069605131813,0.020236759572592463
2016-06-24,-0.036569543198950685,-0.0420599865741885,0.047873912303474195,0.026492859573927104,-0.0496252325384528
2016-06-27,-0.018072189807413725,-0.02004846655894714,0.0053823171279899626,0.02466035550591058,-0.018592837113617686
2016-06-28,0.017875268617563903,0.02167725829168698,-0.01079376043064916,0.0020819673536157115,0.02471446959733276
2016-06-29,0.016884171067850316,0.017554824986153048,0.004140765999889028,-0.00770204155407175,0.02751675689183552
2016-06-30,0.013553435310529077,0.011503599538497783,0.0049939058952932335,0.003678261422993664,-0.018836196484630252
2016-07-01,0.002098257853092555,0.005008568200484534,0.015223162818061162,0.013788873473377785,0.017987640726346878
2016-07-05,-0.007219394015893953,-0.006125133610112073,0.008220905136956962,0.012442589767118921,-0.05227666053192561
2016-07-06,0.005980345625045761,0.008158837897943692,0.005852881673551483,0.0016149780851383742,0.013327573282581457
2016-07-07,-0.0006208270754192211,0.002950505301511044,-0.0037695950478742334,-7.043953778417104e-05,-0.046057823092566376
2016-07-08,0.014781017574183312,0.015348330673174962,0.005994014334570738,0.007339365110153689,0.0009238087546641265
2016-07-11,0.0035206061658983336,0.005695291512859105,-0.00946861312154938,-0.008813568158212003,-0.016760197631533753
2016-07-12,0.007237116024566116,0.005035638068942167,-0.016690387468968386,-0.01657603085751469,0.049460628487895224
2016-07-13,-0.0001396827071246186,-0.0024245923069388525,0.009159697327218079,0.011716586963943844,-0.040114730250903195
2016-07-14,0.005568083850088943,0.006809978696461152,-0.0077450452302362865,-0.014649705676077488,0.011100936031302806
2016-07-15,-0.0013425752709344645,-0.0016085438002474324,-0.0038557351674657764,-0.00863355605600557,0.010979056984182393
2016-07-18,0.0026837643242396225,0.006597081348558787,0.0015755839071671933,-0.0009401383542178909,-0.015589502375607703
2016-07-19,-0.0010171576020161998,-0.003649851460451904,0.0013372522657107563,0.005625874001619806,-0.011152521571377144
2016-07-20,0.004154198968052663,0.011615108170908347,-0.01441038163632243,-0.005480921285613978,0.0027997903383956933
2016-07-21,-0.003784715788795919,-0.0022946561258146564,0.015117654201499475,0.002022323011510836,-0.022621113391412432
2016-07-22,0.004475709924363214,0.004144093591446435,-0.007490707778721288,0.0017312310652297697,-0.006695356942058868
2016-07-25,-0.002719798189346426,8.797976629317958e-05,-0.006989125856947095,-0.0007210913254518626,-0.028225714089276793
2016-07-26,0.00046143085382261003,0.0011431049914042378,0.004215211050825792,0.00158507518553839,-0.00494807448344103
2016-07-27,-0.0010617252791202542,0.006918669329518249,0.01598269497210111,0.012376296585148713,-0.01801853646613083
2016-07-28,0.0011542833996945187,0.0034851282436812393,-0.00289409340924044,-0.0018498992079971056,-0.023506401253288445
2016-07-29,0.0016130191079400636,0.0021717162458911865,0.010286811942904156,0.008299085292587343,0.009264106521049148
2016-08-01,-0.0008291805314421585,0.005279873613049019,0.0018590671194806466,-0.010901070033430429,-0.03651948649422432
2016-08-02,-0.006427835681272223,-0.007625679007958294,0.008092864929715934,-0.010356181279645882,-0.008537930699803653
2016-08-03,0.0029180453352054664,0.0032999705104781833,-0.004770787598632875,0.0005778985946641122,0.03785937591659627
2016-08-04,0.001063725482914159,0.0028569742074544702,0.0016954476164976306,0.0074857741934553365,0.015361343972484495
2016-08-05,0.008145303922982246,0.009550796867092893,-0.018025444010511645,-0.010451972573661575,0.002030407223730238
2016-08-08,-0.0005960015348715652,-0.0011140309386963169,-0.0008627837547004024,0.0018819815149087218,0.02404932782170141
2016-08-09,0.0005960015348716232,0.0023119291626450275,0.004072023167431717,0.009788405129407884,-0.0029747851914624546
2016-08-10,-0.0024780731678834458,-0.0025689846339601763,0.004677994512329687,0.0038607770999864867,-0.030244163516330688
2016-08-11,0.004630065591192175,0.004278191305313786,-0.006946906948684661,-0.00895886746508253,0.044051123004110765
2016-08-12,-0.0008692118714006307,0.0006827818039844242,-0.002117040375034645,0.008387682879899163,0.02800762125066721
2016-08-15,0.0028796406828243133,0.004257134337591268,0.003447698256792746,-0.009467631534597523,0.024460318841706526
2016-08-16,-0.005171241079619656,-0.0055378027329989095,0.004915970173444719,-0.0026704832899403564,0.014760401298199752
2016-08-17,0.0018795571139553137,0.0017925187105594421,0.00023348078990268189,0.005979486652354318,0.006389770285773091
2016-08-18,0.0022413045177164057,0.0002557920904614103,0.004735854578729188,0.0015794654293017775,0.027816995008329105
2016-08-19,-0.0014629608644805003,-0.0002557920904614557,-0.008868887925520175,-0.005249268346040111,0.0035335691578419213
2016-08-22,-4.598513877478004e-05,0.0007672497388025009,-0.0014858453674488508,0.008399437127251894,-0.03317201312645689
2016-08-23,0.002011531522515357,0.0017879402396074454,-0.00015650499362582264,0.001071954868144707,0.010879516492456677
2016-08-24,-0.005127951177338776,-0.006485620794571962,-0.011176864142998311,-0.002360064766335606,-0.024647569907778614
2016-08-25,-0.0006889763890148613,-0.001628069079821358,-0.0008709901258544955,-0.0038008419141157355,0.011943193630251403
2016-08-26,-0.0018850176455879398,0.0014567628815448546,-0.0014269885139347306,-0.005837037148168426,0.0
2016-08-29,0.004912198300496711,0.0013689993552383664,0.001981375674593548,0.013282515808543732,-0.009174323698832587
2016-08-30,-0.0016503596074887636,-0.00325495618348991,-0.01010635477558824,-0.003858676939060262,-0.011121601164400259
2016-08-31,-0.0028477478279407063,-0.0010296941892995318,-0.0020015218438290436,0.0014304917607627853,-0.03509131028849337
2016-09-01,4.58988000757929e-05,0.0025726003752835854,0.004078880664929754,0.0011027820945725304,-0.02938499730908068
2016-09-02,0.00449806550982212,0.0032501555375698604,0.010164454828507231,-0.008189314523943777,0.017734390876625962
2016-09-06,0.0030177427263908835,0.006213447174020243,0.016766351430797802,0.007259181357792778,0.014542240895091797
2016-09-07,-9.119410507995375e-05,0.0005938985647007712,-0.0034244132039321193,-0.0007166699319340127,0.012434412668508492
2016-09-08,-0.0022860027700610784,-0.005868640900256531,-0.005315481388614766,-0.012620875712869274,0.04097403417721286
2016-09-09,-0.024225781510606486,-0.025486251847615958,-0.006605326760192751,-0.016611178438792385,-0.03434211097844054
2016-09-12,0.014245658096074032,0.0177797147256032,-0.0012631537514554386,0.0005162084515600649,0.004710342158681793
2016-09-13,-0.014480184617755581,-0.00898053908970084,-0.006657679739988439,-0.011422579637757418,-0.025703504975006397
2016-09-14,-0.0003750039063095255,0.00475920390087937,0.0034136523813896856,0.0014906393634225143,-0.027372161717465208
2016-09-15,0.009943526018961125,0.015419216726931407,-0.006440074325495563,-0.004329796132123033,0.004943182533093868
2016-09-16,-0.003873229395377026,-0.00047744547284771737,-0.002475784418470438,0.00804718768110532,-0.013902939027250559
2016-09-19,0.00018734522722675535,-0.004357440489607273,0.002076861031546589,-0.003270340414899228,-0.002002048538777479
2016-09-20,4.6851701387127234e-05,0.0018818890945931778,0.0009571124160197729,0.003492762853086294,0.008977631969762269
2016-09-21,0.011183051117936459,0.009781298013538758,0.014483211562644741,0.008054669906885423,0.032245093042514376
2016-09-22,0.006281385284826616,0.007924323952637693,0.0023544435304930274,0.007916963001423617,0.012422531319477653
2016-09-23,-0.0054943398106107565,-0.00640217647936292,0.0006269244831308528,-0.0009491487052260192,-0.03282149473165393
2016-09-26,-0.008135125397922315,-0.008401811031275528,-0.0007836871273147406,0.006338827710813536,0.023279492216734796
2016-09-27,0.006188838180343917,0.009837683382597568,-0.007317971706278326,0.007308416515817888,-0.027212630367532294
2016-09-28,0.004951070035773571,0.0016862786524106342,-0.003164070980187106,-0.002165351043838345,0.04808618843210857
2016-09-29,-0.009088311596579269,-0.007271771840073692,-0.001189120004834333,0.0025262469140611365,0.02044683426829496
2016-09-30,0.007517752188054845,0.007440160980560697,-0.0034166360099868506,-0.00897708243565342,0.005504639504403548
2016-10-03,-0.002406852214658959,-0.0014330722557170817,-0.002550206163687112,-0.0033061558188801784,0.015433812575551637
2016-10-04,-0.005110899973395975,-0.0015195962087858532,-0.03532787258610445,-0.011763569635412101,-0.0009013275636019807
2016-10-05,0.004415502811721052,0.003542047557452921,-0.0015718922897908132,-0.004670805907994566,0.02317396241575055
2016-10-06,0.0006953971616749418,-0.0005052294999284281,-0.009316280206747919,-0.0055887968544562,0.013998465082188993
2016-10-07,-0.003435332961928176,-0.0021921216484362383,0.0006682890904549356,0.0006722231208265001,-0.015762174313151887
2016-10-10,0.005194800558070626,0.006310700588486738,0.003501510836135797,-0.005915537837499573,0.029567384529962
2016-10-11,-0.012710002368151592,-0.014361877133728898,-0.005089499061391544,-0.0022563022980740667,-0.007741987279652123
2016-10-12,0.0013108957426979043,-0.0008514581108830546,0.0015879882252557648,0.0009780059831874324,-0.013037961050163357
2016-10-13,-0.003280718108892668,-0.0035833789194934756,0.0024189937106391113,0.0037533616993358733,0.005235567434311936
2016-10-14,0.0005161316773986087,0.001196072602609347,-0.005597559798283797,-0.014110604060317897,-0.004361122668704289
2016-10-17,-0.0034780338832850663,-0.0027359554031317988,0.0026773752071126027,0.006363372733813347,-0.006137651574589424
2016-10-18,0.00624262031477907,0.00886346383300226,0.006164100054633751,0.0032411710517054717,0.007011415644901445
2016-10-19,0.0026637269442899604,-8.463237634947013e-05,0.005713611741873303,0.0008281866324230617,0.018174454493724325
2016-10-20,-0.0018686635480639907,-0.0011889316790612045,-0.0030597728971404627,0.0010519324704911046,-0.019922663329644007
2016-10-21,0.0004676391195979898,0.003731281036469671,0.0007451585177257722,0.0015015543317353733,0.004364846510273111
2016-10-24,0.004243646643163764,0.011946654087825857,-0.0022370801255002003,-0.004360189106915144,-0.004364846510273077
2016-10-25,-0.0033560422610966205,-0.00318314913175419,0.0075197946939096144,0.002633524126910927,-0.016762680403870082
2016-10-26,-0.0020097888765158085,-0.006818880706274998,-0.0056138205649168835,-0.006786037081849595,-0.013435008981064252
2016-10-27,-0.0026704655640515124,-0.0045720976128626354,0.0018196962666163264,-0.010953641214512753,0.010762425365681979
2016-10-28,-0.002959759897123469,-0.006299380921764083,0.00469929291776931,-0.002221266406857209,-0.018002268963880606
2016-10-31,4.712733328351511e-05,-0.0009396982188157139,0.0029566431199742503,0.006114486071331177,-0.044575670736106764
2016-11-01,-0.007271569452951167,-0.007550879796418251,0.006457707460557924,7.578259309610727e-05,0.0037914702232422605
2016-11-02,-0.0060370980254547246,-0.008041862690342969,0.0073872643657927,0.004341923664465412,-0.027819536958811293
2016-11-03,-0.004587588701343254,-0.00985893276923521,0.005323910740822454,-0.007705227265786475,-0.019646978977074896
2016-11-04,-0.001102119177403103,-0.0035134124631563176,0.0007237632468996816,0.008920094987404118,-0.00997021061911054
2016-11-07,0.021817192419391777,0.0234795374324731,-0.01817197611952108,-0.008538072786078266,0.0178753826765744
2016-11-08,0.004493911500166772,0.006510840768313345,-0.004183952404118774,-0.004065590700621714,-0.005922965515349665
2016-11-09,0.010546253512821464,0.004600184051232456,-0.0006579098268443167,-0.0433584857098314,0.017664772434960858
2016-11-10,0.002492133320587304,-0.01628131177219019,-0.015001711673607077,-0.014881069854137346,-0.023623123587369774
2016-11-11,-0.002307476323316749,0.0004320323179183884,-0.022377978717915834,-0.005637622977120295,-0.027260597555384146
2016-11-14,0.0007855229729363187,-0.010155298569878542,-0.008490234677527317,-0.005999698381300367,0.010183328941865953
2016-11-15,0.007772486907988817,0.013775391818500581,0.00866105076842777,0.004933287072124885,0.04652004198676676
2016-11-16,-0.0018803626293786703,0.005919390927489165,-0.002992914324639686,0.008982514352748088,-0.010695348620980216
2016-11-17,0.005127577812509138,0.007244293808146387,-0.005151539575840869,-0.01482330385546486,-0.009823205658532383
2016-11-18,-0.0022401216179455266,-0.003743384330479801,-0.008818980245606385,-0.002891746779422605,0.018582400924299892
2016-11-21,0.007523231435756738,0.010345164162628621,0.0037273072140238833,0.0024790334657700057,0.04268080318976744
2016-11-22,0.001951246959999936,0.0030325379886209903,-0.000346148454927052,-0.00033024365269278527,-0.0130843305521868
2016-11-23,0.0005438101302891711,-0.0040450407868112765,-0.020019033913875547,-0.0038881595165910087,0.0037558693442847823
2016-11-25,0.0037087052129151483,0.003203469130987985,-0.005667237234161627,0.0014908956103484806,-0.03238379671810523
2016-11-28,-0.004706158980978422,-0.002275388429708842,0.01051202138010083,0.007339338943360925,0.010592266515441798
2016-11-29,0.0019485718392988544,0.0034532808289589913,-0.004668228933024721,0.004181313033619161,-0.03707733587832766
2016-11-30,-0.0024020978622554846,-0.012180906441507659,-0.013510086082379656,-0.016332322800325916,0.08294412372638459
2016-12-01,-0.003682143306063772,-0.017427616001071213,-0.0018809543242076046,-0.010615082677215297,0.035942738196737406
2016-12-02,0.0005008775199514627,0.0019898545256865933,0.005364806083291903,0.0073009830965359455,0.013152282710419638
2016-12-05,0.005990559140254564,0.00774870597452696,-0.005364806083291772,-0.0010879896612839193,-0.011388573479456753
2016-12-06,0.003162455992507357,0.0023984891215461626,-0.0009866853717861235,-0.0007534533318261502,-0.005300402754336305
2016-12-07,0.012995876966242666,0.012583096216549959,0.003583283615967486,0.008507904722765107,-0.017873559661414268
2016-12-08,0.0024460000743100675,0.0017726038421427852,-0.0023276835438489365,-0.011863892245986694,0.019643512108088592
2016-12-09,0.0060221890452194305,0.007813107400003417,-0.010542046205441346,-0.012517417968453416,0.011428622042453384
2016-12-12,-0.001148537465372341,-0.00452921667352152,0.003797113021044969,0.0018706235987656918,0.015611792303279297
2016-12-13,0.006651962326540399,0.012530392909869542,-0.0033443584495007656,0.0035616259430556493,0.00942188206519826
2016-12-14,-0.008288709325291492,-0.0020774238641038663,-0.014775853703028299,-0.011236275236404964,-0.03557857782430202
2016-12-15,0.00410893731120533,0.001579200362197926,-0.013785715901107687,0.005038020473003033,0.003527337254885959
2016-12-16,-0.0019580669515340664,-0.0037137756730255297,0.006592778565065466,-0.0023023969083452315,0.016587070410712213
2016-12-19,0.0021752450653911674,0.004088634610075007,0.004985177307786946,0.0106990591777603,-0.004338418112439012
2016-12-20,0.003850057440214694,0.0038231784425652978,-0.007394390217464912,-0.0049955347707394526,0.010380706205944773
2016-12-21,-0.0027862206191875518,-0.000746928503116047,0.0005564603998491446,0.0044038448429566885,-0.015611792303279396
2016-12-22,-0.0017290348476668711,-0.0028263543293143407,-0.0024136861188265224,-0.0017892045405346398,0.001746765343429994
2016-12-23,0.0014632602276883268,0.0006656321507603407,0.003155199096609045,0.0020352913180628975,0.008688184927953417
2016-12-27,0.002477611627901543,0.0051446907802841875,0.005820121372820581,-0.003224559358207807,0.014598724097094241
2016-12-28,-0.008298534608521691,-0.007810560227337219,0.0027596655752010505,0.007282083054422475,0.0017036169498206343
2016-12-29,-0.00022269462002605953,-0.001418812182909603,0.01305061000633585,0.0035370878411506565,-0.002556433657273513
2016-12-30,-0.0036619013355358265,-0.010327989691465766,-0.006184651823121631,0.0015122767489522424,0.0
2017-01-03,0.007620829429510788,0.008906685451833724,0.00781538513824579,0.004271891630410532,-0.02418085766102472
2017-01-04,0.005931603286253771,0.005422704592649459,0.0035241475629946054,0.0038371652093717734,0.012163516284555777
2017-01-05,-0.0007949185404164446,0.005641936805753409,0.015395946803090798,0.015532602851437184,0.010309359945159592
2017-01-06,0.0035714269268249934,0.008731471573830819,-0.007399862806677905,-0.00922420937285095,-0.0017108219734412677
2017-01-09,-0.003306227377870355,0.003275411060973073,0.008198942430912352,0.00799385599589407,-0.03219067629872744
2017-01-10,0.0,0.002204524818138747,0.004251209640407789,-0.0006569828594628815,-0.021448608076692625
2017-01-11,0.0028221390231519495,0.002688232865734797,0.003088451356458922,0.0033618302637056278,0.026739578544556518
2017-01-12,-0.0025130500325165174,-0.0015471447031387058,0.0036058581395100996,-0.002212720926327115,0.014840960077042963
2017-01-13,0.002292457048499696,0.0034162650298742337,0.002630155985373185,-0.004769757023432117,-0.011329107273510889
2017-01-17,-0.003529151694953642,-0.003008906985536743,0.014257386660884261,0.010414803964582739,0.0017513540054498627
2017-01-18,0.0022072277785737376,0.0020341065576238914,-0.00849515963956113,-0.01289080747534761,-0.023905561225847412
2017-01-19,-0.0037113852243339514,-0.0004878559660402573,-0.0008709816243126054,-0.0068823602447505286,0.0008956766309493498
2017-01-20,0.003667389969094329,0.0021930181699839776,0.0024367465635147297,-0.001999266457249955,0.019504187690198196
2017-01-23,-0.0026054983540794415,0.0008109172481157679,0.006411370524106662,0.009955858171325637,-0.006164761785516871
2017-01-24,0.006391219874322243,0.006706218063004564,-0.00450104004040464,-0.006875609244714181,0.004407251881234954
2017-01-25,0.008618358736102765,0.010015814282174428,-0.00827564253844338,-0.012630201116319564,-0.005290970467863883
2017-01-26,-0.0010459865480467697,0.001036090712190795,-0.009315451405169057,0.003360843572364856,0.019264983892070424
2017-01-27,-0.0015710727946890346,0.00190964394286778,0.0020286289430193087,0.0036014359895636208,-0.011338989183294188
2017-01-30,-0.0062209405196486075,-0.007820932202836027,0.00422055808840963,-0.0030135042937548618,-0.010582099541046996
2017-01-31,-8.807243437753174e-05,-0.002005005292598505,0.013768096552717091,0.006934188205336158,0.0035398234188997323
2017-02-01,0.0003953696796888029,0.006880202840375987,-0.0030336413602642647,-0.006202080053041824,0.014035305200489756
2017-02-02,0.0006588097400347208,-0.0008771420624411487,0.005540175253055062,-0.00042032568456176864,0.00260989160273226
2017-02-03,0.0068693274598067905,0.002868348836545593,0.0025003325828475273,-0.0004195817365596857,0.0026030151550556764
2017-02-06,-0.001789167030109454,0.0011929529324193697,0.013428758731217077,0.006031996158583346,-0.013961819019818756
2017-02-07,4.357439273721369e-05,0.0036490292237742407,-0.0020411460379591725,0.007324083460343947,-0.016836953929929576
2017-02-08,0.0013096732944792864,0.0016614459067026736,0.006195677380773737,0.013506347089728483,0.0035682431632051304
2017-02-09,0.005915003450890458,0.003629609443264263,-0.007644011341685387,-0.01160175709542572,0.010629049549298547
2017-02-10,0.0039383250912565755,0.003302835770004664,0.0026395141502793757,-0.000579169919935638,0.013129257832125775
2017-02-13,0.005427942780352562,0.005636366902867163,-0.006825925967175972,-0.0031511492196717944,-0.015775989553158974
2017-02-14,0.003987208611384096,0.003350994690955872,0.0011123712399388251,-0.007253587374378602,0.005286392938459205
2017-02-15,0.005206843698215967,0.005895628800257937,0.004437217359329355,-0.004612538544221732,-0.0017590556835732076
2017-02-16,-0.0008516843312817253,-0.0003091729434581557,0.005349691237603728,0.005448196867016087,0.004391767429881134
2017-02-17,0.0015749745285748916,0.0043231921686309,-0.003393297472611437,0.005919130374699097,-0.0017543428992501018
2017-02-21,0.0059375077212425196,0.004917897387983994,0.0005946540100771037,-0.0017473011863772773,0.013083450172760957
2017-02-22,-0.0008881718535532888,0.0003834735237896144,0.0013579197505681978,0.0016634401792004882,-0.015720874703392004
2017-02-23,0.0006767881787719685,-0.0037618696707902998,0.00869753215772013,0.002988079055221495,0.014853928050555546
2017-02-24,0.0012680065475987586,0.0019211900812787053,0.006369402264058893,0.011043566658801912,-0.006089596506187238
2017-02-27,0.0015616960099044208,0.001227600020494615,-0.004857175635850916,-0.005918692479933976,0.0008722398066080757
2017-02-28,-0.002702837018505752,-0.003071861583526922,0.0009230175401251751,0.0037032041405447554,-0.0017452410797258746
2017-03-01,0.013900793513319165,0.010862405610204661,-0.0014268817535847192,-0.016898424750153202,-0.0043763914039891775
2017-03-02,-0.006317346917287974,-0.005034205841185775,-0.012508578672614061,-0.0036058292454543834,-0.020381702026828603
2017-03-03,0.0006287772935028084,0.0018336780473291337,-0.0005955140219627113,0.002601311830065781,0.010685754871378227
2017-03-06,-0.0029819084011081225,-0.002215957202518837,-0.006745539852068463,-0.004787169373374392,-0.0008861523855966135
2017-03-07,-0.0029915744092483556,-0.0016845267022769371,-0.008086086565359004,-0.0030354760667605455,-0.0008868537275669728
2017-03-08,-0.001858241002798162,0.0017612181332227036,-0.00623811789096147,-0.005419220691287308,-0.054708296205593816
2017-03-09,0.0012674385824685095,0.000764415778790394,-0.005140919622256687,-0.008013350457143081,-0.013207771676962275
2017-03-10,0.0034980688702193918,0.004194647298662049,0.0021815968976861885,0.0035031095154073595,-0.023055754648253126
2017-03-13,0.0005045490381496127,0.0016731918109817187,0.00017429306368691534,-0.006331353744406502,-0.0009723120873157174
2017-03-14,-0.00383364269253252,-0.0024347163132740074,-0.005418130142924943,0.0047951316357847905,-0.008793427996085
2017-03-15,0.008616132413315032,0.0061508135998716825,0.018492494054675904,0.012140648536802743,0.01847408270751045
2017-03-16,-0.001968916906723185,-0.0006815379053979375,0.004120559955210867,-0.005075863148257428,-0.001928685070804626
2017-03-17,-0.0017576760611244168,-0.00034920024074335557,0.0022248383768926597,0.006256270636106756,-0.0028999279461947992
2017-03-20,-0.0010974732967362615,0.0009105729262064937,0.004435011725418118,0.004289914092324754,-0.005825207232514864
2017-03-21,-0.012922508988764504,-0.015289414639169616,0.008727009558066982,0.008274155134687393,-0.015702069439714722
2017-03-22,0.002350343721208763,0.006756266578772826,0.0024434516279076965,0.003988092636949199,0.0009886534772782986
2017-03-23,-0.001067769798625233,-0.0025284482396775378,-0.0013473994637167544,-0.001410650112670476,-0.010929036358481095
2017-03-24,-0.0007265119557551086,0.0020694258821481568,0.0015998188263154015,0.0035635282874077498,0.00796023329575511
2017-03-27,-0.001026945365074233,0.0016062464690782634,0.005621040603803889,0.004539579714036897,-0.004967739024118465
2017-03-28,0.0072506142439764205,0.006095454215152855,-0.0041077969016607725,-0.0066924578887742,0.010896557440487523
2017-03-29,0.0009342219524262681,0.004623265703481528,0.002433200950322697,0.005951041218340667,0.021443343301096245
2017-03-30,0.003179264623114943,0.0016620581241276512,-0.00723300545545795,-0.008108977252920313,0.019102759804597327
2017-03-31,-0.0023305517504296097,-0.0006796937473036574,0.002108015430704589,0.0029036117003964053,0.006600745170409062
2017-04-03,-0.0017405023656228646,-0.0006046488982161556,0.005292550298656713,0.01003658736708163,-0.008494638179464664
2017-04-04,0.0006371699617945645,0.0015865390904517968,0.002259734577374107,-0.005439720182745516,0.015052010020256905
2017-04-05,-0.0029771648427344825,-0.004083811224496284,0.0,0.0030526896911132325,-0.002805025914906487
2017-04-06,0.0028073075318326528,0.0005302643940327024,-0.0036851166978419136,-0.0014839681196913133,0.016713420785715808
2017-04-07,-0.0010201252376627616,-0.0005302643940327424,0.002346621760815808,-0.00405080144206931,0.009166002108157056
2017-04-10,0.000595393174286665,0.00037900849189865756,0.0,0.0046284072660982625,0.01628998031762346
2017-04-11,-0.0011905406243984276,-0.0043268899216304234,0.014378002485395934,0.009438438768597204,0.002689354593307891
2017-04-12,-0.004391629345753934,-0.004040260079783239,0.006825356086693186,0.0054579908053939115,-0.005386047161963924
2017-04-13,-0.006516106417684831,-0.003979731503638561,0.0047420728437496,0.003082332601510137,0.001798602820256118
2017-04-17,0.008821023401225042,0.008247881396351,-0.002940703113613842,-0.0030823326015101235,-0.006309141535441238
2017-04-18,-0.002989033318137969,-0.001522081073336426,0.004733558474010278,0.012994846046150137,-0.0018099966406075092
2017-04-19,-0.001840053759151916,0.0015984853710970092,-0.008914361418128501,-0.005468118334941498,-0.038786032355795794
2017-04-20,0.008106340063902009,0.008330905587833498,0.001887609614885789,-0.0038778875006110778,-0.007561465543852873
2017-04-21,-0.0031924193589928014,-0.0002262877654906969,0.002865670925194773,0.0,-0.02109380901183929
2017-04-24,0.01093793474704911,0.0119973407471888,-0.00680911772728566,-0.004949801001722717,-0.0068060248977024635
2017-04-25,0.0058019678008901406,0.007204707897776363,-0.010176758825308857,-0.012112520290366949,0.010674498107657285
2017-04-26,-0.0006291154130445845,-0.0014074482651220371,0.004894417227160271,0.005501546510046352,-0.009699341641280154
2017-04-27,0.0008386833356327527,0.005984565813253507,-0.003730858335881937,-0.0003275016911127091,-0.0019512647911746782
2017-04-28,-0.0021816857561560514,0.0017666401388005332,0.003151414614046289,0.002209429395451584,0.0
2017-05-01,0.0025168735420767123,0.008858254714678559,-0.009149943206636653,-0.008348097130559794,-0.00882792935504834
2017-05-02,0.00037719214743554906,0.0016752432127635597,-0.0001671121773228451,0.005107527462298249,-0.022920738916868046
2017-05-03,-0.001215372364277154,-0.003207092838002429,-0.014055680078894413,0.0006571973672822657,0.0010075798020844659
2017-05-04,0.0011734773609076792,0.0003650630662701289,-0.010137688898777003,-0.0049392953448767745,-0.04848812169355141
2017-05-05,0.0039289327382313844,0.00364190345889619,0.001881961358121959,0.0009074310384558594,0.020921245332342103
2017-05-08,-0.0001665722601564656,0.002178345153529731,-0.002224522938679479,-0.0054566506896159255,0.0010346849263807847
2017-05-09,-0.0009185225807529293,0.003477201843603029,-0.006013737531639031,-8.239610504147267e-05,-0.010395143778893461
2017-05-10,0.001794059826649929,0.0005775781829449308,-8.619187440794861e-05,-0.0011617360303230282,0.02985296021872553
2017-05-11,-0.0020446052801477896,-0.0007949015044584104,0.003956305862795571,0.0,0.008080844658730553
2017-05-12,-0.001672302865227083,0.0022392626897076847,0.0028286293961139724,0.007525028434656045,0.0010055535476462105
2017-05-15,0.005508195586178721,0.0031696633239779535,0.00264989304932151,-0.0027221920484096266,0.021869685561163157
2017-05-16,-0.0009160017003791655,0.004162837510408017,0.004344332691827055,0.0037100160717570886,-0.005917218488681364
2017-05-17,-0.017903469276878595,-0.025755171647425808,0.018026089242991115,0.01446177855912282,0.007881806981718666
2017-05-18,0.0040205148669893035,0.008707409560816814,-0.008214659464641018,0.0011347231396707138,0.0068460559954256995
2017-05-19,0.0064833431288615975,0.004216120040425594,0.0049536558166890015,0.0023472158091018946,0.021215773162361187
2017-05-22,0.00506427780558531,0.00838091951968469,0.004178861021674379,-0.0027519537271733538,0.005708904280803393
2017-05-23,0.002210402545549018,0.0010070018927163117,-0.006358807682167539,-0.006750607128114247,0.009442976686715083
2017-05-24,0.002330329796812644,0.004588726247492562,0.003937188086656905,0.005614781705521156,-0.003766479074943084
2017-05-25,0.004767764201538848,0.008477277851768212,-0.0010874337201151904,0.0003242516788474537,-0.05427692664164695
2017-05-26,-0.00020682844850887773,0.001771728648400329,0.008832634206008617,0.0017023422223462748,0.02362312358736986
2017-05-30,-0.0008690884808358877,0.0008496100128180373,-0.0033239313084347183,0.004928413135708565,-0.0038986367918339817
2017-05-31,-0.0002483349642999776,-0.00035361014328027515,0.003987406451696997,0.0024946786912037867,-0.027724521833095508
2017-06-01,0.00792085611872243,0.0038851397606542285,0.0008286937780719529,0.00010503670087483622,-0.00503274248199306
2017-06-02,0.003322807037164913,0.011356400145376883,0.007345383440385594,0.011771122398649924,-0.005058199149739681
2017-06-05,-0.000737472088650306,-0.00020897039728091699,0.0009862969865506888,-0.006229085119835575,-0.006103728655524326
2017-06-06,-0.0032019394829692345,-0.003982506114553749,0.011191515796581182,0.005432558703672038,0.01719820561771002
2017-06-07,0.0018486017662373148,0.00391280189014406,-0.005294262319270385,-0.004791816496630103,-0.05250822366074076
2017-06-08,0.0004921571112006817,0.0010451665903009671,-0.006554676702975165,-0.002645037886412593,-0.0031762580886458814
2017-06-09,-0.0015188730757585089,-0.025323274591647772,-0.009166426122606205,-0.0015260321847559454,0.006342459496033213
2017-06-12,-0.00020528126722486585,-0.005372041287134009,-0.0014943988172197275,-0.00032165886663152046,0.003156308384068406
2017-06-13,0.00487786072711364,0.008082661047284112,0.0009965350816834196,0.00016044525658172982,0.008368241322527527
2017-06-14,-0.001268393763028934,-0.0043553205207692135,-0.005493177805750778,0.015318602930626594,-0.03930413929065743
2017-06-15,-0.0019262018748070569,-0.00444575921544998,-0.00418165701990386,-0.0015842397518081408,-0.00543176104361449
2017-06-16,0.00021846671980883076,-0.004348447696300317,0.00016757431865917162,0.001980005571057514,0.006514623006883321
2017-06-19,0.00829060562016091,0.016582843518989938,-0.00765446009733337,-0.0014252870130571432,-0.01307206934493735
2017-06-20,-0.006767008242349892,-0.007862383104096845,-0.0021131828104241023,0.008916083602682506,-0.018816280562287832
2017-06-21,-0.0002468946257687452,0.00985412394623596,0.002872805881766109,0.0020405864491372773,-0.027181715731519014
2017-06-22,-0.00045297926795246935,-0.00028478464618952165,0.0033692883509406405,0.0021924560846013678,0.008004581989634052
2017-06-23,0.0011936247700372663,0.0038308909096239764,0.004279445503072874,-0.00046969467425375677,0.0090703486335215
2017-06-26,0.0006579073932028587,-0.0046840047952112565,-0.00899959554685728,0.003749315174903401,0.007869703195384464
2017-06-27,-0.008088945582052618,-0.01830567066390923,0.003794725232620678,-0.010738034136885363,0.01885802637992699
2017-06-28,0.008910397140568311,0.014314358610875638,0.000757258608664271,-0.003315632453244524,0.010929007880390319
2017-06-29,-0.008827539682882616,-0.0175070341480935,-0.004890000706728738,-0.00841709223611893,0.0010863910861795
2017-06-30,0.0018629520196429363,0.000363424706694504,-0.002538742638049931,-0.002314882113551192,0.03100194419737179
2017-07-03,0.0016942369251539175,-0.010590460885484538,-0.01648835238074312,-0.0032252619404959087,0.012552454174974593
2017-07-05,0.00230907950252961,0.00979063443070482,0.0036971824767883434,0.00024115707041119462,-0.039220701257135886
2017-07-06,-0.009186517324553738,-0.009056568245658128,-0.0004291636859008885,-0.008308076452947028,0.006465584836251871
2017-07-07,0.006464263433030264,0.0107277230304613,-0.010269798493159019,-0.006011645721371512,-0.022814680918032095
2017-07-10,0.0010734349390887597,0.0065118666123464754,0.0016468254331296226,0.0014655958513913828,0.0032912516989255843
2017-07-11,-0.0007429687605412473,0.0028083516421349825,0.0012982088742116993,0.0017069912910756071,0.015217721817477655
2017-07-12,0.007486702056364894,0.011796488795515142,0.0035397924292919544,0.0068808912268853,0.006451577723023638
2017-07-13,0.0016785460054014824,0.002200945246893875,-0.0018115086761426493,-0.006312274264017845,0.014893928713345692
2017-07-14,0.004653451372593701,0.007840667509188947,0.008168900176639902,0.0012172402337665429,0.01259196941116647
2017-07-17,-0.00012212200876134086,0.0004925454497223291,0.004443348999716993,0.0027527756453551732,-0.014706183484425045
2017-07-18,0.0005294212047401529,0.006659197904046192,0.006966890452323186,0.008694675181139097,0.00947876013949287
2017-07-19,0.005399272812114721,0.005851136594420218,-0.0002540224323478422,0.000401041068787831,0.015600901137016265
2017-07-20,0.00044544085842738887,0.0013189803334411087,0.00135406277392805,0.0028804577153834143,-0.008290195341949283
2017-07-21,-0.000890795769352762,-0.0004161430316460004,0.008589562474350484,0.00422550524496343,-0.028497918678843336
2017-07-24,-0.00024316614530180624,0.00456941798148463,0.0004191258176561492,-0.0039057734767155828,0.016985530028710668
2017-07-25,0.002427940332031016,-0.002559251358197709,-0.0032741446924645485,-0.013104604443837454,0.03211051774515876
2017-07-26,4.023246988597524e-05,0.003249491958358879,0.008040236804835914,0.0016168236042094972,0.015174759074870108
2017-07-27,-0.0009297337589995964,-0.006301336579591791,-0.0007510021513584453,-0.00494029533856246,0.009990130956469634
2017-07-28,-0.001173676442677897,-0.0008342368946004093,0.00748507747253413,0.005909947841111997,0.010875011179337606
2017-07-31,-0.0005672920853512555,-0.004249454944564649,0.0004969976741389874,0.0012099501754430809,0.010758016489122316
2017-08-01,0.002226068437092688,0.0023013564496116253,-0.0008284878144892227,0.006996090166908014,-0.018655384563251352
2017-08-02,0.0004852194634488186,0.0027127391561771086,-0.002074259170059369,0.00056176212997814,0.004943182533093868
2017-08-03,-0.001941652269571827,-0.0038974642173464124,0.0015767861990997622,0.010291190161107558,-0.01190489067958134
2017-08-04,0.001820387214489102,0.0018116032789940234,-0.007825504639997654,-0.008528659813635823,0.010918188216104852
2017-08-07,0.001857736287322675,0.006314778685103197,-0.0011707593535362649,0.0011198161870336397,-0.0029658679413268265
2017-08-08,-0.0024640692268236017,-0.0017310982349540704,0.0029243323685437307,-0.0036046475577425877,-0.00396825523349915
2017-08-09,-4.054414791396821e-05,-0.0013173632556886495,0.012024832535234552,0.005442345386050398,0.008906461521577482
2017-08-10,-0.014215754780268276,-0.021673362611007798,0.00739163630100404,0.008502723979734287,-0.02392933496004022
2017-08-11,0.0014755382701580478,0.007557919296178979,0.004734717669981235,0.00047487246963654476,0.008040236804836134
2017-08-14,0.009864564627314278,0.012796229870870007,-0.007110509708619871,-0.005154156222052621,-0.027398923804920247
2017-08-15,-0.00012185019313643825,0.0006942677328374025,-0.007739806493235919,-0.004222642330958901,0.003081639065308729
2017-08-16,0.0017428034977640097,0.0017343487329026562,0.007329654945785988,0.0036658169938020915,-0.018634111433689815
2017-08-17,-0.015713404253181906,-0.020658310270647556,0.005074451187161032,0.00744986550107314,0.0052110792054037
2017-08-18,-0.0015644701927506118,-0.0007071920161736453,-0.0015523089133794997,-0.00023707321882758883,0.03573635797550743
2017-08-21,0.0007822880671534904,-0.0012758826345600444,0.003754179507042763,0.002445009766565569,-0.02642432452511619
2017-08-22,0.010402754066529095,0.015127788551563624,-0.0044903781947355755,-0.003867541401769082,0.00616022667683875
2017-08-23,-0.0035918427256169385,-0.003567696851023055,0.0037569391595083405,0.006778291355178867,0.011196010434165569
2017-08-24,-0.0023331731954335817,-0.0029477376779566584,-0.0031025274301848694,-0.0036985120741842,-0.017356237111004192
2017-08-25,0.0023331731954334975,-0.0021109735373755676,0.0036729988686282277,0.003855748709036948,0.004110998777894755
2017-08-28,4.099010118338907e-05,0.003094101813135482,0.015762397031869272,-0.000628940316615587,-0.022822595363457477
2017-08-29,0.0011441013902806657,0.003925027057221459,-0.0021677522181517517,0.003217431366620221,-0.00737230255006186
2017-08-30,0.0047266567405708,0.011681581952163374,-0.00048233427165646377,-0.00031376193141380515,-0.008492611877578856
2017-08-31,0.005997961509255242,0.010659111253866338,0.011671721617894353,0.0029739658093261836,0.026303462475168744
2017-09-01,0.0014131517597855139,-0.001368940924314752,0.0019056530015576626,-0.007678770755257229,0.004145079661133198
2017-09-05,-0.007208029535335602,-0.009012937456415428,0.011044617985341777,0.01573376032225133,0.025524611632743943
2017-09-06,0.0034078019307421737,0.0030366931492346186,-0.0051126987089539664,-0.006154772913588718,0.01202418147638046
2017-09-07,-0.0001212458456559585,0.002339355891268197,0.010355527635418995,0.010184946998541632,-0.0009965351132518578
2017-09-08,-0.0011754598189598366,-0.00869917262736899,-0.0012495406412696415,-0.002167712331355215,-0.030366726199545443
2017-09-11,0.01060940624539112,0.011445249002375165,-0.01400714397659853,-0.012010112631349318,0.009207242138124029
2017-09-12,0.0033651509684234676,0.002396798634963952,0.002927757716954255,-0.0052701712669457335,0.005078750561154965
2017-09-13,0.00047943178916482084,0.001366550655068275,-0.007534611170577382,-0.003952144576625925,0.020060834574464767
2017-09-14,-0.00031964245239025294,-0.005891109162399729,0.004369098124020519,0.004109379539363269,0.005940653132789356
2017-09-15,0.0013454016945868331,0.00342932910214604,-0.005006207576558888,0.0003941786833652764,0.006886372032909022
2017-09-18,0.0021244139547945723,-0.001311222560368889,-0.009364174007229185,-0.005770818866153021,-0.0029454840283973755
2017-09-19,0.0010006601163669489,0.0017159404037182262,0.002088539057238403,-0.0024607015710727802,-0.005917218488681364
2017-09-20,0.00036006531595053057,-0.0030908825561484768,-0.008056762706663206,0.0007149583474962827,0.012776598185969566
2017-09-21,-0.0026830954461422194,-0.006141817645351555,-0.007633024715443067,-0.0005559651935408048,0.0009761083247974436
2017-09-22,0.00020060311280857427,-0.0009700731592743888,0.0045543146609353605,0.0028563957669109218,-0.0009761083247975212
2017-09-25,-0.002046582606397243,-0.01058804145329201,0.01041298453601296,0.0062405941884804686,0.029824280741589573
2017-09-26,0.0006024493638390688,0.0025878855339169214,-0.011224726404076811,-0.001812665709183011,-0.0057034774120539155
2017-09-27,0.0038865238040169253,0.008970229078649358,-0.009464790137827282,-0.015182786411402844,0.0028558502340644922
2017-09-28,0.0011992140040458952,-0.00034629076481549893,0.0018837445698112896,-0.0029676029494009448,-0.008591952551116243
2017-09-29,0.003508794960922105,0.0071754271732915225,-0.0051683715774129575,0.0022466509091468895,0.0
2017-10-02,0.004329304256174383,0.0008937627711006106,-0.006684614889873692,-0.001833429114849408,-0.021318662359293104
2017-10-03,0.0021380918672851464,0.0021270320175669033,0.0004967317019956395,0.0009653319594058456,-0.0029425948124596523
2017-10-04,0.0011854807665088655,0.0009590855830499618,0.002809888938788158,8.055977313140248e-05,-0.00987178602597209
2017-10-05,0.0059077865582262586,0.00974498881770381,-0.005378816723625682,-0.0037849637650954264,0.016724450510038385
2017-10-06,-0.0011396208965600177,0.001355500410927261,0.0047183541150492775,-0.002827920660342789,-0.02769709482744003
2017-10-09,-0.0016525351735044635,-0.0011521403033359372,0.008142542011553811,0.003150289160358671,0.003004482237068438
2017-10-10,0.00263484307179325,0.0007457377788562823,0.002617800009600174,0.0016123366922359645,0.027615141057408078
2017-10-11,0.0015698253483886991,0.0029764204495131923,0.0031812040839063376,0.0019306543785250444,0.007751969640620806
2017-10-12,-0.0014911314529533343,-0.0018252478175945738,0.0008140547013934963,0.00425089243455567,-0.012627668475722357
2017-10-13,0.0012166686525526542,0.0038498004379141503,0.007539254296557061,0.007176631250191444,0.01359247598931543
2017-10-16,0.0013326932280261863,0.0034320458731934072,-0.006888462515220647,-0.0007151005940695187,0.00864145107804745
2017-10-17,0.0007049337064255396,0.001275778269189082,-0.00685440441719968,0.0012715330963945627,0.0028639383054405946
2017-10-18,0.0009776702523932616,-0.001208403019564689,-0.0037735819439875884,-0.006613596002568647,-0.000953765375999943
2017-10-19,0.00027384146499074126,-0.0037019424927811117,0.005900215657301747,0.0017575401753650967,-0.012482078644799628
2017-10-20,0.005147207908314688,0.0026935518160835074,-0.006393454395473306,-0.010670891430629754,0.007699741703747836
2017-10-23,-0.0038967830309897815,-0.006543805562246661,0.0015611723194451613,0.0017734195861410175,-0.0009592546250069779
2017-10-24,0.0017554623820319622,0.001690743779376388,-0.0038662591759729935,-0.006219229269321676,0.011450495846862216
2017-10-25,-0.004962332683166129,-0.0037915506343080317,0.0001647984431065092,-0.004790997542467068,-0.005708904280803422
2017-10-26,0.001291554871230689,-0.0031931355738647996,-0.008440935931399107,-0.0033435943620755437,0.00855113579710948
2017-10-27,0.008143212112417511,0.0287074725748644,0.004725786574733635,0.006593694989099573,0.025223239077608813
2017-10-30,-0.003732272197471827,0.002245917261064873,0.0019005561122996506,0.009529697669384666,0.0027636805171009212
2017-10-31,0.0015566764192496802,0.0037531101930272427,-0.0038047944426043163,0.000321439889710345,0.005504639504403548
2017-11-01,0.0013212994866166421,-0.00032857334017990825,0.003639696661163179,0.004442795454242296,-0.0027485758715035573
2017-11-02,0.000388345317733907,-0.0019086019756641241,0.0006603535530684753,0.004398646042771535,0.008222993351282392
2017-11-03,0.003333153271689243,0.009571488500326523,-0.004714451332297365,0.002710202115105572,0.017140747434377136
2017-11-06,0.0015465124006882422,0.0033867361349394763,0.008502950979343818,0.0037338776567453435,0.029089747595733306
2017-11-07,-0.0006953205760862244,0.0005850678325371581,-0.0036235108435323914,0.0041940018087668835,-0.0017391706786934317
2017-11-08,0.0016992018125217005,0.0040212158582844364,0.003459056119704665,-0.002213784586245081,-0.0069869214397618035
2017-11-09,-0.0036341132383846697,-0.005256737429382391,0.004102401645100611,-0.002853160053671576,0.004372564114487326
2017-11-10,-0.00031023680168902276,-6.494254373604889e-05,-0.008221702339946372,-0.015193408732402087,-0.003496503706704725
2017-11-13,0.0009294750529231519,0.00123539184470819,0.001484906303430995,0.0020923641798720823,-0.003508772154090454
2017-11-14,-0.002325173933348896,-0.003645765409458425,0.002058715307154061,0.006731981973108554,-0.022213263184848175
2017-11-15,-0.00501781700722326,-0.004707738996930879,-0.0012346702455872252,0.010803655184294183,-0.0036003604483283115
2017-11-16,0.008464949570672132,0.01269868149707693,-8.238652462762423e-05,-0.00872903110381941,-0.0018050959686040718
2017-11-17,-0.0029428170022085015,-0.0038249272625046305,0.011954609509226865,0.007385085082948832,0.02497905838435463
2017-11-20,0.0017048734010609305,-0.0007798463591092226,-0.012696268046166,-0.00039571325857522445,-0.006186555139932828
2017-11-21,0.006521298116816977,0.010797670854872207,0.001647348843739489,0.0031611759640948504,0.010582099541047003
2017-11-22,-0.0008847989941900388,0.0012209411107215727,0.009175087875407823,0.0032299484129395717,0.017391809059446962
2017-11-24,0.0023068894674555074,0.003654111255627139,-0.002531110250715074,-0.002756686706774874,0.016246580316103782
2017-11-27,-0.0004991363206501636,-0.00044772357709608747,0.004160741332319787,-0.0014204575788839546,-0.017109040796605
2017-11-28,0.010093545122639781,0.002557728388005484,-0.00016287471547656875,0.001341737537418562,-0.000863204960712723
2017-11-29,-0.0006087396707808063,-0.01758778814401455,-0.006289558392421399,-0.00990781817710308,-0.00954451113451791
2017-11-30,0.008716865007839471,0.00834895770468702,-0.007732229391441411,-0.0033510540102776516,0.0
2017-12-01,-0.0020776848855050337,-0.004262614976021708,0.0040380612309282235,0.013404125492360527,0.017286498414170112
2017-12-04,-0.0012107220397483973,-0.01158890324975411,-0.003377653154607993,0.0004739310463939826,-0.015544380895503567
2017-12-05,-0.0036030177503912726,0.0006547321971743093,-0.007122188370048705,0.004963797176076048,0.00434218583374921
2017-12-06,0.00018988664832999454,0.004505406539171556,-0.002079954164184071,0.0034522923526822584,-0.029905496503173076
2017-12-07,0.0031480136510969444,0.0033815647265051513,-0.013246352701112138,-0.007863286845204768,0.011540307034965516
2017-12-08,0.005438344908679233,0.004405159343822357,-8.435250698713456e-05,7.932090833244483e-05,0.0140230036344584
2017-12-11,0.0030085791508667214,0.007727284328416192,-0.003974813553107255,-0.0020548225934761298,0.009528059057065486
2017-12-12,0.0017631991149248986,-0.0013479145365231043,0.0011856318079055527,-0.00039532205330563723,-0.013889181725769742
2017-12-13,-0.0001123765406377232,0.0019251695857732203,0.008596013189973923,0.007488815556141228,-0.009661880965754027
2017-12-14,-0.004094430609065588,-0.0007056137493154761,-0.00201594243248492,0.004232205922055766,0.008787436200146409
2017-12-15,0.00829282353959832,0.011291152714244416,0.00209987057429634,0.003746399870792335,0.0026212101090374827
2017-12-18,0.006321138659074974,0.008349109900725135,0.004604277886820867,-0.009156803388227483,-0.001746765343429887
2017-12-19,-0.0038478529059896046,-0.0059431844816636645,0.0007513783425439744,-0.013059078157880875,0.006100293347397709
2017-12-20,-0.0005240307722656503,-0.0010784410656055434,0.0026671102328525206,-0.011134879250863323,0.008650523519235261
2017-12-21,0.002057648078527435,0.0001266469734702988,0.0014140004111242409,0.0058114276660811365,0.002580705659870472
2017-12-22,-0.0002618069423288318,-0.0011430632573064916,0.005222850279184027,0.0013631339476264644,0.0017166960375328724
2017-12-26,-0.001196934065105613,-0.005415545291253866,0.006839416919106776,0.002961983090887357,0.024567094580536828
2017-12-27,0.00048652682305477894,0.0001273611820179916,0.003770551302149118,0.012941030847050812,-0.0025135943787406964
2017-12-28,0.0020552234847121564,0.001213184627383814,0.0050595432932777126,-0.0008682541872521854,0.0041858738403504495
2017-12-29,-0.003777438253093455,-0.006208574289407887,0.006490919761210391,0.0015772185858263562,0.003336113271444082
2018-01-02,0.007131975765888582,0.017375565777393617,0.012058023762451863,-0.010857492126271899,0.004983354676116995
2018-01-03,0.006304909611441995,0.009669644918511714,-0.0026403330092135157,0.0047694662499027886,0.022123021016935106
2018-01-04,0.004206019069473912,0.0017480698638093163,0.005114278310262769,-0.00015829449681692529,0.0024281463103586875
2018-01-05,0.006641916067395559,0.009993450199536387,-0.0010367021379345971,-0.002859712163005334,-0.004862202869080574
2018-01-08,0.0018268176811451265,0.0038829726590266854,-0.0001596255390368383,-0.0006364056705457806,0.005670302216639084
2018-01-09,0.0022608593787274067,6.136988389381941e-05,-0.004639219643041699,-0.01346270925599713,0.015230721823584821
2018-01-10,-0.0015305965103253791,-0.0023402722032844995,0.002402270692406848,-0.0012110917667574597,0.008712974752519325
2018-01-11,0.007269229707613867,0.006820692212025537,0.003273877321212141,0.00411095850742717,0.0015760053694822962
2018-01-12,0.006498325698866742,0.007322132533767678,0.012044492942167013,0.001687856957469206,0.013297034269914658
2018-01-16,-0.003424442154765498,-0.0028610093756422264,0.001652690627169873,0.004167279638166918,-0.008583716861875547
2018-01-17,0.00948641410001135,0.010733379058372794,-0.008132363237354166,-0.0013604221533188472,0.001566132201023957
2018-01-18,-0.0016821320191176823,0.00018069526318004338,-0.002222213448585594,-0.009333111368550077,-0.001566132201023956
2018-01-19,0.004539270346606587,0.0031310729733962147,0.0044394996120163946,-0.005267840119938096,-0.00313971694928459
2018-01-22,0.008097872061342703,0.010644194016551922,0.0018177059354296304,0.0009744195303174897,0.004705849150308553
2018-01-23,0.002120487623939888,0.008233802434696574,0.004961985943158681,0.004293420589620569,0.014757590861425777
2018-01-24,-0.0003887520669004693,-0.006510255348404213,0.012104345577545294,-0.005430586288216452,0.019091835705849852
2018-01-25,0.00042360043508925114,-0.00035624667233011287,-0.006697849027902464,0.00817551377345049,-0.012176698644190817
2018-01-26,0.011512079056914213,0.015208826577223661,0.0007811756386790387,-0.003715406682520128,0.013688377243514108
2018-01-29,-0.006652398067090007,-0.004867361096533211,-0.005637857183470335,-0.0069828528798082596,-0.009867261633959491
2018-01-30,-0.010310145016699563,-0.008264541693961949,-0.00432812337307631,-0.0058836400321249805,-0.016147989791425465
2018-01-31,0.0004969503460295056,0.004140285397778579,0.00668108957049156,0.005883640032124988,0.0061823942127670105
2018-02-01,-0.0011361702369380668,-0.008536390944996267,0.0032848909860550284,-0.014598793588467588,0.019832857212617874
2018-02-02,-0.022010327344195085,-0.02014707956479739,-0.013204686797240324,-0.009322001829230061,-0.015220979648588807
2018-02-05,-0.04272211593177611,-0.040224677832203536,0.0025286437555192493,0.009404662724544571,-0.02092284768187551
2018-02-06,0.019510649936843833,0.026153801604904835,-0.010551899645680993,-0.006232455220625976,-0.00549672744519776
2018-02-07,-0.005439582976966908,-0.013022634756026549,-0.004716772083453232,-0.00954852528986596,-0.026327801293144725
2018-02-08,-0.0382305861520555,-0.04311072810874719,0.001521419504394612,-0.0010946910382935938,-0.022895499905206302
2018-02-09,0.014909913828276134,0.01712184662978421,-0.0016817358427458674,-0.006338861451249006,-0.01920731262607807
2018-02-12,0.014577685082343438,0.017589857792802234,0.0047973715177869495,0.004399494274765475,0.002526374955983139
2018-02-13,0.0024844395189563113,0.005147954271115086,0.005647253596785232,0.004463670998294693,-0.0016835405972191399
2018-02-14,0.01340563838405818,0.018550684102264663,0.016908852519764518,-0.011154981387161811,0.025781088356846095
2018-02-15,0.012679581082416116,0.01839373782123021,0.0011691607653979673,0.0033934644537853046,0.012240023651351534
2018-02-16,0.00029279041374022114,-0.004475876711688303,-0.0032769459911664296,0.005405654772873912,0.004046965511881032
2018-02-20,-0.006280725394676176,0.0019985666207166367,-0.01353286775093791,-0.0043898815821554445,0.0008074468502502648
2018-02-21,-0.004986662858740412,-0.0028474352696162383,-0.004604964057785635,-0.012344291885045494,-0.00810380287667612
2018-02-22,0.0012952162849208953,-0.00012115814883804154,0.005080177401414198,0.0029938154265891446,0.024116939701984655
2018-02-23,0.015813655851767472,0.020242533689057006,-0.0012676571223932977,0.008842842200743458,0.014195845715225475
2018-02-26,0.011545310197641453,0.013173018800668786,0.0024545525850457493,0.0003384514693643178,0.0070229862212745405
2018-02-27,-0.012564921324018825,-0.01245998586925485,-0.01049377405473232,-0.0014394575198462167,-0.016464507094705302
2018-02-28,-0.010181973739112822,-0.006438179616817265,-0.0010394376248336417,0.006335647370254452,-0.02238300786491175
2018-03-01,-0.014647356025110593,-0.0164610518925817,-0.0022425027652310265,0.006803426229942253,-0.0016180831906849947
2018-03-02,0.005141823023399552,0.009138362539836867,0.005357640797750738,-0.008162932989052603,0.001618083190685105
2018-03-05,0.01149137783497044,0.011023898441748352,-0.0016761714003699012,-0.002707566481919997,0.017628683023116994
2018-03-06,0.002531934071359011,0.004221661571701279,0.010726720619181963,0.0009315966865320656,-0.001589861851973794
2018-03-07,-0.00036637360904261395,0.002311114848105144,-0.006422202914569186,-0.001101078653354185,-0.017656904361828183
2018-03-08,0.004827183116036697,0.00549008402177108,-0.002389131123572725,0.005745924919623975,-0.016326955572350796
2018-03-09,0.01725292441814707,0.019241661307168766,0.000956349666608725,-0.006593272504995465,0.0259966427157707
2018-03-12,-0.0012559146661045367,0.005298652918111217,0.0,0.005750209491921882,-0.00805160395273499
2018-03-13,-0.006483718218618805,-0.01370784634709168,0.001909899228192024,0.005046692085765628,-0.010564918768224007
2018-03-14,-0.005144957690302445,-0.0001745903794998622,-0.0006362480921954514,0.00877086604513191,0.003262642589295396
2018-03-15,-0.0010903589975600847,-0.0008741610658314334,-0.006384661969759812,0.0,0.00487412986856986
2018-03-16,0.0010838561219157826,-0.0029777634632241635,-0.002404835241203122,-0.003582875150355746,0.016874649933240952
2018-03-19,-0.013622559384410643,-0.021566844010195905,0.0021646240154515875,-0.0031761965676333683,0.0
2018-03-20,0.001699122637673776,0.003285717193677857,-0.0044947919586221805,-0.00402748110913708,0.02050546788981583
2018-03-21,-0.001920910225410061,-0.004363405868913953,0.017305793278473782,0.0010924635771138972,0.02847440356321501
2018-03-22,-0.025314978194339952,-0.02499232168891503,-0.0039610286020946425,0.009860508840949078,-0.017604778811834868
2018-03-23,-0.021544960308665644,-0.026704952583119463,0.01285555168848731,-0.0007485415746314646,0.025163350523710593
2018-03-26,0.026991391446130844,0.03648493089713857,0.005236622780197456,-0.003835689244354935,-0.005285002518728045
2018-03-27,-0.01715816673843184,-0.03289502135517102,-0.006177451915059426,0.010635902834455237,-0.009889781225786246
2018-03-28,-0.0029593028274612827,-0.011570839355008732,-0.013901136089334711,0.002641333905507169,-0.003062786623056672
2018-03-29,0.012696710223219242,0.0181496850993121,0.0004770798243684067,0.004852052892689212,0.003827038005511924
2018-04-02,-0.02182101952666835,-0.029276496796023,0.011618397461991309,0.0019707646454222064,-0.027101959400227405
2018-04-03,0.012735739653580403,0.011190658797659759,-0.007572201071777906,-0.007742459081083844,0.005479516487195603
2018-04-04,0.010642143939294767,0.01564698244540381,0.0011868954626523271,-0.0020693849711495493,0.0007802790222550478
2018-04-05,0.007861179251539304,0.005680770265622913,-0.005153580456721192,-0.007484993334895377,0.0007797449931570477
2018-04-06,-0.022537855528549398,-0.025341871573906053,0.004678991304776214,0.010877001020115606,-0.02525782990628811
2018-04-09,0.004916220290654709,0.006998204416641642,0.0033963960355940744,0.0016497852902843855,0.020570363116520444
2018-04-10,0.015775312695466955,0.021823261391711996,0.002362787969159305,-0.001815417025319889,0.03689884654098108
2018-04-11,-0.0052562350502659404,-0.005785455204723128,0.007757730797944395,0.0035452171087739805,0.014981539434586074
2018-04-12,0.008193419066445336,0.011969414836504016,-0.011698777825105302,-0.007351189098039101,0.005191012606259984
2018-04-13,-0.0029371840161793827,-0.005191852957954283,0.00653361006986455,0.0023185319685855538,0.0022164569290063604
2018-04-16,0.008188135321188405,0.00759341822000118,0.0014113245973423145,0.0003304490416442941,-0.01262549814886826
2018-04-17,0.01064148736762956,0.021296628981729366,0.000939797609092718,0.002724798523443977,0.002239622661707458
2018-04-18,0.0007400772112435533,0.0020448775876196375,0.0007824607184664891,-0.008030439679586823,0.03444827740875869
2018-04-19,-0.005562913609774091,-0.009234912962129572,-0.001957330849889553,-0.008179450329879316,-0.007956617339569183
2018-04-20,-0.00851573896550634,-0.015953523257230588,-0.007630932179695003,-0.007233642324076868,-0.0014535218715317525
2018-04-23,-0.0001498099958146246,-0.0025295439053953732,-0.008007927882251395,0.00025274728056586573,0.012287836274580221
2018-04-24,-0.013558856649731423,-0.02141475365949146,0.004844167468111396,-0.004567948571500084,-0.017391725884585242
2018-04-25,0.002468614892742109,0.0011983791604897103,-0.006517267321502421,-0.006719754109896774,0.002919707257905131
2018-04-26,0.01011440172639988,0.020834287650449253,-0.0035146807713917604,0.006974168304136314,0.0036377042236317267
2018-04-27,0.0009383677885379599,0.000617035235864124,0.0042320403061771,0.007683619984864613,-0.0029091595446315436
2018-04-30,-0.007720447152910392,-0.00712029617226281,-0.00727744165435215,0.0017645902874975626,0.005085419545045134
2018-05-01,0.001775395850804216,0.011367928839306547,-0.007088207443339079,-0.0036075475353231487,-0.013863814546923373
2018-05-02,-0.006740396744398053,-0.005915019425952503,-0.00048510316641562344,-0.001098461522161744,0.004398864879378146
2018-05-03,-0.0022060424644204137,-0.00012290626801636032,0.005082068394914099,0.004470888514470915,0.010913139940359216
2018-05-04,0.012863363433756925,0.018796117442292253,0.0020898820929316714,0.0015135041559165827,0.0193485404827656
2018-05-07,0.0033775410865027698,0.008274941415585699,0.00024084765259023235,-0.0015975240035017264,0.000709487698607074
2018-05-08,0.0,-0.0010230976422475268,0.0001605124693187213,-0.0009263112550889373,-0.0028409082114788237
2018-05-09,0.009619333967261548,0.01083976850258332,-0.0020889812252642393,-0.006000788202543957,0.021808775899822393
2018-05-10,0.009307191910989103,0.010311444297217044,0.006813368242228986,0.008020674184283457,0.002779707295346711
2018-05-11,0.003046680469721358,-0.000943924630526532,-0.0014389666321499815,0.0025191537899297532,-0.01116549270774328
2018-05-14,0.00047624887301045367,0.0017098168719327804,-0.004088363068462751,-0.00529827251849874,0.009081453536580257
2018-05-15,-0.006910729508018318,-0.011136761198667066,-0.01627759547639607,-0.011447589602135287,0.0013898198397616184
2018-05-16,0.004196348968006506,0.006590574425313854,-0.0015524980696371136,-0.0038453365093094943,0.0041580392777204826
2018-05-17,-0.0008452066297205953,-0.0038542840135871084,0.0005722435830601718,-0.0050645748817284035,0.0020725211680213654
2018-05-18,-0.002503035949583524,-0.0051819923485249084,0.00040857173330558584,0.008568575547472984,-0.004149346602261197
2018-05-21,0.007490200350682399,0.005597996720037773,0.0005716827532715196,0.0005119189236187685,0.016495203421086246
2018-05-22,-0.0027837830157871985,-0.001307273777846488,-0.0005716827532715781,-0.0015362138360441242,-0.007526525767200488
2018-05-23,0.0027473695473721063,0.00840783493425002,0.0010614187645907496,0.007232768611784106,-0.0034399889181960163
2018-05-24,-0.0020507921340639163,-0.0002949985900079317,0.00853209120176816,0.007939012627151099,-0.015278093397882915
2018-05-25,-0.0023854720339373066,0.0010026782714952704,-0.0030793967645780895,0.00620513653663739,-0.043625054769713574
2018-05-29,-0.011567615432978809,-0.004428998997738182,-0.00016231041385140818,0.021666273841412054,-0.012504765588807289
2018-05-30,0.013256510053607845,0.007135313193353489,0.001460093554238186,-0.006730712086588999,0.023409971246344773
2018-05-31,-0.006144926957784073,-0.0006464446832786646,-0.0021909715513726826,-0.0016483477587514329,-0.02045357875802911
2018-06-01,0.009770093320141383,0.015577484123124739,-0.004967644235411668,-0.005297689528098883,-0.02238900896985221
2018-06-04,0.004740008163327239,0.008990051938478806,-0.0009801121170805289,-0.007257569419588217,-0.009859777638919251
2018-06-05,0.0007274646347532116,0.003093425178395703,0.003914822104047846,0.002340947297193166,0.007593079829079083
2018-06-06,0.008325530367136564,0.005816891284982476,0.0005696358194504353,-0.008135638148690755,-0.004548940320044491
2018-06-07,-0.0001078444546995987,-0.008164519564423385,-0.00048822166232812176,0.009638470501810647,0.014334499118422729
2018-06-08,0.00295172290882066,5.746658073159203e-05,0.0012201695433653895,-0.0030070402634513782,-0.006010530580521792
2018-06-11,0.0013294558981906672,0.0026905875982183736,0.0017868849442264543,-0.001842801136465684,0.006759259570440785
2018-06-12,0.0012915687385074415,0.005246088507198441,-0.003332688774722517,0.0002517515776527436,0.0029895360782869885
2018-06-13,-0.0031964386873737202,-5.682924912383652e-05,0.003008032375587246,-0.0005028398366557377,0.0052103317572621734
2018-06-14,0.002514902477068552,0.010072771438540984,0.0015411027282310494,0.008265217290158835,0.003705094226839636
2018-06-15,-0.0012766539409412617,-0.0034968437465863556,-0.016672509186741884,0.0009145903319549509,-0.03538195608867654
2018-06-18,-0.002058617808087526,-0.0005778424593426605,-0.0018972637609840908,-0.0009145903319549474,0.018223721470401768
2018-06-19,-0.0038406292605371274,-0.0028368485144291016,-0.0025629178089954913,0.005803514445360953,-0.01135083067027462
2018-06-20,0.0017045765859795736,0.00707713396079182,-0.004480227388754277,-0.008800960032611974,0.01059808475616872
2018-06-21,-0.006288418365695738,-0.00872631258720829,-0.001747735286870753,0.00523992792696535,0.0022565399927470383
2018-06-22,0.0018216814580853122,-0.002222101063815752,0.0024126912728642744,-8.278179434902519e-05,0.05196925032376133
2018-06-25,-0.013706290983464616,-0.02278794096657321,-0.003746388732216758,0.0022374106943664823,-0.01799256827309263
2018-06-26,0.0022114800681914803,0.004076605327676217,-0.0052686490212924385,0.0014064032056291228,0.03566711758337602
2018-06-27,-0.008318916990739675,-0.01369247228444125,-0.005718147886605,0.009379604273626097,0.026280845856698796
2018-06-28,0.005701237781303561,0.008565133125199416,-0.0030405479988212347,0.0002455064272435955,0.014232706761606595
2018-06-29,0.0014385734642095708,0.002683464286843215,0.0036306900201949913,-0.0034440904276998594,0.013369234048948237
2018-07-02,0.002135793502095918,0.006677138672094099,-0.010080153442110952,-0.0007829542613975027,-0.006662275138479282
2018-07-03,-0.0035374040353813607,-0.011641253836453478,0.010080153442110855,0.005342223977315307,-0.0026773752071124826
2018-07-05,0.008124872534999522,0.012335835634291017,0.0033656028250155126,0.0028649134091203645,-0.009427702435996383
2018-07-06,0.008422262204221976,0.015436060067185035,-0.0015972634935637394,0.003263742919546968,0.01210507764310889
2018-07-09,0.008964141717155453,0.008957278044683832,0.002436881277559937,-0.006456618493454977,0.0046682109022325455
2018-07-10,0.0035923825679666107,0.0007333384809681188,-0.0018481290459546572,-8.186945073579142e-05,0.0026578063893595454
2018-07-11,-0.0073415635536467645,-0.005088544703771002,-0.010905978807671088,0.003846210313904874,-0.051747369496176095
2018-07-12,0.009025130286645906,0.01708496528630006,0.004156581212429495,-8.085530155348273e-05,0.005574921866024205
2018-07-13,0.0007871570665699073,0.0008356340434402334,-0.004411618657356081,0.0025288505668329226,0.005544014339650492
2018-07-16,-0.0008944409283265819,-0.002397163860977802,-0.0005102701051306204,-0.004164865791872945,-0.03731518386660395
2018-07-17,0.004037133415951314,0.006064914648905364,-0.01086273575472535,-0.0018836727599168329,0.0007171193638754296
2018-07-18,0.0021013871088055875,-0.0018879187358059571,0.00025795416772476286,-0.004025095345641345,0.010695329844088138
2018-07-19,-0.0037789606286887417,-0.005014367304485309,-0.004308123245285948,0.006318042556358777,0.00212538035686825
2018-07-20,-0.001143158229009044,-0.0002236028965397779,0.006455244826308788,-0.012344289701393753,0.001414392334674109
2018-07-23,0.001857445753603661,0.003179730659392191,-0.004815949835095169,-0.012415909235793362,-0.004249260390149581
2018-07-24,0.005019560032731582,0.004112696686167317,0.00034477603659500224,0.003431555469070513,0.009887043192739068
2018-07-25,0.008486317192193994,0.013879802342181172,0.00550018047205447,-0.001588678850134696,0.01326375721480062
2018-07-26,-0.002362030618540795,-0.015267549144886795,-0.00782971239395345,-0.0019262703254666793,0.0034614219497075935
2018-07-27,-0.006799047788157065,-0.013587972506254547,0.0005181795313148685,0.0016752419907227717,-0.010420418876011401
2018-07-30,-0.005237106964507014,-0.0142321214783395,-0.00155521288098982,-0.0034381273686493433,0.015246329260443565
2018-07-31,0.004917198503495131,0.007622942751673452,0.0029355602050311473,0.0054454749210142775,-0.018043531269843465
2018-08-01,-0.0016723796547695575,0.0037902438154007656,-0.007355188129704966,-0.008180263193071,-0.013394601471836088
2018-08-02,0.005433079836216624,0.013514732735607961,-0.0053993230298752665,0.0014339604496584506,0.018981202971702433
2018-08-03,0.004275444079734117,0.003058649097911576,0.0034867672609534624,0.004961031213464698,-0.006287076144319735
2018-08-06,0.0036605444276805853,0.005869311498606691,-0.0051471986083892985,0.0005872462885380105,0.0027991593241903
2018-08-07,0.003296994737746073,0.003636827561461168,0.0022714889105877236,-0.005211378033325626,0.003487916820129422
2018-08-08,-0.0004202920285609708,0.001209548376258619,0.002788736658924094,0.0010106636567176557,-0.03255772701902733
2018-08-09,-0.001367306359521825,-0.0006046795746569384,-0.001480564583197746,0.008383216209743187,-0.001439849369099329
2018-08-10,-0.006722710622744746,-0.007670397485476179,-0.00043582289228197795,0.007236405297948217,0.014306381987610884
2018-08-13,-0.0037506390252740663,-0.0011082981098060455,-0.015199092023381669,-0.002074025687050107,-0.0049839686253435895
2018-08-14,0.006360905956882778,0.0062469513499062825,0.000973327608104041,-0.0022451218627449966,-0.0014286043689473718
2018-08-15,-0.007495610770712234,-0.012310356794886426,-0.01676662157593087,0.005809980593987527,-0.034912603403233364
2018-08-16,0.00805897836554088,0.0032863814261682475,-0.0008097887609235239,-8.284071940299807e-05,0.008843085190925554
2018-08-17,0.003513890050388359,0.00022274945140178957,0.009228205066865695,0.0012406227289708117,0.004392354544334278
2018-08-20,0.002137932819275286,-0.0008904021847894765,0.0049818196508907165,0.006673084338322095,0.005100240490023977
2018-08-21,0.0023426068677509728,0.0036663634451753893,0.0029240568705197916,-0.003372367442370721,0.005074291021060895
2018-08-22,-0.0005939902761690407,0.003873356419222696,0.0022095550764809732,0.0039471465257691915,0.03131932340737553
2018-08-23,-0.0013284525730574727,-0.0014370640156200823,-0.009491353686729712,0.0015577892202404931,0.0
2018-08-24,0.005999974530909187,0.009249310118331439,0.017318039357995908,0.0019644901546955994,0.011149930366993726
2018-08-27,0.007864682713850695,0.010141486824910841,0.0037595032326643405,-0.0057407354148320345,0.0048392554920467425
2018-08-28,0.00048292637429324945,0.0014633229139294802,-0.007973022006627225,-0.006021687203346884,-0.0048392554920467365
2018-08-29,0.005366153215377715,0.011471853538902435,0.00456378402562542,0.0013228738970100739,0.015813292115572503
2018-08-30,-0.004056493525989998,-0.0017686144302976573,-0.004915718883921236,0.002146596881120601,0.00612039673577441
2018-08-31,3.478839248241871e-05,0.0012864969707498135,-0.0011445940280616581,-0.0023118010161635827,-0.002715545579214714
2018-09-04,-0.0017240150186320115,-0.004295120884685983,-0.005122797149080111,-0.005798290638203853,-0.008876815858883008
2018-09-05,-0.002694997453005867,-0.01299804813482858,0.003447511831347845,-0.002669749918138182,-0.00619198081098808
2018-09-06,-0.0030144876556251914,-0.008979819969560574,0.0019395335367870974,0.0036687131189207167,-0.013199189932779291
2018-09-07,-0.0019451043395075297,-0.0038576128756747006,-0.0027340278330774677,-0.00852557575749145,-0.0013996123920222256
2018-09-10,0.0017362936585280926,0.0033626840311354062,-0.000706792407982718,0.0036869420546832015,-0.004913993418416377
2018-09-11,0.0032920467567371507,0.007674474795976701,0.0006184538252070439,-0.007640085337065873,0.027075610048828493
2018-09-12,0.00024263877596363294,-0.0029533594898350267,0.008355710260063364,0.002356789665889091,0.012253342610799795
2018-09-13,0.005896823013235813,0.010623941283269189,-0.0035975648169408914,0.001512432322090742,-0.019816156916410543
2018-09-14,0.00017219096933493983,-0.0029306718004457584,-0.006526220333751069,-0.004796564937188816,0.0006899088897855585
2018-09-17,-0.005308630467402981,-0.014508018837984896,0.005206771454576303,0.0,-0.0020710903291757342
2018-09-18,0.0054118360311156384,0.008237725270015568,-0.001497451648772046,-0.010514704736414944,0.015089402523647018
2018-09-19,0.0010644928603633181,-0.0007657633794757054,0.0038711539862427546,-0.005985293884419495,0.01687518999687701
2018-09-20,0.008071829602220054,0.010995431682933147,0.003418801489789763,0.004620194973298708,-0.009414957960316982
2018-09-21,-0.000914080389247533,-0.0054825160802327005,-0.006849331291438649,-0.00042668991783037204,0.010752781438702515
2018-09-24,-0.00332743128162285,0.002777306816601729,-0.00017621292913996446,-0.0025650347187920392,0.01919952795715822
2018-09-25,-0.0009287068681860082,0.0013585240357995602,0.0015850681638403528,-0.0010282033191690353,0.0013106461550945368
2018-09-26,-0.002996657628062197,0.0007059682010668101,-0.005293338005935254,0.007003380211670199,-0.010533395645426175
2018-09-27,0.0027903447604773614,0.008429866277472381,-0.008884998236125718,0.0006806677089425119,0.009878287292031359
2018-09-28,0.00010339781030112963,-0.00021511909521096227,0.006316457708228832,-0.002640202696348209,0.01689450339503385
2018-10-01,0.003467895896952409,0.0020431428166701945,-0.0016864375351173554,-0.00736801693950685,0.027329273022400714
2018-10-02,-0.000582620604353387,-0.0022583944805577402,0.011482223287118152,0.0060938579831380894,-0.005028289945385187
2018-10-03,0.000548275170681288,0.0010760538547754498,-0.003959744500981412,-0.01752383375406376,0.013145731679002301
2018-10-04,-0.007846422759849325,-0.019385270088553046,0.0005289130805077395,-0.0070792187654843495,-0.021371030558327512
2018-10-05,-0.0056128794762610075,-0.012302635749733865,0.0028159089867124108,-0.008632054235798063,-0.003181688447116443
2018-10-08,0.0,-0.006124714713662849,-0.01113382636882134,-0.0033670491249541447,-0.0006375056157254043
2018-10-09,-0.0014600454219849722,0.0032338165020114025,0.0005329800140063239,0.010068164777686201,0.008888908664000524
2018-10-10,-0.032175126240514565,-0.044975621717000674,0.0024835810584159217,-0.0027279958005641354,-0.02820697153061344
2018-10-11,-0.022273165445773725,-0.012480854323244249,0.02536654489487655,0.012086638825313049,-0.02835668443987925
2018-10-12,0.013793249597598974,0.027450111997292314,-0.0047616679491750925,-0.003488749396821666,0.01130707610403272
2018-10-15,-0.0056326961526703915,-0.012178025191002662,0.006660030947980057,-0.0004367943004776725,0.0006611721815625741
2018-10-16,0.021630018667776384,0.02867696840407144,-0.0017255996137758734,0.0022699656078112086,0.003957753619039446
2018-10-17,0.0001782187944788404,0.0003950346841456651,-8.637796161603928e-05,-0.005946773878181947,-0.024659689707362514
2018-10-18,-0.014546205556825904,-0.023455238115042402,0.001122068685606197,-0.00035139683112908924,-0.017699527687415072
2018-10-19,-0.0005428377021601903,-0.0009241204836289308,0.0007761304849288288,-0.0021963459845547027,0.010929059852906467
2018-10-22,-0.004498564627242473,0.005130694177450042,-0.0025893597255195024,-0.0013198914603970758,0.0013577397919764238
2018-10-23,-0.005104129901341075,-0.003687252371171044,0.005859562733875961,0.003165136039766919,-0.04865447535260629
2018-10-24,-0.03076692253858169,-0.04684695399882246,0.0023171370069294235,0.0075208568613966435,0.00071201347454566
2018-10-25,0.017781298308258753,0.03401039233621697,-0.002231204310531111,-0.0041906524562588835,0.011323535438335522
2018-10-26,-0.017743923460647588,-0.026058266842248063,0.0031736109331066205,0.006018793695274382,0.008409291722483735
2018-10-29,-0.005555571645748527,-0.02079554038766261,-0.003947139978932246,-0.0022641714479608834,-0.015471494983161485
2018-10-30,0.014709782885463872,0.016345394702565,-0.004394427867848238,-0.0049802321545359685,-0.005685866451180081
2018-10-31,0.010624028359687869,0.023233238399914494,-0.005628951974666692,-0.005093565883789985,-0.017254186042734772
2018-11-01,0.010585862965212698,0.013104447198171998,0.01277086763550299,0.0009258669575280615,-0.024221361988251786
2018-11-02,-0.005940571788304563,-0.01569881551121607,0.0001715043948444399,-0.012510647085354707,-0.011206663117237324
2018-11-05,0.005501760869741031,-0.0024826336252325486,-0.0024032178261357497,0.003921240228811734,-0.0007516143647683416
2018-11-06,0.006307882915972343,0.007547172827827258,-0.0028398265791741537,-0.0006230679958563558,-0.009063497339854447
2018-11-07,0.021182934669552,0.030885642737887672,-8.61993040877103e-05,0.00133427171034521,-0.009146396250620461
2018-11-08,-0.001816820207299046,-0.006399273729163902,-0.002156939731312277,-8.903149732067426e-05,-0.016988845832593042
2018-11-09,-0.009815997081576756,-0.016995823038325027,-0.011291663536045476,0.007438632809109605,-0.010963331699554855
2018-11-12,-0.018861811083272704,-0.030726016762749955,-0.007188596482678694,0.006506819221884891,-0.017474652184552738
2018-11-13,-0.0018728142802391004,0.0008414162988192469,0.00035180582721631255,-0.0006136368325885318,-0.06539358667287812
2018-11-14,-0.00686036490047043,-0.0076585040710271815,0.008233404279792808,0.0006136368325885593,0.02199752282782176
2018-11-15,0.010382640049283597,0.01734279044505416,0.0011333182475063862,-0.00043835709540863326,0.002507292060202268
2018-11-16,0.00259693883063208,-0.0035162057996697437,0.0073788789662288,0.005770881764960837,0.007484455348968449
2018-11-19,-0.017058788134449207,-0.0330166470309494,0.0004323180677422659,0.0027862011290823805,0.005782804086030959
2018-11-20,-0.01867968517715778,-0.018056760745864098,0.0,0.00034748166779594204,-0.07436144524206605
2018-11-21,0.003401870909958611,0.007573690183102857,0.001641277459165005,-0.00034748166779597695,0.021940326334595563
2018-11-23,-0.006701231296359803,-0.0072592620206767475,-0.0007771357154266267,0.0010430753976421018,-0.061764641035960646
2018-11-26,0.01601529149508196,0.022850754765772724,-0.0011235233509469095,-0.0022611247443707835,0.010105704669432584
2018-11-27,0.0033588950124250993,0.0033706146125845188,-0.005984687209490756,0.0011311186629654948,0.0009136802061545243
2018-11-28,0.022764474544549423,0.031676272004128724,0.0037337803634568288,-0.004881466808391197,-0.026841034420163338
2018-11-29,-0.0021878539253295387,-0.0032655382579087205,0.003115272664463216,0.003924150078048466,0.019508286181337414
2018-11-30,0.006077210368890634,0.007229171067094296,-0.0017294794115241437,0.0037363479751730826,-0.012963176624406903
2018-12-03,0.01315410444513098,0.017325703922720107,0.007501675441848404,0.00707492190304279,0.0491008546890108
2018-12-04,-0.0329387942492874,-0.03911166163053964,0.006080599945141917,0.016602641681340735,-0.008017873646044447
2018-12-06,-0.0015183553196255273,0.007035399819638538,0.00017072178718187972,0.0031354115653708724,-0.021700736385888035
2018-12-07,-0.023510251790866816,-0.03357314237149848,0.008077219150826301,0.0018598028865946165,0.015419814111754002
2018-12-10,0.0018954010704593073,0.01041750647010088,-0.003477935715567025,0.004129626541481417,-0.03293981817572827
2018-12-11,0.00022717312186882425,0.0033063642079051883,-0.0011903699128753065,-0.00016836466371528917,0.018433684270128904
2018-12-12,0.005022605237102726,0.008762665865127384,0.00212467676965701,-0.004468050346082303,-0.01194319363025131
2018-12-13,-0.00033916841879210987,0.0003031120366839581,-0.0022097759847801487,-0.002368736564160038,0.035409995273460525
2018-12-14,-0.018637103978859045,-0.024650699193744637,-0.004007006751401737,0.0034661731744760893,-0.035409995273460525
2018-12-17,-0.019813672040054988,-0.022919819511581906,0.0068957425332182515,0.005807337594589293,-0.03479428505486952
2018-12-18,-0.0010969379406147132,0.006268732410154307,0.002372671007408459,0.005970591682706092,-0.06524050751278508
2018-12-19,-0.015089058024574446,-0.024860987415909815,-0.0061126025718981495,0.013124426133163163,0.023221688695820135
2018-12-20,-0.016411761339693055,-0.014602136586481183,0.015295836918707156,-0.0036376657593869778,-0.030397495397267903
2018-12-21,-0.020702739704644875,-0.03148358335590444,-0.0043704611932126065,-0.00016572036919869425,-0.015552472368380914
2018-12-24,-0.026778021292171005,-0.025110631692424442,0.01089057789030817,0.004957984688791402,-0.029694624856559212
2018-12-26,0.04928987200211379,0.06056701036379148,-0.003003949025405859,-0.010773593418164933,0.063596169888741
2018-12-27,0.007648170688065139,0.0038623715520808583,0.0075760760319352385,0.000166844770358183,-0.028690465826778176
2018-12-28,-0.0012909496656497647,-0.0005227512039049329,0.00405577569851946,0.008378509096842976,-0.00939956313517144
2018-12-31,0.008720764117768119,0.00839739811101779,0.0015682595209626012,0.003793193648483749,0.013548942782280192
2019-01-02,0.0010397194608406251,0.004011086279573128,0.000659591337713554,0.005253081877722631,0.019477861483309145
2019-01-03,-0.024151923044386223,-0.033215843032961184,0.00902531942317321,0.011315415877327812,0.010101038089280461
2019-01-04,0.03294683861799993,0.04189440108301302,-0.008119106827353381,-0.011643134881898044,0.0228525090991826
2019-01-07,0.007853763439054109,0.011835378284802299,0.0034525160778516237,-0.0029522900975552544,0.010747505038418521
2019-01-08,0.009351333925804417,0.009004931606873066,-0.0027117139907279018,-0.002631915950753418,0.020202711024708143
2019-01-09,0.004662648968838743,0.008115992015383655,0.006397649700215412,-0.0015655954394518138,0.05105518806135765
2019-01-10,0.0035215503582904165,0.0028563851100367435,-0.005904086348646563,-0.006454581067443535,0.004514697460094532
2019-01-11,0.00038615743990697715,-0.0036649172001806426,0.0017256811414605045,0.003894188754123499,-0.018182388447055147
2019-01-14,-0.006119745588462338,-0.008875958104308706,0.002378067354322114,-0.0037278747242157173,-0.01945406845412085
2019-01-15,0.011395574189418252,0.0193385878280351,-0.001721516103226458,-0.003658997093182987,0.028586587014616627
2019-01-16,0.0024170194404260575,-0.0001852413990097389,0.0031947551186356582,0.000999380205504648,0.005439761235844491
2019-01-17,0.007558100580726903,0.007853690945777295,-0.0013094038577051105,0.0002492947931711976,-0.0027162249781250676
2019-01-18,0.013221945869279182,0.009851621391466631,-0.008966489387798326,-0.005255262215753965,0.025068518173326417
2019-01-22,-0.013602257611410882,-0.02023361340248858,0.0035468368649853345,0.006751853206607281,-0.01694204869842973
2019-01-23,0.0020901212274049255,0.00129560172887199,-0.001400718491595256,-0.00041527191594176714,-0.006314833306151579
2019-01-24,0.0005312328591779747,0.006454809430058457,-0.0015678713054947328,0.006544708593229011,0.010801174686528798
2019-01-25,0.008425886504209095,0.011877520395482186,0.014511460180241248,-0.004800749173885806,0.0071365087390651135
2019-01-28,-0.0076289839660129075,-0.012428986550269461,0.0034938106026215594,-0.000996389439610995,-0.027028689806628467
2019-01-29,-0.0013281353973742134,-0.009486145548172968,0.005580978043920208,0.00505326494846643,0.018996504436613958
2019-01-30,0.01570681317056491,0.02511940498459182,0.00571038723811713,-0.0007439571843870533,0.02127737865777787
2019-01-31,0.008744151308004405,0.014857518141309464,0.0004810580433256342,0.008563535202484642,-0.004395544401114137
2019-02-01,0.0004817725380119166,-0.004230722080280293,-0.002006018726865743,-0.006058490911366391,0.024370198833642196
2019-02-04,0.007010672759820193,0.012344771940987024,-0.0043467903708823,-0.004474154539934928,-0.011240941001516383
2019-02-05,0.004182845080435914,0.008809548907053513,0.0025781491687657575,0.0045571754245035895,-0.01842966058646215
2019-02-06,-0.001319019122393051,-0.002986537823570642,-0.006781846869660204,0.0004955585249461092,0.002653671033303085
2019-02-07,-0.00957844948261222,-0.013520699788299687,0.0024273450059934865,0.006588149402257572,-0.022332326663321495
2019-02-08,0.0012206558880282063,0.0019600397637477055,0.0037911013463212333,0.004259420914913766,0.0009029552806786066
2019-02-11,0.0005543055661757891,-0.0009501675032805161,-0.004923141507008373,-0.003930913384981331,-0.006337702910273306
2019-02-12,0.012777844575284988,0.014677830596902211,0.0021013677593768472,-0.0025470685904136867,0.01353197175728539
2019-02-13,0.003241593409788392,0.0007024460723991719,-0.003963908091330056,-0.003791421579788086,0.01600036847491353
2019-02-14,-0.002220690183207298,0.001226927840409216,0.005577307519395154,0.005681910669547028,0.012270039261207146
2019-02-15,0.010838329985463404,0.0041966918144111885,0.005947180522780987,0.0015581981590727728,0.01983682985073146
2019-02-19,0.0017292258707378935,0.0019753022685465946,0.015109582852092532,0.0025388520860738077,0.005959974688193254
2019-02-20,0.002012820824820175,-0.00017441012083060643,-0.0017378437981699678,-0.0028659778257266273,0.012653106134899167
2019-02-21,-0.0035618818928536437,-0.0036640697007569115,-0.011370537714508503,-0.008979267005614255,-0.004199938122786487
2019-02-22,0.006181043087571028,0.0073728144682593455,0.0035920768439101198,0.0059402388263149735,0.005874938848870427
2019-02-25,0.0013600118019669997,0.0036372955256568883,-0.0010363715360958284,-0.002965903655164893,-0.03231574758733015
2019-02-26,-0.0007153754904564496,0.0010367887855705592,0.0016736332310031306,0.0049381417496666925,0.005172461541607656
2019-02-27,-0.0004297520929212057,-0.0006332863941188248,-0.00711234367844341,-0.011393700566094936,0.022109763206885617
2019-02-28,-0.0018646818173231941,-0.0023070935562998513,-0.005629776625606553,-0.00341080997298628,0.005033522838836801
2019-03-01,0.00622477962540496,0.006905007202131481,-0.017163968380321165,-0.009285472917048213,-0.024567094580536915
2019-03-04,-0.003644231782104061,0.00017199514918954322,-0.0026289836177431354,0.007806680579799014,0.011935379799684176
2019-03-05,-0.0013610851781128612,0.0007450927380623229,0.0013153870929188036,0.0020884381818376827,0.0016934385237675396
2019-03-06,-0.00607527418970438,-0.005688095351654062,-0.0009041270457165541,0.003664369253480256,-0.0059397455691899345
2019-03-07,-0.00840066906611739,-0.012348142379046584,-0.0008226265106167708,0.006464349224263488,0.0050934251497289345
2019-03-08,-0.00200205736026366,-0.0015177995878238443,0.010886084259377201,0.004204088370766459,-0.006797042099549453
2019-03-11,0.014397363455108465,0.020584802602867963,-0.004896357818091657,-0.0029656369573890003,0.011021740981275814
2019-03-12,0.0037635789804025014,0.005479117906975988,0.006035459879402026,0.006987855768717369,0.002526374955983139
2019-03-13,0.006597554694545148,0.007485169822757767,0.006968612448215201,-0.0018860415996807896,0.024918169492546195
2019-03-14,-0.000639824582539193,-0.0016960768765953806,-0.011614284265949192,-0.007249007365199473,0.002458066525081204
2019-03-15,0.0049281954461614635,0.009237648881448965,0.00456433710702197,0.006592279507400304,-0.001638039490028258
2019-03-18,0.0036195688609631763,0.0023786310952551098,0.0005690800870331783,-0.0005751847597472448,0.008976038178621457
2019-03-19,0.00024742621830146927,0.003356975523305928,0.002759488322105534,-0.0022215074947497743,-0.002440073309847909
2019-03-20,-0.00301429787275956,0.003957184331080146,0.006463126873943105,0.010406454604066525,0.017756743334276473
2019-03-21,0.011231335539024164,0.015511472893695167,-0.004034541087699915,0.002198304362956512,-0.004811590728468497
2019-03-22,-0.019433862125579928,-0.022209009477217736,0.0023420233902432335,0.015415580226075512,-0.0170251413102791
2019-03-25,-0.0007521793875320222,-0.0019059684185857757,0.007633907060241627,0.0015999433725414707,0.0016340247212281787
2019-03-26,0.0074266245220236055,0.004646320671028028,-0.0049754946888430985,-0.0007198729584571317,0.017799844114906625
2019-03-27,-0.005243011071342087,-0.006443566426908042,-0.005243016760484459,0.009160533499394425,-0.010479750263093664
2019-03-28,0.0037831331016817786,0.0023018573156952096,-0.014253957303041619,0.0034825210961837777,0.000810063119673768
2019-03-29,0.006285753883766231,0.007542682677161146,0.0009019770912032663,-0.0009487120368936994,0.012072550346032983
2019-04-01,0.011789172201621543,0.01316030957732709,-0.0039418902576438125,-0.014305689126517111,0.02527778337960537
2019-04-02,0.0004901594589438938,0.0037830213967605057,0.003695988550420936,0.0018475049423142724,0.014711882429315055
2019-04-03,0.001572447349447851,0.005729776272771351,-0.001476744057391478,-0.008705391798988838,-0.0015384970545164194
2019-04-04,0.0026497588770159662,-0.00038086697398776885,0.0025419025120264,0.0028290732556122545,-0.0054033088030994774
2019-04-05,0.004828686440664402,0.005157969907988636,-0.001065158454634802,0.0012912999418835543,0.017645225355108783
2019-04-08,0.0007620428457525283,0.0025419861124851644,0.0043355523546012775,-0.003554161682178792,0.01883294887430688
2019-04-09,-0.0051383374312140295,-0.0035173387244338593,0.005210460213684454,0.0031508997271742275,-0.005237550021834839
2019-04-10,0.0034055169851949134,0.005352231953035535,0.0030808947099307334,0.002416681458488854,0.0059835574477820124
2019-04-11,-0.000277841243678835,-0.0023753105059395024,-0.01287293202962213,-0.005890655884257387,-0.010494803074675015
2019-04-12,0.006743198784380523,0.004314324394060367,-0.000984454241361077,-0.007148379231473787,0.0022581667284274818
2019-04-15,-0.000654777958595105,0.00016154365035532598,-0.0018896884121834196,0.0025240764910569894,-0.00452151634696077
2019-04-16,0.0006547779585950972,0.003437467840287837,-0.009004202217837156,-0.006280880269982167,0.009770849332607183
2019-04-17,-0.0024498866301449723,0.003479137542642851,-0.0019104067944001747,0.0004088701775539564,-0.006754258613625205
2019-04-18,0.0019673924314090097,0.001281578527954472,0.0007480072379889946,0.005220941203292599,0.00300751826045182
2019-04-22,0.0008612078734916698,0.0028243157652451186,0.0,-0.004812315114072905,0.025937014115832577
2019-04-23,0.008951741106599803,0.012638200176951643,-0.0020790892290242957,0.002123597020402881,0.008740032721951818
2019-04-24,-0.0022218333139217856,-0.003157872174682667,0.0029095034311526903,0.00812525913529367,-0.008008754536357387
2019-04-25,-0.000616295650277651,0.0040503487540477865,0.0008297251865102907,-0.0014576416165512137,-0.011025512055932695
2019-04-26,0.004646150733562062,0.0008923501577910184,0.006613259149985799,0.003398472923548501,-0.03306083086800506
2019-04-29,0.001566469754647795,0.0019386593449031275,-0.004459139554905714,-0.006401272323754877,0.010638351947797579
2019-04-30,0.0005105992198897754,-0.0077778794455017316,0.00305743426250323,0.005107904942311428,0.004524926328367429
2019-05-01,-0.00754518934359828,-0.003223576421250403,-0.0066225029075605455,0.004116884874420479,-0.005281015232411295
2019-05-02,-0.002161284020612088,-0.0043495510613891595,-0.0038279074525403786,-0.004773416271141761,-0.0307244269345303
2019-05-03,0.009740203710655508,0.015822147097296693,0.005902166622599836,0.002834491361721489,0.003892585028106303
2019-05-06,-0.004123754892631442,-0.006140944591823003,0.0013252386046359393,0.0027456325884348074,0.01542049157083058
2019-05-07,-0.016840239001074862,-0.019672016403059166,0.003305527606359191,0.0076319653259826785,-0.026358127676923103
2019-05-08,-0.0013906545806427826,-0.0025267308873251214,-0.002478073455137969,-0.0043311149898948706,0.012490466976035362
2019-05-09,-0.003030102978490315,-0.005397696507181674,0.0023955509816441485,0.004090905409266322,-0.006225694920304339
2019-05-10,0.0050105021411211426,0.001244012091143692,0.0018959191232163482,-0.0013617262697040574,0.0023391614800014593
2019-05-13,-0.02545129621882991,-0.03531889892642035,0.010159840539079742,0.007824975633714768,-0.012539337069037046
2019-05-14,0.009003425824771717,0.010915510040640895,-0.001713369544315355,-0.0029472444747531677,0.014873039639396938
2019-05-15,0.00583977212694822,0.014025271071884242,-0.0005717761663673002,0.0061233432757625255,0.007740006200574215
2019-05-16,0.00921909052705552,0.009999676738207786,-0.007216080906090106,-0.0033349894664796505,0.013022020267986503
2019-05-17,-0.006486359933017727,-0.01027251102409428,-0.0071027767830243865,0.0022247853779023804,-0.0045766989883455735
2019-05-20,-0.006633842399102811,-0.01702572273182229,-8.290551782707826e-05,-0.0020658947124319992,0.005337389418486381
2019-05-21,0.008975114141111582,0.010393068576164522,-0.0023236423674714048,-0.0015920648292889726,-0.0015220325839761498
2019-05-22,-0.0030762222729119747,-0.004464607156543593,-0.0009975291545634036,0.005719371861099179,-0.030153064852282408
2019-05-23,-0.012293739817742663,-0.015420505206425527,0.007704775453647809,0.011184863410864868,-0.05236795493070875
2019-05-24,0.002265588244711772,-0.0005049604797369763,0.0010723379767870567,0.0008612103210589124,0.011513235021806536
2019-05-28,-0.0093436956750647,-0.003767805604428422,-0.0038822269155751525,0.007173875160770908,0.0
2019-05-29,-0.006733577136917805,-0.008259897431290648,0.0003309964016133878,0.0030255497594833887,0.0008173461151758786
2019-05-30,0.002727564651737178,0.004194970530630614,0.006761236816409464,0.00856180131131369,-0.040005296451461905
2019-05-31,-0.013566734919066438,-0.016081288065459245,0.013386857013473643,0.01244188328872791,-0.057758819248291814
2019-06-03,-0.0025465802470983736,-0.022264113618036523,0.014329650783140814,0.006666773523449345,-0.009959395095772788
2019-06-04,0.021474615195248816,0.0277677027210516,0.00031967486235552026,-0.011467040568444933,0.015350195691257638
2019-06-05,0.008624780494094665,0.007405148762046125,0.002553665830468566,-0.005667822539755484,-0.035571409608527685
2019-06-06,0.006481566043619239,0.007913211657888145,0.0032623544765034472,0.0032207203029647694,0.026570500362328102
2019-06-07,0.009957378183800691,0.019127861997776757,0.005624438342681366,0.008614733803617167,0.015253693953564946
2019-06-10,0.004578369678106659,0.01158757842423252,-0.010003215486538998,-0.009456771256377701,-0.010743155238379957
2019-06-11,-0.00024215272479039468,0.0013641751735900545,-0.0011975692988470156,0.0006122783986327417,0.0
2019-06-12,-0.0017669025799396942,-0.005796446114310821,0.005179100221238763,0.0007656822290520445,-0.04322505656872614
2019-06-13,0.004118122270843039,0.005905600662865179,0.0061006935016299476,0.003437940125618445,0.022305735765589245
2019-06-14,-0.0011058160673809892,-0.0042617759083989504,-0.0003160129284806553,0.0025130899838808774,0.005499506691382986
2019-06-17,0.0003801265028808662,0.006004807018531902,-0.0006322652864022912,0.0017481999284030669,-0.011954088169074001
2019-06-18,0.010416419077311148,0.014426678106390967,0.005047324392238259,0.004999083716179655,0.039896458181857004
2019-06-19,0.002254733000569749,0.0037482127955339515,0.006038970838080437,0.0014343434342533302,0.0070859396556866554
2019-06-20,0.009509052297977483,0.009256393707487915,0.024866155493817887,0.002637751623382751,0.044873831466561875
2019-06-21,-0.00145452047872978,-0.0014838925096212232,0.00661369341666817,-0.011047651974278956,0.010075642105375138
2019-06-24,-0.001225133258486422,3.214587323831881e-05,0.014741593126273352,0.00742902049146324,0.003336113271444082
2019-06-25,-0.009856408374134868,-0.017315432309642054,0.0019392450876947497,0.0030916233638189814,-0.0008330053614964786
2019-06-26,-0.0009980101686585955,0.004639698562782065,-0.009207653748305768,-0.006420315882312604,0.023879270686039678
2019-06-27,0.0035394167629412485,0.0038142937963482793,-0.0009781791081800058,0.0070221850401002515,0.0
2019-06-28,0.0051326204411735665,0.001286104809934245,0.0027063662544696662,-0.0006774812904573976,-0.020551483761718278
2019-07-01,0.00903770831058836,0.013404117015633375,-0.019559428102497136,-0.002341154918671273,0.019737464261657223
2019-07-02,0.0026010545835566503,0.003954859150945913,0.02113481354805423,0.0076829592310789716,-0.04838307547239385
2019-07-03,0.007963395145769093,0.007498085298095834,0.0016477026920105947,0.007104268662294338,0.005965134663009992
2019-07-05,-0.0011386222770252256,-0.0020392645675754973,-0.011212861349998495,-0.01335188613315164,0.015177302251847914
2019-07-08,-0.00551026647219281,-0.007038619491428185,-0.006453396174434407,0.0013588356584323075,-0.0016750007260840092
2019-07-09,0.001245908822679415,0.004995104340774095,0.0034976216131429347,-0.0003775515611119877,0.009178175021962496
2019-07-10,0.00476693738631585,0.0099162209231756,0.015664164068756106,-0.0055222014666621196,0.03989131088449698
2019-07-11,0.0023412099983272415,-0.0007275080203698129,-0.008479433149487648,-0.013440531457209505,0.0015949331789711565
2019-07-12,0.004466622067428578,0.005752004487623962,0.006235244213343071,0.0011528836830407589,-0.0023932785412444702
2019-07-15,0.0003332778275820932,0.0031983538717407557,0.0,0.005742993199063088,-0.017728124349274198
2019-07-16,-0.0032307827175258883,-0.005163902866812302,-0.008498565150237166,-0.002982285871100477,-0.01887626805965726
2019-07-17,-0.006828335117703177,-0.004930386042555203,0.01633123396202252,0.010740379831937581,-0.026869769235445855
2019-07-18,0.003654155535947581,0.0011439305500027918,0.01401922107283276,7.536571607228336e-05,-0.016302341046914748
2019-07-19,-0.005570530063409683,-0.007354752944736199,-0.01483691752503857,-0.002351276323208167,0.009470553292824507
2019-07-22,0.0024537542350113444,0.00792618654076621,-0.0001487748968767623,0.001896727089579563,0.0008565506920661633
2019-07-23,0.007124724384772682,0.006523318700801255,-0.005668654760058427,-0.00547198048323516,0.01106866221175278
2019-07-24,0.004688394456451181,0.0069932246600384156,0.005073447292028362,0.004334418598479279,-0.01880399522275856
2019-07-25,-0.004788324409805669,-0.009525131104866505,-0.007095118991376651,-0.0047917416984374975,0.000862460480501237
2019-07-26,0.006677466084571343,0.010242384010629893,0.00164757936404381,0.0023604100515109898,0.004301016269887226
2019-07-29,-0.0018227640795119135,-0.0034366706455349664,0.006637600502192369,0.00030454236304666704,0.01448683889183121
2019-07-30,-0.002457898589567823,-0.004325389308605293,0.0033393742390960437,0.002430095300460897,0.02175820003158693
2019-07-31,-0.01100051156797686,-0.013926547876711149,-0.013199706898717264,0.008008918652230527,-0.00331674947862314
2019-08-01,-0.008745894323860491,-0.004983908337861915,0.0237382025873749,0.019665509864447584,-0.06254710948290525
2019-08-02,-0.007558259578793581,-0.014834691083900314,-0.003819352910475418,0.009199101624642684,0.014919023787118794
2019-08-05,-0.03053448802658609,-0.035974343431105046,0.013885007839557597,0.017140445100215358,-0.009628053319254941
2019-08-06,0.013925334307183061,0.013901596266254887,0.008095529492025941,0.007960704292718218,-0.02043603237922422
2019-08-07,0.0005907948651994615,0.005387748936866195,0.01507548681526026,0.00035763235755213724,-0.027299255230182378
2019-08-08,0.019429829848609723,0.021530673007098558,0.005022054446004403,0.0021397846114039275,0.011009274912558846
2019-08-09,-0.006834504069811508,-0.009446651618745229,-0.003321683939870917,-0.0019967274598280084,0.028778937396713056
2019-08-12,-0.012248079695484512,-0.01154130509559939,0.009651773675578623,0.02063545564062257,0.007067160673785595
2019-08-13,0.015432098681494536,0.021677884852014332,-0.005977346952418699,-0.003433503528086793,0.04391581590945587
2019-08-14,-0.030014105943926252,-0.0303403652788744,0.00681829671908825,0.0222791843524925,-0.036898249708517496
2019-08-15,0.002638479253503316,-0.001149672368085582,0.006632923311853109,0.011058103124568458,-0.007898171734791301
2019-08-16,0.014647425628709217,0.0159229887281366,-0.00642279632319684,-0.008042578355861262,0.004395544401114126
2019-08-19,0.011975436019048482,0.015779433706788498,-0.011765243129746363,-0.014405526563764965,0.022550845897713643
2019-08-20,-0.007691683584910086,-0.007778438865953986,0.007765153200510364,0.010291439728282233,-0.0025761914651854663
2019-08-21,0.008102405478039561,0.008839264811393218,-0.0031694374885161206,-0.006688097421072371,-0.001721210232217833
2019-08-22,-0.0003079388959826055,-0.0032389378015882427,-0.002542737809443374,-0.006662883813472342,-0.0069144550170160204
2019-08-23,-0.026023058204195648,-0.032157244428330845,0.0194004358255685,0.016300710550789927,-0.02993182629691192
2019-08-26,0.010997682458224746,0.014991157379813212,0.00013874512727632068,-0.004049756540966505,-0.000893989801040758
2019-08-27,-0.003931319940662139,-0.002112299539490155,0.009525229640210546,0.015291470417487501,0.02123971588506069
2019-08-28,0.00701713020443799,0.0035721175680755697,-0.002820513317677276,0.0012861459153094667,0.01908126088977862
2019-08-29,0.012691444521724313,0.015174403006634708,-0.007190355573252848,-0.003796043832882452,0.011955683757086461
2019-08-30,-0.00044394014354672516,-0.0023975407192706457,-0.0025705723222454796,0.0002717693357856941,-0.027540440940160192
2019-09-03,-0.0058643260651353125,-0.009755827003875837,0.013817145553141903,0.001291559163479764,-0.021164790721390606
2019-09-04,0.011286588205380334,0.014332806122744651,0.006224182405113975,0.0014930989913483441,0.04274525697335767
2019-09-05,0.012773379202175614,0.018153136037760767,-0.02429383958928248,-0.018276548240702004,-0.0008543553656814744
2019-09-06,0.0007720077752102816,-0.0009915499851747202,-0.008559662387184017,0.00709070148068843,0.005965134663009992
2019-09-09,0.0005032708458961297,-0.002089864745654465,-0.0037414803722944866,-0.017925081531612295,0.02599722602634983
2019-09-10,-0.00023499448925336358,-0.0028808497490258847,-0.008594766463448816,-0.017683588945032473,-0.008312631714299452
2019-09-11,0.007085588559209902,0.00934568727792618,0.0060453662250154515,-0.0017782915283320975,-0.02536055094850146
2019-09-12,0.003457981583225293,0.004148767886560209,0.0020542492696135994,-0.006572583826314531,-0.018143049106236278
2019-09-13,-0.0006637878084444905,-0.0035773640127719176,-0.008313640257218174,-0.02159094708813765,-0.0026190051500379523
2019-09-16,-0.0030935687655820076,-0.004476594379518543,0.008313640257218249,0.012663461336009627,0.11467022340914805
2019-09-17,0.0025283004771722117,0.004788124144846945,0.001979350045407386,0.005409250218531305,-0.04300025220697764
2019-09-18,0.000598383954530535,-0.00041528435465019054,-0.006305141849164153,0.0042343292623855,-0.015580436344921596
2019-09-19,-6.645695309437456e-05,0.001660351273988306,0.004042645700960864,0.0030037374915255557,0.007410424941034147
2019-09-20,-0.004736084701939693,-0.010634688762325518,0.011751169204553406,0.013124360203878768,0.0008200270350531057
2019-09-23,-0.00023486685402286523,0.0004409579526264386,0.005580782257567522,-0.00021160068637568073,0.0008193551416479644
2019-09-24,-0.007877571742089402,-0.013369836252439676,0.00527299162043293,0.01198293999114138,-0.02571692318564969
2019-09-25,0.005896834461268545,0.011163015904060845,-0.018719501081169466,-0.014735854120841605,-0.008438820425613404
2019-09-26,-0.002084917192798649,-0.003689813548392808,-0.0002821278180384957,0.006411564198244527,0.0
2019-09-27,-0.0054018761576325805,-0.012486602425610187,-0.005161727926224835,0.0024555487988567417,-0.011935379799684245
2019-09-30,0.004627186133705942,0.009472151218209254,-0.015647105922203676,0.0024489473964695993,-0.02782785608057803
2019-10-01,-0.01196586359804612,-0.00818955332833436,0.005457893373498284,0.0030057893042280616,-0.013315826930753194
2019-10-02,-0.01782262217855275,-0.01734413524977799,0.011606023170116823,0.0024406965804091327,-0.018945090433871735
2019-10-03,0.008159220842035086,0.010915656107655129,0.004520416059329575,0.009080575233319552,-0.004564064281324912
2019-10-04,0.013440976572551612,0.01461803247045735,0.0,0.007355826151055604,0.010013707284229146
2019-10-07,-0.004323397460279395,-0.003023312444506152,-0.00856363541098911,-0.00832224579661256,0.0
2019-10-08,-0.01564671091993639,-0.015094305680565549,0.00870459991703739,0.002689854002856764,-0.013680068922315245
2019-10-09,0.009451403730464224,0.009714200583917936,0.0009156241246349503,-0.005664488834284025,0.0091407791178648
2019-10-10,0.0067411294137178085,0.007714642609164411,-0.008767683192965708,-0.015006253895651463,0.01803473723541785
2019-10-11,0.010313393566179257,0.012797008730438717,-0.005554769940672898,-0.012454104086461948,0.02034572608402001
2019-10-14,-0.0011143823382011148,-0.00010481935026334971,0.003991150393420187,0.007236673728355666,-0.021239715885060614
2019-10-15,0.009851292242107606,0.012636464341441073,-0.0069950016712766044,-0.012162037732642586,-0.010791460989319174
2019-10-16,-0.0016069695269067426,-0.0024836755564208164,0.005713914835703777,0.0012156579418758852,0.007207231283841115
2019-10-17,0.0029445157107868265,0.002638803240769232,0.0014233647353723328,-0.0024333956114796058,0.012488957079089499
2019-10-18,-0.004386608650335662,-0.009656753152296145,-0.001067306413452129,0.0,-0.0053332985032366565
2019-10-21,0.006756384037936347,0.008829373702705949,-0.004781550075213642,-0.007550479949811747,-0.0008916834068991662
2019-10-22,-0.0032723384071362788,-0.007995073721995804,0.0029287043785159624,0.005829833653443297,0.0115300712683183
2019-10-23,0.0029055338350391174,0.0019269461567483202,0.002351027592914482,0.0010037976381608075,0.026969835512198552
2019-10-24,0.001632536655070977,0.009681324685565929,0.007090719694468963,-0.0020090050603485204,0.006843476372820655
2019-10-25,0.004086619910318496,0.007954156782295779,0.0023289599557340403,-0.0048971200359726064,0.008489047900755609
2019-10-28,0.0056206336479552475,0.009816693375542074,-0.008637230479381003,-0.009137740926085483,-0.01533252427357637
2019-10-29,-0.0002965549555646946,-0.007774046267374266,-0.002776885194246242,0.0006555979396944574,-0.006026681711101041
2019-10-30,0.003062491598339568,0.004834095610172867,0.005475210184932403,0.014528132162927813,-0.00954451113451791
2019-10-31,-0.002666882696617078,0.000457035764654439,0.009948844935468628,0.013400026048930582,-0.014932211824421547
2019-11-01,0.009221156907617144,0.009041449997843792,0.0009123470738276627,-0.0030830143271504424,0.03393099699113524
2019-11-04,0.004010189044940246,0.006165852335144635,-0.0028801514371747305,-0.013248694701848316,0.010212926151275472
2019-11-05,-0.001107245903289041,0.0005498301125418693,-0.016312331868591004,-0.011310403727460101,0.010109595950462324
2019-11-06,0.00022801107984982377,-0.002250279057097932,0.004281068530555171,0.006033514961620343,-0.01010959595046233
2019-11-07,0.003510563720149294,0.00334831988199861,-0.015643205521891117,-0.01828458241299564,0.005909657827675809
2019-11-08,0.002463041869872022,0.003983632563104457,-0.0063847338065501705,-0.004216249575388329,0.009216626382455856
2019-11-11,-0.0019111133448461676,-0.0013427144720065069,-0.0024048241483873045,0.0006670224963798912,-0.00837521037242228
2019-11-12,0.0021055952852084827,0.002881875604683024,0.002695874927586959,0.004581935696159071,-0.0016835405972191399
2019-11-13,0.00032332689501397344,0.00024816734376739545,0.003994072881030811,0.006467967041942604,0.0075535527316445954
2019-11-14,0.0014546569307758576,-0.0007939738498756691,0.004194711040663475,0.010276685815648697,-0.004189381156568845
2019-11-15,0.007210419830069148,0.007320393735564196,-0.0025291110010524226,-0.0010885880458244709,0.014172815635481811
2019-11-18,0.0007371686715493083,0.0007884198249575126,0.002962025072169786,0.0018131395049991133,-0.015012818129741139
2019-11-19,-0.0002882659754009336,0.001476174476314263,0.0005049030061831341,0.008298131289906693,-0.028122853232090742
2019-11-20,-0.0037259163646103767,-0.0060171381631174935,0.0005045382424530197,0.010294765562946463,0.028122853232090718
2019-11-21,-0.0016101739667715735,-0.0022285025837338233,-0.005492097356825017,-0.0062786979149619445,0.024897568044001724
2019-11-22,0.0022214496406054787,0.0006442491852337207,-0.0018857951599790925,0.0012873875658819193,-0.007404406890556553
2019-11-25,0.007720711957752145,0.011772129805265796,-0.004803179633254922,0.0029265158377267263,0.0
2019-11-26,0.002262914740878312,0.0019080806069884302,0.004803179633255016,0.005827265343343883,0.006584379855503493
2019-11-27,0.004447286063866472,0.006964514192305308,-0.005314014225370608,-0.0029095531073158654,-0.0041100951585078226
2019-11-29,-0.0037151691269695624,-0.004572633253571903,0.006184806112979683,-0.0021340899342914997,-0.04377807233649562
2019-12-02,-0.00853117340481928,-0.010291746127065867,-0.0005079436043828876,-0.013422516055453247,0.004293711260928543
2019-12-03,-0.006729252066148809,-0.007863232769653889,0.009534253178573626,0.020750783504696522,0.007682509097143933
2019-12-04,0.0061512857204863445,0.0050512381220269974,-0.0013667767637935283,-0.010035454931577394,0.03591194713693089
2019-12-05,0.001796302781132034,0.0019741993388123127,0.0005757184354598549,-0.004876096217249906,0.0
2019-12-06,0.009092972617415552,0.010641719826214539,-0.009977704836757457,-0.005550119827398091,0.010608024264459481
2019-12-09,-0.0031491814948420038,-0.004546688232794976,-0.0002906488870483782,0.002166085120902796,0.0008113776539729193
2019-12-10,-0.0011158173070770381,-0.0008335563589486502,0.002830699660654389,7.2242494003048e-05,0.004854412362131144
2019-12-11,0.002834830611522284,0.005282682705058149,0.006861935627691577,0.007829902039952298,-0.007290445465445066
2019-12-12,0.008582103861866381,0.007436477877911911,-0.0035334849047766476,-0.016594644702725446,0.005674899267636442
2019-12-13,0.0005988080018297087,0.0032872796573922,0.004468872836715887,0.01150156133241467,0.009654128659371774
2019-12-16,0.006846426640115881,0.009989405342453123,-7.198939739749056e-05,-0.009030819041571068,0.007974554363745381
2019-12-17,0.00021900756179554835,0.0005730071889679049,-0.00021577975709612248,-0.0013801565748318932,0.010272718728782295
2019-12-18,6.263997602143278e-05,0.0007639540276207078,7.200493236905694e-05,-0.0082459448152717,0.0015710532736032035
2019-12-19,0.004090779317752235,0.006232124709816931,0.0025862126377012157,0.0015986870569089536,0.0031347958767053703
2019-12-20,0.004374478245693599,0.004022810618790232,0.0010039397404910592,0.0013179340317886327,-0.01180648263167709
2019-12-23,0.0015267400687888585,0.0026379393223784162,0.003077203372165587,-0.001464237130540097,0.005527033022613976
2019-12-24,3.1267705340962175e-05,0.0005191397061358679,0.009387789011397068,0.002853522952679858,0.005496727445197771
2019-12-26,0.005308917886908315,0.008785426610030636,0.00782659080315549,0.0024087937205196667,0.009353137694659841
2019-12-27,-0.0002478072698389636,-0.000842301252882124,-0.0003512560225688557,0.0010930891460051322,0.0015503494532848057
2019-12-30,-0.005528351971988008,-0.0065756050030807344,0.0021055808220621446,-0.0036479934375665303,-0.0015503494532847462
2019-12-31,0.0024259846874287523,0.0018832563810922307,0.001891143454574884,-0.00984184763474982,-0.006225694920304339
2020-01-02,0.009308572208075655,0.016559236208523235,0.007320953634035891,0.011229341014986143,0.0
2020-01-03,-0.007600565249749566,-0.00920207986571635,0.013181265882528811,0.015283348621716408,0.02847440356321501
2020-01-06,0.0038072967855626682,0.006422526654338306,0.010434868967011986,-0.00569478054385975,-0.00151863792647413
2020-01-07,-0.0028153652677932323,-0.0001392799552141859,0.003927428056507489,-0.004928424754365246,-0.002282217271654169
2020-01-08,0.005315471696786788,0.007488239332657031,-0.007529802584635164,-0.006632224844869268,-0.03645229236741834
2020-01-09,0.00675740125330081,0.00843780256578207,-0.0056676844863565315,0.0035042356946830416,-0.013519098850994785
2020-01-10,-0.0028819960497468338,-0.0025604099625484962,0.006008107616788398,0.008851493792673875,-0.006425718891322702
2020-01-13,0.0068540698487619695,0.011470891343063283,-0.007447144703816297,-0.0030384530379358957,-0.017066650815750945
2020-01-14,-0.001525854119044416,-0.003945285564840579,-0.0008919411826434922,0.005130327948476663,0.006535964868773553
2020-01-15,0.00225735632116708,0.0004087140541907173,0.005817289492435278,0.006610279929117973,-0.008176613636745635
2020-01-16,0.008283898575808161,0.009537893034184812,-0.0015707412123407796,-0.0031558887779960542,0.008990633136806635
2020-01-17,0.00310772846552561,0.00493658918489061,0.0018437252860089575,-0.008584719099598497,0.0032493905145450537
2020-01-21,-0.0019599818373074777,-0.000447704178643174,0.0010909837309721073,0.010450805269327432,-0.007326052603901374
2020-01-22,0.00012065374945153917,0.0026389018227678633,0.0003405975107135845,0.0035072848591039736,-0.02817089032347976
2020-01-23,0.0011463935105621313,0.0032109164864378512,0.002245598875511729,0.006977486693750607,-0.020374200225297522
2020-01-24,-0.008933271188194933,-0.008450861230016992,0.0058285535187767275,0.008055400885907999,-0.019922663329644007
2020-01-27,-0.016159011046971754,-0.020872097969462874,0.006802125843070944,0.015435514345509042,-0.029296361821332245
2020-01-28,0.01042463110122475,0.015243155110484082,-0.00896686803661793,-0.007862959590750332,0.013422985965499316
2020-01-29,-0.0008263543241090271,0.0016244701910432871,0.005403248480831511,0.009732588680047905,-0.008032185370014456
2020-01-30,0.0032400263558019053,0.003555116335545359,6.731894098032181e-05,0.0001380318523979877,-0.007194268847012137
2020-01-31,-0.018324676208491947,-0.015984978023571652,0.005775708477189364,0.009088986806916208,-0.02189866434552886
2020-02-03,0.007400914144041553,0.014996210206294424,-0.006516877595597702,-0.000810560827230907,-0.03282060949871829
2020-02-04,0.01512616583937386,0.02263088242886683,-0.013094308186782415,-0.01355877492326156,-0.004777858327833979
2020-02-05,0.011481986337754043,0.003291802594426693,0.0012285555646719122,-0.010994800060389177,0.024599181380850797
2020-02-06,0.003359139609655254,0.008594889991130169,0.005373934234125879,0.004496053536443109,0.0037313441273882603
2020-02-07,-0.0053439923981612,-0.004310064167697814,0.002642363450658169,0.012400931245062717,-0.015009648550555185
2020-02-10,0.0074379265545303445,0.012012900033066725,0.0025679490647931946,0.002765975006447623,-0.01523837557190871
2020-02-11,0.001731615836957238,0.0001724513838612903,-0.0034478924308700464,-0.005052701228155343,0.007648213516381114
2020-02-12,0.006421764394379684,0.009693953204086482,-0.000813078481224605,-0.005079263454523416,0.029096413305094455
2020-02-13,-0.0010670204558311592,-0.0012812796863958247,0.005677303718111386,0.0038292076433054678,0.00277133961930161
2020-02-14,0.0016004015485259664,0.0028593458319779654,0.0041697222765956264,0.004367576404860397,0.010096428755927084
2020-02-18,-0.002580267081263039,0.00038362733074954433,0.012737350951843347,0.006825795830210226,0.0
2020-02-19,0.0047698300658937706,0.00953975152681074,0.005814285510176441,-6.92386078311392e-05,0.02078705617973347
2020-02-20,-0.004116810912606992,-0.009327063877266964,0.0040763395182913265,0.007803363586939005,0.008904727373611436
2020-02-21,-0.010351330496939188,-0.019396219921140954,0.014913455926308593,0.009296514505815113,-0.010695279116730896
2020-02-24,-0.03372789983458528,-0.039326821024360914,0.008945002656717951,0.014818823405324092,-0.03836087551085429
2020-02-25,-0.03077091232142587,-0.027568332904630056,-0.01803593472393269,0.005310653565968768,-0.03216929830201556
2020-02-26,-0.0036850196188322436,0.005140923194203142,0.004360980385151266,-0.005310653565968747,-0.02039896341217621
2020-02-27,-0.04595131842526409,-0.05137128811093348,0.00019481624361363943,0.01079005846264471,-0.04106734931220223
2020-02-28,-0.004210635098696425,0.0007778921842027487,-0.03717601874476565,0.02233241821673876,-0.03432473542109871
2020-03-02,0.0423951640774438,0.050316147213454634,0.005511083646655957,-0.007383905357113325,0.04853820766563553
2020-03-03,-0.029050264315706502,-0.03259280917954757,0.030950390194086085,0.015405203683934915,-0.0030287486389522795
2020-03-04,0.04117358761409246,0.04087556198599021,0.001752990351755443,-0.010675287869929655,-0.003038046553959492
2020-03-05,-0.0338069756323551,-0.0308533707069437,0.021370951204574475,0.024586888567875925,-0.025681946538163754
2020-03-06,-0.01666935376562921,-0.017016087510737823,0.0003808885074389379,0.050734957940448557,-0.09603886984081954
2020-03-09,-0.08131229581099698,-0.07199496597683858,0.0016488747161249012,0.026742479632418308,-0.29189094440262797
2020-03-10,0.05045059448946904,0.05301971584672571,-0.02132715182628954,-0.05261863223291206,0.104746801770931
2020-03-11,-0.04997664324569979,-0.04453185869045579,-0.0035667044227174947,-0.03749188665642122,-0.042319392020375254
2020-03-12,-0.10056904989409701,-0.0961712358599727,-0.04070560424243849,0.006178198208509727,-0.0593646231274991
2020-03-13,0.08202833545659118,0.08130868579093009,-0.03099155256530076,-0.022861921273924325,0.06224232019097832
2020-03-16,-0.11588671199287122,-0.12759226308233546,-0.011512126298224866,0.06275374013223949,-0.14012117625804185
2020-03-17,0.05258503728923905,0.07310311723343818,0.01346442633870517,-0.06901015304980757,-0.05783927322052366
2020-03-18,-0.05195967447837729,-0.03088798720258651,-0.02012310684271081,-0.05806647794205026,-0.19253111422117827
2020-03-19,0.0021225334954336804,0.00598402646581175,-0.019086492837834465,0.02686155877257543,0.1311399710821438
2020-03-20,-0.04405020231064651,-0.03996424013491761,0.014884383146683595,0.07250261723057638,-0.08346254442669526
2020-03-23,-0.02590070086442455,0.0007221641772536274,0.043231496146295734,0.040383016357060056,-0.012220099466856578
2020-03-24,0.08673073485644357,0.07458554584491285,0.047389520259250466,-0.01878989103325144,0.020284651550515558
2020-03-25,0.014859270269696474,-0.007432553614911731,-0.013784208180364264,-0.002273982060685773,0.019881351705318302
2020-03-26,0.05674858078398973,0.05132073719869241,0.012740714714697083,0.004909760951121711,-0.050464794703263996
2020-03-27,-0.030238122717095306,-0.03499813641368544,-0.006481449089244015,0.026343420372140137,-0.07745809018014796
2020-03-30,0.03195965735945611,0.03572731175531032,0.004390990264267052,-0.008263221668884962,-0.05518636412120036
2020-03-31,-0.015017508746363406,-0.008576445392146876,-0.032364821693651916,-0.008150759217312759,-0.004739340811956353
2020-04-01,-0.04604922555455426,-0.04341872109242146,0.009411793149400162,0.01391337113043104,0.039586093761089285
2020-04-02,0.022813200013398968,0.020091933248901482,0.01626050111056189,0.00632604239163843,0.15415067982725836
2020-04-03,-0.014559841350434295,-0.014294568829703749,0.004925309776577716,0.0023768798365958977,0.14375293673196893
2020-04-06,0.0650070004128814,0.06905492852267738,0.02733353381543522,-0.0026149995061808705,-0.0738472626351578
2020-04-07,0.0010189548126913986,-0.00040750080628812154,-0.005368871400719198,-0.010527258626149335,-0.0738272439000818
2020-04-08,0.033017644240666055,0.02101010599999635,-0.008947881947437637,-0.007302966014185991,0.05355002666920971
2020-04-09,0.015102475715145346,0.00144469390990487,0.025788169295063085,0.0018159784609818833,-0.07539799234303635
2020-04-13,-0.009172052097307069,0.010745852837913836,0.01699510551392902,-0.009172557893772382,-0.010090941631732818
2020-04-14,0.029066161999941886,0.04257164083209139,0.007837301543346824,-0.00024335204909051611,-0.0563235378414744
2020-04-15,-0.02147713820016814,-0.011535907090570712,-0.005115017933585634,0.026144125861961007,-0.0506158700860746
2020-04-16,0.004812725106397854,0.01807559707432846,-0.0008653689753940822,0.01129295112840117,-0.015927457323784706
2020-04-17,0.02665681105222438,0.009520860188878245,-0.019608466717140425,-0.013495713267491771,-0.035009431228183584
2020-04-20,-0.01777534931347228,-0.011915362290426319,0.007100853720992193,0.008012860141330722,-0.1157068167730092
2020-04-21,-0.03083305669533992,-0.03759745158319639,-0.006848673348053854,0.01251291964010713,-0.2885713769998179
2020-04-22,0.021951594956587855,0.029242740142209775,0.019479888950845802,-0.010269541929516358,-0.11290171363830842
2020-04-23,-7.179432384304404e-05,-0.0021352422774240922,0.009905643795524405,0.005294850410167447,0.050496207550460845
2020-04-24,0.013842485447199912,0.015647428786088515,-0.004294729942651925,0.0023447173679160666,-0.02687308396309075
2020-04-27,0.014315328718180803,0.008011200001445753,-0.00666258998355511,-0.018790014205694656,-0.1600043029750905
2020-04-28,-0.0046087034306407015,-0.01901436216811605,-0.004466516323334757,0.01144606010020569,-0.027779536507009785
2020-04-29,0.025841605610196,0.034846829676916574,0.005518192454017435,-0.005202562166863796,0.05480818276686606
2020-04-30,-0.009354354876113717,-0.0004111078047780922,-0.018282683683788697,-0.011745892369608772,0.060363193620049715
2020-05-01,-0.02683030898764582,-0.02859003477314575,0.0061522933833428935,0.008526686577815417,-0.013691641948678758
2020-05-04,0.002754838220980764,0.011589919634293126,0.003498676361159418,-0.0047138854031161205,0.0420513267121278
2020-05-05,0.009196560000829218,0.011273660997867191,0.004232069630406605,-0.006422294970219283,0.08942331764069297
2020-05-06,-0.006801683149279311,0.00613756194576345,-0.012938939248234135,-0.016267382839473023,-0.03116398737963595
2020-05-07,0.011994392143776485,0.012794365647165672,0.015234124108560072,0.016568523413047976,-0.018393600411514634
2020-05-08,0.016411124916813048,0.013611731289402055,-0.006028427741239837,-0.013086654372631094,0.04769621377985724
2020-05-11,0.00020507432707449156,0.008899175475133877,-0.006253147010599243,-0.007836131328994266,-0.014071491158418459
2020-05-12,-0.020132904127780765,-0.02115930311158571,0.0038815245238018456,0.010211820935084161,-0.009492276580999274
2020-05-13,-0.01784438451341373,-0.012594803439083662,0.009576645345897673,0.006972487841357724,-0.01780171785616227
2020-05-14,0.011896254527866763,0.01128840627605339,0.008811127536123346,0.00973923806421145,0.04043358662881521
2020-05-15,0.004586554353776163,0.006470639491260965,0.005627947839551041,-0.0025760083820830534,0.04288972240835784
2020-05-18,0.030004970773496828,0.018460176882490947,-0.007592898231851983,-0.0221989767478805,0.08227336300873658
2020-05-19,-0.010324045558146729,-0.0025091788523121925,0.009603940342589153,0.003734932843550188,0.005333389795786328
2020-05-20,0.0168452786263662,0.019771574957958764,0.0023714668825757603,0.002988994155249588,0.036163024759435454
2020-05-21,-0.006927608346875209,-0.010950509796695165,-0.014683616168536867,0.002494184659127494,0.04852704921400598
2020-05-22,0.001896846798293739,0.003445969901344647,0.005899400714775776,0.005998596872035714,-0.03949145276044047
2020-05-26,0.012245631397364499,-0.002703464539023897,-0.014316858429627,-0.013500680740420264,0.003513575872782988
2020-05-27,0.014769227313012511,0.0054426363183186785,0.001800809585778032,-0.0018384396926494767,-0.026057528372762276
2020-05-28,-0.0018465726002884545,-0.0013035529690090734,0.0033447448656947374,-0.0036867100907270367,0.0011993080083826145
2020-05-29,0.004445680677359477,0.014546706585488033,0.007331471236597383,0.00711579484799809,0.03339530432824129
2020-06-01,0.004033598881675429,0.0029950728420262756,0.004593203918142176,-0.006755066417456941,0.013052014942875778
2020-06-02,0.00824626647950627,0.006685301177460048,-0.006497892824854574,-0.0036426071022868226,0.031903640204930514
2020-06-03,0.013220386355559659,0.004488434912707935,-0.01862251139241922,-0.01338634541645686,0.0018454016647477243
2020-06-04,-0.002630110563821524,-0.007038111354057071,0.010471254055873179,-0.014585377351116932,0.013914510655146888
2020-06-05,0.025306511331876218,0.01963338094366916,-0.02048368991541374,-0.007148365252772843,0.04861701807171153
2020-06-08,0.012014857661844071,0.007730032263764341,0.010764002439043798,0.0038360446223464264,-0.017470744341757487
2020-06-09,-0.007484337117901319,0.007218824821740046,0.009595645355064148,0.01129498438588833,0.0017608469509909793
2020-06-10,-0.005595777175188146,0.011930105664390988,0.014223142854853236,0.014718130285352774,0.00035181104372475716
2020-06-11,-0.059376950179434465,-0.050818883664954524,-0.007240232329265166,0.018724740157765568,-0.07559720360842952
2020-06-12,0.011904122865225991,0.007916783273982016,0.0014153150353447643,-0.009688611223804952,0.0026520073739994517
2020-06-15,0.009292368256948916,0.012093762595955886,-0.0017848491512042477,0.0005547668122620998,0.020596093650066358
2020-06-16,0.01906480455679704,0.017026921217881585,-0.0004929560183834836,-0.015452270766204538,0.02416814300445346
2020-06-17,-0.004162473432245674,0.00316566321832606,0.0019087937874243815,0.0041189356177014315,-0.013110118671734287
2020-06-18,0.00038482031694019443,0.0027055091553570064,-0.0019703951105462295,0.010532007216728444,0.02211432160960262
2020-06-19,-0.005731541636430998,-0.0001637640109225499,0.010972576221366465,0.0008013279317747848,0.012117046294740466
2020-06-22,0.006394912815638606,0.01192132260980003,0.006441427074830093,0.00012273653576357136,0.026220695046794307
2020-06-23,0.004593087545552862,0.008474900510837637,0.008384398864595731,-0.006857904868529043,-0.009012200824935009
2020-06-24,-0.025839936820775976,-0.020831114668884026,-0.0034899960158010397,0.010668255519076209,-0.052540199162500224
2020-06-25,0.010663841070154669,0.009474395208435854,-0.0006028992986150158,0.0028787152437114664,0.02500585183400836
2020-06-26,-0.024038194709306855,-0.023898254905258157,0.0044532193863769335,0.010646755006910754,-0.020977257880740917
2020-06-29,0.014590652231795335,0.010847723065779675,0.0005403343600226875,-0.0031520916587296157,0.03271907283553842
2020-06-30,0.012728280568305548,0.01941163259829488,0.004431086497931087,-0.004868148792362044,-0.0074561322564461185
2020-07-01,0.006980350999832915,0.0116042430028832,-0.004491160110102202,-0.0019435300230122067,0.01028198798787054
2020-07-02,0.005491907478675885,0.006763728524812102,0.0021582779375089872,0.001039264799157985,0.014010723613876177
2020-07-06,0.015319413932257449,0.024287436869937635,0.005970880083946397,-0.004103692906711351,0.007277768660642515
2020-07-07,-0.010367364190193884,-0.006912687363080842,0.0062904343270385864,0.01395811808067679,-0.005887399479732302
2020-07-08,0.007619500704540621,0.013086005055465269,0.006192353605402356,-0.004003096025352223,0.013455417128758659
2020-07-09,-0.005709149443488972,0.00838775578586398,-0.002708063902871328,0.015796388762315067,-0.026742363057853515
2020-07-10,0.010158836502530577,0.006804666520029237,-0.0025972650920347735,-0.005036947839886847,0.02158861119432621
2020-07-13,-0.008696729440009841,-0.02078532975272541,0.0012403879870823364,0.0033009868215772412,-0.01842571441489613
2020-07-14,0.012875382437791983,0.007053333106202223,0.004652728164010819,0.0014369708413873425,0.013245197690692111
2020-07-15,0.009145705304886358,0.0020335150059684467,0.0008809438623464781,-0.004678111368547479,0.014096907131679756
2020-07-16,-0.0032990901664385897,-0.006846137243378953,-0.009496639325154646,0.004738444038953918,-0.004448290189300231
2020-07-17,0.0028949853041736083,0.0011575207720339498,0.008204262794308569,-0.0020965228492238596,-0.002059714621304416
2020-07-20,0.008049086410011251,0.027975702740531693,0.004808590336846309,0.0024552567235750144,0.0006870648619410016
2020-07-21,0.002124983224551301,-0.010474902080893389,0.011978962477666387,0.0005974209822150318,0.020394944597425753
2020-07-22,0.005676141540749533,0.0035163554772933143,0.015087942737564556,0.0029849372778519897,0.0010089352459000656
2020-07-23,-0.012003119228435269,-0.02646760668826126,0.008786586410813348,0.01161376190277628,-0.011494384614034665
2020-07-24,-0.0064616507551165945,-0.009541022415399187,0.008542281441677423,-5.9185032933934405e-05,0.00101956462361535
2020-07-27,0.007266083207737586,0.01768565830508608,0.019561196964697856,-0.003718576762043681,0.00946588474451937
2020-07-28,-0.006362539781166349,-0.012806343581875846,0.008306536040414038,0.006895113441677951,-0.01252763747436843
2020-07-29,0.012223436485280981,0.011460067068018774,0.007482169283186,-0.0017046593695410962,0.007467764272562997
2020-07-30,-0.0035741147353170544,0.005221902826338246,-0.007427778888433159,0.006566769205658417,-0.021881194007124204
2020-07-31,0.00787116418460257,0.01768794848085368,0.009046884353027699,-0.0006431507089395977,0.00482757453601252
2020-08-03,0.006928380692669261,0.013416572801413208,0.0011318982444248418,-0.005047446447230365,0.00924507384269192
2020-08-04,0.0038546865202616102,0.003705392251908971,0.021054515412853855,0.009486627238400918,0.014885272397619317
2020-08-05,0.006191998756852698,0.002474850040890776,0.009240417270834134,-0.008780567793785896,0.014997743335538704
2020-08-06,0.006662303625137772,0.013158030512659576,0.013186741026147282,0.005570529058849494,-0.001655330197113822
2020-08-07,0.0007175600887920955,-0.011609468077243048,-0.016012829047696377,-0.006688497861374433,-0.01099461083339131
2020-08-10,0.002984501304413969,-0.004282262889898205,-0.0034649534714478046,-0.004483764958162337,0.010331685462308842
2020-08-11,-0.008288874952921885,-0.019122967931382982,-0.05518972671897942,-0.011956428542830884,-0.011337238977812377
2020-08-12,0.0138460051394256,0.024840705704051513,-0.004679132411383586,-0.009137166992065092,0.02451264771994957
2020-08-13,-0.0018092984094081796,0.0022779493185470824,0.023343474417206588,-0.010747331289676053,-0.005249350958782388
2020-08-14,2.961284938158946e-05,-0.0011748170287603095,-0.004318527254207777,-0.003914133837582884,-0.0023052766788016392
2020-08-17,0.003171658487043722,0.011543500329069917,0.02146194877539166,0.0025101608391943798,0.014402885025869509
2020-08-18,0.0021581201566346713,0.009579512802021095,0.008967673573403242,0.007126180085429566,-0.00554018278623182
2020-08-19,-0.004172711255333819,-0.006750337777151915,-0.03207438281593007,-0.006271211821139657,0.0019588470422280506
2020-08-20,0.003108829705023441,0.013776297348174458,0.006890137653281407,0.008998883921685576,-0.004576647051828205
2020-08-21,0.003541195739556743,0.006906584996342381,-0.008043165542872153,0.005974375484220224,-0.011202757963508184
2020-08-24,0.010082127587431529,0.006224337776723894,-0.005674470685927035,-0.001625848571841344,0.005617066622968404
2020-08-25,0.003492978411997839,0.007831975699995216,0.0012147382641175607,-0.007683124880843774,0.018606696112157768
2020-08-26,0.009975749612692701,0.021114651385377835,0.011739667325137905,-0.003833726139681389,0.00032337037695400747
2020-08-27,0.002184494015006613,-0.003121767341460625,-0.011629286747359606,-0.017154987554938484,-0.008441615949901997
2020-08-28,0.00643831997432626,0.005072185219389985,0.017230926299239783,-0.0007446259116918103,0.0016289053139933705
2020-08-31,-0.0036291297534092244,0.0080011927110208,0.00238341719432408,0.006618980131926425,-0.00456768792171001
2020-09-01,0.009374422146148581,0.016947270707854255,0.001189581722410416,0.011372900997106404,0.0009805748909147635
2020-09-02,0.014360636179434446,0.009424496662039754,-0.013218610873058246,0.009475209558249965,-0.024806960345449342
2020-09-03,-0.03502063249888293,-0.05203026173103714,-0.008137254873336977,0.002837251019500086,-0.007395032715756736
2020-09-04,-0.008198123461148815,-0.013415673639879848,0.0027564932922231992,-0.019171136222329535,-0.03886986888302259
2020-09-08,-0.027702979162012992,-0.04925776036140662,-0.0019287808618004912,0.006126003614983114,-0.06372043761068988
2020-09-09,0.01955490885595366,0.028952752894067804,0.009661434230238847,-0.0026908417342447295,0.024373431405809515
2020-09-10,-0.017516335623641976,-0.020137917046453204,-0.0032283485242562797,0.005069926194448296,-0.022879187017088607
2020-09-11,0.0005088210306043812,-0.006963926562971985,-5.4861557792618405e-05,0.002130253132301628,0.00928856730228622
2020-09-14,0.013085335473919945,0.017265381582532116,0.00786160327773618,-6.105611482225497e-05,-0.003705094226839781
2020-09-15,0.005039787145139641,0.014073831463105077,-0.0023956152677241513,-0.0024350308244688117,0.021300838892814363
2020-09-16,-0.003976470903822596,-0.01607482102227486,0.0028305733071044767,-0.0029913185540008597,0.041984119649834124
2020-09-17,-0.008834332573177756,-0.015745810640856117,-0.005505121062685115,0.003052523518948853,0.018298414113574888
2020-09-18,-0.011579362780968036,-0.01284467462403329,0.001310849171618332,-0.0031129073100531366,-0.005832923698026444
2020-09-21,-0.011191980995611727,0.002395693390952067,-0.020291789448272826,0.005061242363752499,-0.026854222088679443
2020-09-22,0.010132805131092586,0.018408102807619377,-0.004858095828927072,-0.0007908372135083441,-0.004250833079078748
2020-09-23,-0.02346404270542946,-0.031010083889586922,-0.021843335368817322,0.0013382137091983116,-0.004982194923117625
2020-09-24,0.0026617913212620527,0.004645518858691061,0.0037119030895910897,0.003822492104382237,0.01662869760110103
2020-09-25,0.016037841804431838,0.022982497751988892,-0.0028540460781505306,0.0,-0.005277043645121539
2020-09-28,0.016472818267727243,0.020556148418241174,0.010010290107421884,-0.002850612181985345,0.011921604978555397
2020-09-29,-0.005460877519445443,-0.0045194227832139385,0.008397048385655496,0.0011534933715088825,-0.03511620787180555
2020-09-30,0.007553292383926246,0.006825487081153282,-0.006022969047958764,-0.009631271754765408,0.021075976939467358
2020-10-01,0.006399967143176806,0.015748012440121632,0.008880963695329078,0.0016476396340617619,-0.027958834419266585
2020-10-02,-0.009540134690020812,-0.0285341785491614,-0.0008957769408936138,-0.0037403992219810214,-0.043081293792032974
2020-10-05,0.017577836656795187,0.02110166064591066,0.004861081696310086,-0.019733100962984355,0.05823310141913589
2020-10-06,-0.014318124873932693,-0.01800796134865672,-0.011830479550692698,0.005375063719335909,0.016335558102521047
2020-10-07,0.017257122320210115,0.01715127966726902,-0.00045132478533539146,-0.007318969663460932,0.0
2020-10-08,0.00882341435155514,0.005308678987602125,0.0035486272055745486,0.0053850370749852685,0.02607483083551165
2020-10-09,0.008890229528659465,0.015164436502087299,0.017998399966815504,-0.0001877444070087806,-0.015563131213530625
2020-10-12,0.015959707216097498,0.030403757401282067,-0.0028758136916344685,0.0031807158235099826,-0.021847269106202636
2020-10-13,-0.006547807290920619,-3.420313844682362e-05,-0.015853834051583145,0.007135113686891871,0.013798180990953998
2020-10-14,-0.006302818617020296,-0.008387432628164928,0.0030899939936110464,0.0022849018599950355,0.018106360603898343
2020-10-15,-0.001236849849305151,-0.006733819584631048,0.003639489400711449,-0.0017285700240938654,-0.0013811814393901274
2020-10-16,-0.0006043628989233054,-0.005495832479874711,-0.0034712263457632483,-0.002784305691903622,-0.007631019385544935
2020-10-19,-0.015320112179288782,-0.01646008667218924,0.0005046193567768562,-0.003787166371715074,-0.004536708600425799
2020-10-20,0.003997506367517648,0.0021473526903476084,0.004809318137998378,-0.009561433851325268,0.015961445363616406
2020-10-21,-0.0018944275836957492,-0.000773978199745932,0.00750319529892209,-0.003459387071227631,-0.03324886711980875
2020-10-22,0.00547009477556315,-3.522537098258595e-05,-0.009849030639627046,-0.010451599308204131,0.014485321037570427
2020-10-23,0.00338940623543496,0.001968716110634535,-0.0010630400237792174,0.006094074822511708,-0.022345355162011117
2020-10-26,-0.01865296324293414,-0.015109971214423765,-0.0005039129828936211,0.009260135862447895,-0.028006869766230385
2020-10-27,-0.0034530395820992327,0.007778104544548028,0.002628864176270774,0.006687574739703992,0.0211686704454275
2020-10-28,-0.03477670363340448,-0.03976677808976836,-0.01627516884164325,0.0009326059842686602,-0.051122281716345544
2020-10-29,0.010112064264362206,0.01733493554197013,-0.004153341326592121,-0.009754394736708916,-0.027356708366868182
2020-10-30,-0.010479417714301498,-0.025689841622534643,0.004550651041840146,-0.009914028499804214,-0.01376621066530904
2020-11-02,0.01114626169077856,0.0022248591415907704,0.00965812884851217,0.0074622197776254935,0.03922072186926905
2020-11-03,0.017501480527575282,0.01714974763098048,0.0056609432999779495,-0.005818834606202431,0.017365445379995757
2020-11-04,0.02210303715571695,0.0436711817315546,-0.0005590140649358909,0.021460292845134385,0.02658949934979182
2020-11-05,0.019315274661493874,0.025736861065275125,0.022723771699055755,0.0017371246064988024,-0.010256525248040929
2020-11-06,-0.00022827265278715876,0.0007467425794452471,0.0014203529597109255,-0.0121585631782503,-0.025733306773892912
2020-11-09,0.012487280620608252,-0.020645736425528693,-0.045280856143465276,-0.021238443247832802,0.05868938920334429
2020-11-10,-0.001467626865089377,-0.018076578012737387,0.0033073065556014952,-0.00578424673346752,0.02948617124838723
2020-11-11,0.007400904330553556,0.022123121063873756,-0.00433598220930235,0.0036028528831687206,0.004486670732795403
2020-11-12,-0.00974804597682553,-0.004704841305024437,0.006042387508780373,0.016874320722354882,-0.013171804407064313
2020-11-13,0.01374950885986711,0.008734424548102148,0.006796565090032186,-0.0013265622571842076,-0.018665824408295097
2020-11-16,0.012405191809851954,0.007771918669456757,-5.650286865533134e-05,-0.0024050277296119773,0.02388593789154698
2020-11-17,-0.005392626015534001,-0.00317628870271443,-0.0036759204841880807,0.006506347531743871,0.002080492185030933
2020-11-18,-0.012108171898710902,-0.007418300671640285,-0.005738783845972931,0.0028922357809226928,0.00449280724223684
2020-11-19,0.004201522158076283,0.007794233865394021,-0.0018822296869570197,0.005135555692649901,0.0030986477660088128
2020-11-20,-0.006871391790982676,-0.006863876802214119,0.003021229432643738,0.008830840625943104,0.006168638590657919
2020-11-23,0.005976415407692099,3.43645265031984e-05,-0.019890324232127853,-0.004592422235604927,0.008504898896030278
2020-11-24,0.01598519968135726,0.013952492189723545,-0.015447030279527764,-0.010001979828265532,0.042446649969595976
2020-11-25,-0.0015428194016469795,0.006127641460752319,-0.0004718480371509017,-0.0030831494338669978,0.018337383746557693
2020-11-27,0.0027812627359668886,0.009172060609855051,-0.010198732236165305,0.009657735599636601,-0.004793155861809264
2020-11-30,-0.004437039892447167,0.0020381271105089117,-0.006697358920117144,-0.001248952326204461,-0.008039921279715477
2020-12-01,0.010878001481946342,0.012734793894821577,0.02084085881536413,-0.014853783775169684,-0.011365554176248176
2020-12-02,0.002101596959686578,0.0012842478425631222,0.007493385024315116,-0.007968308833649143,0.011365554176248335
2020-12-03,-0.00027269693657632735,0.0014141017229765574,0.007842668530553789,0.008032099677643357,0.009000404368610592
2020-12-04,0.008580579444353024,0.0040670490587151505,-0.00283945502654119,-0.014774701446641341,0.00987110287328503
2020-12-07,-0.0020568266150436396,0.0056464683591993334,0.014803945459514797,0.008980070578769593,-0.0050825982902052745
2020-12-08,0.002921744998139752,0.003379319083764702,0.003481841534737405,0.004714393026974203,0.00031842792712507797
2020-12-09,-0.009009308388331623,-0.022901527782244413,-0.017241806434506103,-0.003310518848034357,-0.0022310668959501833
2020-12-10,-0.00032728174359226595,0.004007893534861033,-0.0019148863181888906,0.008824557294435547,0.024272285312903
2020-12-11,-0.0011730467543359356,-0.0022173240775125074,0.001856945469586849,0.003533377693286759,-0.005308367602050232
2020-12-14,-0.004487384800317039,0.007229063692339341,-0.005522859199322822,-0.0027748192318708433,0.007175124825333615
2020-12-15,0.013428984474843513,0.010632891177951723,0.013893989774039692,-0.0033533380231674575,0.011435845593483459
2020-12-16,0.001568037211733327,0.005484346851329571,0.005503920929853093,-0.002665253391982662,0.006127493283200724
2020-12-17,0.005576409799677314,0.0065164954692008,0.01046541004295572,-0.002649448150233181,0.012746702455993283
2020-12-18,-0.004000856664890942,-0.003027015705912281,-0.0016988680965652808,-0.0030019574591258107,0.009603906282995112
2020-12-21,-0.003581816617989002,-0.0018724924905473956,-0.0031789169989821435,0.00395782338938795,-0.025409720552114774
2020-12-22,-0.0016869885405591332,0.0027154369330071888,-0.007934507183398202,0.005147936365654119,-0.016994051519646024
2020-12-23,0.000898573243432763,-0.005048720654678023,0.006625879072275585,-0.0069331455130926594,0.0203585022044973
2020-12-24,0.0038826138510834186,0.004402730469057723,0.003977347328631379,0.003949598901530051,0.005177358106261292
2020-12-28,0.0085540181001733,0.010028557716116914,-0.003635744312567208,0.0004449570984448086,-0.010074822656005691
2020-12-29,-0.0019096600061466638,0.0008949078469893008,0.003635744312567162,-0.0012720638680155812,0.005813038544900802
2020-12-30,0.0014261370951506981,3.19282020375964e-05,0.007626026694655132,0.0021612686783739,0.003958022242310707
2020-12-31,0.005067740974347036,0.002457324261342414,0.0037072651943418997,0.0014593122126118914,0.00303393669915042
2021-01-04,-0.013707454290685454,-0.014220538258810648,0.02201425891234798,-0.0012055974330022353,-0.019269513781507985
2021-01-05,0.00686376043726501,0.008209913096804978,0.0029572490918935946,-0.007453776210933206,0.04705323810739285
2021-01-06,0.005960732279810231,-0.013948904050942616,-0.016374384156319522,-0.020741767679604013,0.004996394980416393
2021-01-07,0.01474817101597885,0.023903870415120966,-0.0023373497260989994,-0.00885386918310485,0.012237861725762293
2021-01-08,0.0056814351117460945,0.012776145523187014,-0.03480879472366203,-0.0032325899128687603,0.025730451440923834
2021-01-11,-0.006763802706765653,-0.01455526944813496,-0.001963368081678198,-0.0016541656540661638,-0.004809798123717891
2021-01-12,0.0002113957411630946,-0.0015913906743246118,0.006453094143516468,-0.0007941987656859048,0.01798820863067492
2021-01-13,0.0026893954389448052,0.006730405160360332,-0.004316677807613859,0.011199041248934694,-0.0027894659023265257
2021-01-14,-0.0035080648262400633,-0.005361702907704677,-0.0005192346256867747,-0.009412376809371783,0.01221565539459009
2021-01-15,-0.007319344359785162,-0.007953154017561572,-0.012485246085867416,0.003960522848088345,-0.025148056280825566
2021-01-19,0.007821163769508166,0.014484918945040951,0.008437377567923208,0.0032217212445055125,0.011534797930755755
2021-01-20,0.0137437032529406,0.022994619375163464,0.016151154600027997,0.0009848683876015284,0.001118281218452246
2021-01-21,0.0009112819493185287,0.007967642676335122,-0.0006273739671711188,-0.007043266420706624,-0.0008386469901476758
2021-01-22,-0.0035459067158580995,-0.0028844458366823265,-0.007904302060517928,0.003231459200420089,-0.014931924008750838
2021-01-25,0.003936214265883659,0.00823218712604555,0.0008622455288576803,0.011716951855206385,0.010166724449911757
2021-01-26,-0.0015618881661324203,0.0014618014053336258,-0.002473656951145883,-0.0018886640339497945,-0.0039414293097817625
2021-01-27,-0.02474423084459732,-0.028272658909074808,-0.006355778295441206,0.0025393427375643212,0.0014094219816694934
2021-01-28,0.008563583838916151,0.005899402283307355,0.000926931727635592,-0.005543296962790383,-0.007067167223092443
2021-01-29,-0.020222964808705696,-0.021262496707258702,-0.0004054103376829626,-0.006034515671890637,-0.0019877812741702352
2021-02-01,0.016508397757292657,0.024680079034880356,0.00934152297824149,0.0011585555236227057,0.026368950993380203
2021-02-02,0.01404135513294659,0.01618260759173211,-0.012242430084677477,-0.006467934985246313,0.019194468539128602
2021-02-03,0.000786135199421702,-0.003975435526551234,-0.0015117720158050482,-0.008912702544208225,0.016698447412992874
2021-02-04,0.011301543583821735,0.01175713152402723,-0.021765636924135134,-0.0026761263597031783,0.009834039294073163
2021-02-05,0.0039279732182556735,0.0033860240974301885,0.009823748692690917,-0.008408646629952526,0.010000011054301745
2021-02-08,0.0071961864490644265,0.006677181359357655,0.01001975221091292,0.004381287383259415,0.019448299399222043
2021-02-09,-0.0006660278848915398,-0.00020961293696651,0.0032595928083516256,0.00073966347307066,0.005889136254178878
2021-02-10,-0.00043583963712133056,-0.0022814586414717252,0.003654430629279855,0.0066319187560818305,0.0028043514779165345
2021-02-11,0.0016138626274682462,0.0054845501752766816,-0.008723013798522866,-0.005490561656439041,-0.007923301734508309
2021-02-12,0.00492755910524893,0.005573626483160409,-0.003041852351548402,-0.012496548708826395,0.02458614292902422
2021-02-16,-0.0008662248490448214,-0.00270847710117007,-0.014457496034195686,-0.015343907804803382,0.0126883687619801
2021-02-17,0.00022919047361563214,-0.004809711507908383,-0.011417786234196115,0.006330018978539086,0.010818857084082954
2021-02-18,-0.004264784649948519,-0.004381649634254658,-6.0090224343136566e-05,-0.004054858701093461,-0.01527873321915533
2021-02-19,-0.0017675097597004323,-0.004370936292830774,0.004139970385631239,-0.013381234757727496,-0.014759496123130926
2021-02-22,-0.007721586225748451,-0.026261759944167542,0.014858231751961605,-0.007637129206302428,0.03953080149441655
2021-02-23,0.0012135175565819599,-0.0029820215865505764,-0.0023033964742125187,-0.002887561843706603,0.008202703699968856
2021-02-24,0.010959086588044323,0.008209551121122274,-0.0007097783269727351,-0.006581985778255965,0.020923280628391945
2021-02-25,-0.024390844134923102,-0.03548474758415381,-0.018995808065307287,-0.016465218526692096,-0.0009416412173749658
2021-02-26,-0.005165927097892261,0.0041788800678903126,-0.024480114534154506,0.03252414217139467,-0.02745780006077444
2021-03-01,0.023951069061310136,0.029638480290909257,-0.0017319159550744983,-0.013295185482961165,-0.017336605627759967
2021-03-02,-0.007833928795771173,-0.016168830918204712,0.005433148366520264,7.104767085515242e-05,-0.013140111992475001
2021-03-03,-0.013334100375847788,-0.029449257127463716,-0.011082728374520621,-0.010905279189480286,0.026352952356860238
2021-03-04,-0.012451938126345688,-0.016502670492988585,-0.00988559566723337,-0.006470318109011796,0.04584582259159582
2021-03-05,0.018229313720606332,0.014948825133231512,0.0006286134207733884,0.0019453508790368312,0.03131324188884794
2021-03-08,-0.004991230958206667,-0.028722842955763345,-0.010422315048141234,-0.007804939941019286,-0.021378995774652115
2021-03-09,0.014176671306396407,0.038683394658287296,0.02104806019448947,0.013762493254953897,-0.009005935177590985
2021-03-10,0.006205213229168408,-0.002858402478174482,0.005085327698430273,0.00200156778263814,0.014508050705300158
2021-03-11,0.010088109512767821,0.022769627491737474,-0.0008663865026826478,-0.007239584912177866,0.019470771191138485
2021-03-12,0.0013459596437217307,-0.008145157747210733,-0.00018574519969141986,-0.02144944350373468,-0.00562115046328525
2021-03-15,0.005945749211914748,0.01062623762789661,0.004386867610048303,0.005861896323820754,-0.002031377650180952
2021-03-16,-0.001262097496532173,0.0054737952081450325,0.0009244132771239594,-0.00402640154719294,-0.009762740493015447
2021-03-17,0.0034040060378023942,0.004108907675566718,0.0071195808075622735,-0.007511170247644716,-0.00022822900398765546
2021-03-18,-0.014656640530454117,-0.031109612375570726,-0.0058269675795917875,-0.010178099944783192,-0.07952933815208219
2021-03-19,-0.001851966212451543,0.003519243357800083,0.004174394816826358,0.006178651226801657,0.031617400417298505
2021-03-22,0.007953360984039261,0.018579349894655723,-0.0014713433816878438,0.011143789434648084,-0.0014375032092081529
2021-03-23,-0.007901719282563315,-0.004372129654391408,-0.007327408483150656,0.008986352456131417,-0.057736808433560625
2021-03-24,-0.005096598205772336,-0.017009287741502323,0.003454859203276189,0.005367948935618019,0.051483822162098694
2021-03-25,0.005609842380084734,-0.0017330281811337262,-0.0036402714825327686,-0.007917092805302782,-0.038362249371114564
2021-03-26,0.015986244236983378,0.014889115608605747,0.002839374216722469,-0.0035056005198530887,0.040290377632928184
2021-03-29,-0.0005051025058326528,-0.00028477359247208733,-0.011967328788777756,-0.008525029165436064,0.009346968083669237
2021-03-30,-0.0026565629137475684,-0.005045987420209734,-0.01723957501602924,0.005225721822056604,-0.01805320502669375
2021-03-31,0.0040453119883739905,0.015187012236333059,0.015053975494509144,-0.005594543066766286,-0.015667380784643338
2021-04-01,0.010741125795853247,0.016902688728160375,0.012549018493591777,0.016460371292334713,0.03181041288189651
2021-04-05,0.01425106998113896,0.019767936314935515,-0.00037046965366193687,-0.0043728082525206465,-0.03799778585868431
2021-04-06,-0.0005906816415931379,-0.000694738617447338,0.007996616729269289,0.006770314094422202,0.010373073649069047
2021-04-07,0.0011565216899815402,0.0024152839038980114,-0.0028223021365765604,-0.006989317785224088,0.0039234931331157755
2021-04-08,0.004735614769468409,0.01037957847914521,0.010694635856861524,0.008221817599505188,-0.0009794544215410044
2021-04-09,0.007243801938260526,0.006039863164805207,-0.007566026934120144,-0.003630005656182463,-0.004419361653831711
2021-04-12,0.0003644691277730003,-0.0013057630122564814,-0.006082067490100263,-0.00043607745095857966,0.006377312104574959
2021-04-13,0.0029594623706200164,0.011605441820634197,0.007061488473290135,0.007465698338997443,0.012150817331938266
2021-04-14,-0.00342122001496938,-0.012080772833277855,-0.0043537794872208335,-0.003182272864479601,0.038849019436828364
2021-04-15,0.010685410501547104,0.015041667013027536,0.0160335365383925,0.016595728246373672,0.005329627690957501
2021-04-16,0.003336950873317929,0.0011701801879048632,0.0060295628147861114,-0.007796857068121089,-0.0020821326618449174
2021-04-19,-0.004925306297166942,-0.009193841443896374,-0.0027691247303623773,-0.0028764633227008644,0.003236982933916774
2021-04-20,-0.007348500474719713,-0.007315366184858481,0.003550241996940974,0.0045985605975203975,-0.013479125925535884
2021-04-21,0.009417563537176836,0.008524289149925677,0.009862362310853667,0.0020051339719048427,-0.02295689969433499
2021-04-22,-0.009174864281606214,-0.012127516242815434,-0.00650425423162094,0.004354574485289907,0.007631796939522536
2021-04-23,0.010783757619263557,0.012510935520848348,-0.0038387727937765547,-0.0023537126489852262,0.008752248305240276
2021-04-26,0.0020854789784338266,0.006489929669413162,0.002640755671589698,-0.001428397696145632,-0.003066336923498483
2021-04-27,-0.00021542940631944754,-0.0043417735815203815,-0.0025205449092440876,-0.00876141306057165,0.018258905127549612
2021-04-28,-0.0002872067764130906,-0.003386425312645298,0.002940064461277065,0.000648334402788682,0.009695324604357607
2021-04-29,0.006352370473487292,0.0035921503458087177,-0.004142547462168167,-0.0029592338118881933,0.01663096917861489
2021-04-30,-0.0065921649907514845,-0.006575874713943003,-0.003374702192485256,0.0023108994090996126,-0.022621731883987573
2021-05-03,0.0021543600897670815,-0.0053399757193956805,0.01289485518814097,0.0005991226637671385,0.016275409902131718
2021-05-04,-0.006188455488711554,-0.01815966017161742,-0.007356686965198023,0.006763222464124122,0.020034421465064487
2021-05-05,0.0003128633269084408,-0.003367759616024135,0.00413361336698124,0.0016476513092955278,-0.004691153187873519
2021-05-06,0.00795379766889144,0.007508843877627859,0.016542002735280385,0.0016453302648174399,-0.005613577127234463
2021-05-07,0.007251535860198357,0.008081777442366078,0.00895658735382193,-0.004943678097786469,0.0004502579483839958
2021-05-10,-0.009951584959189581,-0.02557866089894111,0.0030259218728549953,-0.01017893840961729,0.001124715834372839
2021-05-11,-0.008964837055560374,-0.001382643143617,0.0001742848474817966,-0.005675396203061085,0.008729756532351094
2021-05-12,-0.021474207956464767,-0.02622365723732264,-0.009983483413452903,-0.010563262797771622,0.007770097661356669
2021-05-13,0.011940859738547902,0.007701540686890053,0.004098917859921596,0.0015471476678770258,-0.03167736067225913
2021-05-14,0.01523886419446217,0.02183669460917445,0.009074563611959028,0.009308047841743253,0.020335036596548024
2021-05-17,-0.002547954830907734,-0.00608473930601941,0.011572105937362132,-0.002117981062795299,0.015094633252671224
2021-05-18,-0.00865276414565399,-0.0067736557542591395,0.0019442812059788442,-0.0025616700827411475,-0.012191201414644755
2021-05-19,-0.002625326747223043,0.0011476508669306309,0.0006853819629941132,-0.0024216533489246385,-0.03195014803332725
2021-05-20,0.010700197734188906,0.019158609021757665,0.004556871795741219,0.008194764591557926,-0.022117087415870915
2021-05-21,-0.0008186751178976829,-0.0055501729753020465,0.00045446916842239933,0.003201358614947604,0.02831475340241061
2021-05-24,0.01014251881919707,0.01667920262479772,0.001759487487714246,0.0036973552949325045,0.029758726086480065
2021-05-25,-0.0022211910830901072,0.0013826967206811201,0.009031903514378268,0.009220924417526272,-0.0022237565389224214
2021-05-26,0.0019825655493931247,0.0034776094262894044,-0.0017435678186662285,-0.0017221535913391661,0.006214014609706075
2021-05-27,0.0005247760239259101,-0.0037479619798620302,0.0003940189892895408,-0.004031304490023798,0.007713503239096368
2021-05-28,0.0017873287112580277,0.0031492915719719037,0.0037630876338542248,-0.0015872494559742117,-0.002858110592903192
2021-06-01,-0.000881361035701026,-0.0033299455891871352,-0.0026945732480542135,-0.0002242668401828026,0.019837242586995457
2021-06-02,0.0015714105932957288,0.0019515098070800227,0.004878526963101577,0.0023127121279396634,0.012227969036399085
2021-06-03,-0.003718372737090046,-0.010460289045864003,-0.019772420864664846,-0.0037608369841719566,0.0014914180409343815
2021-06-04,0.009104339465825964,0.016827484438990056,0.010725633264657355,0.0136011691130281,0.006155110215271782
2021-06-07,-0.0009705231333531753,0.0029753860338694827,0.003999619209610979,-0.0030778629170148154,0.00021161824599503278
2021-06-08,0.00021320183381579855,0.00047492343932871596,-0.003096867753862795,0.0070017563374074315,0.012822048508777403
2021-06-09,-0.001493057506901629,0.0002374238957738224,-0.0019193434836643904,0.008789979481379521,-0.006285359639427327
2021-06-10,0.004637542715179404,0.010366538069628825,0.004285131517665339,0.005981535612115095,0.005240552616245622
2021-06-11,0.001651000747808216,0.0026114413718471507,-0.011316177890912231,-0.0016152236204654087,0.005005179582537335
2021-06-14,0.0022365184644660093,0.00953709789412126,-0.005878166410042197,-0.007688823577606243,0.005187271753536714
2021-06-15,-0.0018357505779613874,-0.006552313223189319,-0.0037848631237422004,-0.0012043793384593586,0.013566494867255767
2021-06-16,-0.005599265276064973,-0.0036588624655021903,-0.01703600368035545,-0.0008512550803968603,-0.00470684473423503
2021-06-17,-0.0003314383679174076,0.01261756622671949,-0.03122282591641038,0.014860547204380854,-0.014671181174468589
2021-06-18,-0.013582201819841705,-0.00787821387880662,-0.005562705142465907,0.01863163704707002,0.006639022098204193
2021-06-21,0.014214168349055773,0.006195672804394323,0.012173251058176099,-0.016884777456045007,0.020467353594847686
2021-06-22,0.005332152913614625,0.009278535241591232,-0.00420166857422807,0.0024392639895529813,0.0012147715471398123
2021-06-23,-0.0012062225116188157,0.0004891560852746463,-0.0006618767987564016,-0.0025787562688815613,0.006052127684481837
2021-06-24,0.005898257734728613,0.0061637316460503005,-0.0006021199876096117,0.0016042825093603441,0.0024105863466912614
2021-06-25,0.0035458710806641463,-0.0012300346883183657,0.003306999189259349,-0.010438139561135248,0.008192669398432578
2021-06-28,0.0020138375705166063,0.012088332865740696,-5.999643961855651e-05,0.010228157715833507,-0.014230104397403666
2021-06-29,0.0005380593902691652,0.003612316352861425,-0.010561034647227364,0.0016721250228280105,0.007040127097218515
2021-06-30,0.0008412542265046621,-0.0015788828408747247,0.004841763592293601,0.004443662444670906,-0.000200427413466966
2021-07-01,0.005521293330868713,0.00039508750806207924,0.0034354496150826534,5.475387662916662e-05,0.014726591790788236
2021-07-02,0.0076146466389225695,0.011413307597454283,0.0065369291506959725,0.00601717983629289,0.006105412872255298
2021-07-06,-0.0018230728210857227,0.004312435454653084,0.004949187883217545,0.011652212719752647,-0.02043111355236838
2021-07-07,0.003527546332290806,0.0021077960778626216,0.0037995736126820853,0.008820369575236518,-0.02516369911662871
2021-07-08,-0.008181274792966778,-0.00605791572127811,-0.0006520293887520076,0.00391015782188522,0.017519303400777134
2021-07-09,0.010618298564948038,0.00622412473280251,0.0033150614410246745,-0.014162506869106922,0.017812927447246028
2021-07-12,0.0035755603894409896,0.003898153715454524,-0.0012418718351821449,-0.0012977497614692262,-0.0019856732677942016
2021-07-13,-0.0034149072632957255,0.0,0.0013009357869861221,-0.007683048285711822,0.016558630429281487
2021-07-14,0.0014912000404695548,0.0017918369349415526,0.010697757313475486,0.011298311346063255,-0.02875757377561238
2021-07-15,-0.003421494129829176,-0.0070483478052008166,0.00017546425482688882,0.010969769646891017,-0.013368638156530003
2021-07-16,-0.0078743152918084,-0.008132048902859262,-0.009751038308664077,-0.0018871725470977327,0.0020370443754190552
2021-07-19,-0.014878177817848623,-0.008227270255974159,0.001179853512608669,0.021691799656412658,-0.06951627893717599
2021-07-20,0.014228620774270024,0.011549381952230415,-0.0012979424872485647,-0.009686980963016973,0.014510231412515527
2021-07-21,0.00806367154420271,0.007690678047558418,-0.003726190289074976,-0.01274725106990698,0.037142952008094726
2021-07-22,0.002092257783441481,0.006588633201374452,0.0019535411866020086,0.009408730063544486,0.018473385028781236
2021-07-23,0.010235230840538585,0.011609667427806005,-0.003139340880551927,-0.0067118246005121495,0.006082805730659389
2021-07-26,0.002451645413334914,0.000787195484222285,-0.0023758261058627853,-0.0029671065242189583,0.004034642339618615
2021-07-27,-0.004567944224079314,-0.011078824388794477,0.0016636888817755746,0.010614427265062195,-0.004034642339618609
2021-07-28,-0.00040997282709603227,0.003834049358019319,0.0050335632022407,6.714629692492413e-05,0.005040841278820103
2021-07-29,0.004138571830381397,0.001775321223339602,0.011044023020098688,-0.0055619604196306995,0.018334474589103467
2021-07-30,-0.004868249624388307,-0.00522529484642792,-0.007918108309762988,0.004693065774623029,0.00039487577836507583
2021-08-02,-0.002100076138703776,8.228275481433839e-05,-0.0012374082182159806,0.008879551465835812,-0.029649598568201038
2021-08-03,0.00810251891633294,0.006042951434538008,-0.0007077270423842932,0.0005311053231445266,-0.006732695740543896
2021-08-04,-0.004930923336147477,0.0014439730607589535,0.00023593466942563418,0.0020540936329733997,-0.034360438497303795
2021-08-05,0.006312803123059483,0.0063227536618301805,-0.003959922253451811,-0.005110018736292884,0.018888236633179716
2021-08-06,0.0016511934762741668,-0.004391865297395781,-0.025308704477345147,-0.01684237630660311,-0.01107984135976976
2021-08-09,-0.0008138827203984727,0.0018458980031152942,-0.017894816057729707,-0.003592754229032187,-0.02060179564147391
2021-08-10,0.001243035945418289,-0.005138893393585076,0.00030914743149373187,-0.004628927297563789,0.02291152077017612
2021-08-11,0.002481887519319625,-0.0017188783832591237,0.01369082807188368,-0.0006141501733702806,0.012919515705086015
2021-08-12,0.0029922376941570916,0.003597896367831275,0.00024383177142714218,-0.0016399305264109302,-0.004149399474018302
2021-08-13,0.0018182647376354404,0.003504004283495575,0.014224167163591615,0.01567253213865687,-0.014027199064934987
2021-08-16,0.002352040428363029,0.0004336230543667216,0.004975891262677384,0.002420485517523668,-0.008256623270613174
2021-08-17,-0.006576673461229448,-0.008847151769138384,-0.001496155150116038,-0.00040311897298383,-0.00982701928702805
2021-08-18,-0.01100542349173007,-0.00967133288972776,0.0007783092556947036,0.0033538451144075644,-0.025659165109115145
2021-08-19,0.0015470930501596822,0.0048198407215097,-0.0029367165231408677,0.007338045072825083,-0.013973856179309099
2021-08-20,0.007925517903449813,0.010305195942679446,0.0005400158455303154,0.0006647328882241534,-0.030387828904086894
2021-08-23,0.008758195706550946,0.014846006922887582,0.012104007439095057,-0.0006647328882240511,0.05422471184909816
2021-08-24,0.0015860063641217623,0.0030495819010865365,-0.0004742535717267673,-0.0078072629169796326,0.03261392896464085
2021-08-25,0.002096343940945563,0.001147817428393332,-0.006961609676564189,-0.008341110756008793,0.00924575697462749
2021-08-26,-0.005920690603162944,-0.006370186226773985,0.001133835388463418,0.002765735717170586,-0.006926291261662087
2021-08-27,0.008901047928777713,0.009673304800492132,0.014917723322635659,0.0067807647542994995,0.014012609833968386
2021-08-30,0.00438795647519357,0.011159774966258373,-0.004947859047149437,0.002606281546985195,0.0051786753147627825
2021-08-31,-0.0014826161684653118,-0.0008157868814082141,0.00200564206756742,-0.0068303633975155195,-0.007465828979621637
2021-09-01,0.0005313326243298966,0.001656688245242829,5.88968847449306e-05,0.0016738229077000602,-0.002292396730733525
2021-09-02,0.0030717793776462825,-0.00047281150871432984,-0.002655242464544409,0.004355865115274212,0.021057765023962303
2021-09-03,-0.00024254732746146893,0.003070893394283438,0.010637446088029513,-0.009135944856303162,-0.005942050343037052
2021-09-07,-0.003582000454306594,0.0014143255875771977,-0.019778020504279115,-0.008472094032775096,-0.012823317950191726
2021-09-08,-0.0012190636995721886,-0.0034868829711726316,-0.002507544166051433,0.00678346864962437,0.01138373528873871
2021-09-09,-0.004289409332482417,-0.003446379039838557,0.004413734414974538,0.012027604710494626,-0.01743868463138708
2021-09-10,-0.007916007491832935,-0.0076184091814200305,-0.005071495164425335,-0.008855438978980758,0.021751230298356867
2021-09-13,0.0025560994719444,-0.0006906229337277778,0.0033441618437189445,0.006046587737686506,0.013838241047701913
2021-09-14,-0.005411065533961494,-0.0028471263213447158,0.006417907636002404,0.012049901248084431,-0.003441610186611406
2021-09-15,0.008317793142490693,0.007407444369991276,-0.005881528710091136,-0.003512990755466819,0.02760169730611926
2021-09-16,-0.0015862524928583898,0.0006874817237499136,-0.022902242747818987,-0.00459291631463899,0.00019730025294666215
2021-09-17,-0.009788739192293535,-0.011912944880809984,-0.0015862999324902439,-0.004815545256337043,-0.007523319317769283
2021-09-20,-0.016814994513746948,-0.020879709605851813,0.007118755657039398,0.0123259180981272,-0.014411803360290014
2021-09-21,-0.0009450689276889891,0.0012297333983108327,0.00664689654260444,-0.0008612017846632578,-0.00040323942883302525
2021-09-22,0.009707594692743899,0.009297168408885902,-0.0037409995549623856,0.005946745659438443,0.017989645626378586
2021-09-23,0.012076770077049619,0.009184409625970042,-0.011613566243419594,-0.022856335180106022,0.017671803305539066
2021-09-24,0.0016458612815741143,0.0009379744405952433,-0.0012850982867509395,-0.00982144226019805,0.008527156774534996
2021-09-27,-0.002865069959696804,-0.00801441020127873,0.0020798706668898187,-0.0036825121439082818,0.020816184787313022
2021-09-28,-0.020357489968815173,-0.028705488900722626,-0.009763940911599527,-0.015699812471314863,-0.009685733585303844
2021-09-29,0.0016815045033470252,-0.0016408799334283655,-0.0045149330127863515,0.0017340893702324628,-0.00152791913074966
2021-09-30,-0.012297434943506578,-0.003680706168081449,0.01781698430701417,-0.00013914211650350254,0.004576698988345329
2021-10-01,0.011813877806020688,0.006182703988619943,0.0022505110921036547,0.008380590139698338,0.013230148566782401
2021-10-04,-0.012979750186849378,-0.02121300037531765,0.004667408258473528,-0.0025483126079878862,0.02283168052701363
2021-10-05,0.010351282008808605,0.013408691712727213,-0.004667408258473519,-0.009703978277504483,0.020705413889333023
2021-10-06,0.004147443164802512,0.006387476523670922,0.002669757352534067,0.00562607641276652,-0.026780017500881825
2021-10-07,0.00860860931908936,0.009133186189306211,-0.005285683868044846,-0.010513071724553527,0.021914696547885023
2021-10-08,-0.0018256031018234434,-0.00499923287551142,0.00042627404378714777,-0.007023521833940633,0.0019850337391385613
2021-10-11,-0.007265987933535385,-0.007699170749941014,-0.0018893655741350408,-0.002540745574260144,0.01271847103451547
2021-10-12,-0.002464800195962163,-0.003493977205007204,0.004504271350483098,0.016955663603207043,-0.0012467664675561883
2021-10-13,0.003591419811945896,0.007976110314415408,0.01763773443447277,0.00967852007170276,0.0008906963598861551
2021-10-14,0.016680696577067028,0.018249190427023835,0.0024434808580754102,0.0037090626080589564,0.0115076337419032
2021-10-15,0.007586950117253263,0.006280715793129995,-0.0160204917648545,-0.005843514453228249,0.005967026197924586
2021-10-18,0.0029559989540106054,0.010005824824515838,-0.002482990902389477,0.004677453453295816,-0.0033301659098051565
2021-10-19,0.007685297935138621,0.007538997133679932,0.003208519186409284,-0.013890006793312619,0.008043391773563368
2021-10-20,0.003920222991117675,-0.0013060705078614865,0.008725778175468667,-0.006773631450157482,0.01211717752020398
2021-10-21,0.0026046830593949733,0.006088419241764221,-0.0008991093021597419,-0.0011918742303322636,-0.01229131880264214
2021-10-22,-0.0010366201185331902,-0.008437725613356815,0.006098334452755203,0.010952799083888779,0.010741595645108999
2021-10-25,0.00534852077368891,0.01018569676574798,0.006890365329616705,-0.0015270287504554538,-0.003452393333952451
2021-10-26,0.0008994719859962085,0.0031436898593637905,-0.007427027125168416,0.00823527156984217,0.01066399713809446
2021-10-27,-0.004440079289349847,0.002318648665910354,0.0026206236403640355,0.018030563102204474,-0.02687633302179633
2021-10-28,0.00960263279590364,0.011043970955969118,-0.00023791366260843256,-0.0033904778602193253,0.00874896195963918
2021-10-29,0.0020272777007640788,0.004906874305656088,-0.008544299301700552,0.0030518797277236252,-0.004364912968413896
2021-11-01,0.0017185738611598417,0.003412977724035171,0.005207004497418708,-0.007225799855628853,0.006627112716290291
2021-11-02,0.004035058497525871,0.0041726239911418625,-0.0021513131388870075,0.004428869932560541,0.0
2021-11-03,0.006086519172293766,0.010559675237596692,-0.0083501482773226,-0.010387869067944651,-0.03881055254059279
2021-11-04,0.004701392526622084,0.012737275297949765,0.011277125295739413,0.01045559162274698,-0.007618429556688859
2021-11-05,0.0034636815711099373,0.0009535725256103251,0.012978359326946427,0.014845154613180008,0.02924764151134426
2021-11-08,0.000853256118023619,-0.001355693650904494,0.003585184846901929,-0.001876984777728322,0.009503783578212731
2021-11-09,-0.003310639619685916,-0.0069069998159660565,0.004916006634195484,0.012934252506345495,0.015296683760210513
2021-11-10,-0.008077618167324377,-0.014806134520542406,0.010800248284572371,-0.018452844940128322,-0.028875949977955874
2021-11-11,0.0003235156187322157,0.0027688654328285973,0.005586453042738802,-0.0014852389348244525,-0.0017771192398281883
2021-11-12,0.007518626340055373,0.010467567093014161,0.0018934614978916627,-0.0044021764190745735,-0.004278111281319079
2021-11-15,0.0003423659189647493,-0.0002278671868099089,-0.00154894492430588,-0.012636431981500601,0.0016064287827814688
2021-11-16,0.003950029681121956,0.0070954930056212236,-0.007260156004477963,-0.0025462015434974954,0.0023158657822633685
2021-11-17,-0.0024322455962206523,0.0005282993049778057,0.009095692432078762,0.007893312906263208,-0.021583585242609525
2021-11-18,0.003390782055884156,0.010308052671529422,-0.0032143154449525086,0.0037533644454462133,0.00995031711888432
2021-11-19,-0.0017899841426839997,0.005559949698784499,-0.007675708262916443,0.01050282924267224,-0.032381874208723904
2021-11-22,-0.002819073136088111,-0.011676955206703067,-0.02267561664312034,-0.011797495407637283,0.01238123524808177
2021-11-23,0.0013250609409002293,-0.0045682398573711905,-0.008690053468478977,-0.014564782944566352,0.031633907084367203
2021-11-24,0.002666359626611655,0.003215160711502364,-0.0009569597921073518,0.01592785298727894,-0.005710216971873679
2021-11-26,-0.022555625696858705,-0.01914070671749361,-0.0016168462526691021,0.02495543656462545,-0.11861104238229331
2021-11-29,0.012191995107920153,0.02147000767657535,-0.0013795005365548109,-0.008071154270351887,0.010821690878243483
2021-11-30,-0.019649399842292053,-0.014795152846961824,-0.006744546424564762,0.015088003473027141,-0.046092954289012306
2021-12-01,-0.011169359058415897,-0.01715915721995642,0.003980006790395922,0.006149534371789724,-0.018325924657032255
2021-12-02,0.015199971574293042,0.007181128037636317,-0.005552205835401061,0.0012468738300112031,0.02622619579128065
2021-12-03,-0.008739083011128553,-0.017541603444826755,0.008376819081740972,0.01186154018699013,-0.006023507936502145
2021-12-06,0.011773639756209337,0.00798090775183158,-0.0024635953850727986,-0.013830290435465308,0.05097029234168372
2021-12-07,0.020473770510602896,0.02966944271544951,0.0035432060613326127,-0.00811259803009452,0.021156554964686693
2021-12-08,0.0026444969640338784,0.004464330584032812,0.0005393685677794685,-0.0174360452763923,0.015960304750538758
2021-12-09,-0.006774583629397751,-0.014823823713987605,-0.006130129283900702,0.00557782076045702,-0.027070441278895175
2021-12-10,0.009369446172129306,0.010811882868068246,0.004211020685246302,-0.0024160126063435534,0.01960273015478236
2021-12-13,-0.008897480893425434,-0.014552290247429829,0.002518126917516811,0.014671173096310526,-0.01140439860827221
2021-12-14,-0.006903887188144842,-0.01040411978067806,-0.009385206339641532,-0.0023863704466269516,-0.010160315502650221
2021-12-15,0.015503945548836294,0.022541639197112502,0.004282351988516796,-0.00966829652480001,0.013653435868815043
2021-12-16,-0.008857643968689655,-0.026051195708690227,0.012024970840539904,0.00038929832663119925,0.004831394172570662
2021-12-17,-0.01069972262826676,-0.0050016331621748405,-0.002143116686188639,0.011268313518667349,-0.021238015533671654
2021-12-20,-0.010690330922256271,-0.009747789625625766,-0.004240244730917084,-0.0075204324257316275,-0.01748151890127089
2021-12-21,0.01760318101479119,0.02213378701449701,-0.00041897618344674124,-0.0038147621284092166,0.032919068808959624
2021-12-22,0.00994888492920801,0.012104828477526268,0.00935611880010715,0.004616385145850417,0.01749203376803489
2021-12-23,0.006202639650941389,0.007510796799356417,0.002251481491211197,-0.00871519807009501,0.012309624653455446
2021-12-27,0.014053188916176901,0.0163922065799097,0.002364450476828884,0.0024206238452409755,0.025825854657926008
2021-12-28,-0.0008175330382589239,-0.00464538704598169,-0.004319380340024978,-0.003970450847464427,0.002747464189462748
2021-12-29,0.0012782523439869816,-0.0001494399150231424,-0.0002965516280151311,-0.010984756291949472,0.007471627689956004
2021-12-30,-0.002768390656413524,-0.0029929491743221483,0.007151581744182501,0.00835128144425781,0.00036298136196358135
2021-12-31,-0.0025233121944048813,-0.006264092478700856,0.006808358432551388,0.001958808009306737,-0.01352108795506955
2022-01-03,0.005773393243638296,0.009580969128439672,-0.015503300973700684,-0.026600432164085745,0.008608922300184752
2022-01-04,-0.0003351146046905441,-0.013055710789950497,0.007339514803169255,-0.0041669477839195385,0.013765808899177159
2022-01-05,-0.019388881941574326,-0.03120299995462545,-0.003012197052209778,-0.0054429449533126345,-0.0028823627729382298
2022-01-06,-0.000939704428071705,-0.0007026971322881596,-0.012319703780209438,0.0025855280172162438,0.02599859909660947
2022-01-07,-0.003961593270805301,-0.010891874359169149,0.004540812572282988,-0.007214398598708469,-0.0038746301632312623
2022-01-10,-0.0012449900860019964,0.0006579019028950504,0.0030355936239956378,0.0024578248385596444,-0.009040180870163358
2022-01-11,0.009067070505809138,0.014910241348447446,0.01199245713664559,0.0066392035452182705,0.03499307360114083
2022-01-12,0.002699663669916301,0.0039577639704111815,0.0026391371424113854,-0.0038388677893289222,0.012813022341733761
2022-01-13,-0.01387414346082208,-0.025334333807699057,-0.003402771341298051,0.008841913262244254,-0.010923463932520085
2022-01-14,0.0004087862574626679,0.006203351749128027,-0.002883829150556528,-0.015225044555459732,0.02875706852475856
2022-01-18,-0.017868234034039827,-0.02520946514453563,-0.0016516182679313014,-0.014174136940496298,0.016537502405449878
2022-01-19,-0.010437875325865296,-0.011044352130881953,0.015755750605134237,0.006899421442626046,0.0013112281186550545
2022-01-20,-0.01112961737737376,-0.013073336283176593,-0.0025020112544038944,0.006148351199722878,-0.006408688314779263
2022-01-21,-0.019825833245266086,-0.028120552157956166,-0.003267771913809988,0.01183571932606463,0.0019762676597127574
2022-01-24,0.004237585521498217,0.004567553130747793,0.005479160681096094,-0.00824933478042568,-0.011084540199705152
2022-01-25,-0.012284198877944602,-0.023454355839606866,0.003192034576976311,-0.00161617359950082,0.014205732736116533
2022-01-26,-0.0025118874844502655,-0.0015659865247172802,-0.01629856790431354,-0.012167613741243586,0.011577774261702983
2022-01-27,-0.004950119636102383,-0.010121492587942553,-0.01298211532059733,0.018196693591574383,0.002914042920782401
2022-01-28,0.0245321114154229,0.030887056530360855,-0.002987752337666492,0.0003494378371995193,0.0017766395487242746
2022-01-31,0.017850516931293737,0.03147762642073907,0.005907056331230696,-0.005183938803708447,0.008196081532559862
2022-02-01,0.0067342973159541155,0.006780434887282414,0.0008325368758188378,-0.0033244639178856305,0.0007999238524597116
2022-02-02,0.009667362568399476,0.00809271203522287,0.00361943388995412,0.003381069647164202,-0.00015990918217535758
2022-02-03,-0.023785808475762192,-0.04138856273564408,-0.0014224174555621005,-0.007836441275070069,0.015710834511345476
2022-02-04,0.004691153748784179,0.012535997667039687,0.0015408910869810946,-0.01485235908741226,0.02180440407714029
2022-02-07,-0.0032142775182197898,-0.008077130748680226,0.007375317353577323,0.0006473109252674574,-0.003549712036491044
2022-02-08,0.008194002984351467,0.011172860882372578,0.0030522079460774463,-0.006708543581069248,-0.016524169895133563
2022-02-09,0.014530060859445805,0.02096917430043957,0.003393414275398407,0.0018801250195390224,0.008607913695975846
2022-02-10,-0.018128888356468375,-0.022892292004188124,-0.0038037857675304026,-0.016020147922429926,-0.00327790957629632
2022-02-11,-0.019915630796138332,-0.032235836858737266,0.018875607865561438,0.01471909421505871,0.027449662089240996
2022-02-14,-0.0032748767760738947,0.001238024776705161,0.005336451777182292,-0.012519375359386324,0.009386938778892762
2022-02-15,0.015998259868578005,0.02455998995214243,-0.009545260370239185,-0.011417657191554503,-0.031845952640917725
2022-02-16,0.0011201959857407243,-0.00025240308351198655,0.01023173130733765,0.005909591113188559,-0.011578878628861228
2022-02-17,-0.021592882348257018,-0.030195296764206563,0.013575508168976262,0.00741062225227145,0.009866139977941472
2022-02-18,-0.006496013986664619,-0.011470948885729498,-0.000733724019731723,0.010472131478130458,0.008843432273036696
2022-02-22,-0.010789767750070563,-0.010094516221286076,0.002086858856896338,0.002600922155064558,0.01228144173862909
2022-02-23,-0.0178977231904073,-0.025949014555748474,0.004497100140272996,-0.013877365301371715,0.010623820587493109
2022-02-24,0.014936875500551802,0.033052276039820666,-0.006471023453826176,0.0006580795413740697,0.001508500489626163
2022-02-25,0.02182410745925207,0.015388137893489548,-0.0033362372759372606,0.0007309468894285291,-0.008173093606205214
2022-02-28,-0.0025616028181736036,0.002974138979230379,0.010311993951243732,0.021681864572074966,0.025211422714287172
2022-03-01,-0.015347754872549845,-0.015429997155192722,0.01800043176575384,0.011495373278327583,0.06233167712390556
2022-03-02,0.018229310104328607,0.01664049049806969,-0.010460864384517259,-0.03478057651801299,0.04890948300334435
2022-03-03,-0.004990864223058634,-0.014387857540605382,0.005935763844875876,0.010134320994464922,-0.011870755037184696
2022-03-04,-0.0081578985763228,-0.014598079641186373,0.015803608419049087,0.017116195239603484,0.06405202634966742
2022-03-07,-0.029922292353771546,-0.03757834743171226,0.014753495270292835,-0.007658923171348902,0.03596758743301458
2022-03-08,-0.007610691808073856,-0.004659172965149421,0.02699142936842652,-0.010110713712732679,0.03647600443815633
2022-03-09,0.02645780871305196,0.03536533383756688,-0.03016149526620599,-0.00984736513572127,-0.123962088264302
2022-03-10,-0.004525961111522646,-0.011166729575023451,0.003116366878477797,-0.014471041506109153,-0.018859699951238987
2022-03-11,-0.012796554707140986,-0.02095639259606762,-0.007052696024243029,0.00334061078561524,0.03110717362449335
2022-03-14,-0.007335192411401555,-0.019391473745155364,-0.015188475058141502,-0.02362561410465623,-0.047717511561381695
2022-03-15,0.02175204730962098,0.030884835847944374,-0.018882610033681094,-0.001747098816246318,-0.05953548768292485
2022-03-16,0.0219320710773518,0.03641571543697302,0.006241285995487705,0.00975978464926767,-0.005112836852067068
2022-03-17,0.012433171507201753,0.012033385941482257,0.004876733952655098,-0.007481639282845907,0.07611451604062142
2022-03-18,0.010893321004643389,0.020261689066018686,-0.008828710707897394,0.012138824906896805,0.012945152272857224
2022-03-21,-0.0002923026859480536,-0.0027845618801274645,0.00761175501954624,-0.02342848559704001,0.06358350292800369
2022-03-22,0.011633451581866875,0.019462361247985078,-0.007277189924242526,-0.012894793333606082,-0.012397418320573856
2022-03-23,-0.012962184564536877,-0.014475738330404818,0.013567209576051467,0.021678174339192585,0.042246634981325915
2022-03-24,0.014961860992144861,0.02198335167412288,0.00723413751310883,-0.007863661317804308,-0.027212526285618505
2022-03-25,0.004871742344678378,-0.0008345013567651584,-0.004103860537691329,-0.013969895746380478,0.012337347301697402
2022-03-28,0.007087957695661852,0.015353924443189788,-0.018371517706821095,0.008513436216921131,-0.08003237645173043
2022-03-29,0.012294974119099012,0.01706318489819917,0.00044668806848975184,0.0075238379786581825,0.021503386864055396
2022-03-30,-0.00619410885005118,-0.011107018638199026,0.008006283379257595,0.007771516002986717,0.02284926196814527
2022-03-31,-0.015511113215202502,-0.012472127917616403,0.0003875207880489933,0.0024256914969159158,-0.0498689228740805
2022-04-01,0.0028301353323863412,-0.0019050289184260197,-0.0063862158789015815,0.003799575977416328,0.0006742925881570746
2022-04-04,0.008530224560437134,0.020379423348790587,0.004835061682683925,-0.0069741073892475285,0.03562586201658175
2022-04-05,-0.012711693297949796,-0.022454235264006202,-0.006284549046099261,-0.022851432346069393,-0.027167667298447926
2022-04-06,-0.010049629113474115,-0.02195042215126152,0.0023404756196963713,-0.008127381496748192,-0.023673745806336653
2022-04-07,0.005026127282835674,0.002374877391506979,0.0037777415804509116,-0.007560803409717403,0.0008209846806297853
2022-04-08,-0.0026773849176507645,-0.014077836327597378,0.006246419748615932,-0.010889661069328253,0.013585319545394096
2022-04-11,-0.017240068859223242,-0.023941617061970805,0.004947206140849894,-0.015951521782573922,-0.024726312824649432
2022-04-12,-0.0037120744993951204,-0.004233228884472035,0.007647435301758722,-0.0013812703249592494,0.04964602056691441
2022-04-13,0.011388385550404287,0.020123014254805924,0.004777109287769837,0.0020307441784645783,0.031608781573568306
2022-04-14,-0.012529988153287378,-0.023132616009029758,-0.003309019437270788,-0.02024902133433764,0.01455816003927902
2022-04-18,0.00041114480629422085,0.0007680284734065239,0.0030924062818564585,-0.004981429245082943,0.010501458548884719
2022-04-19,0.016013772807090383,0.022104743451467884,-0.015228268112134,-0.0075187950376024585,-0.04515299902523628
2022-04-20,-0.0007419136624351667,-0.014692050329076172,0.0048830061930919995,0.01992596360885046,0.004931836825484317
2022-04-21,-0.015066423924474564,-0.02090783070454526,-0.0035639435023603356,-0.0074257393261649715,0.011328711263713346
2022-04-22,-0.027822618281517764,-0.026534910501331402,-0.009769661352400705,-0.0063139473619572865,-0.02344218185870405
2022-04-25,0.0057808576398813705,0.01276390053482841,-0.018134432520229594,0.009951205033120936,-0.021993414882633698
2022-04-26,-0.02938851565715955,-0.03847559922703421,0.0015238553873300224,0.01001653834837987,0.02395717186868813
2022-04-27,0.002807758217241883,-0.0011989072085384774,-0.007585723242633687,-0.012908832056433799,-0.0011777314298873113
2022-04-28,0.024945663428909307,0.03489983170921997,0.0053838047894630165,0.0014885608224603812,0.02214398069140387
2022-04-29,-0.03765576182304518,-0.04604279624808811,-0.00011298334784093811,-0.01305822149790631,-0.01185273005707613
2022-05-02,0.006001608078988402,0.016558245639692507,-0.01871452290294498,-0.017485302245927908,0.015687522230842913
2022-05-03,0.004573359636340394,0.001066652503813572,0.0026457593569150124,0.006719119212933015,-0.021797404118103575
2022-05-04,0.02999840893621979,0.03325350843585114,0.009774616775434711,0.005494501476978184,0.045001521947341354
2022-05-05,-0.036189665833597326,-0.05167680174650413,-0.0038184194446891804,-0.027780789126743304,0.003235872503980499
2022-05-06,-0.005986751549997747,-0.012053259300616355,0.0016545049194706565,-0.014845039514535372,0.020294576247385527
2022-05-09,-0.03254103777872046,-0.039912899526530925,-0.014585347642546313,0.008759183744927814,-0.0700979731707621
2022-05-10,0.0023076950476324733,0.012075759234973345,-0.00848106565352078,0.009028801389159718,-0.027003638624532214
2022-05-11,-0.01601364793758179,-0.030107042407721555,0.008133958004822058,0.019088742038591483,0.04781215175338986
2022-05-12,-0.001044432885156934,-0.002367403082219824,-0.015452706170676834,-0.001866874662915399,0.013341193078315002
2022-05-13,0.023626440937466454,0.036389927794212185,-0.008142627698810948,-0.014891429538916893,0.025544911465052732
2022-05-16,-0.0040658598093657955,-0.011659191553825882,0.009493279652076629,-0.0010352767496373439,0.022265070097156798
2022-05-17,0.02036166464493264,0.025571573403705524,-0.006299094085683991,-0.01215694945573182,-0.024358773301596696
2022-05-18,-0.04114639424501596,-0.05033631637893523,0.000531343704844183,0.02109304840709084,-0.022694236776363685
2022-05-19,-0.006143653940762094,-0.005372927767505045,0.014590277160260899,0.0023929627787991074,0.01613847365576466
2022-05-20,0.0004365120886420648,-0.003112497725649144,0.000697767757192036,0.01128604539861294,0.013191335617879649
2022-05-23,0.01853727607825408,0.01649064667735007,0.004639589893868967,-0.016591110603552145,0.003911503452491727
2022-05-24,-0.007662877758529905,-0.021491623302172903,0.007493711725538028,0.019539839744545383,0.00036590570724210285
2022-05-25,0.00879592299772961,0.013898494440234634,-0.006048248796558386,0.00394670739147363,0.005836633144421413
2022-05-26,0.019784378278686104,0.027330331063967494,-0.001850609639927292,-0.0045356978724558,0.02526013261478566
2022-05-27,0.024252638014903693,0.03211805240909273,0.0005208853826908474,0.00243842686712897,0.010232406479484663
2022-05-31,-0.005626521947140865,-0.0026563492316108647,-0.009942270255165302,-0.02138927613069217,0.00011703195722255155
2022-06-01,-0.008121668838732407,-0.0074233368369291215,0.0063488366174163004,-0.0011439723538133229,0.0008186620415099886
2022-06-02,0.0188643771627991,0.027017463822205004,0.012234040087981134,0.0005161342694148584,0.01979344758085911
2022-06-03,-0.016547704063426476,-0.026363904986965083,-0.010203900438868029,-0.0021523575648236823,0.02512582612068235
2022-06-06,0.0030401620970187263,0.0033254512321265433,-0.004413447852864014,-0.018615664524192218,-0.012144553035572943
2022-06-07,0.009546562832501807,0.008588725269496078,0.006497267812168451,0.010741984437770708,0.018495192038892445
2022-06-08,-0.010931654992286334,-0.007222342043556261,-0.0009256257836888652,-0.008899583824811513,0.021425826060106533
2022-06-09,-0.02407034095789021,-0.027150155610453693,-0.0031883338247287547,0.003324677657588243,-0.009941590967299982
2022-06-10,-0.029424310223472562,-0.0359076428786659,0.013323135228160962,-0.006221135949323837,-0.010485219204587856
2022-06-13,-0.03870761219380133,-0.04761176198868327,-0.02676735882447253,-0.03188201035735776,0.002548656259710811
2022-06-14,-0.0030180173798200435,0.00181403780456871,-0.008035407203286724,-0.012693332215523328,-0.021364312251306368
2022-06-15,0.01415560312494666,0.024665039655959297,0.012966509676610984,0.01848421342483325,-0.01733418550159643
2022-06-16,-0.03365595622498115,-0.04118334731354608,0.011180446816136464,0.007908019843669869,0.008362536165384625
2022-06-17,0.0021532952385552584,0.01208619221808346,-0.008256810144045654,0.0032169543264299817,-0.050537154714440646
2022-06-21,0.024861958698369935,0.024917007572589602,-0.0037437854344901486,-0.01709760466090368,0.008483314110952442
2022-06-22,-0.0018144886704088586,-0.0014599640669638138,0.003977268335422712,0.027129108459266933,-0.038445355409975686
2022-06-23,0.009754672183988228,0.01478327039171927,-0.006148118298448717,0.008181543069088306,-0.023771842391392836
2022-06-24,0.03129899728391973,0.03368949709579821,-0.0009989609969459391,-0.013939413447158629,0.02858220509708128
2022-06-27,-0.0038270005749624744,-0.007358333347434412,-0.0011176944418580068,-0.008565289604054437,0.020219978683858122
2022-06-28,-0.020644513304359232,-0.030940930530462672,-0.0016493806069405818,0.004648722669651234,0.021354833558795493
2022-06-29,-0.0008147248613735439,0.0009165366933802239,-0.0007666517068580592,0.015487442620168905,-0.021113735855704422
2022-06-30,-0.008157424980550077,-0.012480506231577268,-0.006095587698335223,0.008743696295810439,-0.03184590665300542
2022-07-01,0.010520910146269564,0.006578888058092657,-0.0008313996785857856,0.010214418912478236,0.01629464175690324
2022-07-05,0.0018866901011916045,0.0169749668610632,-0.021437799680384485,0.007826500397106266,-0.08813626172497899
2022-07-06,0.0033716917639380847,0.006391473693492095,-0.01596901758740465,-0.01693375400834779,-0.014954817385141733
2022-07-07,0.014866157278781423,0.021173042284932816,0.0005548992912700342,-0.008839031838096083,0.03834852612999407
2022-07-08,-0.0008228448273326211,0.001253775847094105,0.00043143823725389326,-0.011137714120980566,0.025663898836797847
2022-07-11,-0.011489263012692033,-0.021596207722034973,-0.0053749265251639535,0.017097319947597042,-0.0039548121986266085
2022-07-12,-0.008888517250242934,-0.009734633297973557,-0.0037236489059839332,0.005924376537309431,-0.07179997373264087
2022-07-13,-0.005265624970417552,-0.002062916095894553,0.004776265963686179,0.011401085164043125,0.005205558094811725
2022-07-14,-0.0024314410355177163,0.0035645269659400954,-0.014146649261641277,-0.008192220311002479,-0.004656321274512414
2022-07-15,0.01892508412522357,0.01797634659992361,-0.0020104758163567997,0.005612176242332309,0.012142852140508807
2022-07-18,-0.008291287111032296,-0.008498592656791377,0.000942949789432323,-0.01047281944164152,0.04078944438935173
2022-07-19,0.026660680984218883,0.03029005844538153,0.002384623832616704,-0.005409348859495274,0.01601487783589144
2022-07-20,0.006352812336998198,0.015732076529969555,-0.009446509339211243,0.0026213714506618077,-0.005266935621969812
2022-07-21,0.010131735300114731,0.014252866294441276,0.01401179660226555,0.017127951199359913,-0.028082581586164848
2022-07-22,-0.009321518288590323,-0.017690795082789368,0.0024926409954947677,0.01667160882497103,-0.012798456338420777
2022-07-25,0.0012142180792283615,-0.005711875942385942,-0.0027423043036363935,-0.0098331421093685,0.022422198946315527
2022-07-26,-0.011901372652976451,-0.019844667618574903,-0.001186514317386386,0.0007665039020075293,-0.014004688191793072
2022-07-27,0.02563494820174204,0.04139146666588963,0.010133467249785824,-0.005634212302545413,0.03542158159082639
2022-07-28,0.012464469288927523,0.00973043788994937,0.01211168004371747,0.00792952494558944,-0.00954853052413884
2022-07-29,0.014473313659208276,0.018072499033943434,0.0028071459585694595,-0.0027211934911125675,0.01185741172534521
2022-08-01,-0.002965635689265279,-0.0006025997646314547,0.005651232868696488,0.023798136534260154,-0.03812977623813476
2022-08-02,-0.006619190150681951,-0.0029859249309802855,-0.005955990148902209,-0.02138677799218875,0.0105919574209734
2022-08-03,0.015538315127342122,0.026868526241705777,0.002435276067987767,0.015622172015149328,-0.032118397637613996
2022-08-04,-0.0006759625039543427,0.0046654897805194695,0.016404693683584038,-0.00033542788734076295,-0.027576544552019324
2022-08-05,-0.0016915576283048597,-0.008202492048729493,-0.011309781450742627,-0.02409124490515502,0.00013982157360873483
2022-08-08,-0.001161543335284354,-0.003237580023707187,0.008434348290836127,0.01601266524361035,0.027572741694214514
2022-08-09,-0.003978888890489802,-0.011383185237066776,0.003054867797077557,-0.003894458360484615,-0.0012246272513984958
2022-08-10,0.020786261857010616,0.027528584888107423,-0.0025151110588634198,-0.0065528726435276265,0.011775229328236174
2022-08-11,0.0,-0.005692457882166398,-0.002641706914863643,-0.02358561471293807,0.026030674329950296
2022-08-12,0.016787301556178476,0.019283747692007244,0.009155976822720392,0.010089973304179642,-0.017189308650474563
2022-08-15,0.004112415574669671,0.008048747637451097,-0.012950528089989187,-0.0008659153507624391,-0.028407240813477935
2022-08-16,0.001956721110984426,-0.0023446118580546464,-0.0017516299628300418,0.004149173907623635,-0.02275978683027081
2022-08-17,-0.007123336908751312,-0.011471648983695154,-0.006489345947105167,-0.010492268295800094,0.011305936366571526
2022-08-18,0.00290221176495318,0.0024020221919474082,-0.0026198444873023344,0.001480712422132463,0.029538534843419915
2022-08-19,-0.01352920534053711,-0.019689596238022248,-0.007347552958114958,-0.016233491950988718,-0.0020233571248430395
2022-08-22,-0.02104225517582869,-0.026680142455068716,-0.00665930336783302,-0.00336734115276675,0.008336780239749365
2022-08-23,-0.0024222338836597124,-0.0008273005868217672,0.006966551217581505,-0.00551796271228916,0.028382889952123836
2022-08-24,0.0031962793130387163,0.0028931086329802586,0.002944580504679446,-0.007346237254935226,0.015626314774332784
2022-08-25,0.014018600846806986,0.017527308883173356,0.0030581063588208724,0.013840092167732673,-0.01993078665393413
2022-08-26,-0.0344351475936893,-0.04185194897679763,-0.012227153201929956,0.0075093701631902985,-0.008533055155007855
2022-08-29,-0.006634052552856094,-0.009904228763833837,0.0006180465249853886,-0.0083076347327925,0.036758427895031934
2022-08-30,-0.011038725368194476,-0.011198838956459485,-0.008375556136480044,0.0024819068345256603,-0.04178087110105697
2022-08-31,-0.007638058467551656,-0.005830538787373228,-0.0077553096129762645,-0.00960705357802847,-0.03177007781783223
2022-09-01,0.0031329663612663775,0.0004341813623670914,-0.00882902347465035,-0.01847754541308713,-0.02998980406036944
2022-09-02,-0.010600461807052113,-0.014228845948818479,0.00876617372318804,0.005640742296548046,0.006742592846000861
2022-09-06,-0.003780180316787544,-0.007208253217737871,-0.005856578259356107,-0.02508040692748988,-0.00014003691079669602
2022-09-07,0.017805594398562993,0.01999979822230027,0.010117286090114818,0.015691398729923353,-0.05467407863082617
2022-09-08,0.006514870745137073,0.005171345342356196,-0.006020378897494643,-0.010310184419816616,0.006926467813874334
2022-09-09,0.015415723723756108,0.021626521193353808,0.005269846503477033,0.0022184727418886213,0.043257009636661424
2022-09-12,0.010690365671667135,0.011815431517079557,0.005055386193321507,-0.008251129415147771,0.017704571481807953
2022-09-13,-0.04445614234766375,-0.05639734016265788,-0.013096728906648173,0.0023245867489097728,-0.004986858903455066
2022-09-14,0.003808632204382077,0.007901645692934996,-0.003855034555311845,0.003430465738553206,0.009948972396031864
2022-09-15,-0.011418278046993057,-0.016793743644748692,-0.018855801737618274,-0.0006479608521872309,-0.041693190099260855
2022-09-16,-0.0076582672799030815,-0.00613380423388295,0.005533767627080334,-0.008370849932369775,0.002004860845925951
2022-09-19,0.0077251095188756455,0.007757416628209146,0.0007697907679810017,0.0023322597741672886,0.00214364527921781
2022-09-20,-0.011544794745355696,-0.008003021178230194,-0.005722932055293624,-0.01002030133633034,-0.011919460506117313
2022-09-21,-0.017597898698721606,-0.018068288264818967,0.004632228320962459,0.016614218436808974,-0.007831815369600275
2022-09-22,-0.008435346465087371,-0.012384208380417715,-0.0005778441890031698,-0.025880227033709673,0.0042136046695252245
2022-09-23,-0.016896704187772293,-0.016415392107760118,-0.017427816406674814,0.004075941888072456,-0.05437338171199155
2022-09-26,-0.009941904606266172,-0.00414658469603678,-0.01170141432179742,-0.01929520092359274,-0.03299395020561455
2022-09-27,-0.002556053942732084,0.0004007396731926124,0.0020477436877313054,-0.026684258056544317,0.019119802254714994
2022-09-28,0.01948525533804309,0.019696911566836794,0.020573557832177892,0.03293401871777769,0.04120688155693027
2022-09-29,-0.021110173731082246,-0.029251217354654663,-0.0001939471718055397,-0.005189745644863349,-0.005377169442583579
2022-09-30,-0.015584353907450004,-0.017102159885786308,6.462035224685361e-05,-0.012994448867832815,-0.022568135637345235
2022-10-03,0.02605880867192579,0.023189415802805893,0.024019005945363412,0.01576431886979087,0.03920304736689929
2022-10-04,0.03051628109645263,0.030956629447658562,0.014226444596111972,-0.002797285495941393,0.03459850662650263
2022-10-05,-0.0023309981403821867,-0.0005318918886383696,-0.005553659432976476,-0.009606963764447229,0.02334522625442119
2022-10-06,-0.010369393424229179,-0.007904053159766484,-0.0011269264553861384,-0.005573770760109702,0.014489943991922168
2022-10-07,-0.02829034429631701,-0.03884862168985007,-0.011023386142689101,-0.009755424273265397,0.02849812225602715
2022-10-10,-0.007664696048544878,-0.01004698590780616,-0.015318203217156916,-0.01566790259500846,-0.01773286282877452
2022-10-11,-0.006353035046882885,-0.013833394043348999,-0.002060212330939929,0.004415614976437215,-0.027899820983622422
2022-10-12,-0.0033040235257606717,-0.00034245143275464735,0.005335071671709423,0.004895277849641481,-0.011494375123242773
2022-10-13,0.026048956862901686,0.02318130147814215,-0.006947611087114204,-0.009612735415904407,0.022168860080398787
2022-10-14,-0.023052574842557662,-0.03051828144830009,-0.012537160793022467,-0.008284855525259238,-0.032941496427241077
2022-10-17,0.025372505978005153,0.03248796378934545,0.0028720806307473926,-0.004881572002444932,-0.000570219784979795
2022-10-18,0.011681083938101697,0.0078770710025127,0.002148660090392182,0.0023423151659409803,-0.020601468577874062
2022-10-19,-0.007111771483174469,-0.003653482107918919,-0.013488925988338462,-0.018373851400239248,0.019317365682351977
2022-10-20,-0.008420696602833094,-0.005114969875187882,-0.0015834633753089122,-0.0172410974532857,0.0019968540143976603
2022-10-21,0.024010850377248733,0.02317713230079433,0.01767059741452654,-0.018187073308489975,0.005541746184756804
2022-10-24,0.012162268129539468,0.010940914346283873,-0.0032488658845126403,-0.008298570276117126,-0.0026960278198958007
2022-10-25,0.015842421896527594,0.020475072736451307,0.002275353560635257,0.028696771247740782,0.0032626933038349096
2022-10-26,-0.007562629529851261,-0.022344044652773405,0.006343446354353355,0.014304797259557151,0.032876628334126724
2022-10-27,-0.005354209966878343,-0.018373815005914396,-0.0015497241473593686,0.010416292500878298,0.008868350752062925
2022-10-28,0.023511996515333585,0.030141856574188962,-0.01026317410117862,-0.006897714866962278,-0.010926126701963397
2022-10-31,-0.007249483197579957,-0.011695713289503272,-0.008194886192774814,-0.007153913625849167,-0.01787371350178193
2022-11-01,-0.004385424021307652,-0.010270583786989173,0.010151726172797497,0.009302269981901033,0.021985039653876663
2022-11-02,-0.02541650669476037,-0.034878398594840695,-0.006996970202892216,-0.004349495237129628,0.0130436503466261
2022-11-03,-0.010350232045612667,-0.019728119104183796,-0.003813297433937162,-0.005411643383041328,-0.010721428625580514
2022-11-04,0.01429060183575752,0.015956989755350027,0.0302345832528433,-0.01694351826959028,0.04704083251554629
2022-11-07,0.009520065158602853,0.01093449692907019,-0.003970260739379374,-0.010026363280163124,-0.0033903036892483644
2022-11-08,0.005380819319217506,0.007260899329876505,0.022836328940686813,0.010875186358919806,-0.027678339141470294
2022-11-09,-0.020817234092913715,-0.023346711078014948,-0.005029894759161607,0.0032818181311333803,-0.038324151657016116
2022-11-10,0.0534972280354553,0.07119288934730912,0.029990153003992607,0.03775242488189555,0.007921655080017409
2022-11-11,0.009632105094338374,0.018258351262554023,0.00658459794711783,-0.0036709525428320743,0.029193172033138825
2022-11-14,-0.008543095445883945,-0.008789564227357622,0.0021852662272774694,-0.0024546892933708783,-0.03377166352988229
2022-11-15,0.00849280910134756,0.013743431748175224,0.0035106980811025834,0.01605064050330024,0.01846285985648723
2022-11-16,-0.007657755491579025,-0.013743431748175279,-0.0022987420952167376,0.021632716758578804,-0.016656714880824184
2022-11-17,-0.0030648446037128984,-0.0022094334492740414,-0.007293959961673216,-0.010608161270765231,-0.026728297006224744
2022-11-18,0.0045303214999474276,3.46336022477701e-05,-0.006917507382313755,-0.006900802451895858,-0.015952060978404792
2022-11-21,-0.0036426999409064865,-0.0103399326659978,-0.0056056352070885974,0.004205827276606229,0.0
2022-11-22,0.013367130221094224,0.01429975296862768,0.0011730356909015207,0.014091965979564254,0.013668359877717839
2022-11-23,0.0062817787179309074,0.00998681182654147,0.006212503317279542,0.01729161831169245,-0.03741610571818786
2022-11-25,-0.00022351168503384684,-0.006600250994906095,0.000858102340972588,-0.00339573662734942,-0.006698016682783079
2022-11-28,-0.016085857321217315,-0.014781690869854843,-0.007934893665371402,0.002813996358094333,-0.0011954847993394977
2022-11-29,-0.00171883364293832,-0.00759847763514838,0.004928261563008794,-0.01179493090141464,0.021595265391397535
2022-11-30,0.03101457778629879,0.0445772297981415,0.012700921015012894,0.0073272498454821575,0.02728042486953995
2022-12-01,-0.0007363228024266828,0.0012265523393986575,0.01821784239630758,0.03144619529606972,0.003127577056553534
2022-12-02,-0.0011542354421306988,-0.003991434619945209,-0.0034616677176241193,0.012497492758509162,-0.008696335930977288
2022-12-05,-0.01815296214274019,-0.016925836056412732,-0.01730780530272015,-0.014105848190513295,-0.030825283804969506
2022-12-06,-0.014519617610312764,-0.02093808530850223,0.0027336344458788004,0.012797294112904155,-0.037462038019639
2022-12-07,-0.0017028826939696367,-0.0040910693786260985,0.008998493556537802,0.02328916866785624,-0.024520188294660232
2022-12-08,0.007803502771190498,0.011765626354530686,0.0008413425277820795,-0.002744142769969788,-0.014878439020829535
2022-12-09,-0.0074983041220508945,-0.006397620280536215,0.0035378943750204003,-0.026358665421498822,0.0022300008026050564
2022-12-12,0.014314293226494712,0.012473693094237086,-0.008294841833501867,0.003192373215890102,0.024518046656870587
2022-12-13,0.007541377471616484,0.010692477380343757,0.016936889733695327,0.00960958054425354,0.02226232880060566
2022-12-14,-0.006414056751526715,-0.007441312186772482,-0.0024359858905979824,0.00426218280897361,0.022520092779482675
2022-12-15,-0.024765795640946334,-0.034153005996364345,-0.016494600382901816,0.0038942672734356746,-0.01812646536719302
2022-12-16,-0.011876444934058093,-0.009580582761967485,0.008671019495160068,-0.011233735676191601,-0.019077266406641608
2022-12-19,-0.008515755094521425,-0.014153079107510475,-0.0028218082489996433,-0.016947636005292806,0.017867134201542435
2022-12-20,0.0013674336358846738,-0.0007787457667490903,0.016458298941440037,-0.017916785258637973,0.0022677691303373783
2022-12-21,0.01484171549056867,0.014401956160912917,-0.0016573862871153066,0.00251059769173162,0.02740708264822196
2022-12-22,-0.014368882558937096,-0.024769392267015904,-0.012158980168932585,-0.00019295790085096016,-0.005303498360812256
2022-12-23,0.005735811839417483,0.0022464423931475037,0.002993835039254722,-0.01476898394584354,0.02364732560442004
2022-12-27,-0.003951308698614681,-0.014238818030089901,0.008394677302769623,-0.019971249311384286,0.00302483610944606
2022-12-28,-0.01250578731521919,-0.013290971132182344,-0.004515989032750605,-0.005909065437732072,-0.013757322820113613
2022-12-29,0.017840352453851245,0.02408302166353992,0.005582639597805041,0.0112869431713321,-0.0007293859492675817
2022-12-30,-0.002637811999289784,-0.000600469380250485,0.004667758029330661,-0.011186589242872256,0.0227938581394542
2023-01-03,-0.004218816883929265,-0.006782951218289173,0.008335816871946341,0.01890402517630415,-0.03586593091765443
2023-01-04,0.007690888121799822,0.004752763458590559,0.009367889939565922,0.013607269206578999,-0.050639836302035814
2023-01-05,-0.011479166786759048,-0.01577783820262828,-0.01252963086748756,0.004171842864159717,0.007437216194541976
2023-01-06,0.022673044434285274,0.027227034812466275,0.01853466381119925,0.01822988339822746,0.0007715925314888759
2023-01-09,-0.0005669644176875206,0.006452284949637172,0.0022426010679794787,0.0053099070736148295,0.016066376187913362
2023-01-10,0.006988390682805459,0.008428803948018192,0.003669304474491391,-0.016688873298574252,0.0003036010441630007
2023-01-11,0.012568441195123852,0.017152338083936458,-0.0006870298860052756,0.016121144181461624,0.0321043092803694
2023-01-12,0.0036342123401011065,0.005390131397769545,0.011501603213231942,0.01949115749548387,0.008195531655465077
2023-01-13,0.0038720072795914583,0.006856732743449791,0.011930333702592914,-0.009417158441325676,0.020771010749681358
2023-01-17,-0.0018335068805380732,0.0020266594946457242,-0.006566591290624395,-0.006484613054727156,0.011496791702374045
2023-01-18,-0.015913941095144577,-0.01308524425546794,-0.0028758838411488395,0.023942541821724138,-0.019235450205709933
2023-01-19,-0.007306353327227368,-0.009873041252509263,0.015743931377470842,-0.006279231359473767,0.015417781683692396
2023-01-20,0.018457474496649657,0.02699932391670408,-0.0033409804213138158,-0.016344154750525447,0.01350810912576627
2023-01-23,0.011927323319222128,0.021972502815960138,0.0018946378029897782,-0.0047195674020868664,-0.0006990989545978417
2023-01-24,-0.0010740563834028734,-0.0020437867092785024,0.0036119840879409123,0.014278122099325606,-0.01806426157569518
2023-01-25,0.00037483523655641835,-0.0022216672089368956,0.0045933937952083075,0.0024218680887215225,0.0041213859035260465
2023-01-26,0.010930361653139415,0.019309762065305335,-0.00909651500360829,-0.004662738703879853,0.005938905488694923
2023-01-27,0.002295001964686715,0.009905042324507276,-0.0013939615756237058,-0.002526821487714797,-0.020366726945741213
2023-01-30,-0.012626285822645907,-0.020426042256326438,-0.002570014931290955,-0.0036617770063804103,-0.020349561821725017
2023-01-31,0.014596436954741273,0.014875134323252433,0.0036296165072691286,0.007962970131333642,0.017756269695963556
2023-02-01,0.010571653152728374,0.021157790733782135,0.012518134528387544,0.011949613014694703,-0.028682081449875
2023-02-02,0.014452045829875883,0.03526092344265299,-0.0209702840085377,0.001293238095854076,-0.011797357966781613
2023-02-03,-0.010685940105210548,-0.017931925877432805,-0.025274496401227434,-0.015068842328558204,-0.03314036422424884
2023-02-06,-0.006130123553888525,-0.008495297004219698,0.002073259184240806,-0.007430915506220046,0.0169364858371267
2023-02-07,0.012993901903625827,0.02050737846104786,0.0009200023760844002,-0.008058243681397667,0.033921939229015846
2023-02-08,-0.01099510477938908,-0.01794144217192815,0.002468544755507998,0.004747623115875672,0.01348595860249737
2023-02-09,-0.008706842135477044,-0.008877025221052414,-0.007943887464013586,-0.00951839620863368,-0.011127525428619237
2023-02-10,0.002330868764158526,-0.006584729275547335,0.0019053779351280687,-0.0112527974322442,0.028305896830148548
2023-02-13,0.011670568613485968,0.01588902683468988,-0.005089097798950408,0.008379723035109093,-0.005309659303502354
2023-02-14,-0.00046017953535905566,0.0073618301588170175,0.000753454984742333,-0.0023046196749367527,-0.0014398630712601167
2023-02-15,0.003242029087549528,0.007631784760580479,-0.010014646847400324,-0.009368998284132206,-0.005490620466743967
2023-02-16,-0.013864314658932477,-0.0189423688062824,-0.0008195726363130796,-0.014268951992059619,-0.008292761882037352
2023-02-17,-0.002501420626329684,-0.00708069558552621,0.002982339072148569,0.007746199975968708,-0.02111247493007664
2023-02-21,-0.020264896382063063,-0.023959945387620463,-0.0037440046605545256,-0.019628938940702622,-0.004935978968133384
2023-02-22,-0.0013791874872659323,0.0007479851202733968,-0.0056423768979153,0.009122463556738639,-0.02689933881089072
2023-02-23,0.005305370864127984,0.008696314014314723,-0.0005305918526508475,0.009724672015553626,0.022240050473573206
2023-02-24,-0.01074000428513509,-0.016886258322570506,-0.0072206822499255125,-0.013086307833258197,0.010788256322086997
2023-02-27,0.003400235876968303,0.0071358280245961145,0.003912670406128105,0.0027694707176754013,-0.01274855637093305
2023-02-28,-0.0037027905496045863,-0.0012935644173656178,0.004545621851780495,0.0045326322064684526,0.014386567493651187
2023-03-01,-0.0038431603399576315,-0.008071738159258114,0.005755555600934512,-0.010801175300229744,0.012714550616613331
2023-03-02,0.007747025701703862,0.008241877749443354,-0.000585735153896139,-0.008906724910490408,0.003373228281813805
2023-03-03,0.01591042956171073,0.020462901255733044,0.010666001055863707,0.02393695014201615,0.022583436857057777
2023-03-06,0.0006927384774182917,0.0011338980081591398,-0.0050565936951402655,-0.007783402299481067,0.008977577364876187
2023-03-07,-0.015447571486624645,-0.012341638178230103,-0.017635068390636166,0.0061136792348135665,-0.03817146168846966
2023-03-08,0.0016308922466804086,0.0049819886709677194,-0.0004745630282821619,0.0009826083925723603,-0.011115342554609482
2023-03-09,-0.018622358101421415,-0.017478061022967804,0.00980112770009771,0.002452390697955456,-0.012899543410116997
2023-03-10,-0.014534405075532723,-0.014142861863195908,0.021333667247723984,0.03390486361736583,0.013495504634011979
2023-03-13,-0.001426407378836743,0.0073892045248801575,0.022688861946558777,0.00227026502777951,-0.02855393625835679
2023-03-14,0.01639508441493949,0.022719525490669218,-0.005807897981361377,-0.016578114245085124,-0.03620304381451234
2023-03-15,-0.006273949619230736,0.005232333216697681,0.007773838437142398,0.019126160825404248,-0.04734515474921716
2023-03-16,0.01739305733473779,0.026018897234479185,0.0020180543660701534,-0.007853620389473615,0.0004996881818491839
2023-03-17,-0.01176174069245226,-0.0047370357022119254,0.028704276731304438,0.014897559424120986,-0.02341947487284306
2023-03-20,0.009569833027780283,0.003542481111605948,0.00038079522406509364,-0.008836044610680405,0.019080377257115984
2023-03-21,0.013044884039820624,0.014181417459744747,-0.019055524569337897,-0.008629677390820626,0.02379881980853396
2023-03-22,-0.017193308151343886,-0.013691113848771733,0.016877382247649345,0.013245233317805832,0.006186946919446414
2023-03-23,0.002699681834576793,0.011788094619140283,0.012460224063676011,0.0,-0.010114261104450387
2023-03-24,0.006540555655002477,0.003673915469298811,-0.011316136891165252,0.004220488683695479,-0.000492047468827646
2023-03-27,0.001868174109706287,-0.006875167172866886,-0.009299831745516749,-0.023771210747609378,0.0510062184878568
2023-03-28,-0.0022472110799106803,-0.005325428710306354,0.008155744573006158,0.001819548726433264,0.006216049722321394
2023-03-29,0.014430190676073233,0.018069502368529746,-0.0049731154716589265,-0.002011197985266643,-0.00621604972232142
2023-03-30,0.005838260966150554,0.009420803126447873,0.008998964139577773,0.0045908088338849325,0.018074148582498593
2023-03-31,0.01399630984141516,0.01649407388089397,-0.0052258772770236855,0.014869682674620074,0.017001058060870593
2023-04-03,0.0038031635322666995,-0.0024334911520984747,0.00717858251921089,0.004692095861267346,0.05604559594105038
2023-04-04,-0.005563557602410656,-0.0033789782812328,0.018469345695108275,0.004959440181743103,0.0
2023-04-05,-0.00262164861934831,-0.009921508800391811,-0.0007982432900846041,0.010400427805258258,-0.0004269985186173289
2023-04-06,0.003893109056103693,0.006719478380447036,-0.007159660374899593,0.0025832127334757256,0.00028475832877019545
2023-04-10,0.0010260655065837672,-0.0005659056526110592,-0.007427401530065852,-0.01625616456692097,-0.007141867019033599
2023-04-11,0.00026838018285995,-0.006438737792549688,0.00630066529229023,0.0020584812848787807,0.0186044923214934
2023-04-12,-0.004084164877289377,-0.008873046329290825,0.0048732452945133,-0.0010286702172348997,0.018955279875836988
2023-04-13,0.013195180253074342,0.019392969416136666,0.013425150587981827,-0.007889754016297594,-0.00873606386285562
2023-04-14,-0.0024456264773360563,-0.0018814569085143635,-0.017869017219899003,-0.009188543859164079,0.004030769059586438
2023-04-17,0.0035817515971176836,0.0008469230377531379,-0.004463702764476622,-0.011967206931067209,-0.01749152639822538
2023-04-18,0.0006519798291513178,6.28004168827816e-05,0.0038732698004284223,0.0035575202086020477,-0.0015539027099905924
2023-04-19,-0.0001690393334448305,-0.00047061149198646807,-0.004789973842757965,-0.0009603192487924337,-0.020424908276372868
2023-04-20,-0.005471874570248223,-0.007653745015700899,0.003930524556986942,0.008513175098709268,-0.024836989756020837
2023-04-21,0.0007765788420996719,0.0010430013717501645,-0.009936876904451981,-0.005635396863439173,0.00898320776769644
2023-04-24,0.001042694639202862,-0.002086894908759285,0.0030347260178608367,0.0096276747059133,0.015131976823006441
2023-04-25,-0.016001326888539218,-0.019043652923372737,0.005073426510561733,0.014597685323712974,-0.02381930716981419
2023-04-26,-0.004244605340891821,0.006046124162049974,-0.005452222698836941,-0.010715473237527884,-0.033993378007582085
2023-04-27,0.019712578453641463,0.02682791754499679,5.4098929279614626e-05,-0.009972005879901654,0.006861305480174958
2023-04-28,0.008498794130449499,0.006875014595620811,0.0002706158931134578,0.016001801330455378,0.025355832508257625
2023-05-01,-0.0010101608129642965,-0.001147850120814397,-0.004501468248394752,-0.029258759776239436,-0.014174007180748318
2023-05-02,-0.011302762126964917,-0.00875972487781345,0.01911282169964554,0.02461442012710677,-0.054025540387353785
2023-05-03,-0.006887875867410155,-0.006565469459919254,0.00844333039400111,0.005566536394671088,-0.044430100076951085
2023-05-04,-0.007107975520690119,-0.0035362432689735033,0.0070083375794598906,-0.009927435233033874,0.006445760401040478
2023-05-05,0.018343333973369454,0.021031800190112863,-0.015771672012865213,-0.003331609329034798,0.037667073523529444
2023-05-08,0.00026649321780710457,0.0024743445099911763,0.0012261535425393925,-0.014113482542068909,0.01932660277326006
2023-05-09,-0.00439506511462865,-0.006353344111733341,0.007061173494320532,-0.0035841310856569676,0.009447922633489923
2023-05-10,0.004661641357994486,0.01082329502305888,-0.0014294640409970906,0.009657256851038779,-0.007426977493639411
2023-05-11,-0.0017456277709181295,0.0032544264352185968,-0.008619799546280105,0.010516361542418192,-0.017863204463481844
2023-05-12,-0.0013111269169001519,-0.0035930127049734347,-0.0017115440993108683,-0.008404906601036157,-0.01883235209870723
2023-05-15,0.0034441301936146006,0.005400246099675034,0.0021389727993926496,-0.01041127053818622,0.014713234771474664
2023-05-16,-0.0067051526035727515,0.0011315116909509767,-0.01257816833072297,-0.003008726591749413,-0.007169643611633441
2023-05-17,0.012066004811582856,0.012031713911364319,-0.0034678951337034376,-0.0029198590519704157,0.03240802049937566
2023-05-18,0.009587015569254615,0.018402622448506774,-0.0130577944134065,-0.007436731165690018,-0.008706484743445873
2023-05-19,-0.0014560620832231555,-0.0022557665252609174,0.009850156652287684,-0.007096586425894746,-0.0021885171620354663
2023-05-22,0.0004061042351020259,0.003352506549768903,-0.002344243508491738,-0.003566966621899297,0.00015645601198915416
2023-05-23,-0.011286447871891231,-0.012757491031291278,0.0012000108481294142,0.002874359227600926,0.014909468290103724
2023-05-24,-0.007271139061458521,-0.005142768767562977,-0.008101176111367243,-0.004961232757238181,0.012104658282519509
2023-05-25,0.008622663987181785,0.02404167572760273,-0.00966457904681634,-0.0024895738581637693,-0.024201679471242327
2023-05-26,0.012867595416700304,0.025229475144931623,0.003987606250000357,0.008044462615000449,0.011017362077227788
2023-05-30,0.0003807640415845768,0.004524743304477555,0.006171471778321201,0.009941820223556434,-0.03934423690606759
2023-05-31,-0.005560619245857435,-0.005702312969014412,0.001537018842589403,0.008679063122263318,-0.027171575846606393
2023-06-01,0.009456188430955997,0.011486069296626366,0.007867103377943474,0.003915694544197127,0.03117638701506476
2023-06-02,0.014357425125802691,0.007471672039520761,-0.014857275420164814,-0.011018488538117913,0.025257890132107705
2023-06-05,-0.0019179738207451347,0.0007045504882218893,0.0060023657211361265,-0.0018647097613767372,-0.0018724103815936021
2023-06-06,0.0021750205234599774,-0.00016901530662653504,0.0010974372841259582,0.0058767443602879,-0.0037552518600890913
2023-06-07,-0.0034637169732306813,-0.017110819462150244,-0.012083252758880945,-0.014955465676595366,0.014319282314944294
2023-06-08,0.006030556510558578,0.012336732793666124,0.013124733073092816,0.011629401864081266,-0.01950596319280785
2023-06-09,0.0017926535781592466,0.0038156178867270996,-0.002688130119841765,-0.0013722423558134883,-0.00838676933991773
2023-06-12,0.009030895357250313,0.016755638808055712,-0.0008792504640156504,0.002938762151895345,-0.04368639103365808
2023-06-13,0.006571248108709525,0.007654744600399282,-0.00739483312084137,-0.009929846316384494,0.03105328278806812
2023-06-14,0.001190226227433519,0.007241199298525174,0.0005537743402144653,0.00797154648839346,-0.005001180957882786
2023-06-15,0.012321285568985546,0.011845528570537233,0.007005982383036087,0.009559917132118784,0.025232862120753194
2023-06-16,-0.0034118519532620015,-0.006312892853685506,-0.001540401760914932,-0.003891286963629607,0.014715335024382634
2023-06-20,-0.005201653393649258,-0.0014325067080124528,-0.010404681043488588,0.0068964460905701335,-0.0067046375179717135
2023-06-21,-0.005137081188446365,-0.013721543905786095,-0.0014474699268161662,0.0024172783609004386,0.017370206503946998
2023-06-22,0.003603210601884583,0.011730015352420003,-0.009966480697039254,-0.012143980508197715,-0.03951596644077717
2023-06-23,-0.007588647120232324,-0.009963100644904715,0.0027534519339434175,0.009920249260326414,-0.0016008053669417511
2023-06-26,-0.004094110935498044,-0.013495949042095085,0.0017380933759117798,0.001064049529098433,0.0049540873030774445
2023-06-27,0.0109035737713221,0.017047920893130883,-0.00460411859047838,-0.0026134763430686074,-0.02305996431511607
2023-06-28,0.0005044011044610444,0.0019495573503876974,-0.002310076023493695,0.004255578693026201,0.019706682378980274
2023-06-29,0.0039333866536352055,-0.0020046906158681177,-0.0010723394318449203,-0.018213160445788183,0.007013076692583431
2023-06-30,0.011731756348191425,0.015302559874001816,0.006641221688667137,0.011725603187665471,0.00932739606238649
2023-07-03,0.0011499237490317574,0.0023522804151034967,0.001121247777740352,-0.005685250864151388,-0.002520874962561413
2023-07-05,-0.0014884178580278512,-2.6917619382106435e-05,-0.003536277643963551,-0.009547726197458167,0.019372546110228928
2023-07-06,-0.007861465883881907,-0.007645093360641967,-0.002984649764026069,-0.014243837860827297,-0.002944060582513099
2023-07-07,-0.0025277120024561994,-0.0033256206934984497,0.007473004815488796,-0.00603772596120012,0.021644808821972887
2023-07-10,0.0025277120024560836,0.0003275427356418871,0.0007833887164984092,0.001311024141433277,-0.004718747777594178
2023-07-11,0.0063483494117819545,0.004928479364731912,0.003740607755698653,0.005127808101573187,0.022479604918916412
2023-07-12,0.008013702844823249,0.012550995867019892,0.013450555215707776,0.01106961645003569,0.012453889025373385
2023-07-13,0.007905744323499178,0.01683602207115033,0.0007144446386035077,0.010457976882617128,0.01781579831184591
2023-07-14,-0.0006232211316494998,-0.00021098344161292308,-0.003191736429074845,-0.005906038703856811,-0.023726876763924383
2023-07-17,0.003466202121304284,0.009295304960823378,0.0007163001287564502,0.0004931773536678178,-0.013278813083414852
2023-07-18,0.007403106532470574,0.008147476192114984,0.011391151915954767,0.004529337508893646,0.02051502368371844
2023-07-19,0.0022213863638268654,-0.0002336259948286434,0.00016334311378929522,0.011233178451125259,-0.00398078874419542
2023-07-20,-0.006656600278340815,-0.023321652918264525,-0.005076251540707413,-0.012216165798850528,0.00530427935531673
2023-07-21,0.0,-0.003003895831108036,-0.0030692385170081175,0.00029474274517724827,0.013718761650376823
2023-07-24,0.00445739224348376,0.0015960920121855975,-0.004290665079151833,-0.003643463612793503,0.024342619125992702
2023-07-25,0.002726276812835871,0.006755113233963145,0.0055524167407638,-0.001876450961350343,0.006626759541005295
2023-07-26,0.00015362971797845725,-0.0033322492613651563,0.004867250719561796,0.000988049161712949,-0.007051220502475625
2023-07-27,-0.006651985577355392,-0.002386653174244666,-0.015836715414990758,-0.019644752889005367,0.010838259681066843
2023-07-28,0.00974278944242649,0.01805067620283041,0.007949707574281263,0.0051226514328582395,0.009197334178098126
2023-07-31,0.001902123491035409,0.0005213119564552425,0.002690787072191872,0.0024018787456300495,0.014870188253919291
2023-08-01,-0.002865612027759295,-0.002322170567729101,-0.010418766955581723,-0.016522892263119163,-0.0028741426535443494
2023-08-02,-0.014008534330875127,-0.02218853452586042,-0.004776993918500052,-0.010756230484143318,-0.020493595963246597
2023-08-03,-0.0028700553608496226,-0.0016039423692103733,-0.00033420291832367705,-0.023341863735315,0.022957667121775823
2023-08-04,-0.004532933330008772,-0.004692774417146958,0.003613876354074006,0.017557255472134235,0.008847829101217144
2023-08-07,0.00869068899768364,0.008431202224016606,-0.002277988932518744,-0.009890333617566777,0.00040645999032376225
2023-08-08,-0.004358209526938052,-0.008538787885447218,-0.006361270240024672,0.011546432427521553,0.0032458490524185546
2023-08-09,-0.006707616824749183,-0.011055498178271369,-0.00476956334967285,0.005157979086002756,0.013944995931908974
2023-08-10,0.0003588113336763143,0.001846584786508439,-0.0010691758408616784,-0.016599699589595108,-0.012056429407605004
2023-08-11,-0.0005832582042135166,-0.006396033042352315,0.0,-0.002304029484542842,0.0006736686382865583
2023-08-14,0.005504857087987074,0.011159709061595595,-0.003045220530389694,-0.002204708785535918,-0.005943586977752165
2023-08-15,-0.011717282820911333,-0.01066809622087069,-0.0026580037072091345,-0.006113631475713428,-0.01625378689757854
2023-08-16,-0.007365143123567518,-0.010645660041863004,-0.005792775189194925,-0.007854586288923798,-0.017362752340797996
2023-08-17,-0.0076491978988237055,-0.01098307567733156,-0.0015390561619561794,-0.0042717074458317635,0.008510697821235626
2023-08-18,0.0004813304528045333,-0.0012556040152294223,0.0001711135895520659,0.003525366638387135,0.011190246419903169
2023-08-21,0.006485156665711846,0.015982996751099137,0.00273392964256731,-0.013420128051826158,-0.002889168694806413
2023-08-22,-0.0027122336730625645,-0.001429990635411012,0.0016481975934526548,0.007645017782847645,-0.004141978177517621
2023-08-23,0.011076099572576334,0.01564546179327191,0.010113328144583607,0.024475459680244834,-0.012809952010608331
2023-08-24,-0.013955934148002206,-0.021607627310743126,-0.0002248455933195227,-0.006616200745866588,0.0007004700189953696
2023-08-25,0.007024992546389962,0.007721890043559692,-0.0012941233726573686,0.0032608357865236285,0.014458659800547261
2023-08-28,0.006321426001723183,0.0074989972310432855,0.002867238875764686,0.0010494957900313213,-0.0005521646690655364
2023-08-29,0.014351355825529773,0.02160462201873537,0.00972069237763269,0.0103325127798932,0.012488956833895738
2023-08-30,0.004110340567202369,0.0055612749108472255,0.002498750315822613,-0.0010387020866696223,0.0046265419240497365
2023-08-31,-0.0014645026662035686,0.0029939417958696774,-0.001665111347163996,0.004459462216437948,0.0188278004475025
2023-09-01,0.001863361821966368,-0.001058685380416193,0.0004997991755412262,-0.015701026224846083,0.02447813573510389
2023-09-05,-0.0043312810389501966,0.0012704358570091972,-0.008195174622491511,-0.01412159904785838,0.010861290708367345
2023-09-06,-0.006744998829870227,-0.008846839692245645,-0.004544556063018457,0.002456503335475019,0.009726139031383686
2023-09-07,-0.003075025084022739,-0.007177555086048699,0.0010678794784509471,0.0027698009527839253,-0.007285770302078167
2023-09-08,0.0015049931196800378,0.001396736328012489,0.0003369702787594387,0.00382196218763727,0.0044800856183639624
2023-09-11,0.006554973343902444,0.011713840230842352,0.0018513951035425602,-0.007231904851866283,0.0008935941391651085
2023-09-12,-0.005500601092791281,-0.011150294148119848,-0.005169992663578624,0.005747032640472142,0.016828311394489114
2023-09-13,0.0011652878463388027,0.003801957997177584,-0.002312682045193072,-0.00021218740295823662,-0.000250930399246224
2023-09-14,0.008585375997847606,0.008143946020680224,0.0005080950731221542,-0.007244324741988961,0.017910956594772064
2023-09-15,-0.012121345092500091,-0.017271425917541293,0.00658210689497754,-0.006112713507296192,0.0020934453198328644
2023-09-18,0.0005860465436289654,0.0010419800000481415,0.00587038313631886,0.005684932596290903,0.001966278559220844
2023-09-19,-0.0020758398134731377,-0.0021335822329166254,-0.0009480950413542692,-0.007407662745712399,0.0006137226666310605
2023-09-20,-0.009235854399401427,-0.014515334624470381,0.0007251297423292754,0.00312012791331572,-0.016827922654885023
2023-09-21,-0.016666404822387588,-0.018494413435585708,-0.0072748111459232075,-0.02600930703782104,0.003363494511084011
2023-09-22,-0.002251253050457358,0.0001396564678419079,0.0031961900557462815,0.008016227632835536,0.0027321625298927306
2023-09-25,0.004196465930634956,0.004738649051075935,-0.005163898932470834,-0.02491677365324612,-0.0029809718854211316
2023-09-26,-0.014800163843468729,-0.015130210120298434,-0.008023084937964609,-0.0034821816974893445,0.006076758005998181
2023-09-27,0.00039897526727011314,0.0023406415994016785,-0.012443751217319037,-0.005189579625333492,0.024668539794022563
2023-09-28,0.00578058368816718,0.008330433723164356,-0.005009715204337903,0.0030491927380065513,-0.01617353697629429
2023-09-29,-0.002429745752843365,0.0007258350668084721,-0.010328505518099336,0.00011281213428574702,-0.0087422718103387
2023-10-02,-0.00039771420840696705,0.008311086042149309,-0.0105542058560987,-0.016881725405492574,-0.018346863711869315
2023-10-03,-0.013476571978483669,-0.01770555276271281,-0.002892421000056923,-0.02174611916784478,0.006778847406959335
2023-10-04,0.007255601355061402,0.013516887547881084,-0.00011826350756014561,0.014008507016305578,-0.05582730459889012
2023-10-05,-0.0003769322562063013,-0.002950803715695422,-0.0018344684108627424,-0.0049969265328561555,-0.02139403079149734
2023-10-06,0.011802923419442552,0.0166167425039687,0.005139851922273756,-0.012191202925518032,0.002295050573214618
2023-10-09,0.006381937285934638,0.005086760678603986,0.018218478536943455,0.02319872436669085,0.039267303697338184
2023-10-10,0.005191195399700407,0.005522854273024717,-0.0016795054754092334,-0.0013838040253834009,-0.005460208299841386
2023-10-11,0.004088034898118634,0.007110172027900065,0.007276507826110017,0.020670992436451693,-0.01365030952775443
2023-10-12,-0.006115334908369452,-0.0034812936314436932,-0.0030543103873241243,-0.027502903897051956,-0.0033092889564296495
2023-10-13,-0.004993102603505014,-0.012649605980590511,0.03164231938177581,0.01773438475137386,0.04624876757990632
2023-10-16,0.010466384866687349,0.011243045390144603,-0.004876800474351656,-0.016224998699470923,-0.0076248747174708295
2023-10-17,-4.582497055584884e-05,-0.003280931321606983,0.0018525567250013085,-0.01108159950033362,0.0052166751771825426
2023-10-18,-0.013414667551959036,-0.01320462449911677,0.014367113783494704,-0.00883688747674545,0.013111550543380405
2023-10-19,-0.008825131604286128,-0.009400923986107377,0.012199301049654077,-0.020685756939092876,0.02278459145754226
2023-10-20,-0.012364247964592337,-0.01503014624052604,0.0027271753020748097,0.005661990489844941,-0.012070640132825968
2023-10-23,-0.0017347333210797956,0.003012858187335511,-0.003382778876821057,0.011942145915812764,-0.022684068089564084
2023-10-24,0.0075111129666428,0.00968102637521941,-0.00010933686369138149,0.013090707434353087,-0.025158547932485016
2023-10-25,-0.014456256539731626,-0.024780276864052212,0.004199991317574014,-0.022512874437662495,0.019693007674920365
2023-10-26,-0.012046812367788236,-0.01925138061218268,0.001577208003792872,0.015221977927030648,-0.02021310800658612
2023-10-27,-0.004543042350827308,0.0047896538394024924,0.011562693424814757,-0.004257864385708793,0.018937779759304663
2023-10-30,0.011884890461136633,0.01120231548013546,-0.005656514976963794,-0.0045143435302982355,-0.02992254203180154
2023-10-31,0.006260529367591153,0.004771109731176742,-0.005471503988170932,-0.004893237689468439,-0.013636358927050672
2023-11-01,0.010608152705937958,0.0172078220804967,-0.0031556165767174377,0.021450624384423325,-0.003605487635762514
2023-11-02,0.01898324089581918,0.01799033763858611,0.003318560440596095,0.022540723781246216,0.018949752785645084
2023-11-03,0.009082013719538144,0.011680596303328393,0.0036323164276059108,0.006755594353558481,-0.0176128745766275
2023-11-06,0.002297920411650779,0.004070967833705188,-0.00782308105070582,-0.009747133107348609,0.0008013513667661236
2023-11-07,0.0028420032974011368,0.00940817925981231,-0.004153745714031754,0.014641737057126427,-0.04240292328881122
2023-11-08,0.0007319991623168338,0.0006437798891064717,-0.010017653470627337,0.01689086946918615,-0.022678633032617218
2023-11-09,-0.007829326485084217,-0.00772553468144847,0.0039750574137909995,-0.02326971188821968,0.0008544226887040801
2023-11-10,0.015484286258117229,0.022233645506674303,-0.01096969995324551,0.005583999909550998,0.021684895127389865
2023-11-13,-0.0009536356439318165,-0.003123619041130432,0.0055552613869160675,-0.0022756887403331586,0.015617721358757799
2023-11-14,0.019215046934341624,0.021298165537301444,0.008879636186604513,0.022414453334673047,-0.003159067616910148
2023-11-15,0.00211477784466387,0.000752144655068905,-0.0026390807860946154,-0.014133270485740342,-0.0187467284855328
2023-11-16,0.001222344643162959,0.0008556194608553672,0.011222864579353571,0.012349569369918132,-0.047214354654269194
2023-11-17,0.0012431198931453025,0.00023294630347662915,-0.00010890827769753537,0.004675992078907762,0.03890976258005652
2023-11-20,0.007668010601002941,0.012101487210367926,-0.0016347162383040547,0.006089369505526369,0.021671634851022643
2023-11-21,-0.002181802756715522,-0.005826455326801787,0.010740019593541818,-0.00044121732195815885,0.003176081170630913
2023-11-22,0.003853400037542759,0.004084695650867692,-0.004271361889171939,0.003527682514202883,-0.012765515002879542
2023-11-24,0.0006151406483817833,-0.0014112130081584246,0.005188115339681599,-0.011845029989737188,-0.011093295167538582
2023-11-27,-0.0018025232149185572,-0.0008731313124858549,0.006715220224108336,0.016565712833031553,-0.012217805310621346
2023-11-28,0.0009896527401799893,0.0026173485736187274,0.013243765854618507,0.001969439162530697,0.018411553091702948
2023-11-29,-0.0007037496527120729,-0.0009741310677974592,0.001478346564492718,0.012493144312857756,0.017527149441222314
2023-11-30,0.003929696108825297,-0.0025174308054458656,-0.004176660491012712,-0.011618749904920875,-0.03336910358675867
2023-12-01,0.005898434080752434,0.0028509666438780194,0.017124037266951418,0.018658720251449365,-0.012914536554668416
2023-12-04,-0.005263103828535042,-0.009327057058377134,-0.021850417580745678,-0.003986547192588902,-0.011182988494196392
2023-12-05,-0.00019707581990836929,0.002507747693494027,-0.003786606077863042,0.021257902985699483,-0.013083602580495476
2023-12-06,-0.00403798236413652,-0.0058006416267828344,0.003680115406357525,0.013229667153315337,-0.04262394658445182
2023-12-07,0.007601462182430293,0.01387547805753012,0.001648967455985853,-0.0057533955447430585,0.005389994826615076
2023-12-08,0.00428989509610384,0.004446884005475628,-0.01343017351466841,-0.008216700350351653,0.021574798782704564
2023-12-11,0.0038821231506618635,0.008505766401478482,-0.011104320560253251,-0.0021175699048588755,0.004050170821960748
2023-12-12,0.004556678056818365,0.007932910098551457,-0.0005447904909059331,0.002963613782482712,-0.038921402452267
2023-12-13,0.013695914628653274,0.012637014594018883,0.022311764488914056,0.023190962846060603,0.016669653105106673
2023-12-14,0.0032043603305723922,-0.0008673242991485918,0.005845435089187632,0.025680681942519747,0.027626509857035162
2023-12-15,-0.0016480197061523505,0.00482231215244825,-0.009208782757507555,0.0011103050763421455,-0.0001489410447860198
2023-12-18,0.005609459994911084,0.006278962292241807,0.0045351876568232455,-0.0079998014178335,0.013901360018823108
2023-12-19,0.006062465557278578,0.005096494921580774,0.006790830606181726,0.005373680702954012,0.018480035560541303
2023-12-20,-0.013954170787200655,-0.014971181856121856,-0.005460866362358663,0.006752572655882237,-0.00825194242510873
2023-12-21,0.009437207902696105,0.011568210656913124,0.007045755720440373,-0.0063480389565086625,0.0034827761847823152
2023-12-22,0.002007713139261966,0.00149488499580613,0.004424614031362715,-0.004559174559988352,-0.004937511263550957
2023-12-26,0.004213512682840882,0.006103180758327452,0.007591842151508473,0.002839290458438433,0.021887074221142888
2023-12-27,0.0018065345421214817,0.0020335095470006745,0.004527577262521436,0.01756482009091984,-0.018544352897414122
2023-12-28,0.0003777068817898988,-0.00048616441486133255,-0.005832413160524756,-0.007289522627160165,-0.025570796365095832
2023-12-29,-0.0028991846971079243,-0.0043369830396557,-0.001568069797763166,-0.009060848646501661,-0.007920519208180475
2024-01-02,-0.005612035397547732,-0.01706710023373945,-0.0023566846852945507,-0.005781575626849176,-0.013291313245864694
2024-01-03,-0.008200344225620371,-0.010637899483055503,-0.008371755159892112,0.004162068507537014,0.03613420606279638
2024-01-04,-0.003226207073257199,-0.0051598462538403845,0.0010041086074332737,-0.015311188207325912,-0.009133869287912003
2024-01-05,0.0013687315010344706,0.0011853398183188698,0.00015844285681911228,-0.009611897073787927,0.02137708198407873
2024-01-08,0.014174976088312662,0.02045729286634099,-0.007846978293015706,0.009817658804350643,-0.03884409556923109
2024-01-09,-0.0015183463657503222,0.0019736065701812158,0.0003193058065587502,-0.006396276032372864,0.014799550438628694
2024-01-10,0.0056397314660764,0.006754807592345011,-0.0022906686849215973,-0.004668606415454993,-0.012392870067949613
2024-01-11,-0.00044090210259523067,0.002078572390055415,0.001971362878362661,0.005599507326292201,0.01624361733911579
2024-01-12,0.0006926081611157803,0.0005127199679422182,0.009746417465784744,-0.00196638936668073,0.005454353054606214
2024-01-16,-0.003678062446697538,-9.749323454895698e-05,-0.009533481464917285,-0.017770170409214952,-0.011384711744944523
2024-01-17,-0.005574135530266533,-0.005656729945855997,-0.011077075533253301,-0.0015831519934856072,0.010207980185228916
2024-01-18,0.008853502163457311,0.014094220803178396,0.0081991767942437,-0.00933866879836575,0.01635065794270974
2024-01-19,0.0123890209891666,0.01963691559339014,0.0029842685447011067,0.003193438315207037,-0.0034812606749583504
2024-01-22,0.0021122848813345573,0.0013051105048650278,-0.003785111631635069,0.005933882342060784,0.012562474547873417
2024-01-23,0.0029120389466628896,0.004140916910913805,0.0038915513093621982,-0.007955443757363179,-0.00043055297375465054
2024-01-24,0.0010926009458357374,0.005533831032176366,-0.008281084265806291,-0.005874620133120647,0.012553620277697722
2024-01-25,0.005424233678758516,0.0012205067085473685,0.003962127078988696,0.006513411538420994,0.023675580751622932
2024-01-26,-0.0012712706823895992,-0.005975392495351313,-0.0006949345993062643,-0.001917599684130269,0.011972827343507776
2024-01-29,0.007888243154561467,0.010188485268104985,0.007033690942251831,0.01145046730335928,-0.014467981080234718
2024-01-30,-0.0007737273177230014,-0.006678867524341287,0.001379574176667031,0.009025275930380708,0.010492910073783456
2024-01-31,-0.01645198232232101,-0.019780544169472437,-0.0007426235867569977,0.009772615810079113,-0.026300819488012092
2024-02-01,0.013003269341093398,0.011706601449404103,0.010346957700093572,0.01942576282387081,-0.026431976704886312
2024-02-02,0.010472333454108524,0.0167593663195751,-0.00949826692011521,-0.022336158995374153,-0.022844711985576926
2024-02-05,-0.003647841222172264,-0.0013061926757222334,-0.0055292461789592075,-0.020400495966617704,0.009875504488838303
2024-02-06,0.0028991749556893155,-0.0020092537027132673,0.0052110917695982265,0.009726514036211071,0.009197776548201076
2024-02-07,0.008305779286032383,0.01023762635036117,-0.0002652330017039186,-0.004851520839219441,0.008825936323178959
2024-02-08,0.00044152675580897284,0.0018503277327003606,-0.0009022539588233346,-0.005831590093591149,0.029802099871098716
2024-02-09,0.005762762379160299,0.00979472898602012,-0.0038836838223869725,-0.002022272141860568,0.002095140529148883
2024-02-12,-0.0004389891024339729,-0.003920083574725369,-0.0026153866387207837,0.0011712448995987652,0.006120514935426306
2024-02-13,-0.013868843459831637,-0.01572007245247912,-0.013884637194949295,-0.017283583728315375,0.007460671626600752
2024-02-14,0.009046686127942445,0.01083845198558436,-0.0005962900909107332,0.00507660836944825,-0.015256862364882677
2024-02-15,0.0068760360062306404,0.0029731719156507338,0.006701308514327959,0.005158024138244455,0.01786865592877021
2024-02-16,-0.0049924779100584404,-0.00910906241102278,0.003655878672840905,-0.005804777225255242,0.00779501142506072
2024-02-20,-0.005520655429060933,-0.007576726768663388,0.006045896751115192,0.0008623052589868297,-0.013577736954721916
2024-02-21,0.0009055359669141896,-0.004009667141270998,5.331114505738622e-05,-0.007134474555080581,0.01071290022291577
2024-02-22,0.020484308254773743,0.02885521327007157,0.0004266309391015458,0.004869677792086502,0.005449625726195423
2024-02-23,0.0006892344884380418,-0.0029490454127820485,0.005635602023986369,0.013298251871026583,-0.02309064029901898
2024-02-26,-0.003669178803957192,-0.0005267371637885665,-0.002229172292928307,-0.002987582932803545,0.012024231004058257
2024-02-27,0.0018560248182950727,0.0024023074259530374,-0.0010632481058260926,-0.007077008000862371,0.014457392607701923
2024-02-28,-0.001322514981534505,-0.0053386855602392215,0.0018068578078276945,0.00632887380407009,-0.003119223057094118
2024-02-29,0.0035885215983289982,0.008532834648325353,0.005137049487700812,0.007032516570859269,-0.0035379289902673218
2024-03-01,0.009344411629882815,0.01494452485716801,0.018734204946424346,0.006211848696281996,0.021575789448461752
2024-03-04,-0.0010729130739059135,-0.0035743441467951183,0.016045575240364,-0.004030876941824718,-0.012754377643168217
2024-03-05,-0.010044468835889815,-0.018112719270900367,0.006002093012312388,0.01414122984218799,-0.007595387002346809
2024-03-06,0.005054519903692807,0.006264069651877867,0.008181839163568495,0.005851120653399361,0.012044254536371039
2024-03-07,0.009877507991032536,0.015064106373955524,0.005667751261581818,-0.0009378377233555713,-0.0014806892546147526
2024-03-08,-0.006020294474732712,-0.014540127899765064,0.008417025116951235,-0.0017745693311579118,-0.011789590084702966
2024-03-11,-0.0008602940963633521,-0.0037195879649899763,0.0018333385345244608,-0.0005223765343574618,0.0035379289902672437
2024-03-12,0.01069984061506385,0.014233165196570157,-0.011000916093968595,-0.008396239053212616,-0.0036742814721483132
2024-03-13,-0.0015686377048351032,-0.007715620917594614,0.006982966028737541,-0.004860064211290719,0.02344486155591102
2024-03-14,-0.001978778491139844,-0.0025245902687059197,-0.004183879789555221,-0.015476009174957561,0.01598563294504645
2024-03-15,-0.00689020738642132,-0.011957946277623562,-0.003199519647615038,-0.00032278903060597026,0.00039309151180578973
2024-03-18,0.005925442130212798,0.009492133405196813,0.0016010012977577042,-0.003017065456977375,0.0213863568040564
2024-03-19,0.005541948847146199,0.00248841980772139,-0.0011504677080451668,0.002801875357649298,0.005754084512535787
2024-03-20,0.009206827807466445,0.01178693567791723,0.011841472011166752,-0.0003229627591396483,-0.015159595337779516
2024-03-21,0.003299042616806373,0.00472105012105579,-0.0010391759354036452,0.002150785396748033,-0.005581896832704567
2024-03-22,-0.0018975526418987673,0.0011431779553215055,-0.008053310017860795,0.009515353769020568,-0.0018240967878449877
2024-03-25,-0.0027665969552106424,-0.0036358754740686084,0.003189315361775875,-0.005013642655108026,0.013986265466977597
2024-03-26,-0.0018488003502574156,-0.0032428079808543833,0.003228743279298674,0.0027766218863517216,-0.006062594660150216
2024-03-27,0.008368749555282195,0.0034002288564444223,0.007214572450620787,0.009868832373900066,0.002842394889994873
2024-03-28,-0.00019105724541160416,-0.0018450537229810886,0.012817528202410179,-0.0008448510769034695,0.015617331980804382
2024-04-01,-0.0017413268435364788,0.0021148406068655996,0.01015632882706488,-0.01881729521220249,0.011868760574354039
2024-04-02,-0.006378495270737286,-0.008667736962923413,0.014664311961913869,-0.00552565207479571,0.013960126414517587
2024-04-03,0.0010979324644741254,0.002241845018479393,0.008734121015037044,-0.0002173997907152979,0.005677614386043164
2024-04-04,-0.012281197313867807,-0.015408635333341601,-0.005751211782367894,0.007146907358621697,0.01247565916713096
2024-04-05,0.01039278744686437,0.011714916785938131,0.01696939930469014,-0.01401659373990089,0.0015789750563960673
2024-04-08,0.0005592786213253354,0.00029517008706845605,0.006209168519561451,-0.00010951306740445464,-0.0024301904972476177
2024-04-09,0.0011558821958742595,0.003692630443289953,0.005482001328254696,0.009258860126063168,-0.01285595217233564
2024-04-10,-0.010063512906370174,-0.008766797094873937,-0.00950892303540449,-0.02203458745307613,0.011516848985476157
2024-04-11,0.00751846733818175,0.01584201097835836,0.019246832874495322,-0.004554553859066037,-0.006599795260321502
2024-04-12,-0.01389911559916037,-0.016070179761391336,-0.013327746093360097,0.005330370864760213,-0.0002453307865668805
2024-04-15,-0.012607305857278962,-0.016587777114115524,0.01854610800435578,-0.015627328709579977,0.0014708024021412203
2024-04-16,-0.001825515000946899,9.271437016326866e-05,0.0012212692273934644,-0.006659176294220623,-0.00392686341194556
2024-04-17,-0.005935820313176754,-0.012276308132704089,-0.007395532411290185,0.011037255761077409,-0.030206965750945645
2024-04-18,-0.0020597631720567,-0.005722799698240989,0.0034096367107846366,-0.005052978119381303,-0.0016488668939575347
2024-04-19,-0.008766776300365155,-0.020906128467448725,0.0031266420969038923,0.003595998339650599,0.0008881520097101191
2024-04-22,0.00916711474286894,0.010006306992489836,-0.025012716627157542,-0.0016842591445920252,-0.0008881520097101288
2024-04-23,0.011796780401231726,0.014812711785475264,-0.0024616906480957905,0.0003372864857739486,0.015117503343163788
2024-04-24,-0.00047470303976324417,0.0033819448650214794,-0.0018618228395408355,-0.007101313615346476,-0.0042601738587208825
2024-04-25,-0.0038061320362955545,-0.004841709067140205,0.005945756955740473,-0.007038373270223962,0.009995123722986861
2024-04-26,0.009429171683967428,0.015313821364046562,0.0032366836371748075,0.00522649797314935,-0.0006218125076125912
2024-04-29,0.003535232694822782,0.0040523329338675845,-0.002033283758808563,0.008350981551672717,-0.011132761087201501
2024-04-30,-0.015968040441022735,-0.019036348506007317,-0.02013850411793736,-0.008577744591221475,-0.0141882639306748
2024-05-01,-0.0032523711492450625,-0.0072567922755584855,0.009021337418355644,0.0073439349944316714,-0.03175689048529639
2024-05-02,0.009309852910502436,0.012682544426735578,-0.003091862325121168,0.004281609996703319,0.0
2024-05-03,0.012319201446675981,0.019899292079091933,-0.0007979449099420573,0.010068314281211273,-0.010591957420973446
2024-05-06,0.010273717120192795,0.010893826104098477,0.010463427933373832,0.0038884117167094657,0.007029757783726227
2024-05-07,0.001102875835376697,0.00015889308307297858,-0.00461094049941965,0.006079910365332786,-0.0021170113520887217
2024-05-08,9.67195117947496e-05,-0.0005905923935289545,-0.0029453952906236033,-0.006079910365332742,0.008047014043655872
2024-05-09,0.005745449496232731,0.002179116665435843,0.01565541986116323,0.004866512350165018,0.005372430403400711
2024-05-10,0.0012873395681978115,0.002355497326846748,0.008079783894319735,-0.005642614391735471,-0.016071925368196245
2024-05-13,0.0001341179324634761,0.002304582497537631,-0.0112653199553874,0.002548678065216952,0.010962193906755544
2024-05-14,0.004577728577353248,0.006411724653576056,0.008426442720749588,0.0056285683155868,-0.012158180575230207
2024-05-15,0.012306845832290737,0.01550936742683934,0.012757032448187737,0.013555437857039748,0.008868920205058686
2024-05-16,-0.002059403872835987,-0.0020333961453832725,-0.003900942141432421,-0.0009779389646266477,0.004864306617097663
2024-05-17,0.0014365109465442336,-0.0004869463081396394,0.016363162829441707,-0.0067609694151172005,0.009398335918171338
2024-05-20,0.0011515089682522465,0.006948474922374613,0.004015863208074463,-0.002958804246096935,-0.0031229414661702254
2024-05-21,0.0024494637136125126,0.00195458436057981,-0.0014706294501547247,0.005144680888360583,-0.007456371371994017
2024-05-22,-0.0028835494572111153,-0.00019755035590612703,-0.018544867564565436,0.0012005045223131533,-0.017083125640254306
2024-05-23,-0.007330967166568576,-0.004508437532292416,-0.020146148039186556,-0.0064548233230773445,-0.005625594787959232
2024-05-24,0.0065943645658527025,0.0094119880472435,0.0009266841017383871,0.0029588532779603514,0.01201618668264031
2024-05-28,0.0006988625394648586,0.003770501622630048,0.01045829379441463,-0.014439605200558389,0.03019646663723591
2024-05-29,-0.007027381575256377,-0.007073289779674448,-0.009347362870368874,-0.012175559660858709,-0.014135020319737542
2024-05-30,-0.006655798709975442,-0.010771292532496016,0.0018949634848047382,0.009618668208718772,-0.013675438975928015
2024-05-31,0.009067103433459013,-0.0018618392860532654,-0.005881436093592545,0.006767150164635569,-0.009444687322324561
2024-06-03,0.0008150269552614069,0.005354872551367659,0.008878251926791354,0.016045031378371634,-0.04078298326298724
2024-06-04,0.00111714667793236,0.0027327292269418452,-0.009017596418210323,0.011613726799220512,-0.010355613150529097
2024-06-05,0.011814988576102055,0.019959374964056045,0.011775993219294973,0.007310943580920547,0.011190536078020008
2024-06-06,-1.8640420486244925e-05,-0.0003453545680073859,0.0073641743967564136,-0.0015011787248836394,0.018877622004538838
2024-06-07,-0.0012164815134503508,-0.0008851906275131818,-0.03633551284065831,-0.018515685812310587,-0.0032814562555495684
2024-06-10,0.0030851247016054355,0.004031025463317776,0.009126408480626166,-0.006689057317951587,0.0328693721488532
2024-06-11,0.002405443272483771,0.006839356122163385,0.002852538250894446,0.01028918008446376,0.0006624237024835077
2024-06-12,0.008179332823400606,0.013012718381431638,0.002658183908153708,0.007485635616359809,0.0062050658352542825
2024-06-13,0.002011485458195218,0.005405621891322939,-0.008183543017197694,0.01459245422141617,-0.0031637976724215554
2024-06-14,0.0006083161601723807,0.005167871637716997,0.012876289526632455,0.008379973530595134,0.004479048035762472
2024-06-17,0.0079270936744999,0.012175364605699169,-0.00520517570045054,-0.009978703712239185,0.02222745768327376
2024-06-18,0.002537841399233243,0.0003091624675925093,0.003999264104052163,0.009133352037597992,0.011248965078119082
2024-06-20,-0.0027202546537578335,-0.0077378665207948364,0.012407060942233218,-0.006682701812404574,0.009362485957576596
2024-06-21,-0.0013417365200020306,-0.0026828500304393287,-0.015614512577113587,0.0,-0.009616702118432007
2024-06-24,-0.0032559199214208224,-0.01144990121322742,0.0039497558204108826,0.004036119195124574,0.013261898600443552
2024-06-25,0.0038434737094737987,0.011370716406299584,-0.004974590412272902,0.0016945524687782241,-0.010088300314374856
2024-06-26,0.001247378106597345,0.0020630610784367794,-0.00927101143578294,-0.014388774566799111,-0.001902969485489011
2024-06-27,0.0015749916334834248,0.002577977841298034,0.011273144249924162,0.003964338796267359,0.014747833723460755
2024-06-28,-0.003942714029198568,-0.00520451917961675,9.297215668029186e-05,-0.018781007735696426,-0.004137700623625835
2024-07-01,0.0020560237092508457,0.005847944549495889,0.0026012036358740546,-0.017409591185818443,0.024205297813483594
2024-07-02,0.006707005399587149,0.010444976005510226,-4.643502198153371e-05,0.007755422948559437,-0.005287443011822337
2024-07-03,0.004452820303357629,0.00830245153867378,0.011209933637062129,0.013047796658247728,0.0019706378519356925
2024-07-05,0.0057499218194441495,0.01037286875382975,0.013396660734694534,0.008244636685609173,0.0004920767346672877
2024-07-08,0.001153206388531594,0.0023754451159784568,-0.012479622087256387,0.0021583813684344848,-0.011006101493362288
2024-07-09,0.0009720372231332721,0.0008642878166922925,0.0016943111880903482,-0.004429607759642811,-0.008115426860099868
2024-07-10,0.009846755245564241,0.010372466120750563,0.003653653384415535,0.0031349764214964777,0.008861296222450103
2024-07-11,-0.008660066310131774,-0.022174219044410144,0.017578001160184497,0.009668459004191584,0.0056994215480502914
2024-07-12,0.00628781650657893,0.005857587816528238,-0.0006272936376367233,0.004267032648882286,-0.00856140760075485
2024-07-15,0.0027462899528490525,0.0026842945336854637,0.0032219172131206842,-0.011563145353317004,-0.0016212169316542201
2024-07-16,0.005912711546454202,0.00038291862757378026,0.01972987782004887,0.014008531479471616,-0.013318518090355181
2024-07-17,-0.014120461787227182,-0.02979436870511596,-0.0046540195707981385,0.00021242521530969046,0.01953976476914971
2024-07-18,-0.007714773256515215,-0.0047437407103217465,-0.006401633154546521,-0.007673387972096576,-0.008970919887678825
2024-07-19,-0.006662675891657246,-0.008903186616730223,-0.01810066223064627,-0.0059019802415460725,-0.02406704517999509
2024-07-22,0.01025718418307484,0.014787877079799835,0.0003156824791686295,-0.002909648102313964,-0.004883665363853609
2024-07-23,-0.001569851336492151,-0.003530891798037335,0.003510507096461622,-0.0014044164374105567,-0.012966986206433018
2024-07-24,-0.022923163749037613,-0.03652940060670124,-0.0035105070964615765,-0.010866976376334131,0.0024766331062798185
2024-07-25,-0.005223930049926091,-0.011088944290924755,-0.015768400613655725,0.00816139595860568,0.008426854041664747
2024-07-26,0.011137417389716396,0.010203646189364392,0.010479424389843233,0.007772707682893017,-0.0175819919686148
2024-07-29,0.0005876292850229215,0.0020067571572934748,-0.0014060442276131696,0.005362577471450481,-0.012161394438873405
2024-07-30,-0.00507920363226575,-0.013826432636558058,0.009935936183544556,0.00384341169591162,-0.009756219710749902
2024-07-31,0.016123808047705458,0.029164244646164968,0.017948680176280075,0.010177109854609985,0.04310784179589794
2024-08-01,-0.014262206768389595,-0.024519646655853183,-0.0034488837098835684,0.008587906438280255,-0.018828017842150952
2024-08-02,-0.018793875110654085,-0.024021105381626162,-0.0019064443892983563,0.030685735902197805,-0.038754201862336544
2024-08-05,-0.02955620584605991,-0.030269797062471945,-0.012773165762624666,0.005276974960339739,-0.0023190538766148655
2024-08-06,0.009177246447339794,0.009509931093387275,-0.008032891286850028,-0.02262216211228134,-0.010571997719377635
2024-08-07,-0.006706422812809564,-0.010889037474400756,-0.0006798590470787476,-0.007065125411626054,0.03044962041173569
2024-08-08,0.022854202897594586,0.030132432848738972,0.01556622880577821,-0.006170519738940204,0.008930391311087377
2024-08-09,0.004399998404867603,0.00520871764631221,0.0024522519879110324,0.00981333026853789,0.011347273093983994
2024-08-12,0.0005253842571792931,0.0021512723179761993,0.01699935451192235,0.0036290736988635252,0.031129359611728098
2024-08-13,0.016311844951022978,0.02450998042999409,-0.0015335341694870399,0.006911334767077706,-0.012670520633458079
2024-08-14,0.003149468985953554,0.0003242698117189998,-0.008189191333500994,0.006250965018151295,-0.013616278332464034
2024-08-15,0.016995157532087746,0.024949250352489117,0.0031339290416113642,-0.008103057758755458,0.010649546417540887
2024-08-16,0.0022395968496822147,0.0012850175832187342,0.022140811735288115,0.003495465889107065,-0.01418099538318681
2024-08-19,0.009516008931221401,0.013050404884937618,-0.0016393656726291592,0.004607591869648451,-0.025747971570824927
2024-08-20,-0.0016274956774618569,-0.002100806611791708,0.003663270802502215,0.007936762174161477,-0.0074218736985404345
2024-08-21,0.0034305684163451074,0.004653198639108069,-0.0013345079227064104,0.0006077510153532499,-0.01680027705889688
2024-08-22,-0.007879475998180634,-0.015981920375437383,-0.012047289256478088,-0.009975554203136925,0.013408373748716321
2024-08-23,0.010569334395826984,0.01078715409547737,0.011487194343258775,0.006525670386653229,0.026421454550779395
2024-08-26,-0.0023865424905803994,-0.009755760501851776,0.0031842629268955657,-0.002544112524400117,0.029732255385001766
2024-08-27,0.001372128879619928,0.0029829700028221142,0.0027030152296240286,-0.0017335283884223993,-0.01736699909208973
2024-08-28,-0.005822100753375148,-0.011412429635775424,-0.007051666972008083,-0.0012257331280223866,-0.013292220430715884
2024-08-29,8.930120137322424e-05,-0.0014648701943442235,0.005164620716356872,-0.003275475853840289,0.01694613013782599
2024-08-30,0.00950090860591358,0.011848915100334294,-0.0071515197828322195,-0.010720734621529603,-0.03216477950517484
2024-09-03,-0.02079383881791606,-0.03083132389264942,-0.00433295027353233,0.016223008147972985,-0.044702487179793374
2024-09-04,-0.002048815295904586,-0.002601953403301066,0.0006077417877377091,0.012807529826228079,-0.021038384478949908
2024-09-05,-0.002435143138902432,0.0009331089302710819,0.008297784905919918,0.0056401147592702715,0.0040143248072719824
2024-09-06,-0.016973556894264042,-0.027152598039499067,-0.007430165851405642,-0.00010043195710154944,-0.013831067431116914
2024-09-09,0.011133926341686659,0.012777873821309295,0.004197056104325384,0.004309409161877812,0.004920362248043913
2024-09-10,0.004346456808267727,0.009199141377744583,0.004394427867848139,0.00697637916132514,-0.0339164510644635
2024-09-11,0.010206922812040312,0.021483139340725883,-0.0015918222264343484,-0.0007949589416196719,0.013203951283404443
2024-09-12,0.008387844224817332,0.009768097750749294,0.01741476344611925,-0.004682137495072762,0.029623204964132104
2024-09-13,0.005209191237643354,0.00446992884161266,0.009894570827460453,0.002692547035643896,-0.0007157096603621106
2024-09-16,0.0014757261107478993,-0.004427702477406395,-8.375168155593023e-05,0.009120756795686625,0.01478140845143414
2024-09-17,0.0004085390601458334,0.0005280699316993655,-0.005546263478781389,-0.004847422031185597,0.011781398210254278
2024-09-18,-0.0029702317663818267,-0.004338741681988439,-0.007740344731775493,-0.012473557012399304,-0.014889971999142874
2024-09-19,0.01692041774980828,0.024969761225666073,0.015421236419487408,-0.003318758502837041,0.029149212293412347
2024-09-20,-0.0017302080740723908,-0.0019051132202340649,0.012630557682531525,-0.0038359884940156394,0.0023340186484007907
2024-09-23,0.0024956782542853995,0.0026471967615146483,0.00193852671610104,-0.0021256893410748156,-0.009230597707461144
2024-09-24,0.002857292202274857,0.004812006213154091,0.013872405171650835,-0.00020270639915501718,0.014291859437062458
2024-09-25,-0.00220790061103961,0.0009266938214269301,-0.0013827232563759936,-0.008347131740721518,-0.02500644917512111
2024-09-26,0.0039568518361695355,0.007484973564857107,0.005073989582052931,0.0023481424402426424,-0.03516628466659736
2024-09-27,-0.0014513427847203141,-0.005572472733759949,-0.00796748708764577,0.00518741719710935,0.01809346484428869
2024-09-30,0.00399929847870703,0.0027080673636389998,-0.008031540905021974,-0.004779522607052983,-0.004993212272747592
2024-10-01,-0.008998973160204217,-0.014030414175874374,0.0104365981433154,0.007194200149121813,0.03084103423341522
2024-10-02,0.00042198467364129805,0.0014120607816149693,0.000203566476664727,-0.008463171240803159,0.00897364361703627
2024-10-03,-0.001829741445149092,-0.000747279354150831,-0.0006922454344500081,-0.009464987272694722,0.04000804444351105
2024-10-04,0.00904616407241794,0.011827856441761573,-0.001998025038998091,-0.012377174254375487,0.008153584225935795
2024-10-07,-0.009081707017788772,-0.010769455272478712,-0.0033935140367649104,-0.007564042994225878,0.03664824860875891
2024-10-08,0.009413219463193335,0.014824293200416496,-0.007399232494344503,0.0016857631335143507,-0.04400989038435532
2024-10-09,0.006902713739553311,0.007837530948748837,-0.0054610705017173605,-0.005701084034219199,-0.007150466274743375
2024-10-10,-0.0017516779145616303,-0.0011361928270098018,0.007316064767089658,-0.003925120337510719,0.03293980591297468
2024-10-11,0.005970483612594294,0.0015619091320149717,0.01085428686886074,-0.004047220280906516,-0.0036068413339225163
2024-10-14,0.008144978955629037,0.008356473478257184,-0.0016308312397319176,0.0007468047597734459,-0.0203370009637221
2024-10-15,-0.007800051211347414,-0.013456993817095756,0.0034623584364339233,0.01208405015468654,-0.04264548423443695
2024-10-16,0.0043371030688183695,0.00012220379631145242,0.0049891427128232555,0.004205853775215907,-0.004960062542532065
2024-10-17,8.578677819207803e-05,0.000692289819403582,0.0059704521617615375,-0.015970015398050555,0.0030340833401324117
2024-10-18,0.00383927587037961,0.00653346701943294,0.010562207979593495,0.0007460966234370518,-0.01722272422377844
2024-10-21,-0.0016436298660986197,0.0019192929994186546,-0.00019902108052380224,-0.01762511462255051,0.012253075698905812
2024-10-22,-0.0005314275798262043,0.0010894104010559734,0.010729555523637746,0.0009749232342874939,0.02352407649793247
2024-10-23,-0.009179368545310611,-0.015442471555511178,-0.012123752431615111,-0.002711444648408933,-0.005829343240804152
2024-10-24,0.002160467106629352,0.0080761353532833,0.007663817134299539,0.00638770212220917,-0.006684500589053859
2024-10-25,-0.0003454644966876584,0.006075140328531336,0.0020548662166116312,-0.005627681154193969,0.015887438402182662
2024-10-28,0.0030867687901062935,0.00016144406748778165,3.945329776617785e-05,-0.002717106770754789,-0.05254911326250707
2024-10-29,0.0016169642213606978,0.009562542879411271,0.010835937036952448,0.0015224391127761144,-0.010992995581308026
2024-10-30,-0.0030297943793906935,-0.007586174443155864,0.005490789207931537,0.0029296924321586446,0.024111179315838997
2024-10-31,-0.01979777529280187,-0.025566895531953026,-0.015616471787270507,0.0016234998835723269,0.023817259740401706
2024-11-01,0.0042114884822504915,0.007371680460372794,-0.004110813705942359,-0.014198594755669994,-0.014610944955690543
2024-11-04,-0.002156325118877245,-0.0029174684315373192,0.0014248987496042703,0.015402878603529797,0.03103255387781252
2024-11-05,0.012019510248948892,0.012676279018763642,0.0022519104403699204,0.005297214107910782,0.005905297375616848
2024-11-06,0.02456136995947425,0.026800859617151666,-0.03085797669408563,-0.0277703551463075,-0.0025457565295519888
2024-11-07,0.007702322786009814,0.015621700187668994,0.015948645391861378,0.012450108984250478,0.0016086162034484183
2024-11-08,0.004322565494874727,0.0011675533714598466,-0.0067924425881974865,0.012620958073109442,-0.020705880811592785
2024-11-11,0.0009522238642130993,-0.0005835463582870467,-0.02375140115119195,-0.004876995463391655,-0.03040415796476914
2024-11-12,-0.0031112753960949877,-0.001811641099153745,-0.008668821068980244,-0.01510708069355798,-0.0035303290409017998
2024-11-13,0.0004858594092337671,-0.0012875739376203245,-0.010132384997697268,-0.009531196570547493,0.0005657037894787222
2024-11-14,-0.006450969292049736,-0.006973895626482006,-0.002612551531378182,0.005773897728906714,0.007886219462695269
2024-11-15,-0.012891378731031031,-0.02411435135714549,-0.0017736414154014318,-0.002660972276530061,-0.02183865727035887
2024-11-18,0.004089038602607004,0.006923542262496421,0.01884162282592499,0.0017746164098901927,0.03272044400043885
2024-11-19,0.0036487040604726933,0.006856118831434348,0.00891942849470802,0.005084651360602718,0.003324533721894514
2024-11-20,0.0003390868404972128,-0.0005760997218082404,0.005616245032295766,-0.00320238978120274,-0.004018586814210477
2024-11-21,0.005353678597501954,0.0035907385444234217,0.008304918886222052,-0.000774507602792108,0.01625156766698666
2024-11-22,0.0030946012319610686,0.0016027068654955639,0.012809813332372294,0.0005532809199177511,0.014242398406224533
2024-11-25,0.0033864694529850566,0.001580447341974704,-0.029901483187306007,0.0255585099885452,-0.029383754555274894
2024-11-26,0.0052076928364248026,0.0053546960719923955,0.0019364331609546426,-0.003889844498407844,-0.006819285585412977
2024-11-27,-0.0030346887248725667,-0.007904393969645054,0.0022202481870022992,0.0069045585627908945,0.0015349282152113974
2024-11-29,0.006192835778933071,0.008748462441639163,0.008587567442534243,0.010268789940301854,-0.0015349282152113462
2024-12-02,0.0017908266336340226,0.010829125898555067,-0.0087929483026941,0.0023997537156108502,-0.00799162597071586
2024-12-03,0.00046383793080090633,0.0030612982406785505,0.0020107532444556663,-0.008666410047212043,0.02776413724990977
2024-12-04,0.0061902085405642635,0.012287460311000108,0.00302908748607766,0.010688474777386455,-0.016009225116614706
2024-12-05,-0.0016468901865001604,-0.0027752562611123082,-0.00742520820917337,0.0020178106248741985,-0.005720225392875778
2024-12-06,0.0018939000361718997,0.00890985608835208,0.0003705001517973534,0.0014842980466529068,-0.01735987939826787
2024-12-09,-0.00516297833458787,-0.007817975976259215,0.009870874002918592,-0.009259674535089442,0.013153436669722055
2024-12-10,-0.003113937328071786,-0.0034133704339085924,0.013078415980993926,-0.004715980835008222,0.003226535133112736
2024-12-11,0.007700908748182434,0.017744008349520262,0.009488652360594872,-0.00949947834628279,0.02667193635937889
2024-12-12,-0.0051658577282944216,-0.006474526518127546,-0.01477229774782158,-0.012221620552135408,-0.0016378159227148832
2024-12-13,-0.00019853480145242148,0.007625282049773405,-0.01216527622337442,-0.010263071360990951,0.013566888492005873
2024-12-16,0.00426065721072864,0.014297674757313394,0.00241229791280552,0.0029901730314309885,-0.00689614185761138
2024-12-17,-0.004128399374967782,-0.0044132995700754876,-0.003846011153453628,0.0024300911498716864,-0.005442107261041295
2024-12-18,-0.03025661064131427,-0.03674389874843734,-0.01937149963953233,-0.01258289655563604,-0.004923431674443056
2024-12-19,-0.00030719993032865203,-0.004463252565336946,0.001420087931281009,-0.015257184225213343,-0.004534557053921821
2024-12-20,0.011939453918031324,0.00869461543997068,0.01037999743966833,0.005678116326275574,0.006725684083832307
2024-12-23,0.0059704551547163365,0.00969546631922974,-0.004719916680210686,-0.009214950405658407,-0.0005473579311959104
2024-12-24,0.01105367568985796,0.013468997773553872,0.001990032656870636,0.0042199610422616555,0.008043175675934577
2024-12-26,6.658957764061234e-05,-0.0006799158039183127,0.0067284927019149185,-0.0005692555236105063,-0.007085521901283685
2024-12-27,-0.010582380600210406,-0.013382079801531617,-0.006894214453703702,-0.008232628925087951,0.009797346590190263
2024-12-30,-0.011477198153203867,-0.01338922421552245,-0.003194779040875952,0.008004873078370117,0.013049236525679303
2024-12-31,-0.003644664109505321,-0.008530946056411871,0.006214287831739849,-0.005367529860033798,0.009709504271429553
2025-01-02,-0.002459829385360168,-0.0019579310367464314,0.013496228917030742,0.00274423020579026,0.01810119232514134
2025-01-03,0.012425775025449736,0.016232650789660866,-0.007895124609843705,-0.003202443885217745,0.012786714397346214
2025-01-06,0.005743981611671598,0.011427376698883282,-0.0012328556129919187,-0.004477800560778136,-0.007988640762339544
2025-01-07,-0.01136831629184718,-0.01800545517403016,0.005617626735063329,-0.01134134876936771,0.011191923735452969
2025-01-08,0.0014597345003096753,0.00017484050025995553,0.005301603121984867,0.0012791091698594265,-0.011191923735453007
2025-01-10,-0.015385176811872776,-0.015805355079482632,0.009512918374949551,-0.006647200856062576,0.04230080168143669
2025-01-13,0.0015493839894041204,-0.0032189525986854968,-0.010001100303675396,-0.0003509942950819227,0.01952544305229759
2025-01-14,0.0013750045248620301,-0.000950050912716917,0.005235693007988215,-0.0016403368539878302,-0.0068335248564909004
2025-01-15,0.018026674240311926,0.022745760601119613,0.007461090407550896,0.017088392496393094,0.032169489947602124
2025-01-16,-0.0019250579562589988,-0.007030741582627288,0.0068871946090514665,0.0032221626346066903,-0.01673872064357665
2025-01-17,0.009989835238136619,0.01673766831027501,-0.005321403332684962,0.0017218905642433608,-0.005076836731238852
2025-01-21,0.009111737358867486,0.005847793272045894,0.015366546556984287,0.00890614326930341,-0.017234381915569242
2025-01-22,0.005605796453539717,0.012704864165812634,0.005122510213068569,-0.005242482416868509,-0.008419020896958184
2025-01-23,0.005443319128326142,0.002123864658895218,-0.0014158718257654048,-0.007801152597626855,-0.015284702792321593
2025-01-24,-0.0029237382474337145,-0.005667308479563768,0.006199449222330093,0.004481589105149345,0.004911531763045232
2025-01-27,-0.014246253240348535,-0.029546870810714422,-0.010459313683880304,0.011739958934374867,-0.021203081909510188
2025-01-28,0.008555611473282456,0.014671649094698225,0.008619165823801737,-0.0006800920908359522,0.011863144417672285
2025-01-29,-0.004493045788622342,-0.0018795294172852255,-0.0038478030414185464,-0.0020430558356798493,-0.013789823155871057
2025-01-30,0.005352731358855029,0.004253168892571027,0.015031970539815968,0.003742604119977343,-0.0003857619739515185
2025-01-31,-0.00533612344483288,-0.0014540934402891472,0.001974448600582322,-0.006587216985952871,0.003466609992588189
2025-02-03,-0.00675229895034307,-0.008035411194964173,0.005323078655223504,0.008108790320181414,-0.0025666974170840706
2025-02-04,0.0066858656392535494,0.012200630245342705,0.00980023748604468,0.0030579830259035495,-0.00399147578072021
2025-02-05,0.00404643194315376,0.004527677157059468,0.00619034264242983,0.016375425348514987,-0.018490185794352576
2025-02-06,0.0034695007611694672,0.005206005413947671,-0.0026537744373774834,-0.00044502430363806665,-0.008446657293337625
2025-02-07,-0.009195664775840797,-0.012693360079518526,0.001782570144409176,-0.00647607162523255,0.005419399540078161
2025-02-10,0.0067682684944034765,0.012032384330545315,0.01679638680250656,-0.003029438189681264,0.020097256003363415
2025-02-11,0.0007602521284138967,-0.002383416188674831,-0.003658285589870855,-0.00642489122996295,0.011177544617719163
2025-02-12,-0.003226788117512407,0.0005867845806304241,0.001046607072714827,-0.013662883711447485,-0.025229321786201495
2025-02-13,0.010502466661843405,0.014283246398217486,0.009814510830150674,0.016486117150144093,0.0009167664219309704
2025-02-14,-4.9381813522978136e-05,0.004189917560746414,-0.014983466926549196,0.005285872631071365,-0.007489683500142611
2025-02-18,0.002931494813553513,0.002264372249544458,0.01642526914447792,-0.011847851225369795,0.014923688398120607
2025-02-19,0.002352150599885136,0.00027824149957110707,0.0005539429240083393,0.0012477407910087381,0.006346732998629853
2025-02-20,-0.004168923150187155,-0.004253649544232152,0.000516699154436362,0.0037340917733782618,0.003994660164347354
2025-02-21,-0.017251969251218507,-0.02097305898462997,-0.0009229691054979344,0.012012728930027911,-0.031483282802328205
2025-02-24,-0.004560894960155602,-0.011874657689600289,0.0054148811569904014,0.0028970764335787954,0.00819463676140123
2025-02-25,-0.004985694838379668,-0.01267927027088625,-0.013276072540975698,0.017100110724723443,-0.02451826996561233
2025-02-26,0.0005047746640327496,0.0024127309942812212,0.0015251697060953886,0.0058895225039450865,-0.0037842833022224544
2025-02-27,-0.01609067453879389,-0.028164190150166423,-0.015357280506670757,-0.007093514255754092,0.019178490746099074
2025-02-28,0.015484977047206543,0.015668132065414644,-0.006285532695668532,0.012191331907155076,-0.000797309790991849
2025-03-03,-0.017675164467805603,-0.02212556912323827,0.01309428477593445,0.004656138480639632,-0.02558375046136884
2025-03-04,-0.011907481495598895,-0.0030222580076169204,0.008660029400338732,-0.012391618022056305,-0.00013642687626459798
2025-03-05,0.010690492124800251,0.012951844727926445,0.0020791481693782673,-0.008016302484000901,-0.02611907540453508
2025-03-06,-0.0179105981683376,-0.027894880773086744,-0.005094160642131142,-0.003313178679231993,-0.004068766396589868
2025-03-07,0.005589236918639989,0.007326587567482651,0.0005218196474086795,-0.0032130579771962827,0.01340613748548458
2025-03-10,-0.02699666432272876,-0.039527283917906914,-0.008794495623060066,0.01037772947745778,-0.016785916360268622
2025-03-11,-0.008347746686762214,-0.002393348683325008,0.01165930639065754,-0.007164671500261563,0.007868490406993518
2025-03-12,0.005292458747557035,0.011217623987303752,0.004337373317600702,-0.005991345200630347,0.01871813545831001
2025-03-13,-0.013419973103024,-0.018154246922982262,0.01760034574283983,0.00875305940724441,-0.0163415942027315
2025-03-14,0.020445242975871563,0.02388307939709684,0.0003996778676249641,-0.0053092128422219656,0.009173045915837225
2025-03-17,0.00768186670863444,0.006462677013064821,0.005398932434643415,0.004978295322827028,0.0059314652349788674
2025-03-18,-0.010867323940460919,-0.017194388370075465,0.011604364010877142,0.0009925134626828733,-0.006900386286061836
2025-03-19,0.010831967834690391,0.0132926943464101,0.00409929439969153,0.005168138523391704,0.002903951269256553
2025-03-20,-0.0028957781981189925,-0.0033953613211431884,-0.0012814060805390753,0.0006575740512514004,0.017927338477980264
2025-03-21,0.0003298375160307374,0.0032913368029757035,-0.008082476604942154,-0.0059358440453129635,0.0008134159458269552
2025-03-24,0.017749910189169125,0.021707056449475876,-0.004462490783133984,-0.010306340166745611,0.014663562012078598
2025-03-25,0.0024008294201014486,0.005690303691361802,0.004390711790074645,-0.00011155527316078126,-0.0008015706483539941
2025-03-26,-0.012010062529948014,-0.018572070421640826,-0.0008263225124260293,-0.006594716766083188,0.007987242710905179
2025-03-27,-0.002659268893583768,-0.00571428728034493,0.013316671121389569,-0.0029199644043745292,0.0007952974227207222
2025-03-28,-0.020343752509044025,-0.02668053885654254,0.007384788228781908,0.013739309706301658,-0.009451074859801283
2025-03-31,0.006690370104205908,-4.26838645171978e-05,0.014261049112946293,0.009825040545946987,0.03366531218437057
2025-04-01,0.0028205718332439756,0.008028820282098075,-0.0019801896396476866,0.008628080987319013,-0.003238134997980117
2025-04-02,0.006308357997637376,0.007271893880311622,0.0020495598046479263,-0.0006559857699886739,0.008526030643493826
2025-04-03,-0.05053641399922805,-0.05501973515430438,-0.0060565822044141146,0.0045830649706879376,-0.0732375709523678
2025-04-04,-0.06032671113300068,-0.06412135450059009,-0.02367020473214484,0.01082865168171501,-0.06180181194844126
2025-04-07,-0.0017827766547531929,0.002410334216705269,-0.021719986685703737,-0.030620197991674286,-0.02897879836561835
2025-04-08,-0.01578664896272939,-0.01817269640637581,0.0054290299021522185,-0.019058799300530605,-0.040834673158959285
2025-04-09,0.09986280912531384,0.11335620147150638,0.036323492196158734,0.005868475594385867,0.0647950648612448
2025-04-10,-0.044808236735876514,-0.04346326275063658,0.02413009288681445,-0.02795565175144401,-0.034013844950514446
2025-04-11,0.017685464038685945,0.01825553198629482,0.01890679950058093,0.0054239336432425535,0.017301985720580604
2025-04-14,0.00965475064745145,0.0067552320074388255,-0.005722318290653523,0.007109947658416678,0.003004878665892946
2025-04-15,-0.0028047219908549285,0.0011141201582572204,0.005218738019025799,0.003536198337566457,-0.002703926774144008
2025-04-16,-0.02247872738938427,-0.030617407663755834,0.032022570753676,0.005564154285061126,0.018923258717227904
2025-04-17,0.0014257003179427759,-0.00018005782565960139,-0.004400359490663115,-0.008871969797829686,0.02521452992819913
2025-04-21,-0.02409056865722113,-0.025058153648620286,0.030466725196562627,-0.01763409090975435,-0.012454912231737055
2025-04-22,0.025685056289012017,0.025913502322702377,-0.014297390879940051,0.005565921848253097,0.010870459534162009
2025-04-23,0.015376535724403154,0.02242475475674991,-0.024270798064606143,0.009666250764805671,-0.01921176304714376
2025-04-24,0.020830560538646615,0.027748523139769554,0.014451351409752674,0.010480928017594364,0.006006845785576822
2025-04-25,0.007199333805528579,0.011086320889011637,-0.010900878955956528,0.007339266073540507,0.008291555302855608
2025-04-28,0.00038120009712900725,-0.0003174604232591291,0.014141637459613693,0.006280119944346413,-0.01856909316150082
2025-04-29,0.006279631323148115,0.00658265471361981,-0.009786658970495523,0.008349662051690554,-0.028592676852973488
2025-04-30,0.0003968629903005842,-0.00012621774721561949,-0.007510353244041787,-0.008125961404600188,-0.035395041742518826
2025-05-01,0.00706187423718725,0.012976221400398924,-0.02099106650379782,-0.005083511164520878,0.014990837952927898
2025-05-02,0.014735040614723718,0.014734747825487981,0.0017466735903771576,-0.010883047185432473,-0.007935846700359867
2025-05-05,-0.005750719326023617,-0.005950097577398086,0.029430400577679455,-0.005601085765769619,-0.025954981114731566
2025-05-06,-0.008393563113417038,-0.009345213161505456,0.027638515747736927,0.003318581317540275,0.03513001375557303
2025-05-07,0.004196709046927182,0.003918119768108355,-0.015106592963135799,0.004218197967962988,-0.017017039781642318
2025-05-08,0.006943709424319438,0.01027197418722214,-0.019890788928179075,-0.011211504396086626,0.0323783253031968
2025-05-09,-0.001275143396223258,-0.0006555131558886971,0.007228485693538802,0.001494333149544812,0.01527905289845621
2025-05-12,0.032513213002877885,0.039932126219628564,-0.028595551740996136,-0.009348611712634737,0.014753234888594884
2025-05-13,0.006582150859953346,0.015125896176397433,0.004249948759953267,-0.004066647357613382,0.02901286575593728
2025-05-14,0.0012772665916255532,0.005975082690705599,-0.02126227662564288,-0.0066584958165205824,-0.012434992256835977
2025-05-15,0.004872395712505169,0.0010983766214482601,0.015837869719407486,0.008752153298710692,-0.016725845044815602
2025-05-16,0.0063139640170032955,0.004343102154747644,-0.012160689602209927,0.002668498534902794,0.007517201817990758
2025-05-19,0.0010934300710979778,0.000958225707273547,0.012798420816745652,-0.0029009315516537616,0.006002560447080114
2025-05-20,-0.003367818064590877,-0.0033387557176534424,0.018450974483986242,-0.007231222617148226,0.002187090170311284
2025-05-21,-0.01699436322255481,-0.013994295063914872,0.007351594562024017,-0.017237825119718612,-0.015706852435382185
2025-05-22,0.00039452402028022595,0.0018695474440972005,-0.008900989925318167,0.005226450242659958,-0.006680006469871149
2025-05-23,-0.006849253936013615,-0.009303851197769402,0.021669792905121613,0.0016568907078394885,0.012580621657433795
2025-05-27,0.02057750809639445,0.023252812045155377,-0.017094433359300068,0.01385988098195432,-0.010497606597526384
2025-05-28,-0.005802146987409403,-0.004441951273045786,-0.0022685891736127415,-0.004325294702706608,0.009025741802187372
2025-05-29,0.003939671155225264,0.001963857113855504,0.005907233361944287,0.009212652429696159,-0.01036427605533909
2025-05-30,-0.0011192368192377022,-0.001578322978988079,-0.006598665713002106,0.0015077723964468388,-0.0005955175752302584
2025-06-02,0.005617011295771019,0.007867173237448797,0.026233913208447007,-0.009350070613930672,0.03511701655538296
2025-06-03,0.005686463665882907,0.007786551467944134,-0.008894994642019345,-0.001763130652747478,0.0048766065079382265
2025-06-04,-0.00026844462670427653,0.002784006983160425,0.0064213132412345815,0.016102950474106544,-0.007900681312937231
2025-06-05,-0.0048444712872469904,-0.007555492919490313,-0.005062672644074125,0.0006942279346672499,0.00847285863672443
2025-06-06,0.010216455014543598,0.009727844627066511,-0.01350688232494814,-0.012805883992241718,0.020522933503906375
2025-06-09,0.0009010294297043746,0.0014710698287250005,0.004707437493749117,0.0010539820015421106,0.009342685217941543
2025-06-10,0.005653602820836043,0.006592015432119481,0.00029346792267399537,0.005136590334835945,-0.006265312146199662
2025-06-11,-0.0028559467216013015,-0.0033751601859361023,0.005397696978330561,0.00302306701816981,0.04399017218575875
2025-06-12,0.003966295888904204,0.002344951075310763,0.01234370232269246,0.01188624661127176,0.0030693739012649943
2025-06-13,-0.011243130081980407,-0.012634162487742354,0.01301549409169947,-0.009682940130174377,0.0666182768163835
2025-06-16,0.00946926548552021,0.013814117194900081,-0.014361734303802328,-0.010128802704033543,-0.02052845727841742
2025-06-17,-0.008581580843552632,-0.009799091025846548,0.0005130624809404316,0.012095880781034825,0.046126726483488534
2025-06-18,-0.00015093161453945563,-0.00017013894450680823,-0.00540018233840262,0.001732786605013658,-0.0003646643869425607
2025-06-20,-0.0023512362440002437,-0.0040915768853702385,-0.0004191069541604869,-0.0018483137923549586,0.010278899457569695
2025-06-23,0.009829022247643619,0.010229907948158078,0.003058490504208936,0.0032321261080090536,-0.08417175424797758
2025-06-24,0.010986611589662867,0.015176331351862958,-0.015844238391270016,0.0072343588725004735,-0.045654184438178695
2025-06-25,0.0005601258187577922,0.00255315897904253,0.0030327025232496515,0.0012578565612026069,0.004237550784603804
2025-06-26,0.007793464081053564,0.00930687859173076,-0.0011076604529502278,0.00501520847567599,0.003812105241829204
2025-06-27,0.004955920549640484,0.0034177686451054173,-0.018289975504647085,-0.006387677372232023,-0.004221393467016103
2025-06-30,0.004769886151343328,0.006456106076852257,0.011913301279755133,0.009792810550987924,-0.002322539054183008
2025-07-01,-0.00032366665853689923,-0.008465090503140114,0.008883435847179964,0.0024767345444025395,0.011153539043285345
2025-07-02,0.004523120741211659,0.006941152554471166,0.00551237530942954,-0.006373869427361296,0.02220524716016511
2025-07-03,0.007850404775935078,0.009792062155040302,-0.006846293882020621,-0.006989505302493391,-0.005305674997314196
2025-07-07,-0.007479976005623427,-0.0075612948609972115,0.0007485003525817282,-0.009589239372837115,0.017011036776343653
2025-07-08,-0.0005477859312437243,0.0005614398285386277,-0.010498326962963742,-0.0012780365644519823,0.006256481825200696
2025-07-09,0.005978747694233981,0.007053991496605448,0.004461316177625558,0.010407459077945736,-0.00038987302353421207
2025-07-10,0.0028162888082995893,-0.0014393063010440495,0.002223316131965108,0.0006898294285082184,-0.020221289310083004
2025-07-11,-0.003521503095199913,-0.002252981659072396,0.00955577301886398,-0.013890704424824292,0.024889960836444253
2025-07-14,0.001906266886477044,0.0036203993900153176,-0.0036620144241214002,-0.0021004742584256313,-0.021843758180505057
2025-07-15,-0.0042823684543158574,0.0009163025444431846,-0.004164364075514542,-0.007033054305507663,-0.004772021233664084
2025-07-16,0.003337598209687879,0.0010233173880193694,0.004975696789391886,0.0014105922769961567,-0.0009305376902021107
2025-07-17,0.0061009889381351675,0.008060201185777705,-0.0021758989541098375,-0.00023494495653280715,0.012818162707766553
2025-07-18,-0.0007326028897206542,-0.0009615542882039127,0.0025975477973482998,0.001526203251084196,-0.003024571323212936
2025-07-21,0.0018943480812726298,0.005171377249224138,0.015253192127432761,0.008876482493999206,-0.004487916387239391
2025-07-22,0.00014318518761442616,-0.00518918848541577,0.0094401831613078,0.0060283198405143516,-0.003180046035120918
2025-07-23,0.008471394418692447,0.0045508759228694105,-0.012478717461642091,-0.005563346192544249,-0.0009294257603344809
2025-07-24,0.00033097490506409994,0.0021260535859649885,-0.006137070328856787,-0.0017449064011659887,0.010702322998154714
2025-07-25,0.004215537956781221,0.002404097369243723,-0.009293039490678532,0.0062676127069633955,-0.01643071157996157
2025-07-28,-0.0002511005278458048,0.0031204349857518352,-0.006494663067578282,-0.006500385630783071,0.030524666262152434
2025-07-29,-0.0026410493043626687,-0.0015501349141367104,0.002746613677307996,0.0167450069654338,0.033512785956375475
2025-07-30,-0.0012601631714330352,0.0013388599672936779,-0.017424424698434752,-0.005166903726047815,0.015419328539314181
2025-07-31,-0.0037583146800458755,-0.005313257408152593,0.006623418228251275,0.0005755938988799468,-0.018054460432078416
2025-08-01,-0.016526226537602218,-0.019895277076308532,0.020096397826572604,0.014116186711702035,-0.02712674853832757
2025-08-04,0.015085502882277071,0.01828338518703332,0.005806339793967675,0.002729474767090061,-0.0175819919686148
2025-08-05,-0.005082919798509285,-0.006812626817838584,0.0008037680984962059,0.0030612741849163506,-0.01442497039207653
2025-08-06,0.007630474189105244,0.012504646677923677,-0.0021233597342562006,-0.005790748952006407,-0.01653146642908234
2025-08-07,-0.0008379874450790588,0.003378565348839767,0.008402586680171171,-0.0017093388069685936,-0.005026880348241714
2025-08-08,0.007767311017072898,0.00928509049252334,-0.00022360485625666846,-0.004343981296893288,-0.001635702602825586
2025-08-11,-0.0019793621405001806,-0.002963298345816193,-0.014479017992943764,0.001145055535193821,0.006798122431749119
2025-08-12,0.010589711326313691,0.01249025870092416,-0.0009078785028290671,-0.0050476240996134925,-0.01158453982291868
2025-08-13,0.0034173824976576803,0.0004999814593068422,0.003044643380447489,0.008246549861312999,-0.006739560303242423
2025-08-14,9.291355233127299e-05,-0.0007755537732451258,-0.006358881635978504,-0.007441876867932869,0.017510691004236238
2025-08-15,-0.0023439428152555583,-0.004407193879322038,0.0005856467855486066,-0.007150221640668904,-0.012829366713843491
2025-08-18,-0.00021773625932833604,-0.000398536988864251,-0.0015624875893944005,-0.0028976550243544515,0.0050694787488843335
2025-08-19,-0.005439870329590304,-0.013660504569420443,-0.005488312721199512,0.005787121318325878,-0.011961304496904196
2025-08-20,-0.002660617109700641,-0.005954859621499014,0.010071289165624142,0.002190116607475086,0.01673326101291937
2025-08-21,-0.004019781603116135,-0.0046405075895972515,-0.00347592916281607,-0.0049637003411178,0.008262839230454512
2025-08-22,0.015240013258267937,0.015309536306763022,0.010649518982753443,0.007379105149571027,0.006856276744072858
2025-08-25,-0.004410733032418605,-0.0028888255755319847,-0.002417757282480456,-0.0028759871768583353,0.014761896027661951
2025-08-26,0.00417822779510161,0.0040071933810882955,0.0072358055476428994,-0.0005762096463543204,-0.02269786246354712
2025-08-27,0.0022759564506928394,0.0015357698187021074,0.0020166939883499383,-0.0011533245927153762,0.008471740834036519
2025-08-28,0.0035350684092173997,0.006240337051093053,0.007391652350960381,0.006556558969501367,0.007470653280643627
2025-08-29,-0.005981492907034908,-0.011643085015967294,0.009603638858147003,-0.007133858103582566,-0.005330523567238095
2025-09-02,-0.0074378442849918356,-0.008415270220258344,0.02336740250914344,-0.007469362885803126,0.02533124649612105
2025-09-03,0.005404912748453931,0.007836540452992244,0.007801481349128729,0.010917469852055843,-0.02546480040770088
2025-09-04,0.008322591837480268,0.009010883392314829,-0.0044286747373555105,0.0075949578801239,-0.008724322386358835
2025-09-05,-0.0029003961913302155,0.0014418035426474176,0.013257668006979742,0.015132113628886959,-0.021116554373440618
2025-09-08,0.0024535652814358087,0.00486606613333882,0.011323711365555902,0.013236136908767867,0.005629227019320993
2025-09-09,0.0023092163266358,0.002829209055351995,-0.00227248560921713,-0.00569915029323372,0.0047804294191068405
2025-09-10,0.002886634953297581,0.00032724068791583846,0.0035857690781288176,0.005699150293233755,0.017826261492872753
2025-09-11,0.00827595011479291,0.005803530716032265,-0.0014924929949519461,0.006663891855760825,-0.023154498584903628
2025-09-12,-0.00033468641059504023,0.0044074645679062115,0.0019696315993883206,-0.004326492601162471,0.004237550784603804
2025-09-15,0.005309840610233649,0.008520569483881024,0.010351078276418409,0.002332124169431803,0.012471434419867889
2025-09-16,-0.0013779271038015764,-0.0008453324302189259,0.00200440059968761,0.0021050404039301557,0.019213330155672573
2025-09-17,-0.0012431360491986744,-0.001998059304804725,-0.007745087571334619,-0.002549086400900933,-0.009293706711009968
2025-09-18,0.004661617295406556,0.008976632155518012,-0.004014356216469492,-0.010372947831906003,-0.0037418027413600504
2025-09-19,0.004940643347549601,0.0067464489721442995,0.010551365296973236,-0.0019081395508622,-0.01578881466887597
2025-09-22,0.004719800825183231,0.005902619154196495,0.017158380367683163,-0.0036008699232385187,-0.0009525713161827185
2025-09-23,-0.005458248035394466,-0.006664419755090148,0.004078048498240162,0.006965404199074817,0.0215497376713591
2025-09-24,-0.0031868295747073685,-0.0035167918722211994,-0.009104369003754706,-0.0038137343781040494,0.01769719082086203
2025-09-25,-0.004624049362276245,-0.004320612275500377,0.004156538489887818,0.0,0.0078237259797737
2025-09-26,0.005712685577890228,0.004102521579534001,0.005755674720215595,-0.0008993622024416019,0.000389569258440999
2025-09-29,0.0028065048617203843,0.004620387718368893,0.01636192499893196,0.008177821429481789,-0.03205868393099122
2025-09-30,0.003759757999068319,0.002735491733528961,0.008503744538253297,-0.0029049056564419157,-0.01132540565062215
2025-10-01,0.0034017796058662298,0.004785451323200659,0.0015741326049985922,0.002579108960060879,-0.008305590843670375
2025-10-02,0.0011510698904782946,0.004102593138743781,-0.003488904306035992,0.0029075653389909993,-0.022118657747968482
2025-10-03,-1.4805515983767243e-05,-0.0042185662989068385,0.008000845595952238,-0.0019001298542110792,0.0023734484991124356
2025-10-06,0.0035798566266859286,0.007482093782821667,0.018670357712142448,-0.007975401057942352,0.016046874246320435
2025-10-07,-0.003714403753721363,-0.005279583009126591,0.005146197838027116,0.0057353739372839,0.004518309902861006
2025-10-08,0.005945346619066807,0.011398728964268849,0.016356457714615965,0.00078444779532949,0.004498090330116458
2025-10-09,-0.002901179078111572,-0.00121108735517917,-0.018625225753276277,-0.0007844477953293872,-0.013968956762015946
2025-10-10,-0.027399832538963102,-0.03533104885346548,0.010047058859954675,0.01601800430912984,-0.04398175672918617
2025-10-13,0.015227587680655873,0.020999244023248567,0.024010471634505016,-0.0005518344629724267,0.01274448983425793
2025-10-14,-0.0012223931057610573,-0.006683330126140019,0.007115811676483972,0.0031967912366650465,-0.01838074135249745
2025-10-15,0.004429704266786335,0.007031986984332316,0.01718391083164241,-0.002203586527354057,-0.00014496900359199123
2025-10-16,-0.006833429349370981,-0.0037098034473026557,0.023117985169431865,0.0074724320111213315,-0.017251894901548808
2025-10-17,0.005660156214500435,0.0065454082328893146,-0.018996349267191463,-0.0015340036012504023,0.0025039529570443633
2025-10-20,0.010346787167762106,0.012521921362932125,0.03575507474940295,0.00383056273256631,-0.002208991696413532
2025-10-21,-1.4942990429156014e-05,-0.0002614785071551668,-0.066427122202817,0.004903264668534248,0.006465780306007316
2025-10-22,-0.005212477453439929,-0.00968069451499771,0.00010605032482095541,0.0006519273040089359,0.03398456227516934
2025-10-23,0.005912449677416068,0.008371272153050618,0.0039943702532297155,-0.006866828607489823,0.036969241895677935
2025-10-24,0.008139340211438471,0.010621670408383138,-0.003358466049881991,0.00043746089289647554,-0.0015020226683357966
2025-10-27,0.011728614603400918,0.01765249697257181,-0.02823439606845571,0.0033833975077904627,-0.000820199052709835
2025-10-28,0.0026524950416700003,0.007660590820871579,-0.007191829710492189,0.002611399230795793,-0.023944169743727952
2025-10-29,0.00048025529764689906,0.0044928826690138635,-0.003794458273018786,-0.01015794586273842,0.005726723592937828
2025-10-30,-0.011059114340385109,-0.015406729123482257,0.019451474207493994,-0.005835326699101999,-0.001254323430365435
2025-10-31,0.003274853895150146,0.004812336810913628,-0.005445349765875755,-0.0029857895198944066,0.011783577032754325
2025-11-03,0.001874980999473234,0.004773395143532112,0.0017912982604373527,-0.0025042564647435074,0.0024776380306559083
2025-11-04,-0.011924360802475447,-0.02050683162302534,-0.01767243750416912,0.002226188995150164,-0.011197982068870791
2025-11-05,0.0034594854141328157,0.00648686398804856,0.01149801326624776,-0.01095584115827362,-0.012591122297963877
2025-11-06,-0.0107874293787707,-0.018803036239942363,-0.0012012407765737874,0.008952467938841604,-0.0021140382769000558
2025-11-07,0.0009840807123627038,-0.003160280665695229,0.006100376279774767,-0.002118844806334301,0.005346922608585846
2025-11-10,0.015483874055295284,0.02188301612659341,0.026974026330607748,-0.00022337622147247012,0.00587658276848558
2025-11-11,0.002286560853950906,-0.0026671499925751646,0.0039300815092205245,0.0045678272193555025,0.014404693731420119
2025-11-12,0.0005562356386344725,-0.0007886429130851422,0.015982361021277473,0.0017769603157385839,-0.041125720508192694
2025-11-13,-0.016733219095931014,-0.0206272332406192,-0.00811594387120292,-0.008245018999832583,0.0008593177105123932
2025-11-14,-0.00016356304453120328,0.0007556739057180799,-0.018212761198262515,-0.005722367759367333,0.021667615725810285
2025-11-17,-0.00936029173962937,-0.008577156285282652,-0.011530197275275704,0.0024725379304941187,-0.0011213093617982158
2025-11-18,-0.008432918992475554,-0.012250547655252483,0.0072386702324458525,-0.00033684461284831,0.016690191638727318
2025-11-19,0.0038557337390654808,0.005952425352571535,0.0016281258445646413,-0.0020230117002323447,-0.022598294313550794
2025-11-20,-0.015359584109870688,-0.023956567630111586,-0.00029336859393561273,0.003929976312196924,-0.010352439246949167
2025-11-21,0.009911853052476355,0.007484658284509737,-0.0015485295000223418,0.003021414088346014,-0.01219087806736321
2025-11-24,0.014611339452438529,0.025251735358100397,0.01572002942959321,0.005682201206586224,0.016032337492227555
2025-11-25,0.009361876598705392,0.006144750819994581,-0.0003157406112367744,0.0025518953318564622,-0.016754142657545643
2025-11-26,0.006879861801814111,0.00879693126233471,0.007966521739529534,0.004422758621411347,0.011343375421695782
2025-11-28,0.005443590966696786,0.008074559524692734,0.012347782735317652,-0.004755309862697973,0.014598782055643309
2025-12-01,-0.004575923889866952,-0.0033646851120008713,0.004809481913078849,-0.01252687344809868,-0.00014074630887585078
2025-12-02,0.001850563521801528,0.007795706937067122,-0.006460877304549151,0.00045043484131352806,-0.012176288676479992
2025-12-03,0.003456767569100685,0.0024407442390468616,-0.0009300505859088987,0.0028112019636157603,0.006531426198758644
2025-12-04,0.0007308726355028201,-0.000930622224641031,0.0006459865002764292,-0.0054041100535419904,0.010278101206640832
2025-12-05,0.0018975931835084833,0.00406906010802263,-0.0017839435807101467,-0.00463939864651891,0.007396569738930355
2025-12-08,-0.0030087308003297914,-0.001920247034095815,-0.002642939357994434,-0.00329461443285413,-0.020083539223417286
2025-12-09,-0.000863490795128103,0.0012325856205166771,0.005124051608821799,0.0010237606527370787,-0.008977577364876277
2025-12-10,0.006610338742418503,0.004087269506081161,0.004250103468607268,0.0038573798377088677,0.009686689671278045
2025-12-11,0.002324242885119065,-0.003239688543543738,0.010712248978541639,-0.0013596618730282559,-0.0184567927192976
2025-12-12,-0.0108102968489866,-0.019303325840271238,0.00557898750763174,-0.009685163973136604,-0.006374097333458908
2025-12-15,-0.0015119509722544683,-0.005032125882582181,0.0009099271544499963,0.0006868126904393856,-0.013460308410734737
2025-12-16,-0.002736024649435422,0.00197984179031945,0.00022742956353904103,0.0054768726652793965,-0.025661578971263053
2025-12-17,-0.011064581322954193,-0.01871090960391306,0.0085515594385759,-0.0009106126317855555,0.026986433297171965
2025-12-18,0.007522894645792734,0.014386217379170424,-0.001804831428641165,0.004772113480466622,-0.011689130381247912
2025-12-19,0.009022679156543787,0.01295103125654776,0.001128353513111944,-0.003739399855857195,0.012424303145453782
2025-12-22,0.00621047884157309,0.004782077382168257,0.022819254559298667,-0.0021725933046271443,0.02468192296143355
2025-12-23,0.004560079363435816,0.004672387736510809,0.013165297757330809,0.0016013532462362888,0.008141152852311049
2025-12-24,0.003511501850767283,0.002921390510044092,-0.0041426515087481285,0.006038888914143938,-0.0014235746676825158
2025-12-26,-0.00010141480775991423,-6.422789274467806e-05,0.011609088487159046,-0.0032998544082620367,-0.02480648670530307
2025-12-29,-0.003570018446780222,-0.004852338750347394,-0.04450407961760148,0.003754086179543909,0.01636646309460631
2025-12-30,-0.001221959902357149,-0.002322080967224036,0.0007273032894686568,-0.002387332762778926,0.0018657666674187457
2025-12-31,-0.007436434837780548,-0.00829996744363593,-0.006488999253824397,-0.007999041561390356,-0.008351296849801203
