Date,SPY_QQQ,SPY_GLD,SPY_TLT,SPY_USO,QQQ_GLD,QQQ_TLT,QQQ_USO,GLD_TLT,GLD_USO,TLT_USO
2010-01-05,,,,,,,,,,
2010-01-06,,,,,,,,,,
2010-01-07,,,,,,,,,,
2010-01-08,,,,,,,,,,
2010-01-11,,,,,,,,,,
2010-01-12,,,,,,,,,,
2010-01-13,,,,,,,,,,
2010-01-14,,,,,,,,,,
2010-01-15,,,,,,,,,,
2010-01-19,,,,,,,,,,
2010-01-20,,,,,,,,,,
2010-01-21,,,,,,,,,,
2010-01-22,,,,,,,,,,
2010-01-25,,,,,,,,,,
2010-01-26,,,,,,,,,,
2010-01-27,,,,,,,,,,
2010-01-28,,,,,,,,,,
2010-01-29,,,,,,,,,,
2010-02-01,,,,,,,,,,
2010-02-02,,,,,,,,,,
2010-02-03,,,,,,,,,,
2010-02-04,,,,,,,,,,
2010-02-05,,,,,,,,,,
2010-02-08,,,,,,,,,,
2010-02-09,,,,,,,,,,
2010-02-10,,,,,,,,,,
2010-02-11,,,,,,,,,,
2010-02-12,,,,,,,,,,
2010-02-16,,,,,,,,,,
2010-02-17,,,,,,,,,,
2010-02-18,,,,,,,,,,
2010-02-19,,,,,,,,,,
2010-02-22,,,,,,,,,,
2010-02-23,,,,,,,,,,
2010-02-24,,,,,,,,,,
2010-02-25,,,,,,,,,,
2010-02-26,,,,,,,,,,
2010-03-01,,,,,,,,,,
2010-03-02,,,,,,,,,,
2010-03-03,,,,,,,,,,
2010-03-04,,,,,,,,,,
2010-03-05,,,,,,,,,,
2010-03-08,,,,,,,,,,
2010-03-09,,,,,,,,,,
2010-03-10,,,,,,,,,,
2010-03-11,,,,,,,,,,
2010-03-12,,,,,,,,,,
2010-03-15,,,,,,,,,,
2010-03-16,,,,,,,,,,
2010-03-17,,,,,,,,,,
2010-03-18,,,,,,,,,,
2010-03-19,,,,,,,,,,
2010-03-22,,,,,,,,,,
2010-03-23,,,,,,,,,,
2010-03-24,,,,,,,,,,
2010-03-25,,,,,,,,,,
2010-03-26,,,,,,,,,,
2010-03-29,,,,,,,,,,
2010-03-30,,,,,,,,,,
2010-03-31,0.914535244909737,0.6392403607776954,-0.4058942943640378,0.7494302645081328,0.5256938933982068,-0.39680904427120994,0.6181289189653306,-0.3439950534839291,0.6668105589667722,-0.3734652589770324
2010-04-01,0.910718207354838,0.6435505578267599,-0.4138782281630175,0.7503989046459786,0.5199561460677945,-0.39774177860801596,0.6074322736645261,-0.34744577545765176,0.674390868168263,-0.38021605485168003
2010-04-05,0.9152259320341347,0.6561272230806685,-0.4363922514271628,0.7576073206003192,0.5494927938921428,-0.4431323244014329,0.6277038353364721,-0.32311654395991013,0.6711669963574988,-0.3916265871411746
2010-04-06,0.9165759262476332,0.662059360113375,-0.43772990412529433,0.7614406034079617,0.5507186950652446,-0.4421351571735504,0.6277544852458615,-0.3212226095671159,0.6698423243240089,-0.3908937495876094
2010-04-07,0.916921253402649,0.6383526710678848,-0.4456355865634663,0.7631779320292116,0.5364687868338696,-0.4417865616996801,0.628238045625338,-0.27920573311237884,0.6459836200819179,-0.40016028258948183
2010-04-08,0.9193548078276276,0.6436814341743475,-0.44603400951528693,0.7647460398424621,0.5528340015427904,-0.45058235834364635,0.625998940060281,-0.26924246651410727,0.6654155826146497,-0.4103272301167984
2010-04-09,0.9179155614896986,0.6366296128356644,-0.4209570708018653,0.7505559031518525,0.5369628647427549,-0.4202456271299486,0.6083945077171273,-0.20981803116069245,0.6427451666600992,-0.3828704179603838
2010-04-12,0.9171630598046868,0.6301516200678319,-0.40657662083748586,0.7661127472287608,0.5291363193113999,-0.4009576435268019,0.6300226792067887,-0.19827705049024555,0.6590648733967545,-0.4141460376786833
2010-04-13,0.9162152780429922,0.6294166431837341,-0.426641258167338,0.7678190721611672,0.5268985793215415,-0.40917181409229175,0.6286575215479892,-0.21917399272717683,0.6619865347521204,-0.41892604052863913
2010-04-14,0.9154030198242822,0.6194118793917767,-0.4266765667803612,0.7680319947672588,0.5163717008135482,-0.4087913815054042,0.628117052452972,-0.21008514612959586,0.6530112726264864,-0.4210757806908375
2010-04-15,0.9120014916958487,0.617175375037454,-0.4247122279536677,0.7662186113815681,0.5157106447685003,-0.40583437444803616,0.6228317732314287,-0.20562601296275934,0.6486904101857888,-0.41896291760380516
2010-04-16,0.9118245750268665,0.6279781978967516,-0.4241199004952198,0.771186792500169,0.5088200113987243,-0.3960195049360315,0.6196291281510735,-0.19068710264350275,0.6475462494140213,-0.4110227506992667
2010-04-19,0.9173359420598294,0.6113562904690525,-0.4188807770615558,0.7622602772643036,0.4962002102036168,-0.3869031224350317,0.6107721736080831,-0.1774811635447089,0.6369023622785324,-0.39701137438213596
2010-04-20,0.9025849203969346,0.6444816170023865,-0.4487733791933523,0.7529734685974211,0.5369862883129096,-0.4376120781065077,0.5933623398667294,-0.17608624571898643,0.6446656942156308,-0.40823172895152765
2010-04-21,0.8969985509766367,0.6362750728480017,-0.44915928593914206,0.7518481669178798,0.5386226558607107,-0.4230687243286459,0.5919659978026443,-0.15916046452202656,0.6413017027737459,-0.40169549050993936
2010-04-22,0.8992647372425048,0.6369081613266239,-0.4510337370303725,0.749708423201364,0.5339601054963008,-0.42473622892718615,0.5913042983872868,-0.15544817710668696,0.6426903742707527,-0.40148058065150366
2010-04-23,0.8988241147988904,0.6513562548655808,-0.4538803590885463,0.7618694998797982,0.5503199832503977,-0.42656923739795405,0.6060096280499915,-0.1646339067746227,0.6432288471120484,-0.4086701842512001
2010-04-26,0.9143255670557123,0.665333414009043,-0.46716331972005126,0.7836476942310343,0.6040732325853788,-0.4777131822815212,0.675486814879227,-0.16577569682698196,0.6442737788274756,-0.4079097037756064
2010-04-27,0.9293880382258282,0.5276949436441004,-0.5000520454608431,0.7817299049462086,0.487677498240853,-0.5053062513428543,0.6901685960306726,-0.10306623764103864,0.5812935532009772,-0.42674639369152906
2010-04-28,0.922601772099711,0.49399639246618826,-0.48870101644609426,0.7730613986860655,0.47238152978592357,-0.482618254139705,0.675014272931206,-0.05642300512339239,0.5484136398150481,-0.41501891812837066
2010-04-29,0.9233481519170822,0.4799573720200734,-0.48313500606729254,0.7744040033749221,0.45073845513900274,-0.45736951218063554,0.6850164035591938,-0.06140663799503608,0.5314905294663949,-0.4050133564720127
2010-04-30,0.9402394401979494,0.42557385747941084,-0.5472438342204002,0.7341753795661301,0.3915290182098865,-0.4905242455594742,0.6295399347209564,-0.05296797247697541,0.5343602665176885,-0.3939378980830375
2010-05-03,0.9240905381306223,0.2271361965768075,-0.48510245186371964,0.6572215974622797,0.19506753486515144,-0.4189068059247357,0.5297293972724939,0.10702046908921099,0.4145723721178887,-0.31759923049518146
2010-05-04,0.9393573916234308,0.2569978477726186,-0.5503171955601593,0.7169987959644798,0.2295276060096036,-0.5075706027783011,0.6334629111254582,0.0602638075111669,0.4365422002827555,-0.3963901470572407
2010-05-05,0.9388598972487311,0.24323594438681576,-0.5590717338969241,0.7184480317143119,0.21624625534470054,-0.5156415064294755,0.6349056897281201,0.06237547052080368,0.414813846613222,-0.4055920616080866
2010-05-06,0.9529403851602436,0.0014489276729873484,-0.651460817595681,0.7293861002493554,-0.006786734194580599,-0.6172501861492344,0.6638172374200926,0.24982357343662764,0.25095673983770594,-0.45289847298083385
2010-05-07,0.9495855003645536,0.009985118189410166,-0.5888266704416096,0.7392716440828992,0.007753767437278141,-0.5110483639576919,0.6698938298455304,0.2480148291747754,0.2599435244218629,-0.40464919197063626
2010-05-10,0.9625482161873392,-0.0694522834514868,-0.6428518753747464,0.7213725399839858,-0.08283496610863933,-0.5790329814887282,0.6574951439497873,0.2968168852251168,0.229043683965322,-0.4345108171617423
2010-05-11,0.9628452381869246,-0.08203929437328213,-0.6384785615339849,0.723128200541745,-0.08708019736972604,-0.5777036856912383,0.6606112221549201,0.26842511048785955,0.18481572147995548,-0.4246444011972969
2010-05-12,0.9639337761565536,-0.12756884205356261,-0.6579887218898006,0.7065722628861677,-0.11428732095508062,-0.5928647515963668,0.6486528716734186,0.2646524907383934,0.1095911625628496,-0.4481275665839891
2010-05-13,0.9647012560658889,-0.10417169045651566,-0.6648210380712506,0.7120048954134824,-0.08816837846884772,-0.5991161297984822,0.6556583248955243,0.24450298890742025,0.12615574720397862,-0.45438628645314033
2010-05-14,0.9661935903017917,-0.09677111625137602,-0.6810110581109499,0.7292870374959481,-0.0813233300438752,-0.6176021251208699,0.6749484982547225,0.23352684309323252,0.12376268650172335,-0.4849880658238138
2010-05-17,0.9663872037948005,-0.09484643187405353,-0.6818506372039126,0.717452281026757,-0.08513043976793308,-0.6180363238736435,0.6617034990936111,0.24658446704408096,0.15275314209242738,-0.46955876998802165
2010-05-18,0.9674487625805619,-0.0931251620603727,-0.6939887295115666,0.7179480623517197,-0.0855265463532555,-0.6331129612240382,0.6638921687296365,0.2363633185734974,0.15355322717284794,-0.47426980354990345
2010-05-19,0.9668058841544261,-0.08994400893505446,-0.686160367692253,0.709443976416088,-0.07548429100729481,-0.6235305211066903,0.6531240175207687,0.25453428849170034,0.12094828220492329,-0.4618815939918698
2010-05-20,0.9704849904288836,-0.03305918903596689,-0.7203291595324758,0.7309832813163001,-0.025653242514907405,-0.663679658085489,0.6806475645554824,0.21672723913725384,0.15666630831167372,-0.5099658002837392
2010-05-21,0.9697477373672462,-0.044418594205938106,-0.7132375653168217,0.7337456370699895,-0.03396062169583427,-0.6617211801266958,0.6873939897740139,0.21221043063411818,0.1695671163943051,-0.5075378763209833
2010-05-24,0.9659823585908002,-0.06615097346717577,-0.697831327311608,0.735397225018832,-0.043945414974402824,-0.6601150330896473,0.6907220977677151,0.19320375965943493,0.151810424945273,-0.5221995015555635
2010-05-25,0.9657844180164676,-0.06426232204814902,-0.6978561474042833,0.7476459312390891,-0.041940042964475684,-0.6618433970586777,0.7072254232623312,0.19461129763969584,0.1487245252270516,-0.5265763580205276
2010-05-26,0.964840879938495,-0.07667549511178715,-0.6916330764454024,0.7225508591712476,-0.058619859044975214,-0.6502987411471666,0.6709733460099006,0.19622431075853114,0.14998992850942283,-0.526737512206213
2010-05-27,0.9687156047845646,-0.0698790011869595,-0.7250934075969467,0.7601884974027359,-0.05249948328172534,-0.689000025257482,0.7159312394226363,0.18552348704211502,0.13729717270650432,-0.5825728915066044
2010-05-28,0.9666792188418296,-0.06712926238895242,-0.7281857759730381,0.7603436645476422,-0.04998685531160673,-0.6929036198691728,0.7178578384271287,0.19301316799543902,0.13478980718761405,-0.5829015605711458
2010-06-01,0.9635316491954815,-0.07901651999423684,-0.722394342356356,0.7614758777144494,-0.0552645327965617,-0.6877145054764545,0.7138702666610208,0.19924196625352225,0.12155675243179347,-0.5755469446828487
2010-06-02,0.9646799800938461,-0.08386832664914198,-0.7308260648255867,0.7656672538444471,-0.058605107197933354,-0.69716500678812,0.7209794808757596,0.19278043197608763,0.11779814228207572,-0.5861127588272296
2010-06-03,0.9641012539330615,-0.08910041113365408,-0.7296739176461966,0.7653856918539176,-0.07305261941352073,-0.7000336930858531,0.7256230970413541,0.21104099136967516,0.09055637070076406,-0.591991954264505
2010-06-04,0.96732522361911,-0.11317362222843176,-0.7564727447952776,0.7860234687012017,-0.09203990432634572,-0.7271468386412113,0.7474717561349109,0.22966440002239072,0.06702859220154835,-0.6284859239534808
2010-06-07,0.9667456647407481,-0.13136990316199212,-0.7605469638571503,0.7811173539988,-0.1201465273739737,-0.7302376610549022,0.7383225938604794,0.24030364650672786,0.06672277470866227,-0.6284213199623605
2010-06-08,0.9605500886607591,-0.13747259528941053,-0.7646379489183516,0.7866906677149551,-0.11888653999425981,-0.7291073906605908,0.7328196475275758,0.2522412923048655,0.049611460196905426,-0.6303731212077516
2010-06-09,0.9606607660987716,-0.13501967777050583,-0.7625546011330672,0.7748695034821517,-0.11407372993272395,-0.7262423003811191,0.714209439949943,0.25491426217570434,0.04040787171362522,-0.6339049886699822
2010-06-10,0.9628567918688106,-0.19568844241946998,-0.7887196088212788,0.7814412388210937,-0.16807108995103814,-0.7507673340817078,0.7251443605918622,0.27626998549962767,-0.026616489516292065,-0.6726305398667712
2010-06-11,0.9628684553256021,-0.18505037524483556,-0.776936296542385,0.7724580741095431,-0.15708272235091242,-0.7307110198344117,0.7133429600261811,0.29118212808147537,-0.02497170669795757,-0.6818486546666992
2010-06-14,0.9632341164930249,-0.18515850114160487,-0.7751431298780195,0.7723799666899257,-0.1597728376431183,-0.7284904858363419,0.7149626238307926,0.29927508979644296,-0.024908488442013772,-0.6853673540656446
2010-06-15,0.9646101775533942,-0.1706471550206368,-0.7717046600673491,0.7811108101979721,-0.1443320320202312,-0.7247161296746595,0.7253480676781013,0.2974747764415307,-0.02924830918618748,-0.6883711109969671
2010-06-16,0.9642409727650348,-0.16662824303409493,-0.7713291092381558,0.7792813564684031,-0.14140677431913704,-0.7231605577074088,0.7242871901652898,0.2915881682103272,-0.02868909199812886,-0.6845051900013913
2010-06-17,0.9641157394386466,-0.1655153532435328,-0.7657389893728065,0.7769723881613588,-0.13880753196058404,-0.7168430354613784,0.7212249121580577,0.3035648801703771,-0.036993793645401854,-0.6851947210582678
2010-06-18,0.9640607771613373,-0.17988633894752082,-0.7991065827759779,0.7777913477900724,-0.1526351593056665,-0.7484914004878302,0.7214804924758831,0.2516639295496135,-0.0649011183305634,-0.7400981410318485
2010-06-21,0.963056563096904,-0.16737990471146832,-0.8016266682114797,0.7777887704567816,-0.1279312469798086,-0.746717362015396,0.7202811122753413,0.2618363144185026,-0.0612686094691772,-0.742144165686914
2010-06-22,0.960600486124458,-0.180130102270834,-0.8050375694720893,0.7764825604915565,-0.13686414066002672,-0.7470675571015426,0.721120163648215,0.27195812836942596,-0.0661713882566848,-0.7415927021960479
2010-06-23,0.9606328879043274,-0.1783497529859138,-0.8036630556718318,0.776757315666374,-0.13429276334257745,-0.7466096892916168,0.7247905335760505,0.266550003043835,-0.05623163377009363,-0.7440124372359588
2010-06-24,0.9612232292694378,-0.17786118225768358,-0.7804452408949025,0.7636123355577136,-0.13201879439378356,-0.7275902795512769,0.7141946845629493,0.267359256597144,-0.05425487622982242,-0.7443979103238492
2010-06-25,0.9606492278015859,-0.16956331716359785,-0.7786181505488582,0.7543176618798786,-0.12765151394940744,-0.7269067185609936,0.6991768865097688,0.26455830427973875,-0.027855276903758414,-0.7227030063388705
2010-06-28,0.9623917112498359,-0.1739404382011965,-0.7758168047649662,0.754182680628955,-0.12334869140378513,-0.7262107550643667,0.7068353894836586,0.2500977726505469,-0.03589062799635281,-0.725773721714926
2010-06-29,0.9636206597038244,-0.17370747241429907,-0.7800026932653484,0.7609260351718737,-0.12282155715484204,-0.72593020846438,0.713860583281218,0.26911726951114684,-0.043341632126360455,-0.7230658169272203
2010-06-30,0.9629637801825442,-0.1747585123134618,-0.7808213037550887,0.7605210816234979,-0.12450106369892384,-0.7266463208822518,0.7118180328090128,0.26989155598641035,-0.04367757115930645,-0.7227906394424193
2010-07-01,0.9632036780860949,-0.1457695470436661,-0.7837685812560343,0.7510098355245373,-0.1096407636958771,-0.7324665277359032,0.7018855059557293,0.2331225420852058,0.049884803919433104,-0.7090282719887838
2010-07-02,0.9630344344972908,-0.1483147077733647,-0.7731761734029852,0.7514860877979591,-0.10965375971402931,-0.7251625880843787,0.7017839193767403,0.21213964933090915,0.045868555091691306,-0.6989143967584583
2010-07-06,0.962514644059493,-0.1668689778984961,-0.7655506286441583,0.7544513233720472,-0.12155510911139489,-0.7209328892347057,0.7044922296868211,0.19387258212732078,0.04150717998968149,-0.6948010369888596
2010-07-07,0.9648263791223537,-0.13004805851806012,-0.7754563651652324,0.7680267146559987,-0.08917670871926144,-0.7326742721664171,0.7201134594502392,0.17366188278926536,0.06267234412983301,-0.705819502966257
2010-07-08,0.964658940898404,-0.13378803897334962,-0.7781267753625539,0.7702380813018204,-0.09012455425448768,-0.7349533395444224,0.7205154126296233,0.17907172107772093,0.05579199544491085,-0.7098366384782655
2010-07-09,0.9644578924148279,-0.12889297058273944,-0.77692595347371,0.7676730553635499,-0.0841683743388851,-0.7340407918974736,0.7173019685941915,0.17184661371003287,0.05620339303241249,-0.7053211395809018
2010-07-12,0.964632984821983,-0.13151720704473338,-0.7770146467305041,0.7634862407245002,-0.08984833507560898,-0.7346406720360379,0.7120252239191549,0.17466214186490917,0.06320238496429244,-0.7004077112787239
2010-07-13,0.96520476785202,-0.15157478100433522,-0.7798549663481377,0.7644760683100361,-0.10169844883488746,-0.7367576335296682,0.7138924119211871,0.183757607701958,0.044971471341386585,-0.7056191344395816
2010-07-14,0.965125984869076,-0.15103821298824663,-0.7742952574314385,0.7687249647011591,-0.10229576299319494,-0.7279757322713993,0.7147031669110437,0.1802030905433077,0.043820708532177774,-0.7070082432492119
2010-07-15,0.9655756781700116,-0.15340859854858685,-0.7734699549368994,0.7683916957871855,-0.10363045837304732,-0.7246084461906805,0.7140409013052711,0.17719162110989084,0.042972914719012836,-0.7051534605882189
2010-07-16,0.9681973316147079,-0.11711378852811839,-0.7665261486649207,0.7630309148113111,-0.07502166491341568,-0.7249522481568684,0.7112605574346792,0.16443627074037453,0.05070671288710636,-0.7086357400173898
2010-07-19,0.9682941651086135,-0.12041267303571065,-0.7670011820718008,0.7639220486614106,-0.07907062532981705,-0.7259265884074633,0.7128271223755472,0.16977492121546342,0.044887687238495254,-0.7104967062828085
2010-07-20,0.968742170666173,-0.12071290294077343,-0.7626878326819843,0.7647772038128919,-0.07645191189340358,-0.7222346680971757,0.7152604279626372,0.1791527674560495,0.037318656213951695,-0.7072031020669979
2010-07-21,0.9690391334222034,-0.11372027622352059,-0.7632321483878602,0.7676834328929366,-0.06912644641797977,-0.7233558147163784,0.7192215038905225,0.16068242145376588,0.0411794149522861,-0.7120886158943954
2010-07-22,0.9697267840257643,-0.06694802477529914,-0.7646130252200468,0.7716100104048843,-0.02611236692954017,-0.7261153308378632,0.725340755588513,0.12033128751795472,0.08586376481520674,-0.7159510554168992
2010-07-23,0.9710370477784536,-0.07026515403520757,-0.7644338121977311,0.7687480404015385,-0.029684344873311164,-0.7290225858813756,0.7271811774513303,0.12693237429082882,0.08913851087975846,-0.7053413681092449
2010-07-26,0.9709482562214471,-0.07480775530097275,-0.7720010228466964,0.7639441091118157,-0.03297700143251175,-0.7401099181175038,0.7203486085312847,0.12920573720449435,0.09087501356481849,-0.7211521473465012
2010-07-27,0.970529729836306,-0.06300545601804006,-0.762630356918914,0.7736064162606756,-0.0195627909492242,-0.7298259337089199,0.7320371869789523,0.14071891136025486,0.10277099199920474,-0.7108826272070307
2010-07-28,0.9702063484581934,-0.06873661093405858,-0.7641365969097158,0.7749740189204176,-0.025310220971237644,-0.7310756092435415,0.7332219169858072,0.14269557739017305,0.10031541574561895,-0.7107238909761543
2010-07-29,0.9696734158785512,-0.08582889069367056,-0.7547509423446329,0.7547453270647672,-0.04589648733267363,-0.7173495788761689,0.7043090704327528,0.16138511782692516,0.08962750881824004,-0.6921052374466812
2010-07-30,0.9695346410474402,-0.08382170352155544,-0.7418397313852506,0.7629404943622947,-0.04235481369382597,-0.7021297526482414,0.7136851689730701,0.17692641337316778,0.1024748034016717,-0.6741671926197951
2010-08-02,0.9675826237199093,0.0023277721428992815,-0.7287708539059083,0.7582323770627336,0.04207754441778389,-0.6858043764494755,0.7047724812643171,0.06672951889452244,0.18580328414599206,-0.6669275326633796
2010-08-03,0.9694478791533194,-0.0017442727223517269,-0.7662409190331977,0.7492472873425404,0.03767530270748576,-0.7431262007665737,0.6955893871728155,0.06779612091330253,0.18800169365827402,-0.6920235685304961
2010-08-04,0.9655697046591692,0.02718478098823148,-0.7432325953289899,0.7485474698131468,0.07499573538117948,-0.7189559659433178,0.6944300709190903,0.04211835684497977,0.20078861849038943,-0.6785326251890959
2010-08-05,0.9656056336131238,0.035168543921076385,-0.7447518792945581,0.749243477507573,0.08030544810593732,-0.7200675638982778,0.6962957111678209,0.061292287311871585,0.23633759474854554,-0.6860023624982619
2010-08-06,0.9653190064014168,0.022361588403636314,-0.7384668207494273,0.7541507365494954,0.06736653350747247,-0.7105033735644447,0.7028762706102254,0.08291406797269309,0.22639643099838064,-0.6936338592279245
2010-08-09,0.9652647496014003,0.012224946474293785,-0.73781060897503,0.7519762928584481,0.05507815723332625,-0.71042569718619,0.6996174872181314,0.09129839931785151,0.21669640954899633,-0.6930758947466108
2010-08-10,0.9640906844286519,0.008309839969935822,-0.7297281825413037,0.7442854170005678,0.0503697899068998,-0.6997586784968336,0.6914544321581382,0.09705606253569561,0.2131939660583698,-0.6728960183476683
2010-08-11,0.9662155062137345,0.017475447311268662,-0.7393461051909402,0.7703725461948678,0.06052175472047152,-0.7094237972858694,0.7231963113483596,0.08382019459637409,0.20260478081157265,-0.7079439561138966
2010-08-12,0.9657815002904635,0.011950864216389929,-0.7317615109211045,0.7657055181609668,0.05250635861190991,-0.6998779363535531,0.7204478654599474,0.07388756485208775,0.17634298382844193,-0.6899847282109561
2010-08-13,0.965298445363034,-0.00131100275318743,-0.7258869637454994,0.7669258642993598,0.03559131483168722,-0.69891794124453,0.7224308217742758,0.08511227934841364,0.18659392067241717,-0.686103787415196
2010-08-16,0.961128469625599,-0.03370525825101691,-0.666173070169628,0.7464296369116954,0.008559909403821914,-0.6323064455189331,0.6971821866976498,0.13922705010846878,0.16439196156815444,-0.6404190456723564
2010-08-17,0.9617261676048126,-0.024565489297427467,-0.6749073913943555,0.7514394740596609,0.0151777764373199,-0.6386080142627063,0.6996385131893346,0.13937034520146996,0.16514948751174766,-0.6413145634944895
2010-08-18,0.9647083908116119,-0.0034977388042884403,-0.6882278127587821,0.7526622397977035,0.023431211378812593,-0.6415804399211293,0.6969834773316801,0.1530742357368664,0.16997932966456497,-0.6445252056877642
2010-08-19,0.9651654449388933,-0.005828165629542243,-0.6985419023436341,0.7568761730973974,0.02126251597978388,-0.6508593438684024,0.7022556261088378,0.15065021115618848,0.17249718704504957,-0.6465939234950471
2010-08-20,0.9651489229006501,0.00225522105925892,-0.7021407315585826,0.7754919041628519,0.03294998807796281,-0.6608360815660245,0.7274121581639618,0.1599093922730443,0.16033538266193514,-0.6427023689864823
2010-08-23,0.9603152725011344,-0.003698752665826397,-0.6688595352004204,0.7487330786846129,0.02932170393334282,-0.6160516625143381,0.6951039088645787,0.17681320945381387,0.16465183341966835,-0.591102957356463
2010-08-24,0.9626402643120231,-0.009842517525618941,-0.6772607351869228,0.7537864414432153,0.01969399495712408,-0.627580570933946,0.7012142891007251,0.18421000610520832,0.15550291956338463,-0.6004910325285538
2010-08-25,0.9640039957337073,0.011745127188985637,-0.6770334685403463,0.7445506696101643,0.038093238224270916,-0.6278208836512239,0.7033626301159455,0.16934781747341504,0.1905256683337358,-0.601579762584716
2010-08-26,0.9616913019038488,0.019171484855601058,-0.6685220589660618,0.7346597994984635,0.047308208939243375,-0.619899798744546,0.6854680279993101,0.16329272980068948,0.19131217622498722,-0.5830154258432555
2010-08-27,0.9632014798415248,0.027785134579887273,-0.6697964044298204,0.7426983675294515,0.06832331869374723,-0.6096381330332339,0.6877134120759799,0.12963638220271523,0.2133255779165791,-0.6011764218913045
2010-08-30,0.9583848466390582,0.08095823164533193,-0.6396875504713302,0.7138302323615989,0.11863832982542581,-0.5702825797120934,0.6542987841590633,0.08736452629567178,0.27576294299089277,-0.5633194080154159
2010-08-31,0.9580529391905295,0.11745982816911857,-0.6320634788430789,0.6953123578229202,0.1657739811371348,-0.5663646076152637,0.6482445239128993,0.08479521412738664,0.24730099397277255,-0.5721735898392263
2010-09-01,0.9687180550688873,0.10571718304906114,-0.6595815429722746,0.7101554787642202,0.14558101037820548,-0.6043046847742529,0.6778168251473176,0.08970724323190733,0.24029340270408595,-0.5948649539617533
2010-09-02,0.9690747418889498,0.10807252550748588,-0.6660815866522649,0.7330436617669548,0.14744633599516024,-0.6146756128324664,0.7064246553962938,0.07740932075405163,0.25704348776076974,-0.6030287263955496
2010-09-03,0.9671261507368163,0.16213600604811798,-0.6495884028402457,0.7083498270814436,0.19596991870421804,-0.5997832618925567,0.675687898442361,0.04306930570965864,0.3016921705100039,-0.5659634863817932
2010-09-07,0.9668722204052677,0.14533392538155301,-0.6686113318507654,0.7198134824399597,0.18019001477935534,-0.618644088017522,0.6937564036407146,0.04743797187526517,0.31032179923081293,-0.5582242379125374
2010-09-08,0.9662973489533248,0.1439580783510133,-0.674404441707969,0.7222453346315597,0.17852812815999644,-0.6261702721138594,0.6968869036258872,0.043500277773698665,0.3106942426272824,-0.5623798305920561
2010-09-09,0.964535442630865,0.10443631722304855,-0.6677420447523533,0.7055263185949063,0.13839127445691396,-0.6196070587324028,0.6791258955718423,0.08697893978537764,0.29281408323232044,-0.5293836272325299
2010-09-10,0.9654383962474344,0.10527173230222206,-0.6696972340450621,0.7025291785927432,0.14270474333203292,-0.6239690610663489,0.6717120003301049,0.09023716066658288,0.29659834824119463,-0.5362139251270878
2010-09-13,0.9658363654534827,0.1017901720907847,-0.6630471139820151,0.7063341521836896,0.13609450722098815,-0.6162132917208025,0.6764402868337209,0.0757194367803339,0.31314316963302397,-0.5292335941716961
2010-09-14,0.9646901765548563,0.09543209558714487,-0.6604849977465086,0.7070260018616933,0.14191712455185693,-0.6085450334543299,0.6754888720861131,0.10364300226596049,0.2906997975992085,-0.5282039413603827
2010-09-15,0.9659687761276504,0.08948962742448015,-0.657916162343698,0.7012183407427313,0.12146164996859611,-0.6149435905909938,0.6690015806299513,0.09526819867732748,0.2999287696756752,-0.5030437450611974
2010-09-16,0.9692298769143903,0.1126026674325957,-0.6445764610160002,0.6996817395804568,0.1348188175841236,-0.6105689851949072,0.659803043006899,0.07095901097908446,0.2998465665550506,-0.4803752727178976
2010-09-17,0.9688105289375518,0.11036670161736013,-0.6434773977714567,0.701056642548023,0.13155019303231066,-0.6075671232828532,0.657435937553281,0.07536564941273748,0.2942636685267595,-0.4773670048660029
2010-09-20,0.9688625065794366,0.1223732229522641,-0.653442989036627,0.7266509135949965,0.1423647463742239,-0.6112184895337559,0.6796764199849592,0.08006012606759527,0.29477592920386114,-0.4633799691935348
2010-09-21,0.9696941485560573,0.11338282450128159,-0.6526615594530554,0.7439975055434909,0.14318089066890755,-0.6064814826195761,0.7057771383117838,0.09236062790181869,0.24366815402047512,-0.5016181621386016
2010-09-22,0.9694415127368505,0.1054586661751215,-0.6538515842221119,0.742495473703188,0.1355606646572527,-0.6059446817161109,0.7046913249349682,0.11658820527918588,0.23180695322421419,-0.49582373145138275
2010-09-23,0.963559451392369,0.11612924419549361,-0.6573773719551055,0.7211068631176435,0.1539566351264618,-0.6164354243807042,0.6901138335849463,0.11600257800088574,0.24015510636354226,-0.48428400372469815
2010-09-24,0.9662237853183703,0.1270284516048597,-0.6664318935782644,0.731598944577775,0.16866400022212683,-0.6277984527009836,0.7055063428284636,0.10603157335781205,0.24472541162378864,-0.49743302481732865
2010-09-27,0.9662971748956876,0.10656332420183459,-0.667529627974043,0.7390932149816316,0.16714010010295044,-0.6310437246416604,0.7144850550471477,0.13504440083586253,0.12576741450243528,-0.5079479863440532
2010-09-28,0.9652077480738874,0.12767493404534497,-0.6787407277204227,0.7373188236043405,0.17670386745074143,-0.6416437711427441,0.7133954890350985,0.16733008443330882,0.1392161831964063,-0.5180956385403149
2010-09-29,0.9662607466092625,0.15512454224595026,-0.6823355293111877,0.7200581798054871,0.19050486656323806,-0.6401331519918715,0.6947168952165824,0.209572051044106,0.14331674108843306,-0.5211611897533684
2010-09-30,0.9622407241189597,0.10550728170848271,-0.6775251312577248,0.6736567906069799,0.14555103538877737,-0.6302996536776379,0.6413264987955544,0.24196144424908678,0.0962577039921799,-0.4996802033841075
2010-10-01,0.961431229967721,0.12257864806338134,-0.6752347397292736,0.6654188622913285,0.1459776586135521,-0.6254231156826165,0.6262379099581327,0.22344749528495994,0.1323122257810247,-0.4977480808192431
2010-10-04,0.9610529680885749,0.12101073542853495,-0.6714841328530194,0.6637710768201475,0.1456391819401425,-0.6188936767033953,0.6225923938357685,0.2374981685911537,0.13152849203523634,-0.4979241483617175
2010-10-05,0.9629044143968348,0.18836274229632383,-0.671109873691779,0.671825800328007,0.22498458860221837,-0.617653694337078,0.6327871208962849,0.1949865296715112,0.13522893562326052,-0.5088643418200941
2010-10-06,0.9580273470339619,0.16873494671286152,-0.6619291854574578,0.6602142881467961,0.19974317565306576,-0.6179155125697693,0.6168204753569235,0.22202828087045437,0.11302672791286714,-0.4902588832016542
2010-10-07,0.9581502869190517,0.16964256103507563,-0.6569233789504868,0.6535138361894794,0.189802366394358,-0.6245692338147032,0.6031235217575485,0.24639536312506974,0.15133131880434034,-0.4590561478273451
2010-10-08,0.9582644654150299,0.17534615235354564,-0.6606556562513265,0.6534009057661024,0.19634384145690087,-0.6287009004542724,0.6044043989645901,0.2396397522236806,0.16941821469956328,-0.4625367636185261
2010-10-11,0.9529804728767589,0.08490303909140225,-0.6869391486459487,0.6579518313982426,0.11146674020330408,-0.6499574927594945,0.6054250905876599,0.2638653455791411,0.13929712557170595,-0.456204054266229
2010-10-12,0.9523985423737539,0.09571550841107326,-0.682848094969226,0.6567887296384622,0.12396246840331057,-0.6488632309301059,0.6029062499488249,0.26219273976519597,0.15413209143867498,-0.45084469050615694
2010-10-13,0.9519820749958495,0.10086271406582986,-0.6886357884533475,0.6569018040743136,0.1272434292604718,-0.6545884460980852,0.6026618647090015,0.246768960352,0.1686605527254324,-0.45292632232252383
2010-10-14,0.9502009304431006,0.06611392486034816,-0.652442148763883,0.6487449457742129,0.09425045054318432,-0.6224776052000582,0.592956591320387,0.2766164520797115,0.1441146915035107,-0.42338174056891276
2010-10-15,0.9225503393610391,0.03275488234177515,-0.6397624229865405,0.6161360366183533,0.013709923241780723,-0.6246677504223844,0.5124714534222199,0.3179878240751541,0.13729303667768633,-0.3807063970775704
2010-10-18,0.9164998443057533,0.05265691163543818,-0.6277687964703401,0.618035601455303,0.020425473486962022,-0.625948822176793,0.4922724775041145,0.30544186209098634,0.1430716557005928,-0.3611368129606539
2010-10-19,0.9173562117607533,0.16253508416333914,-0.629371805795009,0.6398639507175544,0.10097145550858036,-0.627841675281612,0.5061290393139588,0.21692140689042802,0.3054180236032596,-0.36062355588312195
2010-10-20,0.9170179935493759,0.17902905379716713,-0.6291422221888086,0.6505063638404746,0.10570992688375885,-0.6326757069638284,0.5101694348866161,0.19048502976441378,0.29310505727134567,-0.37288031773308267
2010-10-21,0.9161411448711958,0.16906565275670704,-0.6249213565271923,0.6381810873886749,0.10186184771759803,-0.6274315837339259,0.5002741230339255,0.22096534883350397,0.32183612441693066,-0.3409708701297124
2010-10-22,0.9147692301183504,0.1728489731534409,-0.6254710378261342,0.6543060338590867,0.10676009071286928,-0.6256748370896686,0.5280560374766169,0.220790898812598,0.3167673350049481,-0.3300360034053061
2010-10-25,0.9149660273820821,0.17859958436832782,-0.6306911657613542,0.6566983625406003,0.11058474623096737,-0.6338491176585582,0.5290039695348965,0.20351287353932074,0.312166459409022,-0.3449686874205765
2010-10-26,0.9126553209091833,0.1944105371022398,-0.6033131277481902,0.6330194851229288,0.11834375210551355,-0.6120703765740795,0.5059630567015676,0.203982635195723,0.32671618774858036,-0.31765760156061174
2010-10-27,0.9099927191012268,0.20400765546508834,-0.5916521013137426,0.6460050198997477,0.11577914116578446,-0.608258607069068,0.5153395232127818,0.2184516579897982,0.32847611844115726,-0.31805725327080414
2010-10-28,0.9094291938508755,0.19421271718200375,-0.5887549754839889,0.6477547746813292,0.1079337464440418,-0.6042762737886257,0.5177101993773654,0.2280177167756017,0.32335618792535675,-0.31899631849918014
2010-10-29,0.9084616582750904,0.1923537473577243,-0.5853284570342117,0.6469609352114226,0.10009644882645835,-0.6045399055484254,0.5179690198668887,0.23891962775569012,0.3147798650911572,-0.3202186613849164
2010-11-01,0.9085279176289138,0.19909809263398023,-0.5813382732613713,0.6374021536546701,0.10505711619984043,-0.6028544119203859,0.5098818104119114,0.23524555674951944,0.30495531980080537,-0.3155300817454584
2010-11-02,0.9090540162406342,0.20827547683349248,-0.5571023891971215,0.6392707330320847,0.1147296402667514,-0.5753187336257336,0.5129628252849626,0.2351570382148979,0.3152424821975994,-0.2942045957728999
2010-11-03,0.9089739919961258,0.20243524442408115,-0.5510428097932314,0.6359268407381411,0.11205176260590645,-0.5688156236813566,0.5041840306565653,0.2591242081901675,0.30206002372878443,-0.3069326308569057
2010-11-04,0.8891119872966208,0.272972959739109,-0.4995422754464362,0.6163013789840296,0.13448137725332587,-0.5409523266503923,0.4683216835904951,0.28587334133531156,0.3235518670237972,-0.2642895360169871
2010-11-05,0.8854777265543003,0.29453148712700533,-0.5018419618033619,0.6091256160507522,0.1578597477624293,-0.5328785880187593,0.45189647546203215,0.28649417682104694,0.36087301079282397,-0.273623737430417
2010-11-08,0.8857368780316965,0.28374179774890085,-0.4992546136642245,0.6089082491468079,0.15049346467675298,-0.5238216382259431,0.451083696868453,0.2989863143872814,0.35296276169890817,-0.27192809400186224
2010-11-09,0.8874620346251669,0.31078489254231056,-0.4572383721892864,0.6140693498065478,0.17604025232787146,-0.4936940350146881,0.4580897137614291,0.33143200640283615,0.3743362624435723,-0.2305100850991619
2010-11-10,0.8853949844731248,0.31973034547661583,-0.45396941306962163,0.6092391770737364,0.18367569999874273,-0.49059351483226205,0.45367222261215084,0.33128945935569204,0.3916948282408459,-0.21904388453624718
2010-11-11,0.885906805438618,0.3177991609655948,-0.4534323915711693,0.6117905977136864,0.1805582076547284,-0.4889029234572096,0.45808519373255135,0.33074775354451263,0.39254930980339814,-0.21715379865882234
2010-11-12,0.8833073987315101,0.37773434706093173,-0.4045128407813619,0.6300502061592563,0.2666286311215994,-0.4355256351678045,0.48808205754231426,0.32915289953666477,0.45970264858785403,-0.17882938730566164
2010-11-15,0.8846296139135028,0.37742809784178505,-0.38390601323875495,0.6272697168176975,0.27478239677046534,-0.40406729183851514,0.4869259313446423,0.3499800893972923,0.4531866116224701,-0.17321239666185684
2010-11-16,0.8935678096375128,0.3987224659198857,-0.4283290225637165,0.6450064718903352,0.29979798209431047,-0.4492445151328091,0.5055638887939123,0.28823811345079076,0.47029014502226896,-0.22432879533903013
2010-11-17,0.8860893203249386,0.4227616594583295,-0.3996379405078706,0.6278938357553054,0.3248112043667265,-0.41941219118735845,0.47913543604788117,0.2877423809860589,0.48801508512239733,-0.19039522999902875
2010-11-18,0.8914941573518108,0.4371544102480999,-0.3796573647458039,0.639399607921021,0.33675311154529725,-0.40047271416415914,0.48702698016057827,0.2958683937035035,0.4938460386612691,-0.1778612882249151
2010-11-19,0.8903697445582834,0.4338927050291634,-0.3673715039244407,0.6498986101162066,0.33249815505982383,-0.38745202722724953,0.5089749476423984,0.30398793652433687,0.4972354394962553,-0.18975512506953326
2010-11-22,0.8831303011490301,0.43826594509623534,-0.3313965059018053,0.6361807502903811,0.34177973022136954,-0.36262372610646226,0.4926101478119705,0.3186723067566212,0.5032513011778241,-0.1408625081409148
2010-11-23,0.8871172150908136,0.41347414790679526,-0.2976425295086369,0.6154404354551158,0.31244030568378856,-0.33984345778398184,0.47078824411200054,0.3386551657265629,0.5006819477158783,-0.11655869034820349
2010-11-24,0.8923335929754124,0.40336848072839115,-0.32153352071305263,0.644562640778197,0.30604745325557864,-0.36022030414211803,0.4926411442262585,0.3308442270730903,0.5238725506622726,-0.12080529513144128
2010-11-26,0.8763287459672231,0.4809800530158587,-0.28671811577035866,0.6140224045656452,0.3613467598931823,-0.3242341864380241,0.45317581535245444,0.2975437018480502,0.5523135196874619,-0.07892387496434233
2010-11-29,0.8719135293363802,0.48011079540690166,-0.272029380968431,0.605890505417486,0.3577718282929041,-0.3181880562566592,0.43319948595158025,0.3045074888111672,0.5471446293656175,-0.04989766033117438
2010-11-30,0.8660227862737152,0.47505904374537183,-0.25913910335132834,0.6401681015878365,0.33428165876405763,-0.30698629397317617,0.4791714554385922,0.3061068394458981,0.5059297434926834,-0.07278655359450517
2010-12-01,0.8748277147018519,0.4677032117814312,-0.279473467420614,0.6606360175671185,0.3277217508051652,-0.33305328846119003,0.5037411897338737,0.2967491830581907,0.49604761639019135,-0.10617048204008749
2010-12-02,0.8749580178375672,0.4574753339446298,-0.2731102918192154,0.6625616299503823,0.3272670243483755,-0.32614796365587423,0.5054884049855864,0.29653976712077124,0.4924187943337815,-0.1023378115423305
2010-12-03,0.8750513382112001,0.4590900211600664,-0.27059867451425534,0.6668160471980041,0.3245483263320091,-0.3293006469522352,0.5065126692202141,0.2487187446973149,0.4935005067062763,-0.12842440471643074
2010-12-06,0.8757012010630538,0.4560310896181983,-0.2722292424731788,0.669643036497525,0.32128004120920783,-0.33053569355002976,0.5124665413335822,0.25545774005885286,0.49965299869222324,-0.12690821249587414
2010-12-07,0.8727251937436222,0.456766052324896,-0.27429865605575715,0.6696661618057236,0.3278593310903194,-0.3311719196493829,0.5126531358275327,0.3023252861347603,0.508145597655086,-0.1026300180294032
2010-12-08,0.8746280872144264,0.4620435171490146,-0.27407603932901903,0.6693078023730097,0.3209940253085799,-0.3382713917440601,0.5148263271017036,0.29490287029659457,0.5188290720433728,-0.09906623562534027
2010-12-09,0.8732383994504856,0.4639699018253104,-0.26836426653276496,0.6757574516205656,0.3222535696045027,-0.3340287901934912,0.5248481656281153,0.2964205856150955,0.5182591431745702,-0.11874496221731609
2010-12-10,0.8752634631099175,0.46425324590649497,-0.2758628822901475,0.6699448780926354,0.3199422781258021,-0.33570038810423775,0.5259613511298079,0.30358188821897863,0.5292860002252319,-0.12943010451203776
2010-12-13,0.8743826289893624,0.4629284928234914,-0.2756168562608293,0.6702364833108924,0.31621462763284824,-0.3406500082142542,0.5258856720843449,0.3073716741637511,0.5299184290235678,-0.12236962426785689
2010-12-14,0.8680747656549216,0.4711248728136725,-0.29681383454656335,0.6656767312635747,0.32109506042034897,-0.3651995704952579,0.5167852909934857,0.30444677805857223,0.5318554445078509,-0.12930630134177457
2010-12-15,0.8693240142472194,0.4857003148434929,-0.2746407092980755,0.6626405648831091,0.3333891830907159,-0.3492508528584522,0.5164162537094041,0.30739545935755397,0.5484930273755573,-0.10359017263250624
2010-12-16,0.8697549517533497,0.47967642774020997,-0.25508703464499527,0.6555266810661635,0.32429067058241046,-0.3319067211034195,0.5070267723473704,0.2969004970809059,0.5514348694408697,-0.10589721077293336
2010-12-17,0.8760855886335902,0.4851718055270466,-0.2449530111924502,0.6644657542651233,0.32394997473059906,-0.32504504464770784,0.5074750205179297,0.29439628170595933,0.5510399387747393,-0.10577288055035862
2010-12-20,0.8653637650434839,0.5025397514019263,-0.2145086071065543,0.656870176213424,0.32800798735682163,-0.30189964602331504,0.48924092559685173,0.30043836144166103,0.5546816147048991,-0.0862342882894697
2010-12-21,0.8643610843406903,0.5032498196640158,-0.18576713896924593,0.6557985568710709,0.32853775257497003,-0.27764558492782077,0.4876439085087067,0.30931798781594005,0.5549021830876417,-0.072270750614508
2010-12-22,0.8649356065602422,0.5012944748058961,-0.1914717201573962,0.6576803685683097,0.3338124873198112,-0.2732116519134108,0.4846835607768774,0.3041597775777597,0.5573790599994664,-0.07254224849130927
2010-12-23,0.8649498176855921,0.5032222969447926,-0.1931007407275455,0.671695727250345,0.33602929552665384,-0.2743897206635358,0.4944592699202974,0.30398340802369694,0.5609978711228227,-0.06926258653087304
2010-12-27,0.8640559091648589,0.5031156775342389,-0.19375542307114127,0.7017042933365042,0.3357505887423007,-0.2744422286007446,0.5245379968913553,0.30430989195241076,0.5710612211030055,-0.08187032526235971
2010-12-28,0.8667838918980774,0.49339143892006787,-0.18739548300466083,0.7044776391388078,0.3254672082780248,-0.2582614766231106,0.5378345949359399,0.26060313921303513,0.5637989712826501,-0.08143829810154501
2010-12-29,0.8627841676280409,0.4912810773393729,-0.18104826840262278,0.7106490751414094,0.3218384633240494,-0.2465324966140742,0.5439985247530975,0.26388723831283245,0.5622494740617735,-0.08512173709128427
2010-12-30,0.8463557307682561,0.4593676710120469,-0.17522502375488197,0.7187323426741521,0.27474857808690323,-0.24519369539910915,0.5473018342052722,0.27943308517610305,0.5584443735572853,-0.08140551288371954
2010-12-31,0.8528483680239465,0.45514160113567487,-0.17434674152461835,0.7055267565188796,0.274939496353652,-0.2332803696348579,0.535620297685748,0.28738232555062704,0.5674120807948348,-0.06055125440009114
2011-01-03,0.8594380076758761,0.434464774787976,-0.187082279410871,0.7004526203636255,0.2583561256279074,-0.2403510967412486,0.5380608597644669,0.2837981712584753,0.5551932795676545,-0.07668598534986412
2011-01-04,0.8588353643538139,0.4239621365699123,-0.18640849284998665,0.691000678489271,0.2535128909000716,-0.23975372534294026,0.5300096814266027,0.26848892674186475,0.5736485738689386,-0.07820229616364414
2011-01-05,0.8591705114470546,0.4214934194645344,-0.19618239492788878,0.6972035310700393,0.24965024881560904,-0.2562219403563014,0.5357079122652804,0.26857480944748774,0.5806585193978746,-0.09271669426746078
2011-01-06,0.8566059878693034,0.4244756682967037,-0.19814782357329022,0.696008343619132,0.2516500728669872,-0.24864869785766153,0.5240512783775619,0.2626539919748118,0.5793333797872261,-0.10395205406055887
2011-01-07,0.8551750455446421,0.4136281363518769,-0.20363976917585708,0.6914007506070824,0.23899048232343892,-0.25262289159888535,0.5186250543573386,0.2639084032829789,0.5728187802637326,-0.10507884735387588
2011-01-10,0.8518200676343576,0.4188281806532907,-0.22490258457135187,0.6823185397465322,0.24458876483910413,-0.26199267487089656,0.5179229417898439,0.2790022452624933,0.5779680369033094,-0.10434800650583881
2011-01-11,0.8933575983598486,0.42310483035710733,-0.22669412539413158,0.6879575986317336,0.2888511878888424,-0.23600657539002606,0.5874745036602527,0.26658033297209266,0.5758579427481842,-0.12757675335298854
2011-01-12,0.9052253622101792,0.4230443019233111,-0.24272031879279404,0.6832537718530026,0.2975996719748763,-0.23394330524246446,0.6122292621657714,0.25879878546957974,0.5763046042361671,-0.14885656864434899
2011-01-13,0.9027053775635487,0.36563288296970115,-0.23421299665676276,0.6531125583162946,0.24981615605163707,-0.22379150910043072,0.5940452346616173,0.29221857324883826,0.5117589839037702,-0.13526837283974932
2011-01-14,0.9038255149449453,0.3364922772912321,-0.24789923844054126,0.643053555135342,0.22621721993508165,-0.23299916385326067,0.591460310314502,0.2939763375898047,0.4922849307860675,-0.1507889928206367
2011-01-18,0.903751659248791,0.34328668107911875,-0.2482367476368477,0.6575695989781549,0.23081743388169326,-0.23483211040876312,0.602098624258866,0.2762330329539426,0.4680435618392671,-0.17696000135407816
2011-01-19,0.9112744347897023,0.3308527745042521,-0.2640246355686958,0.6604080150564408,0.2194875991959972,-0.26002822366624256,0.5947195546255266,0.27638111639395246,0.46854789027260246,-0.19863888171819788
2011-01-20,0.9080487815596966,0.3320958024669325,-0.25593098428671546,0.6528758083842796,0.24076702289622542,-0.23814410843603717,0.6065428357529116,0.29535068253284813,0.49928133203220204,-0.15886794383589362
2011-01-21,0.8960974709012802,0.3318787416062441,-0.2595799435947947,0.6529987552399547,0.24042083252777022,-0.24942831853411346,0.602602482381859,0.2960451516898721,0.4995003440289764,-0.15918231257370155
2011-01-24,0.8961499494559425,0.31863265308151284,-0.2660694942122738,0.6308060868355566,0.2276694992255802,-0.2384989648276008,0.5577682521202296,0.2866339907100815,0.49860398273975604,-0.16744836825605902
2011-01-25,0.8966612601396691,0.3273986493802738,-0.2655582703026618,0.6253427614003085,0.2285129952445888,-0.23741111795139447,0.5504477162451276,0.2784777300286263,0.5043192931092186,-0.18312437068718387
2011-01-26,0.8975897219744786,0.3346217351236988,-0.26892504972212333,0.6252600772948245,0.24380226835966165,-0.2389879031437914,0.5513781894119877,0.24604101383604257,0.5237325245182672,-0.19469714096982507
2011-01-27,0.8961144121357927,0.31470661128227306,-0.2682355680153546,0.6177463072711116,0.2100912998689271,-0.23323827994234342,0.5282933269381725,0.21415249851238408,0.5677824554960023,-0.20144540726338064
2011-01-28,0.9065935487066245,0.21272588527736613,-0.3015641436145923,0.41890563002417075,0.0938816388744505,-0.27222030530230307,0.2990253922163301,0.21897272187394948,0.5931254987103823,-0.18097651799680042
2011-01-31,0.9057517407186814,0.21230590669722757,-0.3038526222848523,0.4279738876683266,0.09635718633358636,-0.2702917054847385,0.30086696707788785,0.20935644159148306,0.5849069020592674,-0.17554400542616572
2011-02-01,0.9173643983407438,0.12253656269614512,-0.3557232295407726,0.35689429012722623,0.05639309365169971,-0.2948272294316562,0.24000353806126581,0.178376186671709,0.5591689836824648,-0.1890349640299541
2011-02-02,0.9192479978406302,0.12200732410574175,-0.3540234652653254,0.3542000355238997,0.057989696316288385,-0.3035570460777267,0.23959602682866404,0.18904544577004695,0.5577981708333115,-0.18601435131726152
2011-02-03,0.9208166539082605,0.13223193746685127,-0.3519651260019754,0.3528339063739335,0.05896815801204437,-0.30436527596591717,0.2395107540956804,0.16357376847646612,0.5545913045104719,-0.18222299251680774
2011-02-04,0.9205557872417539,0.10463442565037823,-0.40825231117623717,0.33392724280172237,0.03810530588754721,-0.3456041986701675,0.21783367292529351,0.12537366405677058,0.5474039398005373,-0.1949390822719333
2011-02-07,0.9201223324892245,0.09869153293594725,-0.40078577433917806,0.31400781911505404,0.02979266859342964,-0.3425759297283025,0.20090638789179938,0.12249351131017105,0.5252309927325743,-0.2143231085017198
2011-02-08,0.9195473721742694,0.11079908647181376,-0.40477987056582415,0.3116051442122876,0.046658802187212384,-0.34889819771305836,0.19747242368252566,0.10578707826119338,0.5221397330568723,-0.21317772477707206
2011-02-09,0.9142310311997968,0.022349369013459314,-0.4357747438934555,0.26003803819893023,-0.05862175332594732,-0.38013792690264936,0.13039855184131002,0.09231316665965936,0.46600045536474266,-0.24081724059159512
2011-02-10,0.9139296006438158,0.015429286260232334,-0.4572472386328621,0.26056596384065006,-0.07064125607109636,-0.4110277576174635,0.13143418567222864,0.06530473562573144,0.47059669834031265,-0.2456283047080489
2011-02-11,0.9064556359907923,-0.042364317503747834,-0.37012471512269873,0.1851872549983356,-0.125892384246859,-0.3279141579549998,0.05496575448875204,0.10754677032181072,0.45476290230318733,-0.20126688541394216
2011-02-14,0.907353595870896,-0.04409189122941239,-0.37253280827424534,0.18216163389588197,-0.12486503167476055,-0.32762081075936683,0.05787109348749583,0.10517907940071819,0.4469548064098128,-0.2161383477937912
2011-02-15,0.9016175218272684,-0.10304916344699126,-0.4061451971996659,0.15294537576984016,-0.17697373118317797,-0.3542918120440863,0.02278623850682019,0.10194072061254393,0.409484983255486,-0.23884362647072052
2011-02-16,0.9028561702903484,-0.10186169772060667,-0.41033933493842717,0.15701038677113519,-0.17555087982737488,-0.35510252975010576,0.024033164776543513,0.10125483312158842,0.4111813603945849,-0.2347846950610031
2011-02-17,0.9137913365533572,-0.09289987577983053,-0.4070488425796689,0.15640720725738938,-0.1951732325678088,-0.36616912315072764,0.024146377670270544,0.09599654676711267,0.42821810198872134,-0.22617364149120733
2011-02-18,0.9026335783285983,-0.06434528074416045,-0.4054181839504136,0.15521106638713808,-0.17724685843462687,-0.35735637504189594,0.011072047007438982,0.08810807370700575,0.4345001034225179,-0.22572219078563585
2011-02-22,0.9162317071250217,-0.09256813522191795,-0.4135621811262327,-0.1312592190650451,-0.19821091238965524,-0.36560273455819436,-0.2869419016551471,0.10039158078391018,0.4481399356628786,-0.06253279283999053
2011-02-23,0.9254671128644647,-0.14722770940403443,-0.3873543846276049,-0.18020939617046747,-0.23050125742699304,-0.3552389201301657,-0.3189923885537005,0.1319016047242443,0.46020473863804434,-0.04043952790425744
2011-02-24,0.9209988032840767,-0.1417560073209379,-0.3963051617047101,-0.175679880061346,-0.23492494412261675,-0.34574332452046064,-0.32392649684579755,0.11637702098430493,0.47048513851782364,-0.07731885906817569
2011-02-25,0.9230740443109732,-0.09669072260568032,-0.3657759608871889,-0.17779312046932313,-0.178488057267284,-0.3120948428815188,-0.3385776899893764,0.11012935095618413,0.5261893169623049,-0.05240342782043335
2011-02-28,0.9132841307233769,-0.09879942758922867,-0.2831358064706398,-0.31168738933308193,-0.1847646504786627,-0.2451932872739154,-0.444299456377693,0.11319469615365094,0.5375580818771997,0.014019210111342788
2011-03-01,0.9188572009742112,-0.17521553091579956,-0.2803595792484113,-0.4109292861994902,-0.23655754493826658,-0.2464157925867695,-0.5060993775797631,0.12001632770485755,0.570081705593834,0.02823963510828254
2011-03-02,0.917805079414244,-0.1928575852836193,-0.276946832524263,-0.4075800524406774,-0.2554759751672541,-0.2534887961925122,-0.4922196392587747,0.15682168825847106,0.5571663364662445,0.0045610919253180745
2011-03-03,0.9249585386052811,-0.23587210053652496,-0.2960228797106906,-0.4037871667682246,-0.2936502508367062,-0.2767311677137232,-0.48617549258247117,0.15882544194232256,0.5621807839768018,0.016402203673142025
2011-03-04,0.9235232161416734,-0.26749407667287883,-0.3290735147334082,-0.42809796779229264,-0.31768501373342684,-0.30119464013438246,-0.49738288030242234,0.10258163568561311,0.5697758995302857,0.01336597748819203
2011-03-07,0.9255000333599882,-0.26509031594028293,-0.30449400662934784,-0.4214241703758049,-0.3154283240507429,-0.27138716684312686,-0.4846724966975549,0.07608684240131455,0.5839061231218211,0.01642230020358879
2011-03-08,0.9226956356371573,-0.27256274141677483,-0.3172163839326664,-0.42014322512053165,-0.31735040576053364,-0.27461064513647615,-0.4852452002157239,0.07553723899328622,0.5862968004751186,0.01977848581614951
2011-03-09,0.9205535855240666,-0.27295425827706904,-0.31588908522954934,-0.41216080366415847,-0.31592005300101833,-0.281517808620862,-0.47090987846326027,0.07451077474399093,0.5865790871442,0.0053042689057007835
2011-03-10,0.922012338096426,-0.18675927786944455,-0.36967438070406283,-0.33571712642623486,-0.25528053412584745,-0.31911840934506774,-0.4209347137360074,0.025961578054398134,0.5949976376277989,-0.02697550873021712
2011-03-11,0.9224876044133797,-0.1805652137574301,-0.3824594886769862,-0.34567191091615296,-0.25074039116315,-0.3265640929214692,-0.42674666873347455,0.025041412846805534,0.5823821570761507,-0.01776028681795122
2011-03-14,0.9209509111338051,-0.20687318567157725,-0.4055346264439671,-0.34754621079798864,-0.27064865587203935,-0.34615986234962903,-0.4282047416328136,-0.006980363420183345,0.592819279357813,-0.016686340276246808
2011-03-15,0.9239285411334032,-0.12657761988149102,-0.4430335048307666,-0.2630117989662393,-0.18676491114471497,-0.3872723041033965,-0.33994870371650915,-0.054154928297394954,0.6235267293701963,-0.06827023463946348
2011-03-16,0.9318553813901048,-0.11820786369044445,-0.4806408321387861,-0.2641944503977105,-0.17430666399040448,-0.42692154839585245,-0.3360928810556791,-0.066101154658936,0.6228395374952516,-0.06271824739945508
2011-03-17,0.9304106917240528,-0.10354492650723014,-0.49031050550706823,-0.22032691101756885,-0.16503744970230966,-0.4348015156790012,-0.30792642318218516,-0.07242350037576392,0.6242790367461445,-0.08008433163351152
2011-03-18,0.9266865645815081,-0.09708142797226418,-0.5013979411820949,-0.22241469589786642,-0.16958130229378188,-0.44684039858078267,-0.3129806745257412,-0.06859798014242788,0.6230551244481716,-0.0824866649162467
2011-03-21,0.9318639237928397,-0.07530070767262827,-0.5044634947251739,-0.21423084702835266,-0.14571891325401656,-0.4552709396221255,-0.2984576437082923,-0.07856033678943293,0.6261000588044142,-0.07853221514233379
2011-03-22,0.9312392030384598,-0.07574989752026054,-0.5073208650520503,-0.21896136298203614,-0.14725368760697868,-0.4575091429418883,-0.29795361553619965,-0.08091627824182936,0.6230236517132011,-0.07048252445878321
2011-03-23,0.930924638673143,-0.07058679486685025,-0.5112797124501928,-0.2185459827839653,-0.13738712106115483,-0.4618101615080631,-0.2960132362122228,-0.08723741790254944,0.6237739652806703,-0.06420090973565677
2011-03-24,0.9308585827224859,-0.09111881010225122,-0.5374424043254595,-0.21952878111688282,-0.15679910631996324,-0.5012853118099246,-0.2925705694582409,-0.00980160255496525,0.6316706316268905,-0.05632351990090773
2011-03-25,0.9310336461609601,-0.09110254320052764,-0.5554020975514226,-0.21900927411609358,-0.15791911256584928,-0.5231412063765519,-0.2918235696791462,-0.022728251376802757,0.6338667480308634,-0.05197511716161055
2011-03-28,0.9308687723090191,-0.0898547391255481,-0.5564989171113023,-0.21704138729230163,-0.15431953312684693,-0.5239983852747028,-0.2857420474826529,-0.025286871703963182,0.6341741697038866,-0.05657193693059639
2011-03-29,0.9323325382670714,-0.09259301103399142,-0.5679176036329274,-0.21126575018679083,-0.1501114413075383,-0.5293985587006401,-0.27173797000487593,-0.053044375917144414,0.6203791651034046,-0.09150602449034535
2011-03-30,0.9305947587223774,-0.07717968055611517,-0.5418197413525231,-0.21618912478856359,-0.13567089567357468,-0.5092537480546045,-0.2781458189212893,-0.05567505672197243,0.6193211213563623,-0.09586507977612375
2011-03-31,0.9296716744167244,-0.09445775309764758,-0.5400443026904332,-0.22679257100575584,-0.14961536844354667,-0.5091178952352986,-0.2820667584505815,-0.05543307066307384,0.6089803008893508,-0.09722527477478533
2011-04-01,0.9282456128762038,-0.09514699032446744,-0.5447314271627262,-0.22713707331145455,-0.14451482777296693,-0.5065469955111376,-0.29031778977837236,-0.08523800839730201,0.6039646233845055,-0.07139656985765036
2011-04-04,0.9301191322596826,-0.0985010281138145,-0.5435008609665676,-0.23851621378157792,-0.14495492710858396,-0.5103827778766891,-0.28837822884244646,-0.07971383454048908,0.6007455268228148,-0.06080945286191677
2011-04-05,0.9302036319673439,-0.10150051976414882,-0.5397848987069913,-0.2386727411268489,-0.15077790864749596,-0.5065485121876858,-0.2865850130173615,-0.08997876685396224,0.5744206073317508,-0.05624104262990181
2011-04-06,0.9331144778271959,-0.09929189709049259,-0.5314564458915879,-0.235543776502609,-0.15248124094882842,-0.5040265705141865,-0.2902551612093241,-0.09669967051207795,0.5733876239601274,-0.0692027236706049
2011-04-07,0.9327322123770015,-0.10266404141827683,-0.5277393050645953,-0.24598149471528116,-0.15395811885662877,-0.5041422044909378,-0.2940527848301489,-0.09066754858273918,0.5677508587806819,-0.0617535553161215
2011-04-08,0.9330666636480608,-0.11630605461765725,-0.5114885485552029,-0.2557936342218868,-0.16472256268217486,-0.49082255390330976,-0.3016029110020184,-0.09377600117799073,0.5751310556484788,-0.07497754249083033
2011-04-11,0.9338652374688277,-0.11617442199635901,-0.5122807196445557,-0.23608374756858452,-0.15968618068275442,-0.4969713593037545,-0.2807907119496888,-0.0713007530498566,0.5806488919024352,-0.06658007824525367
2011-04-12,0.9333136033350046,-0.08173241982515327,-0.5171544446775714,-0.20516829723252442,-0.13265495971535696,-0.49795535503491545,-0.25754637866058216,-0.11166556761527278,0.6054887329845107,-0.10016408650802905
2011-04-13,0.9269502681132114,-0.08356050251522702,-0.5152358237282011,-0.20447184965817164,-0.13317718984364876,-0.4804402318695106,-0.24744466960001935,-0.104711299419329,0.6103661012043818,-0.09712197564421046
2011-04-14,0.9248903444896763,-0.07947548285252148,-0.5067011962490283,-0.21401040980732183,-0.13415238571420904,-0.47131198771483085,-0.25815539037006113,-0.10813449185900995,0.6128899717576984,-0.09339224842758254
2011-04-15,0.9239337407516016,-0.08719325025194498,-0.504377531706736,-0.22055784347101715,-0.17474270852356688,-0.5022150017460315,-0.28305206333960276,-0.16500579200229923,0.5950742829869254,-0.12845555255257185
2011-04-18,0.9295321479776536,-0.09702281066686647,-0.5082721504586994,-0.18646930142347243,-0.18620831378614217,-0.4963681535322292,-0.2690530527529934,-0.15799119954612148,0.5765060772182734,-0.12900575002788084
2011-04-19,0.933142972711057,-0.090698517425165,-0.5018571438295536,-0.17793354175720685,-0.17191911692631745,-0.4966126508553111,-0.25271126344396205,-0.16050782951398265,0.5705385153847866,-0.1301060526266477
2011-04-20,0.9339332256986812,-0.08248929896555902,-0.5168541842357821,-0.13674511532487688,-0.1554414513892856,-0.5128976871569684,-0.18849536216065627,-0.15559895267000745,0.5646288069092921,-0.12863655381752492
2011-04-21,0.9339240569187996,-0.08820498813296242,-0.5221743712314415,-0.13920783463667302,-0.1624182212432955,-0.5149422273490879,-0.19093650505502607,-0.13493693252532496,0.5604273321744608,-0.11098040415702733
2011-04-25,0.9333466763988217,-0.08330784700870482,-0.5260661664543395,-0.13532107741016022,-0.14638343568417347,-0.5199546483747837,-0.1814365040148359,-0.11780919732243651,0.5387938257250314,-0.10115022955191515
2011-04-26,0.9268936466809309,-0.014100960628418936,-0.49656504748695246,-0.061193409034448844,-0.06133012639600479,-0.5067811229402562,-0.09527911547253418,-0.16150632991864627,0.4966347996650103,-0.1341172356032155
2011-04-27,0.9282010483660806,0.023270049835191087,-0.4955618841414807,-0.07483299012968278,-0.029882293287327406,-0.5093708718469308,-0.10042983825405527,-0.22176444907256793,0.5204532000236427,-0.12282538031061152
2011-04-28,0.9214258235793323,0.003792430258829328,-0.48109443696959564,-0.04860983324803572,-0.053313669728037485,-0.5037303291262702,-0.07167341126405366,-0.2098160368972059,0.5347556876150054,-0.1410551438777812
2011-04-29,0.9203896425262419,0.006254461659224885,-0.48038163790151556,-0.047733263439075635,-0.05965780919956912,-0.5045386601102614,-0.0722863444155145,-0.19437628570862084,0.5276295282241606,-0.13956636461901364
2011-05-02,0.9204825330040125,0.011747184499383145,-0.4827193668689606,-0.0445760652077425,-0.052653258830160456,-0.5082992133795405,-0.0696329445495805,-0.16754585630514296,0.5404729614306159,-0.14782259488554886
2011-05-03,0.9212684739124417,0.022388801532705144,-0.48811361403681885,-0.027080834271513414,-0.038061703331590424,-0.5082121460626258,-0.04593828315622844,-0.19890606211303644,0.5393211453400618,-0.19608773188692577
2011-05-04,0.9177039213871347,0.0565187439093571,-0.5003238947486304,0.006692811767948478,-0.02772057453794423,-0.5149575838593523,-0.03231051750140201,-0.20491504197552066,0.5579307607308953,-0.19436240401504773
2011-05-05,0.915803281161806,0.11074095920945451,-0.5080518052267115,0.09619772612313232,-0.0013563656004722663,-0.513807063799148,0.021356196481948045,-0.22481637093047244,0.6783643796440987,-0.2443543786502844
2011-05-06,0.9157970484087647,0.11911978602063479,-0.5104235028374501,0.08949854762784024,0.005109128294386029,-0.5161176523549348,0.01724947799790904,-0.2356508237734044,0.6540351182328535,-0.23304570592492563
2011-05-09,0.9161530640825619,0.12747836903335927,-0.5249107536593142,0.10177833763435203,0.014855902737358647,-0.5265246189525307,0.030402194077519595,-0.2565726630491797,0.6690301781653767,-0.24183967341842763
2011-05-10,0.9165635810610809,0.13809303300170328,-0.5721441287666287,0.11212563912250482,0.025805252816333085,-0.5742439767864771,0.04118276990714259,-0.2455029258470344,0.6666672428524495,-0.22811016987598973
2011-05-11,0.9156261131643851,0.16026005039837718,-0.5760350379962568,0.15179317881752613,0.04011907965153203,-0.5777957083231993,0.06657046398157251,-0.2545920792441167,0.6794554899286316,-0.24142562528850106
2011-05-12,0.9164905536790723,0.16416634030689095,-0.577536198707694,0.14610616237531704,0.040552105165977834,-0.5813496019485992,0.06330195043840893,-0.2567273684028771,0.692342876175311,-0.23271740812603328
2011-05-13,0.9168982135597004,0.1775537923501463,-0.5819141754941742,0.1427875357167388,0.059013983580116045,-0.5879993136024162,0.05950208008697528,-0.2699202456499656,0.6863742341445234,-0.22827337956658061
2011-05-16,0.9123109562639438,0.1779077742965672,-0.5859348137544683,0.15190076273037706,0.06773734257660854,-0.5885232790467094,0.08971223446329218,-0.27367770391356583,0.6831495354590184,-0.23736800483000028
2011-05-17,0.9131161804456845,0.1768288796831273,-0.5784490250732744,0.15073157280162092,0.06479893948180376,-0.5783587681719733,0.09073200402529358,-0.2809346987543359,0.6808471639370299,-0.23219629657048307
2011-05-18,0.9046666403254776,0.22056932287517977,-0.5584679767237252,0.29472224597585656,0.10993371817776897,-0.550713771881471,0.25536204438133014,-0.3159600154788173,0.6952228985567624,-0.3555116191607552
2011-05-19,0.9035687317342129,0.23529006600307845,-0.5576239541028923,0.3212184554297008,0.1251241508765247,-0.550095645598827,0.28397628253691376,-0.32329119421391306,0.6899607164208323,-0.3697350916112886
2011-05-20,0.9084618696501657,0.20678023266859394,-0.5522255514099003,0.3092490132429707,0.1139470633127182,-0.556401219685341,0.2863487585858869,-0.31202133797053033,0.6845846361114438,-0.36192446986524063
2011-05-23,0.909331283546534,0.19059855898437894,-0.5794081687039441,0.3171903282325096,0.09586719540635524,-0.5876665470513759,0.2947016247499137,-0.3191041854002822,0.6720351010419799,-0.38079886540150715
2011-05-24,0.908988184275763,0.18938908066656396,-0.5830955903867534,0.3227982751958935,0.0904244782179729,-0.5897466158300143,0.2842524496081239,-0.31544925032496696,0.6753073678879011,-0.37130430453439867
2011-05-25,0.9044590690270474,0.2685998463280506,-0.5981561071526428,0.40174378491016954,0.1487782866870134,-0.5991687438355147,0.34673343686460445,-0.32965003794990916,0.655718436893849,-0.39180697558258853
2011-05-26,0.9056345070000432,0.26491626948844166,-0.5978441243502095,0.3963799813640335,0.14601739533864475,-0.5842217474581313,0.33459612860803145,-0.35533816534771356,0.6665021812271201,-0.37410643694400736
2011-05-27,0.8976796992322478,0.3520590583925428,-0.5761532749240517,0.4222917720674107,0.22742907593731324,-0.5616201058760875,0.35759532397191696,-0.41537918309476834,0.6730286163353335,-0.38787986950509035
2011-05-31,0.9009227164139556,0.3635401721336364,-0.5557783929100285,0.46805040574014456,0.22600292227211236,-0.5374858920230818,0.39329419576369784,-0.4376326131258012,0.6589057580483759,-0.41426942373585
2011-06-01,0.9093605705161111,0.33962415253764533,-0.6155394942477145,0.4887348474644835,0.22039440774866026,-0.6107254611469174,0.42411516585041786,-0.4260673885608837,0.6507912116522163,-0.4341164593205154
2011-06-02,0.9108484406956958,0.35219970110977955,-0.560636626811041,0.4931348323814929,0.22208855550532586,-0.579644007147182,0.42546052340899443,-0.38783025587608005,0.6484562915771407,-0.42038507324186963
2011-06-03,0.914996461281414,0.33813799020170643,-0.5670900163628538,0.4857853083273831,0.20529563786898625,-0.5763293101598997,0.414491386216981,-0.38420223176720036,0.6476482694513364,-0.4190191953913737
2011-06-06,0.9127580224117705,0.29189795732663465,-0.4856457300175343,0.49076717250954816,0.16770794685894616,-0.522231092732121,0.41302184680225856,-0.34674103530317457,0.6419222961670755,-0.39047327851498864
2011-06-07,0.9121092393420239,0.2908797752151643,-0.4778283440592009,0.5084787651231494,0.16649727170890902,-0.517591182507637,0.4253434087156031,-0.3469778541049844,0.6474779580169416,-0.4053062947884992
2011-06-08,0.9131615366511117,0.30178826172569645,-0.48685568049223854,0.50108787231752,0.17606586141918537,-0.5252950362379168,0.40987145389199636,-0.35241431521818395,0.6292478645538698,-0.3834851893352578
2011-06-09,0.9050186082230142,0.2629785147994115,-0.46720030276897156,0.47917165966334635,0.12320819431788874,-0.5009753874346294,0.3822618197120734,-0.3023900390732173,0.6044382718078914,-0.3488267532903774
2011-06-10,0.8991832669793487,0.2975547797505185,-0.4505345629378062,0.5409244481262139,0.15445702371433592,-0.4845557077857629,0.4479133800028712,-0.31705248485780724,0.6172970962763425,-0.37789742771819457
2011-06-13,0.8999405334903425,0.28496756380289684,-0.42961651115262817,0.5196435005316665,0.14551166590242548,-0.47019509914746105,0.43260036250248757,-0.28565589795136154,0.6239045335787547,-0.34337900675679717
2011-06-14,0.908183929486727,0.28849166725763226,-0.4682020965158374,0.5310440833615734,0.16338012626007226,-0.49570953561711373,0.44919772093587085,-0.30267750641256874,0.6268016160233572,-0.3675631829832554
2011-06-15,0.9089892893893927,0.25767125441843797,-0.507184097181897,0.5742670455656644,0.13565070989492276,-0.5293665482045286,0.49440024158946727,-0.2748549697845318,0.6030727446292342,-0.4089387614668966
2011-06-16,0.9049928588862737,0.2547055044815075,-0.5018560894489428,0.5852989789538982,0.1366456018955005,-0.5305695903768993,0.5010870023088969,-0.2754490434234005,0.6116581267753955,-0.41781438911729474
2011-06-17,0.9006517921310659,0.253658255925461,-0.5032416683750502,0.5732722284264834,0.12268594778561859,-0.5229062003832895,0.5009492231836972,-0.27901090113087595,0.596373645553512,-0.40123467395768114
2011-06-20,0.9017679975117339,0.28372172927883516,-0.48783911810459063,0.5808764017707894,0.16927580682286458,-0.5049525137013353,0.5196888626023329,-0.30676820328987103,0.6029999247409839,-0.4045252801626903
2011-06-21,0.9057656382598556,0.29006742556613346,-0.49238843665956555,0.5692261128504967,0.17925269379198866,-0.5050238918158609,0.49922787257028667,-0.31184446548373396,0.6041325089650063,-0.403955736983643
2011-06-22,0.9069998042043906,0.28609214993376814,-0.48934948220574,0.5582994916731113,0.1718308395716976,-0.5026907447864787,0.48610159461712693,-0.3127923026207175,0.599137698337831,-0.4046993874101318
2011-06-23,0.8890483699046096,0.295729706596757,-0.48154771928366363,0.5544711501034479,0.1313858574309211,-0.4664818019854677,0.4473929523042972,-0.3432894346194059,0.6193568209959401,-0.4101270126171879
2011-06-24,0.8929141265979419,0.3242057281193963,-0.47519458555873206,0.5533324108412192,0.17676442465579584,-0.442004344926447,0.4405403105951138,-0.31833410564160197,0.607902982889273,-0.40842050227510746
2011-06-27,0.8953478437730215,0.312395196031591,-0.4954784800804492,0.5522465339800906,0.1539845976865808,-0.47349277346799756,0.4262826554107807,-0.2875510901717117,0.6007980898741795,-0.3898054309713122
2011-06-28,0.9017520566545932,0.3218751295934444,-0.5186482399753808,0.5617677639935047,0.160751626564662,-0.4909486339830563,0.4433720865024815,-0.2861853218464611,0.6126582041824099,-0.4122958972719013
2011-06-29,0.9010193486964131,0.32900856646986754,-0.5271370020563046,0.5707032846570722,0.1676313069375928,-0.49378747974703285,0.4482824887005803,-0.2941663825256169,0.6158463156679781,-0.4228124904075735
2011-06-30,0.9040643419014761,0.3097707146839749,-0.5272999902100488,0.5661378537992237,0.15174962138628492,-0.4960007350265043,0.4438666548558817,-0.27788686901360815,0.6260495289477017,-0.42482688261622215
2011-07-01,0.9078210775787167,0.2712710866510192,-0.5276950852168374,0.5499103090204808,0.12402658864658711,-0.5033615046981939,0.43461917827627516,-0.2733618320913084,0.6212179115637424,-0.42667748915256065
2011-07-05,0.9053787023924876,0.2581607235125814,-0.530953260084788,0.5495189558033233,0.13589631057556814,-0.5018968701230558,0.44155508619509987,-0.2568475974407719,0.6325130421132259,-0.4166070623321112
2011-07-06,0.9048991189238228,0.2664425856198699,-0.5385266860737042,0.5680515065980566,0.1477815356543943,-0.5088372499454894,0.46019583426594407,-0.23697209175120823,0.6229822014730606,-0.40513661372084436
2011-07-07,0.9070706626818377,0.2614184049709063,-0.5421538546329147,0.577271236389274,0.14325610147558757,-0.5126240528739257,0.47041048867092033,-0.239042689471643,0.6131488289746748,-0.4169832534429597
2011-07-08,0.904274543222967,0.23606858229924252,-0.5421694070424483,0.5745801303871267,0.12784497726293345,-0.5022880139657823,0.4640562511184093,-0.19528631425365894,0.5878774685534374,-0.4124133672931182
2011-07-11,0.9150687844796395,0.19333320618105046,-0.5726221994125149,0.571909450789241,0.09479637248103318,-0.543204938072843,0.4620900032617237,-0.16406067084195242,0.575220433199114,-0.4257017643109282
2011-07-12,0.9157155177511282,0.18677448542016195,-0.5734592659873786,0.560505116337807,0.09025265989253636,-0.5451689119205461,0.44926135833712594,-0.15629222502284099,0.5758067690688734,-0.4172269360563913
2011-07-13,0.9189586387343486,0.18645455288097745,-0.5960420912593118,0.5603541985844132,0.09881881472171396,-0.5496173777699308,0.45442307337831894,-0.1800845690584329,0.5763383982475481,-0.4391925941741272
2011-07-14,0.9207553180949646,0.1990398655100116,-0.5513074207500386,0.5592737214510383,0.10179007277073243,-0.4878957728031874,0.45825464358579227,-0.1825124503456522,0.5820678373816314,-0.3935334464067841
2011-07-15,0.9187891813980686,0.20421652230136442,-0.5558509874829647,0.5633428211656705,0.10951607906867411,-0.4855063867911039,0.4662597752902444,-0.18097404395833824,0.5838233996639325,-0.3918293927072484
2011-07-18,0.915912439689807,0.18280893907888518,-0.5132047625105389,0.5492489827288842,0.09282603559362171,-0.45403368700779007,0.4418629766914702,-0.19318616134223904,0.5732544075946918,-0.36003795077576417
2011-07-19,0.9204618490111294,0.1272603549791538,-0.3981689693770836,0.5560856462866575,0.033097200789277956,-0.3275740192835677,0.4517359130951037,-0.2397273346206614,0.5357143992746263,-0.30160513315752474
2011-07-20,0.9204954725641327,0.125509287207567,-0.38854493312780386,0.5555616451956663,0.026726616736404914,-0.311834330122223,0.4485504395594931,-0.2559089275387296,0.5362946316473368,-0.3038588392895061
2011-07-21,0.9157962945623613,0.10591705349691156,-0.4277470427764824,0.5594632575631722,0.02072573022812358,-0.3320720243672881,0.4519275150826289,-0.23031306923139394,0.5246392012706019,-0.3129877931123804
2011-07-22,0.9091197618134934,0.08473590238979443,-0.41599894717667674,0.5556219281656033,0.012888122286806596,-0.3058639291168383,0.44980886270437864,-0.18180322093083495,0.5234387319848941,-0.2967367260767303
2011-07-25,0.9103244260729749,0.07346718177414432,-0.4019728512287734,0.5568493660992637,0.011103102649572857,-0.29576065285428094,0.4500609646890942,-0.20291585558765074,0.5192294146789538,-0.28821625476980994
2011-07-26,0.9084461356370713,0.06459466174525,-0.4067074679438703,0.5530718267982861,0.015377820849847039,-0.29115717757634596,0.4521307039439651,-0.21486324017303934,0.5218010819996978,-0.2862857484512052
2011-07-27,0.9162519334646705,0.07906935731327314,-0.3879097606929086,0.559295442069576,0.030976645845604386,-0.2749422530319914,0.46261578029533573,-0.21511866298147783,0.5334652057075256,-0.2835445729950774
2011-07-28,0.9146956834571541,0.07643314831294516,-0.38706487322397837,0.5578277052375892,0.027492855200515715,-0.2703581299491744,0.46021092334799446,-0.21066003107481962,0.5306653901291358,-0.27725300060987296
2011-07-29,0.915817195150948,0.050257342798325444,-0.391959225799491,0.5564697863119699,0.02107042346223613,-0.2692694699163287,0.46197648409878606,-0.17079102537889224,0.5168020739375968,-0.2795566293997522
2011-08-01,0.9169395938150741,-0.004773935615480557,-0.3854102011866691,0.5973714033541271,-0.006105098933717802,-0.2683324623231318,0.5189767187492228,-0.13517230932890148,0.33642760763156954,-0.2541111194257865
2011-08-02,0.9237660950697767,-0.144822223838488,-0.46229682171708064,0.6152466914852113,-0.12129931709566119,-0.34606453092425654,0.5397140800574942,0.04325068920486397,0.2724706825121539,-0.29704065726015044
2011-08-03,0.9240480995397482,-0.16514636218842174,-0.4589051526424577,0.6240109370722813,-0.137775841418778,-0.3417997376452752,0.5449257252218497,0.05102330876443017,0.21384754157599495,-0.3070464494891801
2011-08-04,0.9396870635719206,-0.08205980256398147,-0.5677861945668725,0.7005794267327156,-0.07064862924185668,-0.4620187099223569,0.6303145189394774,0.0018237593521121735,0.24025832803260305,-0.4229234742104296
2011-08-05,0.9387961061282156,-0.10212555641731867,-0.5296265338467603,0.703393762534507,-0.08735410838875217,-0.411217753114286,0.6356057444880016,-0.02371311904302352,0.2037535059263008,-0.4222172386557807
2011-08-08,0.9527774442136626,-0.356272001040528,-0.5928443327817905,0.7790795239216131,-0.31049671839284043,-0.49723314060485885,0.7235764196119282,0.13271419269098214,-0.06404770320280202,-0.5056736330779568
2011-08-09,0.9605233483591885,-0.2920048480826827,-0.5361018695124413,0.7342168383045138,-0.2590161129343376,-0.45026836518825186,0.690861048551409,0.14552467355996923,-0.05255580107066133,-0.5106363350286868
2011-08-10,0.9674574360249772,-0.40037268635773887,-0.5803784177286958,0.6728151159612976,-0.3668964305471583,-0.49785691260785986,0.6349040610799591,0.25651605031170444,-0.030980526161824208,-0.47183229109214964
2011-08-11,0.9709060319745261,-0.46938779641137984,-0.6476052064897494,0.7073141643163003,-0.4335800479075186,-0.5737492546641408,0.6711827528857641,0.38426794111990303,-0.12860000298551386,-0.5469757971473688
2011-08-12,0.970926076914054,-0.47800049769231406,-0.6234345014451876,0.7047089762592724,-0.44183856803445737,-0.5494278013332081,0.669168389545357,0.3712659093662342,-0.1377094192153492,-0.528320401717751
2011-08-15,0.969971661660226,-0.4502713460820404,-0.6291207104319764,0.7172433845271209,-0.4240328265269642,-0.5548075681594127,0.6769249740303944,0.35498647211147116,-0.11506580983714816,-0.5384023150555093
2011-08-16,0.9699841552677408,-0.4507698842375115,-0.6306908083325271,0.7245946048463741,-0.42473808545047237,-0.557356349872857,0.6843568878996704,0.37014443972860744,-0.13247022292320448,-0.5410464689539121
2011-08-17,0.9687139214675187,-0.45234963257907124,-0.622303183117035,0.7234101766017484,-0.42720790236514244,-0.5570171014060057,0.6776052929285181,0.3670997953565563,-0.13454285502134677,-0.5309934006711602
2011-08-18,0.9719368270492204,-0.48388647527528733,-0.6342756660449854,0.758112682078668,-0.46174366684695095,-0.5717233151518953,0.7299102273733393,0.3872314870835609,-0.2066440474184228,-0.5521985596802133
2011-08-19,0.9721289748779929,-0.48902167972562516,-0.6344578879203829,0.7427689227051487,-0.4679962755507531,-0.572030481137777,0.7127052923711927,0.38833200062717843,-0.1897222628128969,-0.5418158932771793
2011-08-22,0.9719880440720631,-0.4621990530463585,-0.63912561301366,0.7422656719524514,-0.43757207442484036,-0.5774113158944819,0.7142377528034258,0.3663975177637291,-0.1490257319653132,-0.5420928429066065
2011-08-23,0.9730610992325679,-0.5129653784027105,-0.6482155796149236,0.7468020719901686,-0.5047961626688328,-0.5885225782343039,0.7180382790822363,0.39113078274213486,-0.19810278651571997,-0.5509195341010814
2011-08-24,0.9722454179631738,-0.5131027558074399,-0.6530843707346914,0.7350002398690292,-0.48965038271193745,-0.5870197715678501,0.7092879569492494,0.44885611399877606,-0.16534006944315924,-0.5252696679623781
2011-08-25,0.9719734347150294,-0.5184440366827107,-0.6511234964509355,0.7274259379975347,-0.49412963977561536,-0.5848242007960069,0.7011487382532134,0.4516262842100206,-0.1672579667508409,-0.5180106342287464
2011-08-26,0.970960252003671,-0.4684691257615409,-0.6477822255849374,0.7279386997461754,-0.4251355523209069,-0.569126026517386,0.6984055044591513,0.4509649548383608,-0.14639721774772116,-0.5142942572367533
2011-08-29,0.9722494137556136,-0.49145852280244706,-0.655650809378501,0.7377295000291515,-0.44777991768593484,-0.5789975166235776,0.7109183536379462,0.46557018675611067,-0.1758851528048057,-0.5252861332683639
2011-08-30,0.9720960354114198,-0.4712107871880878,-0.6568659792640754,0.735224021167343,-0.42307066628526807,-0.5759234990879704,0.710417365289147,0.478099880416171,-0.14719938240199798,-0.5185226424442948
2011-08-31,0.9719041274233902,-0.4722840031343674,-0.654572167751692,0.7355047698071083,-0.4226798791562499,-0.5711481760457802,0.7108139699324264,0.4860479284340545,-0.14828671993541642,-0.5167401362122837
2011-09-01,0.9721967014759645,-0.4725339726017611,-0.6550542594755745,0.7429822434363746,-0.42501711575182094,-0.5711470505619928,0.7219989980120596,0.4815569337979703,-0.14155262142439623,-0.5205432020720018
2011-09-02,0.9736659260307335,-0.49361972788737135,-0.6654978517657484,0.7468747210169437,-0.4438459092060725,-0.5839014909391836,0.7274440386190196,0.5130836182902831,-0.16782703067486124,-0.5300781917345024
2011-09-06,0.9725912650271487,-0.5047254077242325,-0.6656640379192524,0.7442688958711494,-0.45866180847489757,-0.5818359800977578,0.72457933633673,0.5165034960836193,-0.18634219019721013,-0.5287271409758078
2011-09-07,0.9730070160230053,-0.5316135595828257,-0.6772094302480546,0.7596418265575678,-0.48250461696304464,-0.5943892103099349,0.7370560579732716,0.5351990986238515,-0.24960638512805244,-0.555888816595962
2011-09-08,0.9723730757822866,-0.5366679530159754,-0.6749913406838711,0.757540854008784,-0.48207604082575134,-0.5912829796042884,0.7355164578609945,0.5431038187130006,-0.2558778890953814,-0.5475235388424574
2011-09-09,0.972427306043489,-0.5181434322210686,-0.6706540472619715,0.7586002885242409,-0.4683807747328963,-0.5871558641410725,0.7351943156360935,0.539651360062109,-0.2532180966924063,-0.5402319900041435
2011-09-12,0.9731756232913793,-0.5161306209621163,-0.6710168096668592,0.7593476973810729,-0.4744868651682663,-0.5862179606586302,0.7371394363343083,0.5311501114566927,-0.26964901845210504,-0.5384368797166048
2011-09-13,0.97435330465194,-0.5109071822328578,-0.6722180788037612,0.7696910422291238,-0.4664308961806245,-0.5923656826357755,0.7419011693151076,0.5193684101980327,-0.2616100581346181,-0.5546639378239181
2011-09-14,0.9745375644676822,-0.5146358747746823,-0.6640595276951811,0.7557023664560628,-0.4700816446287175,-0.5854867778317884,0.7295174607212329,0.5128867836521469,-0.2525688562471389,-0.5559216820557192
2011-09-15,0.9747452681773825,-0.5270070401477621,-0.6681354885864758,0.7573386129151669,-0.48280256281662626,-0.5884756345817306,0.7342182635095028,0.525439128059721,-0.25745721619285505,-0.5567395177956496
2011-09-16,0.9748307778807984,-0.5237948523760053,-0.6663506520083288,0.754936815538253,-0.47928303517473614,-0.5867011606354621,0.7320689997820068,0.5262813393537371,-0.2603627121720569,-0.5576502731581895
2011-09-19,0.9754546653828023,-0.5178335069788158,-0.6672699506184101,0.7630392551613889,-0.4721077770174917,-0.5854353177221844,0.7456679729862329,0.5112629907685651,-0.26918196491916524,-0.5674184346249908
2011-09-20,0.9757850961954677,-0.5316356116368881,-0.673826006577766,0.7628819250936295,-0.4960994913015371,-0.5965274730027404,0.7460198293737211,0.5078660571747977,-0.27116436460845206,-0.5693201257629048
2011-09-21,0.9742556817572245,-0.4939446752165941,-0.6855330790607486,0.765770085193762,-0.4725762724677328,-0.5979461795974048,0.7538363722185748,0.45991724334859807,-0.2590257152919152,-0.5795933134337158
2011-09-22,0.9750016616127991,-0.42942970768415456,-0.6968527812259852,0.7722792296570713,-0.406139666841802,-0.6139888728779586,0.7623399047960914,0.37850846195709376,-0.17211140165152342,-0.60587701388189
2011-09-23,0.9755769583972987,-0.4142311335196466,-0.6926997647046236,0.7716572302871124,-0.39826956780423134,-0.6152118536071721,0.7649107150204801,0.4153343259366637,-0.16623347955559725,-0.5945146258955397
2011-09-26,0.9723810055301897,-0.4211035509145559,-0.6993766675209258,0.7735657640600873,-0.3996076419386498,-0.6169341852704426,0.7677540562802624,0.4231213814773519,-0.1732670247152693,-0.5983915439208779
2011-09-27,0.9721940870783632,-0.40260444956366864,-0.7016420218919925,0.7774612904321094,-0.3834257830587988,-0.6183813551147596,0.7696678068936517,0.3961410169769377,-0.14770442786739207,-0.6084618433472155
2011-09-28,0.9724791201733776,-0.37234629381464596,-0.693356442429143,0.7862407347194336,-0.36353223277432617,-0.6131704255932681,0.7725105810890948,0.3981195280426561,-0.12374318012207502,-0.5967216399675069
2011-09-29,0.9642282942888328,-0.3690137321839,-0.6907863494542668,0.7856659002353394,-0.3681945987362468,-0.613684025782656,0.7534893572367811,0.39874807921348926,-0.1142592902774702,-0.5872905179682835
2011-09-30,0.9647450116436127,-0.36824899593933774,-0.6962089019329664,0.7873612867053102,-0.367461065780178,-0.6211137267543189,0.7567523491143133,0.396330242689624,-0.11456879014602624,-0.5987222865871313
2011-10-03,0.9656888940879685,-0.3791591853779487,-0.7040992440264674,0.7917556075343788,-0.37850164241685885,-0.6312234064589006,0.7633253905757458,0.4060518800797067,-0.12308177775293498,-0.6029493478294475
2011-10-04,0.9660000486217245,-0.39003280250160627,-0.7072058649527289,0.7892844720407005,-0.3880295622020922,-0.6346309759324673,0.7618849433720966,0.4143639180592236,-0.12672876624226626,-0.6025240884519337
2011-10-05,0.9663245568197628,-0.3767091669674253,-0.709497422116815,0.798722012688802,-0.36903264623857784,-0.6378041063042044,0.7777975421784119,0.4066375070556048,-0.11690177297297014,-0.608317123004624
2011-10-06,0.9666242003200757,-0.37170789088429346,-0.7145172827278503,0.8006521158887663,-0.36506674320421806,-0.6430143618425003,0.7787053219090543,0.39604974157629674,-0.11079693691704615,-0.621539936918827
2011-10-07,0.9671512177246924,-0.36897059153649125,-0.7196676010406292,0.8006248431834779,-0.3620211079845797,-0.6526400837586502,0.7762267777071039,0.40381582286798995,-0.11125178898677693,-0.6414938271289414
2011-10-10,0.9690433737288839,-0.3241270624578068,-0.7247096299247499,0.8088970569280265,-0.3187836177386229,-0.6605331035754501,0.78380161717819,0.37451579887054287,-0.07591598101765513,-0.6501379147294718
2011-10-11,0.9687073096004715,-0.3229659448929929,-0.7317818972838677,0.8079731144279163,-0.3193279131189915,-0.6669548996908409,0.7819063608502612,0.38336324863387483,-0.07128843310838816,-0.6578690147198114
2011-10-12,0.9684963911021416,-0.3134127226750836,-0.7539356171731804,0.8044230364540842,-0.30963583274291306,-0.692973304997417,0.7788007843377778,0.3897946681021466,-0.06280843349930673,-0.6734910278595634
2011-10-13,0.967142033244981,-0.31371034539926057,-0.7568519593142568,0.8044540391016232,-0.3107361064876366,-0.6946637929331388,0.7769377676190763,0.39524014512002437,-0.06335780984630938,-0.6743861632171906
2011-10-14,0.9685190210333869,-0.3039251073299701,-0.7583789771608294,0.8044972160905457,-0.3026072511753308,-0.698254837942508,0.7780698630226235,0.38406445933144584,-0.05083581493387027,-0.6793808862663361
2011-10-17,0.9698490291565376,-0.29934597523572304,-0.7615919610239335,0.804869281527766,-0.3020237358155943,-0.7043904712666988,0.7783467923416271,0.3773488392357465,-0.050792427424914195,-0.6825263688883488
2011-10-18,0.9691967625383527,-0.300712994474191,-0.7687709598446106,0.8075889685233526,-0.3036731179059602,-0.7103071577815638,0.7795320923383071,0.3860493100042865,-0.053851490361049865,-0.6898133358182265
2011-10-19,0.9686781392319515,-0.29377764734775286,-0.7655844387754693,0.8084790505654872,-0.2917306937088745,-0.7037917249946121,0.7822053985225049,0.3864653308363678,-0.04398679764603909,-0.6833506983207859
2011-10-20,0.9671775031523575,-0.3001845068635413,-0.7728516260002157,0.806392369389011,-0.2953233345178997,-0.7110439198339026,0.7792297628672922,0.3900937317166228,-0.04797134790308051,-0.6882069562738369
2011-10-21,0.9670005566764028,-0.28910621754234156,-0.7751702161156522,0.8081682878958538,-0.28829217158974957,-0.7130571467175273,0.7806351603785487,0.3802260138941732,-0.041128929674401384,-0.6908435937173902
2011-10-24,0.9663650719284494,-0.2822900894302347,-0.7752944814689797,0.8015270288215051,-0.27790338044171836,-0.711716118623787,0.7823343235029686,0.3772719036881614,-0.023937102791833215,-0.6738419951265625
2011-10-25,0.9667619949082785,-0.29645145103795517,-0.7783084965659652,0.7884582841879696,-0.29327623405259035,-0.7160345229260294,0.7684727927160717,0.3968826322765277,-0.012866046294289212,-0.6545065091014826
2011-10-26,0.9638037730773079,-0.27518016388460814,-0.7722538601261904,0.774568475513616,-0.2767117554410749,-0.7003589005027415,0.7625425076750005,0.3648366169494531,-0.0036556122084891824,-0.6263012344157317
2011-10-27,0.9643445716612681,-0.2536772481758835,-0.782154508857394,0.7854221311328421,-0.260186450325278,-0.7095879586126702,0.7750727101506341,0.332592402441569,0.008787141667190948,-0.6398703995281894
2011-10-28,0.9613627781793848,-0.2757171405957579,-0.7672331021578787,0.7662522108771528,-0.2831814621631302,-0.6891076129573828,0.7541845884173363,0.35073573668614744,-0.0037259897221481315,-0.6153165203821586
2011-10-31,0.9617061430620096,-0.25713546842309937,-0.7919090592404198,0.7647246365745448,-0.2684916114577282,-0.7162382274494656,0.7563102740597676,0.33002843679305466,-0.000452197599906988,-0.6143806377797982
2011-11-01,0.9565731121167814,-0.18801395696579642,-0.8000403325735421,0.7236236921754696,-0.20312207640872995,-0.7171167581626031,0.7162858746929569,0.2930690983779285,0.09250788555878717,-0.5981890102599289
2011-11-02,0.9519832779264809,-0.205102291332362,-0.8352935499659225,0.7510198697020836,-0.22691376892334894,-0.7510201682768924,0.7461716211985232,0.2842605438173382,0.0960232309120641,-0.6003702928515494
2011-11-03,0.9481301480057672,-0.13031986716383917,-0.8329824132101592,0.7940356161910742,-0.1535555530575001,-0.7440070867378367,0.7857782918875678,0.23592433277815508,0.10363056385642613,-0.6181661419593785
2011-11-04,0.943787485567338,-0.08945109535353962,-0.8160850409125397,0.7774347365240316,-0.11406035455832006,-0.7165431570927543,0.768756788890789,0.19478534366465863,0.1474838110322586,-0.5852774715966016
2011-11-07,0.943835380752593,-0.08125944945665398,-0.8268179338979431,0.7785891195766118,-0.10420914620501928,-0.7284878854847777,0.7710671211376635,0.20365456110754437,0.15873232467028126,-0.582280878279183
2011-11-08,0.9442855220726328,-0.09681057882943615,-0.8267816748816416,0.7740640923187536,-0.11570629366612578,-0.7277763362769126,0.7695395713041024,0.21665383674061836,0.1466181826582775,-0.5782258462601798
2011-11-09,0.9477434293265994,-0.0730187543101438,-0.82636488920753,0.7637233980388043,-0.09149796997351935,-0.730973200822927,0.7598554946615006,0.19864713420838698,0.15767897348375035,-0.5783435024386293
2011-11-10,0.9465314932274526,-0.07499958148188851,-0.8315801006539485,0.7646254151339744,-0.09014265450154908,-0.724271734483658,0.7569815207351175,0.20033772016716148,0.15275100108965292,-0.5900186543979674
2011-11-11,0.9425188743831443,-0.021264601042802433,-0.8352275559148045,0.7369746603310073,-0.030088790477131408,-0.7285031333932495,0.7172190629127688,0.17678213631127002,0.2352513556715157,-0.5900311071462415
2011-11-14,0.941774389188332,-0.007432076868565386,-0.8375686480602351,0.7537594033867375,-0.014857757721610423,-0.730887267060244,0.737143376525546,0.16868738144149278,0.23249715372804255,-0.5981222622115346
2011-11-15,0.9411192038888854,-0.005799602699097731,-0.8381690094050593,0.7574724757964248,-0.015928502739786233,-0.7304812675194939,0.7411051397141964,0.17652276369144457,0.21944377112435232,-0.5981386898079345
2011-11-16,0.9405578294916278,0.06472661579760361,-0.8381671685028881,0.7269650934408486,0.07515301172227655,-0.7326723011569279,0.7117523228445345,0.14759234903878543,0.2491893566579829,-0.579296407942364
2011-11-17,0.9403703227648184,0.11272893042835802,-0.8414617703572549,0.7442373185177819,0.12373161135015312,-0.7369549803601162,0.7290192884882959,0.0838952471881503,0.2655260879397092,-0.613276425333377
2011-11-18,0.9382818082025093,0.11717043532741943,-0.8407535552985398,0.7442578664200207,0.12737218222131483,-0.7332145584618917,0.7326381386998446,0.08128373441233737,0.2639392737677616,-0.6092488726265731
2011-11-21,0.9416804410320764,0.12085438341889823,-0.848192488128445,0.7448098705941489,0.11524339999357716,-0.7540522372411758,0.7396098655785364,0.06225905284360725,0.2708520983347054,-0.612271968535025
2011-11-22,0.9377409108790538,0.1520402150986329,-0.8466668242485078,0.7380814269020921,0.1521201824936782,-0.7465467522159277,0.7342759763069988,0.05119729883117491,0.2975923768275461,-0.602181766374714
2011-11-23,0.9397016032267086,0.15135025707909366,-0.8513325553745963,0.742952158326425,0.14414423773460633,-0.7551625052800683,0.7376418096772454,0.02605203106853405,0.28805632907936757,-0.6174385565410052
2011-11-25,0.9388796650936644,0.15373636313497258,-0.8464469482890824,0.7433093133703713,0.14789336704868425,-0.7453231321079931,0.736960806007938,0.026709175690932018,0.2886121243845018,-0.6163746343110792
2011-11-28,0.9405687276134758,0.1833333955252835,-0.8329598989733962,0.7457302714376433,0.18391611260439286,-0.7252247712368176,0.7357776894161071,0.02104605357394689,0.30036747643528017,-0.6196100470635136
2011-11-29,0.9363324693345585,0.2393797042049597,-0.8253919729945614,0.7362501814744816,0.23614519660967404,-0.7075246861126021,0.7186481590756711,-0.041252919148428754,0.35432165717430114,-0.6094406799874243
2011-11-30,0.9420619539457754,0.27214277542827975,-0.8227275036592877,0.71383493206592,0.2673275714318209,-0.7137584124894404,0.6997378927008312,-0.06214005743664651,0.35312469205608943,-0.6068952495689673
2011-12-01,0.9388137887582753,0.3346855231229712,-0.8160924224201309,0.7032872753065141,0.3249866142923719,-0.7060177627381666,0.6865559559028267,-0.10619303860934795,0.4193277171618344,-0.5917524972006463
2011-12-02,0.939335338982554,0.3623195332771472,-0.8118567135155487,0.700455352367971,0.34186140817604815,-0.7040657210689376,0.6832426023215757,-0.12152409066765593,0.4431522184392582,-0.5802725959584664
2011-12-05,0.9377793616142768,0.3505386243548806,-0.8142098522291953,0.6917433746563024,0.3286659265330183,-0.7028064819965679,0.6737627655975306,-0.11523451685051161,0.4409074726435606,-0.5760241501247191
2011-12-06,0.9385947299272276,0.3621330468553307,-0.8112454799253942,0.6917996670671712,0.3489361345532615,-0.7004287591680753,0.6712580175180808,-0.12041473975379774,0.4650990760845107,-0.5752569049891497
2011-12-07,0.9386427660451586,0.3592346265736455,-0.8110474079477414,0.6891973568321574,0.3418047588982702,-0.6972285967578944,0.6691118387140771,-0.10807656007820053,0.4574295877371028,-0.573015392138105
2011-12-08,0.9388745229944919,0.3835180663152169,-0.8223643180235513,0.7143552376914406,0.3635487475472848,-0.7117760378979369,0.6937940223033658,-0.11844116983697779,0.4706273057214826,-0.5759046551629734
2011-12-09,0.9389617739140912,0.40479781416736504,-0.8217413670416105,0.7189871996045273,0.3830821913416384,-0.7125577468744944,0.6981911104225416,-0.1405337430929971,0.47951830216423774,-0.5831664078146206
2011-12-12,0.939512337371967,0.4148628452102256,-0.8267007890650147,0.7297286118286697,0.3876285287089056,-0.7206196208875674,0.7119007193408043,-0.159493419224953,0.5013592300832189,-0.5852814490818553
2011-12-13,0.9426578683300807,0.4150326324140259,-0.8278328647155893,0.7163677115230416,0.39762401364109995,-0.7304889649910303,0.7078635960300318,-0.15417891274099862,0.4641163442842191,-0.5629170502671466
2011-12-14,0.9427268447949069,0.42442850672437893,-0.8280189737716738,0.7019158559285673,0.41859909535569784,-0.7343897320933775,0.7035896473628658,-0.19049028441152255,0.5116871616969474,-0.5744943714937057
2011-12-15,0.944209183462134,0.4176004701289448,-0.8186946565719823,0.6946403465893565,0.4130027558007798,-0.7306459008834655,0.6983952654871362,-0.17534193299230297,0.5064407374611662,-0.564052753116335
2011-12-16,0.939965008085335,0.3834018893945477,-0.8011286535755994,0.6699436924748414,0.3841366849414396,-0.7018700047209504,0.6737658394768212,-0.10408283780137008,0.47172063359837796,-0.509035652868638
2011-12-19,0.9410490589458685,0.4453746116866941,-0.8086978922131745,0.671022261866429,0.4692012006622698,-0.7028388464900799,0.6779141308744923,-0.20196529216756287,0.5147161807507074,-0.5203479603884975
2011-12-20,0.9459552712297129,0.4881951273529074,-0.8133536560940099,0.686566873899069,0.49716734135852614,-0.7149730638631078,0.6914958996206026,-0.2445537268888121,0.5372650716805925,-0.5409694825497082
2011-12-21,0.9391814018565554,0.48395701925531365,-0.8073962199825548,0.6838546083609707,0.48832886966529704,-0.6894408985858742,0.6758785703449539,-0.22590304572327052,0.5237933821003304,-0.534478287635353
2011-12-22,0.9394143444715314,0.4583514621490059,-0.815918448156514,0.6724980492300977,0.4719523429289234,-0.6909698930263787,0.6716141263896078,-0.2367158508112564,0.4916114434791906,-0.5516399869549496
2011-12-23,0.9495169848961623,0.4565919611534615,-0.8211328539764954,0.6722816899407779,0.48461964953303227,-0.6911541139661143,0.6917529650646554,-0.24364151106492202,0.4862894433135765,-0.5628348986468993
2011-12-27,0.9469020146777313,0.4704898156484434,-0.8125302753655388,0.6521636762750288,0.49682170578640905,-0.6751804896867872,0.6748220756175982,-0.25718526461012425,0.5144258168318744,-0.5281387304184384
2011-12-28,0.9449427661182601,0.5460765085604823,-0.8040920142733804,0.6417510828206483,0.5617105205928864,-0.6622349665584983,0.6648958731551562,-0.34034782275292363,0.5842659137022469,-0.517607510943188
2011-12-29,0.9436585570524242,0.5878849884514279,-0.7982706446575659,0.6454022072334535,0.6040631803489183,-0.6551457440472861,0.6693895983077491,-0.37049430284540225,0.5966392012102868,-0.5199752046966782
2011-12-30,0.9440216742201832,0.5711629550263696,-0.7983003241111961,0.6388973523824029,0.589427638390098,-0.6565507225300687,0.6570803153820607,-0.3604816868213336,0.5745850622915271,-0.5182347214423869
2012-01-03,0.9434673545772623,0.5756722631580611,-0.7973741843284905,0.6350614752964511,0.5990696235083984,-0.6565984965778996,0.6592844536012825,-0.37490546049011864,0.602161857127756,-0.5138765301365993
2012-01-04,0.9428843625796962,0.5728489280247949,-0.8007746976730372,0.6357135291721068,0.5977178966355284,-0.6623406784418215,0.6592517742059085,-0.3844948522200779,0.6015591763402579,-0.5115727053583644
2012-01-05,0.937583251011167,0.5450256816945803,-0.8002103952283053,0.606350429014915,0.5723237681451088,-0.6564318246991143,0.6218076162134936,-0.3671461631780449,0.5628882106223548,-0.49206007820422787
2012-01-06,0.9374396669598931,0.5464213098359643,-0.800633675892297,0.6076969042957474,0.5764036253455761,-0.6524681098249492,0.6273353287945307,-0.37127915340842316,0.5610289723038487,-0.49549921778100064
2012-01-09,0.9367264871565428,0.5435499296208127,-0.8012719152169847,0.6107528993318501,0.5760493730990147,-0.6528699866998191,0.6302896571724482,-0.36445013228377604,0.5666261890067661,-0.5048308859039264
2012-01-10,0.9418136002563634,0.5454972694718246,-0.801868629227957,0.6110489507315069,0.583798171275992,-0.6635403991230402,0.6402542246310597,-0.36144373995658124,0.5633599179877169,-0.5016778505901801
2012-01-11,0.9406412613596223,0.5411387534161954,-0.7934665888128736,0.5997244013887642,0.5814285756524223,-0.6498255482254435,0.6242780410254704,-0.34588436563200664,0.5549115656306676,-0.49201698246744846
2012-01-12,0.9396812457286137,0.5423185542151592,-0.7880706556802946,0.5815173310471259,0.582136742056105,-0.6427582980801286,0.6026662701349049,-0.34430686009851097,0.5367551034868482,-0.47190722009639996
2012-01-13,0.9398574784731938,0.5577324194585047,-0.7896259428016678,0.5711805290308579,0.5909545414267277,-0.6408723212265026,0.5966919091327965,-0.3517224160060303,0.5472831294448343,-0.46611028934815907
2012-01-17,0.9393011997064858,0.5521420093722011,-0.794523682936502,0.5629464635233941,0.5861278107794502,-0.6479093518598074,0.5857445483356788,-0.35177377359974077,0.5421279675009892,-0.47160311606219485
2012-01-18,0.9423974902220026,0.5624940144003674,-0.7965891309966748,0.5606219288730476,0.5874590602593593,-0.6590436568371536,0.5810792091663446,-0.36977602742363486,0.5429520831626701,-0.46910143854119396
2012-01-19,0.9427700908175125,0.5548941937682397,-0.7907504451189786,0.5523716905363955,0.5811274223314895,-0.6547515683671763,0.5735799789358461,-0.35565050900387296,0.5387864688579423,-0.4523639621210005
2012-01-20,0.9438297945659119,0.5514138047216135,-0.7927489977353773,0.5369089064927774,0.5751180316471343,-0.6600011269482144,0.5476372933053844,-0.360609248149655,0.520025153046174,-0.4452984120895053
2012-01-23,0.9414797873819591,0.6296614048411814,-0.7805648622184465,0.555383771288662,0.6571816059537449,-0.6444669306893367,0.5701151941462365,-0.452775077762601,0.5217552733457601,-0.48183445326874524
2012-01-24,0.9461148178080399,0.6264796209331909,-0.7809030037691395,0.579253384092327,0.6633527541591376,-0.657398253112368,0.5756818685813851,-0.44286895790449776,0.5543702555504748,-0.5260438595889605
2012-01-25,0.943460323152741,0.6157285560463671,-0.7569134743842039,0.5485825616827537,0.6584554444072312,-0.6299357428353649,0.5502820722058305,-0.420314373285115,0.5349009409919878,-0.4868506217988553
2012-01-26,0.9435842505926058,0.6113421254341932,-0.759445430798504,0.5482959363747631,0.6552126644065,-0.6331155856185423,0.5511889466633967,-0.41264209922338346,0.5349231081739957,-0.48173622272238165
2012-01-27,0.9434433708927878,0.5984583002031727,-0.7463478244755436,0.5477903599488874,0.6469891077071827,-0.6262378219146657,0.5471326127480668,-0.3915846117750875,0.526219440424461,-0.4937358190033884
2012-01-30,0.9384580268512048,0.6251016042662627,-0.7190846997798392,0.5380937013535609,0.6688839768670717,-0.586537272006918,0.534383464124705,-0.42380965644273944,0.5328383369365539,-0.48658569767866044
2012-01-31,0.9406168534982267,0.6176057704088089,-0.7082490762386001,0.5319780379835762,0.6651452771594304,-0.5785701982839582,0.5305537040158587,-0.40136426596923447,0.5226307567123432,-0.48128770655436937
2012-02-01,0.9390586194158967,0.6066412554368987,-0.701349241789178,0.5082226011102708,0.6550239196651706,-0.5673986832473467,0.5072079119233618,-0.3836232011545209,0.5078961935596612,-0.44687032618975997
2012-02-02,0.938756936164855,0.6036624706793893,-0.7026455132806227,0.5105855052354282,0.6532854897890841,-0.5680456509191705,0.5078469757041457,-0.38320588865318944,0.5022931776915596,-0.44585928516329815
2012-02-03,0.9395602723336332,0.5670312209942919,-0.7132410826038666,0.5150031277024427,0.6172080482554573,-0.5831484484563121,0.5112538243264375,-0.3420680821105195,0.4569222173934351,-0.46918323531612477
2012-02-06,0.9389611935226043,0.5819950199197773,-0.7057388325341082,0.5112973531482076,0.63024793007708,-0.5755550248527309,0.5078338406843598,-0.35869110560907075,0.46546271328977984,-0.4673542827833957
2012-02-07,0.9291519426420932,0.5970252573560142,-0.680361173883588,0.5151981985308749,0.6420243697273984,-0.535892116765302,0.5068831409929414,-0.3655899308315377,0.47217172789288503,-0.47036583529906373
2012-02-08,0.9347338291856022,0.6020561437900135,-0.6779209297204762,0.509871671037049,0.6372681388071757,-0.5479925342538632,0.5170122098438689,-0.3809353176981076,0.4842623221853509,-0.4552065322086311
2012-02-09,0.9306232069351061,0.5890443045073931,-0.6751530223116421,0.5005614323589861,0.623338994124273,-0.54721260125192,0.5108945964043126,-0.37082049201258327,0.473371822945103,-0.45399107943421485
2012-02-10,0.9312596091029512,0.5903567425078444,-0.6729924803332608,0.4994805246726301,0.6237663065894803,-0.5485318538195165,0.5106764081545409,-0.37300153915851014,0.4737585244097356,-0.452949896221891
2012-02-13,0.933078071800935,0.5905800218019108,-0.6701968811330192,0.5022607085745029,0.6255438981571809,-0.5465358164697065,0.5095286995925422,-0.37225186965900425,0.47446272500311554,-0.4474647991124035
2012-02-14,0.9295119123335759,0.5851921565431893,-0.6660509421634104,0.5611784106914552,0.6204893448767651,-0.5370189395299922,0.5697035805440022,-0.36559352879716106,0.5055304185719178,-0.4772784905911742
2012-02-15,0.9284436958583908,0.5553224434925994,-0.6596757120823842,0.52988752038606,0.5801756196555119,-0.5286253178063043,0.5267008848228385,-0.35461927094120504,0.4749068750115135,-0.47000916720780245
2012-02-16,0.9318652175920974,0.5528740590521808,-0.6635499696302515,0.5280834331982397,0.5818285209405006,-0.5376265101427249,0.5192114938428886,-0.3524364512927019,0.48032193579670696,-0.47183158689218757
2012-02-17,0.9247928672966126,0.5207725493371356,-0.6678914747050138,0.529173586314977,0.5541030428730335,-0.5360565524746749,0.5115992598425653,-0.34529378828655566,0.47516312080765477,-0.467228272219013
2012-02-21,0.9278453263585419,0.5156533494107381,-0.656962311326998,0.5229598536975564,0.5433075851944008,-0.5384182154063979,0.5048501149210477,-0.3838064588170229,0.49268574565652484,-0.48967950872032345
2012-02-22,0.9209696344571437,0.5169913644869489,-0.6559098922779293,0.5030935206803211,0.5427397157645476,-0.5341902814995283,0.4834106558962844,-0.35765552611702983,0.48945154771485505,-0.47448348101382953
2012-02-23,0.9226905043368052,0.5143218372408237,-0.6768368186019019,0.5006188506026186,0.5361652783870597,-0.5692509000909721,0.4865086566237903,-0.3822752758954602,0.4843667187463281,-0.4775689127412814
2012-02-24,0.9128287907045493,0.4847123830598148,-0.715465729666909,0.4814804752970834,0.5073547854123099,-0.6140249992073726,0.4700198048633815,-0.39244399012439973,0.45943576273140213,-0.46741167880999357
2012-02-27,0.9203354389640904,0.4846460835909266,-0.7149126879348836,0.4790897363989738,0.5126014577137471,-0.6316177664231243,0.49124227350258703,-0.39489754632401464,0.4617361362615755,-0.4697862850760973
2012-02-28,0.8945601342291717,0.45297720150056486,-0.7335671030348206,0.5327681940773763,0.4888798023078668,-0.6224330827203569,0.5148702799600059,-0.3723445637246816,0.4488049737037124,-0.4647867606246877
2012-02-29,0.900043834127056,0.43357018397319574,-0.7251397702357554,0.5282466330552179,0.47363752122185976,-0.6076534338426721,0.5150715879318929,-0.28251045476062253,0.37597793902074633,-0.4691866713581991
2012-03-01,0.9003781740673781,0.43741714182231894,-0.7300640558706072,0.5351266194355978,0.4815440311608811,-0.6089482418089223,0.5297655874733176,-0.3006948521037947,0.3894410925300155,-0.5021884557228944
2012-03-02,0.8985278459567964,0.46621059953610033,-0.736406620239228,0.5452163122235053,0.5081408463734705,-0.6117082247870831,0.5334128385602444,-0.3061902941079361,0.385803354579019,-0.5128023140008471
2012-03-05,0.8970980431155317,0.4689188179495854,-0.728616732494444,0.5396608408914639,0.5114437554852832,-0.5942247435634826,0.5182595523305621,-0.2974052696157386,0.3849549586807646,-0.5180744929148846
2012-03-06,0.9010048888008022,0.4872687490434498,-0.737737522103498,0.5607896321470167,0.5286783613543728,-0.6040796017364312,0.5323389119138271,-0.31844505542621526,0.4069490234956683,-0.5294737897197614
2012-03-07,0.89459283577522,0.4615563890208307,-0.7425928408676938,0.5311450149758123,0.5078391490338551,-0.5940011732478637,0.5053339245423096,-0.3016869652461481,0.38448138433777185,-0.5172272259260229
2012-03-08,0.8916732608091998,0.4772308436366341,-0.7295185781482415,0.5152395630412349,0.5198091867003479,-0.5787922000435047,0.4904071465479954,-0.3139254633942757,0.3864002119839642,-0.5012104830176419
2012-03-09,0.8872917568665943,0.4391612194930739,-0.7235981008914619,0.5001779227428229,0.4939569921623678,-0.5658266757579352,0.47581246272186567,-0.2876774592580515,0.366733321312021,-0.48854920237240684
2012-03-12,0.882505826762912,0.4148000225768065,-0.7184473397392407,0.5483554553603552,0.4698740058888209,-0.556179842460174,0.5277794390195706,-0.2683514820048449,0.4195214259570708,-0.5153733675401152
2012-03-13,0.8846318960865298,0.29308741570207286,-0.7187554111218784,0.49577184111346506,0.3388376220361538,-0.5475874611659841,0.448982372076355,-0.14656790644204465,0.29861124783560067,-0.4567120296247141
2012-03-14,0.8893533319597874,0.300254853022036,-0.6639827889094209,0.5084407583259766,0.3299064040139132,-0.528486285171931,0.4375707219098268,-0.08314057672913663,0.30974576700234546,-0.4065858714401187
2012-03-15,0.8883432058705111,0.3122762994255405,-0.6664771122823919,0.5045049796279301,0.3281223934209042,-0.540768788172719,0.4370674485054915,-0.11298040806974717,0.3054552207404913,-0.41646090314074413
2012-03-16,0.8815984784565897,0.31377083432229325,-0.6530215471779952,0.5005180881311326,0.32823262266092973,-0.5237959983055506,0.42243444460520274,-0.10883289881556014,0.30198465933849616,-0.40393393790652765
2012-03-19,0.8506067800346276,0.2876176913580695,-0.6045437694908048,0.408597839722512,0.3025725798749704,-0.4597066115724044,0.3270644422074083,-0.07289081835225318,0.2755013979272776,-0.3385633737007119
2012-03-20,0.8968472212631374,0.295119442337409,-0.6169503437213716,0.42403546021915767,0.32428396161580325,-0.5551426743792138,0.39315580055586113,-0.07910809777397111,0.2906877798464041,-0.3301426867693394
2012-03-21,0.896350588540105,0.3092776600041112,-0.6372423669597874,0.41831184681019495,0.33455435542178186,-0.5683991355681253,0.38785464007323356,-0.07272182152311042,0.29421386151355283,-0.3209981366270892
2012-03-22,0.8940184402405494,0.31344233641667957,-0.6277852778732649,0.43093840250580906,0.3376678891706623,-0.5638431309740016,0.3939482701007791,-0.07383605944408989,0.29710826615035224,-0.32209205384807965
2012-03-23,0.889604935019106,0.3145502963117477,-0.6177139466363897,0.4381594729512882,0.32888652082412123,-0.569527338167247,0.3823899231434338,-0.04937145689730539,0.3261612319898308,-0.31318576699563805
2012-03-26,0.886947784331134,0.2823998077175816,-0.5796210250643475,0.3944599606952571,0.3046516227891038,-0.5286401547090084,0.33617947339271076,0.012316749908733764,0.2868852631016189,-0.27798584624612255
2012-03-27,0.8879917412518434,0.3057161644326388,-0.6012893182959147,0.399352336179922,0.3129403344161134,-0.5340840134349394,0.33712805554855996,0.004532478638967303,0.2890005655649691,-0.279495019961939
2012-03-28,0.8886372234356187,0.338839305968102,-0.5927448144450135,0.4045969646381829,0.34212209306397573,-0.5254039271946855,0.3434635237699384,-0.0008297267781873696,0.313100845581523,-0.2724404459725999
2012-03-29,0.8765254481312634,0.2833233066424134,-0.5740876745337229,0.3326500258389236,0.283501433866672,-0.5061490445869264,0.27353619463448947,0.050560513316942404,0.23321650349526227,-0.2355429114064638
2012-03-30,0.8658406790064962,0.2857931182591835,-0.5782753914268005,0.33148853290061203,0.2757740785893943,-0.47032605555738494,0.27309277539278404,0.04605317927748113,0.23135560662039723,-0.22553752709238903
2012-04-02,0.8711865568220813,0.2886871212812362,-0.56100149681405,0.3554234159294665,0.2745154204944228,-0.45109979920630294,0.31939352330235943,0.05120046039059795,0.25097970197617375,-0.20674179784725313
2012-04-03,0.8757600646325174,0.3043928599018048,-0.5079009688259007,0.36638595462877205,0.2821508527583993,-0.42906818300148736,0.32346213141286173,0.10110658682250463,0.2658619926301104,-0.18056709034146762
2012-04-04,0.891484152565894,0.3363118161539762,-0.5307402929057378,0.4010782634031721,0.3175888919153141,-0.46522380560009857,0.3664572882450578,0.06210674372875397,0.29296237463332925,-0.21515321097673268
2012-04-05,0.8856362794151846,0.31693964048127854,-0.5362717626045501,0.38859041198067384,0.312594839578809,-0.4548969679845813,0.36726702319527094,0.07184451423500239,0.29239599793414167,-0.2007266780064326
2012-04-09,0.8892242879425915,0.28787362074095035,-0.5782384442081722,0.3943701482867551,0.2933117934600643,-0.4894933431321999,0.37523280415793375,0.07926632001934503,0.2954805011711774,-0.19905057430607026
2012-04-10,0.9020916701207016,0.22639781396039113,-0.5870510192312854,0.4268952057053095,0.23513999956983894,-0.50539726114955,0.4098039234624126,0.09545528442444101,0.29627744472556167,-0.22229304969059868
2012-04-11,0.897922363600427,0.2168640073028523,-0.5889080925396445,0.4434606514510164,0.22867170344290272,-0.4998288103286539,0.4170712196327427,0.10594811917384853,0.29606711860964313,-0.24228236220747
2012-04-12,0.9015923796428879,0.23059512540145083,-0.5885930927611778,0.45248042831100166,0.23418278851500496,-0.5129750148041254,0.4154779200218559,0.09587274827109014,0.2959123739802571,-0.260677470480438
2012-04-13,0.9036617104523271,0.24306815311417085,-0.5984393827474943,0.46318671096029723,0.24973049096913677,-0.5280631452227061,0.42518259875895154,0.07948460353655815,0.30257654208740453,-0.27216048536269166
2012-04-16,0.8862493559719852,0.246546865390686,-0.5941672710423701,0.46814901597532843,0.25166248268374614,-0.5070654421317663,0.4178920811763848,0.07688212578056186,0.3016963562570405,-0.2832880129548096
2012-04-17,0.8990458389295937,0.23303561718040225,-0.5758459887827208,0.509459961732345,0.2397979280859831,-0.49894838341879616,0.4319046144771224,0.08621583157846707,0.32351645340974905,-0.3325890976381606
2012-04-18,0.9001438000581038,0.24250461003543114,-0.5850609051221934,0.5327422974543272,0.24561423277845304,-0.5038562593271017,0.4470104913128433,0.09062106783598416,0.3213712086368949,-0.32560100756129706
2012-04-19,0.9001856091485314,0.2369282610071958,-0.580832327115008,0.530688548820545,0.23458479798789605,-0.4943206949087555,0.44023489594323667,0.0924338358892198,0.31679007122008135,-0.32522621194879675
2012-04-20,0.8950181719942194,0.20814411977344607,-0.581947247701721,0.5261397779955465,0.1933578113877566,-0.49513100836639684,0.42465189610727433,0.10692878140580525,0.311203378540938,-0.3218909974347375
2012-04-23,0.8974617536273175,0.21779446822965348,-0.5801868199742314,0.536199994540353,0.20071581188952503,-0.49669338473733954,0.4350084593103159,0.0949894119315247,0.3125174569518239,-0.3329653503475617
2012-04-24,0.8861641946392974,0.2231880957945441,-0.5817083750465019,0.5367488426150752,0.19486355889765594,-0.48364101289073497,0.42951542008159665,0.08800364735198832,0.3184265117711503,-0.3339776147983438
2012-04-25,0.8874002897970453,0.2216909260553279,-0.5768697103931879,0.5324539449757691,0.19291320830029857,-0.47655600429527256,0.42129522313712997,0.09490841749462654,0.31676088000184743,-0.32844807416965116
2012-04-26,0.8875755591627367,0.2338970065671467,-0.5662487951264145,0.5316250088396638,0.19947809147157597,-0.47376718664309597,0.42240693939164337,0.08988573623487427,0.3252716993094519,-0.320219070982507
2012-04-27,0.8855802097050544,0.23279484640264567,-0.5572555541469021,0.5598063258472018,0.1996208386079006,-0.46494347574573774,0.4411319385239889,0.09522828973613594,0.3321257646189766,-0.34665104519021345
2012-04-30,0.8859361076321534,0.22826000178973427,-0.5557806730407582,0.5602678304363553,0.19074050307214804,-0.4618568788008228,0.44034953531009047,0.09629480104771114,0.3442012756813124,-0.3480943518419003
2012-05-01,0.8784356939865212,0.2890149900198029,-0.5280779963709934,0.5560403537308608,0.23957598814364423,-0.4341573677079425,0.42620273889175786,0.037816496265601664,0.3762310195301039,-0.334690211230828
2012-05-02,0.8744487855228776,0.29065942936698724,-0.5324801404963578,0.5584771222588087,0.23766968288485615,-0.42972374724578044,0.4218238440919597,0.03694340749145631,0.3776946078329933,-0.332432243037106
2012-05-03,0.8775739376775407,0.30086057628062196,-0.5283817195180306,0.5745905711963694,0.25318481140253796,-0.42647753727665133,0.45219690146450836,0.07158297586208306,0.37168350989291266,-0.2966426526999446
2012-05-04,0.8875456185450875,0.2779573384092464,-0.5343932640874003,0.6187438132032862,0.2239523777188304,-0.43492831392566217,0.5287844410413722,0.07684489589771516,0.32525708488758537,-0.31302967590800534
2012-05-07,0.8898802566952808,0.27825498339422106,-0.5359808804014004,0.6179066368343127,0.2269004654984282,-0.4291877945007292,0.5242670605707035,0.07486055610971329,0.32852583037496674,-0.3064370259276924
2012-05-08,0.8890641322663029,0.28336698013713724,-0.5278399173925881,0.6161297643519746,0.23033625697512686,-0.42191188744597374,0.5219517536681872,0.06805829400406474,0.3274142522009256,-0.3009098984683242
2012-05-09,0.8865015937097193,0.2883778616831394,-0.5310376113503265,0.6118804253949648,0.23090869672088593,-0.4264349841768576,0.5139495463231172,0.06684951711035386,0.33148685185560384,-0.3073095314589682
2012-05-10,0.8858869783312355,0.2890723316278766,-0.5314910388827772,0.6143462272622545,0.22989316887900432,-0.4277248155348673,0.5116211820773395,0.06600677894251444,0.3332658516157841,-0.312920939206946
2012-05-11,0.8840403440016041,0.3009637728538281,-0.5382108611849988,0.6291542402932481,0.24037638810480938,-0.4313096460854082,0.5255619435892219,0.05983565853428856,0.33199308294746444,-0.31795993265316735
2012-05-14,0.881419678269004,0.3237991503002412,-0.5455301655618364,0.644867935220184,0.2577929628795263,-0.4330876291267158,0.5382637600849506,0.03238697004307804,0.3475823643405365,-0.3364297373486162
2012-05-15,0.8851481984809882,0.3317863699798403,-0.5468377007600791,0.6470807216203154,0.26018225335730166,-0.43546932939754723,0.551071269236587,0.027367968767995292,0.3584822084543151,-0.33958361685009253
2012-05-16,0.88553103302212,0.3397295604471428,-0.5531397128234891,0.6616484560638249,0.2573518436895325,-0.4356575266321665,0.5574736366559928,0.0766218644507481,0.3178526929186582,-0.31462332132530996
2012-05-17,0.8923348639273195,0.2615787244696407,-0.5785810874615204,0.6386783142912763,0.17061437232085816,-0.46947559841372266,0.5305128108934432,0.1130217425466821,0.31130646900972136,-0.30952506829695625
2012-05-18,0.8933177354535198,0.2353693963070955,-0.5725571973874042,0.6448039203548548,0.1394036972597017,-0.4613110720054828,0.5361702971567532,0.11032185070953558,0.2834714139204743,-0.3080543172925984
2012-05-21,0.9013059843760111,0.23526331937449452,-0.5669973678236888,0.6710397718756229,0.14194073783546626,-0.45259346391787647,0.5714383983219414,0.11163706013528295,0.292525972978806,-0.329963504092414
2012-05-22,0.900318171889838,0.22656530627653293,-0.5725643964113709,0.6719047668154792,0.14189583700529057,-0.44995596749739725,0.5776139716219643,0.13842238903650794,0.3135362761796847,-0.2808901875860782
2012-05-23,0.9023143711366451,0.22112654833095197,-0.5674824294690084,0.6740840402205116,0.1254567112328045,-0.44257987573783825,0.5879909913935583,0.14652609614649476,0.32609065419838423,-0.29091087498424906
2012-05-24,0.895620538270744,0.2339469556135547,-0.5773686766453411,0.6802520273780764,0.11794527513325515,-0.44288166154391234,0.5832507555217828,0.10994677289795625,0.4474340260975818,-0.29049860994553833
2012-05-25,0.8941791164164038,0.2122120890840801,-0.5731981056989827,0.6786924523800628,0.0956934536187413,-0.4341751032990267,0.576878779147468,0.14986335770096176,0.417588247580315,-0.26537539757011175
2012-05-29,0.8978860030733705,0.18062163760175853,-0.5720893063250649,0.6792801168735475,0.07183700856673615,-0.4398840717666336,0.5872657294232521,0.1571235991800985,0.4185277100579364,-0.249047981734942
2012-05-30,0.8950557020613746,0.15142939208320041,-0.6114113662121256,0.7058133765741044,0.05689205269728763,-0.46910461554743654,0.6017225489579846,0.17781719630050838,0.3647600902027126,-0.3215405476145648
2012-05-31,0.8970206613004558,0.10638326595030403,-0.5983746877925179,0.6945165976785507,0.03094112979349426,-0.4618620645227646,0.5955803803486348,0.21581625600477142,0.33867473186755176,-0.3126905758642578
2012-06-01,0.9067358609519853,-0.10025221894829803,-0.63388784271937,0.7248849931502831,-0.13657266228680515,-0.505042454398413,0.6313214917997075,0.3297684354260226,0.11818676706139881,-0.36501611292858843
2012-06-04,0.9005654196589411,-0.12455299237898924,-0.6199743554143992,0.7163938351843415,-0.1582025233216383,-0.5005027867546576,0.6323844494873666,0.3561656909563333,0.10560503366607116,-0.36842710033869147
2012-06-05,0.8989828942641689,-0.1317374523586389,-0.6297915084556374,0.7133440900765498,-0.16507412721183162,-0.5030324048106392,0.6313099117784053,0.35114407373860473,0.09649971341175927,-0.3711368673176821
2012-06-06,0.906730581651283,-0.11850365112435213,-0.6612577143049693,0.7187337325950035,-0.15340339542723141,-0.5398151546102052,0.644174799631297,0.3329674642803007,0.09381842011695887,-0.3968740681620999
2012-06-07,0.899970655846862,-0.07139392809366761,-0.6384786650233358,0.7228860633640564,-0.10212037087917514,-0.5131627749293135,0.6470156438238358,0.2923047115046077,0.12647898529885104,-0.39098164532213153
2012-06-08,0.9030056489133669,-0.06953180308618036,-0.6813110560796368,0.7247064514090331,-0.08904872058782579,-0.5282852360307021,0.6537445702226039,0.23902334824323518,0.11838518791395783,-0.4416857555482129
2012-06-11,0.9066570181319821,-0.09197221523005555,-0.678968450158711,0.7354910166308284,-0.10533248370004482,-0.525032068942079,0.6691283795828377,0.24353323228155627,0.09601341297049282,-0.4325796022648818
2012-06-12,0.9092803328152498,-0.07373305929005339,-0.6877100869944571,0.7544265086874419,-0.0886994506324732,-0.5360988839283081,0.6920901977206407,0.2246350440555511,0.11417354846745259,-0.4612762752434839
2012-06-13,0.9094020328320529,-0.08028924951315179,-0.691058741473814,0.7537990684996163,-0.09563540574578588,-0.5330107886330676,0.6901678520719985,0.23939460133409962,0.10837327429245525,-0.45519058325219347
2012-06-14,0.9071707437330534,-0.0736519280739764,-0.688942931597897,0.7658344278786398,-0.0887794340217568,-0.5355848439498088,0.6983564684280528,0.24015337204002551,0.10295690837375825,-0.4561623568081665
2012-06-15,0.9096719439614633,-0.0710910761582082,-0.6771744645163185,0.7624318557249647,-0.08622224882483996,-0.5274441904752342,0.6927544573072316,0.2410341574750749,0.10258703822750335,-0.47158028961220105
2012-06-18,0.909662593717654,-0.07562252455821646,-0.6762168336327833,0.7575138747325121,-0.0852092291621626,-0.5181262494046918,0.682254289673317,0.2422515054267263,0.09848796469349454,-0.47314679744465044
2012-06-19,0.9122244308253509,-0.09248781106884389,-0.6931999862390352,0.764867078460341,-0.0933038349916922,-0.5315796481876811,0.6963343709695567,0.23695768860100927,0.06493955316959132,-0.5120436595218509
2012-06-20,0.9079851960392603,-0.14527588932865,-0.6910695843416315,0.7404237595051398,-0.15094329732821035,-0.5242380150067197,0.6641114257143407,0.2637117899190548,0.07735144797388266,-0.49886902848845077
2012-06-21,0.916598203867206,-0.04199645434015778,-0.6730775110173431,0.7599447319164242,-0.05170890915393088,-0.5202600252192716,0.6857979110185451,0.24259924628299093,0.15158122960506243,-0.49777929304022545
2012-06-22,0.9178587369917682,-0.04122712587881074,-0.6819164526066152,0.7608331468706553,-0.04672065774615778,-0.5334815524715992,0.6916682596703564,0.2200989116231994,0.1556322062329394,-0.5244529364241441
2012-06-25,0.921196307492674,-0.06121290624154289,-0.6932540536634081,0.7602840084419127,-0.06643384923833272,-0.5481568327628218,0.6897785689176684,0.2344741733607041,0.15064737799573594,-0.5200456451325893
2012-06-26,0.9242180576428647,-0.07295793875031743,-0.7023170498410529,0.7607643148392433,-0.07253007246329322,-0.5709061581709632,0.6906452177032625,0.2683562161729169,0.14507387567882582,-0.531985426039969
2012-06-27,0.9229413758647814,-0.07735549198020449,-0.7071702940221408,0.763658536668214,-0.08042089737920605,-0.5806724779464663,0.6869198821352624,0.26545190481097947,0.13529199730239921,-0.5490724696868887
2012-06-28,0.9214629697661948,-0.08485742127924902,-0.7458490380967985,0.7577032650844405,-0.06377907806695056,-0.5963861506203676,0.6921540523386635,0.21478291439501293,0.14907451084551676,-0.5742886106480285
2012-06-29,0.9284292485785824,0.00761562389341852,-0.7546103627877406,0.7693930482765974,0.02971509130459548,-0.6121669618288325,0.7218203312874963,0.16329208348422206,0.2895222867348497,-0.5766640388815912
2012-07-02,0.9310973607857501,0.007632999052102695,-0.745922978156667,0.7685169139478545,0.02312332619507044,-0.6116366112152066,0.7156350767242852,0.15607561712956947,0.2827625761736709,-0.5907014399595307
2012-07-03,0.9331010565744693,0.03578116206308011,-0.7472633664856588,0.7541079902759136,0.046640269988567844,-0.6244329591560486,0.7031806192089215,0.10675923950191354,0.3288119148236171,-0.6154054613080144
2012-07-05,0.9296961342714123,0.07491493735502017,-0.7421067566184391,0.7607386920531909,0.06867124567628961,-0.6141490298927695,0.702758048220082,0.0803787677361522,0.34378196709513864,-0.615172036618633
2012-07-06,0.9314554845608946,0.09147573849406906,-0.7438914729654996,0.7620179112265654,0.08576489966339547,-0.6219214110482547,0.7075977629333959,0.06485302868349441,0.3630970377210099,-0.6163247198047502
2012-07-09,0.9309406292716227,0.06994471136585494,-0.739861499068275,0.7509063871449042,0.06971847732239105,-0.6160931626059888,0.6956903450108237,0.0810619933575746,0.3567079852923484,-0.5894230142763125
2012-07-10,0.9299783858788921,0.06602837660067948,-0.728618306248669,0.7589421898552746,0.06380721969724683,-0.6020585207320365,0.7032913356015641,0.11030773247961981,0.36630687997731,-0.5944960774009609
2012-07-11,0.9336994979918113,0.06617495713891439,-0.729708903361997,0.7476199298513954,0.057712876252785934,-0.6106822197957528,0.688674047508595,0.10863245740823711,0.37408498821625435,-0.5854088687097718
2012-07-12,0.9308132320026308,0.06993012435034211,-0.7385828725630467,0.745816518592259,0.06237748396383655,-0.6210987958976419,0.6851733303561994,0.10634041210244796,0.37639059959531873,-0.5835005086902826
2012-07-13,0.9323390927519685,0.0945710668295359,-0.7335042959265303,0.7475976250170688,0.08247976832352616,-0.6219381573844764,0.6909167504438719,0.09761657816566882,0.38280056667406864,-0.5864993783767434
2012-07-16,0.9322405865483946,0.09579643290970974,-0.7372252944440448,0.743252587320485,0.08452168822042565,-0.6276700870791636,0.6895733374604763,0.09827349277814036,0.382022922411046,-0.57854312669203
2012-07-17,0.9332759871044449,0.09028265879132236,-0.7394368057718006,0.7455365130780203,0.08146295187526335,-0.6297285625102323,0.6955972262926966,0.10494133130372009,0.3773434519094477,-0.5811072003210255
2012-07-18,0.9324110280313986,0.08488241009781433,-0.7354043280002956,0.74776550670162,0.07456881182433682,-0.6224308237306381,0.6969141655547121,0.10807776008971894,0.3735529844068773,-0.5796855742343503
2012-07-19,0.9346210360346298,0.08480099832960136,-0.7364901021377538,0.7398673710080301,0.07956631316742746,-0.6379988128173578,0.7052874648076867,0.10993119090443648,0.37260555964018516,-0.5806410902991767
2012-07-20,0.9374164802464373,0.07609632016041988,-0.7380049600681736,0.7443706339275219,0.06834502389985928,-0.6454252124696201,0.7208129329376235,0.11732484786439916,0.3686322313553315,-0.5811307678652254
2012-07-23,0.9382766961754785,0.07045044292584601,-0.748355655769481,0.7493383708014655,0.06537773860845832,-0.6532933234906269,0.7254225761224793,0.10866164091159211,0.3679206795832308,-0.5829223870166479
2012-07-24,0.9391993595040299,0.06381938033499537,-0.7504532438557596,0.7395322526982435,0.05883205923914592,-0.6561585449517585,0.7191766235981653,0.11316052642813723,0.3686082685437861,-0.5759671584173884
2012-07-25,0.9368597668586671,0.06680830314785076,-0.7522290003331382,0.7414324854073232,0.05022791918356889,-0.658836944877799,0.7194025533141898,0.11410364728933794,0.3670207075662413,-0.5751810603059037
2012-07-26,0.9383887528503535,0.08802702856319142,-0.7580368922596232,0.732791827160151,0.06434658934511821,-0.6683955666547091,0.7190201639665167,0.09373638262724385,0.3748175009538511,-0.5714400946404228
2012-07-27,0.9441014044769961,0.09867400304779245,-0.7727553021531854,0.726466044546051,0.08007673215245927,-0.6970225749504604,0.7124668271051482,0.07456434591692518,0.37689046203972937,-0.5641575049148009
2012-07-30,0.9435943630996243,0.08843551080682682,-0.7764150364469141,0.7234433405546233,0.06833035453469206,-0.7020288928606752,0.708423472101083,0.07117322315564985,0.36589182255987285,-0.5745135680349953
2012-07-31,0.9384646718141157,0.10460879562048668,-0.7752007842908191,0.7127619027442591,0.08186931888564995,-0.7064380368363982,0.6840275246088671,0.06743200448110363,0.3914318804322394,-0.5678803778252753
2012-08-01,0.9383199091091327,0.1055981504064302,-0.7705925259788262,0.707860229603803,0.08489651989298508,-0.7000188702212814,0.6770695533951978,0.07565609707385096,0.3763269964667161,-0.572948386604212
2012-08-02,0.9372711873697034,0.10236939617213787,-0.7707640701493231,0.710460985763651,0.08045339348345104,-0.6999761013139137,0.6770803860186124,0.08575230613297619,0.3871064691474931,-0.5748439819945298
2012-08-03,0.9400604066714763,0.11761330741526911,-0.7870267894554227,0.7280225159982081,0.09722515366090789,-0.7143026168499262,0.6918629228291292,0.054457232999542256,0.39858585363859234,-0.6037642911044626
2012-08-06,0.9395329222095478,0.11803212312949349,-0.7874313855918504,0.7273211279628786,0.10178314228388816,-0.7161021751308192,0.6943501863606298,0.0550509353059321,0.4006267275571066,-0.6030960142559331
2012-08-07,0.9400636367178875,0.1138712626440216,-0.7823924924565797,0.7275888838673434,0.10080813908355768,-0.7186919546893584,0.6970800415547088,0.06504896455226596,0.3959587171652574,-0.6052664311236032
2012-08-08,0.939709106849913,0.08909238039726855,-0.7747194623990669,0.7239659132324022,0.08262476261534606,-0.711465142324044,0.6936537924980063,0.10022278035853117,0.3851975166966458,-0.5969960767266658
2012-08-09,0.9399419136952708,0.07829015863961734,-0.77420269123461,0.7229652228371547,0.0778792639171919,-0.7109792295641872,0.6929957699664925,0.10744182232860026,0.38209529450267743,-0.5960600930412538
2012-08-10,0.9398041152621704,0.0764353917225984,-0.7721808431276591,0.7223163307290217,0.07532609280420016,-0.7100940023133765,0.6926896924641793,0.10874101613507856,0.38118134220734134,-0.5952249706872739
2012-08-13,0.9369608384141727,0.1414809972500238,-0.760205330990008,0.7373944469374919,0.14922568155703964,-0.6928583063895758,0.7125309809916069,0.05037773345568225,0.397649313711901,-0.6104870113280559
2012-08-14,0.9361852000941775,0.1641105884557618,-0.7491232146087122,0.7324736096452129,0.17750782685483182,-0.6864780164795249,0.7073919257949096,0.06426881219640065,0.41508080961972194,-0.6104623944010282
2012-08-15,0.9361510125490753,0.16578220818294104,-0.7449175091590535,0.727099001818898,0.1835303432835018,-0.6981696809400091,0.7068330269512797,0.055277619145180895,0.4184806514103043,-0.6087515421264806
2012-08-16,0.936588747870186,0.1769223219302522,-0.7542670246785154,0.7342434627493589,0.18928038054946716,-0.7148025144034199,0.7096496964055917,0.012928179389615005,0.4078025635198133,-0.639797329721945
2012-08-17,0.9361924825275866,0.17666109015113082,-0.7550369572667109,0.7341632395051002,0.1898660305976322,-0.7142449390895657,0.7122566783703187,0.018093006093214015,0.40545258408117507,-0.6304631506518058
2012-08-20,0.941116366717251,0.1762084797571881,-0.7556293528447363,0.7342724252083108,0.18804062784717465,-0.7228430835022578,0.7178158788334401,0.017868094043952874,0.4049927016749056,-0.630462251272184
2012-08-21,0.941486618686788,0.17489257330915764,-0.7557343244620058,0.7324292653042289,0.18268189948994326,-0.7235621266136406,0.7149118947809292,0.020110715449029003,0.4077844786196107,-0.62817006149502
2012-08-22,0.9397357486971041,0.19915861205760152,-0.741996621527725,0.739651357850147,0.20965074253783733,-0.7005802424481005,0.7216198800725708,0.04206141006192345,0.41324143958649706,-0.6060179826005516
2012-08-23,0.9432524329183228,0.20283862678122397,-0.7296219900390757,0.7293527257929486,0.20549155353701234,-0.7077423062028497,0.7213195242054886,0.026913827478423535,0.4279851255442136,-0.5797175149426943
2012-08-24,0.943451638889528,0.20040443369367816,-0.7319831243093204,0.7257162214292392,0.20261633778486443,-0.7073300631897997,0.7173226571603015,0.034218130856476014,0.4264679453968704,-0.5750040037956097
2012-08-27,0.9359641581560931,0.4792112546822471,-0.6928374567176014,0.7057869852046175,0.45908068777276195,-0.6667424860657385,0.6959588242758338,-0.17826679950078533,0.6571810865506438,-0.5397416669010121
2012-08-28,0.9407747730450507,0.4775352339995385,-0.7017875641825783,0.7074586174010488,0.4612344841377863,-0.665077825142909,0.6940587544589115,-0.18119341345923795,0.6598276934491814,-0.5364020468554882
2012-08-29,0.9421764051495858,0.4799711043999069,-0.6993124688125689,0.7094861846915473,0.46193505669762336,-0.6706158723606501,0.6939760437295205,-0.18165037054332875,0.662791108232901,-0.5415047926267381
2012-08-30,0.9391790745825843,0.5001400368553917,-0.6710838065168795,0.7219883311158392,0.4744589789497302,-0.6456578415932275,0.6987158667955455,-0.19117119765400048,0.6642160569517772,-0.5496761681006577
2012-08-31,0.9410335206429556,0.5057241428600202,-0.6421084405061029,0.7253487418709007,0.4683876225898372,-0.6146290029063562,0.6985063123395898,-0.10302317638857084,0.6585518118275852,-0.5119711074220228
2012-09-04,0.9404673593115143,0.5071063638869713,-0.6433117950276805,0.7285225373925031,0.4696301092907579,-0.6157455273932483,0.7017866482501359,-0.10312215881724367,0.6556754187984759,-0.5083771173231569
2012-09-05,0.9377944023602408,0.5298430786006213,-0.6401013612707497,0.7143069735618753,0.49585270707953294,-0.6136841666737718,0.6836970069514411,-0.10381859177989258,0.6875389454870134,-0.5062574986221503
2012-09-06,0.9409978999197909,0.5137468314348725,-0.6586785608266138,0.6557061086823454,0.48315408613248306,-0.6325948895985051,0.6323891187295247,-0.09851684192292721,0.6782202423755563,-0.45637336041573856
2012-09-07,0.937253421286309,0.5102866564194567,-0.6533073613898703,0.6524627817951391,0.4566413380859054,-0.6214864180873187,0.6205931158520138,-0.12404833876275112,0.6822090690279407,-0.454621628474598
2012-09-10,0.9412610042261234,0.5157434065273615,-0.6570372608761366,0.6451608384344358,0.4667378197556888,-0.6174345717873891,0.6150952057200414,-0.12705416816109663,0.6800949561493803,-0.456088513346052
2012-09-11,0.9382297307933515,0.5217570085439439,-0.6769884669429449,0.6565517759999857,0.46981781822666807,-0.6310644529403342,0.6240040142411383,-0.1300213776320979,0.6807199013391694,-0.4559535161730487
2012-09-12,0.9419867685023043,0.5211202586070977,-0.6746075427331413,0.6581466392277281,0.47255605918478594,-0.6385556015124244,0.6366658125633351,-0.12515979455653986,0.6824720452650739,-0.4385478711694269
2012-09-13,0.9416930104936336,0.5637473053046267,-0.6635788394065667,0.6557141392508727,0.5060760779396903,-0.6321659412488769,0.6368084442907627,-0.15501181702809563,0.6841796176204697,-0.43797205985884846
2012-09-14,0.9414442544781537,0.5634733313445953,-0.6295579973873855,0.6705372003853413,0.5087985837099634,-0.6193796910069568,0.6605285046282352,-0.141591794317881,0.6802997383077061,-0.41533094406392845
2012-09-17,0.9317470421081198,0.4958794062519372,-0.6448411554452192,0.6391219008977713,0.43117427535623226,-0.6208593501851689,0.6164201120302693,-0.14077785171341356,0.6611647492663051,-0.4324044693539918
2012-09-18,0.9308587753865164,0.4894352143867883,-0.641479831645293,0.6356125397242003,0.42762650880339015,-0.6129006601015194,0.6102883528652485,-0.12878212588036653,0.6541223499588821,-0.4218515502986736
2012-09-19,0.9244070108179631,0.5381285021772981,-0.6174309050319405,0.6163181166350656,0.4733516854176673,-0.5850662775187826,0.5856645343370652,-0.15317504779103927,0.6440208627770833,-0.4247117778501894
2012-09-20,0.9241882300556552,0.5529458118923298,-0.616839397698853,0.6148258218871031,0.48905167844430014,-0.5846730456823073,0.5833688516295409,-0.16423791962626522,0.643449014161811,-0.42193036765550196
2012-09-21,0.9255498201305056,0.5573875726847026,-0.6261044776460649,0.6123939648118046,0.4899457042688887,-0.5881002427783855,0.5818360594068689,-0.16361707927498406,0.6453307792161174,-0.4258154012434708
2012-09-24,0.9291222035469389,0.5571820535772304,-0.6260886328016748,0.6116568061555655,0.47590504862924854,-0.596348451990022,0.5724115071582038,-0.1699331970705593,0.6361131826891785,-0.4316072426170972
2012-09-25,0.9195317405013393,0.475279389679986,-0.6225510777486195,0.5247556103074265,0.3727848169798551,-0.59306235443294,0.4649927162531183,-0.11270463813559575,0.5514274550778989,-0.4044141761476117
2012-09-26,0.9205819695507679,0.4849232502070735,-0.6425579972453348,0.5378808258452379,0.3850676956079159,-0.6137280531038117,0.47844097219123854,-0.125694156264599,0.5565996757153485,-0.4043017539581144
2012-09-27,0.9212885993017362,0.4932743595870355,-0.6434885901005046,0.5535574216892,0.39847100349374487,-0.614347513762464,0.49251367647365574,-0.12333723013460078,0.5415479609223645,-0.40307659366304394
2012-09-28,0.925409809303028,0.4895990856759891,-0.6386989991855475,0.5482972777811065,0.41232487213316155,-0.6111377358513522,0.4908275834838112,-0.10967606609892906,0.5371031286844945,-0.39913155249884746
2012-10-01,0.9203805145364106,0.46509518045182674,-0.6265554075799235,0.5260001125371058,0.38034983324022215,-0.601695796268981,0.46060613118645616,-0.07652493287802821,0.5024197375293781,-0.37641071387143105
2012-10-02,0.919837366451702,0.4652116478035335,-0.6269327030170952,0.5378261727054954,0.37889083527673206,-0.6017717004532446,0.4700964377022054,-0.07695763108778125,0.5090656009342979,-0.40280645827254924
2012-10-03,0.9173279999044639,0.4394382487320533,-0.6297051430267177,0.46791623543425737,0.35032594487654256,-0.602005287124648,0.39361859259696286,-0.0697915842039443,0.45462775526572224,-0.38041997547181855
2012-10-04,0.9181373107811386,0.44720131810041386,-0.6345938184372395,0.48896806039685,0.36121569179889124,-0.5981188591679483,0.4148529072982434,-0.08641134669010617,0.4556185799167428,-0.4249803505107595
2012-10-05,0.9149670925943895,0.4408264239944418,-0.613931865440513,0.48683598565556924,0.36280415903189767,-0.5576711824203922,0.4238514643553296,-0.04881607917159878,0.4658210380590145,-0.386063097135633
2012-10-08,0.9107267597188385,0.4252039748775676,-0.6365297240590139,0.47771181060425616,0.352334202364668,-0.5750553298816546,0.4112651295380384,-0.05821977883154437,0.4576530694329313,-0.3867384332140555
2012-10-09,0.9138679064311444,0.44142984282876885,-0.6176374205992498,0.41969829476908793,0.37412412094836917,-0.5490998710527051,0.3378841349287448,-0.05381808625927187,0.4140752328045413,-0.3917239278803877
2012-10-10,0.9142967583014441,0.462547212147994,-0.6192473491399701,0.4224177537211075,0.3879086669274221,-0.5511823100085952,0.34037366157923477,-0.07237696803666789,0.42707883271312663,-0.3939158831270122
2012-10-11,0.9132758962660814,0.47799421501746026,-0.6229352196056015,0.4152171416396331,0.4115390564974285,-0.5673796279174484,0.32534126176870387,-0.0687510342912888,0.4352408390240223,-0.3805807640937415
2012-10-12,0.9186234612424479,0.48266154106709497,-0.6235097327475471,0.42085325777988336,0.4125563540948511,-0.5703669601502087,0.30158808763337513,-0.07500902600107147,0.44861633652465804,-0.3852639397152907
2012-10-15,0.9162910349865652,0.44692191290810146,-0.606967231522877,0.40737870755336897,0.38947182313387085,-0.5517699961971453,0.2864751234277053,-0.07037196034215319,0.4409768112412925,-0.3748451337049886
2012-10-16,0.9147665636008833,0.44368022225576037,-0.6158724127676501,0.36881477048351163,0.38615554818587533,-0.5641631281244219,0.24171061154910187,-0.0758572575354252,0.4324834888359056,-0.36305876533402703
2012-10-17,0.9094028448264894,0.4557343814162855,-0.6087154787538905,0.3812778709115057,0.3948931011492233,-0.5477650911203084,0.2497595845561869,-0.07756756739221253,0.4320763122534146,-0.36696339031820074
2012-10-18,0.9080161573238947,0.4778383886426977,-0.5995055455393387,0.3813612180731515,0.4487842475854552,-0.5182929379392283,0.250200843516025,-0.08480827305923039,0.4392179056948584,-0.36660582889509913
2012-10-19,0.9188434656457493,0.5050618612589386,-0.619706603817617,0.4172723702548686,0.4785179665130449,-0.5408327201309419,0.29221043465286833,-0.11611419134963061,0.45883119100404146,-0.38820112489899
2012-10-22,0.9048083522566692,0.511094821866361,-0.5824701262078295,0.4190640853476842,0.48700195816378794,-0.5008039509335428,0.27711950597067525,-0.10513749490477964,0.4480977965273312,-0.37287210181435426
2012-10-23,0.9014460419101998,0.5439029638852698,-0.6101506241467969,0.45539962800693506,0.5042066387081443,-0.5186028837268826,0.3014178773053086,-0.15016342991349926,0.4776189312376277,-0.40144664200327246
2012-10-24,0.9103024149073556,0.5382577892722056,-0.5960700088502013,0.443821900261383,0.5090474275325123,-0.5058054287286202,0.3084028206832818,-0.1347107140950342,0.47022936690769496,-0.38525875119981245
2012-10-25,0.9092829187947065,0.5430080289977222,-0.5999692067599052,0.4521864665551099,0.5055642929426264,-0.5090631576562058,0.31709874804765276,-0.152301911314431,0.5043705248872482,-0.38316381905874625
2012-10-26,0.9099812020746326,0.5339735354775009,-0.5853252363663383,0.44055987620006154,0.5009925716276602,-0.48428514202622425,0.31238082242582255,-0.14448480025846722,0.4943776883759714,-0.3643920800656791
2012-10-31,0.8989500473205747,0.5216041759951913,-0.5538793488338812,0.3486358439394272,0.4735644119081471,-0.45480657684581716,0.22669325560960582,-0.10887036037789337,0.47934923006110874,-0.3094269018905041
2012-11-01,0.906958024393891,0.48544555603726125,-0.5622519345449082,0.35688825509479133,0.43204065082862125,-0.47060765015727635,0.23047018173378775,-0.09753322710507467,0.46266636032779396,-0.31918393130745243
2012-11-02,0.9092095242078159,0.5171158145220525,-0.5455519110166123,0.37150927284339574,0.4640315528818613,-0.4506482083618268,0.24007034570755162,-0.09397484721392191,0.497608724642595,-0.2959996461401288
2012-11-05,0.907448050882627,0.5179326275999199,-0.5399844418312396,0.37306088512441377,0.466462084929446,-0.43816639171568944,0.24736464359014643,-0.08837900018778289,0.49963864218686743,-0.28645554466823026
2012-11-06,0.9020247823822966,0.534074080536539,-0.5492067488655014,0.3957530971744587,0.4551554329678298,-0.43864545635186614,0.24608928324625406,-0.12180045188634389,0.5368355182830514,-0.30903553661724115
2012-11-07,0.9136766698724279,0.4822447791991657,-0.593323135152552,0.4786248028580164,0.425274779063086,-0.48946224382232595,0.33319216949075564,-0.1176079475069435,0.5059420480762709,-0.3670136766866825
2012-11-08,0.919052418028549,0.4437437032520448,-0.6113878194275723,0.45905601730890616,0.39472529918439403,-0.5118504501079905,0.3184355563637521,-0.0928762565467221,0.5072732235696796,-0.35239662708042513
2012-11-09,0.9178186568472169,0.44603557086949935,-0.6211974560206506,0.4586805991094475,0.3951655457781289,-0.5152947939105942,0.3238496202310335,-0.11695941176835854,0.5109965885456257,-0.34148256726884735
2012-11-12,0.9180054763901464,0.44381436396341195,-0.6293162079927584,0.45768118434746163,0.39303445942929593,-0.5164198842373154,0.3210623100692454,-0.11369955937258434,0.5106327962719388,-0.33427993398257433
2012-11-13,0.9170419978562133,0.44031086724666696,-0.6230695978619913,0.4512530476720971,0.38907638438526193,-0.5057815925059477,0.31067748667821815,-0.10638175347039806,0.5076235759175001,-0.32626904827972353
2012-11-14,0.9180739963423699,0.4318175898630511,-0.6101694549391498,0.4106378872545806,0.38800868692228296,-0.5078527898829308,0.28246150284846516,-0.10653237781456723,0.5059873976501824,-0.3326422672800171
2012-11-15,0.9184699477348645,0.43074365295513084,-0.6093196820567313,0.4111292583810619,0.3872978307889023,-0.5076660940151239,0.28413545394448714,-0.10200335450650343,0.5089445644151607,-0.329651513962128
2012-11-16,0.9189851246145071,0.4364423443638511,-0.6075548940266603,0.421283748644002,0.39245930460905093,-0.5066926971695208,0.2940478833066424,-0.11052522565597744,0.4989099186065224,-0.3333343033053997
2012-11-19,0.9299542570795187,0.4683065896940629,-0.6190143665459051,0.4548531863842048,0.41850836850704615,-0.5373637205149953,0.3341913718237686,-0.16716617676925455,0.5132737409739967,-0.3688826232938491
2012-11-20,0.9295626125505502,0.49175603454958605,-0.6120712906481902,0.441622624242482,0.4344803610764807,-0.5316928122738717,0.32116177972021903,-0.165524343219529,0.5316212242665438,-0.3329313901760014
2012-11-21,0.9289011313478308,0.4944370394477088,-0.6138343561172422,0.4452304705075349,0.4366685252800699,-0.5328384499016606,0.3246699087051152,-0.1656077332654263,0.5311963797602725,-0.3329513805850598
2012-11-23,0.9327445064081247,0.5162205890776177,-0.6040723051588536,0.44693596095372706,0.46274049532323147,-0.5282783022805081,0.32992493102793624,-0.1600898300752401,0.5336798957868559,-0.33418664567510786
2012-11-26,0.9278291720658566,0.5171142293531669,-0.6045629897561087,0.4488033290303702,0.45927718366421544,-0.5215348736836851,0.327730345524022,-0.1624063575377907,0.5339120253841965,-0.33717396155806784
2012-11-27,0.9269521981998686,0.5254819463375539,-0.6067559083180166,0.4523729939360485,0.4647825262722364,-0.5228056153968873,0.3304070962064352,-0.17535370814242582,0.5310889663429242,-0.345174705088551
2012-11-28,0.9270520105909326,0.4830332861492817,-0.6013006143932809,0.4457223785351108,0.425254138786771,-0.5173062517836409,0.3245369674850422,-0.16582879985486007,0.5255370332224684,-0.3442178008669642
2012-11-29,0.927124038620652,0.4913359226234475,-0.6306235842101845,0.44485008947834714,0.4224474111549777,-0.5498779167574799,0.3213163132731156,-0.2607252640930153,0.5124088159792216,-0.3864362773170707
2012-11-30,0.9270626293923678,0.488612431812528,-0.630541163512789,0.44218000369573557,0.42161563188717704,-0.548982928927067,0.31807721614278106,-0.25432195705743366,0.4965086179484699,-0.3896481387908844
2012-12-03,0.9253468261009696,0.48631513920361924,-0.6324081457604039,0.4394212012859505,0.42138640098923485,-0.5508660950475247,0.3178038313702182,-0.25617653711837285,0.49724214809637274,-0.3884763320271557
2012-12-04,0.9169063723508789,0.49213006987607066,-0.6005704667839706,0.48840894145810715,0.4184632824579418,-0.5114059975460121,0.3551301081626794,-0.2609022271543817,0.5013725798260558,-0.42066673512175706
2012-12-05,0.9046471185428943,0.499234264587142,-0.5984079380029229,0.4829205730984113,0.44888463243336396,-0.5064784830997258,0.36112574565425615,-0.25051912123651043,0.4834816952964382,-0.4145194619827096
2012-12-06,0.905391538261473,0.4952488141290177,-0.5950003131457724,0.47387398906727246,0.44079270523054753,-0.5021587882973888,0.35024293848604693,-0.24660293186656138,0.47766367509069246,-0.4154251006384067
2012-12-07,0.8994053881701793,0.49554320801639123,-0.5943362999268222,0.47052454719631365,0.4346476176271446,-0.4881995234857486,0.35221877446931443,-0.24921378993817775,0.47242245749161405,-0.4043411374688554
2012-12-10,0.8982797687615911,0.49539429010303054,-0.5936796085783332,0.47095012264018987,0.4370272589665906,-0.4829498871172299,0.3511141931802401,-0.24720047701697212,0.4698781446817511,-0.4123274446035803
2012-12-11,0.8945979800094573,0.4402784729100004,-0.6043705968955888,0.45948916390200606,0.3888425768212163,-0.4917802343962162,0.3368659135333661,-0.23553677167417375,0.4594613362205581,-0.40926583542982187
2012-12-12,0.8942869183949775,0.4374769785745086,-0.6212442821544468,0.45450410335599384,0.3837877217531279,-0.46901666390316715,0.3254562668922933,-0.2306975716122773,0.4565084083890718,-0.4213117292536624
2012-12-13,0.8980201553244582,0.44299832146251905,-0.6204750564606616,0.4551113671670431,0.39934338414865117,-0.4805009583784847,0.34005974479131085,-0.2071297514937365,0.440004073005231,-0.3954845220176685
2012-12-14,0.8977905196384122,0.44987033308702323,-0.6233114219899458,0.4486338154701152,0.3987414673545665,-0.4919052387805246,0.32894579224840254,-0.22316397916156488,0.4473373100088213,-0.3818181656844976
2012-12-17,0.9023235738017813,0.44972520935816923,-0.6479683319752955,0.4821707376940319,0.39989480100791297,-0.525210388642197,0.3684381290680279,-0.23122253343445162,0.48046070823306775,-0.3726318363929923
2012-12-18,0.9060455212579747,0.37935854689451304,-0.6600046491935191,0.4854086538241377,0.3225479570162291,-0.5427917413232455,0.37304917850352487,-0.1772256812487597,0.45467454018826653,-0.38274248686823376
2012-12-19,0.9040961499822642,0.38087603089954253,-0.6608327932169182,0.46010139887779317,0.3230178203333047,-0.5444612204518345,0.36264850468418514,-0.18023570376112708,0.44744013904325036,-0.37103692470925215
2012-12-20,0.901559200777077,0.35079846955706645,-0.659988083295158,0.4598901144567824,0.3103893465911499,-0.5414297643669468,0.3589270524066309,-0.16934062298278718,0.42970450542796834,-0.36342548021583837
2012-12-21,0.9001652040565121,0.33581986232378574,-0.6591143357682445,0.4611091926942371,0.298093585352699,-0.5381107173597911,0.35897147284835285,-0.1504819366714067,0.4188765696891472,-0.36545138791362297
2012-12-24,0.8987573893856694,0.32697950018062477,-0.6531975938136502,0.45659887636700086,0.29077805013754143,-0.5304259837850003,0.35272271181107123,-0.13906602799159973,0.41202703537330637,-0.35412113475846746
2012-12-26,0.8962328913068544,0.29338246511729066,-0.6488219044499262,0.40711866403104985,0.24249729620623273,-0.5239955443759245,0.2859560128055199,-0.10805877027960048,0.37341075073231267,-0.312849394395236
2012-12-27,0.8956656443904752,0.290204991731497,-0.649751355951037,0.4076432788823566,0.23993303321224227,-0.5250530365257867,0.28694902506772707,-0.10345808704641012,0.3735633500125571,-0.31140042870721324
2012-12-28,0.8977668482908241,0.2921220481884381,-0.6590515514697523,0.4058755013810215,0.24499352176923034,-0.5312510074570875,0.28922002853583173,-0.11252368556831704,0.3732490122589363,-0.3162983348105753
2012-12-31,0.90628518283731,0.32849927384382843,-0.6854878925965251,0.41467302326023914,0.2860260578470887,-0.5694453345413945,0.3048607719015936,-0.15945277602102717,0.38231564082111236,-0.32867742866763067
2013-01-02,0.9200224558642102,0.3545932804353082,-0.7011316007246242,0.47792314014538556,0.31526163797728685,-0.5970133625854478,0.37977782689817896,-0.18570785486356292,0.44018958112008205,-0.3623163555969683
2013-01-03,0.9210675936532386,0.34480738222314,-0.6744745011031001,0.47465266099952896,0.31684724902178096,-0.5732449684003502,0.3894908266406288,-0.11381889437183672,0.4159607067788309,-0.30840908576580645
2013-01-04,0.9179822189547557,0.3403779411326874,-0.680811454991511,0.48279533297142824,0.31494574475713266,-0.5988904911944704,0.3837190437733008,-0.13714945432544334,0.4056755777837758,-0.3507904891942258
2013-01-07,0.9175744747465957,0.34133586385144543,-0.680877027860868,0.4808255495109893,0.31078842603436824,-0.5927981734492964,0.3818583914778297,-0.1338911622083692,0.40222928466574215,-0.3485907023428293
2013-01-08,0.9157273104551977,0.3216080296877753,-0.6929817861558389,0.5505655155961189,0.2932805843203298,-0.6079448952821858,0.4634992069636871,-0.11755451422013012,0.44378949835811643,-0.3528076095384279
2013-01-09,0.9159236197308958,0.3238117175591547,-0.6891198058754624,0.5445343100626815,0.294247767362649,-0.605596902560122,0.4585269602281889,-0.11886475549569596,0.4460053861551029,-0.344526272518273
2013-01-10,0.9167369187001869,0.33763575444546695,-0.6936376098132733,0.553822089864675,0.3057003457053523,-0.6062228692893221,0.47234396909083853,-0.13292070256486468,0.4488287521381307,-0.3687064017074928
2013-01-11,0.9175847255401559,0.333270090093771,-0.6860064462353332,0.5517359524119808,0.30441796930441706,-0.5971586170588116,0.472658201542404,-0.13925348142594793,0.444372324601965,-0.3667431398930648
2013-01-14,0.9164081032196929,0.3583122997318987,-0.6864771330915758,0.5532507814682038,0.3200384963269563,-0.5936915350048644,0.4690184829465419,-0.14816647401109173,0.45292951201206244,-0.36829634363331126
2013-01-15,0.9124736717613503,0.3438800557481832,-0.6749404609686197,0.5514596026854337,0.2938491258268608,-0.5794812169825735,0.4727145294057137,-0.11247601746930973,0.43553687671722724,-0.3736014287543324
2013-01-16,0.9130692851945572,0.34284323672178474,-0.6739484345765571,0.550667135588931,0.29477344047701987,-0.5838081128247737,0.47498005930871384,-0.1090225054020067,0.4361105075387588,-0.374603766336004
2013-01-17,0.9175179561490828,0.34645586248372995,-0.6861764094386218,0.5555491166719836,0.2922628953230552,-0.6098616747142462,0.48180335126451157,-0.12963022570347327,0.4419388004056716,-0.3889863404870397
2013-01-18,0.9092697068936065,0.3122956198142935,-0.656689835860167,0.5275985981056259,0.2506139006165585,-0.5814387475389674,0.4426219655157651,-0.09313268649605987,0.41693981971743255,-0.34938188963621913
2013-01-22,0.9104183254249135,0.31757820345370535,-0.6567593525074954,0.5342988093019014,0.24753966316170478,-0.578033719765941,0.45835086876425857,-0.08315793551978212,0.43648119686233566,-0.36841381202490053
2013-01-23,0.9104798761460912,0.27681363291820305,-0.6354711836946154,0.49140641366857823,0.21922148288621995,-0.5666900898451236,0.42493221529006353,-0.027028078427027223,0.39608816575357875,-0.30990272356093634
2013-01-24,0.8951717613626629,0.2711575830180773,-0.6554343737067448,0.4874755349663136,0.24691809365748094,-0.5621313922385701,0.4072980769680841,-0.02540332826409716,0.3779906881684992,-0.3418258311734092
2013-01-25,0.8962071047131653,0.26211135319862044,-0.6529446390119903,0.4847576255043483,0.24400757725104913,-0.5624874932290718,0.4063480853196289,0.005756617505764395,0.376542383689301,-0.3281240550170533
2013-01-28,0.8961355977193917,0.26310154843087435,-0.6655705493299958,0.48267108398495845,0.2432262128150043,-0.5920873222993346,0.4074609248386418,0.007635352787651087,0.37512041067926927,-0.33756614412821384
2013-01-29,0.8970556713732557,0.2697367347808739,-0.6688945103225878,0.4841266966498919,0.2543651754185261,-0.5851025962880267,0.4049482878860646,-0.013573942396777759,0.38528128764682185,-0.3427174701088928
2013-01-30,0.8937611878973315,0.2694968693379581,-0.6581773510495291,0.4735021030019122,0.2653729748684536,-0.5742408460340198,0.39635900384727457,-0.026318580779245287,0.3953294317342561,-0.336655937655093
2013-01-31,0.8910993805377406,0.23094751924533605,-0.6689655982661292,0.4542573726493269,0.22880866743029837,-0.5817683097340071,0.3746400776474511,-0.04038522866742856,0.33500467759022506,-0.3557214037309961
2013-02-01,0.8955530789467188,0.23283916490569304,-0.6846725169038951,0.44920710456798185,0.2260546252541466,-0.6099624878650541,0.36647263384491485,-0.05640434908204104,0.3309395064446301,-0.35888210363775147
2013-02-04,0.9035203210481093,0.18565187057408983,-0.6946058892913297,0.462969503658628,0.20933294343474543,-0.6365785475203376,0.41237608088464317,0.02120544461824399,0.21516425275543646,-0.36337676398384366
2013-02-05,0.8944364523814916,0.2149563549679387,-0.6590819793782379,0.33456364846845005,0.22996770039766554,-0.6038411844276405,0.30768922018013467,0.009825430814625247,0.2728302264112131,-0.24645487128684496
2013-02-06,0.8872212008533212,0.2761052001883168,-0.6271880708028241,0.3483185148828216,0.28654280028273516,-0.5766784641188794,0.3206120607699102,-0.03943864358030479,0.2735749161409952,-0.26147846075565556
2013-02-07,0.8877154484571752,0.27837854372023463,-0.6251222554220741,0.35899614757346754,0.2869196317556427,-0.579534358788527,0.31389048845464196,-0.037746276939468575,0.284840371761074,-0.26532000270468803
2013-02-08,0.8872395696835029,0.27560895475675073,-0.6142289359927383,0.357128975913297,0.2810342086273952,-0.5600126616181081,0.3091333400795602,-0.03798144957185801,0.2832886102446,-0.26224316223586436
2013-02-11,0.8861116387110379,0.27440113760325435,-0.611045806356558,0.3420309688322551,0.27514040829449976,-0.5559391673893262,0.29541034475777245,-0.03630147045529335,0.23774641800346374,-0.25202826814604334
2013-02-12,0.8812703506447798,0.2917541085174304,-0.6249611758399017,0.39861788694112515,0.27984866182460166,-0.554852455885365,0.32513374943987405,-0.03813152419651566,0.2383233051586364,-0.2606933043997901
2013-02-13,0.8794653455950843,0.28686483226479076,-0.6192739167231213,0.39401469580664156,0.26980988382228327,-0.5560782866242324,0.3163015835940392,-0.02696456214525369,0.22921717529969782,-0.25493680520551215
2013-02-14,0.8793473827751899,0.2886014006040035,-0.6131664984161623,0.3905862981394351,0.2716899064663107,-0.5517162397644779,0.31397556046678976,-0.04106100724434377,0.2332952332821893,-0.2539808542951037
2013-02-15,0.864956783592133,0.22176136449893669,-0.6223145737668211,0.32175159557169947,0.21112790884347726,-0.5532461289783968,0.2461761751196462,-0.00794651203927772,0.22921736198818163,-0.22550444654136162
2013-02-19,0.8661751308685863,0.21577811569954367,-0.6378422930004362,0.3402812435129043,0.20688719669473568,-0.5660012302545246,0.26345419157436545,-0.011391059964213152,0.22811358884486105,-0.30933508706596596
2013-02-20,0.8748388440589917,0.3081860965485345,-0.6324228559485408,0.4029353585891293,0.2888246100973988,-0.5658350685132769,0.32500841652453244,-0.04431890928184146,0.34586706358057545,-0.3164160598525772
2013-02-21,0.8714958103996631,0.22937775052336198,-0.6571258280207748,0.41860824498586846,0.20883926400624328,-0.5874574722342915,0.3499035222129454,-0.022081622863436096,0.2588085712100481,-0.33830227768636845
2013-02-22,0.8811418184575837,0.23955065009205506,-0.6409474254696033,0.41974755883774534,0.21654154953147828,-0.5871555319168825,0.3592984659467891,-0.021179030374795557,0.2636434169441806,-0.3314411382963518
2013-02-25,0.8742951183473845,0.14105883636972397,-0.6850781347121329,0.44048187960758095,0.16929962142182703,-0.6044148561993343,0.3764405207055838,0.053933347058609686,0.21825060539736305,-0.36000271654672367
2013-02-26,0.8717202611442213,0.1934039777772084,-0.6918554563644194,0.45888121133932,0.20706440971878473,-0.6086084593616786,0.39297970535845717,0.028976588606367083,0.20747813140513335,-0.36447542535130595
2013-02-27,0.8732288881141878,0.14679599277272698,-0.6869987261922361,0.44971149236088775,0.17148099777135425,-0.6107361731518922,0.38508479519852057,0.033567194971200885,0.19016294279007587,-0.3719240833231286
2013-02-28,0.8733073445899509,0.15281885826956268,-0.6888692157373691,0.4613708835249147,0.17292040785153187,-0.6130057020224507,0.39617044245160393,0.022561605527346134,0.22905773466461807,-0.37392445798637775
2013-03-01,0.875429421771722,0.15592898131401411,-0.6820256358314326,0.45625469216763925,0.17173605810327144,-0.6025957037186367,0.3853413686800248,0.01710521039692386,0.23200059592898087,-0.3834316764724748
2013-03-04,0.8762155931500055,0.150081871864907,-0.6832901663583948,0.4381641840351117,0.17144777409921755,-0.6062104034163642,0.3726213143029522,0.03546758068630307,0.21832910162263558,-0.361171622809636
2013-03-05,0.8915048629429434,0.15307918519044914,-0.6815049314121946,0.44877215321581604,0.1752532846652455,-0.6085358790344989,0.37976120208363096,0.03437243331048457,0.2204314255469422,-0.36305106171068513
2013-03-06,0.8912396228283126,0.14977711339213065,-0.6775555451704566,0.47046932747584946,0.16330562177524838,-0.6020189869808303,0.4149464316513582,0.01316530526984409,0.2331076753397305,-0.34713584618972504
2013-03-07,0.898682214428302,0.14757861316686474,-0.6769016764575861,0.4680667789462142,0.1734377917269977,-0.6240154140187433,0.40964668852535663,0.03166954551997318,0.23093690408178194,-0.3722614207234452
2013-03-08,0.8988051104182804,0.15128367835358628,-0.676575813903885,0.46882706797720586,0.17163304158808057,-0.6222145311296868,0.4127475638244157,0.018061362940982335,0.2403744498923582,-0.36864565196538296
2013-03-11,0.9003194212525534,0.153155993546005,-0.670792627873601,0.46770755998610586,0.1742365519100328,-0.6144443470884348,0.4144200015914492,0.02122972882820455,0.2388846695359359,-0.36863538768069015
2013-03-12,0.9009704807952069,0.14047365203717002,-0.6868151434892752,0.46568795039470656,0.1624840099082161,-0.635266765304412,0.41593111609799505,0.05117385261865902,0.2458171524101174,-0.33795279661763855
2013-03-13,0.8987987048048826,0.12448147639723911,-0.6897920236941381,0.4583225649841584,0.14891925372401288,-0.6368747870020411,0.4092361531410897,0.0554441344435397,0.23713226036311963,-0.33659584368819023
2013-03-14,0.8986977834392074,0.12563857663460723,-0.686595899662809,0.47417209892188106,0.15043626511601654,-0.6288531476062359,0.43171705295354906,0.0561271849206909,0.23970558663100242,-0.356600212022104
2013-03-15,0.8955284072065556,0.1143245074147298,-0.6745364575396717,0.46424211168140395,0.13919952480862033,-0.6142162898852659,0.42079154583630535,0.07732685205965784,0.23940885112608043,-0.3405902202761821
2013-03-18,0.8897385054784862,0.13861047084075323,-0.6704279252129994,0.4560649288515736,0.1932699500963393,-0.5992132745110326,0.4169417916659188,0.06182332220745605,0.26139051170503086,-0.3301651191004407
2013-03-19,0.891502140918877,0.12778630565332333,-0.6715446721976729,0.506792863874468,0.1866504130652985,-0.5968034753084557,0.4393496526882961,0.07556894090212435,0.2405924904849081,-0.3704126408705235
2013-03-20,0.8965053859320855,0.14027758923368377,-0.6787747918015892,0.5141565465918144,0.17980143631339324,-0.6018254005128687,0.44756631598176716,0.09266572583715509,0.23581517590745046,-0.3888344340402178
2013-03-21,0.8967387422782884,0.13420503249814297,-0.6767912397994335,0.5144299895550916,0.1709354617865318,-0.601367129407893,0.449666315794377,0.09740539492106588,0.22780988452497247,-0.3879332116936006
2013-03-22,0.8987283550938286,0.12791201950710032,-0.6731553547151546,0.5226979274399955,0.1607351324607521,-0.5939917612907178,0.4632756346121214,0.09637772892087651,0.20813717770008627,-0.375186080937756
2013-03-25,0.8981494895492419,0.1339646504147209,-0.6663978732338673,0.5919404387515338,0.16857342480843188,-0.5892342635767525,0.5535891838567722,0.09465435202664192,0.20876653806297207,-0.43251156745562075
2013-03-26,0.8977030521495879,0.13037374284169265,-0.656403429706119,0.6003191128291345,0.1672021215173075,-0.5844617191591787,0.5533259422077293,0.08922114377341644,0.1899321624662594,-0.4137172074667827
2013-03-27,0.8949508973267065,0.11602379997101982,-0.6489585000733092,0.5998265351226728,0.15897807865822738,-0.5696379093143721,0.5501390236393262,0.10950750374018829,0.1882626381145051,-0.39868262834869767
2013-03-28,0.8849982210015587,0.06400219053897742,-0.615923362209128,0.5924632795365001,0.1056497169948331,-0.525314983656522,0.5411437843957294,0.18228996188058327,0.1602895128579745,-0.3841057085441982
2013-04-01,0.8515979692380473,-0.013717530888489884,-0.5932564749433149,0.5847485772698521,0.027509459759042176,-0.4916790596879304,0.5296037188773046,0.2319634381495597,0.13496351183996075,-0.357724460222255
2013-04-02,0.8510022546927652,-0.051740884326426886,-0.6389158359294083,0.5802313279363042,-0.032546999693979756,-0.5448260725508761,0.5208282989486156,0.20071733844428163,0.12981793396502136,-0.37833396520420937
2013-04-03,0.8650823960979318,0.0027148156196139476,-0.6600657514791524,0.6118410703337857,-0.0018018616603118307,-0.5563812171323349,0.5492780937766129,0.16803450927346608,0.1908867654247793,-0.41364254802968353
2013-04-04,0.8658427355278011,-0.007914606332695452,-0.6313154124794285,0.5986107175866963,-0.002015875237293873,-0.5439654119439467,0.5441515925636883,0.157266364353955,0.19668802475985966,-0.4310038339195655
2013-04-05,0.8681002203502652,-0.033769946928433506,-0.6272809893250971,0.6026617089887795,-0.04704802136340189,-0.5590578572231147,0.5444644123027742,0.235862406164997,0.17319658279234837,-0.42293393111437727
2013-04-08,0.8693829999961701,-0.04105772915758907,-0.6332643207794196,0.607790853394387,-0.05288911075711679,-0.5636822466911421,0.5510557130551809,0.24205633182693045,0.16717200106026459,-0.43047511138793887
2013-04-09,0.866995377298204,-0.060818320959527924,-0.6336548190992768,0.6025070919412511,-0.05371754018677954,-0.5631494609413158,0.5481809493298534,0.24565373809316815,0.15714256435995147,-0.4292585317737724
2013-04-10,0.8735633406806458,-0.12395979488631641,-0.6572101330685208,0.6018808522010476,-0.1391818850330391,-0.6035682994123005,0.5427693848034149,0.31193057054972695,0.12622621165334677,-0.4331172517419003
2013-04-11,0.8723369331371592,-0.11883828582097866,-0.6587791562834358,0.5963747880101692,-0.13448476754136665,-0.6116247284999012,0.5525522181898038,0.3177046452930338,0.11160990410014981,-0.4306431133150881
2013-04-12,0.8743849021664718,-0.039612093930755786,-0.6574351386206231,0.5875897540393351,-0.07764766773953825,-0.597093330656655,0.5232836145180076,0.08018294398394668,0.3113101735337735,-0.4718419537671521
2013-04-15,0.8895761603617005,0.33443911475059124,-0.640476471696139,0.6607441990523131,0.21516668235123065,-0.6052819877229644,0.5806527802038381,-0.05538982384000711,0.4658993078453985,-0.4911943279994335
2013-04-16,0.8940371350747606,0.34874178034440917,-0.6453702672862832,0.6604418303435984,0.23143411360032856,-0.6144005491260551,0.5858574010209855,-0.062077333805026676,0.4700326311278541,-0.4864963108156405
2013-04-17,0.9043870460952572,0.3254696563101721,-0.6525772711166236,0.6837792443471611,0.20994254569159587,-0.612244343948497,0.6208711945450586,-0.06059446331643579,0.44578430054343077,-0.5043192141319992
2013-04-18,0.9044421574404609,0.3027930562009399,-0.6555944487561948,0.6262048770155759,0.17716348608296065,-0.6056845361786544,0.5377343249563574,-0.05774093644505296,0.4557073167340278,-0.4858786829335316
2013-04-19,0.9075627235265739,0.3123052803346891,-0.6546009555359528,0.6145951876501357,0.1933907993917132,-0.6013159462262228,0.5265379633674917,-0.061697460491270506,0.4482781946888316,-0.4880031440144829
2013-04-22,0.9239534243850152,0.3180579603413423,-0.6551550179444424,0.6171979965202451,0.2042502157675123,-0.6236034221356992,0.5649816110063012,-0.0650378046384606,0.4706509709123801,-0.4783638365218136
2013-04-23,0.9249238728676784,0.3097698689379182,-0.65809028976902,0.6140880381098337,0.19858167011624078,-0.6294988828951285,0.563574782496035,-0.0683868365697014,0.4694560988722954,-0.4881058288908323
2013-04-24,0.9266169899921031,0.3076048285936077,-0.6629974896989439,0.5927606670318412,0.19555737646961557,-0.6297701259547943,0.5370242441357705,-0.06456318545755134,0.48001003165024303,-0.45818461366939495
2013-04-25,0.9283894844328797,0.30963038529390224,-0.663412669449865,0.5896209376431781,0.20605674275869232,-0.636566210725388,0.5433866431967509,-0.07599590446534672,0.49915090298421105,-0.4580968083469759
2013-04-26,0.9291126426715608,0.31896902345726325,-0.6694510596254896,0.5995026918890014,0.21107613545645562,-0.6403174117405699,0.5486563346931416,-0.07522767522114106,0.49671465823279176,-0.4559789994935816
2013-04-29,0.9295242249522851,0.32424925844378083,-0.6705478033387149,0.6032544485716755,0.21953454484476975,-0.6422539742343001,0.5563419772816882,-0.0804332943011618,0.5029663077347288,-0.45949707162019676
2013-04-30,0.9253930033355386,0.32439603614232443,-0.6600430090620434,0.5981311124508716,0.22070769482309308,-0.6277017624190645,0.5395135678295628,-0.07585195346723742,0.49222938217104667,-0.46120704867604206
2013-05-01,0.9204966122452058,0.34952272103831533,-0.654392726142575,0.6005786078432512,0.24796269938683282,-0.6108991565844596,0.5270695316998151,-0.09820782375382534,0.5088863041841052,-0.4634877358401589
2013-05-02,0.9206414370134098,0.35634018369765375,-0.643483909499821,0.6053344869558756,0.2572693121337058,-0.5935529539386294,0.5453616589534617,-0.09939778558804371,0.5012360032469456,-0.4460919375234765
2013-05-03,0.9243020052398484,0.3567021397897646,-0.6478165503628537,0.6147583571484535,0.26167124627559424,-0.5989774526002952,0.5584527416134285,-0.10756495251421361,0.4995048259167186,-0.46892297232117314
2013-05-06,0.9248961075027835,0.35695029901981096,-0.6514150172668883,0.6142375227113291,0.262225588953737,-0.6007301697987447,0.5611778929680553,-0.10909666837685879,0.5011773630166643,-0.4771500426958783
2013-05-07,0.9219073528332843,0.3500495752336316,-0.6599024369523088,0.6114432398062142,0.2653443660006487,-0.6111414268468388,0.5659031255765741,-0.10263679832421212,0.5019257815460165,-0.47422725094500706
2013-05-08,0.9222088626897611,0.35316798150341905,-0.6586993254716915,0.620379474110548,0.27008750911056245,-0.6095400596238246,0.5733238551259008,-0.10138151366093305,0.5232831034104447,-0.47013387746511953
2013-05-09,0.9256743269409778,0.3566391945779328,-0.6530215553214177,0.6223321132042241,0.27525391497258533,-0.6131682748655838,0.5807098314802206,-0.09577705033372803,0.5249415829318044,-0.4642926607149041
2013-05-10,0.9259770479324462,0.3540969740510234,-0.6553880296270547,0.6218387430669369,0.2713853273002976,-0.6162689602492931,0.5800046589479992,-0.08889081591940447,0.5241841541201828,-0.4631957316310786
2013-05-13,0.9260906001965515,0.3540052758143196,-0.6542934687427494,0.6211674487131932,0.27076286625335994,-0.6137714919737496,0.579535322803225,-0.07980030961707799,0.5265194383484791,-0.4569591292001427
2013-05-14,0.922778230942017,0.34459193844735503,-0.6671013549746435,0.6006781932757531,0.2638167754093566,-0.6188866230587825,0.5696736401937113,-0.0815112544106559,0.5185848932995123,-0.4463936784137901
2013-05-15,0.9206871197896083,0.32986953345398096,-0.6521709372433859,0.5978828027032943,0.259751324750838,-0.6114710463556331,0.5670265551492033,-0.09808013059284336,0.5093687473539371,-0.4384686640899862
2013-05-16,0.9138813322524189,0.2991976475891491,-0.6668319417774397,0.5623864132033237,0.22311051120293807,-0.6208881222505995,0.5363013026581764,-0.09303098932845512,0.4866369415028971,-0.4203995290649916
2013-05-17,0.9150192485513114,0.28410084987711054,-0.6716597107819611,0.5566694326355829,0.21887712553167216,-0.6263352380341481,0.5211937498445803,-0.06403310364279546,0.4923066064413599,-0.4220118495328922
2013-05-20,0.9133204663902268,0.2645424186620297,-0.6785231735054577,0.5528662671452789,0.19497123052930582,-0.6311720233185386,0.5150421199981091,-0.06747924384838208,0.4903699977874336,-0.4232706732725232
2013-05-21,0.915404454316186,0.3197422460070873,-0.6348362936591954,0.5492518652312178,0.22236199167541337,-0.6010216430929523,0.5030902028817688,-0.11189210913353198,0.511905174845338,-0.4162719068588847
2013-05-22,0.91946476002489,0.31343980425550244,-0.5630054357887586,0.5639096172264032,0.22267703219129803,-0.5330097519996885,0.5193256161654838,-0.09143926593607898,0.5085889350113791,-0.35106230591977644
2013-05-23,0.9192132471841431,0.3127232545072898,-0.5694820086619875,0.5678382586428072,0.21896464640497607,-0.5350615525012155,0.5191498078446731,-0.07920742544512528,0.50701823027602,-0.34765346506923067
2013-05-24,0.9189800084707984,0.3108651340648344,-0.5692593813664378,0.5662291906742253,0.21691832492646526,-0.5347488722892731,0.5173979612382079,-0.07814902825464692,0.5050652669217036,-0.3470726335011339
2013-05-28,0.9194808448376884,0.3104442936492212,-0.5631926014866884,0.5766868763287298,0.21700219227202056,-0.5317363166662648,0.5292184620731433,-0.07242069888334744,0.5030532572054245,-0.35868140047932784
2013-05-29,0.9197070707959029,0.2917029765510161,-0.5721548328645183,0.6013373521569874,0.2050233312691313,-0.5374124011317855,0.5453510575298375,-0.054730892813421986,0.4753308452543207,-0.3910872216266279
2013-05-30,0.920106460381525,0.2951282876899749,-0.5737586708601886,0.5983880772372779,0.21218847218432837,-0.5438165405440687,0.5433738503680972,-0.057275817057079535,0.47657409098216263,-0.39037896469182476
2013-05-31,0.9202735545774352,0.32019819784958337,-0.540288945833806,0.6175038727968623,0.23576162007527957,-0.540354258356691,0.5571800858263597,-0.043484683653504226,0.49352958337114344,-0.38414127550057114
2013-06-03,0.9180600029113208,0.32818186526252074,-0.5320384842418666,0.6231410788109502,0.23482678684477007,-0.5384677898693191,0.5528655809200674,-0.03157482258215853,0.510690224763469,-0.35745617102048566
2013-06-04,0.9205137306633671,0.33141837036658267,-0.5076879000372314,0.6180527196094481,0.2390217290598124,-0.5222361886067431,0.5488603773150599,-0.021624919993954876,0.5091153682100198,-0.35522794176898315
2013-06-05,0.9248084463899647,0.3106830574559087,-0.5336193193234592,0.5932523093620755,0.22475877423817198,-0.5444180864735815,0.5309175877180063,-0.015430172095220447,0.5096266545692716,-0.34489759967892375
2013-06-06,0.9225128818195585,0.32183789615221103,-0.5276807129642207,0.6036436341954295,0.234876552013334,-0.5406975186517822,0.5405857060026654,-0.02382210761159222,0.5106846353857886,-0.3530312854818723
2013-06-07,0.9266538381566466,0.27909426742838156,-0.5508757396296922,0.6146866783855532,0.19458038853821516,-0.5642931994480922,0.5528914267052035,0.01785141664514144,0.4751807512555749,-0.3752558348082482
2013-06-10,0.9271683086431742,0.27726357960544673,-0.5476572232758964,0.6129892925327581,0.19318653852964418,-0.5617567568096304,0.5519909851426298,0.015108793789416625,0.47129984078880977,-0.3696224098212587
2013-06-11,0.9295898999001618,0.27762360974591677,-0.5610179025197266,0.615046840379431,0.1962071025676399,-0.572807906830144,0.5575674340380926,0.009261157012373842,0.4708185162074048,-0.3783476203528519
2013-06-12,0.9318693461854257,0.27392555654989775,-0.5096778731004307,0.601646285035272,0.18269672785365465,-0.512233794647712,0.5344242306969332,-0.013974858484379916,0.47391113059845247,-0.3866105213893114
2013-06-13,0.9331543623102163,0.26761406180675545,-0.4319566378511374,0.6020525834097364,0.18072348993343326,-0.45232180315716497,0.53886671249284,-0.020787416522832003,0.4875641149700136,-0.350126957846369
2013-06-14,0.9334665247171146,0.2616441829697834,-0.41766681837040726,0.5781511167548314,0.17493767250708944,-0.43896701080639333,0.5156322019052219,-0.024822930734761994,0.49412368061499784,-0.34152429479993673
2013-06-17,0.9328455546106539,0.2709605788294912,-0.40935844619019585,0.566810937893465,0.1860102174272607,-0.4290542879760242,0.5008896491079102,-0.03201315089646903,0.5058389144065816,-0.3297591661539871
2013-06-18,0.9327899176959344,0.26397194686537406,-0.4098765880575144,0.5608088925103262,0.18014575995677878,-0.43099750296769773,0.4925830275766828,-0.03268400247791474,0.5086706184098336,-0.33526212018780804
2013-06-19,0.9342161920491028,0.2727750930025809,-0.3645867579385373,0.5651943134918538,0.18972088363369602,-0.3959385752589978,0.5002532541369406,-0.02355392797417892,0.5110489124688395,-0.324723365433845
2013-06-20,0.9431916031759647,0.3725256867642156,-0.25447251255122993,0.6082898216058726,0.2918563672890539,-0.29004600241553796,0.5518761811236682,0.05276170441115439,0.5710401139924559,-0.24496734235091436
2013-06-21,0.9357636541639182,0.3753837765634451,-0.2588171290411418,0.600408898487543,0.28042164372203804,-0.26908134564246294,0.5555943404751587,0.023165007436601808,0.5531509007865041,-0.2221790849232692
2013-06-24,0.9365874929117193,0.37623579376868577,-0.26544779242821825,0.5622715403843125,0.28317108111185696,-0.2748463419490743,0.5281606794869251,0.019772627116814476,0.5465356291240935,-0.20943852589163717
2013-06-25,0.9371157369385645,0.37584715245642614,-0.2704084450754,0.5613881388091827,0.2869862790974716,-0.2734305548601271,0.529830729792778,0.015759250732395345,0.5471314657610634,-0.2112819183610352
2013-06-26,0.9382549518141484,0.3311525517256868,-0.25097085535496627,0.5602739798479903,0.25429320583179343,-0.2558519640276679,0.5316481573273398,-0.013666102665682342,0.5245333377043485,-0.20830823877052002
2013-06-27,0.9370095050185445,0.3177755930366011,-0.22038199629573038,0.5492691386351155,0.24369682425091932,-0.23118104457097768,0.5199102345070087,-0.022917150138993137,0.5059290772474302,-0.15753992540709733
2013-06-28,0.9355517018911718,0.29684717517458914,-0.23813799558619753,0.5595084249492404,0.24074657923081536,-0.231230094645281,0.5212507442674186,-0.002545249741275838,0.4899918184362432,-0.1460006870712155
2013-07-01,0.9367742292747672,0.31666774603760517,-0.2223300398864565,0.5622017175892413,0.2695211823672191,-0.19978285342201793,0.5252661782816912,-0.035136051756728515,0.5079145388622057,-0.1342317498779538
2013-07-02,0.9366316648937195,0.3186039608038515,-0.21681889349046876,0.5520896736766681,0.27027408544813536,-0.19573110584868844,0.5179244616202203,-0.03585949293359254,0.499339599539166,-0.1275413513434774
2013-07-03,0.9361743841921504,0.31588374968845045,-0.21641089587839196,0.5446544978020423,0.26770450146609764,-0.19603976744441154,0.5176067844335352,-0.0361811503858568,0.5012914746293803,-0.12873218220072913
2013-07-05,0.9378690417742562,0.31273006560467415,-0.23614380005369376,0.557354036615641,0.2864733771538914,-0.18663603656573224,0.5330610991385831,0.002693390347385414,0.4766066957073396,-0.1812474760900068
2013-07-08,0.9370618729675991,0.3168124562469293,-0.22454208922945282,0.5597364600868185,0.2862974796817601,-0.1835115988777134,0.5337712232854691,0.01555146339134303,0.476083003491226,-0.1823157160907631
2013-07-09,0.9376094525254415,0.3228134694934121,-0.21546574908593824,0.5722523743346674,0.297105206505641,-0.17952425818004641,0.5512512833708152,0.08329514998514455,0.4358577076737731,-0.13014312449840815
2013-07-10,0.9279945518335544,0.14812907207405127,-0.17848009431119916,0.5091404702060488,0.1505355444151214,-0.14978769006421933,0.5048940910668269,0.20502119141088454,0.3194194564539156,-0.10040489193992072
2013-07-11,0.9259293789240565,0.16811674738410198,-0.1263581047200846,0.46874047910494987,0.18898609321103776,-0.08157867010467656,0.4415977304079156,0.2461559807562589,0.2736242197252565,-0.11789735571852437
2013-07-12,0.9207283070946277,0.17698290310699824,-0.10297013271136278,0.4272878375501042,0.20402858159555315,-0.04828975034616348,0.3936750477438594,0.24620514991917708,0.2852198825979218,-0.09051637007489886
2013-07-15,0.9256928226287919,0.19171539802104506,-0.09263227658658367,0.4583674313149793,0.2370155288360714,-0.03423317639590999,0.45769763321960744,0.24232358486012492,0.273979089579656,-0.10168185882654038
2013-07-16,0.9266819457085155,0.1782675004994418,-0.0983192355268965,0.4810335138450085,0.22252279115236578,-0.03809603479671853,0.49323210256717814,0.2462448076001646,0.27956699395384227,-0.10751908435914989
2013-07-17,0.9302066458797387,0.17006594742955244,-0.09910950083089372,0.47925959043710586,0.20239272995687482,-0.04268947037376349,0.48546880038813184,0.23844892504607654,0.2605698568792924,-0.10888262779794128
2013-07-18,0.9196850871569276,0.18241912694769646,-0.10547633335664025,0.49069974001892236,0.20589465875357021,-0.030758567979493452,0.48032362992109906,0.22720436772319888,0.26476986531441965,-0.12282777351056166
2013-07-19,0.9001573705187363,0.18448110246844676,-0.10060133681079042,0.5055422682927212,0.18838216761982388,-0.07071139928290424,0.4901192605807451,0.23557470310172515,0.2485205476452377,-0.13587978076720972
2013-07-22,0.8999659458825033,0.1761819744678605,-0.09873543793735676,0.49578778566318454,0.17998210755662175,-0.06752213623529789,0.4744219017237376,0.24933855026852533,0.16990228429923435,-0.13744584820236333
2013-07-23,0.8971574700798522,0.1707373878957734,-0.09129434289203896,0.492129865556948,0.1667036002319752,-0.05355141176426925,0.4637655779810265,0.25317118497391167,0.16955011296778386,-0.13077926131406514
2013-07-24,0.8905463301031639,0.17182693233238638,-0.07835880929584119,0.4905744546307009,0.15041212638667478,-0.05559431184917615,0.4363072318542884,0.26872520013008333,0.1812276095139371,-0.09760955299979372
2013-07-25,0.8916097927985822,0.17243063919973833,-0.07862503493926455,0.5008906875623634,0.15378188457919023,-0.05725725644633875,0.46173012286444276,0.26853777493290626,0.19212332312296818,-0.09284254126641937
2013-07-26,0.8895665021282632,0.1618427536396507,-0.05477709713021963,0.477043009344154,0.1480972720761654,-0.0353992873190118,0.4402076616766018,0.2857769200795147,0.1733149053993931,-0.06706737475166823
2013-07-29,0.8883533348027288,0.15559222271254788,-0.05227225615165846,0.46394190493926646,0.13968072655930283,-0.03515479189130468,0.4074271233772719,0.2854301696933977,0.1633220076300621,-0.07227626098359972
2013-07-30,0.8816442804184819,0.15397013575578944,-0.0114447005558375,0.44722266069538263,0.13671424711847605,0.017509093769519223,0.371479382104711,0.30285956320208274,0.16097963514902022,-0.03419494277204072
2013-07-31,0.8815356261651236,0.15353675751368445,-0.011294006741929381,0.4381182907657538,0.13604629819468647,0.01917028839496768,0.3671085416942158,0.30257540504486174,0.15833929209809788,-0.01965228479242032
2013-08-01,0.8889480852410439,0.14498444807901506,-0.04843541427511363,0.4676157670957554,0.12095000402020976,-0.01701327207856175,0.3893276250193563,0.30929744616616306,0.13142475917015597,-0.07341690874046018
2013-08-02,0.8867306176064217,0.13820079591792353,-0.04844134861739289,0.4600010471611952,0.11293641688707592,-0.006990448293466298,0.3727462172680601,0.30221443128771797,0.11849496271945696,-0.09527874218972168
2013-08-05,0.8861861929561923,0.13487424891245275,-0.04606132268623724,0.45817757896994465,0.11023789220358673,-0.006841753085370861,0.3707074644574756,0.3036141830564282,0.11326627002374329,-0.09246891375407473
2013-08-06,0.8881556941908239,0.14660198244869085,-0.04797877623118612,0.46705161558113695,0.12590433026279935,-0.004248044899078292,0.38383707125318606,0.29201656877851306,0.12264469706898241,-0.10257875451021084
2013-08-07,0.8883129192022127,0.14473599721175992,-0.05495047817886742,0.47339368727863373,0.12505657224009598,-0.008769553809796993,0.38881488143085613,0.2903750282529857,0.1125493287583201,-0.12592628788636728
2013-08-08,0.8905678340861019,0.1573922298648303,-0.033869699970053874,0.49597371859148254,0.13804397043669245,0.0037918652534844784,0.39426009273704143,0.2937973945356078,0.09613199242927872,-0.14385991593222433
2013-08-09,0.8922249366596924,0.1747186573029512,-0.04446719130432755,0.47645395966575016,0.14311815014297086,-0.0014249272804829683,0.3696828795724024,0.31839544295611505,0.09728924800177136,-0.13435453945287237
2013-08-12,0.8919063488532072,0.16700631715875744,-0.030096723063145255,0.48345854254886717,0.14497173369015215,0.0012713748286637655,0.37297036259641886,0.31153949192151414,0.1022248963812705,-0.14696278487572656
2013-08-13,0.8889561633188563,0.1963316092760228,-0.01538307250670459,0.47785008400040624,0.16889370993254624,0.008941333473362362,0.36571511408756535,0.30279500344177596,0.11812307138925597,-0.13816435502695004
2013-08-14,0.8899882216726531,0.19480316795802755,-0.019011984630832444,0.47321611649211925,0.17649297456998098,0.006083879049836554,0.36447684634949995,0.3136063918833589,0.11091299482417473,-0.13707082667135345
2013-08-15,0.8962267512992437,0.1492143248506402,0.013847189989814691,0.46044547864826285,0.11815604043422893,0.04719352733361236,0.34608228937395163,0.3009056559793749,0.09837881406677287,-0.12613513408427607
2013-08-16,0.8938233565812522,0.13955739098636158,-0.00552749226818035,0.4451231141091354,0.10972124759029447,0.023297769296485242,0.3233252263168874,0.29404038664131626,0.08843111737935681,-0.17060701641285247
2013-08-19,0.8917388184001056,0.15309668280104913,0.007956625590832808,0.451057492337812,0.12055233684391797,0.03038693173959344,0.32551929973245564,0.28669035865530584,0.09220581297645332,-0.16222950404676234
2013-08-20,0.8921492636345137,0.15440964045155567,0.018312183953367953,0.423556870861186,0.12145979836688386,0.03868001148118723,0.3043001722649834,0.2909657646191204,0.0803137790312114,-0.18012094143145435
2013-08-21,0.8911705140675511,0.15824679800785202,0.06242569103140731,0.42407238494874305,0.12488471152722105,0.07979509821915408,0.30124454342609136,0.30068459475844406,0.08482889013364253,-0.13683671572820696
2013-08-22,0.8928166302992124,0.17462575340897882,0.10379332115205689,0.4194016964135569,0.13936029190304206,0.11789227607296103,0.2987713018320624,0.2950796375190562,0.11326182673226168,-0.08493970522651471
2013-08-23,0.8920818945893871,0.1745254386433436,0.1116031697681924,0.4212794809556952,0.14308676379804972,0.13296869316487558,0.30441778937680386,0.31370808038652265,0.12236014983967061,-0.06780434062125358
2013-08-26,0.888748754212381,0.1354622867630236,0.10240786077873709,0.38619293100389174,0.11748047808103641,0.12979505846736034,0.27673244358128773,0.31579227210899175,0.08330387539634378,-0.07789822174131909
2013-08-27,0.898505462932434,0.09562736131658305,0.042989951719457326,0.29088117333424274,0.0811382612206139,0.059986956734849634,0.17506280260512413,0.31577976409586705,0.07607817291779771,-0.04754273479525091
2013-08-28,0.8981130459571667,0.08921741823073753,0.02975068051598624,0.2916536171984814,0.0739151407457134,0.046243586145190994,0.17557680902854206,0.30900448367999855,0.0748411341194816,-0.051959299541144116
2013-08-29,0.8902222797295457,0.09474431195200375,0.08076426753374813,0.28980312492401633,0.0737196461095511,0.10301528296651373,0.1574776136581539,0.302174553419237,0.08313247883446523,-0.07035631069618517
2013-08-30,0.8915378494444045,0.09044446359076987,0.08003416240507125,0.28276369691310066,0.07843975859321407,0.10167449702556114,0.15760754831691806,0.30109470060859206,0.08155939238284503,-0.07151627401807144
2013-09-03,0.8872395947377165,0.14968572957195742,0.11741592124494114,0.2624759200330164,0.13603146834094887,0.13698739646149122,0.13458084319214988,0.24192945001208524,0.12311018411144616,-0.04895590428174892
2013-09-04,0.889593564898111,0.1310268669335062,0.11447550184846918,0.2377960079004845,0.11499718870404348,0.13308668855154387,0.10870082522890685,0.2441628012679788,0.14121994547865188,-0.05026841706702353
2013-09-05,0.8859711633010291,0.12050661604126539,0.14623338058207178,0.2263437044975374,0.1052653558744753,0.164097976457331,0.09520804152906784,0.27598962016115197,0.12324277929673902,-0.04714887585548107
2013-09-06,0.8835883258767634,0.13148781973351947,0.12296664319040489,0.23449327009241921,0.12108732194833638,0.13325345986342582,0.10740864362104062,0.2994757486626823,0.13831052254255624,-0.024445074857960304
2013-09-09,0.8832327457169151,0.14057789826835151,0.07186365078196068,0.1959457183440315,0.12509262643415894,0.0974652396208554,0.06876539284498889,0.3146391145133831,0.1418636070075997,-0.044872887140086345
2013-09-10,0.8804439861568899,0.12778329029346663,0.06129909339504266,0.18388818562410214,0.12249318359031693,0.09203858759185855,0.07138382117924079,0.32176989267677175,0.16001696786054048,-0.029465270504692335
2013-09-11,0.8735878049364881,0.1339574878034366,0.07417361706569141,0.18767885763399686,0.1293346052845382,0.09167472851612342,0.07251017554024514,0.3172665688561276,0.15965239737643575,-0.02685222484301767
2013-09-12,0.8714567889847732,0.1596006031803044,0.07113652252789666,0.17753027421922474,0.14634930115175565,0.08911948494842209,0.0649275477403256,0.3107776015042445,0.1360682364940417,-0.027822827559288714
2013-09-13,0.8644506851853272,0.14054418467403834,0.042568513121692866,0.1631675019692027,0.1297778451219531,0.06447555662062075,0.050669727054383135,0.3030755902425571,0.12961241203697477,-0.038905164476340494
2013-09-16,0.8115801117997177,-0.12548152669502483,-0.07962121300286945,-0.05631348103876831,-0.08825036561992673,-0.02673034378695523,-0.1208269260976707,0.2440604384663908,-0.03030250365001444,-0.10841612611146761
2013-09-17,0.8270950976013973,-0.13065876963565065,-0.06188379477233731,-0.058985461062207194,-0.07421137796658045,-0.04638580445137841,-0.15675603905853147,0.27465556116977247,-0.013630011821675966,-0.16396509437891824
2013-09-18,0.8239994466121753,-0.06776622924527231,-0.0019059250262689735,0.03149961072732882,-0.01654567534492752,0.0043249830653376755,-0.0794574744134864,0.3239824062083297,0.08833161482218264,-0.12128557225732182
2013-09-19,0.8206274766375452,-0.05906814476407613,0.025153971274354904,0.04371803927366418,-0.012420611548721925,0.016145641525647687,-0.08038783214253965,0.3225204438925405,0.09226260803717164,-0.10389500259597506
2013-09-20,0.817994595373241,0.07039925309016605,-0.008440976971214553,0.06428139580690836,0.07410389597396372,-0.0057568838549523155,-0.06827182791101417,0.3537172861878078,0.12532098433229763,-0.11186577885659513
2013-09-23,0.819196414178096,0.09910573486691406,-0.03870743908361839,0.06844868440732013,0.08848782531490813,-0.02132772979198488,-0.0630087885204352,0.38757985421310925,0.16459701925327833,-0.15191997982413574
2013-09-24,0.8237017293257758,0.131588845870069,-0.038696289873599035,0.06387311832301816,0.09296052771686882,-0.0258956929406577,-0.06246260700920491,0.37066392573997137,0.18532150051209684,-0.14938281701117095
2013-09-25,0.8235977324921054,0.10929580240704956,-0.04560681934532502,0.05833268082674065,0.07221850329956192,-0.032422943775393946,-0.06384757865677623,0.3713547574890084,0.15768103112285523,-0.15852469008889872
2013-09-26,0.8237653218912031,0.09941516652163643,-0.05151577642979039,0.06871896547650011,0.058994356503002554,-0.04307368713906877,-0.05444038254904746,0.377832774810691,0.1708449983489554,-0.16371228067781857
2013-09-27,0.8246338980694045,0.08906196007277238,-0.056513288176181245,0.07668618819466078,0.052116949476294284,-0.04374392709568095,-0.061723590196661314,0.3817462063809902,0.16130831209290852,-0.1616375951017791
2013-09-30,0.8249506205320408,0.15688896340743877,0.06255430840736369,0.0340477989278239,0.08772863044855135,0.017440772235459943,-0.08734446635170635,0.3192727018417037,0.2237837091230982,-0.06707799061924578
2013-10-01,0.8366685567934488,0.09088016964586208,0.03691726016300917,0.030429365076696843,0.036808974908934526,0.010886142252567444,-0.09564101992233824,0.30880026815381634,0.2361243925101466,-0.05779948877416898
2013-10-02,0.8363607806886965,0.07219513352189799,0.03370088412331001,0.006282832173018933,0.022563245165337815,0.008370607221451363,-0.11190103268388979,0.3079117268367242,0.25952539610655256,-0.05300348557328712
2013-10-03,0.8478453535123304,0.07030237010281479,0.03847220459683922,0.025064896501047026,0.02020939121716898,0.0249705488830308,-0.10586928066760419,0.31248725831055585,0.2601125123679652,-0.02709624684229437
2013-10-04,0.8356867742102165,-0.014032145301396688,-0.020485145509446134,0.07434442130419716,-0.08323031582407879,-0.0467712416007297,-0.056693367462588795,0.27921368930485224,0.300251664505212,-0.003721804034612783
2013-10-07,0.843249027262942,-0.03005195929717711,-0.03375658629080053,0.08324395147011517,-0.09592856220660242,-0.05785945937852751,-0.05879429228140154,0.2831351138505514,0.3010120732574295,-0.005475527284153462
2013-10-08,0.8528956728349786,-0.023244440687649078,-0.04232716748576502,0.06359455341295356,-0.08059030302114506,-0.05933264316749101,-0.07592297428099908,0.2840425425821488,0.29945057490577953,-0.008265194780010265
2013-10-09,0.8502429606151002,-0.0209921583003053,-0.03981999196801935,0.0535288718511744,-0.07180245581404193,-0.04873384929960248,-0.06080203501433924,0.2908899932874867,0.31696085232052795,0.023846943506240382
2013-10-10,0.869912012712662,-0.07428012551847117,-0.023982091312938048,0.1156206113136438,-0.11372005390326363,-0.03537032082756795,0.00023542931623120157,0.28995586205717555,0.30079023199387805,0.02558866245395138
2013-10-11,0.8840774235035824,-0.09549058846569415,-0.0029919613207020157,0.08653213183781577,-0.12499649646357217,-0.0474735543514732,-0.002584055041704792,0.30483310701903105,0.3053774920880484,0.05984634402084522
2013-10-14,0.9085753599905401,-0.09677945054881573,-0.021338905398023772,0.08840911678301973,-0.1075532308104583,-0.00864439483452431,0.01000217896495309,0.2878611255313138,0.30383259900839144,0.04475040357067985
2013-10-15,0.907975385596982,-0.12188315733903178,-0.022203458143572184,0.11005441138804113,-0.1280663897130328,-0.009646687579693884,0.02476151754688784,0.28925684942851765,0.3535398815797699,0.050347561637244395
2013-10-16,0.9126101802793104,-0.11681900050978142,0.03245798648726761,0.14531345197125406,-0.11805478700797589,0.018890098934270797,0.057756389040052154,0.28677926098013556,0.3460323695024974,0.08330036010154841
2013-10-17,0.9182721983393172,-0.08924674449123852,0.03431066047791146,0.11119113904875395,-0.08573002276441162,0.03734099161775104,0.05244804050814757,0.2923375868438543,0.2546484070034196,0.01750273611731463
2013-10-18,0.9135308763039133,-0.09720980329099044,0.03846618794968429,0.11172530595337302,-0.10160196818544846,0.04558745600465482,0.05293858505091613,0.2922539605486031,0.24920891676359067,0.01889323940301962
2013-10-21,0.9146383728416008,-0.09742756593458665,0.03826235732050873,0.1135280240633343,-0.10234487002611203,0.03867847594960885,0.0577293072134543,0.2916304959203437,0.24694885566751307,0.03783529049963695
2013-10-22,0.9099664457989526,-0.08010399545769649,0.04687776220078976,0.09567425792545084,-0.10248019148483098,0.030959903207921732,0.05643331965632969,0.31449457752954985,0.21180719422131386,0.006053883282813907
2013-10-23,0.913681712961818,-0.07486218139615557,0.04012317052818433,0.10738397159652913,-0.09375937149060963,0.023664737191051076,0.08147491989069652,0.3103640745255127,0.2146400533798552,-0.0035514502588416194
2013-10-24,0.9139149185794243,-0.07011684723214502,0.0366238632629225,0.11086853519174195,-0.08878799155260333,0.01977729785856894,0.0828664566679666,0.3036556342624302,0.2240259971294143,-0.01787149768532077
2013-10-25,0.9133000756154954,-0.0469783903494445,0.11647904086884243,0.06493395717356568,-0.07055396931245622,0.07818132147020859,0.05493978873205849,0.28792093452531614,0.26915380450490606,0.09145649139402505
2013-10-28,0.9136702314278624,-0.046437775439975834,0.11294763802882327,0.06848718542543437,-0.0690503786322642,0.06722963003267012,0.05967056806897811,0.2968321446234184,0.26727088624756606,0.10308829502707761
2013-10-29,0.910960825431772,-0.05418083820625783,0.10936174785387665,0.06443084666919606,-0.07004920892999596,0.06643952383171133,0.05920247620616217,0.29057851919840516,0.2680011703882479,0.10047934142013702
2013-10-30,0.9078003114225286,-0.069992853906324,0.12708885622622085,0.07020166995607995,-0.08811271788033012,0.07682262381593098,0.05323641523884793,0.30044735839699693,0.2570560381301365,0.1234018098290298
2013-10-31,0.907995234012671,-0.05882015517655969,0.135694848484348,0.0638442505805399,-0.0776084018600717,0.08238465809990779,0.04914327857852027,0.2935897103963666,0.26309748231538876,0.14054290388537163
2013-11-01,0.9064616791154737,-0.07390601379300711,0.12443818946025134,0.05965315965641144,-0.09101700936494733,0.08183134768069508,0.05420342657196375,0.29658848667008747,0.2837364831764032,0.17188730679727224
2013-11-04,0.9049122058513467,-0.07455357066420527,0.12749167225626362,0.07876431424160371,-0.09141823994955711,0.08486762162694268,0.07983307422906619,0.29646412928429494,0.2930386344757857,0.1699060205147636
2013-11-05,0.9040870126828721,-0.06747850787610757,0.13671183213916788,0.08932704492999809,-0.09571991084267406,0.08664079757055623,0.07892885862560874,0.32164916563599244,0.28535280059603435,0.1984571608127548
2013-11-06,0.8986941346412655,-0.05890585100891765,0.15269176723048247,0.1011699866241739,-0.08997837886150097,0.10903008289064535,0.06765601897208705,0.3063584514970105,0.29874261165010113,0.22031064100208866
2013-11-07,0.9034695239432731,-0.026448098993207565,0.11275579105512525,0.12089875718840344,-0.051161559245256054,0.05568467370098926,0.08828608052598787,0.2893188628465467,0.2961428955779826,0.20840706494169084
2013-11-08,0.8994604693925452,-0.0003085298504760178,-0.05562145831514621,0.15027645425677064,-0.016356833130885002,-0.10158440432871356,0.11896929916676334,0.3862972253489188,0.28032030263963886,0.1969345145617974
2013-11-11,0.9000254252297136,0.0068248740692614975,-0.059633152931061265,0.15424731488027424,-0.012657388207522663,-0.1000238032362088,0.11519999143763099,0.3935676556328635,0.2721006652223086,0.19348023999948538
2013-11-12,0.9011479800894523,0.008765431630110846,-0.08751083454786407,0.1579072736524566,-0.014398556485736562,-0.10929795163845056,0.11088138028879045,0.38217622342914365,0.2843695562290485,0.17085420987120864
2013-11-13,0.9022887101350909,0.011344225669796709,-0.0888591266727696,0.18448043868642833,-0.008440729937390961,-0.10421641641734004,0.1372839535891568,0.38137925799915173,0.3003180348016448,0.20245091356138137
2013-11-14,0.9018464652303234,0.017438449768572353,-0.11271459361925426,0.17560730231176036,-0.007055282086805912,-0.12082973522903225,0.13118779029666436,0.39312696356681426,0.3010951233942468,0.19120292411498113
2013-11-15,0.8987760584909581,0.008645441849905375,-0.1388139654319626,0.1592333453650435,-0.016061233286633825,-0.14640764676558407,0.11556365327608424,0.3884708214280361,0.29545275660536036,0.17268602170972833
2013-11-18,0.8972246532752264,0.011772232558033374,-0.15657912888459014,0.16075618837674102,-0.011244207781911032,-0.18077044638722914,0.11513943901800702,0.3542241498492088,0.28212223804015824,0.14135635430737545
2013-11-19,0.9006492587480075,0.016048836750667695,-0.1384358728198615,0.15958066194367057,-0.01184939193748608,-0.16836053001871695,0.11100042384808811,0.34486591335906364,0.2818030526095435,0.12992666449356327
2013-11-20,0.88749775499521,0.07787616801886779,-0.036877362023863866,0.29256540220259114,0.04695953515563706,-0.07049039368312421,0.24966766548066632,0.37075872028593526,0.25548441932139093,0.06487356134792216
2013-11-21,0.889345654060201,0.07742448181606786,-0.0270243526813043,0.3094436910566686,0.046775793043126825,-0.06019858536400011,0.2709445782554581,0.3769004637780838,0.2500741105702328,0.0846055523514808
2013-11-22,0.893676879589589,0.0785574740876036,-0.015503939485978039,0.30976924967871405,0.05186942030312498,-0.06269753338046029,0.2845109808449885,0.3848561624264815,0.24661537142852658,0.10037179899737401
2013-11-25,0.8911893739860036,0.06812355948862461,-0.020093632114920375,0.3127030573157037,0.042461829316035815,-0.06514005885097382,0.2857025906370407,0.3868413487093831,0.24252959242059785,0.09715163922595456
2013-11-26,0.8872293037246162,0.061097200647943994,-0.008073389893470536,0.30906794417126543,0.030548756283110372,-0.04599844369644034,0.27874883868753636,0.44051394838884866,0.2294730070236952,0.12920001362222505
2013-11-27,0.8827926612370899,0.07693824609326858,-0.002966373296680467,0.32130597370642305,0.04750574773545048,-0.042814912315740784,0.28146008216459084,0.43894928835781866,0.21927540587186475,0.12917637754967043
2013-11-29,0.8762704466474408,0.0708442816708734,-0.004578285121760475,0.31653134326487503,0.05635884015193028,-0.04487049909113457,0.29090298861936636,0.411645644403518,0.261280447521015,0.1714391319060949
2013-12-02,0.877138881927717,0.09341664179992663,0.009731620412509065,0.3185977643154604,0.07790569133480132,-0.03077387678461315,0.29011900402326474,0.42428163364207727,0.19396821129273228,0.13591141651765362
2013-12-03,0.8719454028097682,0.0869990843054607,0.0014985470566352614,0.2857941621655901,0.0758176869224729,-0.03495014073210654,0.28418935995142125,0.4262563986198222,0.20234356065883108,0.15014930931741374
2013-12-04,0.8729261408372743,0.10063034351484439,0.02315820664702039,0.3056285075393571,0.08192730027966266,-0.024876532004749576,0.29338188124338166,0.36717271947936264,0.20539962609686782,0.10090553828353598
2013-12-05,0.8771035206365918,0.11244343711538822,0.022462031733527343,0.29766895481829525,0.08841655022618194,-0.012364795395487566,0.2960053591136461,0.3731041618286762,0.19886110420670539,0.0900748526722184
2013-12-06,0.8752333861658295,0.09975168420768826,0.037594010164192705,0.31794700405759624,0.08347525677446425,-0.004543905266838812,0.3090143773063206,0.38411018447598894,0.25567183738791455,0.09953934425417384
2013-12-09,0.8759958204373245,0.10162776037718048,0.037306578136397026,0.31679908824674063,0.08814848910657394,-0.0014731769015141668,0.307859372500169,0.3853611575478031,0.2505720830842879,0.09750115941242506
2013-12-10,0.8892744333044804,0.09197849897468746,0.03683924710810731,0.3251909630247159,0.07101988487866957,-0.01721771532822632,0.28784800470012123,0.39165111448769485,0.25765072296427793,0.09135440929458312
2013-12-11,0.8953930890461218,0.10618013606189732,0.060660759545466875,0.34748945025311023,0.08647294885015687,0.007150761247153352,0.31389101245567624,0.39990572571404026,0.26552759485345956,0.12135792209342895
2013-12-12,0.8920526355006367,0.03036129430684622,0.01831805749515871,0.30011942631376765,0.019718640413320207,-0.031604897655856876,0.2722343322669593,0.3478516232039801,0.1379373204411677,0.051445879504224065
2013-12-13,0.8938117027734134,0.028390734005325175,0.012104585146108232,0.2969953623183495,0.014387156611119523,-0.03337321344278354,0.28348494563450094,0.35700007117779364,0.1257021260524382,0.02239944144988087
2013-12-16,0.8951957886034396,-0.014941960720231656,0.020579457865916015,0.29824872234975336,-0.007818090572296658,-0.03025537747268641,0.2850485277109817,0.40577569226183424,0.1092138263533779,0.022448662392777655
2013-12-17,0.8959674121733208,-0.010473397991559347,0.0294163659769842,0.28617789591518533,-0.004116425327928684,-0.027206075477507103,0.2799460058286229,0.40248188132444646,0.10734096728444446,0.04488488711411197
2013-12-18,0.8942135646427978,-0.03489440356014901,0.014614192954761464,0.29463333331378916,-0.01874246915391853,-0.03822791278890947,0.28780586100716327,0.41133516522121183,0.10039362482201708,0.03969636864519567
2013-12-19,0.8934928776477654,-0.01363833128125387,0.019020688627699026,0.2810604427330163,0.01038174136903367,-0.03333982269564624,0.26962577786437275,0.3977814786348872,0.08063863122256834,0.04417399457220205
2013-12-20,0.894116382333938,0.0012115301431892599,0.05073712749967911,0.2825612521981846,0.03659322460251506,0.02554039329168074,0.27001136024778166,0.41039910262109897,0.0943998623625211,0.07290383798625164
2013-12-23,0.8941253543350298,0.013925127527670812,0.04857502000856625,0.2771019101069032,0.040051169111420766,0.012285594417864282,0.26036808456860344,0.40727060203828475,0.09967917075286097,0.0778004904918372
2013-12-24,0.8941337726955569,0.00851928426991773,0.043674703813914105,0.2760146604635232,0.034998729518432636,0.013852144343705883,0.25726808771271426,0.39154002920884845,0.10197742585423253,0.0682123933645662
2013-12-26,0.8917751185252514,0.05438033516031193,0.04546157785327146,0.28854986043992964,0.08528657730017192,0.019235972156635087,0.26918900390281464,0.38876153490432674,0.09504062498823354,0.06134563809576468
2013-12-27,0.8911085051365306,0.06635180926454304,0.04853731109220438,0.3095038720135631,0.0925803918312898,0.02363502296393831,0.2819409877074965,0.38856402187785366,0.03558639205195289,0.049682301365610256
2013-12-30,0.8856839029395711,0.07879194806528152,0.03996150666894271,0.2999010714151132,0.10986442419440011,0.011333866799195869,0.273237158289952,0.3594444966853142,0.0548953961902381,0.032807695585364206
2013-12-31,0.8844229807309516,0.0898977508553571,0.033843456697068494,0.288535920308378,0.12296216166912861,0.002904190280442539,0.25974571240684796,0.34569469728584107,0.05142380596695375,0.04053790826221913
2014-01-02,0.8836457607842403,0.06671855946769878,0.036372515954469255,0.34228805117527417,0.10763180470703566,0.006830947241428199,0.29830765927878455,0.3446490227229948,-0.025128118177744203,0.01687543936598541
2014-01-03,0.8700805978529188,0.06099903921292453,0.0413252931679231,0.37853995264897977,0.08600790971018005,0.011472132033176098,0.3723566236564296,0.34263880519356327,-0.04594730385143661,0.014253642832837947
2014-01-06,0.8735862138622036,0.05574078350373859,0.030368707369231727,0.3869517374633526,0.07255325596406616,-0.01118174668935636,0.3641153406659735,0.3342040928089361,-0.07499368682268481,-0.023515052896199044
2014-01-07,0.8542167544616623,0.12862806046818057,0.02284646571119796,0.33821647509254443,0.13238526429253478,-0.01758992876235543,0.3161914607597536,0.34060458079129197,-0.043814920824829476,-0.03026211635005646
2014-01-08,0.8516007842152773,0.14984625150981987,0.024140895992739306,0.35389816584758577,0.1532214323241775,-0.01814348511929289,0.3283081556780617,0.3464025523151854,-0.0506900485250508,-0.023749070360143402
2014-01-09,0.8488309675468907,0.14761639459627665,0.0314920153780137,0.35142141669872484,0.1458939136030341,-0.013177746127097033,0.32300452699374554,0.3567649187379805,-0.053058227562176256,-0.015343586409403321
2014-01-10,0.8488968910364737,0.17282575798201166,0.03554643969845767,0.33802778529741606,0.16134707978631654,-0.007115447310111163,0.31529398600496433,0.38459136676469474,-0.029543881953348818,-0.002619290026971354
2014-01-13,0.8601629128670687,0.1473848938922835,-0.06050967925256441,0.3256737204519585,0.13273774801722887,-0.08071390838826034,0.3127452804441424,0.401965332987465,-0.037363311039411956,-0.05650052629527589
2014-01-14,0.8640091792614839,0.0808262417244078,-0.10016658515020245,0.3701745157211068,0.06579880009112099,-0.11897435879938215,0.35123295488243,0.37637075301253603,0.015134118653178067,-0.03801408247766938
2014-01-15,0.8705417550579925,0.08566119665463108,-0.10780597580289496,0.37855026068748887,0.07887102942560506,-0.13755718294106434,0.3733083613143044,0.3791903161409586,0.012916838425210127,-0.04272774077697264
2014-01-16,0.8710341686798247,0.08475320077101763,-0.11489764534181973,0.3810623251474842,0.07783973329683873,-0.13843747138781828,0.38186480934184475,0.38136427636194054,0.016459490071136847,-0.05608440262793746
2014-01-17,0.8774680779323772,0.0435529572829115,-0.14976595786991073,0.40323856142770514,0.05978682898569791,-0.1518061958627709,0.38189199856666695,0.3549965205506805,0.06622848514096283,-0.017150157573580946
2014-01-21,0.8734026551721786,0.0319131042656533,-0.14024325933552095,0.3929991233812747,0.038502126718655494,-0.13924623699462754,0.37727015891120946,0.35573311309782346,0.04369708350438274,-0.0020976070765275014
2014-01-22,0.8725671933463683,0.025139370137204953,-0.13668117879695563,0.3816871220565317,0.029885803489813192,-0.13663443099219547,0.3730236491838164,0.3704287274575533,0.03216139515521964,-0.009822924060956128
2014-01-23,0.8682946202672212,-0.03932838133822388,-0.1887875426529339,0.354331502089334,-0.00428383702834548,-0.16390941095050468,0.35641410753069824,0.41392416207190535,0.04026289484287271,-0.002007918688016236
2014-01-24,0.8879918309558302,-0.06426811386425212,-0.2193309531593803,0.33783955984222563,-0.027707896956497106,-0.19608909659937085,0.3505302002918817,0.42017853588919474,0.035177278771247565,-0.0020369646526763327
2014-01-27,0.890128926783493,-0.04521523742665822,-0.2067042214563608,0.35280079827375477,-0.0038997821569357917,-0.16831331662632398,0.3658033913870941,0.4313896816645802,0.047029453054115086,0.014796101172750547
2014-01-28,0.8841247195943102,-0.04385348838575737,-0.2141006539589843,0.35304300591096516,-0.004230972407553399,-0.1731922875364697,0.3582946406680757,0.4339349188124335,0.049217435833120965,0.0005131657149088669
2014-01-29,0.8882679581740291,-0.08563342529688528,-0.23449260890161006,0.34087350095631025,-0.044613962131246354,-0.19503730901313865,0.34652104877638795,0.459782981106395,0.04199383979646892,0.0048665111354831685
2014-01-30,0.8914422287687469,-0.129342454819584,-0.23762901674212553,0.3657488402769974,-0.11649414972681475,-0.2082435267179734,0.36018815000070914,0.4555935062589675,0.0070210767433801086,-0.04405836433573566
2014-01-31,0.8914773191972195,-0.13352876041709122,-0.24914672874558852,0.37321675107205504,-0.1186027880836112,-0.21315279402580678,0.3631654225620287,0.4571402817418523,0.0042807863143765855,-0.05040350691005993
2014-02-03,0.9086188238032045,-0.1744606173764234,-0.32765847219914457,0.3806132750788022,-0.1567520814560217,-0.2743259373957337,0.3819966100257349,0.47965449695494816,-0.012348824845071923,-0.109271438126929
2014-02-04,0.9143188108787517,-0.18333508543145655,-0.34457345328593086,0.3773664770923634,-0.15801723081075036,-0.28880755195382174,0.3967214805615356,0.4755202499374964,-0.028321959861819734,-0.12442219251276011
2014-02-05,0.9108990165112261,-0.20983314687761034,-0.31498879047384853,0.3680486724092416,-0.19549159783876138,-0.24739111964201366,0.38908555220831653,0.48050352969498916,-0.03723506900372709,-0.10850813984707415
2014-02-06,0.9103205177453007,-0.17114622615520028,-0.2545777920726583,0.3811100080874406,-0.16307446464915357,-0.1932515533161824,0.40004265998477023,0.4556500754839933,-0.03577382396493198,-0.12163439492846623
2014-02-07,0.9148387220873451,-0.1462046519213808,-0.24921268020437823,0.4172176542933326,-0.1333906999465567,-0.19013276938710863,0.446800436862841,0.4527197372565853,-0.005843506675610428,-0.10956671770317991
2014-02-10,0.9152109901628853,-0.1510853996406852,-0.24552783038017104,0.41980489287384226,-0.12741854932836158,-0.18771690781240863,0.4610826481760286,0.4707479938845073,-0.04269059257777414,-0.09385076301551815
2014-02-11,0.9160678947205417,-0.12825374788315408,-0.2734326613687864,0.404481073534559,-0.11100775446279941,-0.21735477080074203,0.44695348759820747,0.4436530664574425,-0.04708248305208992,-0.09810977273080805
2014-02-12,0.9168836195317696,-0.14094314049922427,-0.2836326067789094,0.4053741556689163,-0.11638756445248573,-0.2225150198579337,0.4472401536809871,0.4317104206507487,-0.047241612253501965,-0.10350368347348289
2014-02-13,0.9189070364139603,-0.13185657330867842,-0.275441627197336,0.40853093298774457,-0.10551193411679995,-0.2107312221630898,0.44711265269567996,0.4377759375677958,-0.04549208109927003,-0.10056513357736349
2014-02-14,0.9201664629487125,-0.12764571585963938,-0.2687134534533195,0.40269667048789215,-0.12964363024735903,-0.19582255982514474,0.436406213393708,0.45623387545621014,-0.062445356065773006,-0.08863499705780434
2014-02-18,0.9192879374223527,-0.12767214967998358,-0.2796089963297698,0.39386581488670164,-0.1289593165753531,-0.207276980974021,0.4378056842689822,0.4620968759261356,-0.056087068962504476,-0.07369539226708383
2014-02-19,0.9202818518488495,-0.1357304257069256,-0.30757705277702485,0.37953744627372565,-0.13519474404308196,-0.22876035980801734,0.4227664729527591,0.40871548817880854,-0.08234611377021243,-0.10612254967746688
2014-02-20,0.9184247030101499,-0.1203222333424737,-0.3172992839503125,0.3600951445110757,-0.1251062230317976,-0.2364591122769947,0.4059863340228253,0.39790650081259793,-0.0805464586157468,-0.11012687718634566
2014-02-21,0.918121933386865,-0.11907179978545847,-0.33997291952096115,0.36838005686585273,-0.12371092295117737,-0.25595356410404196,0.41379072852902404,0.40419187668721207,-0.08017706168145756,-0.10726495310819707
2014-02-24,0.9191914709777376,-0.10596726847093642,-0.34308432695490615,0.3680460824385687,-0.11560086211921694,-0.2604332710289567,0.41830885185413286,0.3909253762662781,-0.07339638156912781,-0.10365260564939655
2014-02-25,0.9210808879242638,-0.10666822132535406,-0.34077264645672084,0.3684906865962029,-0.1112758110994668,-0.26794109566094104,0.4258686380562684,0.39342971157079065,-0.07973303409580944,-0.11362608036255765
2014-02-26,0.9221174359308165,-0.10348812084547038,-0.3386641285212113,0.38534174627761647,-0.10257866484521196,-0.26637900269742804,0.45773585274979056,0.37521438974192944,-0.09758896970699417,-0.1235238603745314
2014-02-27,0.9271896660039672,-0.10194625178651431,-0.32782369686446156,0.383313301562358,-0.11246772924180967,-0.25557436131059286,0.44800438086641486,0.37639209542939334,-0.10849524257552949,-0.1268978957725667
2014-02-28,0.9247570371847894,-0.13043472045503884,-0.34432974957178236,0.3884094034515009,-0.13905634065441647,-0.2717268352617415,0.45411325867346075,0.3393089967848121,-0.09007324380293188,-0.11633985257136434
2014-03-03,0.9273878014266005,-0.15630099644225728,-0.351799654292743,0.3827682347416711,-0.16521664289022672,-0.2823624952022563,0.4295334672454282,0.3557926349183988,-0.028784407540438112,-0.10245964934484993
2014-03-04,0.9293329754261499,-0.189781893829054,-0.4094763532455998,0.32935430059125786,-0.1943039819673292,-0.3285979918316888,0.38555484350672964,0.44714152900592286,-0.021251860584827288,-0.006951770959026865
2014-03-05,0.930066566265864,-0.21182419323532314,-0.4191245742782485,0.31520264312998447,-0.20548098963714967,-0.3319376031058841,0.360031598957337,0.44172991556371877,-0.020320186124003017,-0.01376550244456073
2014-03-06,0.9305210012228493,-0.2124750360688783,-0.4363515377205849,0.31461825031383617,-0.2091861242184587,-0.3270599653755113,0.3526430227110476,0.40565636168231956,-0.008429443290754528,-0.040456751535145254
2014-03-07,0.9271095055975594,-0.21488135144006928,-0.4328300866503839,0.31635543482923834,-0.20179225935653858,-0.3118166864602588,0.34856997967497083,0.4149893139532076,-0.009726779288485445,-0.04703221344576053
2014-03-10,0.9279117277086275,-0.20407755448016965,-0.4281193482267401,0.3295021816284943,-0.201089413799181,-0.31134040817167474,0.350024586767243,0.3990755433429657,-0.03798908738277484,-0.06928298761589778
2014-03-11,0.925032932020839,-0.24013892829922995,-0.48218115921866783,0.3237544282075644,-0.2373668218636913,-0.36302205325075104,0.34144971000783136,0.3888425400995808,-0.06393271686685008,-0.099125398909133
2014-03-12,0.9235181295018385,-0.27397416343655634,-0.4899362307919918,0.32130917844861545,-0.25642505058249715,-0.36213393182469006,0.32947547803798166,0.3935881459819731,-0.09743022313508416,-0.11948777168086014
2014-03-13,0.9270791387999099,-0.2724070042599621,-0.5163118482693313,0.3161415517462926,-0.25234906778890326,-0.39773994755254943,0.32012836294807046,0.3819747973740657,-0.08605748149270734,-0.10885078915792887
2014-03-14,0.9258334858901425,-0.2777715005707183,-0.5099643234978941,0.3039708902072029,-0.2595181899211144,-0.389088972232519,0.3046077828576614,0.3827300451730742,-0.08298734094365769,-0.10068878348658745
2014-03-17,0.9268913449805111,-0.30851550545369716,-0.5191952963893969,0.27687282357115783,-0.2836098600394785,-0.39914192539793725,0.281894075560975,0.41554819426643946,-0.061407225045273954,-0.07320422948527304
2014-03-18,0.9304974572180262,-0.29303699345395484,-0.4997372448938706,0.2847510824923966,-0.28246715215608614,-0.37288864424647156,0.2951631624754952,0.3945267825898637,-0.0726180229378743,-0.05812658653327827
2014-03-19,0.931327961138015,-0.27739265429774235,-0.47341648422623667,0.283113526744873,-0.27895539173395484,-0.3521969520284686,0.2970626746178032,0.43445958617754976,-0.05067988247550738,-0.06121310750702077
2014-03-20,0.929803305298634,-0.2937008504322797,-0.5256647095856605,0.2736098599838062,-0.3002552207075855,-0.41410245169097437,0.29070424092082386,0.4242597331986762,-0.054857538373421735,-0.07806160366626266
2014-03-21,0.9256842522431943,-0.29176232661273255,-0.5241188495891238,0.2697864573545496,-0.29649826697819487,-0.4257044517183095,0.27698361743208255,0.419456519352614,-0.05394102946460412,-0.06420890315815403
2014-03-24,0.9253653318804148,-0.26118556921658787,-0.531443285977891,0.2686555545831721,-0.24736730260806886,-0.4422452907586488,0.27585666703465755,0.3829630812746497,-0.0513872622007171,-0.05790898736865524
2014-03-25,0.9255235718966561,-0.2659481250365636,-0.5310503454013855,0.26297324722159515,-0.25003980856590013,-0.44220913580820653,0.27282724079988113,0.38870862941819284,-0.05479301639471321,-0.05043640661078153
2014-03-26,0.9260631901596224,-0.24555009224746838,-0.5414269119855585,0.24550378213021323,-0.21887097690402654,-0.4608688862502633,0.24794006168007512,0.3693770539700648,-0.06976097628226204,-0.02957264072317407
2014-03-27,0.9255540865552759,-0.24692299959204767,-0.545312491259431,0.23838560841455408,-0.21831402679165066,-0.464804650965781,0.23229381612484082,0.39452808157615454,-0.11059212415795511,-0.0061377809502462894
2014-03-28,0.9239202569629446,-0.25466249304716915,-0.5456584334770781,0.24838202871136283,-0.22700635766880228,-0.45692413415705496,0.2427395219953275,0.40998172517742626,-0.106140213134492,-0.02379011841345015
2014-03-31,0.9244230602946804,-0.2398518735966227,-0.5514892324701208,0.19263812844838926,-0.21859095296028674,-0.4600812647333796,0.21165211122721947,0.41643510744810835,-0.0212703110003399,-0.007756612662325239
2014-04-01,0.9217933359999737,-0.2428314993829639,-0.5590321895268744,0.15292527576175854,-0.20805643079924774,-0.4903457686315596,0.10638014680994311,0.4224763595760943,0.018794097744308152,0.04573109459577107
2014-04-02,0.9214137020789729,-0.23629945057800203,-0.5580341121056472,0.1470507718022607,-0.20374332122905464,-0.4874243132015202,0.10079836401503056,0.40374142996832285,0.01770968818865567,0.0545416113969724
2014-04-03,0.9174939189578502,-0.22732614608590795,-0.5647803430172862,0.1440802776792872,-0.1863823024740173,-0.49919730483513824,0.08790537240066866,0.4031463675457715,0.010475779223592732,0.06221386820131474
2014-04-04,0.9126436944000933,-0.2565664948717436,-0.5740176706140578,0.12308233372161942,-0.23192511587960604,-0.5023757558698864,0.05544428517910936,0.40992354899594063,0.008029409041014799,0.05900779758149725
2014-04-07,0.9138683955937061,-0.23473652231205228,-0.5825289125227401,0.13580259445457846,-0.2175836419837265,-0.5068922836519489,0.062375683431589675,0.3975380175205008,0.01611808719057396,0.056482593512933964
2014-04-08,0.9129331952442805,-0.23803371450386865,-0.6030209987113877,0.14544586520545932,-0.21289136750675977,-0.5215453204003959,0.08486030089336592,0.37148868588837985,0.03610201573296261,0.05749902911417533
2014-04-09,0.9117703359039078,-0.2206458473023887,-0.6090133876358548,0.12238618199569433,-0.19365377250559349,-0.5264535106569457,0.06945811654174558,0.36307961033204944,0.05223426659955948,0.06270796500737366
2014-04-10,0.9213033171131139,-0.21001325630260412,-0.6153485339635472,0.1175183325853624,-0.17690108355034198,-0.5359013999737765,0.06398036821678477,0.3583298315042654,0.060195965526634074,0.06372247181723498
2014-04-11,0.9223047375085319,-0.2018700515837948,-0.6223132737428536,0.10114390701484811,-0.16871924575587438,-0.5439760535754443,0.04007672455623919,0.35048791574466864,0.07490076009514056,0.07273477381864188
2014-04-14,0.9234798924696555,-0.18831896862193154,-0.6267850498616133,0.10572200178682098,-0.15798013764648827,-0.5516632860323075,0.04605464860864473,0.3439577144766465,0.07931888814775293,0.07759992259032895
2014-04-15,0.9217971874724499,-0.2031876692323866,-0.6068116676787098,0.10253073834905913,-0.15856684141040583,-0.5413382271340466,0.04460596906450839,0.2974173027535158,0.08348210518194824,0.07565640456351813
2014-04-16,0.9249294099202071,-0.19716437942808288,-0.5984557594863739,0.0990621776809123,-0.14473828648773057,-0.5350587864013227,0.03615935417553749,0.3000773913488704,0.10027149955371416,0.07658125628933751
2014-04-17,0.9252895214329813,-0.1979910190037936,-0.5872489053715089,0.10076338177066142,-0.1426620952670067,-0.5214182204155694,0.029400963502967763,0.31003998423959744,0.1129404200132271,0.07981111108491853
2014-04-21,0.9287170987787565,-0.17014547980142375,-0.5776283194952754,0.10662388792291641,-0.14307256534702037,-0.5301605664570476,0.028464127427113545,0.2556711241064281,0.10552366662587608,0.07102712731515713
2014-04-22,0.928547672155117,-0.16433080137946296,-0.5713751734730066,0.06553882243480844,-0.13862936952837898,-0.5119591997764513,-0.01574445792220389,0.24729609793695137,0.12117885262384553,0.06353415844437653
2014-04-23,0.9268097675539134,-0.18301514557298298,-0.5981726548388474,0.05339594538007225,-0.1605966818508066,-0.5472685965984113,-0.030334397728303118,0.2261369249480805,0.09802295450195106,0.03445294080588013
2014-04-24,0.9271705627417532,-0.1806260278107031,-0.6028802475014083,0.04007819403748568,-0.1489950974804251,-0.540890206307656,-0.024217625550202296,0.22758528004759943,0.1036940350918302,0.029917132908532675
2014-04-25,0.9272880863426988,-0.16638117170095826,-0.5871220034579543,0.06901105710044916,-0.14402875786247724,-0.5228657202694769,0.014896772193588691,0.20698689387396657,0.08460261052798611,0.026575483943590973
2014-04-28,0.9262664095581299,-0.12169142145808128,-0.5851467140899174,0.05830576481254324,-0.07755925667987172,-0.5219131560621497,-0.001286110724321502,0.2014790562542071,0.11516499483080143,0.028673134377208562
2014-04-29,0.928956387857447,-0.11951548677888253,-0.5799339087980134,0.04960683360674768,-0.07742091150057909,-0.5227511661109938,-0.004735045035228861,0.199580267459509,0.1179154027235916,0.038496080524261636
2014-04-30,0.9271785465786865,-0.06586017683247683,-0.5391007777580739,-0.009381015335027595,-0.03653190541093667,-0.482927033570236,-0.0492782274072743,0.1619429565809261,0.1522971445494747,0.05733810237923528
2014-05-01,0.9252857837537839,-0.059485883202751826,-0.524082966367957,-0.016338527458704736,-0.03412416706018043,-0.4595669580910515,-0.058676819866614126,0.13826781495554186,0.16051073042909506,0.06071394948476727
2014-05-02,0.9251050525230617,-0.06508962487959771,-0.5493863661121978,-0.01950145544967538,-0.037344398756703645,-0.4807170009575144,-0.06095144126691145,0.16323311323583148,0.16551345706559717,0.0615383929087177
2014-05-05,0.9236353496048173,-0.0606581022118912,-0.537255812085432,-0.03698643776411297,-0.02659104266357371,-0.4747830313034101,-0.07684900811155301,0.13921673083526306,0.1560391978131542,0.07907009086525672
2014-05-06,0.9221629108101788,-0.0788332107380767,-0.5519651828395925,-0.11055792874442562,-0.04587393963108187,-0.4903826651909486,-0.15550816542083704,0.13740240543895235,0.1301211240158992,0.08415863897484611
2014-05-07,0.914233521017152,-0.10136282120281334,-0.5577166623269793,-0.09232482985803829,-0.04323060845910576,-0.4890967201569794,-0.15927796565781702,0.15198005580801582,0.0906840069241808,0.06787457891467263
2014-05-08,0.9121175791440606,-0.1417059065986964,-0.537976924471203,-0.09189730031157968,-0.07283992492263021,-0.4733941167231407,-0.1602704367555819,0.18075132518129686,0.09242168091518192,0.07332500649655298
2014-05-09,0.9120697049801494,-0.14181289636597993,-0.5422471569057637,-0.09258827235453969,-0.07349667062042532,-0.47597850998184266,-0.16436882376657092,0.18352487364201955,0.09229061040431025,0.08532176285899862
2014-05-12,0.9139959174886125,-0.13341726618570812,-0.5637021972162194,-0.08055553486784396,-0.06233406461456086,-0.5005462266795446,-0.14728843149627283,0.15933077463252526,0.09671430138473787,0.07510229806683959
2014-05-13,0.9158394925533336,-0.1575993181929581,-0.5571795351595946,-0.07987474680613266,-0.07030894568926575,-0.49181786456257687,-0.14358522623570905,0.15518186039922982,0.08852018844566327,0.10099044896630863
2014-05-14,0.9171308470695746,-0.17174530009930153,-0.5645154485221807,-0.09216102498470283,-0.08231772532433845,-0.49722374661028784,-0.1743969728317151,0.1808756942620745,0.08861734274074001,0.10561321674975586
2014-05-15,0.9158002005521523,-0.16665803370706334,-0.59996132151045,-0.06748114035323682,-0.08145993666102347,-0.5187973838933247,-0.1602761090290065,0.14752564027894574,0.10947032611080768,0.10792302831022232
2014-05-16,0.9158977185353772,-0.18988271522985375,-0.5987811453388241,-0.06203144990661685,-0.09670420196180936,-0.5200512031054856,-0.15194307576621402,0.1650873284130022,0.11016289314039523,0.10050526007841105
2014-05-19,0.9160112222829959,-0.18840069824705896,-0.5991897014981632,-0.061028250399064066,-0.09460222533608992,-0.5271915185018798,-0.14720219490307473,0.15987342819752698,0.11159022060923474,0.09634335360016127
2014-05-20,0.9126481671706721,-0.2124505069036929,-0.594042085884277,-0.07120545984065756,-0.11120257854302404,-0.5249401012715483,-0.15237279099793405,0.1771540908944106,0.10784644264625168,0.10037510729050932
2014-05-21,0.9140799554068378,-0.21393024169065725,-0.6086747275035178,-0.043781284568778875,-0.11366273034259997,-0.5389335458627321,-0.12790246802877503,0.17587950095063856,0.10485699369504059,0.08834422987937521
2014-05-22,0.9140543039041432,-0.21470734402863656,-0.611195438468392,-0.04324840849353878,-0.11291403270660862,-0.5415384865310954,-0.12713789576648057,0.18766836732889167,0.11321287999335194,0.08345970152062981
2014-05-23,0.9135778831568437,-0.21781543872562345,-0.6150057358294699,-0.036285565648554084,-0.11575061614444593,-0.5403533838690687,-0.11845127117518212,0.18463603740048332,0.11298147360702,0.0920003257825483
2014-05-27,0.9152257091507389,-0.23837071435671586,-0.5970772905112007,-0.03924137698194662,-0.16136395939961867,-0.5139090641963961,-0.12076735813982842,0.1404842090406821,0.11585231584670257,0.0889503413005974
2014-05-28,0.915018251079833,-0.2001213493151423,-0.5802492225909813,0.011387538886228324,-0.13293505531677666,-0.5041024503683753,-0.08516259132434717,0.08852724393178975,0.02828478415653815,0.009722081549641309
2014-05-29,0.9167245343342979,-0.16078549137426495,-0.5475616572973367,0.07317995079709089,-0.10701515470723351,-0.48837761749226954,-0.047658906404757576,0.032730720799958916,-0.008916734449702394,-0.06814738175637808
2014-05-30,0.9168002216425449,-0.16223653940450025,-0.5482003503199898,0.07845429273724445,-0.10862500569932057,-0.4893345778045205,-0.03747188523172046,0.03337195129804878,0.013180246709971612,-0.06054447301867558
2014-06-02,0.9175848456222911,-0.17249423251587323,-0.5482874833766223,0.07294221804337538,-0.10662440521405012,-0.4949637022826642,-0.0348667014548737,0.09270012831373048,-0.006986457993022011,-0.014906937303831759
2014-06-03,0.9195406069620425,-0.17475586588154052,-0.5277161242624294,0.07239865241664155,-0.11589419814993328,-0.4907041384043641,-0.02937883568314513,0.05424726122658912,0.006236698189023297,-0.012718065075736846
2014-06-04,0.9199684310880721,-0.17465488063848228,-0.5280367821475216,0.06726720428908628,-0.11671824474544609,-0.4913396471653121,-0.031049231634219847,0.054382289143868445,0.013417873579334617,-0.009209968332204815
2014-06-05,0.9215725427485576,-0.14326307554069498,-0.5252360469280195,0.041898353145626385,-0.09301555310826122,-0.48870159662737167,-0.046496739888743435,0.048620733044322094,0.04385347048958547,-0.0008199780824890734
2014-06-06,0.923313318700546,-0.14418776141329873,-0.5278781753873656,0.04166217679444813,-0.10743078942275183,-0.4986217848372821,-0.03595006150966321,0.015481371108331725,0.11673848528194673,0.030663813150252375
2014-06-09,0.9204996146169331,-0.12735256521385063,-0.4949007460918705,0.03598130239137123,-0.09329323951231483,-0.4711572441445333,-0.044946947359307474,-0.008931305086710844,0.12362429180748578,0.02652889808485935
2014-06-10,0.9195995081797711,-0.11893290144773563,-0.493232159630323,0.041478892119505915,-0.07724948240487142,-0.47364930628420393,-0.03753195279640642,-0.019998152135073766,0.11683945590424948,0.024867753703698155
2014-06-11,0.9169645585943964,-0.09545285020347263,-0.47819870109081936,0.08344379538089787,-0.060529780836662196,-0.46469768907431763,-0.014320869175323821,-0.04992270079093211,0.08291036195446475,-0.013618430033981235
2014-06-12,0.9167064993812775,-0.11072429881209642,-0.5068518536037576,-0.001759257564311293,-0.06772192150718663,-0.4930236740762167,-0.08788852253997903,-0.006539160587149665,0.16786822664212117,0.036184511112521855
2014-06-13,0.9169063426516333,-0.15847599435277437,-0.5444407572100001,0.0023812286968867046,-0.09713216943013797,-0.5188630296067379,-0.08558451441299468,-0.07438070537691725,0.1894944907894468,0.04395179132970831
2014-06-16,0.9193251849664106,-0.15706414195175517,-0.5417690858833318,0.012241203374099669,-0.0967247064211988,-0.5176153823507849,-0.08311307207044748,-0.07788204943221834,0.18836277006909471,0.03870336613244886
2014-06-17,0.9197931322348586,-0.14872374345761225,-0.5339091713308324,0.017383280827840828,-0.08060264584596512,-0.4898153104873863,-0.06674333567656406,-0.10012061048788286,0.17966169534874007,0.03722585618249984
2014-06-18,0.9175096541962365,-0.18185755673346032,-0.49446634790164246,0.011559290067639751,-0.12593987837152631,-0.4624964984044358,-0.07285781005683468,-0.04527224236216824,0.17658202184776456,0.03960629202439744
2014-06-19,0.9179960717706527,-0.1515454151582363,-0.4714262744652512,0.015760412287713445,-0.11728084601066127,-0.43637355238083986,-0.07183288740217633,-0.1928371992385341,0.163845974529074,0.02563724450629008
2014-06-20,0.9151520045513881,-0.1796151878356893,-0.4481085000325412,0.040478201955390716,-0.14679618176020304,-0.4139075257144431,-0.047694064634286694,-0.1826596284299191,0.17976254721626989,0.014501472319910724
2014-06-23,0.9148432816958141,-0.18981951590778628,-0.44089877473865785,0.05591523565175124,-0.15955810477557067,-0.40621420677692793,-0.03021155044301499,-0.17622916244831968,0.19844757958299072,0.004597938799568981
2014-06-24,0.9108324150225175,-0.18933256531153228,-0.4516960690776693,0.0600042255361068,-0.15973680028313067,-0.40562430819429435,-0.029094916196822848,-0.17287544692180587,0.19806057617668937,-0.0009697934682797466
2014-06-25,0.912478456919128,-0.17202817629986072,-0.44292842664695226,0.07145883913853997,-0.15014058231442248,-0.3977971133045671,-0.020811066631911266,-0.18361905627494135,0.19448897331977105,-0.00040974685655036395
2014-06-26,0.9153629944539249,-0.16723291183592912,-0.4307223000473318,0.13647141597678908,-0.1452366908527424,-0.36775776455081516,0.08046225168460945,-0.19754132151277784,0.19988241269252854,-0.09981802780324686
2014-06-27,0.9155287773045395,-0.17596221315323343,-0.428233258561876,0.13860285994372187,-0.150018169996087,-0.36971381926393265,0.08038678992166697,-0.18262606934442674,0.2067979931551432,-0.1057725301600703
2014-06-30,0.9178785561191476,-0.1809509492440562,-0.42704257130759027,0.14873593481395267,-0.1552829537664877,-0.36360753500147464,0.10143529371268019,-0.17063906730969527,0.20260231642325272,-0.1207553376378149
2014-07-01,0.9203018785132026,-0.13539197580586898,-0.4257457043316234,0.18844265801442103,-0.08172052948947958,-0.3649568382989003,0.1666441820275469,-0.18900256818026667,0.18196123650418566,-0.13036475606634895
2014-07-02,0.9205582634227301,-0.168758834011856,-0.4003404372577046,0.16407855251718578,-0.10109880862082327,-0.34199403669692413,0.14754647573999888,-0.17370167309022994,0.17044623359305366,-0.0563902799753187
2014-07-03,0.9216987323755518,-0.18741037961737408,-0.40879208021179436,0.14166224412541106,-0.12747792331527572,-0.3540736422186565,0.10919979222480788,-0.17501930565023874,0.13732460398464946,-0.0643714575084522
2014-07-07,0.9176550354442259,-0.19565593661708522,-0.4054155151278677,0.11490298560220502,-0.1375072476589836,-0.3455192448002234,0.07564912890809153,-0.17407952089716852,0.13532016772141275,-0.054262871782599066
2014-07-08,0.8875139767920605,-0.17125604465355823,-0.40051056513387845,0.12192840999436569,-0.10153560047058739,-0.34145027731844696,0.07655413084270825,-0.18875882597091134,0.1376696106520553,-0.05114418531084717
2014-07-09,0.8791254387625582,-0.17152831601298946,-0.3738025035266309,0.09479669849598499,-0.09605207057320161,-0.3119192978856354,0.04316159294167395,-0.1876025025950331,0.1064351787084353,-0.04904529980588442
2014-07-10,0.8793542095677517,-0.2102817647748517,-0.36395380185323944,0.06104658611933823,-0.12094991455458769,-0.30486848673611233,0.020586776477557855,-0.18111060164167764,0.10411061406345015,-0.043219160193237266
2014-07-11,0.8836617419105535,-0.1681349688125396,-0.3881986468164902,0.05558682603562511,-0.11483572696653649,-0.29562177373731097,-0.013730269428097259,-0.14670546521702135,0.09384622602497186,-0.08423328310807886
2014-07-14,0.8773879253047205,-0.20745283086936642,-0.4154335417386871,0.05397485094082647,-0.14300513195543832,-0.3139585224413042,-0.017897459403815465,-0.0938270265582413,0.0541252845224077,-0.09216351141545354
2014-07-15,0.8792353452870857,-0.1902775005217407,-0.4182341956071509,0.07001394216457497,-0.12746944219389592,-0.3232043581777663,0.007742776111370823,-0.11296291444824359,0.09392727008631316,-0.06063740646452059
2014-07-16,0.8790008408636378,-0.1805916882863724,-0.40577706533671687,0.08532023396417235,-0.11747081470254495,-0.31532513366260323,0.017820236441486656,-0.10880900252239058,0.10339630280668557,-0.03888764440281845
2014-07-17,0.8891604641919586,-0.250510526548231,-0.4626291294070845,0.02876130219339814,-0.18042670587744808,-0.375227695364774,-0.015661090660763422,-0.03442752424654653,0.1457018285774016,0.036462939919530195
2014-07-18,0.9010143696952202,-0.27430207071538,-0.4617288359006146,0.008831649383973607,-0.21289907976179984,-0.37079785692907913,-0.041586701580125625,-0.023049350704376744,0.15126346210360575,0.046227368798668296
2014-07-21,0.9081159140127095,-0.27949483294945787,-0.4664977608966839,-0.0058890215108888455,-0.232903012380578,-0.382542629562157,-0.06040024785048945,-0.023571032457712082,0.14806824037280708,0.05870164126027041
2014-07-22,0.9057012599165638,-0.26746203546946123,-0.473491324654242,-0.07268556384283831,-0.2151191418583788,-0.3992682250665833,-0.15962750341036422,-0.02747683610121936,0.18229011567274747,0.06111118935090663
2014-07-23,0.9044819206840388,-0.26477725759484744,-0.47137240409113074,-0.07229040800517159,-0.21436408843277294,-0.4008130818116153,-0.15153658489489316,-0.03529695202018829,0.1837790892490905,0.06250104769507309
2014-07-24,0.9031075245882269,-0.25771878923726754,-0.45812630200453813,-0.06636972309237961,-0.2020292337524571,-0.38137390004927857,-0.13890175989571438,-0.007529660510941097,0.2053396000489638,0.08835103872983624
2014-07-25,0.9049329474219707,-0.27540574736687695,-0.48204665454256834,-0.049949453547653254,-0.2182488001698439,-0.3982661017982398,-0.13290791845333289,0.03746933837394115,0.18433868379215265,0.09465961846890421
2014-07-28,0.9059994712937567,-0.2766072698647243,-0.4864517367213389,-0.05102117975399425,-0.21609071204920424,-0.41021119360729946,-0.12849785527223817,0.05094295869104,0.1819018578559198,0.11802394126848914
2014-07-29,0.904241294395689,-0.25989814685199564,-0.48622109713132267,-0.028331084146376223,-0.20302953695172013,-0.40815771678574647,-0.11429964448021979,0.030673991072230355,0.18069849324048642,0.10375932167112961
2014-07-30,0.9028513187416836,-0.266134190001674,-0.46074554431191467,-0.02103019320266612,-0.2188387081280967,-0.3991281659044695,-0.11671973989919675,0.06226007510793729,0.2002919034998583,0.15234414526392812
2014-07-31,0.9162544439210826,-0.14752487234717035,-0.3585205243535497,0.1279143332488289,-0.13206922644378058,-0.3259506594782254,0.021564653699665582,0.07493257846193288,0.23881298102481915,0.16337248291381246
2014-08-01,0.9405372456553057,-0.1322431241914557,-0.36023721590301533,0.11064765975565181,-0.16812113119535263,-0.3451526496351792,0.045061960745092236,0.07657238402310049,0.2825941881894585,0.17113769546908075
2014-08-04,0.9398119651079588,-0.1385988030776052,-0.3704894603574483,0.12852985812401188,-0.17244737130181795,-0.35585564494661587,0.05618992310418126,0.07975726146775007,0.2732812396796607,0.15730811725033364
2014-08-05,0.9406209960235581,-0.13047966186176033,-0.37089813588670606,0.15988508411646254,-0.1666017439883276,-0.3571379690310875,0.08279631287525765,0.07843999653864533,0.2724346734054039,0.1454317078783023
2014-08-06,0.9384067371263881,-0.15546595424058507,-0.3606940972075595,0.14361335232410036,-0.21275511002454345,-0.346114936243963,0.06292967095260742,0.08676243267817052,0.23679471138952637,0.1544931018335258
2014-08-07,0.9383702493427124,-0.16150394807264104,-0.38249259817642156,0.1269420630126362,-0.21759197621700807,-0.35760741332255325,0.05658523400330155,0.10383380993759336,0.2562858337599763,0.14126499027550857
2014-08-08,0.9295454894562386,-0.14092357182825815,-0.36909547928810704,0.1291641020657534,-0.20048351517596963,-0.34460861398659154,0.06483247270838194,0.076279730915639,0.2491638974350347,0.13043620987392193
2014-08-11,0.9266535037202418,-0.17751423447091985,-0.3481371365170585,0.12255941632356228,-0.23395406219084877,-0.3248422014968203,0.059794655839980254,0.09857981601018767,0.24214226415096024,0.1400097416627238
2014-08-12,0.9268140848011241,-0.1753158176868495,-0.33475265138068255,0.12092315037356795,-0.2313389370271699,-0.31155305549417683,0.05418220224996125,0.0953826942290736,0.24558827518969967,0.1586439662318931
2014-08-13,0.9282190163635973,-0.17089761856062388,-0.30342185151763706,0.11804937619613931,-0.2251096929132622,-0.2682597497555114,0.04943657465934683,0.09982431634891796,0.24621661927043412,0.1752920289455977
2014-08-14,0.9289563978844694,-0.16974489159811063,-0.2829162116558806,0.08499810771811576,-0.22387739615081653,-0.25146872236161016,0.024883584420562654,0.09996611378420461,0.2230788830994453,0.10038117537555863
2014-08-15,0.9230435393082533,-0.16166581889528878,-0.26329299472407985,0.04373286172509934,-0.22578068335173962,-0.2151851139019795,0.0018272340437631934,0.07128292667994089,0.21474313904784847,0.16205414074815816
2014-08-18,0.923123083525856,-0.17261208275112813,-0.2907824194561677,0.013654253074367389,-0.23443197213303205,-0.23341589638881038,-0.018837893308839525,0.08529834216518678,0.22097746811051222,0.1896386623796372
2014-08-19,0.9235260696988421,-0.17430477869801178,-0.3054930397056918,-0.007971651958251275,-0.23568955144413686,-0.25142578300995383,-0.040720003361179646,0.08991471728549896,0.22653185228557454,0.1905612013927808
2014-08-20,0.9228342694915284,-0.14162178799431474,-0.32477819602245006,-0.0047502635734551334,-0.16951350370774093,-0.28202559760287593,-0.046341214169110335,0.13643723115258044,0.23664127864077983,0.18591273778264927
2014-08-21,0.9236143945679665,-0.1528155593632081,-0.3178708317035259,-0.004289729082459592,-0.17957526541243402,-0.2652505950615835,-0.061692871536065175,0.14086351000780387,0.19693371141896548,0.24370531417361826
2014-08-22,0.921201354944216,-0.15121940846966905,-0.31271663558372154,-0.014721859830607267,-0.17627838092906054,-0.2545124849485121,-0.07478283944997416,0.14022845845056225,0.2012760948918541,0.2550848607251756
2014-08-25,0.9211187160783635,-0.1558155662793792,-0.30331367344695287,-0.015100317889068404,-0.18144043778841454,-0.25165901844166044,-0.0779690948559871,0.1343597139896019,0.19761837589519954,0.25248455318223106
2014-08-26,0.9230167761868502,-0.1552795933602734,-0.3046451361017015,-0.014746662353856578,-0.18877755447853709,-0.2626729164490082,-0.0810865665945658,0.11236182772896008,0.20000209676079012,0.239529220895633
2014-08-27,0.9230463231039479,-0.15400223880177147,-0.3249176708809667,-0.013231536819180758,-0.18715585694370723,-0.2855455934596119,-0.07897462823568205,0.12305218542787197,0.19809069381570119,0.2659252032895435
2014-08-28,0.9228784664085489,-0.1547288511161113,-0.32553863249958,-0.01629181209030589,-0.18912238061914902,-0.28787528680667257,-0.08446179029445562,0.12814381399960534,0.20602371236590497,0.2737238740785193
2014-08-29,0.9214178104500702,-0.17538415865254045,-0.3268678948739649,-0.009487697949219533,-0.2116365779040586,-0.28914691770003154,-0.07790611777334908,0.13097253131272132,0.1941868235308989,0.26664162710975214
2014-09-02,0.9188463641547745,-0.15976733141850138,-0.29556992281262606,-0.002959713915549087,-0.21236290527576426,-0.28183771002020136,-0.08929489165658629,0.22093267840341438,0.2816661260802372,0.36498736805076704
2014-09-03,0.9128213133459594,-0.1610775309610779,-0.296369496827141,-0.013934727203095541,-0.21922227575738354,-0.29378364436691345,-0.1254535724135433,0.22554452912414888,0.29328863867850224,0.3932022890350463
2014-09-04,0.9132196484819184,-0.1558437273945259,-0.27700371115284855,-0.00961607399353479,-0.21616252568738384,-0.2731858570293066,-0.12210489533369817,0.24991934818207712,0.29494619161987834,0.40607845355395694
2014-09-05,0.9156725583819278,-0.14794151341306852,-0.27988177490384464,-0.021856204354171294,-0.20866426006852543,-0.2757192620157,-0.13155726800867282,0.24508822843380693,0.28127592964506587,0.4086358993613283
2014-09-08,0.908411098918958,-0.10466486088760349,-0.2571198096458531,0.045782821599974315,-0.1784026352041021,-0.2505009491458479,-0.06545832421977453,0.22354576870926193,0.25169251510723706,0.3840314274932631
2014-09-09,0.9111201746365989,-0.11006080740929658,-0.24773410187114886,0.04333580915402592,-0.1810077320303559,-0.23849280869737843,-0.0646771522624441,0.22410466580663785,0.25004419642525944,0.38543204786907626
2014-09-10,0.9100360297569096,-0.11518214907099059,-0.2555795189579887,0.03322786797832838,-0.19077961234144403,-0.25303833173579565,-0.08079372266055979,0.2343758425734928,0.26051719165560494,0.39380241751701733
2014-09-11,0.9107469186646192,-0.11554417615570678,-0.2507874408845295,0.037511129509495054,-0.1853095261939028,-0.25485234300323706,-0.08918431044814397,0.24082067644306007,0.23356006374806712,0.3693126423203302
2014-09-12,0.9137539097221139,-0.10357411337133664,-0.23957526767214354,0.04647665108658871,-0.16974592449355888,-0.23510920232371357,-0.07845861023064137,0.2562471316492615,0.24193089064018408,0.378475902642316
2014-09-15,0.8972929676199346,-0.13849259079218953,-0.24268028807314843,0.04225135115752832,-0.1866880243210245,-0.2508906974714094,-0.09655215262093772,0.48657787876497455,0.24721553665637877,0.41034499102442096
2014-09-16,0.9006645758211002,-0.12579031783325484,-0.2615701222101523,0.08694261834808295,-0.17633324407410492,-0.26320413373823387,-0.04638908386931708,0.4911265767705818,0.25621335002722795,0.3590586891993844
2014-09-17,0.9005359409762361,-0.12699175819569167,-0.2641822038043547,0.08473210053313508,-0.173841597272266,-0.26515183404242937,-0.04737409715602908,0.4997709292925608,0.2663497137308279,0.3604087211694457
2014-09-18,0.9071915340544331,-0.11365003899512412,-0.2321116265702719,0.07049660521702644,-0.16266820329462534,-0.2514514921874639,-0.06229409276615166,0.5031808701226894,0.25657846345622654,0.3563838738050531
2014-09-19,0.9063912487940081,-0.11321199079135774,-0.239416715864251,0.06151840894520889,-0.16233968065793117,-0.2594319607741952,-0.07318965092234363,0.466428162927649,0.25377792303683655,0.3458236012408873
2014-09-22,0.9103234637156705,-0.10882257135102837,-0.2365262351531889,0.08114808424138072,-0.15614338370139932,-0.25708682948574274,-0.04744462792037031,0.46895311132716894,0.2533183940599306,0.35057163874403313
2014-09-23,0.9091532688454754,-0.12755800197274697,-0.24768173533303536,0.06065605562709475,-0.16592282634073832,-0.2613636195645494,-0.058425082679614736,0.47789048608676316,0.26590105131727293,0.36101007967742305
2014-09-24,0.9126546297018542,-0.13493253030711164,-0.26170603854939023,0.098440068471335,-0.18181178023586939,-0.27746480571164733,-0.011593723859129048,0.48434686811429456,0.2525700694332602,0.3234851087781255
2014-09-25,0.9233544124945025,-0.15301122196415848,-0.29852663843844524,0.10467690792724363,-0.19768210756401136,-0.3121802189673776,0.0021378147022123165,0.49217795380790086,0.24883875563283117,0.314751652749788
2014-09-26,0.9256583504242876,-0.15574696563491902,-0.30386786984863945,0.12985726345364745,-0.19964858325935225,-0.31767498633207764,0.03022134712477217,0.5108536227276571,0.24831592166312033,0.2866047036368933
2014-09-29,0.9249332753854671,-0.1520000471350905,-0.3000695297614238,0.1265124259519173,-0.19614890762839063,-0.3131746080785926,0.028297032149621978,0.5069582850871011,0.24753221030835018,0.2992241538502814
2014-09-30,0.9220165830767266,-0.14483267038578224,-0.2833486254761272,0.1386971884210941,-0.1966754854412124,-0.30746499343740663,0.02058039514615194,0.5164123315418406,0.2669961882337065,0.325490965095997
2014-10-01,0.9300399153464132,-0.16786597606132403,-0.33536562114158674,0.15684528569484732,-0.21847360211411085,-0.3477842071261366,0.04602335912327954,0.5251640330211215,0.25620177733927685,0.2838902274153
2014-10-02,0.9294016378155148,-0.18379571059607236,-0.33272800249459344,0.17181469678693773,-0.23978779671895623,-0.3434133084628703,0.062231046711481476,0.5181042892214514,0.28026221724891276,0.26380873102756147
2014-10-03,0.929885421411832,-0.23078865723926362,-0.3106855848429668,0.13013709469262436,-0.26923269674479944,-0.3289202231569697,0.03563314526098908,0.4803269218604525,0.31052786057381127,0.2488500960858935
2014-10-06,0.9323261691262315,-0.23233398872115812,-0.31501264798083256,0.13506975538003246,-0.28135507137590265,-0.34261847669934004,0.05314880943519228,0.4617162583042308,0.34822775191827265,0.27560373783133496
2014-10-07,0.9355243234742735,-0.22244763649631957,-0.3547652912580863,0.17809213583575134,-0.27545560137562447,-0.3740931055243383,0.09195830770508409,0.46835904364128605,0.38525521828134546,0.22983720448437725
2014-10-08,0.9423436286146499,-0.14833014061409425,-0.34210573782298537,0.12036971128353637,-0.20782850437738115,-0.3644381284547226,0.03840986136581585,0.45406986982608594,0.3371228941947749,0.22514929250995386
2014-10-09,0.9438173759543415,-0.16139018940456404,-0.2921697763646001,0.1990368780169869,-0.21818396083643252,-0.3302235335066927,0.10281485720520193,0.4435779673122064,0.3021989362261809,0.23351948032206649
2014-10-10,0.927838244611355,-0.10421502149664086,-0.2854847426724825,0.22838156101668608,-0.15192478389635272,-0.33467921102013815,0.11604353107185338,0.4022900758753024,0.25949427146192106,0.20859637400713085
2014-10-13,0.9296881496776919,-0.1269657499309438,-0.29067025472632513,0.23396576030819075,-0.16230711941460496,-0.33834373666394013,0.12532232577058408,0.4055284923869973,0.2504502662656904,0.20458696878321792
2014-10-14,0.92927705814104,-0.12468900261022314,-0.2844545519485683,0.20895779024428754,-0.16155545603636265,-0.3358227488269116,0.11659591054701025,0.4043296472890421,0.21749171331635003,0.14705843996404558
2014-10-15,0.929274335147327,-0.12655103556216593,-0.2961243908539124,0.21161338043385639,-0.16148259234226825,-0.34661395283989554,0.119446624105991,0.4127795504984265,0.2147428298723096,0.1429889717762821
2014-10-16,0.9268314102746551,-0.12637737630186233,-0.29213105152441665,0.20428213903037568,-0.16615496328444912,-0.3290063315232407,0.09216201884815602,0.40144335713201473,0.22213028416046876,0.11946272905775476
2014-10-17,0.9302556074872482,-0.12740964437310048,-0.309679669098626,0.21865590994353515,-0.17094096754983465,-0.348692308682278,0.10758157614859508,0.38429746740010456,0.21225934839977745,0.1003116110561804
2014-10-20,0.9316253516174031,-0.08474786915740919,-0.28986558990638883,0.21664312068356137,-0.1232926110189871,-0.32615128327007004,0.10522866410277057,0.357179409255168,0.21085424630723248,0.09804371700958835
2014-10-21,0.9386023922717024,-0.06311547560385926,-0.3217385525387943,0.23259170012346642,-0.0961155197700152,-0.35764144933342623,0.12918280200746582,0.34320549082595897,0.2144046920957969,0.08234282182494929
2014-10-22,0.9390359244368471,-0.0547422413991232,-0.31819344398053306,0.24766310352725085,-0.0896147334520761,-0.3564201690661257,0.140402904578105,0.3441307021629652,0.2286455204958973,0.08127826812195439
2014-10-23,0.9420875207496079,-0.07554062215048463,-0.35043685037706573,0.2768974618886343,-0.10934557056840134,-0.3785089068616384,0.18033551418941246,0.3591141617934265,0.1948604489224968,0.019400912296431202
2014-10-24,0.9379695744202972,-0.15530500202450503,-0.3900212469848081,0.24250013336660964,-0.18155391683708375,-0.4130277750631522,0.1448459133018001,0.3528989922326511,0.17060636160345236,0.009575148358565785
2014-10-27,0.937384989524011,-0.14672648059531393,-0.38696148432921995,0.24345607221164112,-0.17369619962865818,-0.40936308950764244,0.14438257373191182,0.3375595761947729,0.1765762838751684,0.009827229605507307
2014-10-28,0.9391528569613438,-0.13579607601826216,-0.39683459928371123,0.24527847317712012,-0.16244238382007598,-0.42039061956245777,0.15055559441105157,0.32936922861297124,0.18469774633390101,0.005178590249950399
2014-10-29,0.9388225610258749,-0.12346897331374886,-0.3957422219314184,0.229848850921587,-0.1400263674844809,-0.4191373728070466,0.1320570932112799,0.30966958014188967,0.13159353653671269,0.012399929172026529
2014-10-30,0.9362210337505609,-0.14343798546077022,-0.3939315228593816,0.2149983604339377,-0.1402711811548393,-0.4192491195407869,0.12829165673331236,0.3209813478331508,0.17087170406081734,0.012050155492411542
2014-10-31,0.9385296737935077,-0.18741518093127046,-0.3886794707148476,0.2198080477814014,-0.188922037397598,-0.4194297335724929,0.12944547061855405,0.3063964752591452,0.15524407173826768,-0.0006610993630572039
2014-11-03,0.941219320645386,-0.1965293134239691,-0.3860125934886527,0.21401685788490368,-0.19368684274297496,-0.4173279143283774,0.11818418688323362,0.3091634558743824,0.1621847828849105,0.0031087208856754533
2014-11-04,0.9417048352738502,-0.19943266133578358,-0.38765214656855557,0.21859702492586106,-0.19664226095664403,-0.4189393533985878,0.12091177739054035,0.31079535132095365,0.15507263585439598,-0.0015831281866152463
2014-11-05,0.9367344191362384,-0.21645664870310974,-0.39785579222888773,0.23212053306833053,-0.1785019664578356,-0.4246473584189837,0.11381290735835885,0.3130464830002334,0.05654270273832113,-0.015079619356716888
2014-11-06,0.9363036425399045,-0.22139303548424386,-0.4156296394686577,0.2243838749188803,-0.18775988677604535,-0.44505919522654286,0.10709467998210087,0.29708468962659074,0.049154004864367905,-0.008325381128033658
2014-11-07,0.9357284766741124,-0.19710892927792756,-0.42033579259380144,0.24379406066451534,-0.17989985189412447,-0.4538436122795169,0.12027286554408649,0.34796823937194754,0.09301569669411403,0.038042088691653646
2014-11-10,0.9381898681418374,-0.20098738082256914,-0.4252342326205174,0.24147690250457213,-0.1793246095291587,-0.4727394197219892,0.10990834122863309,0.40165320332367693,0.13090926814378387,0.03465571941647722
2014-11-11,0.9375339748791823,-0.19171696256479182,-0.4121115524765381,0.25334407104038786,-0.16414200747378602,-0.4648582667116997,0.119401630890133,0.39286883005377055,0.13825196237067527,0.02105248536970875
2014-11-12,0.9363932866243981,-0.19035228406455945,-0.408177095144852,0.2610658321491442,-0.16458390559117217,-0.4626109610231254,0.12339081863759126,0.39393961792638726,0.1405889626556552,0.018047817702971165
2014-11-13,0.9366626457829298,-0.18884175450157,-0.4067158415826358,0.24874019339979148,-0.1620983790114343,-0.4608201317480676,0.10813674466425635,0.39430348479159333,0.12615985441365973,0.011654155063738528
2014-11-14,0.9362193720108459,-0.17407629331311275,-0.41169927131283557,0.240153041051347,-0.13836611124541004,-0.4602328108005069,0.11130500635962927,0.4136949330280413,0.20345597781409222,0.019591773543321183
2014-11-17,0.9358289237091656,-0.1726409305282159,-0.4100799745475685,0.2400762530998811,-0.13714571057569483,-0.45927435064959643,0.1121032250343796,0.41216976781780446,0.2043910902198171,0.02103850868413468
2014-11-18,0.9367594289319771,-0.15665238870080528,-0.4109926341072929,0.22676036954739925,-0.12162186212535413,-0.45641227405995755,0.09917954958028977,0.417355720897185,0.1845145726100181,0.014794024120885218
2014-11-19,0.9362842704643184,-0.1505448294617846,-0.40376723697214423,0.22513785276928047,-0.11031782850577274,-0.44322209400004,0.0952757824568149,0.4363042827873592,0.16978746239894657,0.013738640733201144
2014-11-20,0.9359404126246185,-0.1452602371672458,-0.4026223066384472,0.225603105886951,-0.10074594714697266,-0.4402678678883521,0.10315958338819546,0.4468350901860257,0.1932089205815822,0.02635915440985311
2014-11-21,0.9341921800271292,-0.13720802882124,-0.39052828705064563,0.2370256575010358,-0.09733777883118107,-0.4355371280627965,0.10758712314492605,0.4466376937441135,0.194369704928832,0.032220739718096594
2014-11-24,0.9327212968715858,-0.13782375181146853,-0.39042317113314157,0.23048290666942697,-0.09856054583829706,-0.4332208281059063,0.09456876900122331,0.4463840625188256,0.1968715846262604,0.03050751158293525
2014-11-25,0.9332839696971903,-0.14670441345895238,-0.42015233514430833,0.2318452649139489,-0.09411759053611606,-0.4437936117289288,0.09930815609885833,0.404567418717787,0.14285736620727713,-0.07601649427444407
2014-11-26,0.9349386669791006,-0.14607324501597888,-0.41848749005618796,0.24261105622412524,-0.08901937975403945,-0.43403315324946856,0.1237196986086706,0.3997315323477484,0.13069027537869618,-0.10203839178817131
2014-11-28,0.9306337343189727,-0.12441931477750594,-0.44491163202059664,0.21952409426207192,-0.10170819690942208,-0.4449573655358449,0.06810409073246455,0.3227559009948886,0.30147196881103544,-0.17611920038280546
2014-12-01,0.9309768618652897,-0.17140315063024264,-0.4180243914024879,0.18529199241652314,-0.170028141862331,-0.4096699851160059,0.027743695133158237,0.22311473802582799,0.37564466201948526,-0.20609003281506713
2014-12-02,0.9318941798724654,-0.1894278758514935,-0.42797796872134997,0.16560834447118106,-0.1735596917138666,-0.4088640502589072,0.020351097173911634,0.24520762144532082,0.39145707325194135,-0.16303500667495247
2014-12-03,0.9302373909453046,-0.1799322148673783,-0.430062252488352,0.17052269775469345,-0.1694083839014842,-0.4146999940182492,0.023362537232238124,0.2514476063232212,0.39235609867048143,-0.15988992637003085
2014-12-04,0.9309984259709013,-0.17653290799356305,-0.42755257241944106,0.17353940120088043,-0.16454939308077784,-0.40510049454693425,0.02787653417082891,0.2386442622664853,0.3918954091431769,-0.17007877561284063
2014-12-05,0.9311089710267207,-0.17686493416221521,-0.4265593227711743,0.1724819074837265,-0.16349653017761656,-0.4033960194550688,0.03174452053870308,0.24842700403667928,0.4094453896119181,-0.14942355895431939
2014-12-08,0.931656318033564,-0.2030848421284921,-0.4789009626146193,0.19518766784769134,-0.18540111522960284,-0.4465613803253826,0.056756520076025496,0.25551381055359684,0.3558600056052012,-0.20603618942348856
2014-12-09,0.9370501974021147,-0.20223544617272995,-0.47924874891176217,0.19331260475403675,-0.17162847911149381,-0.44760109822116523,0.07198587877961855,0.2648706914099785,0.37129679400853755,-0.19552632547070184
2014-12-10,0.93927606150929,-0.19299290673779324,-0.48269230224012394,0.2244692761483689,-0.1655694717602932,-0.45234594874065526,0.10070601267557973,0.2645891296714825,0.3693524170748895,-0.19884994507389575
2014-12-11,0.9393153000845789,-0.1937429713073177,-0.47770460577201984,0.21236090357748827,-0.16654831249411198,-0.4494038051992291,0.09279602670408457,0.25559299423146664,0.37225193214184393,-0.20364407473669427
2014-12-12,0.9363931784631168,-0.1831804625053791,-0.510941942306767,0.2491615071635637,-0.16334863573188196,-0.47154972173953885,0.11973597328262307,0.2425718124463147,0.3718058043383508,-0.23413976899819505
2014-12-15,0.9366878913832519,-0.14723532744261786,-0.5073904105332252,0.26512180042549555,-0.11741218062261634,-0.46251376801410976,0.14639146813818485,0.27244320696533386,0.4114294006623904,-0.22629953924585253
2014-12-16,0.9334694224938712,-0.1558808681526148,-0.5225429518541826,0.245465846542095,-0.12962091809024082,-0.4906450975916296,0.11410555089823507,0.2775450073017671,0.4143376398728684,-0.1945751439183246
2014-12-17,0.9367543874744906,-0.16086300190307784,-0.5453088823239053,0.26349686550157664,-0.13706168234341096,-0.5128597989111491,0.12964371419352694,0.2790040961659953,0.4049289033376764,-0.21299485130192014
2014-12-18,0.9407460905362632,-0.1186547685137738,-0.592717742785699,0.19068870011162706,-0.10217975689143409,-0.5522574510137572,0.06916174028576949,0.22699690716213022,0.4015541810966628,-0.1358347532547647
2014-12-19,0.9374003517772468,-0.11518200159758883,-0.5502293796432896,0.2048616352758125,-0.09775959105749846,-0.5086303868545883,0.08883925421632563,0.21257797135154552,0.35647580780168586,-0.044621301343611544
2014-12-22,0.9363137924346082,-0.12144568085305416,-0.5478225239303887,0.17803722415671733,-0.09717682125416231,-0.5066329949960257,0.07069018284098567,0.20785919011115722,0.39097962161166566,-0.03768460965213046
2014-12-23,0.9343267379551891,-0.12118908365422683,-0.5133314845365177,0.18040355138979933,-0.09831974800495563,-0.4516793546630839,0.05958884399861142,0.18619393409363097,0.3884067107145754,-0.12641636611613763
2014-12-24,0.9358306892864106,-0.12523785833245518,-0.5228378365266649,0.17565578795576778,-0.09816915006736984,-0.45291084072921084,0.060789252710016436,0.18018684515526778,0.38127184990914037,-0.14969156586577312
2014-12-26,0.9318729748738798,-0.10835856355079035,-0.48985549999410927,0.17960139812684853,-0.07186184789941542,-0.409831832541969,0.06088262181814345,0.17748781380647188,0.3693417976299957,-0.15947604631696638
2014-12-29,0.9316430868101762,-0.10791677141395692,-0.4971171125028489,0.18095625903764587,-0.06945470859732408,-0.41890548187846854,0.06412238286685368,0.16694655445239073,0.37600431266204426,-0.15545649753901022
2014-12-30,0.9316855809017701,-0.0955312714198312,-0.5110973650605523,0.1850533655005569,-0.06331917264401088,-0.42866451441971143,0.06518262774968757,0.18247518447289704,0.3758930587089408,-0.15159646624068596
2014-12-31,0.9331520514335028,-0.06704489274187642,-0.5070937831380136,0.1750413401759167,-0.03614956507926543,-0.4266735347469779,0.058434877544274955,0.18170861439190325,0.35357581056257137,-0.15000004491996707
2015-01-02,0.9304523792326413,-0.06196126297931213,-0.475974880471113,0.16871189367598732,-0.032777261636395674,-0.40333618378912256,0.05325076911479663,0.18457597328429232,0.35014183983309677,-0.15439958677648996
2015-01-05,0.9274271723543687,-0.13006954008711857,-0.5227819135363587,0.24256773702127024,-0.08971297490483207,-0.44111572098260265,0.11271290170394102,0.21835755429300574,0.2959233367714896,-0.2111100660100647
2015-01-06,0.9275607651648357,-0.14718858544238667,-0.600211683852284,0.24439654716954418,-0.10813418691727372,-0.5043700617920843,0.12215734181623096,0.24347430974882414,0.2729743431943976,-0.25857987406477906
2015-01-07,0.9378451911521765,-0.15841612251903514,-0.5908294605428188,0.28146196861906786,-0.12462999821589016,-0.49421256798688196,0.175647108591307,0.24905522707599131,0.26158480460482525,-0.2763931909078774
2015-01-08,0.9380443723717913,-0.14688966632315134,-0.6195220048650324,0.313211422556825,-0.11455988745498533,-0.5219616985865588,0.20430313108052697,0.24636981268094332,0.2552899190380128,-0.29402337141138146
2015-01-09,0.9388711127480097,-0.16173853071722163,-0.6306247534271068,0.31767315046639943,-0.12654553549584474,-0.530393314057678,0.20535437397130077,0.26022885120183675,0.25387042294098394,-0.28672805095250764
2015-01-12,0.939295871865865,-0.17217373983225465,-0.6278353034013276,0.3427315933080718,-0.13977592515251164,-0.5278676219064099,0.23695565432283058,0.2638544676454521,0.2221924129019116,-0.29824351245968006
2015-01-13,0.9411317288244082,-0.1689409802941813,-0.635023794672425,0.339522421621066,-0.13734718136181395,-0.5489684328527971,0.24943467259867835,0.26929133496724683,0.21603242513853482,-0.28744841141652216
2015-01-14,0.9401644803388756,-0.1654732409985604,-0.6326715622773271,0.2938496039720227,-0.1340833752043521,-0.5452884980715784,0.20925911522941462,0.2662539308269468,0.20826596727475344,-0.2480433717004291
2015-01-15,0.9412182073814843,-0.20757826638193413,-0.6542010985619966,0.3134641786690245,-0.19147556139627672,-0.5815084156867529,0.2372664324163054,0.30502263840177085,0.15123679408348648,-0.28084844542205684
2015-01-16,0.9380509821450043,-0.19184928367104012,-0.6591979566261761,0.34345523081191526,-0.1863292714172621,-0.5831147912127123,0.26009100750335984,0.2716108477114131,0.17866509362441768,-0.3219752844602664
2015-01-20,0.9348775192281681,-0.1970426964645191,-0.6515937374280991,0.32770611734872745,-0.17697861633132903,-0.5554650352575332,0.22981455793868827,0.2874025516117942,0.14693275978656364,-0.3463331772546211
2015-01-21,0.9334142656024479,-0.18759814835577496,-0.6394817392564411,0.31856599278179504,-0.16571731092963243,-0.5396879975224863,0.21580570429003076,0.2743341350066735,0.15601933981297963,-0.34877158260508867
2015-01-22,0.9358187892672197,-0.16599102153174367,-0.6426606572806773,0.29840322930819746,-0.14076021962036497,-0.5434072154265109,0.19398690938916754,0.26655809829249466,0.15217473711284024,-0.342250676613071
2015-01-23,0.9295449766196869,-0.15724838545789627,-0.6475007067288676,0.3036084478409642,-0.14197746174157175,-0.5309950847173392,0.19229124924874544,0.24568764204428634,0.15751336363968835,-0.3482146167782129
2015-01-26,0.9262616129093919,-0.16057166637791326,-0.640104664579589,0.2959626342102521,-0.14034914285972602,-0.5157577623244272,0.1804548486566437,0.25325201834757566,0.15630351342075974,-0.3420156208039037
2015-01-27,0.9201065123407287,-0.1844953921829529,-0.6232692502020635,0.26005968560951964,-0.17759915533166662,-0.4761815510632996,0.11957578009811609,0.25420551542938274,0.18771803545981008,-0.3420515559798259
2015-01-28,0.915576725610535,-0.15360237426494291,-0.6403066430186233,0.28345877890061905,-0.16818638168874508,-0.47975380778662985,0.12904857207159084,0.22852310694953368,0.19564034424803609,-0.3605883351537636
2015-01-29,0.9144190368974651,-0.14639909372173235,-0.6456261067785465,0.2908087030887327,-0.15628027435672462,-0.484820233965477,0.1353965128164612,0.24026917193287134,0.18320196295484403,-0.3662645662417994
2015-01-30,0.9134184540654428,-0.17836895824320687,-0.6605701621831845,0.20459430596662556,-0.17185205104575102,-0.49342506554555887,0.09350848012740416,0.2715857005007669,0.23170088749925158,-0.2654367714849001
2015-02-02,0.9131727460453654,-0.19244815574766327,-0.663919648286018,0.23644502748148372,-0.18163370288811212,-0.4989385452946503,0.1162382547468845,0.27791278527665114,0.2030685038487858,-0.2781309861358616
2015-02-03,0.9163684154028566,-0.197815086566,-0.6805679436726074,0.26832569719888166,-0.19951531931813657,-0.5103860377984333,0.14540295089633934,0.2962851702751917,0.1982678755950233,-0.33356618410546235
2015-02-04,0.9155149927058228,-0.19881155301911071,-0.6782306757827633,0.2754878802759481,-0.19968317747182726,-0.5095346271039785,0.1453272235447183,0.29717552015837945,0.18438374588106163,-0.3246236801467459
2015-02-05,0.916819508274245,-0.20562960965082916,-0.6929278250810841,0.29511720375528494,-0.2004236001943473,-0.5205267888436977,0.1648201240695846,0.2707395954326,0.1737431655763373,-0.3582852093136224
2015-02-06,0.916124750091142,-0.18203955545920605,-0.6582864334180721,0.28887527781911804,-0.164189311290683,-0.4769220416696958,0.1538408388014411,0.29840379947477114,0.13161979342132132,-0.38339542561310447
2015-02-09,0.9165073999064985,-0.18682126771455387,-0.6530441533630759,0.28086910089120104,-0.17216085313411084,-0.4737200754483241,0.14767062103527276,0.30082968872061056,0.1302300114655092,-0.3852431293109451
2015-02-10,0.9183756470644497,-0.19592515745866634,-0.6606122406702527,0.2533945737309206,-0.18122624157125763,-0.4857217583732215,0.11430125162168163,0.3051654111738803,0.13800330258128005,-0.36034782767572543
2015-02-11,0.9183712057710492,-0.19493166874611578,-0.6607879660597351,0.2547264107922447,-0.1856682325512007,-0.48633086704432005,0.11651690508173086,0.30227433163240225,0.14568223698465482,-0.3603958284188373
2015-02-12,0.9204622698497859,-0.19615893317769093,-0.6627122196084506,0.27245874953779836,-0.19523220880764758,-0.49183559324722287,0.13543535546233032,0.2988277504836629,0.12652719061602485,-0.37211476297104384
2015-02-13,0.9207116044209397,-0.1931777687422532,-0.6626380068841522,0.2761881175911339,-0.19107518975861415,-0.5030390706800474,0.14622491034613247,0.2857102348738118,0.13161784473253146,-0.3831456501198973
2015-02-17,0.9202216909028309,-0.20043443413069884,-0.654531023351217,0.28077738389771334,-0.1978748809418203,-0.49657775825403666,0.15072685632611602,0.3105946112075945,0.12362003273588962,-0.3856829739605623
2015-02-18,0.9206432580078123,-0.20576187161126236,-0.6598086038135419,0.28144042267598796,-0.20796201007015191,-0.5051005819201442,0.15193155022149024,0.3033981687139969,0.12583645591203094,-0.3877101977041918
2015-02-19,0.9184960569189179,-0.20791955965318712,-0.6567368541203558,0.2810572244410521,-0.2159836536659599,-0.5113102019837459,0.14755133098597426,0.3020718110784111,0.11781649470877636,-0.3920828432194568
2015-02-20,0.9202415023163005,-0.21543656978524175,-0.6599815439791109,0.2704720249566993,-0.22049899850148633,-0.509782007597096,0.14086312203462883,0.29800997891478936,0.11810162935054305,-0.3998040965573866
2015-02-23,0.9215509453891046,-0.21487073939279464,-0.6555687823268728,0.27102237711438465,-0.21914670417620483,-0.5067542845046314,0.1424410474234378,0.2971200828006276,0.11613045073605442,-0.4062680157888992
2015-02-24,0.9214262954881288,-0.2149352421166365,-0.6439189661076783,0.27086660849459465,-0.219485495857652,-0.5039953662924148,0.14358231330794655,0.2906500446512834,0.11781421427341941,-0.3959200084721673
2015-02-25,0.9221321413717197,-0.2149907119943442,-0.6450063970337576,0.2644746370652739,-0.21987905440426908,-0.5078655709281285,0.13504733014774997,0.29217051066283545,0.1224605386710537,-0.38495749270867097
2015-02-26,0.9227961182567835,-0.23458694631735674,-0.6291735432811029,0.26750367748184467,-0.2110036559370927,-0.5166371687423923,0.1524068027628773,0.3181635679976753,0.0364679706759042,-0.34884125472091604
2015-02-27,0.9230322873165512,-0.21078638426958574,-0.6456094055312802,0.2838815479889772,-0.16225478441907618,-0.5416946063757553,0.1754329554813296,0.38707852672983667,-0.02271649105625006,-0.3359994514681629
2015-03-02,0.9238447044468949,-0.20445021072889222,-0.6411432381198553,0.29845155274349283,-0.1618292774829676,-0.5487226143799973,0.18714581871444136,0.3750998117779547,-0.039923307385491595,-0.3596568926128713
2015-03-03,0.9246495491038422,-0.21027512866172357,-0.6381972656813706,0.2927025858758828,-0.16293192910487936,-0.5435342976546779,0.18177572370519032,0.3741877322911386,-0.04411483158958107,-0.3629429744008168
2015-03-04,0.9249203036485103,-0.20856269060103955,-0.6374147991417817,0.2805579464941724,-0.16125724128334235,-0.5433088036313246,0.1717677651878715,0.38016179794284866,-0.049203188338313275,-0.3604341547579374
2015-03-05,0.9252300962146198,-0.2081425935813702,-0.6381180533325995,0.2808388130658772,-0.16409194788353915,-0.5457636156409135,0.17075128793772937,0.37366862018421304,-0.055460504532336606,-0.3637329798844766
2015-03-06,0.925913353329032,-0.12039312530864235,-0.5417009236607713,0.2807123182815034,-0.09357309974440133,-0.4696010835580236,0.16846438828270963,0.41476584868263644,-0.005849395010621222,-0.3115818227187749
2015-03-09,0.9268530589131753,-0.11968423953883094,-0.5321934059205841,0.2839312066488553,-0.10454390577123637,-0.466474897739118,0.16769561796151136,0.41340533311004224,-0.022177034534802437,-0.3101133652732768
2015-03-10,0.9274765044751423,-0.11135724761590746,-0.5437631895716987,0.2720935753962593,-0.0943150886238697,-0.4789546745446805,0.15763586686358477,0.40365833972700393,-0.020176000783959664,-0.3103800406376796
2015-03-11,0.9265211510540954,-0.10823200260104686,-0.5492705872757992,0.28040821477959166,-0.08840850753639971,-0.48603442453465473,0.16441064781632586,0.3979951132660054,-0.020724300922198097,-0.3081793182063724
2015-03-12,0.9243770459129388,-0.11197838613971421,-0.5280439649963747,0.24548601991385796,-0.0908557679559543,-0.47336954237947504,0.1431529423007078,0.4052824465160625,-0.023369306868991652,-0.29355776858876514
2015-03-13,0.9239386010821546,-0.152870063365351,-0.5275222799853567,0.24335101721415636,-0.1427316889436364,-0.4785301476723785,0.13152439838600935,0.41451867989508345,-0.07560532525809442,-0.29265000770888966
2015-03-16,0.928664427955853,-0.14382644049638652,-0.4875997929487633,0.23190748664143038,-0.12977861102232482,-0.43557279664383686,0.1322962723466266,0.40741327102313757,-0.07978443423667396,-0.313261761323922
2015-03-17,0.9228184704538324,-0.12790727307392788,-0.4802830151476463,0.23642682343631719,-0.11850052209171882,-0.4211170817908908,0.12849833715599465,0.3953462128532341,-0.07303507716902691,-0.317590245180758
2015-03-18,0.9147194636850349,-0.12525246580676383,-0.38383559223233427,0.3184937386218673,-0.12247836320219047,-0.33741736745359174,0.19317259523260144,0.46056593270033624,-0.008762783559165878,-0.2864476718915897
2015-03-19,0.9108596149658,-0.12280138115013298,-0.3904358570087,0.32085281516241326,-0.12086548288607217,-0.34997801027952324,0.1815042963265919,0.470380478049907,0.0005896645719220298,-0.32228686743622365
2015-03-20,0.9114066152207563,-0.09056020525125887,-0.3808361167856292,0.3487926267959725,-0.10456928311382248,-0.3439900961798063,0.19714404501752933,0.48737182991927713,-0.027747786365908786,-0.3181130247958164
2015-03-23,0.9143169839114836,-0.09311432193000115,-0.388187061989151,0.34432586728938985,-0.1061129427064198,-0.3708250494647453,0.2031209650867256,0.5050772603355131,-0.022517861519894027,-0.29528965204836455
2015-03-24,0.9144489942780313,-0.09508428944142018,-0.39430660055375316,0.3422687530017325,-0.10751518484510103,-0.375218797613715,0.2025036982916288,0.5056066269041181,-0.02204774756911366,-0.28853423344987583
2015-03-25,0.9158476954474529,-0.1092791479747159,-0.3582879495222855,0.2986882463745116,-0.1304425711726162,-0.31937162800678937,0.14436729345931248,0.5055811093992889,-0.01097007155914759,-0.30040287918756914
2015-03-26,0.9161958216845082,-0.10953260550566744,-0.34734770983166496,0.28843433031204874,-0.13525092674278266,-0.30369432661027684,0.13140019096785904,0.49387700291721454,-0.005403621856321455,-0.32451744758647716
2015-03-27,0.9157287810053409,-0.09985100499352326,-0.33786921232501294,0.273293229262708,-0.12418187898767648,-0.29197244398035843,0.11649979432240035,0.4846478703889047,0.004573901461728351,-0.345465527394244
2015-03-30,0.9158027157030678,-0.15278502502882155,-0.34550657587394445,0.28141011786145903,-0.17336810188924506,-0.29932865804871195,0.12495234576345426,0.4988075938562883,0.004414435809576129,-0.34718007325466915
2015-03-31,0.91789157843033,-0.1497575403491994,-0.3462689902109412,0.28873206509225074,-0.16762346871519326,-0.2953130102416694,0.13194572201418978,0.49616614608375703,0.009849734342287591,-0.3410314679271353
2015-04-01,0.9152074097634088,-0.11345323401271455,-0.3182170138085782,0.2288542241357365,-0.1467560381784588,-0.2757630407539964,0.07395356707244753,0.4941387400118908,0.09117425719234691,-0.277131371509236
2015-04-02,0.9125133668118729,-0.09485063255995063,-0.299261501740691,0.2094639595016677,-0.1215890807996627,-0.24148680807258793,0.043976791837241985,0.47897294727697987,0.11704000093663576,-0.2495624451667979
2015-04-06,0.9106719350826427,-0.06668097765349061,-0.3044784464767308,0.21403050746350138,-0.09268759089420754,-0.24626634794786006,0.05182823425890985,0.46108511074245656,0.14966906393633822,-0.25654544289486625
2015-04-07,0.9040089694247512,-0.05101921191707451,-0.27699043738455875,0.203107318717292,-0.07915485401015378,-0.21551955333929204,0.038421525719360736,0.449311832431335,0.1419412047521983,-0.23671271110899264
2015-04-08,0.9019954327008843,-0.03550480746369774,-0.2634479765866374,0.18219055368805173,-0.07182883453912929,-0.20306901171163,0.008833225751005666,0.43739302780853323,0.16311102527907584,-0.22650331127259118
2015-04-09,0.9005740314428392,-0.021322532301425046,-0.2632210043100811,0.15967164647266985,-0.05515642767090767,-0.20419391135474957,-0.024561321749151727,0.4390351979418355,0.196888538177388,-0.21290065076922626
2015-04-10,0.9009903827203546,-0.01149017095476207,-0.2610323597934027,0.16793786887328105,-0.04836000642535218,-0.20297647819501283,-0.019911955457515316,0.43749791325268633,0.2080577472581497,-0.21084440197609092
2015-04-13,0.8999410173240248,-0.005759142977389793,-0.25379605620617757,0.184504447196628,-0.04529230663559564,-0.19610729258303,-0.0069802282270907,0.43765563442627853,0.21013926798832278,-0.22747315445394084
2015-04-14,0.894441995057025,0.049622206251635326,-0.22596936308580376,0.15940498843906617,0.03004426939527893,-0.16542875045154462,-0.05274219079122439,0.39294875155154735,0.285139918905721,-0.1900703927907028
2015-04-15,0.8921657352345862,0.020116234888431787,-0.20061295354231487,0.1336767851241334,0.01023257828361451,-0.14385500248479868,-0.07080102640996223,0.4309339518305058,0.27532496243578725,-0.16278492239385298
2015-04-16,0.8948265302106164,0.016389567826823156,-0.2063768031055735,0.14036447350109157,-0.009793691345826583,-0.16286291611028256,-0.05246085492823352,0.4116356022028462,0.3267678769222348,-0.134666798589204
2015-04-17,0.8986606079318752,-0.002680625079713456,-0.2225435370846757,0.1395443795349802,-0.03194578454178786,-0.1864361848845885,-0.04753695206312006,0.4257704604637498,0.3223851826896281,-0.1303912581896157
2015-04-20,0.8933327501221139,-0.04692760931191613,-0.23122207741560558,0.16600593358887386,-0.0862489249326807,-0.20023475428319343,-0.022454903384326718,0.440845664011106,0.33725672293780706,-0.13465710576568568
2015-04-21,0.897318438325803,-0.05905349519057255,-0.21573361378300618,0.15870359580988747,-0.07843972226567744,-0.21065281014777296,-0.025526028495562736,0.45932824518042153,0.3171629267911096,-0.11091515824445584
2015-04-22,0.8995691099461649,-0.0673510274288003,-0.22474349490156542,0.1575456698726331,-0.09322084736518536,-0.2210422243997451,-0.0287428508582886,0.47622875446656293,0.314967448950096,-0.10480115654757043
2015-04-23,0.9065446605180489,-0.02322072496053031,-0.2215316930513463,0.1825505695325346,-0.01780200118901042,-0.2259020230947982,0.005655589492541648,0.4819146427801646,0.31357172163529573,-0.10187576344024288
2015-04-24,0.8991159552259508,-0.05019059502696272,-0.1751453608147481,0.1465759656598339,-0.06142005599243078,-0.18510038477242885,-0.019198283371925143,0.4900389866158909,0.3043881395499868,-0.0693200299138583
2015-04-27,0.8975096003718881,-0.0343848599923336,-0.16639687694660094,0.14869395736589242,-0.042887965904194664,-0.17737108635719548,-0.018947153651768717,0.4722562974139926,0.2963157151404399,-0.06848276172086588
2015-04-28,0.8931726466563115,0.05141442407235568,-0.11849684986630853,0.2314760430704163,-0.0028367162829408244,-0.13410929312393854,0.023076142665085314,0.39629154184525794,0.23020424982648782,-0.1440656339308965
2015-04-29,0.8950118734601092,0.08369003158999307,-0.0986092302020423,0.18674500735323193,0.021138967133735535,-0.11026627651015984,-0.014061503372193395,0.4022124559665394,0.24376157745515165,-0.15426081112564335
2015-04-30,0.9013922422076155,0.16988038678423878,-0.03844947207630658,0.11419854805583476,0.10442946683549899,-0.08377215649716246,-0.06949522680365239,0.3605136285866893,0.2592608300419914,-0.09543465682034438
2015-05-01,0.9062163625244436,0.16759234784526972,-0.06694981060034182,0.08407468108020502,0.09862528516610719,-0.11261515612500288,-0.08833186674160777,0.35897716861088025,0.3032027251306977,-0.08072949286376072
2015-05-04,0.905270509540911,0.16758044231275876,-0.0488336017042845,0.050206524004674846,0.09511452839652772,-0.0987132112878562,-0.11448226849897514,0.3462433303641534,0.292941762898507,-0.05302409336036329
2015-05-05,0.9105243633340753,0.13978907550685302,-0.06212654439386053,0.030671548346070093,0.04347571505085064,-0.12228075946735438,-0.12894088475374388,0.29156512804035545,0.35885771970204716,-0.02979766959737329
2015-05-06,0.9108331640082568,0.14704348601838457,-0.04275306379818895,0.036422238148303185,0.04774502299526734,-0.09328476772560737,-0.12544045182379332,0.28540156901202285,0.3554168276503626,-0.03076042923349906
2015-05-07,0.9077536822796347,0.15631151563369186,-0.010912386082852181,0.06980199064771692,0.05725755426601366,-0.05581794147884095,-0.09160539256737832,0.25165210047293296,0.35902474200646756,-0.0810781426648788
2015-05-08,0.9112870010808831,0.17355733410066213,0.0006263776368471514,0.08010252337871186,0.08004026337940857,-0.04779418917840962,-0.07606481658913479,0.2643885570878446,0.34840966688162756,-0.07478499664630918
2015-05-11,0.9088499404703937,0.1728561336445783,0.03456980204800113,0.05332330916011734,0.07719942547320878,-0.020289281282899484,-0.10758629432794656,0.2685543536349737,0.34701615087729437,-0.0623472245935272
2015-05-12,0.9096863853470818,0.15752906953059181,0.04078204300678701,0.04018864729851579,0.055258462449371194,-0.008679897701420039,-0.12957563420177548,0.28564184580758134,0.3476535698208389,-0.045703506047396494
2015-05-13,0.9094402815203907,0.16429975801302302,0.0463243098883883,0.03900428046224955,0.06575411437696063,-0.009295099264457804,-0.13109700420674433,0.21776987517455498,0.34615942729997673,-0.03554382296742631
2015-05-14,0.9129110127897895,0.1758320315495581,0.05463869541031278,0.033870953481963235,0.08056863628721307,-0.00022307087013582173,-0.13215025482185883,0.21797418395578008,0.3528440499961605,-0.024218884332792602
2015-05-15,0.9164093526444286,0.17561870303795438,0.05557908180811563,0.03290343284972006,0.08437380363402695,0.0035733884054927967,-0.12910685195294486,0.2180470174998725,0.3504807538251838,-0.029317035281146642
2015-05-18,0.9157867549630528,0.18626966231303704,0.03927946622514045,0.04590850812713425,0.09341602257594739,-0.013629619233369429,-0.11925480639827196,0.21970232744564566,0.3432025889675052,-0.017570904699771964
2015-05-19,0.9159082472581268,0.18450025130912193,0.04159706598531483,0.046546512650554685,0.09559869511330428,-0.013421795577196046,-0.1115147768981317,0.2343244305097219,0.3793986113863599,0.028426482190492118
2015-05-20,0.9164351141123419,0.1854504561506472,0.03272429581516531,0.04713437775413879,0.0959057298997637,-0.014772600271477539,-0.11094330294772521,0.24295924561734966,0.3795569118248754,0.03562572685679245
2015-05-21,0.9166707769497762,0.18383027457456072,0.043099594156335005,0.058404825157806005,0.09437308843441385,0.002805451057782543,-0.09150620788664833,0.2259923096787898,0.36287277092334574,0.05411025924811282
2015-05-22,0.9211100002096202,0.18560958535249658,0.038541524128197155,0.057935955979314835,0.09146401420400495,0.014249303653943834,-0.07779721281547088,0.23636795799272095,0.37810284694862833,0.02438161496761891
2015-05-26,0.9234506868736551,0.22060155122438777,0.00036176563556287967,0.08770935515409581,0.12672682465997587,-0.01811324469782503,-0.04711690433374339,0.1796391380128107,0.3972714410770583,-0.01174100413013401
2015-05-27,0.9233555155100568,0.22558920264503057,0.03253242824084965,0.07021496546410305,0.13208427511728307,0.021184110879079537,-0.06830491205550225,0.1719077384909464,0.4007263198128135,-0.0013713054585884914
2015-05-28,0.9228739683948297,0.22401160382496635,0.030110206185725432,0.07339860156165363,0.12991459612360517,0.019190882451227416,-0.06591190355491218,0.17060254459058227,0.40234865381555435,-5.967942911902923e-05
2015-05-29,0.9232552334050892,0.21860543044482578,0.02686207494391204,0.06166623912148956,0.1258664300534961,0.016556477957896422,-0.07437816773133371,0.17148264127196125,0.40746596262883,0.004944585446461832
2015-06-01,0.9232907553352387,0.21835505420045725,0.022375745457888577,0.06359429415348253,0.12553723107764472,0.01063680539741412,-0.07238227811972951,0.17128701126378107,0.4079682895840912,0.0032739932294424136
2015-06-02,0.9228270813950737,0.1277586075590816,-0.048246519482304795,0.02644442135307081,0.05765654919217461,-0.03005280266184856,-0.10325840871403838,0.05855358437515151,0.39030683931286564,-0.04897985682951033
2015-06-03,0.9232612371143373,0.12143291978125349,-0.06509142489358452,0.018826187395191957,0.05238237001143972,-0.04207252367481461,-0.10845287510218891,0.07913481549162008,0.3998427937637803,-0.023297491461334863
2015-06-04,0.9166546298244568,0.11915971691160905,-0.03999560723127672,0.00035365615282957586,0.04450166536431244,-0.012141981290967068,-0.13489671426548475,0.0732460578604083,0.4033546007959492,-0.024264733490590103
2015-06-05,0.9173626446677009,0.11770564657128509,-0.027891074440005752,-0.004666363376557689,0.03898729182403577,0.005551393403558376,-0.14304939540241543,0.09528764347708422,0.3943503535808741,-0.02658829179467965
2015-06-08,0.926416758246753,0.11671632582410502,-0.030196383592552986,0.029068678807584913,0.03232223716212575,0.004684181518812596,-0.12198813568170908,0.09531415989371739,0.39225170656675085,-0.02609177488748353
2015-06-09,0.9266777492245831,0.11969248054659795,-0.03265158684195714,0.0020538384050287047,0.03275225261973877,0.0057412925483979185,-0.14381102183300296,0.09285787573258295,0.4052105399558398,-0.041212248696487166
2015-06-10,0.9282151187404855,0.15267057592489078,-0.09183584562470395,0.0663838936003054,0.06100192583580378,-0.04091082507337945,-0.09397021524057525,0.08322071778042978,0.4146946806976095,-0.02776514961445061
2015-06-11,0.93079356561878,0.14243696139792011,-0.06490976956509535,0.05351700557457379,0.0614587421992621,-0.037466187225931286,-0.09314236125960813,0.07037101500724381,0.41019867407662347,-0.025712099988236235
2015-06-12,0.9333079603436146,0.07912370188868456,-0.1348420392332879,0.008923026915966326,0.020000330127500836,-0.08079858710840829,-0.12217634705154447,-0.004575237335136679,0.3655382887904053,-0.09419404332729939
2015-06-15,0.9401769372022805,0.07165248578167913,-0.14279807978773723,-0.010066789111862358,0.014793322518461147,-0.08294389858707046,-0.11578803786418217,-0.0023790749120481437,0.3686223920077234,-0.11043308184774082
2015-06-16,0.9423434416343439,0.033632148232311705,-0.14610714558926857,-0.027540546618398654,-0.008393070440765349,-0.08139030596879343,-0.12592297156434673,-0.02536007533739367,0.3568256046545961,-0.11820865608745923
2015-06-17,0.9423496582265543,0.040472061708545545,-0.1480876229795627,-0.024628126267930456,-0.0019093528759725185,-0.08423607527036803,-0.12461551914984785,-0.031811702105120826,0.34633974533008965,-0.11632893215903384
2015-06-18,0.9461214683693007,0.0859160710759767,-0.1383613197193227,-0.02097979999208888,0.044941855578181984,-0.08323117068635666,-0.11739838267041687,-0.045267500656254546,0.3447715528214242,-0.11628662736465174
2015-06-19,0.9415692476732858,0.09960764018806029,-0.18941552386066643,0.04656869043415086,0.05884355252551576,-0.13782960589933918,-0.04770797474087604,-0.04816624790135803,0.34741831439927207,-0.1214425223362908
2015-06-22,0.9419010548223914,0.08479447159598523,-0.22054866794106587,0.06801569256642961,0.043449126320759646,-0.17326865489688603,-0.027167192524908554,0.019016872038281642,0.32043508477673927,-0.08319419467047065
2015-06-23,0.9418952457030833,0.08620173475027913,-0.23045375995609124,0.08787144851870123,0.046128295001658826,-0.18508933496033805,-0.008733024520163828,0.033854304911546264,0.3139986600597995,-0.02312168442068806
2015-06-24,0.9406568006355222,0.14054504039628785,-0.2446344182132608,0.10173815429401555,0.0825525272988548,-0.19138620985708718,-0.001840991047907639,0.02209085504427307,0.32367888153264107,-0.03520108040913558
2015-06-25,0.9382219439632355,0.14235195817480073,-0.23762482011247546,0.07811024011011147,0.08290898436031564,-0.18450199493240887,-0.029290846279845528,0.02299079295603106,0.32674697761991145,-0.025464614247435274
2015-06-26,0.9320209046689902,0.1728496477112976,-0.2230421093982169,0.10490558773671833,0.11142026642733432,-0.15231803886151016,-0.0012210718606041223,-0.03270273985434216,0.27475691946943964,-0.07632779547515522
2015-06-29,0.9437727802329784,0.12424938176710786,-0.3290326970601025,0.16769259431723976,0.07234103433496,-0.2613241286642056,0.06322958114556543,-0.007905470924909126,0.25578731594529963,-0.13044061987374606
2015-06-30,0.9429848418807135,0.09453886103184594,-0.3277031115564898,0.13768629483721548,0.04297834859461859,-0.26012533788445635,0.032748303801502635,0.00822400124118507,0.19256577099802216,-0.12821637046210452
2015-07-01,0.9434050854776362,0.08208955954293337,-0.33920677544794553,0.10229137113919756,0.03482265122889575,-0.27074483967540103,0.006351737953066679,0.0238528472542126,0.219770431082308,-0.11447565877096708
2015-07-02,0.9440945541803607,0.08848341680578824,-0.34237429347848575,0.1369431458404346,0.04509926928358492,-0.27549172711584885,0.053343416619347515,0.02467828183437048,0.20536185260510134,-0.11609292706321346
2015-07-06,0.9436149990034125,0.09586932902919534,-0.3380773667052593,0.1497437624896363,0.053891402834437566,-0.2677133787397508,0.06675729721913326,0.022188336779304572,0.16172614056000206,-0.20619353882149713
2015-07-07,0.9407949321360348,0.0498351694913871,-0.32269287191333856,0.137091157832382,0.03430573685547077,-0.26342213370520984,0.05913936431986891,-0.007841013775534046,0.1329222186377708,-0.20955269666634124
2015-07-08,0.9452261279901165,0.018651802434732176,-0.33894075489289155,0.17591102519732257,0.012592297589294837,-0.28174283120016114,0.09425854253866278,0.002560049723589324,0.12798512869431874,-0.2231262312627359
2015-07-09,0.9475975528667673,0.024699584413471583,-0.34541706093358515,0.17588526916883349,0.008393633755597606,-0.27168140850852124,0.09834812876586145,0.001052747307833769,0.14601096833841248,-0.25764160509806716
2015-07-10,0.9499517541903102,0.017502937588884247,-0.3714278636436111,0.15049417001604098,0.00013942529903554962,-0.2996680339901272,0.06918926371086681,-0.005167268211412719,0.10379448210501044,-0.2700124940206742
2015-07-13,0.9514856551095835,0.0034018898026143655,-0.3670134881269059,0.13840014399247874,-0.017696409944753612,-0.2947888963782064,0.0571526249045715,-0.005964766017031406,0.11196953764396785,-0.2670087257205625
2015-07-14,0.9494255703794916,0.02246404384314979,-0.34067216171269366,0.14355542939954913,0.002527700564079529,-0.2634434567166241,0.06190935269644564,-0.02226137054494684,0.11130349644718766,-0.2596414509858956
2015-07-15,0.9485308190027988,0.043861185029324325,-0.33125911550402143,0.13990985538189255,0.02805758190295734,-0.24947354866636057,0.054214828525380954,-0.042784600720554476,0.127736639528385,-0.27598211993885347
2015-07-16,0.9517867152503963,0.03931567028713961,-0.3137153923302,0.12781303684451428,0.011360960416438836,-0.2230337217406097,0.04996634008561191,-0.04379478402796598,0.1477035136974295,-0.28694194270000084
2015-07-17,0.9339825150470228,0.05761047467127944,-0.30333351634839983,0.12965683457399882,-0.006716941676254661,-0.19527132032380812,0.048353288555899404,-0.09264865737688052,0.14716662259385838,-0.2932067285827234
2015-07-20,0.9333681371444204,0.04446333303306704,-0.3069067539909608,0.1232451116468565,-0.028476114228520043,-0.19961829864413536,0.03775502153787132,-0.07846911280725365,0.15922010931942057,-0.3017952112400631
2015-07-21,0.9416262875696148,0.056333194845574634,-0.3157601010075026,0.11453963018303107,0.011308819259608593,-0.22091110174760453,0.03864207158250975,-0.06453554609583075,0.15570130025397674,-0.29103508036743986
2015-07-22,0.9333568213475572,0.09278161365358462,-0.31738471335734414,0.11722031550731848,0.04061696103860754,-0.23100230902926594,0.07236871877787451,-0.0796450712028992,0.18951717868990697,-0.30094548701567275
2015-07-23,0.9369415087292483,0.0884090105711441,-0.32344976924434293,0.12042540840832115,0.050579084477432666,-0.24472028399185952,0.07759067478066266,-0.0613398312447564,0.1865464346922786,-0.30277625953328546
2015-07-24,0.9375870762382316,0.040477428419645044,-0.3377614028099858,0.14033704459902802,0.010790419527596783,-0.26325436767474786,0.1014372707393047,-0.06653680300976551,0.20192851711614188,-0.2851141139464623
2015-07-27,0.9367890173013549,-0.006709051659985277,-0.3434067749869606,0.18662000026050332,-0.052927049519007216,-0.2705856555740066,0.15964511056514874,-0.06562120312823543,0.2670751896871935,-0.29852714051789253
2015-07-28,0.9309807241987482,0.01287577391713106,-0.332038551971776,0.2119727834759549,-0.0396393299941995,-0.25665767813906093,0.175767004486945,-0.07621704640275287,0.27079408784139714,-0.30926978552144574
2015-07-29,0.9292209314192411,0.009410785463080508,-0.3309187245691519,0.23124425349599623,-0.04133727428399177,-0.25761063702226034,0.18227190405891674,-0.05958625727847665,0.2824474291115124,-0.3141211301657822
2015-07-30,0.9241632370834447,0.02657457754753138,-0.3404130104857194,0.2813058525466139,-0.03030244836067427,-0.2627021924642999,0.2377617238296464,-0.06975725290866192,0.2751211496677167,-0.31827256895836076
2015-07-31,0.9241063773313379,0.023063810268501406,-0.3668511643535353,0.2878889478659546,-0.0324034903687947,-0.29584139845659374,0.24703638620694984,-0.05455650283209224,0.24080478744100994,-0.3240664708837406
2015-08-03,0.9240008966424661,0.04005568020534388,-0.3875979139743987,0.3116557916701903,-0.015127099491638846,-0.31726977656280964,0.27154768862756107,-0.04994457553843202,0.24087994635477364,-0.32054767635829895
2015-08-04,0.9224763928362376,0.00962626247302821,-0.4016929243309802,0.2920073365381713,-0.03957143758478601,-0.32295879736424843,0.2536597942100463,-0.059433237721005484,0.23576804185651778,-0.33101178672202547
2015-08-05,0.9217206153721361,0.0029715841274852973,-0.45315315673246914,0.29093920204957446,-0.04698772446296034,-0.36647174731144716,0.2481137593133585,-0.07139367865363419,0.23846252594659406,-0.3331690947565557
2015-08-06,0.9202486766940785,-0.0037460930714359455,-0.460629582669815,0.3055766951441209,-0.05975565409010989,-0.37767078448695807,0.2645362049312082,-0.0654754607820607,0.21117545033799165,-0.34290489544075353
2015-08-07,0.9204461348524585,-0.008871513323132664,-0.46258310086283005,0.3074703233847564,-0.07553515095849578,-0.37679379801858676,0.2658808638104431,-0.01674242628814219,0.21755455648545519,-0.354968873012496
2015-08-10,0.9179021470771259,0.01955670740531865,-0.49524820011886433,0.3416146365108033,-0.06589346038862492,-0.407425718414342,0.29262555752840397,-0.05606706876410924,0.251475098101288,-0.37387375584898075
2015-08-11,0.9205394555159749,-0.005117085046177552,-0.5293050223693766,0.3566611913398525,-0.09017034488501886,-0.4387882470687219,0.3122419123168508,-0.053361999716174675,0.22627469671010833,-0.40757132030695065
2015-08-12,0.9200756123085005,0.0011488558600107259,-0.5293175020153915,0.35685936702425664,-0.07369564653423533,-0.43790871943984355,0.31245505517545447,-0.06778823691678282,0.2208023435893447,-0.41426011747150987
2015-08-13,0.9202147550947303,0.003290186322266554,-0.5315857701856167,0.36548347290974104,-0.07601098584941175,-0.44127188839561987,0.31734473767665794,-0.09156424475468254,0.19063074805079358,-0.4458828720062351
2015-08-14,0.9192761847595009,0.005558043413343396,-0.5286828774616138,0.3669478591332207,-0.07603075153950666,-0.4408104538368158,0.3180632184300056,-0.09182909078617758,0.18554408952302096,-0.4497894702889503
2015-08-17,0.9200336830661476,0.015814467337417325,-0.53737766221834,0.3621331377910205,-0.06341172815760981,-0.45079549555094195,0.3066082322370285,-0.08292507887350713,0.20160686870120176,-0.5159655302043142
2015-08-18,0.9202427869858358,0.015136468494930642,-0.5287926197986292,0.3515639523509546,-0.0646837666720315,-0.4386457043648809,0.2933488311997809,-0.08460836024464737,0.20314884661573504,-0.5226699827448256
2015-08-19,0.9179197900280106,-0.07720888554808521,-0.5169864424298973,0.35547143450182367,-0.1388514539207401,-0.42487298743474927,0.29013191311145586,0.00023480955861653315,0.08870148325894951,-0.5180581253919487
2015-08-20,0.9278265479122343,-0.18959981383198574,-0.5335483037695488,0.3366680917839352,-0.2546319759951277,-0.451973489453581,0.27629109690489473,0.03841281737729121,0.08828161292375158,-0.512504410956135
2015-08-21,0.9434656197146577,-0.22208490208505524,-0.4856975628999415,0.3113105237012258,-0.27712676068827813,-0.39969247195130886,0.25049337364908236,0.04285796544024332,0.08253764345441374,-0.5118734917268772
2015-08-24,0.9454373636550867,-0.13587407873471785,-0.39910609581741063,0.4608063221547532,-0.21391269628933085,-0.35806433903487883,0.37948960511388385,0.04331766941990572,0.10430112768772032,-0.508189894230664
2015-08-25,0.9396557128691037,-0.10480870233287387,-0.35722520187023704,0.4245150369005241,-0.20510883063757898,-0.34193993563903463,0.3672573395243756,0.08384081752992222,0.06458768914138784,-0.5226083962331104
2015-08-26,0.9528951191468396,-0.19209004339364913,-0.42326123608908184,0.4132968594949314,-0.2808144671819045,-0.4159725461986402,0.3618144059464084,0.14887294260109743,0.03484326411876114,-0.5103812590879376
2015-08-27,0.9551558293809803,-0.17334628415096706,-0.40585338903635465,0.4946342475523026,-0.26391994654022194,-0.4048844035051559,0.4324353304083345,0.13066888548517044,0.032907684609549896,-0.4637339056592251
2015-08-28,0.9550705998753878,-0.18002087247530865,-0.39844600596583274,0.45924702963039377,-0.2687476880069525,-0.40010531328911964,0.40006519276260666,0.1525691603288551,0.07982427506750665,-0.411600834105842
2015-08-31,0.9550752715449088,-0.18303425492353567,-0.39323193701496223,0.40363174076967384,-0.27234133349435247,-0.3917755068830808,0.33746184212746055,0.13802442224557418,0.09177147678270262,-0.41376699622419727
2015-09-01,0.9585703227144935,-0.1920861855856407,-0.3999776225639452,0.46081135799526507,-0.2764153632124235,-0.4013564542426566,0.39376307124114823,0.14441730215193033,0.06749539149203278,-0.41828758834230895
2015-09-02,0.9599839980719749,-0.20475255600927633,-0.41437326606260405,0.4741449129733837,-0.28688469009910983,-0.4186597457428965,0.41155951728650003,0.158709268853426,0.05195348622402407,-0.41713653247765187
2015-09-03,0.9578381403619816,-0.23157155779121444,-0.403000144522014,0.4647256324404997,-0.3066717041327715,-0.4107052681954743,0.3963304538310078,0.1743943925306693,0.02190019376907554,-0.40047681121733336
2015-09-04,0.9575180872612726,-0.22080069157660123,-0.43831148145228227,0.4684124190557272,-0.30045502503656146,-0.436292454098321,0.39968533392934896,0.19159082395615312,0.02352398255884713,-0.4143388073712326
2015-09-08,0.9598775998217645,-0.2077181937076955,-0.46815479561489454,0.45274389997913833,-0.2865783149190423,-0.464509464937249,0.38813076449160283,0.1839475416220135,0.023907423243769606,-0.40746105339949273
2015-09-09,0.9597378685224877,-0.17480420118046444,-0.4704390564608041,0.46220456883818556,-0.2592847835865988,-0.466696229693539,0.395475824950142,0.16850803615072849,0.051313498876692974,-0.4104590527891799
2015-09-10,0.9594869644290941,-0.16812738663844196,-0.4827676733966561,0.4640539106894401,-0.25047347678376203,-0.4789661923741936,0.4023538690575398,0.16703069654522848,0.06189253501319099,-0.425190006245081
2015-09-11,0.9595602887506721,-0.17222222453846095,-0.4764643317525149,0.45869264216186256,-0.2549177364085063,-0.4730958865029142,0.3976189991855105,0.17728731129669864,0.0618429414428976,-0.42893930652960865
2015-09-14,0.9590424315628494,-0.2074560050994909,-0.47273677473883924,0.4561954955475747,-0.2964839297657026,-0.46915572693241947,0.39431324109183175,0.20066940958360727,0.04714555465947759,-0.4264875095120377
2015-09-15,0.9591248519347835,-0.20962374594065142,-0.4882896114755079,0.4608241563699839,-0.29813163777596174,-0.4784135920378628,0.39838825860147603,0.2047964578466002,0.044351114319475506,-0.4300329216705495
2015-09-16,0.9582743216918899,-0.17110982183442708,-0.4926541788137556,0.46609639652059154,-0.2689903725447539,-0.4802412960111187,0.39571552076219174,0.14165307803861352,0.116978560425553,-0.42991574306049357
2015-09-17,0.9580714889235952,-0.1696846943656481,-0.48940307508209746,0.4666471626876886,-0.26298804927507086,-0.4744213547187058,0.39608987845237276,0.15838079916550712,0.1216177909104377,-0.42316326285935385
2015-09-18,0.958321227870899,-0.18900809558813533,-0.5007371698618023,0.47852013322051673,-0.2759515958694497,-0.4833912171784745,0.4059651748898076,0.1833863484564857,0.09683555345473197,-0.43895048796021396
2015-09-21,0.9580123775000305,-0.1939387408326062,-0.5031245257455401,0.4811543933117982,-0.27778827632625785,-0.4800427249742585,0.40585172016883686,0.1983436471277111,0.08075913729024863,-0.4582659425851471
2015-09-22,0.9602773711799656,-0.17993664115643374,-0.5164288234112955,0.47972339504553085,-0.260969045226101,-0.503436434483117,0.4065446790397126,0.1846631676890045,0.0815193891804651,-0.45709979584670685
2015-09-23,0.9585583347266019,-0.16655412929528005,-0.4882681343964442,0.47143866035880405,-0.24798935033322342,-0.4747974308033802,0.3950635323939164,0.164720429631297,0.07894865005649704,-0.45099387149808984
2015-09-24,0.9585520741428661,-0.1638500437861838,-0.48831867299446197,0.46802233701127965,-0.2409615576641436,-0.4745778906208591,0.39098563913039547,0.17402728969857095,0.10703025306938804,-0.4372569919938217
2015-09-25,0.9556712147149429,-0.16025027158099125,-0.4789882576773922,0.48939933700908145,-0.23047969922424025,-0.4570914315824205,0.40246743440604416,0.17744759615096453,0.09445301943977831,-0.4842168834788603
2015-09-28,0.9580879366130789,-0.10839308866119331,-0.5045546167413687,0.4938621744926602,-0.17592076191989156,-0.48367951145765103,0.4098011828954455,0.13160859053325674,0.10785388591365111,-0.4890550942687508
2015-09-29,0.9567080071658904,-0.10880935446132196,-0.5143044376248429,0.5092221775476474,-0.17358273513367664,-0.49497496025586085,0.41845883605488043,0.12209323924638678,0.12078889649278046,-0.45180508221308274
2015-09-30,0.959116593648678,-0.12380999336200595,-0.5282108528936079,0.5064092675936571,-0.1953758896105452,-0.5027160144588014,0.4169165920054099,0.15157163246343652,0.11939858775757847,-0.45856086864669027
2015-10-01,0.9583956149919604,-0.11713900396399134,-0.5181964892938136,0.5001023360894646,-0.1900219772085254,-0.4923236791395751,0.40943784007541745,0.14601996280051727,0.12491324949787237,-0.4539331374696991
2015-10-02,0.959621190860619,-0.06373760623702358,-0.5140117060991927,0.504191100824561,-0.13284337093464943,-0.4957855727077741,0.4167672677456501,0.17994232860744153,0.1376972676882631,-0.43817183278937427
2015-10-05,0.9582727820550375,-0.07032728025887214,-0.5200157915650193,0.5129946854744147,-0.13867602107112895,-0.49417595725573127,0.4252350496787192,0.19178558251732514,0.1351234767188989,-0.45663741582567896
2015-10-06,0.958145051779918,-0.06700342110824511,-0.5179410297630187,0.5007873247824493,-0.13501174800773186,-0.492347380418749,0.41533339937339986,0.19321682108480256,0.16228609312293404,-0.4371778727863368
2015-10-07,0.9577933630026464,-0.06696995481128536,-0.5227975704384346,0.4936320595218159,-0.13430789236191376,-0.4969817564621878,0.4100615077941074,0.19509639448282146,0.16515933382743758,-0.43639082865213275
2015-10-08,0.9565622082658013,-0.0730863327043971,-0.5336106514088509,0.5034997287185093,-0.13592872394715927,-0.5039164247576662,0.41560649811601186,0.21493075935951528,0.14584243599423347,-0.4378417228752209
2015-10-09,0.9564153674052178,-0.06441973534040382,-0.5441935617765864,0.5089747467768164,-0.11754006585141775,-0.5184351162296277,0.42335139432219593,0.22108533178683396,0.13830628869359457,-0.43630551401165074
2015-10-12,0.9624340038126599,-0.06182470098694667,-0.5420569334092143,0.4973641781616145,-0.0987459165146291,-0.5265612836698852,0.41552235850804203,0.2372598268709721,0.12614391095279961,-0.4450272953090444
2015-10-13,0.9627674884914039,-0.06510308355396549,-0.5424449073974185,0.501212264819689,-0.09417674689638349,-0.5256093793839922,0.4211140426377126,0.2290741390502292,0.10220516730450338,-0.4521451858442531
2015-10-14,0.9627835169393432,-0.07419842671128246,-0.5423158771018616,0.5038553848438685,-0.09208624074373843,-0.5241471748369181,0.42169651327442614,0.2531520624772227,0.10498222768499511,-0.4548917916482754
2015-10-15,0.9663604939010408,-0.08791616056671099,-0.5473969300366345,0.506349250928918,-0.11325015442904963,-0.5254699452299528,0.4149985388268629,0.2684669594756009,0.08854988009357617,-0.45065270720043266
2015-10-16,0.9665912584934744,-0.09782420856619599,-0.5472583183614007,0.5058487528523897,-0.12002392995578143,-0.5285035279754263,0.4150904178115034,0.2864465166942559,0.07989659298812603,-0.4491082543377651
2015-10-19,0.965605147363192,-0.08700062440921617,-0.5469737867247192,0.5019144769151077,-0.11479542075651718,-0.5291643959727492,0.4058769108922815,0.28770084316774275,0.09208369792017539,-0.44051140669864425
2015-10-20,0.9651345724478114,-0.09261767236416876,-0.5420730384512991,0.4999020121116602,-0.1241388079015447,-0.5204584945728352,0.4026607469241827,0.2864013518614503,0.08166353315946819,-0.4322735312476583
2015-10-21,0.965853014372289,-0.08435331739006303,-0.5378052093538397,0.49917197638700356,-0.11614261588473798,-0.5179322079761076,0.4020752241928853,0.26225210155762174,0.09315277800842825,-0.43495135807248947
2015-10-22,0.9672546348315649,-0.08721300094144588,-0.5261050274963671,0.49411815528161823,-0.11824024611329151,-0.5068978962194445,0.40052176564932457,0.26269047024898934,0.09232050812893587,-0.43079467502956537
2015-10-23,0.9617938965080798,-0.09130687209788708,-0.5355857888816138,0.4838785010013013,-0.12022792212329123,-0.5256215848903937,0.37688329585580543,0.285079571512842,0.09144006392973601,-0.4172827495693473
2015-10-26,0.9614877163018813,-0.09000524196982879,-0.5367061738659702,0.48680720251552895,-0.11982824872349962,-0.5247796746900929,0.37762837576437974,0.2757749676977462,0.10510291879626234,-0.4133992430019194
2015-10-27,0.96099172001374,-0.09535544851069101,-0.5385177567430488,0.4875809424367355,-0.12447879970512872,-0.5258861726344143,0.37623376333903485,0.3024016023217918,0.08689133549197112,-0.40253500328528363
2015-10-28,0.9603715073966329,-0.10850716359304625,-0.5468961470934391,0.4965373357167406,-0.13167696999068015,-0.5335883601239995,0.37969052143376547,0.3112631929049982,0.04444663882004501,-0.40184900610041085
2015-10-29,0.9606405179534675,-0.1044177924616904,-0.5312419750802878,0.49906333369747263,-0.12394710113089939,-0.5134346502619727,0.38409492582888005,0.33081582594306147,0.04287323278323522,-0.39619487593497105
2015-10-30,0.9618167251842888,-0.09751058373544316,-0.5282364431977619,0.4942131084113533,-0.11482567041527429,-0.5062575918051159,0.3788383662240019,0.31698821563100094,0.04143378466600774,-0.3854782935916317
2015-11-02,0.9619354220106469,-0.10756268433327835,-0.5368538415958027,0.4897221109005338,-0.12267084710762885,-0.5151391416486019,0.37611894813867935,0.32214719420099813,0.04582866518871423,-0.3744477075748862
2015-11-03,0.961957985107418,-0.12890334216510593,-0.5275102748946455,0.48216665306032475,-0.13898976288517614,-0.508839845291332,0.3700143359636594,0.37256181914444253,-0.0035457194243197596,-0.37587922313675803
2015-11-04,0.9615528531716905,-0.11779351439352748,-0.5240403041362972,0.4768163670948419,-0.13005791811646816,-0.5000278578677402,0.35937296755061054,0.3595959939046368,0.022987350109943173,-0.360104819896741
2015-11-05,0.9615066135993062,-0.12177415609362051,-0.5241587729733642,0.4753695928192038,-0.13628384135257512,-0.49848568396748555,0.3605875420291193,0.3858288559708262,0.03153282300856782,-0.35627243072817505
2015-11-06,0.9614880278982404,-0.12003760831776318,-0.5120543058822709,0.47580828774603173,-0.1363990715789839,-0.488638070897824,0.35965363424656827,0.4113085091152755,0.034682158321971364,-0.3380088483335466
2015-11-09,0.9620965578261476,-0.12393813858386439,-0.5043104008476579,0.4790671598500389,-0.14013887077294343,-0.4793236956651431,0.3624233829221061,0.4062919878091145,0.032516995529860884,-0.3324189151743779
2015-11-10,0.9609954664228524,-0.12707240725872732,-0.5084553461240786,0.481569684530523,-0.142755381715003,-0.4870123116907483,0.3652099730929813,0.4024255399637439,0.03392582761385991,-0.3305339336661124
2015-11-11,0.9608656484039935,-0.1252750515496351,-0.5131315347076164,0.4844865004347664,-0.14201279083908247,-0.4946012455521323,0.36759532741369505,0.4056733965083934,0.03785554082006601,-0.3235241075144787
2015-11-12,0.9601601847756607,-0.1136217590621515,-0.5138759499303379,0.48949934503920367,-0.13401039389621724,-0.4959439647226813,0.3704943782634041,0.38635483854788,0.07868074432968113,-0.3099383973215342
2015-11-13,0.9578740938114696,-0.06032979624987346,-0.5035761037579666,0.5004599819813844,-0.0697533945953614,-0.4850448714929876,0.3851784780436742,0.3560200119012372,0.08943866298087291,-0.3173064454750839
2015-11-16,0.9572709909234572,-0.02212889469838764,-0.5048523182650078,0.5171525060736432,-0.024043537322646816,-0.49763419210504917,0.4051101262206207,0.351999619858651,0.09909195840463422,-0.3139363977501435
2015-11-17,0.9526548624586098,-0.05142906385855357,-0.555823915739595,0.4671456026926231,-0.04847135895978676,-0.5306007098496507,0.3472836568890623,0.33978553218778507,0.10742632069164613,-0.3242410051999522
2015-11-18,0.9571029133207246,-0.07316697291701946,-0.5992577036245951,0.48185512985639817,-0.05371907326630943,-0.5465493983597395,0.3511083743381542,0.3130328783540245,0.1243645295617941,-0.3141398426340486
2015-11-19,0.9498820294335386,0.0010221454132867283,-0.5494307288949417,0.5182563918613928,0.03663760216788045,-0.4836893602071257,0.38474218668994736,0.28462996615258324,0.12124798039219102,-0.3265329889939927
2015-11-20,0.946610401449401,-0.0064208323658411035,-0.5746696570584721,0.4640123761002641,0.029333320695008498,-0.5026124925658014,0.3231588782658657,0.2865643414954773,0.1237628830560127,-0.3588431388777267
2015-11-23,0.9464824445059739,-0.0020132293407500493,-0.5752276341092426,0.4913969764548098,0.03721467246622817,-0.5036137010357773,0.34391885806540157,0.2746686765849954,0.07359532438468765,-0.3925000066638675
2015-11-24,0.9458828839628785,0.0021634692929214656,-0.5969557276854531,0.5633659939281648,0.03929057201745555,-0.5315528887126383,0.4185938152645159,0.2789114981621665,0.0815310982581766,-0.37237807546240265
2015-11-25,0.9374903251155212,0.033023771867611434,-0.6026445670308803,0.49052076707905995,0.07015778503284552,-0.5285020295676123,0.3295239008102028,0.27035738789911484,0.11273462867335696,-0.35449434247053063
2015-11-27,0.9354423945138762,0.049646129900930785,-0.5917275665994689,0.47466237666133937,0.09417661349236509,-0.5146986809709833,0.30757410052054057,0.2631855156146359,0.1430829951400133,-0.33749396502242124
2015-11-30,0.9378977434686597,0.04007739878015425,-0.5949420577262644,0.478932298321719,0.08045197577536314,-0.5131786796601948,0.32012800602559943,0.27800418963176304,0.1505813055849642,-0.350321192518214
2015-12-01,0.9377849234410859,0.04004388182404528,-0.5410723951169063,0.47362489577160705,0.08163688932480033,-0.46516459620678363,0.31248396899693687,0.2941778530566152,0.1494236818338307,-0.3294248700422587
2015-12-02,0.9298024833463393,0.07145286742776621,-0.4962420379033123,0.519137758442541,0.09995390172428639,-0.4190055832681821,0.3437175836893015,0.3003990030364763,0.18623053384000907,-0.33532118485143986
2015-12-03,0.9318607295025355,-0.004633714103573001,-0.3438737072267439,0.45147372803266533,0.02836313432795029,-0.26523057565613223,0.277159360756159,0.21342009498518158,0.17956380700295488,-0.3553868298096577
2015-12-04,0.9373072664045322,0.07542107123638143,-0.2919382496772668,0.39798289448298896,0.10719792988717547,-0.20939587023023915,0.2170445594175356,0.24876736027506388,0.12306888755139109,-0.3554563997705942
2015-12-07,0.9372981124869455,0.09286945504091516,-0.3078517144082314,0.4133019849766693,0.11962158810322816,-0.22300970285273947,0.23397524339707143,0.2198546505598382,0.16989390974686508,-0.37411797294844545
2015-12-08,0.9333528728741586,0.09018465612962565,-0.3059580468066674,0.40780766288971243,0.12009031110245061,-0.222274842891538,0.23068256981859145,0.21964866956954646,0.17162531985470242,-0.37366618863957207
2015-12-09,0.9309918455391822,0.09883978381938394,-0.26939727280524706,0.4015831587635206,0.12717121470236395,-0.18611767693059308,0.22471691186482612,0.21955066606006202,0.17611534266182033,-0.36410100966078207
2015-12-10,0.9320068197118495,0.07880654337996978,-0.2636234790557741,0.38539933688891237,0.11842717945757662,-0.18230597536434925,0.2148131930893069,0.23785333830646357,0.1226978356768143,-0.36210713451260435
2015-12-11,0.9375302364550641,0.05783765276962612,-0.30831028156871165,0.4013676966732661,0.08996867352901795,-0.23833879258381777,0.23936910145684548,0.22959303761340982,0.11461983464490737,-0.3810727899945994
2015-12-14,0.9365132700053709,0.07619462422413362,-0.2761285327143898,0.37476206653699856,0.0982262016883735,-0.21759713872661113,0.21552648310807765,0.23687098192312425,0.12830758508702134,-0.356985963175088
2015-12-15,0.934936079006058,0.07744982439228267,-0.2793488214930615,0.38334130877670775,0.09887344510321933,-0.22316539087187326,0.22107581553805034,0.22706312667270728,0.14095403203677945,-0.3326050316957734
2015-12-16,0.9341045420497793,0.09495519669187645,-0.2499583393400715,0.33848742241636115,0.11150828678437631,-0.1922194401195877,0.18480220973765715,0.24145952441923796,0.10054999524954934,-0.32296901028016445
2015-12-17,0.9366385733890195,0.1551709297970112,-0.28013285946114835,0.35032124754806027,0.15969676530077687,-0.2197200865294177,0.2014567380895582,0.1754208710314977,0.13880810541414612,-0.3396862926189179
2015-12-18,0.9399760140300042,0.11516467516430211,-0.2877805436072111,0.3502996293830066,0.12191105415819989,-0.2289247608200162,0.20521085599242267,0.16626751373423315,0.11107941858602886,-0.3527535527937691
2015-12-21,0.9447673907447406,0.12842988914520043,-0.2923772670291926,0.35388047676972983,0.13152851073898444,-0.24854336788189957,0.21843858872234292,0.15454266336522007,0.12108842379313976,-0.34553821169972915
2015-12-22,0.9365625884110111,0.07109000749773176,-0.22835051486112218,0.3458614319807403,0.07753232359816352,-0.17464709707390322,0.19849266655369932,0.21643453533186116,0.09955324873192566,-0.33791530002472725
2015-12-23,0.9365066532964302,0.06565926143113147,-0.24220454573414618,0.3734716205250788,0.07201280227885992,-0.17752745905860254,0.22069722252836577,0.22091651451796776,0.09356482113495582,-0.3657523092672526
2015-12-24,0.9327224523188827,0.09511901799914581,-0.23887930379702227,0.3693288024803549,0.10696171756717403,-0.1707963801694803,0.21329047367297,0.22434209926332643,0.10599519961208799,-0.35721418593066356
2015-12-28,0.9326752783873781,0.09949432756274297,-0.24292795122478916,0.3723202430911627,0.10945542164066796,-0.1751147533821978,0.21549134107973797,0.2191605051929856,0.11970601722526285,-0.3604697553884722
2015-12-29,0.9308686546947501,0.0441952065739575,-0.2935966369602801,0.3774204470256045,0.05281068754335835,-0.23814013326488434,0.2276317740166071,0.1886446274129798,0.09319334641208106,-0.4062672771061041
2015-12-30,0.9319314235737529,0.059185367004174386,-0.25245611686658403,0.3733066228309949,0.06751737288276966,-0.20769017291831812,0.22788836532999496,0.19046462579529685,0.1071271453190628,-0.38833073902474907
2015-12-31,0.9333730343107317,0.06534991430619468,-0.2576281031477904,0.3937898321472185,0.0756966954628646,-0.2131684307520304,0.24643863870591853,0.18210886051470873,0.06343440378800543,-0.4242107565448691
2016-01-04,0.9355628645136488,0.018569974952095107,-0.27162508704847765,0.3862789771510463,0.01307652403297467,-0.23428124474288073,0.23349049890924664,0.20344176184398335,0.0669717204480543,-0.4202021412137053
2016-01-05,0.9373477877957103,0.02730904688048483,-0.25965158561961427,0.36490856541084477,0.013939176723919864,-0.2285943542459627,0.2319037478137947,0.19299182590970218,0.07291150034457468,-0.3899854271767911
2016-01-06,0.9378928193814965,-0.014204135604186482,-0.28871392965697096,0.3926532180574331,-0.024578085156603112,-0.2503616139922357,0.2527921376368302,0.2277830872061746,0.007614517185610634,-0.4258015490560615
2016-01-07,0.9441054091184808,-0.08146206160153247,-0.2868479373307868,0.40758597315281325,-0.09974003202198863,-0.24910044978598084,0.27409618989484946,0.2222090243913687,0.0053150827514994925,-0.41320217811575893
2016-01-08,0.9433889101511951,-0.06787901297290931,-0.29225327385187183,0.4037085296817484,-0.08955914434147666,-0.25273832272035684,0.27182663356205733,0.21625493601472784,0.010613668375554552,-0.4125843184356079
2016-01-11,0.9440307100230853,-0.057216845635339755,-0.2865683375140656,0.38504856124691217,-0.09226535631283597,-0.2555887154931808,0.2514285958008882,0.2028227091288949,0.03175729396390465,-0.34975836213512634
2016-01-12,0.9428205141062317,-0.05441975326249689,-0.24110448666549172,0.37593434577253865,-0.09146773026971465,-0.20657202519927204,0.23992721112681642,0.18177913327948517,0.035501283069693426,-0.3370756683357061
2016-01-13,0.9477643108835887,-0.07405111401937722,-0.27470954247361545,0.35445595828089815,-0.11382705374272734,-0.2460402586349164,0.22127569263810015,0.1935944839136701,0.042284904325800156,-0.33463794517392786
2016-01-14,0.951281879794195,-0.11627870028867301,-0.2970809669905999,0.3749370117175662,-0.154289600266857,-0.2685549883810397,0.251338436559308,0.21785372275967727,0.00879218324590856,-0.3542520369956638
2016-01-15,0.9542982426373059,-0.15243929941267043,-0.33945107050313433,0.4091120327965953,-0.19105707395484028,-0.3245770204064463,0.3005605728319071,0.2605495582157562,-0.028727747916468385,-0.38830939984187496
2016-01-19,0.9542647431996073,-0.16012668247615403,-0.3357091145269362,0.3983999613058269,-0.19762100751920245,-0.3222496474775578,0.29082156921021435,0.28037665731071504,-0.03626504375174634,-0.37186524544637434
2016-01-20,0.9450638938439614,-0.18981185862575067,-0.3629189301339702,0.4012030501390772,-0.20392078116617057,-0.3328705741265856,0.28168392001028714,0.3023544901392177,-0.05865097507206039,-0.3852014313807542
2016-01-21,0.9509440458457022,-0.18702326589017365,-0.35556688629581906,0.4203473718813828,-0.2090550830330773,-0.3098452529007832,0.3045819428161466,0.2985430188575502,-0.05014374750448743,-0.4079062272658173
2016-01-22,0.9544374723538059,-0.19375212130974656,-0.3599181504825085,0.4769843554398031,-0.21481481073642086,-0.3178715881860261,0.3907300195662577,0.30180571026295233,-0.06686057691043831,-0.3945199990141461
2016-01-25,0.9558266480278743,-0.2138682763692163,-0.36677640111850296,0.49792452720162217,-0.2327740137930186,-0.3260621284593085,0.41088176121402903,0.30835691964592143,-0.11266899597641195,-0.3963338143551574
2016-01-26,0.9548436154004578,-0.16695142697247645,-0.3556191856034688,0.5021770783058722,-0.20342473056660965,-0.31977735279845104,0.41339794950815045,0.29983853818884537,-0.038561592283911636,-0.3816496152691387
2016-01-27,0.9493215020978101,-0.17181897202698418,-0.361238924347634,0.47883712575349335,-0.212053326195119,-0.3187788928272513,0.3671106179945254,0.2778923735260566,-0.028182663709159325,-0.38794185844746104
2016-01-28,0.9473412522421336,-0.1824644600653611,-0.3579296138982912,0.4854560171390208,-0.23043668115486335,-0.31237256053803564,0.39399977139164016,0.2804627760623715,-0.06149292733623175,-0.382959184284905
2016-01-29,0.9469812132726679,-0.14834195451818963,-0.29766090201263334,0.4710873703701894,-0.20527760428320593,-0.27039638691377926,0.3883629200328407,0.2798089793423528,-0.06003725876370612,-0.37927535746211954
2016-02-01,0.9464804225105083,-0.13888721225966663,-0.29432114074198773,0.4527852300278318,-0.19218974080590806,-0.2684139769692943,0.36350726046699283,0.24635421285003406,-0.057888118268910715,-0.3335786036131026
2016-02-02,0.9488965795973044,-0.1404616297992221,-0.32837459418982434,0.4710274455310489,-0.18862484174820732,-0.3041138166327193,0.3873219475819274,0.2402096193842919,-0.06925590113894879,-0.36510088528959356
2016-02-03,0.9432083112200823,-0.12673509800909352,-0.33600397320303993,0.46809167179092326,-0.19098160597662353,-0.2978846212337571,0.35016502071023065,0.21257294517204833,-0.014585817339803624,-0.3945556532995936
2016-02-04,0.9432037521696027,-0.12063163471291304,-0.34140503472488115,0.46548970143663576,-0.18507508125509825,-0.2996349885491954,0.34961162923078776,0.17552261663246813,-0.03348636294984282,-0.41952670095722583
2016-02-05,0.9409420333244332,-0.15290441267179722,-0.3471988733629938,0.4685577180509155,-0.2308883923948259,-0.29632736932983494,0.35189886083890376,0.17494746624452434,-0.04486956946148048,-0.42249466932616925
2016-02-08,0.9426187347401813,-0.1686499578202833,-0.36793752059013857,0.47352625999961173,-0.24509992368973268,-0.3149269723842171,0.35860264656992585,0.21446531438236008,-0.057166625527686345,-0.4293235027307252
2016-02-09,0.9429175384883793,-0.1713256127490511,-0.3702002719882487,0.46181309408905696,-0.24432454553899224,-0.3147134493129848,0.3549851161837543,0.21166721294150517,-0.05135301891955015,-0.4253573616267172
2016-02-10,0.9437414425649918,-0.1740324505219395,-0.3649951936786413,0.45450880463860643,-0.24015501988063104,-0.30482034481141346,0.3461320314640067,0.219520353076269,-0.05875840479566562,-0.4276525679942557
2016-02-11,0.9356927754701994,-0.2177054024155155,-0.3672351112805788,0.44223412010745716,-0.2230170221686178,-0.29867642942137634,0.34257244528227526,0.23371187669950313,-0.03429002335978561,-0.42065308031932863
2016-02-12,0.933607062768799,-0.23545762746084845,-0.4062406094957123,0.45478545768873574,-0.23529717903266176,-0.32305697851298104,0.349428174244667,0.25028181293310214,-0.05119689978573121,-0.44758478624353193
2016-02-16,0.9361767855682606,-0.2881359624609358,-0.42604566830502255,0.4522375218605273,-0.291906336277619,-0.3479372229165459,0.34878021899033923,0.29824500361776046,-0.07014682423889633,-0.44545496676779794
2016-02-17,0.9362675980060529,-0.2766448084907275,-0.4447252879518766,0.4755880397712475,-0.27779536913037695,-0.3682056436317093,0.37912163965544216,0.29113767575321015,-0.056688794368790554,-0.4565636704644208
2016-02-18,0.935211246124217,-0.27731232974932474,-0.44542380386445257,0.4760104583565706,-0.29237946640547097,-0.37809649965684144,0.37998285289539185,0.3111989383014226,-0.061588018460548836,-0.4562763306001594
2016-02-19,0.9347102771344254,-0.27422289619183815,-0.44364591445190565,0.4755163685696185,-0.2907820082151608,-0.3751556617315042,0.37848018645104226,0.30742355517569037,-0.058223450791679,-0.4558751973263869
2016-02-22,0.9363308135478456,-0.3009499901309256,-0.44234947431271726,0.4909624532824576,-0.3165500778076803,-0.3748486153833291,0.3960261640588085,0.3106247021926503,-0.08913517721107975,-0.4553995114599521
2016-02-23,0.9374107152589262,-0.31404200030805945,-0.44292216629111214,0.5002479446845224,-0.32908535730913374,-0.3761305776028274,0.409199963529072,0.3139882536392196,-0.11450579281959204,-0.4556273125260253
2016-02-24,0.9372249892469152,-0.31276620519692466,-0.4447317986167753,0.5024608406099148,-0.32574828407012296,-0.37902232191996416,0.41278613837910827,0.3147941953700349,-0.11029573937148479,-0.45852877012253046
2016-02-25,0.9373060128801811,-0.3097989194155304,-0.43607185802242426,0.5131397214849519,-0.3240301398612537,-0.37369462389242797,0.42227839662659766,0.313274460408331,-0.12246999140137306,-0.45613319972864286
2016-02-26,0.9374387260170626,-0.3059010163103539,-0.42810988346753887,0.5129638902455733,-0.3226203705902727,-0.36956024175185676,0.42225183852052833,0.3225159104308346,-0.12330849907900718,-0.4530772419824995
2016-02-29,0.9370614693085805,-0.31420354167225056,-0.4575917621968767,0.501000131031204,-0.3297050665851405,-0.39556710052887956,0.41133887084204385,0.3278656184495194,-0.1093178417020555,-0.45653801564111424
2016-03-01,0.9419608941806551,-0.35513498023222795,-0.49411206979503924,0.4988157263782459,-0.358863417096734,-0.43799270226731346,0.4150927908794592,0.3473521529967604,-0.14257519913710603,-0.4643058241504636
2016-03-02,0.9402636445549732,-0.3439670393249941,-0.5966935495133142,0.5217712313815343,-0.3505625480367163,-0.5350865286707519,0.43386948798107206,0.41812227686539566,-0.14781194307628667,-0.45826994876797356
2016-03-03,0.9365036541886826,-0.39079468902769454,-0.6328559227041096,0.5477313171019876,-0.4059974026619068,-0.5717613036158721,0.45817282242648644,0.40633118382835076,-0.13455921823783484,-0.45413232946143284
2016-03-04,0.9365492974873715,-0.4083984691292214,-0.6317885310015935,0.547264979044789,-0.41725010339595936,-0.5711136382785483,0.4585719993933935,0.4406083624571615,-0.18233219757499183,-0.4508828471962307
2016-03-07,0.9379636882635745,-0.4095273972433027,-0.6336913655493628,0.5417801565472635,-0.41771812123696594,-0.569715235743771,0.44375623616725857,0.43983135426552367,-0.17485259919517257,-0.4471181405795533
2016-03-08,0.9374301923557966,-0.402518891750875,-0.6435692834319653,0.548560698721379,-0.4202990625684981,-0.5790717938603124,0.4466702698371879,0.4206452220859782,-0.1609447498985432,-0.4610586054672168
2016-03-09,0.9376599066010527,-0.40492224317244163,-0.6451987518573841,0.5509176699242693,-0.42307692452804835,-0.5822521374775245,0.45342932385903884,0.4285680164057513,-0.18190268235298868,-0.4707186334190896
2016-03-10,0.9352378684369252,-0.40093754562479295,-0.6283862475545847,0.5457629324456231,-0.4208701214748139,-0.5630258833003241,0.4464958108610987,0.415342018110605,-0.18262766926398807,-0.46050870108678804
2016-03-11,0.9367335046848442,-0.41954594586704713,-0.6421819487691717,0.5461824577690882,-0.4345360115586924,-0.5729670103563952,0.44830297195884455,0.4154251475380164,-0.18753512708236572,-0.4661981955515226
2016-03-14,0.9369673853122465,-0.40832288076573264,-0.6381851258337379,0.5408241588659923,-0.42992440222348866,-0.5698100089317681,0.44129202263879513,0.4004950551972404,-0.163178133834312,-0.4626263296423918
2016-03-15,0.9356822717143355,-0.4313458799029476,-0.6390964920474784,0.5700561511892861,-0.4501772612357326,-0.5691733307064045,0.4637871106120482,0.40806477550583836,-0.15126460958933535,-0.471556045788364
2016-03-16,0.9354368026838639,-0.4727511603704575,-0.6262141945510684,0.5680875288017431,-0.4727876327889795,-0.5566016829733464,0.46527982044321803,0.46930317954637346,-0.1350177960354059,-0.4539442163465547
2016-03-17,0.9317574384340287,-0.4620292363903907,-0.6200250997484806,0.5768990529034878,-0.45982982254222216,-0.5529002395561224,0.46390687719254126,0.4593234214669649,-0.1408937519568255,-0.4429864770267414
2016-03-18,0.9311106197509045,-0.4745462506372223,-0.6195909148169326,0.5774884539361331,-0.4733354134452742,-0.5535229693752771,0.4655761382792901,0.4608055795335065,-0.13994372582682854,-0.4432734920560735
2016-03-21,0.930946611185676,-0.4689259716890639,-0.6114814787454389,0.5770470664370122,-0.471775752122823,-0.5510314362321657,0.46528693056908793,0.4627428825420775,-0.14046242033423884,-0.44319926077583177
2016-03-22,0.9314930855398539,-0.46590170713092194,-0.6043418768066515,0.568243762715322,-0.4691689383464141,-0.5481435329474911,0.46042147806582095,0.4594680437621647,-0.13296142885711215,-0.4313117386949779
2016-03-23,0.9320299882302105,-0.4279437396624464,-0.6069776631927178,0.5717160910148126,-0.43385398906281314,-0.55229775836002,0.46414035868310044,0.3922388084900622,-0.09030268554401884,-0.44621882562092785
2016-03-24,0.9322674575319314,-0.4322038689462929,-0.6066344091242993,0.5727147496272759,-0.43591888725608824,-0.5526340132725847,0.4670274807162691,0.3976120416037375,-0.10219743378465382,-0.4457182938340496
2016-03-28,0.9313392811787913,-0.4317728927816531,-0.6014757955385434,0.5669728986073375,-0.43625172904052206,-0.5392339801478002,0.458770344467572,0.4051797414927357,-0.0994879066519277,-0.4348848983084202
2016-03-29,0.9310841014203427,-0.4178543072321949,-0.5826115618037803,0.5525516893304544,-0.41171028979735885,-0.5114494263922844,0.43911593246579617,0.41801472975887916,-0.12095163274336403,-0.44534118214381685
2016-03-30,0.9304329610955787,-0.4244046579188538,-0.5792886417622993,0.5580329944632546,-0.41786615227695534,-0.5088951226398598,0.44344832780178217,0.43869180421201853,-0.11530160911649281,-0.4360046320713308
2016-03-31,0.9284920415151181,-0.41362428551659114,-0.574481610783402,0.5652595129847897,-0.40525104327219985,-0.5014981309139263,0.4514956911190071,0.4327198169619316,-0.11633545046943188,-0.436484275157088
2016-04-01,0.9291426667333305,-0.4172776435296171,-0.5725018894250586,0.5540526742818419,-0.4099914990398433,-0.5005818488228616,0.4343422934428458,0.43140506119121513,-0.1036535574578323,-0.44705772799008353
2016-04-04,0.9300352809076068,-0.3997183564449016,-0.5595179114925859,0.5433381705952316,-0.39820649773169564,-0.49397170676036173,0.42833963948728265,0.41685008417216574,-0.07345697888431199,-0.42491404346963124
2016-04-05,0.9242441013107225,-0.39082243647445025,-0.5887908918429816,0.5397222680809377,-0.38669169397534753,-0.5194901443919802,0.4231918780248018,0.4295699459533578,-0.06171451629063459,-0.4164042403039955
2016-04-06,0.9257235118840373,-0.4104583108596607,-0.594407863424556,0.5490196132812261,-0.40091348524608805,-0.526856697345054,0.43656582144328115,0.4401208709513695,-0.07763238957221166,-0.42903336351557864
2016-04-07,0.9274791293794126,-0.42502039595428126,-0.6166518978480685,0.5584054924230363,-0.41231362879179717,-0.5443207733510904,0.4499946159705217,0.44125200970752987,-0.10710265494757144,-0.4856453641306412
2016-04-08,0.9265435130204637,-0.421819532440274,-0.6464102865620733,0.5572356355865453,-0.4071382516974234,-0.5736385922413265,0.4457351542545074,0.4688350460850242,-0.11519713384108482,-0.49983739539488653
2016-04-11,0.9187037431072249,-0.43592548572137146,-0.6377461009937267,0.5681631289517943,-0.42342827637536457,-0.5617710705154301,0.45414491403608137,0.4615269759117038,-0.10365162755670194,-0.5009944849009343
2016-04-12,0.9160757272554004,-0.41510617784290954,-0.6307763963292797,0.574648629347041,-0.40088230187781637,-0.5504837282703009,0.4584903215014504,0.44251825283467155,-0.09866403675375303,-0.5080897451375802
2016-04-13,0.9093995283524293,-0.41832795351141405,-0.5959772391600138,0.5451971809879178,-0.4061996126800466,-0.5063366271301091,0.420143773857189,0.425763575954819,-0.07683687353228498,-0.48828609942550366
2016-04-14,0.9094769786355367,-0.40878530383979367,-0.592797637566739,0.5496428482613299,-0.3975751360869536,-0.503274635927273,0.4249817771393185,0.4326651772302771,-0.07708270387446838,-0.498350964255955
2016-04-15,0.9180471172649618,-0.3973366109944635,-0.5799062979597152,0.5414597263298007,-0.396411729855208,-0.503477444384115,0.4244728650966073,0.42457813075512135,-0.0682118994517499,-0.4946964903093537
2016-04-18,0.9192634362663697,-0.3986658683254757,-0.581508100187118,0.5361939930712621,-0.39730409168673764,-0.5095094163106332,0.4265057306370291,0.4283170375799719,-0.06627276657986564,-0.4809032409957314
2016-04-19,0.9097217036391508,-0.3877510504681366,-0.5813319394377516,0.5027869374696295,-0.4006261129784039,-0.5014964085789715,0.36768402626282054,0.4105644915057715,-0.03542653390697493,-0.4825318921935711
2016-04-20,0.9074064365432292,-0.3775107959775593,-0.5668379727109134,0.4619057629825875,-0.3916335948517251,-0.48640230848439364,0.3320184876011701,0.4122321484404869,-0.01654934618690004,-0.4926494091714044
2016-04-21,0.9056448151641928,-0.40081235621068356,-0.5575876552757325,0.44633009400978074,-0.403568370809823,-0.4838859747435497,0.3235498352497476,0.4097274286894069,-0.03572692634112718,-0.49465687152419613
2016-04-22,0.8956879971799888,-0.3948468069703284,-0.5663595822710075,0.46925623219534895,-0.3750877508568477,-0.4905055912210991,0.35707155636556176,0.4123055958476586,-0.037754017769080876,-0.49501712188820013
2016-04-25,0.8986599492118321,-0.3924993353247935,-0.5620828163228223,0.47223693138990663,-0.3634513544761826,-0.4958284431602437,0.3375818039887641,0.4159828878225103,-0.011852343808776405,-0.5005632417979983
2016-04-26,0.8933681148364365,-0.42143683779280344,-0.6421261801401362,0.5054061543335994,-0.3788167740089523,-0.5368129221946276,0.3444293851239752,0.41368662238576936,-0.009030457596649237,-0.5051551230831324
2016-04-27,0.8888784606554616,-0.42078747927681104,-0.6348138945644497,0.517536089448145,-0.3819061183184473,-0.5429742562830896,0.35064781964298747,0.4174656061484974,0.01874637360851845,-0.5151136770129732
2016-04-28,0.8830858480904811,-0.4604343999964738,-0.6016805004522469,0.4746983889871024,-0.41567279610579483,-0.5080768525164205,0.30311210230868096,0.4457190506174235,0.0179078560051741,-0.478314185054761
2016-04-29,0.8920320765146625,-0.478386203108561,-0.5998583403131523,0.4782780487943899,-0.41738222346328124,-0.5253632616917581,0.34804696677885655,0.4650940555860381,-0.012319163642235925,-0.46049477746072615
2016-05-02,0.8932008542659227,-0.4835349091189916,-0.6072104996357387,0.4648682055291895,-0.4213028409191233,-0.5333071520103775,0.3331364121636689,0.4624169481058262,0.007048818697892417,-0.4246473178124168
2016-05-03,0.8863124238550337,-0.4530594862640858,-0.6458395118119431,0.46552796496207766,-0.39241789052068304,-0.5924645363052499,0.3265102737775345,0.44587254460680764,0.03094016178208507,-0.442228199955557
2016-05-04,0.881643994603305,-0.4255795250031701,-0.6215940579389813,0.4422095562518747,-0.3658817672215676,-0.5689079482454742,0.3008769436020325,0.42200874360049934,0.05111734897635507,-0.4158438926287565
2016-05-05,0.8819811479312867,-0.4258748584208945,-0.6205121591544888,0.45097666239074746,-0.36816066448983326,-0.5675177978012357,0.2953154805894731,0.41709469596962395,0.04229525712672503,-0.4206440644620155
2016-05-06,0.8845457838802436,-0.42023048338569424,-0.6222080268740801,0.4500772300201051,-0.3654406558585983,-0.581107158641904,0.3038178118242808,0.4038340185576077,0.053784408850427935,-0.4051166490119341
2016-05-09,0.9022122278695756,-0.34759375724425295,-0.6143519379878926,0.4599284563674463,-0.3752855528091969,-0.579094782783879,0.2977178081125367,0.36191824149910334,0.09516386030295546,-0.4113301905801183
2016-05-10,0.9074595644370714,-0.3333725835559338,-0.5655938236757998,0.44334470038361556,-0.3605896508273574,-0.5519536911071583,0.28767420554647966,0.35846766272227754,0.11195409289243058,-0.37794821258224043
2016-05-11,0.9018871291435379,-0.28141435122076863,-0.5495813270827596,0.43104029409978784,-0.30227681253287925,-0.5336023755899483,0.2861456299383377,0.32101989118942115,0.11795257908948316,-0.3746762351991635
2016-05-12,0.8931089510482182,-0.3050871229170231,-0.5359028310737554,0.39162043576894634,-0.3257441873906304,-0.5137770769958943,0.22818304307026416,0.3382209301176042,0.10306231861298826,-0.35870221279224784
2016-05-13,0.889181180545705,-0.29462386286515585,-0.5454243366951197,0.3897032563024876,-0.2956399061797552,-0.4968581036778387,0.21929476934318798,0.297808352056607,0.13093885616110523,-0.3525582313632162
2016-05-16,0.8936714863843288,-0.2942982930591041,-0.5569309748007548,0.4021437658949842,-0.2896975425402205,-0.5115808142711707,0.24168544741109288,0.2950966695307568,0.12374288514311943,-0.3684785230766984
2016-05-17,0.8919627268386123,-0.255639909578206,-0.5650707187769688,0.36090951538614624,-0.2533933032630022,-0.5175039506773466,0.19795326690137308,0.30090204748164406,0.1738963817488063,-0.37060996908496174
2016-05-18,0.8833482481732753,-0.2129143493699494,-0.5416229320058011,0.3132595815981825,-0.22368925445160723,-0.5091445379866228,0.13207977878795818,0.33476163074102533,0.25686937664989185,-0.3162025312124776
2016-05-19,0.885223000509873,-0.212658309267154,-0.5439679312929477,0.3094197780614853,-0.22730040660312034,-0.5127850513905915,0.12648681608354218,0.3329280627293098,0.25530437787999377,-0.3132131872018891
2016-05-20,0.8843710710829908,-0.2243615108555252,-0.5665461114766527,0.29031098298005725,-0.2339752344011256,-0.5194384891799992,0.10577946003533792,0.3314352023173969,0.2543506607085091,-0.3226066695425613
2016-05-23,0.8847348924343184,-0.22907278365387762,-0.5885319278065686,0.2907200688637309,-0.23603106654641814,-0.5332793374502265,0.10643056634147162,0.31976122698479453,0.2540399901597661,-0.3365206628177617
2016-05-24,0.8877329909046551,-0.24524915739057707,-0.5872657261137534,0.3173605348043095,-0.2641720975049549,-0.5296290591228211,0.13208720479009725,0.32146522170190345,0.22500531741513063,-0.3505528483558581
2016-05-25,0.8647780914112347,-0.23174765748691784,-0.5277518862367319,0.325279146656441,-0.25347900576829885,-0.45598490564437955,0.12238914558668812,0.3120032369997729,0.22917015655191575,-0.35343314066625053
2016-05-26,0.866064488289273,-0.23976832390899638,-0.5349754272783163,0.32246551753434893,-0.25546575787258397,-0.45093319753270944,0.12039026084804723,0.30117577991425176,0.22629949569708765,-0.3634641679995362
2016-05-27,0.8715551810896175,-0.2648336507670124,-0.5420283235324403,0.32518322177262116,-0.2580027126599257,-0.45045193274001427,0.11755557505899135,0.2955996709991553,0.24352338084921454,-0.36079473819410446
2016-05-31,0.8702552422929407,-0.2669877200618122,-0.5421039425253459,0.325249157540022,-0.2565874127945036,-0.45384463550649956,0.11971883459275666,0.2983771249553598,0.24609078782838842,-0.34616891573238967
2016-06-01,0.875022048264215,-0.2676139167837806,-0.5387228553408552,0.3350648780780862,-0.250697949790909,-0.4577145809278722,0.1510399396994382,0.2988889487300717,0.23637979097477313,-0.3514138076108534
2016-06-02,0.8742900750387919,-0.28937536683868953,-0.5026837458085563,0.2844320565171799,-0.2617123579150035,-0.4341047650678808,0.1143500394287611,0.3110549915373267,0.23258876653059288,-0.3157078158095746
2016-06-03,0.874356886282658,-0.2944717258668779,-0.5006941009025107,0.2754943878112844,-0.2702081467788092,-0.43517964526406144,0.09695394910974069,0.3636500459517248,0.24340618797702182,-0.29272551128566404
2016-06-06,0.8746300384717195,-0.2977072355402919,-0.5085008953674975,0.2818362468551841,-0.26724957862370197,-0.4421132916021258,0.09774700689591921,0.38480028533036414,0.264885353290327,-0.31215522900324727
2016-06-07,0.8618252409940806,-0.24936385407682346,-0.47604691555162126,0.2744223459175782,-0.2226961151172485,-0.4106280239122883,0.07758351948619355,0.3558826285905367,0.2856932035982566,-0.3014348787483526
2016-06-08,0.8633788320957954,-0.2465082047333964,-0.4675599765263677,0.27399063804063056,-0.21560191712608806,-0.4085678481581703,0.0843531885695197,0.37776273404270416,0.2706644581129999,-0.28888735014616557
2016-06-09,0.8640957863116089,-0.24901168492311113,-0.4702097574958903,0.2729240279885546,-0.21739006499608438,-0.409989313453891,0.08655998286149715,0.38173925610534815,0.2642270180474782,-0.3001111607197127
2016-06-10,0.8681696378547701,-0.2949581221665361,-0.48168340319601444,0.28959506942864555,-0.27299676210995116,-0.42600428721197686,0.09026949017114073,0.3877892201365009,0.18883897727281168,-0.3320600291614635
2016-06-13,0.8792910337591647,-0.3015189417062317,-0.4975751016815477,0.2794066609326826,-0.2832389886320288,-0.43051754284019084,0.1041311401417695,0.39614961843898283,0.19652435228992543,-0.3567602816555717
2016-06-14,0.8792989502076272,-0.2995974919980315,-0.4984768480227626,0.28571104886871357,-0.28258428335510505,-0.4310270978893318,0.10562241718055114,0.39701449081281126,0.19444852641358734,-0.3549008957480986
2016-06-15,0.879928846347191,-0.30052479033580265,-0.5026325185348018,0.2868173961305177,-0.2811004690838995,-0.42879566472577857,0.10842035115541816,0.3906969932287916,0.18469205347753145,-0.35496498963839473
2016-06-16,0.882397530268942,-0.3048560485832015,-0.49689785497605615,0.27002573683927944,-0.2869936498028178,-0.42282455146397047,0.09917202944246978,0.37628135690437675,0.2076606532771441,-0.36285754252242636
2016-06-17,0.8770922734565043,-0.37939338426227887,-0.46237634392760735,0.20783602314390132,-0.3678848390840023,-0.36756401518801224,0.009669278931083899,0.4349458861908851,0.17427792618176152,-0.3509117558727318
2016-06-20,0.8786682343900802,-0.387807780418291,-0.47590410906333513,0.21885997927353218,-0.3740403854959865,-0.3793239827564816,0.021541149093933003,0.4429266940790539,0.1600677990060698,-0.36610764075488106
2016-06-21,0.8792810678867091,-0.387190246984978,-0.47800794852656947,0.21746648848982633,-0.3736071305745064,-0.38184866559552494,0.018980938199166845,0.4518538032039178,0.16290292131843562,-0.3610501844113641
2016-06-22,0.8758552918878111,-0.4497721814904605,-0.5335831059911231,0.25543657720654317,-0.46102609785388243,-0.45619176265171124,0.06392281641887837,0.42681012113137096,0.2036667660836383,-0.3431367552840489
2016-06-23,0.8823297087587412,-0.44992022360163275,-0.5582227469555915,0.27947585450670653,-0.46201754660506644,-0.48054253879990955,0.09204846782516572,0.411046941172261,0.18378105507509931,-0.3789942300484627
2016-06-24,0.9219626897514331,-0.6264495032024049,-0.6709341580487176,0.3983417240765246,-0.6238877314251622,-0.6120062102753506,0.24666368290362894,0.5507678831800986,-0.015236772213336004,-0.4605255349814191
2016-06-27,0.9263987311543458,-0.6099856569800381,-0.7109415682629017,0.45856981210764325,-0.6116794311116317,-0.655254170819383,0.318209163219655,0.5299421956443416,-0.04242203958184871,-0.47762400678939876
2016-06-28,0.9322750119771517,-0.6253835279214253,-0.6789458468596846,0.4723134714743725,-0.6255781686816319,-0.6234688831707281,0.3381355152793429,0.5242310663771246,-0.07688396823384878,-0.4813847413506475
2016-06-29,0.9353467217264184,-0.5884723258311634,-0.6781254999775127,0.4949000866007731,-0.5957639433057693,-0.6269448824057275,0.3610981726514613,0.503874464940496,-0.07317263675263731,-0.49930637253400384
2016-06-30,0.9351477774684083,-0.5638432095317912,-0.6482512790769547,0.43340253895705866,-0.5796251812617219,-0.6036108289624412,0.29486441156248633,0.49987169283697613,-0.05752818080245094,-0.4865072850472678
2016-07-01,0.9321979796816098,-0.540828802132755,-0.6161817600584982,0.42789751738911724,-0.5493765934720055,-0.5616117960498412,0.29053111426298855,0.5026491800437782,-0.03147882029602749,-0.45028998985295293
2016-07-05,0.9328220544733102,-0.5440540827804499,-0.6238957169107004,0.4504485486294253,-0.5526029902809485,-0.5696476572711219,0.31509203076687553,0.5068735389342952,-0.046916071492283676,-0.46575140695145506
2016-07-06,0.9330646137588625,-0.5369583287069291,-0.6243942507709089,0.4646128283846745,-0.5430134370008204,-0.5691769098355521,0.329930515113239,0.5176096692080694,-0.06342947938059736,-0.4632421033492006
2016-07-07,0.9309997397809258,-0.5381062729459839,-0.6167660448904537,0.4367887320386148,-0.5456583255551638,-0.5634538435464318,0.2923667046666505,0.5210945467956536,-0.04280924437062738,-0.42319564888049793
2016-07-08,0.93220892659802,-0.5038109846368286,-0.5905373286841439,0.444249401080781,-0.5138812391050136,-0.5445390427435933,0.3045580500318705,0.5328494737480443,-0.05390322123813712,-0.4200019100870099
2016-07-11,0.9321348312098612,-0.5145722044950843,-0.593083121639569,0.4366469617587519,-0.5258920538392382,-0.5503099035026657,0.29476272059693376,0.5354049118497197,-0.04431547810766926,-0.3988719037976527
2016-07-12,0.9318704831341571,-0.5211663495891832,-0.5957332177041628,0.4457355444476635,-0.5256534596684327,-0.5449499321430149,0.2982177725224942,0.5582448188033212,-0.09241727883332915,-0.4374574058446854
2016-07-13,0.9316838494498808,-0.519595271363498,-0.5862575179499627,0.4434181079309706,-0.5254217499331952,-0.5401894672514056,0.30168919659344445,0.5626506376207593,-0.11217802879516932,-0.4642823389959623
2016-07-14,0.9388435854218669,-0.5368174228445991,-0.5847890888553916,0.4451660658937688,-0.525109295684531,-0.5509327967917337,0.320798106090429,0.5874044740622651,-0.1439607453179372,-0.46030364226006487
2016-07-15,0.9388701909827036,-0.5350722634559227,-0.5827944934753851,0.44797906644817675,-0.5236280560195303,-0.549341271504765,0.3221856674385721,0.5867962923696478,-0.13718160616159858,-0.446170429548472
2016-07-18,0.9415313778746063,-0.5342271637895151,-0.5990708978658466,0.4428585654628416,-0.5216506165154363,-0.5535034072449858,0.3125263399552643,0.5935219132367093,-0.13653905880652234,-0.4463135476509868
2016-07-19,0.9581495727778121,-0.5428362925162028,-0.6009579686507235,0.4437617065757441,-0.5713376397405925,-0.5790707807472463,0.3254267235092111,0.5915594974848519,-0.13474922811690312,-0.44825837174129163
2016-07-20,0.9550866914917238,-0.5424470411213236,-0.6079240307372249,0.44294212135932043,-0.5815651057760116,-0.5876202230073981,0.32561624006535134,0.6014708823582607,-0.1339717297014471,-0.4616526509697041
2016-07-21,0.9581438125683015,-0.5457757945594462,-0.6086062559692327,0.44982239640248584,-0.5793362466411366,-0.598024871532398,0.3419490536084335,0.6009972500581287,-0.1580035905067028,-0.4523557863105465
2016-07-22,0.9669325856300848,-0.5484795529661842,-0.6153420616893042,0.45059933878938196,-0.5817722942809671,-0.5913847224526221,0.3687454256462531,0.6003521118537536,-0.1601051932214426,-0.4874335241515994
2016-07-25,0.9655595686187249,-0.5278271476621567,-0.6135364060399457,0.4656995489134139,-0.5638481985180392,-0.5925164011081252,0.3805756096391204,0.604852208167403,-0.15736417506720465,-0.47938393495239445
2016-07-26,0.9653220669782592,-0.5216603845976672,-0.614598115623678,0.47345636551982617,-0.5602546862390252,-0.5931080326460185,0.3868417858853631,0.6148298373054968,-0.17349667433721835,-0.481135942068094
2016-07-27,0.9596980962781555,-0.5169945480628864,-0.6045655014667741,0.4931396381424732,-0.5354398550013282,-0.5643396250256771,0.3948817440670206,0.6288868001626663,-0.19355748700351075,-0.5208097642369662
2016-07-28,0.9586206934491859,-0.5276652088009622,-0.5940685954333461,0.4766714058957863,-0.5462420010541469,-0.5545560845731754,0.3745015754848416,0.644940437477271,-0.19437189393234308,-0.49614324019518175
2016-07-29,0.9581815624600033,-0.5358889246920628,-0.5874447726536549,0.4829308909619675,-0.555118351648875,-0.547974852975069,0.3805853919295148,0.6573349677701946,-0.18351442604067253,-0.489051472196926
2016-08-01,0.955244912717727,-0.536650668961446,-0.571866808861343,0.4814973297495594,-0.5548569310710174,-0.5466599290291623,0.365746398928195,0.6479908743805812,-0.1808047176087223,-0.4420063703606899
2016-08-02,0.9557742203302678,-0.5474295529794987,-0.5386011051565126,0.48100428233864834,-0.5665827919190906,-0.5116460572495233,0.36555764863990986,0.6342461207041682,-0.18826305333617566,-0.42713781978700416
2016-08-03,0.9559549906201261,-0.5663186963592898,-0.5387894338558177,0.47967181386257374,-0.5808524997349921,-0.5125704099949977,0.36727037346049746,0.6626777339296342,-0.2414223451687394,-0.41746752264974635
2016-08-04,0.9546854720428928,-0.578940773395512,-0.5419102725280606,0.4612949366343797,-0.5914029031873338,-0.5124899499238236,0.34935828399609625,0.6606155681305914,-0.24655022435738821,-0.40769270093959037
2016-08-05,0.9543996666044074,-0.5807299200873689,-0.5472358706116375,0.5074715075912358,-0.5922424219839648,-0.5170989697794823,0.38761123613185494,0.6705935217620125,-0.2706918125649495,-0.42779543199286774
2016-08-08,0.9566955887002271,-0.5840989259644223,-0.5501740157912101,0.49957451350275073,-0.6042998562599083,-0.5274183595129673,0.3850181277025035,0.6674963983712909,-0.2654621379613584,-0.41740367925668426
2016-08-09,0.9594306077702874,-0.5848809887049287,-0.5374009891257864,0.501414143586294,-0.6025608189321681,-0.5181458048973067,0.3840424329232023,0.6668445593658575,-0.26458668938526153,-0.41443390241840367
2016-08-10,0.9587319090008523,-0.5915097487482255,-0.5287899783762909,0.48948649008019157,-0.609795344561709,-0.5087821689849311,0.3692093654535536,0.6744478622582373,-0.2737013261635081,-0.3979267980226522
2016-08-11,0.9575438313328448,-0.5969406467080928,-0.536806768528536,0.5114156910909609,-0.6162321032205669,-0.5162775096417179,0.3923373654507085,0.677712316563637,-0.29095348929893156,-0.4217958352871706
2016-08-12,0.9581740185037182,-0.6123094983704171,-0.5553637732781517,0.49905159285245865,-0.6244362052222826,-0.5233370066640002,0.38823133884714095,0.6527502080899613,-0.3207653498202875,-0.4300304625862877
2016-08-15,0.9580960554358188,-0.6158919459160729,-0.5509404790308853,0.5036492753144702,-0.6296475684596662,-0.5201739665212864,0.39627725018123744,0.6418408203434578,-0.31185777415268984,-0.4467965140004329
2016-08-16,0.9590292427370662,-0.6166091069611541,-0.5425950065455826,0.492430970132991,-0.6320357385638142,-0.5143083385092573,0.3882452261517662,0.637652497647903,-0.30674438497496204,-0.44950974764552243
2016-08-17,0.958906578859665,-0.6198187630722354,-0.5400486773066867,0.491757432329225,-0.635293627600422,-0.5126445204336315,0.387072299885979,0.6366935546251645,-0.30925717616481957,-0.4446956376448694
2016-08-18,0.9581254053231381,-0.6013667021299542,-0.535343352476102,0.48397158436684184,-0.6134141413294956,-0.5095771423481118,0.372723486585775,0.6357389298543866,-0.28945218279889456,-0.4345387219470349
2016-08-19,0.957757566003769,-0.5897320490088038,-0.5251670110327422,0.47733459782520826,-0.604126926906149,-0.5016342581572346,0.3665708256019884,0.6387397483720837,-0.28670461313808504,-0.43045867935874493
2016-08-22,0.9582827749636249,-0.5903653772199783,-0.524046145651487,0.4724815487203124,-0.6032586992586471,-0.5019053199139789,0.36312121545654125,0.6365103546439635,-0.27825315512908483,-0.4392048319081591
2016-08-23,0.958084038669131,-0.5887634067168193,-0.5229133693736024,0.47239269586769456,-0.6016373153232926,-0.500762230275155,0.36238562549221,0.6365665295835062,-0.27854750058849637,-0.43809623823297084
2016-08-24,0.9600105030197137,-0.5634925727093425,-0.514092363036134,0.4777011734935794,-0.574742101718727,-0.4913027615769559,0.371907434072274,0.6363873652921784,-0.25304050694905333,-0.4268845945530974
2016-08-25,0.9605588093191918,-0.5622125899982777,-0.5123510154979886,0.4742924545486571,-0.5737522895421092,-0.4866920430809629,0.36866574044825723,0.6385402190316264,-0.253507332411995,-0.43211715672289974
2016-08-26,0.9596422579606134,-0.5591447702926787,-0.5111814192221085,0.4750536194111702,-0.5735743859250693,-0.4884612137922543,0.36924940867234884,0.6458600161876498,-0.2550418214419894,-0.4303148087266777
2016-08-29,0.9576036943426209,-0.5680493135655521,-0.4868979526867755,0.470709871096814,-0.5789601679605222,-0.4739366942009156,0.3690966865041237,0.6182729028765241,-0.26544572802377797,-0.4366361268845229
2016-08-30,0.9579374129063849,-0.557719579091075,-0.4783565176178832,0.4677564308254757,-0.5637969437531604,-0.46665039383972445,0.36935662284757526,0.6246796212467959,-0.2561677410002068,-0.4235859702141467
2016-08-31,0.9598214862265114,-0.554276723002161,-0.4785111410757504,0.4702979527106541,-0.5640908683480977,-0.4662499523236592,0.37522486728257454,0.6247636986270722,-0.2450472252244745,-0.4221928155038515
2016-09-01,0.9599282212581453,-0.5717293660024871,-0.4831529527235585,0.46503998150632847,-0.5733848290873942,-0.46784837396879664,0.36924847556687496,0.6237147870883976,-0.2729214835394651,-0.4289791865901461
2016-09-02,0.9594341239158823,-0.5577062763844812,-0.48593703373230995,0.4676851108367309,-0.5641164106459997,-0.46648566830839416,0.3689968615373029,0.5954665643951341,-0.25311683128813717,-0.43460507251064096
2016-09-06,0.957778472815519,-0.5398262320550841,-0.47662024429839217,0.4548992081735377,-0.5391120793613793,-0.45296382078421715,0.35531099662536964,0.5994689830640269,-0.22575123398977595,-0.41801069276750796
2016-09-07,0.9568764714916312,-0.5337328306960364,-0.4736594757181967,0.4517851779920998,-0.5332322989392472,-0.44980768763297246,0.3516505532196487,0.5978935172957864,-0.2266290623827083,-0.41703384507745833
2016-09-08,0.956057301782405,-0.5277642017947237,-0.4550801336627716,0.42827083709238745,-0.5205080559156882,-0.41845015678047176,0.31710222063078014,0.5996766286465969,-0.23695399254410943,-0.44182221806972377
2016-09-09,0.9622246803455935,-0.44788213284123607,-0.3110267913942784,0.454004193871963,-0.4472120712105391,-0.2874956667584089,0.3493744090971177,0.5997051353989045,-0.2103540935896787,-0.37913428481046213
2016-09-12,0.9639351926173787,-0.44191084610078757,-0.30606513048340084,0.46033388385745955,-0.44169356241482605,-0.28108760298073787,0.35437554449134706,0.6162557259276845,-0.2355270192554453,-0.3735782187470965
2016-09-13,0.9664789119978706,-0.40430962248258384,-0.2651615026762634,0.5051368198280686,-0.4078035900357481,-0.2733047580109133,0.42663266688720936,0.6438768873379518,-0.27037282966634674,-0.3356843114625474
2016-09-14,0.9647893792863157,-0.4001969846147613,-0.2557349936253036,0.4971098219397319,-0.40204850863598784,-0.2654457662712732,0.41211934238057646,0.6413950937763397,-0.26594992215189767,-0.32277492517223455
2016-09-15,0.9647498374337146,-0.411826060540305,-0.2600106321137914,0.49757472978527706,-0.417629712712716,-0.27121734484636306,0.41212396920765226,0.6485621468197489,-0.2758602541628908,-0.3248203259254929
2016-09-16,0.9642157962487349,-0.408231135860357,-0.2646896760737815,0.498780133842076,-0.41671633176213607,-0.27170785313802376,0.4111899957792264,0.639571529921406,-0.27321026720700003,-0.328293260977783
2016-09-19,0.9605482238436928,-0.3993869243986826,-0.2403551907226471,0.48807618038108413,-0.40860263520513274,-0.24520013170306548,0.39758693011549373,0.6336379870301903,-0.26469773103605015,-0.31432252607457556
2016-09-20,0.941453323297431,-0.07204860672915551,-0.03384581227477441,0.43170868042732646,-0.06473953948325857,-0.02831332428497397,0.3186719430800392,0.5478935722370647,-0.14121571806131689,-0.24008604212027052
2016-09-21,0.9328892527932579,0.005230791626705784,0.14301164857776213,0.44846566386579734,-0.00036786005412905065,0.15071913940655401,0.32395244290342057,0.5701558951734926,-0.08389640297481898,-0.19082490787125353
2016-09-22,0.9257233960134325,0.07087609957261097,0.149549380519882,0.43405974535552805,0.07008815831690964,0.1583305556935565,0.3015817034556755,0.5864499411689308,-0.05696378730599611,-0.1858919129807916
2016-09-23,0.920051610400483,0.05164559251016617,0.2020643295986158,0.4225376609024135,0.05193434676833344,0.20486998711726423,0.2897918381322403,0.6004431902038092,-0.06847556438942136,-0.16447354958644272
2016-09-26,0.9221359870907339,0.03345097015003889,0.16762750706157967,0.428273417998966,0.0398570092171553,0.17107767390372935,0.278486332247666,0.5932180115469035,-0.0632179892508525,-0.14245821488408472
2016-09-27,0.9233165916134577,0.00968418045777693,0.17706902808671,0.4034900073597437,0.003007228595133141,0.1769908182401635,0.24573513114199952,0.5427870451425072,-0.07629224500065192,-0.18781687495190205
2016-09-28,0.917556658375104,0.030585962405707868,0.21781813837918274,0.3866124598533461,0.02543368197522112,0.21663583099593173,0.20770023017049083,0.5297355824968837,-0.04954264600243977,-0.1403636882309774
2016-09-29,0.9186794657176919,0.020127586520114978,0.19982686328119412,0.3469455232778976,0.013467111606406458,0.20194449925206717,0.1764055946023492,0.5280558772433033,-0.05953323018645389,-0.13657714807872895
2016-09-30,0.9208531329027462,0.011090724245597905,0.17410704971358784,0.3525662329779849,0.009228695183992636,0.1816239655555357,0.19170202061118755,0.5303116818246607,-0.07753716236723247,-0.1423606127359537
2016-10-03,0.9148434699932572,-0.022990109807716215,0.1429212311252135,0.3613476893495928,-0.020688033176580287,0.15401479869868936,0.19223998831221129,0.5235741494067533,-0.0810363282099087,-0.1474711615891662
2016-10-04,0.9130544655795848,0.051527017361523327,0.17358214298688182,0.3693259739498434,0.02193428158297815,0.17581052668180053,0.20272845407176848,0.5288725257782427,-0.07855359927168691,-0.158832971855206
2016-10-05,0.9142467574843408,0.09123728514734707,0.21941301921219933,0.3517041089966435,0.04139656532746976,0.20147561823832139,0.1936424331135681,0.4955658917536241,-0.015196512155742086,-0.0988683298454587
2016-10-06,0.9151562439347058,0.0910256525364222,0.22447438197851272,0.36014311018490286,0.057163554939315096,0.2251515412768582,0.17943547216237363,0.4837401051863203,0.012612429166125658,-0.05585749596458444
2016-10-07,0.9143339214286317,0.10258633488959672,0.26319998371836584,0.3609835012456164,0.06802152234376355,0.26239291036337165,0.17917572813317248,0.47568746417434105,0.01620661912383031,-0.044385498643822796
2016-10-10,0.9154028044526593,0.10843189351702345,0.24702157982464545,0.37525402087922805,0.07262533670157194,0.24424287095941427,0.1969185805872088,0.4639776851110478,0.030441254967545288,-0.052054970844239386
2016-10-11,0.9225638893789619,0.11977134616485395,0.24719597681251934,0.382622829015641,0.08456647862801098,0.24506335684378766,0.21574862956972715,0.46551113097224056,0.03773029417552304,-0.051245853236149545
2016-10-12,0.9226046829353037,0.12167926816511754,0.2519722855639022,0.3782907932564942,0.08668885215814179,0.256710987037074,0.21273545581730596,0.4653627557553996,0.03695984417054749,-0.04551637623070495
2016-10-13,0.9280962375880675,0.1412935516409819,0.2559083601257448,0.37647743565275754,0.13269020906555273,0.2751355503112317,0.21268602114740043,0.460035615350706,0.04117374066561295,-0.04264023413367585
2016-10-14,0.9279829738325519,0.16552335606954566,0.24877132219854542,0.36971171556329463,0.15126741694055626,0.266931739042035,0.20662403150204742,0.46658870044178424,0.08292775839908338,-0.026457130835372156
2016-10-17,0.9282170192822701,0.17333082518736748,0.23381199231889316,0.37873334471026193,0.15562304780453753,0.25335138607243934,0.21301062158974238,0.4778391078074135,0.07534275507125908,-0.029923563241267954
2016-10-18,0.9304165821531875,0.182163760303546,0.24114554628479243,0.3762243867254077,0.17107294161206504,0.26094405225860184,0.21686086249627756,0.48413800873784807,0.06156019967340818,-0.02825564909387466
2016-10-19,0.9278422402416506,0.1867251699654649,0.2419380108371449,0.3804156636727169,0.16838009840495105,0.2602766928750406,0.21516277329313077,0.48277290380634746,0.07474240204738318,-0.02387420366451765
2016-10-20,0.9377792772208863,0.20153667783597742,0.2527727868680927,0.38219135568344326,0.14165753931533576,0.2379145466144605,0.23602666402373282,0.44391982242670663,0.1181116011769231,0.0011126725104648723
2016-10-21,0.9369833580669374,0.20291333846989468,0.2537502027668495,0.3914068989594072,0.1454586743894208,0.24158482795243474,0.24870698267580432,0.4442532079929148,0.11458181406182162,-0.0015444796775803905
2016-10-24,0.9307373124033543,0.19683608350438342,0.24355089898216659,0.38454523489753945,0.13409529330269362,0.21919293537274107,0.23237653389220875,0.42521258995712685,0.10989138372656508,-0.005607178744970268
2016-10-25,0.9362919340240966,0.18488442736414704,0.23936584850391654,0.39660924720887636,0.11752295638154481,0.23577396707662474,0.26812439131087235,0.44823764145835276,0.10550219850003978,-0.06129261622848856
2016-10-26,0.9308403006634864,0.21357392418140822,0.22317490973580753,0.3934661323086562,0.15551089581311628,0.22604094430631405,0.2711886921439617,0.49797087981908705,0.1256484613160079,-0.06315415497080529
2016-10-27,0.930212558809815,0.21495228351006312,0.22810083891172225,0.38562910016850127,0.1533791732753219,0.2384735009979049,0.2596484881317957,0.4799231141987147,0.14519826921810125,-0.07919953975925192
2016-10-28,0.9287949859890559,0.20640357381560365,0.22785864409017456,0.388607753047902,0.13648945734698362,0.2351317407773972,0.2685702015097646,0.4736507859995633,0.1269939529602098,-0.09046933062505753
2016-10-31,0.9260538276368026,0.27743517959283986,0.26893871471261904,0.37707047524421566,0.20041775273567217,0.2719763702118506,0.267508329609846,0.45006194432025387,0.10895121327308141,-0.12537331023215892
2016-11-01,0.9277590371520693,0.2528766026552186,0.26402926116771475,0.37455548951149426,0.17780255276994728,0.26819365902524417,0.26783286361383496,0.4491859381220253,0.11176736595289696,-0.13383907314213261
2016-11-02,0.928702295372441,0.2304439751680045,0.24943586595764042,0.3872009886566021,0.1492739815331803,0.2446031575460105,0.2876430316291957,0.4508015093570437,0.08670568071047711,-0.14739925047393462
2016-11-03,0.9255424287099,0.2242826386642483,0.2629758584809098,0.39273841724323627,0.13190900850134274,0.26799147944471585,0.29973949097814195,0.4248092593015977,0.0920916037996105,-0.11394713116472784
2016-11-04,0.9240621771748719,0.24025582104928575,0.27907878751593246,0.3786452404172235,0.14198866839941326,0.26929009418439664,0.2906462781571681,0.4104720538110724,0.12677712201756655,-0.08568732791589632
2016-11-07,0.937181137993115,0.07478612735655824,0.18896104540550376,0.39590372566334775,0.0006131685121643953,0.18308909277144897,0.3121644340084239,0.444742849715244,0.09146699756239336,-0.13801240814094623
2016-11-08,0.9374421783609972,0.06469030013525902,0.1957047458124628,0.38691055122828716,-0.011370132123343053,0.190415316186262,0.29944147054605735,0.4669165346265573,0.08284337340436565,-0.11193135077407206
2016-11-09,0.9303380105348446,0.07430287570230977,0.013022431141792202,0.41353944122784964,-0.0015658589022515966,0.09298392049762934,0.31805005376944107,0.357037723131044,0.0733945208322455,-0.16014887094274102
2016-11-10,0.8828145883175161,0.0600880281888295,-0.0009550208566912048,0.4011945727271417,0.060945065977428506,0.13795227929615517,0.34016572537175116,0.38697466062672237,0.1030239111557474,-0.13441746395071033
2016-11-11,0.8821104802729259,0.06688663178220713,-0.0010742039467009682,0.40176762790851667,0.05366897698477417,0.13702830317461961,0.33892454514556514,0.37922761222693174,0.13341310211033902,-0.1368704350096268
2016-11-14,0.8682399316790071,0.062092245186944235,-0.0032803213845290853,0.403145410406066,0.07068096060343237,0.14460079314773103,0.32099232849218395,0.3802295970929567,0.12876669310362984,-0.13935140234962776
2016-11-15,0.8700472725884648,0.08415966988754575,0.012733014561975389,0.431744586091943,0.1037534036356731,0.1635866859771506,0.37380307567638155,0.395392077657154,0.17196227238593095,-0.07295013033950871
2016-11-16,0.8620993595166494,0.0842443100781888,0.004739517735260019,0.4315613312866827,0.10044141218308936,0.1752545540901942,0.36493748666177406,0.38514633978784363,0.17198820017446112,-0.08556625747049305
2016-11-17,0.8620494630576911,0.06431788348097936,-0.013387175270218658,0.4163319189829157,0.07865885574234616,0.15044861773272117,0.34683617939757605,0.3928895800055832,0.15581411331157052,-0.07515000781099677
2016-11-18,0.8623165858416184,0.06922472502599655,-0.01332325042878762,0.4100407362933134,0.0854325430065299,0.15018660368429793,0.3396841537517154,0.39159611612705797,0.13911835845823703,-0.07414641359616746
2016-11-21,0.8666153733758505,0.07964521173187748,-0.0059170147445320705,0.4279716217737517,0.09705228324920923,0.16013820114104016,0.3646928651982697,0.39567358058262597,0.15532945432940706,-0.05334982285970176
2016-11-22,0.8686573038908683,0.07584189265191037,-0.025631805265199484,0.4309022106756718,0.09695709925217755,0.16169998459914403,0.3615123794528069,0.39456159922987144,0.15684423858452332,-0.04439119299571478
2016-11-23,0.8662314924037153,0.06731691356867572,-0.02659195067644257,0.4297514500362614,0.10564394729040698,0.1618889068222155,0.3566991530622394,0.38553911480391334,0.1367842913337128,-0.0465359028259838
2016-11-25,0.8669217217191707,0.06305172647589564,-0.019483223679342854,0.4063774922887648,0.10255841621035389,0.16557135899092312,0.3445460334795939,0.3815071876516615,0.14781120435725226,-0.045927320715275714
2016-11-28,0.8669058891555902,0.04514528297255276,-0.032602975550098744,0.40340689087439024,0.09074782493089122,0.15633970185710777,0.35310827051023586,0.39527950463735934,0.1751892260970265,-0.027711171847752455
2016-11-29,0.8669436514808201,0.030304616554812213,-0.022602987830258534,0.3815382738900819,0.08160372805026453,0.16508412115416113,0.3305378872540749,0.4136379317149863,0.1653227833328637,-0.03882249687810253
2016-11-30,0.859800404154615,0.024532395723032483,-0.01936691477582689,0.317357811164228,0.08902533286640131,0.18730636964068634,0.202597525619427,0.41563606532645225,0.04991881523302602,-0.1388065285622847
2016-12-01,0.8476001440884238,0.023875954123063023,-0.01050970515128437,0.2988105573498125,0.08444186846528676,0.21017285804649694,0.145218884321797,0.4124089639396736,0.05153322703990654,-0.1595142675905067
2016-12-02,0.8473703261429236,0.022351514581381904,-0.016429858863735856,0.31557561766268966,0.08410688357400478,0.20318648381291676,0.16882590105493755,0.42028970519702713,0.07055452199248745,-0.12090209411446892
2016-12-05,0.8217043477754808,-0.016746568762669466,-0.12945431992074885,0.2513336940136036,0.05569027307333268,0.1357934999147236,0.09710844289239395,0.41455364400382594,0.06162916289249371,-0.16949685020944572
2016-12-06,0.8066745085861274,-0.020449415808622414,-0.14515470416013052,0.25373318410086665,0.05464021759853368,0.13090819085726477,0.09397098916831119,0.414576849538088,0.06070072675143965,-0.17096057357627398
2016-12-07,0.8186095060469997,-0.02121602307504061,-0.15372783171587937,0.18233437374890418,0.0608278232792283,0.13910767475041214,0.05026158829373478,0.4166545602566341,0.04103644208514783,-0.20941079855360034
2016-12-08,0.8231810179802056,-0.018922838758284013,-0.15557160962665162,0.18223884826388817,0.055056117574336066,0.13124284542563508,0.06428007071436348,0.4104371646961482,0.0546937013917953,-0.21616147247747072
2016-12-09,0.8177351000547153,-0.020339631885562995,-0.16652636121050524,0.18710912730981702,0.056680647337036386,0.12206037480136368,0.0681132426033855,0.42133472923059406,0.048440978157308065,-0.22101665049332958
2016-12-12,0.8214592897479314,-0.025351748854419473,-0.15528360375514685,0.17499726007775607,0.0488519834044869,0.11998068702780196,0.06089931646953144,0.43007910521987197,0.05451606065759321,-0.20536309084871474
2016-12-13,0.8247686248961673,-0.026501056552035163,-0.14331350674836446,0.17785255211178833,0.0491272513937543,0.13305667031294469,0.06542747343137693,0.42884745442753475,0.055487960425074034,-0.20181985860884957
2016-12-14,0.8163256777284189,0.01455479057271171,-0.11048986696086362,0.2131886617446655,0.055211341973553596,0.13597445373855752,0.07187656278979176,0.44081077183157136,0.09129281586865574,-0.17177378748958047
2016-12-15,0.8110376792376969,-0.058835041085429605,-0.14145112303285456,0.18325843123462898,0.01172891841348433,0.11640076366367694,0.04761155296941291,0.39178924733203996,0.04762404395454941,-0.20022201816249938
2016-12-16,0.8087757877193369,-0.07756842771116754,-0.16348836902022887,0.17149054687296886,-0.008216475672584924,0.09826100768397816,0.03459958960750123,0.3813300533638876,0.054500752020943254,-0.21157051889268846
2016-12-19,0.8060959106403681,-0.06666917091632174,-0.15259321410074908,0.14764792792851641,0.005325826677570063,0.11188249400719523,0.011571892930149532,0.39402945739566425,0.06114536968735137,-0.21380191110116928
2016-12-20,0.802178457859325,-0.06632780493405195,-0.13203455794970023,0.1799041964947216,0.005728701224735876,0.13107308288459957,0.032532331637565845,0.3950598174779652,0.05431057670500695,-0.23440365340453728
2016-12-21,0.7974617649381852,-0.06245662708140835,-0.16022825556866166,0.21092138472418867,0.016233818619054718,0.10747978654851356,0.06205881245525288,0.41344136599777104,0.038070629458949574,-0.2236298484879992
2016-12-22,0.7996905175046658,-0.06213296629058239,-0.16191056486797756,0.19289189482076888,0.016190397746433535,0.10660483063828377,0.057639115320493976,0.41351909219692945,0.04158374884905956,-0.23346046796078526
2016-12-23,0.797795780563078,-0.05706241988663561,-0.14734783951488983,0.2272334051142128,0.01970720602371868,0.11801035801590916,0.07378796549328316,0.41664572611717404,0.04311771478427285,-0.24054426028699624
2016-12-27,0.7941853799237855,-0.05020132562427287,-0.13457332487269139,0.2281989003991677,0.03188571033104751,0.13017285940041848,0.07731460661524985,0.41252726657582717,0.053163791047438194,-0.23930521885253803
2016-12-28,0.798406124514604,-0.06607728660809237,-0.1626008815865767,0.22998779245086623,0.020505939129305026,0.10709642592545224,0.07887174015580158,0.4182628623757797,0.05369803353010291,-0.2359401368680384
2016-12-29,0.8025550399218698,-0.16142563240173388,-0.18776945144460377,0.23112787205841193,-0.0014810997348745558,0.10101690909974986,0.0791246542949311,0.4120052711358356,0.048721631860813526,-0.24085444520710453
2016-12-30,0.8034756938475391,-0.152376553946514,-0.18933907120717913,0.2215257890702728,0.012422841407605115,0.09258743060015538,0.07167105934906338,0.40640966445927135,0.04933495173756692,-0.23766033440072873
2017-01-03,0.8081310266637663,-0.12456494790126574,-0.17160170887764947,0.1936639274580293,0.0342334689031705,0.10435385895943486,0.04968435052573925,0.41086056417936817,0.03684710490035242,-0.2440334365551204
2017-01-04,0.8104324642022264,-0.11091532447944166,-0.15726376366724207,0.19253824022807933,0.04248728932619368,0.11245111874679621,0.052036401652830674,0.4141614248801669,0.045838038113811985,-0.23442061087805174
2017-01-05,0.8009349951248276,-0.12624507882235786,-0.1569358065868869,0.17563046331417687,0.05763727562947088,0.13797005682559782,0.04037253889400018,0.4602497775263532,0.04783281671345029,-0.20428580034622668
2017-01-06,0.7857115824163742,-0.16142975104177917,-0.17589427161063628,0.16855639917254547,0.02778597670819504,0.12104604016559539,0.02772018912111511,0.46666404377846155,0.04577784390874386,-0.20256234411371862
2017-01-09,0.7758647264717166,-0.17532711062952291,-0.18821926372012696,0.18628364819347407,0.035197548398780504,0.12677933839291902,0.016763023553345822,0.4765568094083334,0.019321602457714148,-0.2208715179968812
2017-01-10,0.7733025531862856,-0.17225094670395732,-0.18202423311584456,0.19297269219780158,0.04138319500339745,0.1332067539352006,0.016135797921908567,0.47367631848146496,0.006809762889347522,-0.22361640283897222
2017-01-11,0.7737637916441318,-0.1707227515728917,-0.18468829501483372,0.19672131048924252,0.04389040394807714,0.13842734184963526,0.021085575885669134,0.4714481771171345,0.015152581871457528,-0.21786060671628218
2017-01-12,0.7731514024087764,-0.17099728475640602,-0.17206783931066372,0.1845311564812126,0.04442757563297345,0.1468657172584029,0.015251178586883128,0.46652985055712903,0.023261200621731256,-0.21576744632871908
2017-01-13,0.7693472985460508,-0.18605432077194387,-0.18365212828368085,0.17862122529451466,0.03179339976675655,0.136680764652729,0.006788488640321892,0.4588062492000945,0.015048926265034939,-0.2150399189545109
2017-01-17,0.7714065555124211,-0.21204099817920535,-0.2007367174026929,0.17297812123653394,0.017032608345951092,0.12389693453321417,0.0076364758925690016,0.479008753592147,0.006435067412205209,-0.21464535389204248
2017-01-18,0.7715615131739634,-0.21722124148735772,-0.20087075462902543,0.1605305450913971,0.013067395224377313,0.11986273336234154,0.0007526422598248778,0.4907054930871354,0.01888737153533679,-0.18470800281288813
2017-01-19,0.770343428910988,-0.21538744830756956,-0.18950947257041942,0.15896510311756035,0.011811812409727195,0.11915107494325602,-0.0008527557103808545,0.48885357946305175,0.018200704224176762,-0.1862171147202734
2017-01-20,0.7717648852190733,-0.21020748877027548,-0.1870512039575084,0.16767208898809138,0.017853293263155604,0.129239054322764,0.0070320416328596294,0.4875455489566502,0.0233749524827434,-0.18677473897862612
2017-01-23,0.7673131160248047,-0.20704030737390827,-0.19343940683312144,0.16129803118334987,0.027058443882180587,0.13258176009781691,0.00041978480581704187,0.49362601763330183,0.03218641330905589,-0.18551201659371233
2017-01-24,0.7691521396464951,-0.21956358364327222,-0.20811112313153157,0.15789777718655693,0.010864762727209131,0.11487570265141923,-0.00773078537142201,0.4929183411731467,0.024848750284133518,-0.1938842387791977
2017-01-25,0.7734551847109097,-0.23260867185835674,-0.24603806709146278,0.1562184487081965,-0.0036149056926390475,0.07566144352769644,-0.006893752010755027,0.5120719227216238,0.025939866456921937,-0.1802186310739494
2017-01-26,0.7693119578384696,-0.2154713891423503,-0.2515710073518636,0.13887273800169453,0.008471979176946257,0.07456823681376679,-0.02143952645666042,0.5011390494095135,0.02139495994909978,-0.17356615601026992
2017-01-27,0.7661458786638872,-0.21673066020423143,-0.2535025474435199,0.13992699043565393,0.011574488929582231,0.07978204413654018,-0.0337499984880463,0.4998170244083149,0.036198720673532296,-0.1562205345072566
2017-01-30,0.7663605915029237,-0.2089990212556007,-0.2461406763921654,0.15691124602211676,0.016657800307294964,0.08661117694711457,-0.01975132158804113,0.4971580373385905,0.028335977307442882,-0.15463005455778228
2017-01-31,0.759502047005528,-0.19274276781029598,-0.2385395430052638,0.12815417410023658,0.024989031042186065,0.09401483417621968,-0.0511088929538847,0.5028222539066479,0.05483380077498971,-0.14037843895857385
2017-02-01,0.7461456802945683,-0.17955662990060836,-0.25338401572927843,0.10781224526683143,0.04356023644317193,0.0709032682204124,-0.07241686414699247,0.5167107461382898,0.06663550940106923,-0.15814462568843934
2017-02-02,0.744856794391357,-0.1793681569540372,-0.2469978075511506,0.10318216289032095,0.041510124067748476,0.085186515133361,-0.08013535940115409,0.5168415181657151,0.06897518160005073,-0.149087653225077
2017-02-03,0.6803265748270948,-0.04263458571605534,-0.22410964942484013,0.06196674227131985,0.1680450668700911,0.13792760448980956,-0.1305162877443832,0.511078629936433,0.09825313661380256,-0.14076283530290534
2017-02-06,0.6746102981489603,-0.05619636817348482,-0.22890089195318788,0.07533726474327603,0.17036974644054978,0.14185492318977694,-0.12536911106514423,0.5179237157572641,0.07128799260753153,-0.1518557688619187
2017-02-07,0.6813168582549008,-0.05723687026218134,-0.08495236662931431,0.053634789345795554,0.16950297692044797,0.2337205526222202,-0.13753097956008464,0.6377708202331551,0.0739258871467474,-0.13075211637676817
2017-02-08,0.7467260173549871,-0.047261883741667954,-0.0717189698403477,0.061520803443243434,0.09786843418990346,0.1538924475194829,-0.20900317018341666,0.619310562236432,0.04115182890050685,-0.1710332932260918
2017-02-09,0.7461806634616024,-0.10697353344234335,-0.10991816962072457,0.0507310260565203,0.08897509519749046,0.14000263270938024,-0.21431461199209426,0.6351221382466617,-0.03239786746221201,-0.200189419334823
2017-02-10,0.7684027848836014,-0.10582679918035331,-0.11222858071961343,0.05670789158646707,0.05593123337279857,0.11750781598766945,-0.20603790835268723,0.6290419861552569,-0.02271345265747375,-0.19663596682476583
2017-02-13,0.7595151724521088,-0.1521685793181516,-0.13847590135292373,-0.014799560505601269,0.0071406264739182,0.09277158416146031,-0.31191959084661697,0.6265707022859188,-0.05248831181820853,-0.22306144901989522
2017-02-14,0.7760187437729381,-0.15567350770018631,-0.13444174562093306,-0.02054708705136115,0.012931681458578943,0.07279571562193794,-0.3051751832984642,0.6365927161327563,-0.056370963565445485,-0.2147361471288811
2017-02-15,0.7751119455997906,-0.136303956451138,-0.11683680979171683,-0.014344791212804863,0.031994061147677326,0.10200053949701159,-0.2993964631041456,0.6279047499389291,-0.0652545368482011,-0.24055198842835818
2017-02-16,0.7726738234217299,-0.16064519282408543,-0.1288632288941114,-0.003522611516496975,0.008883654384881166,0.0914450139389541,-0.29004150508490634,0.6317089217981562,-0.04721333889490546,-0.23374971291290017
2017-02-17,0.7624379810797465,-0.17573596928577764,-0.13850180413755395,-0.06033638918627761,-0.00711863797605058,0.09028992599568918,-0.3682153459813826,0.6189419848779967,-0.06426362291118856,-0.25712149828359177
2017-02-21,0.7633221745210861,-0.1729254954271073,-0.1414222524810513,-0.045481551296381754,-0.006323127575267773,0.08774061949660253,-0.3578627545451534,0.6184638305753613,-0.06506015393057019,-0.2605139076272658
2017-02-22,0.7675086567934991,-0.19364160523302476,-0.1449315973979805,-0.037007341650681085,-0.05842939244320042,0.07822147495296164,-0.35273433968157,0.6360317067543161,-0.06429389692381757,-0.2615250795486962
2017-02-23,0.7631514173245223,-0.18674198418154223,-0.14803812754661472,-0.021061738215325202,-0.07177088243045154,0.06990607249571586,-0.36141084704482146,0.6437333963177307,-0.08005340568325024,-0.2564127278548482
2017-02-24,0.76246339804137,-0.15847221210020596,-0.12463395988863568,-0.00972536713122142,-0.05562298066399336,0.08285263798822522,-0.3577596423729116,0.6404557918135809,-0.09767070251695673,-0.27251470497589136
2017-02-27,0.7623034432776159,-0.1572296483418561,-0.12677278077941326,-0.0041544890634683035,-0.05021436641387149,0.080408613183598,-0.35970446835504744,0.6569508845745331,-0.12979371940898649,-0.2609018057996229
2017-02-28,0.7755913485653549,-0.1951197214766397,-0.17595682084305472,0.08484720659909276,-0.15120206084552348,-0.02588561741606101,-0.2094630632023543,0.6266220630924424,0.03843610309310281,-0.11379353760222931
2017-03-01,0.8196035249874232,-0.21016779263691573,-0.3052106006219429,0.1189362257613057,-0.21050742921051205,-0.21048958024125422,-0.0719757348917232,0.6124600277092416,0.06228253724227172,-0.03527552264074669
2017-03-02,0.8274665333971123,-0.1397569605575127,-0.2801103704270805,0.16202631206365364,-0.15098924900918545,-0.1938261670376994,-0.03147718486734696,0.6049379917675477,0.09765825834846352,-0.038624484108056356
2017-03-03,0.8239549257721879,-0.12570247507084323,-0.2805524782801891,0.1752692881989464,-0.13533474015147934,-0.19302954820923746,-0.01574482545216821,0.6046299402435543,0.08319383408223784,-0.0360096205138193
2017-03-06,0.8270227776183678,-0.10440921920400531,-0.26604284195039224,0.17805511522513495,-0.11667026696533293,-0.18085212749595503,-0.014136716609733509,0.6085429458435306,0.08195282553698108,-0.035958900313194916
2017-03-07,0.8106269776711544,-0.10816150153536001,-0.3342401668824942,0.25570166888716456,-0.1205959628312435,-0.23335119886833405,0.039884654176645065,0.6082872242894656,0.09311311750935161,-0.00908683190408026
2017-03-08,0.8081276627681621,-0.09413801624001299,-0.32117510543311545,0.2618535196753771,-0.11998862199198108,-0.2373812113633505,0.034218566561314216,0.6165720760837503,0.15077448649416866,0.07631143865386816
2017-03-09,0.802193599691099,-0.06529931777329992,-0.2947351495198845,0.24655646070370763,-0.08408032657744059,-0.19879850957979214,0.01761260912889986,0.6037198085585118,0.1868219959940233,0.1192998075141725
2017-03-10,0.8067135387865322,-0.05917298945247645,-0.2864207988700059,0.23924334038292758,-0.07229130117817298,-0.18994027632503827,0.031013213452910353,0.6034624477070433,0.17159851938070667,0.10112699233709163
2017-03-13,0.804129914473242,-0.046844331539546945,-0.3006550243634741,0.22600637770309553,-0.05159070201740999,-0.22283271233528518,-0.0011566564136125089,0.6081362408355135,0.18020427064975925,0.09320553690294452
2017-03-14,0.8142278890390686,-0.12078420293196838,-0.393774990341096,0.1623390992075002,-0.07232103758868398,-0.2620339457051759,-0.027726392279648716,0.5673747792834759,0.11119514627840077,0.027850498473466555
2017-03-15,0.8203618817880259,-0.007066603190298491,-0.33069207309755166,0.1949656070031018,-0.023467758370160182,-0.22241217472358962,-0.0016516819648238561,0.6464675315050155,0.1803610771567559,0.06281263636168855
2017-03-16,0.8207765334137564,-0.002747743055535848,-0.32460731154579786,0.21312763426280354,-0.010926402903540217,-0.22481260228444852,0.025926383979862966,0.6458166269250756,0.16668273102896347,0.07150866050073032
2017-03-17,0.8215181276369885,-0.007089337279430975,-0.34543017274918497,0.21431423729479146,-0.017580388090122762,-0.2503539317606673,0.02834665993768403,0.6437735510599887,0.1685644377137231,0.07588340256028774
2017-03-20,0.8200389005923936,0.00508238943394641,-0.3424005522898877,0.2076706957497251,-0.007013789841344093,-0.24592683505615293,0.021309061732009204,0.6409308538462235,0.18844406968503663,0.08479204135613765
2017-03-21,0.8507242960219051,-0.052395918392401646,-0.3649482366998255,0.2284941948210238,-0.07135417648125274,-0.2811297596036195,0.06913484582370402,0.6516709915798579,0.1671869316402632,0.07499413898609178
2017-03-22,0.8471600586320281,-0.05730190217848597,-0.3645595830146434,0.2326470270948419,-0.07782836026084396,-0.2742796433402715,0.07701193976965068,0.65049944970121,0.17083790830999512,0.07820528754525163
2017-03-23,0.8474895460531683,-0.05489869648250012,-0.3630075160904715,0.23467671643420165,-0.07052277473012991,-0.2683298973457011,0.08735807162256365,0.6507132567846639,0.17252353707606397,0.07808114404406344
2017-03-24,0.8461017962672157,-0.059559505374110616,-0.36213165865614144,0.22439578543473143,-0.07971507565906219,-0.2615711533113955,0.07397547576819892,0.6591185762279562,0.16161667138667277,0.09515291141533015
2017-03-27,0.83369724513719,-0.05913328137164365,-0.34594761606012836,0.24416761029022496,-0.07557103149382713,-0.23779189018175628,0.08676745922348267,0.6637032301210909,0.158586545546605,0.08898911468429127
2017-03-28,0.836895619999598,-0.07297404103644414,-0.36086868451952714,0.2613882029559579,-0.07140492908927965,-0.24709484627865033,0.10146844064707937,0.6730457989642491,0.14737287658932863,0.07149533023517486
2017-03-29,0.8461332617580307,-0.09484815538552725,-0.35924464430699865,0.2608084957348174,-0.12892594597462873,-0.2436554964180912,0.13075887749866383,0.6822885607692627,0.15314747652309058,0.09118420590597137
2017-03-30,0.8369511062930358,-0.1339876086889904,-0.3883026088837451,0.32060449332104013,-0.1586032441731536,-0.2625920331921773,0.17757887502933994,0.6884759951849686,0.14735735669910427,0.0767060193746523
2017-03-31,0.8356637463511382,-0.14433687079280416,-0.40731170193096805,0.2985401901932565,-0.16615347063298275,-0.27546248157052505,0.15980934572995922,0.6875898082962258,0.14386365012894922,0.07251971132114016
2017-04-03,0.849910477354637,-0.14250455423359806,-0.41720736330756525,0.3088844829394504,-0.21647957434437862,-0.3334946086916002,0.15206167559148046,0.6623301420869779,0.11305367065086062,0.031507765488425946
2017-04-04,0.855295305045673,-0.12966913936587313,-0.4071434192140766,0.3064978684033651,-0.18475090230408642,-0.30491044762279806,0.15512132091131448,0.645203024887146,0.11700148179122834,0.01555691180627478
2017-04-05,0.8719266417742297,-0.11033389306389421,-0.39940506367006245,0.28563449892275306,-0.18954539899817643,-0.3230199903142681,0.1792936245924841,0.6345819570689933,0.1665842804027036,0.05949803300937125
2017-04-06,0.8694797155368634,-0.1146711431206965,-0.40070839601288355,0.2931050115767805,-0.18885762715899235,-0.32186912182764577,0.18213522286297795,0.6366945615344664,0.16500612353700655,0.052467448721579754
2017-04-07,0.8696455226579352,-0.11954652907862982,-0.40090304786839986,0.2798962071885387,-0.1927473316325266,-0.3200712550746915,0.17029962410063065,0.6310586177081505,0.16063568266803654,0.02964123661900112
2017-04-10,0.8683131621270849,-0.11448616036578231,-0.40596601156704515,0.2948982774150636,-0.1881119617709156,-0.3262816695648133,0.1791939385599081,0.6309391850046994,0.14906274161322616,0.05023744831349906
2017-04-11,0.8635929019910733,-0.12771569820705753,-0.40676606467028537,0.2997205202786301,-0.22827853307681392,-0.3425028886731502,0.17989915336927223,0.6520228078413762,0.15623755656795174,0.04553645950046812
2017-04-12,0.8647266751168795,-0.11446240022863453,-0.4013437825440078,0.30844324883039864,-0.21825260702785276,-0.3367225693598166,0.18926354729852693,0.639249974707462,0.14916494640049244,0.037183500604022444
2017-04-13,0.8676186033094687,-0.12094047940627964,-0.404089259194039,0.31708459164572256,-0.22564741873917532,-0.3442365612014102,0.19600781972115436,0.6227894983981517,0.1103733136251623,-0.020948267847911702
2017-04-17,0.8762208313003008,-0.14377368888450034,-0.43468144154398514,0.29601880991494767,-0.24017819928880263,-0.3616225637415167,0.17850527889991116,0.6262259731690923,0.11546918942444276,-0.015252562264960242
2017-04-18,0.8779881839818815,-0.15398208842673128,-0.4429469381117519,0.2850806136631169,-0.24597443760118298,-0.3679553510098132,0.17626676067943708,0.627122931177415,0.11053750599173157,-0.008437718808680272
2017-04-19,0.8776787804389343,-0.1265682488294478,-0.4220841730809877,0.28801740170219325,-0.24448097563260587,-0.3717340583178634,0.15894571053645018,0.6276387463936398,0.1810161300753919,0.04428338245540214
2017-04-20,0.8799843153703542,-0.1025140652557274,-0.41519175850143886,0.2630144651848296,-0.220518520690591,-0.3651883941955563,0.13576224013929997,0.6175148435823015,0.1866887633802133,0.05751899999254826
2017-04-21,0.8706279541409774,-0.06325144359729556,-0.3726837267052612,0.29372222474032916,-0.1796640169329196,-0.3164935541682629,0.15559227905292392,0.5974234502010786,0.17282779375780663,0.05123855990121327
2017-04-24,0.8835472820217408,-0.12213241550942175,-0.38616952499942225,0.2806425264480898,-0.22680746761935014,-0.3351404198070101,0.13493502252197262,0.6326659948365245,0.23068026109767162,0.04657300159025897
2017-04-25,0.8894445576995472,-0.15046439476483797,-0.40371085772115783,0.2886751739411852,-0.25833640522456003,-0.3648742083779584,0.15472779688939398,0.6542596964109827,0.19788316081639687,0.02133656204828989
2017-04-26,0.8850291797334463,-0.14285561677056527,-0.42842311893919005,0.28047908022942714,-0.2547198044427507,-0.4022005989368568,0.14310806712964036,0.6646317109131776,0.19729572371627363,0.007859005832716481
2017-04-27,0.8788886011550301,-0.1400360362748153,-0.42857097001862554,0.2822462484085856,-0.24741037006415995,-0.3928614447174152,0.14717526762980782,0.6579384444008062,0.19086035402968712,0.0016687155266028734
2017-04-28,0.888410493931817,-0.14538945430365144,-0.4353164179556325,0.28479971221109657,-0.23730873477350667,-0.3791381920524499,0.12629532218704753,0.6556322787077419,0.20656683480846574,0.022473305791669146
2017-05-01,0.8785368590450955,-0.15237588224654633,-0.4367371748683719,0.281225008317368,-0.2665447852905187,-0.4043649634743292,0.11236333235535435,0.6731737205082803,0.2119378389860866,0.034193217214362415
2017-05-02,0.8858587941599099,-0.16215873898105537,-0.43985307374309784,0.2747566424446005,-0.2686663007566845,-0.40196622905602974,0.10786025000791924,0.6702809965952242,0.20923219108391197,0.01643105413087582
2017-05-03,0.885773696735263,-0.1231451557455328,-0.43505686306689156,0.26663027071320766,-0.22055186343545896,-0.40032716857021605,0.10212928511928095,0.6372974187785923,0.22942247035106447,0.028853724126427255
2017-05-04,0.8883367753854984,-0.12393576683961514,-0.43534034406366373,0.2392439560321849,-0.20707479514139218,-0.4086273265472129,0.11500837477137527,0.6541293972245957,0.2861611408635559,0.0858831342754836
2017-05-05,0.8886976503639784,-0.12254206449592066,-0.45251395810140077,0.2513156279283412,-0.2064897917162917,-0.4240440468947248,0.12523845838844297,0.6481636940652271,0.2843447110425798,0.07613034314651575
2017-05-08,0.8897931414690777,-0.10005438654191252,-0.42768253562033753,0.2375375126909674,-0.20001857410412938,-0.4214265543645642,0.11959153194845314,0.6370094210863085,0.30596109595316506,0.10267345484401053
2017-05-09,0.8845209021717196,-0.0996715093478951,-0.4277320046869288,0.22986644587726487,-0.20942268361207786,-0.4207787064994466,0.10888282139788179,0.6345616976845819,0.3063432787273656,0.10559300091434443
2017-05-10,0.880977553854861,-0.08127160744186923,-0.42377372231297833,0.2502240089713903,-0.19546917676403616,-0.41556058683210195,0.11367171542804573,0.6323683928001346,0.2845727399275867,0.08761255339525943
2017-05-11,0.881499768045682,-0.09036459289932863,-0.4133473255941082,0.2371824679813583,-0.20155055219224122,-0.4109204073243837,0.104350805744924,0.6419384690729074,0.2889197574527389,0.0983269304090109
2017-05-12,0.8751147195671287,-0.109034036580794,-0.40863668117124835,0.23681977516262123,-0.21526829592076643,-0.3928694966582317,0.10552495112079911,0.6591661323873387,0.2908718119836299,0.10224992011882493
2017-05-15,0.8720677077587143,-0.09508418262863134,-0.41165481160717726,0.2618746283977058,-0.2075712029213946,-0.3929674971871188,0.11726323069379403,0.6484095679834145,0.2924298681195052,0.08200102349702015
2017-05-16,0.8656540547541366,-0.09629471299792428,-0.4205319024372239,0.26293430466123385,-0.1927805919948314,-0.3996185247011397,0.11430043053660131,0.6656261704429334,0.28878773822944453,0.0797422887827289
2017-05-17,0.8923653307188486,-0.2521832663140481,-0.49117637659817714,0.176801964002341,-0.36389359669840043,-0.47804407685352945,0.02813293589834216,0.6995109878354051,0.29905943324378514,0.10592758255751315
2017-05-18,0.8918044984652711,-0.2641604646010668,-0.4868594569292144,0.18124228657965838,-0.38271698475139876,-0.4677876170252977,0.039742303691706865,0.6876779035251551,0.28687505088569815,0.10993322160095556
2017-05-19,0.8962070970434678,-0.24961095319315266,-0.4750175776066454,0.2063318015917353,-0.3620226516794827,-0.46113922662757584,0.06825998842047738,0.6897884908613325,0.2822306059348128,0.10924252341151545
2017-05-22,0.8975530710845846,-0.24197375405374055,-0.49648802027327604,0.21295230434181942,-0.3475175320021317,-0.48058171022167145,0.07777892720423542,0.6749932150262079,0.29278354601649864,0.1161403862072851
2017-05-23,0.8967187633420134,-0.2441070391515539,-0.49799254542184146,0.21581706960171487,-0.34581102379077483,-0.47871388825976424,0.07722930219086628,0.67720114516267,0.28136987750879683,0.10475967112158538
2017-05-24,0.8962154185378814,-0.23843691514673523,-0.48559748276729814,0.21477660306524518,-0.33772383143253076,-0.4621851245512525,0.07538716740235597,0.6801553339137445,0.27901449906158066,0.10235485996512758
2017-05-25,0.8982031046042884,-0.24471825028993555,-0.4072704926544456,0.16832005477428183,-0.3386289741379585,-0.41550167040500385,0.008798415425534068,0.7189284081244462,0.2648118107851839,0.09426094569847764
2017-05-26,0.895801527079685,-0.30240910417783956,-0.4337179426860419,0.14181323021298917,-0.3835428214332253,-0.43537572054271967,-0.009155117237643427,0.7144151324058272,0.2643883550429859,0.08514193654698658
2017-05-30,0.8956136663086189,-0.29887618495200285,-0.4354295190133314,0.1420523433390615,-0.3815302725989508,-0.4353376050138881,-0.010115466313182303,0.7037440890454689,0.267888392170674,0.07956695230696541
2017-05-31,0.8946922336629143,-0.3170260969030684,-0.4526059396284289,0.14366038082484764,-0.4002930715824827,-0.45148373777487116,-0.002022428635904118,0.6988818119860718,0.25263584320219146,0.0721948960258739
2017-06-01,0.8855569026442655,-0.332476844661261,-0.45851912095654734,0.13760791580539244,-0.4194396526144061,-0.4609100084744808,-0.002637521541028861,0.6966839242151209,0.258096467107311,0.07362304586551104
2017-06-02,0.8799721496306768,-0.33213886490078964,-0.44103917103722073,0.11918265852336087,-0.3785812865542768,-0.386471157642702,-0.006229788772507217,0.6960939909001067,0.21581500935232537,0.01122330294725815
2017-06-05,0.8807891605535847,-0.3322591861475906,-0.4341651763907893,0.12277695743247144,-0.38369224031726007,-0.38616553387778346,-0.006436298428543563,0.680610213514127,0.20626712534019487,-0.0019678733037216093
2017-06-06,0.8816794950353075,-0.3473533463321871,-0.4458108266753746,0.12304147197460402,-0.40008941087881644,-0.3974836837041074,-0.013508743797943196,0.682474607577234,0.23661579598647084,0.020833727933969787
2017-06-07,0.8817985181554705,-0.3491350708982848,-0.45285524820088446,0.09911480445427222,-0.40327096217623704,-0.4056903576562763,-0.0336643059735602,0.694828114161954,0.26624708816014836,0.07151012469440236
2017-06-08,0.8809254428322142,-0.36603638295403934,-0.4461107437130258,0.09333110853945077,-0.41352451607157764,-0.39899249026641503,-0.03862030629936616,0.7160660421439637,0.2606480178238828,0.07724821342171774
2017-06-09,0.7845152779948162,-0.4657265727419499,-0.5276295912962692,0.05892431955784267,-0.2991389006199744,-0.34816672456648123,-0.077726137005994,0.6887586824682156,0.2077592089785759,0.03845224800345197
2017-06-12,0.7806142084981701,-0.4618279408253485,-0.5427563804333821,0.058185618388498846,-0.28995686182653274,-0.34985093166434267,-0.08147352250041713,0.708510251264243,0.2068046069549079,0.03725465541643875
2017-06-13,0.7844437068977407,-0.4558635045501564,-0.5381981762439335,0.06596180368107701,-0.2851980731478881,-0.34868728518996067,-0.07102175534316142,0.7096464429434951,0.20758507995835423,0.037593306967527
2017-06-14,0.7852080828366941,-0.4438398257546087,-0.5238080266986223,0.07577848763400283,-0.2697371176664812,-0.3621855272668774,-0.04024607564180561,0.6251218071336483,0.2352612099360569,-0.050942361642421996
2017-06-15,0.7602937619943272,-0.40306592536601454,-0.4990745674038582,0.04254178828857155,-0.21656130794251205,-0.3230010876055475,-0.07232022596696962,0.6156831827614602,0.25994590391238176,-0.033443492516517556
2017-06-16,0.7574380782339017,-0.40659900464386334,-0.5046772206488115,0.040768100147248444,-0.2228010187157027,-0.33456339591312073,-0.08063198706589979,0.6143139169026203,0.25904679469030467,-0.033321704766448454
2017-06-19,0.7706385049602926,-0.4294105883800154,-0.5071492622495524,0.017450409447009443,-0.260155111894295,-0.33965076735207295,-0.10643738533618587,0.6135212800471562,0.2669197707275222,-0.03244831021188709
2017-06-20,0.7798104519469592,-0.4084150931528587,-0.5248784540395764,0.046730896955888314,-0.24954711638668345,-0.3614638549565178,-0.08463451097565841,0.594703811741325,0.2682979575513443,-0.05790659980548659
2017-06-21,0.7662135182695815,-0.4065761471337644,-0.5234827194117658,0.05003963786095556,-0.2384161324780067,-0.35448691297322077,-0.11048967863213109,0.5914060761768166,0.25679538337235375,-0.059935203494751
2017-06-22,0.7662953347829999,-0.4002818242835303,-0.5076900394937548,0.03030198794782028,-0.23383322018308916,-0.3458861336758266,-0.12170759320751293,0.5879018676285077,0.27080289129482116,-0.04239590325933419
2017-06-23,0.7671072955309005,-0.39808078445211503,-0.5122813470499691,0.030419040658715243,-0.2322062139656817,-0.3572591983143867,-0.13014000497880063,0.5808283380666847,0.2717744753166075,-0.06539963985589005
2017-06-26,0.7639490818698933,-0.385544821406613,-0.5079024048528334,0.018849902644217317,-0.20772485643313993,-0.36713629829148475,-0.14048537144059556,0.5449668799909443,0.28205130036148246,-0.028642288449051864
2017-06-27,0.7809570583446577,-0.3900243514021167,-0.4066261939191988,-0.014656344653331772,-0.22066255238797652,-0.2430328242327588,-0.18103966066904642,0.5016009477486447,0.2879729277671898,-0.07133344183596896
2017-06-28,0.7929591365817177,-0.3712458132193016,-0.4118884418001074,0.005332978666254644,-0.20963336512609904,-0.25741217057055493,-0.15491632082929274,0.48841325453723156,0.29503416340838134,-0.07228564356931184
2017-06-29,0.8079543027445094,-0.33231997340543834,-0.34035877405014464,-0.001416971778836932,-0.17033762142339426,-0.1793036805294889,-0.15799437491636922,0.5084184045094186,0.287423031941522,-0.05966339436187844
2017-06-30,0.8058936426284401,-0.3345874012022776,-0.3385794938179102,0.006656623969057824,-0.17004720504787652,-0.1750199447099999,-0.15576733847249993,0.5104828902997494,0.2679613452794457,-0.07328054612693115
2017-07-03,0.7883556103328158,-0.3240363623572994,-0.33797493946302276,0.001806652616966099,-0.1013191588272602,-0.156298604071264,-0.17184202524957493,0.5079863291987871,0.2314718850486305,-0.07600973595238224
2017-07-05,0.7860572349695505,-0.3171568402807023,-0.3447864192035743,-0.006608131321421438,-0.08723546697792615,-0.15863701727100457,-0.2000407216669507,0.5150357621387875,0.1996881001606631,-0.063944446788143
2017-07-06,0.7899863963626915,-0.3065400642165272,-0.2774959469858457,-0.023124845405990285,-0.0861552351530235,-0.12378456612734358,-0.2082207686816877,0.5063566818733002,0.19990429248904182,-0.08827092246960744
2017-07-07,0.7947892917987304,-0.32815788627102616,-0.29049150330961837,-0.0416076187911345,-0.09435514736849773,-0.13003941932017002,-0.22228112357695534,0.4904196646935032,0.2174955573216802,-0.07785551775781731
2017-07-10,0.7918525575232569,-0.3131883904114616,-0.27852816934177543,-0.04321589259765901,-0.0786659976196259,-0.11873553943984795,-0.21904763814803607,0.48158429856269924,0.2242295141712908,-0.07523444887813498
2017-07-11,0.7918939968295814,-0.2996905351668097,-0.272051542561645,-0.04203107675651792,-0.0688611022894688,-0.11281061994927123,-0.2120761255658086,0.47881864238360905,0.22573952245624215,-0.0724758428495486
2017-07-12,0.7975580883288261,-0.2751063635484024,-0.22774662440339333,-0.02583928314608961,-0.04845087986258561,-0.07770707333687142,-0.19722068801938364,0.4838949566495043,0.22945167426637939,-0.06366823710555422
2017-07-13,0.798154295533937,-0.2667884397211291,-0.20936093763581026,-0.022311429140012093,-0.044153415416456156,-0.06992512084466757,-0.19394967888145973,0.4710197126806901,0.22652964274140897,-0.08480678972906217
2017-07-14,0.8027320665395835,-0.2584234193231903,-0.2168082885966145,-0.030934747671752146,-0.024257760374662023,-0.06648835949948409,-0.18664190030328298,0.4572145642378032,0.20851712733252856,-0.11697725564726517
2017-07-17,0.8016294636095515,-0.2756914306336881,-0.20454519083293699,-0.021125538952601754,-0.031315661427043597,-0.05758646845247674,-0.1817463738857367,0.4680152387372036,0.1997818682070392,-0.12624141436870337
2017-07-18,0.8007383911613672,-0.26811452266232194,-0.20382499325362666,-0.03693319435392223,-0.0164489286014062,-0.039925898949156026,-0.17905278050697288,0.4852964195993118,0.22035463978261416,-0.11008949420341874
2017-07-19,0.7973541154425675,-0.2410644834416756,-0.1760495515335315,-0.01159442036872504,0.00519525520355444,-0.01990260494097083,-0.16537331650113074,0.47712071256602173,0.2165183262035544,-0.11483367829791945
2017-07-20,0.795586339357192,-0.21862578829335488,-0.14092871497396767,-0.023242920182297566,0.024798856984133793,0.00839837108219218,-0.17418018460004486,0.44740941856260685,0.23610271059129376,-0.09824799737725855
2017-07-21,0.7953352887758381,-0.22037619501507114,-0.1408477991751881,-0.016743373509760216,0.024332212353568326,0.011065516760253215,-0.1693972776903577,0.44736371635459204,0.2024098762592446,-0.10662975288911235
2017-07-24,0.7944189666985717,-0.2208175836284657,-0.1370502219196939,-0.019790323528207615,0.030720392423601847,0.0067748321844213095,-0.16142256446295272,0.44301744007012095,0.20267446674290343,-0.11871706032406981
2017-07-25,0.7928991953315906,-0.2188187313128576,-0.14290691908873113,-0.007890624239787114,0.03357512681086581,0.023873409350144117,-0.16977029510645683,0.43831467797947904,0.18371049135789316,-0.1782905041049717
2017-07-26,0.7922224745970787,-0.2131436474100251,-0.13573550621635827,-0.006980015872367719,0.06331963564421203,0.05118974436137695,-0.1599744340308791,0.41507104678026524,0.19079015564777713,-0.18938634768630608
2017-07-27,0.7917501734966257,-0.21218006347276844,-0.12862047000808802,-0.011372871028240092,0.06478379972421203,0.06351734802557396,-0.16598140916998147,0.41686518248407917,0.1908362480780049,-0.18215166973977828
2017-07-28,0.7910677023307464,-0.24451845681186488,-0.13406216244833088,-0.014780834003470576,0.043461636575049395,0.06013641638986078,-0.16739345775137343,0.45054141268922504,0.20916905765132943,-0.1710906093125616
2017-07-31,0.7910956096236618,-0.24747076436933793,-0.13377041212146695,-0.012751897170381332,0.04277772985446699,0.05800629512489891,-0.18380797783170416,0.43672263320273064,0.14645727894049743,-0.22368462275018583
2017-08-01,0.7912578906842844,-0.25263184744686495,-0.12649640368515447,-0.03241329950351464,0.04074142702543312,0.06059899867386228,-0.19342069814384652,0.4268396677743429,0.14648429781051298,-0.24308677600312345
2017-08-02,0.7916695386892537,-0.253904731966409,-0.13104434570363882,-0.03246818741276249,0.040334698019810884,0.06434486358924477,-0.19245639359357486,0.4226678485375051,0.1449114828206861,-0.24522563289192462
2017-08-03,0.7962143061610774,-0.2643161182025489,-0.144747042956223,-0.02931902747248881,0.04547148332672878,0.04766590392178254,-0.18231900507611243,0.4188626404783034,0.1329778221283358,-0.2597992971008538
2017-08-04,0.796748385487413,-0.2658479070320358,-0.14760217071974174,-0.03443178587125316,0.04132819852415913,0.042799077668691204,-0.18407297728495897,0.4410533296675286,0.12269748185952459,-0.2651803258853945
2017-08-07,0.797110239065599,-0.2624016223812556,-0.1489089638826455,-0.03115933358567526,0.039952410473193596,0.04305391120374283,-0.18439659399695643,0.4430306761810368,0.11979203237125281,-0.2648523274657809
2017-08-08,0.8003497026820624,-0.26330311632228826,-0.1304402794374045,-0.028042531303648623,0.03657170227115933,0.04345762746376604,-0.18321684465279828,0.4327420888021494,0.11781197010715877,-0.2647639521970025
2017-08-09,0.8036831250889398,-0.26931989927619343,-0.12253999037443912,-0.05210460255478134,0.02604406764131603,0.04285425016404709,-0.19305849149866613,0.448977528694594,0.12380852435082305,-0.24799742985986015
2017-08-10,0.830549203593686,-0.2998067716724279,-0.17755221162667906,0.017156476219407146,-0.02685195370808245,-0.020383498168004596,-0.12386339538154595,0.45968881245876164,0.1004960149898687,-0.2678551217284504
2017-08-11,0.7955315207291533,-0.13947208326745814,-0.029382905861828977,0.054475003847264204,0.14603573455144486,0.11205016668314262,-0.10283844348772611,0.388412477356898,0.09041718629749808,-0.3005619170387644
2017-08-14,0.8006925243612619,-0.16315150724949548,-0.0657674192265089,-0.004156501294426485,0.13728473423614557,0.08328441811318336,-0.14149930403845482,0.41253075856369753,0.13141170453800016,-0.2698049735602518
2017-08-15,0.8045334661148784,-0.17764339739073046,-0.0718852240296882,-0.03240620474940304,0.13063953642005485,0.08073836529931849,-0.15175732977752515,0.4206265061136609,0.10990717774368,-0.28189295287354255
2017-08-16,0.8013445315026133,-0.18418164867217765,-0.059952892957920986,-0.04338695194700075,0.12226329810723167,0.09132072714361274,-0.1598758482575771,0.43533871045258815,0.08495332143650597,-0.28571016383209263
2017-08-17,0.8225776110607229,-0.20598228643277322,-0.11707833968589991,-0.06397246692443319,0.08399360413719661,0.03692192688908837,-0.16762375791073808,0.42988646496411453,0.1023576772613708,-0.2659396064323573
2017-08-18,0.8215489967237674,-0.20881540196112944,-0.12359791839252254,-0.0736045174243911,0.07980399082202541,0.029888030290824638,-0.1652491986399411,0.42524419044023143,0.08952682258556298,-0.2622794682477375
2017-08-21,0.818019681148189,-0.20446035220150366,-0.12299745726891587,-0.03288639570626526,0.08290752165814211,0.029900333085760584,-0.12348458213813107,0.42697266330152633,0.06761258107906604,-0.28637964419417866
2017-08-22,0.8284854654533943,-0.2268714504666892,-0.1453510424247941,-0.016541596930778404,0.052810216000492696,0.005618163689739918,-0.11534076111564932,0.4363489072840703,0.030033344098736665,-0.29873659484943765
2017-08-23,0.829275896717581,-0.23664665022758957,-0.15571267832293684,-0.026012623411359397,0.049020940212048746,-0.0035027386641314196,-0.11938544353510862,0.45403494811666795,0.034831275085105445,-0.28144076103295007
2017-08-24,0.82959980330968,-0.22970069520451966,-0.14749155217600252,-0.020533602157309115,0.053253084291780765,0.0013368807249165122,-0.11659285175052274,0.45620980843398795,0.0614393385792892,-0.26285047081449814
2017-08-25,0.8334637248815149,-0.23185428606975214,-0.1437944312040994,-0.011975275578171457,0.049855017805371965,-0.0007762203675109895,-0.11588190952305241,0.45967550664818324,0.06422920732066502,-0.2598245226880365
2017-08-28,0.832866542842971,-0.2361562916117662,-0.17290103603363416,-0.00857404545114702,0.037874283964318134,-0.04811019683373742,-0.11777637294218275,0.4050794575298394,0.011765764186332663,-0.252874365722149
2017-08-29,0.8328957067634882,-0.23702307443185047,-0.17644358877541433,-0.01084824290322608,0.034484852835512496,-0.04483114200385805,-0.12051357769417939,0.4068296887398856,0.014960387501276068,-0.26495081632587414
2017-08-30,0.8348643053884842,-0.22266466639897645,-0.16798139867289913,-0.005689034165789531,0.046986392945586826,-0.04010194725578834,-0.12138409483065876,0.39227684851911304,-0.015273128739200557,-0.28360387254511654
2017-08-31,0.8383740203188979,-0.1721966281003734,-0.15240282145934853,0.04152552720310499,0.0894025292363636,-0.023801048225375807,-0.07520802662269518,0.38535339988312306,-0.013997205673805984,-0.3392178695886569
2017-09-01,0.8370647018771794,-0.17266489338233673,-0.15511947777461044,0.042434223294705406,0.09125623363132285,-0.017778940083955638,-0.07563253924378076,0.36604786860455957,-0.017488426736829977,-0.3412722547889588
2017-09-05,0.8871836521200409,-0.2244727212820041,-0.21315344115470786,0.006044495310469327,-0.024362113407272422,-0.08725749744570674,-0.08969343600402827,0.41116099988012245,0.03466664794697275,-0.24959097678780204
2017-09-06,0.8894442135311402,-0.23353343001950405,-0.22269194519320076,0.013077934211403242,-0.03412251969599922,-0.09422765843969491,-0.08495773288004312,0.4223302364350015,0.024195893100583538,-0.25824479770012465
2017-09-07,0.8872598782058911,-0.23267110636418997,-0.22030997772797836,0.006466145789558054,-0.028510490627272123,-0.08608914875111509,-0.09258910944622954,0.4465157774661669,0.020953917468857636,-0.25520192287622184
2017-09-08,0.8829253857725062,-0.23850218131809894,-0.21631647466111217,0.0032898953157225242,-0.03226755655015071,-0.05448599323745941,-0.08269573080059463,0.5256281992020058,-0.00991217192429959,-0.15538836020490754
2017-09-11,0.8834414833905421,-0.30819262310723705,-0.275597338273632,0.016718142720403516,-0.09079781484317329,-0.10091093281441282,-0.07524984722506274,0.5644685987961244,-0.034146700635052346,-0.168717555713763
2017-09-12,0.8849303163411828,-0.3042582181801944,-0.2816814032939302,0.01917336852808103,-0.09138201955856323,-0.10023765331730838,-0.07144813431851375,0.5560898526603402,-0.03223437718522068,-0.1729130373686672
2017-09-13,0.8799620695038554,-0.27444007720557057,-0.27960119941073625,0.04202749218672825,-0.05074649561051401,-0.09514775980489817,-0.044447557998790514,0.5640724973246456,-0.076632912761676,-0.18808903928238474
2017-09-14,0.8748899546385859,-0.2929675482725567,-0.25328755235244715,0.012467897882419901,-0.06721689785044413,-0.07939093933350552,-0.07038479414568627,0.5914108057951445,-0.08570328006102718,-0.15925750636317912
2017-09-15,0.8875812952160806,-0.2929620322346505,-0.2524572027457403,0.00905274395846095,-0.07862974317191775,-0.0865876194852169,-0.03661870426744848,0.5851553008826943,-0.08292218470412219,-0.15285640834864803
2017-09-18,0.8850541205782939,-0.2943028837370509,-0.25465863268775335,0.00833671899620601,-0.06987962320397131,-0.08130491604505476,-0.03462933746622589,0.5929961343199843,-0.07456127598313944,-0.14849557653595075
2017-09-19,0.8855213867064331,-0.29586249259102065,-0.2548391038517017,0.006643676157089163,-0.07339377259912395,-0.08185552047134227,-0.038649009731689575,0.5926445469015079,-0.08025486094526768,-0.144481371176534
2017-09-20,0.8877375798841672,-0.295458029509478,-0.25611032249382,0.006093360458775748,-0.08003624793951214,-0.07602665913610793,-0.03978459676222092,0.6104618787491284,-0.08633892507000815,-0.1468521771471176
2017-09-21,0.8833249843244438,-0.2693746041552809,-0.32552613871986186,0.03819829561767037,-0.042945222911142326,-0.158788905194405,0.0020129832857948065,0.6376436606208273,-0.09294204932023478,-0.12024285794468788
2017-09-22,0.8767612326018438,-0.277313146666463,-0.31743099654235807,0.022864068951072503,-0.04718331714164321,-0.1470276797468974,-0.014425756664988005,0.6415687397460027,-0.09494273472240433,-0.1166281304405605
2017-09-25,0.8621062007222757,-0.3267805335399185,-0.39468787466613425,0.005101536838961968,-0.12279980984539796,-0.24628528961318083,-0.06049210389213436,0.6447006250571344,-0.051281807407025,-0.08642796508884025
2017-09-26,0.8624027642835538,-0.31665008107070197,-0.39300366203261544,-0.0032442311241141176,-0.12799915705304915,-0.24833453669612485,-0.06274378608279323,0.6365419214669724,-0.022508040703465963,-0.07161496584918084
2017-09-27,0.8887724936624545,-0.33562631299661544,-0.39914738274492995,-0.005031381620342371,-0.23618399230600087,-0.3025706276671108,-0.04385008569753315,0.6667139731460549,0.00456290561878674,-0.06479767384375965
2017-09-28,0.8929091213845453,-0.3389011238662711,-0.3999676884303009,0.010013246841255773,-0.2495391087070918,-0.30477806214040937,0.011617310066916514,0.6645814226585309,0.0227852556622443,-0.06127884496360764
2017-09-29,0.8922660458128227,-0.3664644188226173,-0.47340295725335174,0.020214615355199767,-0.2685524845514483,-0.34283603469272017,0.016987873005229352,0.6611163261913642,0.025461019929116067,-0.05596466270239698
2017-10-02,0.8836201578008713,-0.35278591468591813,-0.46286177341236423,0.035133425391819705,-0.23556209607920162,-0.32569383152946085,0.05623603006778007,0.6517137363763471,0.008980844228408558,-0.07658484711607176
2017-10-03,0.8877108883605729,-0.35293267587905836,-0.46223257104471493,0.033324144673473916,-0.2388876725580771,-0.32994678223057744,0.054281687032558035,0.6514186991433646,0.008981911444355558,-0.07744466637154235
2017-10-04,0.8909613140132459,-0.3520529457307744,-0.4615156595868708,0.037650990078838584,-0.23918734823789847,-0.33151066904473103,0.04999134473945016,0.6506968566467052,0.003804539142226092,-0.08079380386656712
2017-10-05,0.8890994576385082,-0.3831259631623868,-0.5129298563646857,0.04898720699822616,-0.2723502306183943,-0.3834591325627816,0.06312813169810318,0.6539813149779485,-0.014102852173354798,-0.09844087350718714
2017-10-06,0.8868815244595125,-0.38514034815533454,-0.5086834637548928,0.05845069475597403,-0.2697199810816314,-0.3835787050321381,0.05627079259674653,0.6455124457429346,-0.02719928265847642,-0.06485607149405674
2017-10-09,0.8849008260765074,-0.415233171252529,-0.5176618032597688,0.04599547738138076,-0.29795116884841766,-0.39191453279225025,0.04291061831494769,0.6507032473248074,-0.03900549110829142,-0.06607891254014578
2017-10-10,0.8836055758328163,-0.4114323137471329,-0.514170544241193,0.05503956765656306,-0.298256612229551,-0.3921315200479808,0.04222569511020353,0.6496975420045149,-0.020891279665007284,-0.05075841833748775
2017-10-11,0.8903162987066048,-0.41207345988616884,-0.521386571413154,0.056765394480769775,-0.31459739895108346,-0.42310926489800543,0.037137941400609074,0.643279439446392,-0.026742741544048727,-0.0625540143417317
2017-10-12,0.8895557469801088,-0.413139938278723,-0.530627123074081,0.04753734486455909,-0.3142604260864161,-0.42818932954247907,0.030238764754605563,0.6408989470302736,-0.02497044675441685,-0.07380386540395474
2017-10-13,0.888915026435686,-0.40665301188110087,-0.5214999006109792,0.04898713523812758,-0.30201156319411027,-0.41321757561782285,0.03801356222345522,0.6489703652598596,-0.009967169081328558,-0.05202581097526282
2017-10-16,0.8887498184950213,-0.4034496283762791,-0.5202123607407518,0.04014003425163839,-0.3074751917437834,-0.41369706552627733,0.037689384348766564,0.6407565568320752,0.020621302527418374,-0.03168039702868971
2017-10-17,0.8939314750434025,-0.39965628385272395,-0.5249671376362514,0.043985857047704024,-0.3071937405498833,-0.40889795944986174,0.028143767816171776,0.6328738972343599,0.019324882164819018,-0.019947082152981403
2017-10-18,0.899315478418213,-0.3968258820264337,-0.5291223437383769,0.030773242447996785,-0.3089249851610595,-0.43789652873621476,0.04610507873777839,0.6457980078567187,0.040925084613311874,0.06654866840404404
2017-10-19,0.8995897248591721,-0.39750688746448626,-0.5289352186827646,0.03435917617198674,-0.3272981560258585,-0.441513001464213,0.04886118835902033,0.6483530475349426,0.009488687540371285,0.05875712067815487
2017-10-20,0.8988563029592114,-0.40981393706186797,-0.551724959898897,0.04651579150065406,-0.33561880906086244,-0.46107325487935436,0.06299636357122801,0.6575258406584014,0.0029907141374021476,0.0515992641922033
2017-10-23,0.9010600626896339,-0.40610338534278345,-0.5493087428678615,0.053277546521443196,-0.33571029452204665,-0.46210298957406964,0.06686547968642419,0.6512708485552411,-0.010436572584288007,0.03963641957320217
2017-10-24,0.9021192377086118,-0.40714228199246183,-0.5473743160046456,0.05979372336891864,-0.3371548219885396,-0.4601288471256396,0.07782671027297829,0.653846297824357,-0.01869155010647763,0.022818459435952024
2017-10-25,0.9002705613961453,-0.40130402346582833,-0.5335025135560516,0.07690027282677885,-0.3356988888386011,-0.4585981776832402,0.08917964673271517,0.6616460892210246,-0.022101449816042455,0.057256201926970327
2017-10-26,0.8974821800274074,-0.3995139309055775,-0.5334605545153308,0.07830190180766604,-0.31724375889917733,-0.4524034884773039,0.0822431779496692,0.6642274198629434,-0.031776606507472945,0.05126872300157271
2017-10-27,0.8712396825380191,-0.3675973566012441,-0.47741764169801765,0.1124573416066732,-0.23122941466962657,-0.3071126075307364,0.1642051996198249,0.6807519718322776,-0.008418057980937064,0.11345137737116623
2017-10-30,0.8608019494327439,-0.36856698678287847,-0.49382628762725655,0.10760952181955476,-0.23069723497802846,-0.29695602500574964,0.16376919302176315,0.6613944314056738,0.005143206194343133,0.13271098947947177
2017-10-31,0.8618173085368236,-0.36871314802580224,-0.49480354091469714,0.10979376171254666,-0.23215694057478067,-0.3000706170493869,0.16954230022647307,0.6599098737618682,0.0012395240907978789,0.13400888650867288
2017-11-01,0.8614980543083355,-0.36373627031728,-0.5022018322115025,0.10539348585618763,-0.23113314055103323,-0.3059036560990398,0.16840504292008596,0.6698993838823549,0.001315787660364903,0.12623354609582746
2017-11-02,0.8609299233166473,-0.3687134690774205,-0.5018711385576526,0.10634555193979912,-0.228935886513325,-0.3066966699003133,0.1680079421021753,0.6619794831453846,-0.013898874746620797,0.12440670704147609
2017-11-03,0.8324621818412012,-0.34507726824063567,-0.4637755972027189,0.019780393432164638,-0.19777028349285183,-0.2402116842686801,0.10854260498973416,0.6422014644892975,0.007629188300794632,0.1833473461443977
2017-11-06,0.8364046959036887,-0.3400538665102897,-0.46074195849878913,0.022243314897895904,-0.2017507940981237,-0.23863429164747385,0.10917889707943296,0.6474183401194873,0.04301205347174675,0.19783190852562094
2017-11-07,0.8273506797971212,-0.3108280573327591,-0.4494230346263035,0.10630384206033229,-0.1760040095566046,-0.21850644219412493,0.17543229329433088,0.6296747723686171,0.00960932351053456,0.167715569365271
2017-11-08,0.8274955391036134,-0.3175089695695099,-0.456547179590969,0.10371940605007038,-0.17511874463439622,-0.22323228404595338,0.16986259220142585,0.6174227513002223,0.004077595321914869,0.17318269599190705
2017-11-09,0.8303727871019009,-0.3333036015440435,-0.44343817114931017,0.10805693109322631,-0.18695253637429524,-0.21381529324215579,0.1722183953797882,0.6041266616700599,0.034560952798286276,0.19174653907913278
2017-11-10,0.7926181543451659,-0.31814030578349006,-0.37588966407589147,0.1460799098968996,-0.15107484328139603,-0.13620662031133862,0.20004945231777746,0.6109257625829404,0.04175559384810852,0.19924089404678877
2017-11-13,0.7931335660269012,-0.32316044861885806,-0.377907108180003,0.1879115837383298,-0.15263017318963024,-0.1364093523615787,0.22410759174045616,0.611737411754747,0.050752984109444656,0.20544120263527507
2017-11-14,0.7963605204713665,-0.3260325697676438,-0.390947793572139,0.21654979606884597,-0.15261286288738254,-0.14758957216442384,0.23476946718513508,0.6089923081320457,0.06276617500814484,0.18501707549070043
2017-11-15,0.7768392903416891,-0.3014055658648544,-0.4239642683471897,0.22501941060133734,-0.1290424443966759,-0.15419101177294947,0.23871838416597857,0.5829702165164514,0.06760864638270092,0.17024365833624086
2017-11-16,0.7900536394602592,-0.2782899073138505,-0.43924526349571935,0.22382840533062154,-0.11793422832704747,-0.18033881747457486,0.2337806702770918,0.5684750893565971,0.06089080465609121,0.16342186262884653
2017-11-17,0.7909026486988987,-0.31604699551030174,-0.46946975371987193,0.16207551772172593,-0.14616084347994607,-0.2028542574524573,0.19140342032022875,0.581301353313861,0.09970247111660427,0.18099158298078594
2017-11-20,0.7956538743541195,-0.3183691101761916,-0.4763042889743264,0.15853602358010233,-0.12590840357200425,-0.19739814168451222,0.19591869509309437,0.5630126193273328,0.11590442814812893,0.18047081121133965
2017-11-21,0.8063551490211186,-0.30576511929883143,-0.4503603776830853,0.1659803041969464,-0.13356764779816885,-0.17970523470762018,0.2211454196203243,0.5983503036251641,0.21093110708615107,0.1869267388174814
2017-11-22,0.8052642948612163,-0.31410003559899996,-0.45450920480900847,0.1543408576188144,-0.13051122741552013,-0.18377662995355215,0.22493495402627225,0.6034765785461812,0.22901784200075695,0.20281707402075638
2017-11-24,0.8015891736090935,-0.3183058192304739,-0.4598546178972746,0.17894157385164575,-0.13447301406229675,-0.1888282108300476,0.2612615682933618,0.6044927881043427,0.22246700407133665,0.19407976119798992
2017-11-27,0.7936664041862064,-0.3882796753796128,-0.48058564538170395,0.14979847503282573,-0.1943405430108178,-0.20504412901270455,0.22955471294978788,0.6023254855131724,0.15513383194996372,0.1867358651505145
2017-11-28,0.7572962829654951,-0.36402142773231927,-0.4446957131922584,0.12725871728854005,-0.1919818616246342,-0.21641991411682912,0.2290860670868154,0.6195417792698958,0.15448702539418185,0.18985498717184018
2017-11-29,0.7116377231956967,-0.3017287644792847,-0.3508226368293313,0.2197461189729835,-0.08904126852385637,-0.05288043314044945,0.31460840870664736,0.5967644467428592,0.11973299503257645,0.14583191120433173
2017-11-30,0.7162122185149468,-0.32262759864843815,-0.3483174583779421,0.19750748534050824,-0.10545210094006846,-0.05763509767717978,0.30566536876525785,0.5946265633931277,0.13179088363590064,0.16207711613108094
2017-12-01,0.7224204643817523,-0.3286062980966655,-0.3657686944433818,0.17379361874403154,-0.12452858891081689,-0.09526362247104271,0.2857637925408754,0.5717683615063839,0.15687296426694528,0.21066454441031426
2017-12-04,0.7186803279104998,-0.32387135856839544,-0.3714866352733264,0.1669582432374052,-0.11092123990016316,-0.1065184117764145,0.2745948343809491,0.5702590386891836,0.17021817181541318,0.20131675754703948
2017-12-05,0.6935992837337384,-0.2153173444322206,-0.31994673329344137,0.1476610964861784,-0.05411875094857958,-0.05350355647022549,0.26701186128476806,0.5098214120034359,0.19324900179960744,0.2285813924929427
2017-12-06,0.6895270849000178,-0.22406478483660444,-0.31309803719015306,0.1480259248197069,-0.05887124460476523,-0.043882451887774766,0.22846199019474814,0.5224357831573989,0.1905141047803137,0.19687385728285242
2017-12-07,0.6908051261486959,-0.24357652149530035,-0.3260499205496795,0.16083915258576276,-0.06940190008640446,-0.05175229671191561,0.233762674409931,0.5384264489734366,0.18818425330212196,0.19614275295597813
2017-12-08,0.6909704919427799,-0.23208065171808356,-0.3181801929935134,0.1801811716262892,-0.05260860954083327,-0.03951301780463783,0.24761468594961206,0.5334551514252215,0.18612171108850342,0.19207698934984865
2017-12-11,0.6932226241654603,-0.23579279092903044,-0.3206928196691704,0.1844143010830362,-0.056778218986389156,-0.04610029964404097,0.25282050746945495,0.5375365670050614,0.18553740315009945,0.18761901954615517
2017-12-12,0.6942003337288212,-0.23101317549183853,-0.3186208093611644,0.18042628279591372,-0.06922731060573618,-0.052692439852054414,0.2553997418837064,0.5251770928924174,0.17010018382659273,0.18240235049185535
2017-12-13,0.6926650483309394,-0.23579127080735776,-0.32252942530601103,0.18464771419880194,-0.06534655979131282,-0.048590535132286776,0.2536030439627615,0.5470433037138525,0.14809727768336056,0.1559888211811397
2017-12-14,0.6863795374241889,-0.2326577101472216,-0.3325276366053826,0.17115063592534155,-0.07918961220657442,-0.05114583116291666,0.2617842938253663,0.5505718010582069,0.16572089405101026,0.16098857535562577
2017-12-15,0.6949194797427511,-0.23518744373159095,-0.3051691756415597,0.16742492403921663,-0.09097609789988277,-0.03843161970619666,0.2596991884552314,0.5560010182312057,0.1665903470117663,0.16094655035099034
2017-12-18,0.7011750215385312,-0.20568597679493872,-0.3313012997317318,0.1569516469515408,-0.06929184099429037,-0.06338136228696618,0.25144856114838476,0.5136039731853412,0.16565171614348378,0.16649188000118226
2017-12-19,0.7057506733908665,-0.18495320951400804,-0.24776805604404312,0.18745670833315467,-0.014910527175075308,0.014691022175392268,0.32973126324389845,0.46999369595208473,0.10707379927442696,0.11641431435095488
2017-12-20,0.7075454519166283,-0.2007764049568979,-0.22653854442021473,0.180773702646971,-0.014742224448167996,0.027787403302455455,0.3267516127650325,0.44429402241933685,0.09699632309975026,0.09419403862213777
2017-12-21,0.7027628508953533,-0.1835923440819638,-0.20162578049814936,0.18067511978298878,0.017056588278694537,0.07636239427530267,0.3283142049918486,0.4072880477278305,0.10223517444393192,0.10367973023962516
2017-12-22,0.7040961247202453,-0.1889502662855528,-0.20319722011713573,0.18143183965597776,0.01181921127416938,0.07244207810346405,0.32599500962602035,0.4121247500521938,0.1072451631729134,0.09719357432749152
2017-12-26,0.7039785114178339,-0.19145005142633695,-0.2122441864881443,0.1595804610248983,0.003331236095898306,0.05825992651553032,0.2886808059841366,0.42490705818561747,0.13814834737178008,0.10934141036091606
2017-12-27,0.7100204169286546,-0.17697095637817456,-0.20642061530341016,0.19504563322049276,0.00015379991888465953,0.049634899378329454,0.2959477763139715,0.429733811188819,0.09937873753584665,0.0836953569879442
2017-12-28,0.7094743477198829,-0.17179280356587137,-0.20786772456940475,0.19822522142597143,-1.5229927202276196e-05,0.04942950792500053,0.2974633369971334,0.4235072934872629,0.1010315137481267,0.08402360569820314
2017-12-29,0.7167968206367099,-0.19342352045731961,-0.20891591942571655,0.1967986022519938,-0.02156205193788207,0.04514879632816576,0.29527533506395587,0.4236271539765092,0.10948008246252175,0.08390692450879539
2018-01-02,0.7247588717658725,-0.10369485198662155,-0.2385053983639235,0.17644986132133664,0.0863171806818767,-0.016791033042424647,0.27043194481753485,0.3283101834871298,0.1330935736449261,0.08997255680089405
2018-01-03,0.7349774584153791,-0.10875527267868922,-0.2227545025037071,0.1920208983659333,0.07338138837494251,-0.0018133529289895976,0.3088215821573465,0.32788984535300847,0.1544130199174744,0.08937448301459697
2018-01-04,0.7310505048978034,-0.08036610181721378,-0.21851733766548623,0.18996515413031936,0.08369197610418842,0.0008996592619728315,0.3088014775510406,0.3202325730991147,0.15570520509567148,0.0899846513902886
2018-01-05,0.7405476018886554,-0.08797858821947918,-0.22827910732210194,0.16276786779033195,0.0779088758978982,-0.009467304332698278,0.30382763107220023,0.32078996740688626,0.15004553617658128,0.0915716866811722
2018-01-08,0.7405706670105758,-0.08906281736382894,-0.22905985250566865,0.16292990601117396,0.07575400698682827,-0.0112023874628029,0.30383681304662097,0.31957487821977687,0.14666208025617203,0.08932082967417403
2018-01-09,0.7376008825350234,-0.09148434619290383,-0.22309009014288195,0.15191481507931043,0.07954367769615513,0.0025863855415119838,0.29090482669278417,0.3368430338388157,0.1334301448135216,0.06489322769430124
2018-01-10,0.7401356928938634,-0.09678310826090787,-0.22160916057786326,0.14639225978127446,0.0691814558997272,-0.0020882072284457275,0.28240497254944263,0.31833031503552667,0.1192247028977774,0.04768009864798136
2018-01-11,0.7418663625518471,-0.08143233331570728,-0.19899703578419103,0.13975679483587095,0.08290374680347312,0.006875400073625761,0.2775918179144507,0.32508618707290043,0.12963387600082432,0.04664433229585634
2018-01-12,0.7451322295259759,-0.03707088899634798,-0.18936749119229648,0.1556569227498208,0.10826252053470943,0.010844606954723592,0.2861457894549362,0.3322440337188637,0.15509204047323258,0.05046937051883035
2018-01-16,0.7467083037840875,-0.04205605184883587,-0.20368882217525677,0.17301744301718197,0.10105878535745219,-0.003521276485920581,0.2919826812546909,0.3236238232548542,0.14676902460759395,0.03280403715110785
2018-01-17,0.7547333241439489,-0.08718806190430461,-0.20321150335045665,0.15777014629272088,0.07761450525763822,-0.004852635993611321,0.27240801959592786,0.32114242034107904,0.17304629036777117,0.04003388312997125
2018-01-18,0.7570500325919837,-0.06278778229289853,-0.1594363066423655,0.15812221892456366,0.0829321788846953,0.004487125886275059,0.27321906763196335,0.30334310665077496,0.18624999341897586,0.06152531815664838
2018-01-19,0.7487576986788943,-0.05052749535181757,-0.16448133169403475,0.14398806650514853,0.08923109155555721,0.0078084564840743605,0.2668647255507121,0.2902417910943237,0.17985453650477706,0.07065127920733681
2018-01-22,0.7561468415252907,-0.043852182986365486,-0.15780455016649148,0.14452161702318575,0.09205971920465646,0.009970280300518686,0.2678162073024037,0.2810575468525016,0.19175608371813363,0.08359003037499153
2018-01-23,0.7508247736532999,-0.04652677426400521,-0.18288572464230476,0.12669360504913466,0.10095226054652096,0.008041360384068417,0.26976053469071365,0.2871044975820789,0.20140006183252432,0.0839966110560364
2018-01-24,0.752835046141325,-0.067855299996275,-0.17473379449335155,0.11345593586994188,0.0353103531098215,0.019312758122247402,0.24171831752997827,0.23786334017773503,0.2526393014250064,0.06677394295282238
2018-01-25,0.7639823708515698,-0.07867961869993328,-0.21224448407843716,0.07310537275037828,0.001815704112294444,-0.05931067474784149,0.1523044356677243,0.19430790113610938,0.2635591008487311,0.007093903009203647
2018-01-26,0.7961644120411389,-0.07331175615081041,-0.19853843613028394,0.1057460134360297,0.0006449345695085762,-0.08054460480969215,0.17725679584568038,0.19341845811974573,0.26149759716465476,-0.0011479336337360856
2018-01-29,0.7979006846574906,-0.03235148797058225,-0.15247016968063906,0.13901345849507113,0.024904652054578886,-0.05986906039576312,0.1927702200236043,0.2123373504589954,0.28164314849380545,0.019036836878079423
2018-01-30,0.8027097681575986,0.010898025142768993,-0.10150333990996167,0.19887344660695935,0.050198408269216815,-0.03150176330214582,0.2238891687516616,0.2183140999919093,0.3027374197703577,0.04837098370641625
2018-01-31,0.800108133363492,0.006542308300472267,-0.10182818724796573,0.19998810945717024,0.05563165464345526,-0.018653128528792792,0.23051760304573127,0.23252163159152953,0.30546930917758536,0.04726084961072812
2018-02-01,0.7997576484165396,0.009011276059851152,-0.07944442006602823,0.1764187556771637,0.06448638468133176,0.028531471343859655,0.16670643898257287,0.21839782893736664,0.33541804997400715,-0.015286156261759177
2018-02-02,0.8285722816376098,0.17701777877438302,0.02806842014272704,0.2573107218163712,0.17008600152564518,0.08808554210898965,0.2225368611516464,0.24584617419545896,0.34242433488011786,-0.007904415048772234
2018-02-05,0.8908186359009815,0.09171130968105726,-0.11843392421992313,0.3487272496101071,0.11279825570464201,-0.04541654485266167,0.31920385816034014,0.25985201017426274,0.31992439076345436,-0.05132497856259928
2018-02-06,0.9013427398335147,0.012785391759441192,-0.14329897217725343,0.3114641517648151,0.017777114980048407,-0.07746191131779162,0.2773027630988362,0.2781749965389754,0.3360069954630885,-0.0456237955462932
2018-02-07,0.899045860166143,0.02864563650308246,-0.12785453322569384,0.32764282203134926,0.044072587681799454,-0.04809486111759261,0.3176451224456187,0.29468019576143584,0.3501392658697014,0.004910493382412687
2018-02-08,0.925401299132877,0.011015794419453372,-0.11255808775534157,0.39644766285945515,0.02600122933819224,-0.041231242679161714,0.38742671104862964,0.2585979063255663,0.3318693817454807,-0.006430222906975919
2018-02-09,0.9282046683485283,0.0014342937643614597,-0.1317540984888694,0.3437337197114573,0.016157303916241927,-0.062068824008098794,0.3356234177601662,0.2611751161663354,0.33554387110164635,0.017501712277854513
2018-02-12,0.9306394622864115,0.01963232266066246,-0.1063730411696567,0.34176351038559205,0.035079847435856744,-0.03514515972337663,0.3310170294559217,0.2661063933125742,0.3525497670461788,0.05395801374433207
2018-02-13,0.9301878965898527,0.01935375812432959,-0.08917333606319292,0.3386542556443202,0.03796457879669956,-0.016522061046750396,0.3271734994598316,0.2908540636424918,0.346095493787409,0.06320709953012371
2018-02-14,0.9314860142538136,0.0732771468426345,-0.1053454326884082,0.36850137383804116,0.10168809488918144,-0.035571691632554,0.3654223424620149,0.20424464287092015,0.3953418114199712,0.007846070083990882
2018-02-15,0.9325736314573341,0.08689130165751831,-0.0838704889447367,0.4004326085342499,0.11630543408377306,-0.009881528435058254,0.40000092983331975,0.1737462877829861,0.36101384575733947,-0.021806634252154258
2018-02-16,0.9317670957097545,0.09351021701861524,-0.08449018070405676,0.401898775805394,0.11958468375910125,-0.017378242455085197,0.39708415954554116,0.17110275483039217,0.3509929126293709,-0.017520974813190305
2018-02-20,0.9269127692526925,0.11494715758811631,-0.08418272240451893,0.3969409739657612,0.11022729029692305,-0.026850875187794075,0.3911793082888678,0.18202847304250466,0.3372421544985581,-0.024734063519404225
2018-02-21,0.9269431979241202,0.12745686770225972,-0.06459480667249189,0.409953713909666,0.11537799124382643,-0.017331608890100665,0.3980065165134156,0.18789385806880746,0.3242690767949865,-0.018173652407893804
2018-02-22,0.926766067255792,0.1290948510192206,-0.06323002390263478,0.40239146993583735,0.11583051992645373,-0.01740693308598744,0.3848805758850703,0.1929399361813325,0.35004879457583693,0.005636940265328365
2018-02-23,0.9294112998728435,0.12156506365906214,-0.02550629747570215,0.42000980016392025,0.10743425715037103,0.022052764706755875,0.4036343901588553,0.18334660029403252,0.36346461156696136,0.029204068760833493
2018-02-26,0.9351733049744161,0.12812391517610644,-0.02715377450853266,0.4286251888730458,0.11185716907388144,0.024652262338829903,0.4071177433478738,0.18502785862295246,0.3646682233305471,0.031801131043579296
2018-02-27,0.9522579969342738,0.1589546850365034,-0.028985551853295183,0.44645419264887576,0.11643996261093624,-0.008627610778116034,0.41102743490269283,0.16301661237208023,0.3803953847272291,0.014179857272765278
2018-02-28,0.9515776178554196,0.1815050539663091,-0.04218646390950044,0.4648459160490215,0.13322365783302503,-0.016536448878885415,0.42008251481765724,0.15144365809065152,0.38008640598046517,-0.018839165022338233
2018-03-01,0.9534818863604959,0.19121406195331378,-0.06155072086573465,0.4725277581402791,0.14598806942699,-0.02855946700932077,0.43262701490564454,0.1266628528814117,0.37492621130347137,-0.06816544846313419
2018-03-02,0.9598169403063757,0.1948991918264455,-0.06849324144849923,0.47545701120896,0.1440540377946743,-0.03642575187204567,0.4189271752544311,0.11330250341290989,0.36657612828819075,-0.06458263225840805
2018-03-05,0.9606437138551045,0.1814546268999491,-0.06675162619140959,0.4885450679611625,0.13876426558805097,-0.03860085588793547,0.427974389695477,0.1361464776342908,0.3633982465053061,-0.07280022870043516
2018-03-06,0.9612967553428486,0.1821317267704478,-0.06551348769244282,0.5110106134845217,0.14354441192360762,-0.040376831436914735,0.4591917323121382,0.1477178833720651,0.34867153744749796,-0.04845948333695315
2018-03-07,0.9611377678049757,0.19899916332612544,-0.06214071458657176,0.5031938205027185,0.15273539901489408,-0.03820345778916605,0.4491766193171921,0.11361539097434577,0.41577907328257435,-0.034871949680376026
2018-03-08,0.9614864203642847,0.19633094245007351,-0.05616588684295838,0.48327758387164144,0.15006318556346449,-0.03301327257364897,0.4345443661231084,0.10338607425388309,0.42729540802555727,-0.060812336263553916
2018-03-09,0.9633333876946286,0.1964223043873707,-0.07542841388718693,0.5068908511406554,0.15516436306836198,-0.050948521480163204,0.45610330328862375,0.10130501704309773,0.42667211567180746,-0.08392266132041028
2018-03-12,0.9624936877600412,0.19682346051150212,-0.07810607567381216,0.5142314613004759,0.15444957703366996,-0.045404321385071354,0.45095954818769496,0.09752610690660415,0.43209270974067293,-0.09410756169226253
2018-03-13,0.9603911727499903,0.19864580859596206,-0.08664892548678439,0.5207531771581377,0.15098080254644375,-0.06406947096790652,0.4636301828425785,0.07467968170764805,0.45284344674236404,-0.0905170742596584
2018-03-14,0.959693135916923,0.1975236390121293,-0.09268926283617673,0.5245381495542171,0.15031724588794732,-0.06434800729229997,0.4663232279876076,0.07389753423143709,0.458743420950789,-0.0933426097851959
2018-03-15,0.9593836689538096,0.19664559866185108,-0.10200394905625218,0.5242901355343724,0.15044170676877652,-0.0745068297135303,0.4659530209767881,0.06805792655270715,0.4471707219562977,-0.09426015296930762
2018-03-16,0.9578894752215898,0.19116537627350016,-0.09272091864737261,0.522853258818351,0.14785669036631036,-0.06154491869263259,0.4569331134036179,0.0857262348731741,0.4351048986988671,-0.10711945938965635
2018-03-19,0.9573922668415001,0.18367227559374577,-0.09855658349154836,0.5216042977016759,0.13710578899674744,-0.06847874793885439,0.45301131742047335,0.08704023100884209,0.434746268926759,-0.09843552293378234
2018-03-20,0.9574462165327019,0.1813671040586067,-0.10374614953169516,0.5175978359591192,0.134861061019175,-0.07602420199905424,0.4520166633187243,0.10522323952768467,0.403279057516133,-0.09685976264019823
2018-03-21,0.9575430560280223,0.1622464404186753,-0.10828957377455445,0.4946320549096767,0.10910692545127919,-0.07728730025578476,0.4235980561046056,0.1101529726614828,0.45128477011301615,-0.0864718613709307
2018-03-22,0.9601529055169905,0.182560243121341,-0.16152170114545192,0.5176083999953676,0.13098772355271193,-0.12576848793605397,0.44858706751018196,0.08402390008904441,0.4608722192680988,-0.12137119415056767
2018-03-23,0.9631556625902116,0.12031008905466002,-0.1561256971669102,0.4554313648063109,0.06994966988611057,-0.11724491242526067,0.39023431028304784,0.07300479482591452,0.4766283693006067,-0.13742223079415833
2018-03-26,0.9658556258401206,0.13932623155424045,-0.17639681964284123,0.4180785190743114,0.09422127404378566,-0.1352345335102049,0.34819820091735615,0.05318601537307902,0.4716678377195275,-0.12705556254031516
2018-03-27,0.9612134499441267,0.1577788016852062,-0.20960007471783784,0.4273792447056827,0.12767604954028544,-0.19311628297356775,0.3618488346207929,0.020123890914559094,0.478729637878308,-0.14749395399434925
2018-03-28,0.9587815163939958,0.16410146969495015,-0.20957813994685232,0.4288865460125227,0.15681338582945148,-0.19650545501291483,0.36540344164167643,-0.004262743884674919,0.47288924290027606,-0.15082109190033133
2018-03-29,0.9613218804262428,0.15064856832461426,-0.1804907638997802,0.42693738871783304,0.1279795965472068,-0.1508958534727324,0.3637496588454396,0.04558054584201156,0.4778582700993505,-0.14370989971982392
2018-04-02,0.9627571564284112,0.10202805736057116,-0.1957822552804204,0.4532009151857529,0.074018177127727,-0.16868151817208665,0.3949562946739833,0.06154640423547904,0.4164438589144153,-0.17600754515934486
2018-04-03,0.9629776675711357,0.07665779160474208,-0.21234143817856962,0.45441891857087324,0.05762198657548628,-0.1804597478337448,0.3968243773515748,0.08164076849358662,0.405335732803659,-0.18065216219277622
2018-04-04,0.9631809706361596,0.08014947625824093,-0.211761326783219,0.45702412405725334,0.061775851612110626,-0.17972595971095554,0.39967504876952026,0.08004924075308457,0.4047907117648037,-0.18337196301713377
2018-04-05,0.9627894774714668,0.07153319501243523,-0.2205644975014334,0.45513324183849635,0.05686753293070606,-0.18460208037771406,0.3983901729723554,0.09270236696617785,0.4033469203574968,-0.18191776117078318
2018-04-06,0.9646003195882776,0.054609906503246305,-0.25950826805647476,0.48157126995843386,0.03900439054215472,-0.22860883701126805,0.42869947480876536,0.08945005659342402,0.38931129379066365,-0.19790536472999623
2018-04-09,0.9647287966067805,0.05801789205557288,-0.2569360573565807,0.48484237865549795,0.043070322525998836,-0.22598903050471764,0.4342114048980471,0.0924519693349971,0.39130441572958075,-0.1865238673510862
2018-04-10,0.9655475679032904,0.059459442237667255,-0.2673145954499219,0.5044474618014988,0.046288088175327306,-0.23438748499099196,0.46071567061361407,0.08640210747422715,0.38463674869056746,-0.18887269834892975
2018-04-11,0.9655028761191952,0.038725468199669925,-0.27339245894663733,0.4920088434081891,0.02716499067470597,-0.24003486129590107,0.4488894462662401,0.08963054990419367,0.3832407184653944,-0.1829794111749185
2018-04-12,0.9657100899266507,0.020052452871404378,-0.28059055477422956,0.49264365797000914,0.0059754126163840925,-0.24948423739880515,0.44987639586609945,0.11533746306957776,0.3696067265149545,-0.18013747024298638
2018-04-13,0.9653461717091099,0.03250695150235917,-0.2808635061232711,0.4941366647207136,0.014631402404381776,-0.2504920123935729,0.450390434092947,0.11976921671313333,0.3732019113528404,-0.17917762575622165
2018-04-16,0.9653816875641434,0.03392160666391143,-0.2851962094174321,0.4796590676274473,0.016223169275749585,-0.25263763691970725,0.43979588119386004,0.11378211062857845,0.36776071697893065,-0.18660133344644256
2018-04-17,0.9643988867145121,0.03148129132590309,-0.27325334268026036,0.48058262321559697,0.016325242611788273,-0.23710744938821401,0.4367595194962979,0.12381093554902699,0.3718294766509994,-0.19017934201157102
2018-04-18,0.9641536697220566,0.02919077235017073,-0.27475492386763933,0.46595389578994423,0.013990271951010937,-0.23957938313936186,0.4245228540602274,0.11963747694909085,0.36083439321563326,-0.22492106990438782
2018-04-19,0.9646725667594505,0.02856116778773721,-0.2676083526054535,0.46755178646685963,0.010658608371860018,-0.2327893139522179,0.423679067808042,0.1164480933092765,0.35612374548473696,-0.2225536953153027
2018-04-20,0.9651527004750604,0.03827254894418545,-0.2553230587247261,0.4720211458349849,0.03883015244879877,-0.21854176830334626,0.4347608924813998,0.1610438623586859,0.3340480222143289,-0.20649044122893243
2018-04-23,0.9649631288852043,0.03862026129582843,-0.2617352337274612,0.4747320024550452,0.0411222410564438,-0.2227050126933466,0.43409656626048765,0.18273327847826157,0.3068256917471952,-0.1891634714569402
2018-04-24,0.9642833451510459,0.024672579853320147,-0.24436947251018765,0.4770869009788019,0.02290227132437539,-0.20064158167430776,0.4399930738450833,0.1750945862699861,0.2874371940137824,-0.16937847144861073
2018-04-25,0.9643535228046154,0.015246669493809423,-0.2558435423770205,0.4753722875279871,0.017783447601676404,-0.20687823998900187,0.4395321460096583,0.17642768880563525,0.2770282171715021,-0.18359720641327654
2018-04-26,0.9634681041515749,0.0019480897157582618,-0.24704346884681846,0.4691357120129842,0.002990224436979194,-0.1834564709402507,0.4340818525108871,0.15744637210117546,0.2677873273015332,-0.1961202888699011
2018-04-27,0.9637067382715127,0.0017126591915544414,-0.24449426716416753,0.46818713017998714,-0.0010081777207760958,-0.1856933729563568,0.4326410422458409,0.154482172337037,0.2608986501397288,-0.2059872497381757
2018-04-30,0.9653198758276935,0.01021778583775141,-0.25846955773937097,0.47075715618160696,0.00954836562837785,-0.21477687994917236,0.4457005948062138,0.17593305938991932,0.24681795886205934,-0.16779842336507034
2018-05-01,0.9634590300462293,-0.04307183351720576,-0.31132939134339055,0.45101525433562306,-0.0394283352414322,-0.2576007626331382,0.418548574063594,0.1430250406484105,0.23552288406183328,-0.18829051920182696
2018-05-02,0.9641932138354292,-0.021857051097996332,-0.25118895180526596,0.4167218222094723,-0.023012930165911924,-0.2060576634938603,0.3853785262615691,0.13447951845832737,0.2501032541212015,-0.15694629482373829
2018-05-03,0.962388369273109,0.017720449523760482,-0.23109871745118635,0.4354449711428457,0.01917930567882621,-0.1825419369478737,0.40556895684390887,0.12035999188272868,0.25039468503721074,-0.1566826724706642
2018-05-04,0.9642271778095709,0.018507125358489595,-0.24216056987652998,0.4469521140351627,0.015742630195096564,-0.20455722619158187,0.4070164726384825,0.10499342135394718,0.24011500486173912,-0.21107514359399374
2018-05-07,0.9592382197869408,0.034418468210400004,-0.27946763213815,0.4012848513691663,0.02919883177604982,-0.23236181516360077,0.3592680322237725,0.10564159660620735,0.252808728823206,-0.221738632602891
2018-05-08,0.9585661408759075,0.040435870664529985,-0.26071789989187694,0.4480996837200664,0.03400520280447186,-0.2153580029744293,0.3979718612337264,0.1018780669931374,0.25090665121759886,-0.25644225009279464
2018-05-09,0.9578979545314407,0.020102674830804614,-0.29395625045995266,0.46465397851372997,0.01652643021102764,-0.24289134872688267,0.41050972989916606,0.09784382242046127,0.2421994425353239,-0.27461369611192626
2018-05-10,0.9580463773906805,0.031643203027779225,-0.2722685427950491,0.46328105524628405,0.023609158994105244,-0.22805618253149829,0.4110384484471293,0.10984762870864298,0.2461263303939102,-0.2680629481555802
2018-05-11,0.9558263974901577,-0.0234256975947276,-0.24089527091463242,0.43853109987344774,-0.03183207469035299,-0.19676770549799608,0.39093152377937207,0.21577950586447717,0.19438457943272427,-0.23281476843840118
2018-05-14,0.9547606302231711,-0.02915639768903499,-0.25399356879067225,0.43153964998519667,-0.03857254305269056,-0.2116084556509703,0.383384770117934,0.2213684038981994,0.1869741991646561,-0.2458680470166315
2018-05-15,0.9560445702747239,-0.0012900961373639487,-0.22466289836402276,0.4308524933012379,-0.006135654673685772,-0.17199768200105386,0.38333527969501124,0.2929855202004337,0.18187431138320073,-0.23814834553071637
2018-05-16,0.9602249203043032,-0.022704219156613397,-0.23715355325702345,0.43111124704734466,-0.003441340492190143,-0.17532973933662171,0.38381888550800486,0.2790416528940042,0.18373990897508427,-0.24118523737344602
2018-05-17,0.9603598237200233,-0.02842071211065506,-0.2625833459766516,0.42793504314032377,-0.0068048425760733906,-0.1853100946634159,0.38283893014041004,0.26233868714947445,0.1768625255501182,-0.2782203746557374
2018-05-18,0.960430160100345,-0.030799813410146655,-0.2652623974182536,0.43449410762606405,-0.00728966629498249,-0.1914952308199584,0.3929634883129095,0.25530792471504277,0.1571190173491387,-0.30362726698734277
2018-05-21,0.9583845108667745,-0.02610162222393827,-0.3144879200707556,0.4304935691310478,-0.00334171603027268,-0.23678908778739022,0.38451381937971346,0.2642777314308281,0.1613344105460908,-0.3305817230200967
2018-05-22,0.9576678653739804,-0.0354015313549823,-0.3175553203318168,0.43004022752071414,-0.010993746343101999,-0.23909702081590659,0.38184858381629777,0.2641243137978029,0.15854460562298214,-0.32664106714518604
2018-05-23,0.9569190651494932,-0.06906502948510387,-0.31611712084955423,0.4119287210995046,-0.03364068886865558,-0.22740818553492953,0.36426593675449853,0.26435710886754205,0.1257399820286298,-0.3410972502309021
2018-05-24,0.9585512748420411,-0.07552409746897873,-0.302785651043084,0.39496040061846005,-0.035004198830426145,-0.21831849382708163,0.3561173500456159,0.29408740241086295,0.0911345157288192,-0.33998534220780774
2018-05-25,0.9570170638172695,-0.08301305679672753,-0.2836468298575439,0.37716600599286493,-0.0426056987064461,-0.19586860594520325,0.32452687918270884,0.29254691296283886,0.10611846001197077,-0.3641804540639024
2018-05-29,0.9519395535092942,-0.09056374768147228,-0.31256583295717105,0.38905991997265643,-0.05285482069467223,-0.18469488451758517,0.3284716311680101,0.29035660654326134,0.1058271758418932,-0.3834390779718783
2018-05-30,0.9475518386015384,-0.07975602844279117,-0.32430901329259626,0.39595019924676633,-0.04759822508614602,-0.18647595562681163,0.3250162685574441,0.2799338630755378,0.11576199270406762,-0.39585190865090814
2018-05-31,0.9451840599944302,-0.08628931016057528,-0.3198417430077924,0.40357965523396233,-0.05777022722292331,-0.1863712134986683,0.3223596670923568,0.28711224453748135,0.13023751916387213,-0.3804566256188153
2018-06-01,0.9462281269836391,-0.09870115851704789,-0.33024562371967986,0.3728530510865255,-0.0690786452171086,-0.19992533576390664,0.2916047362611945,0.2937611474034072,0.1287155761279163,-0.35695660699845355
2018-06-04,0.9461627194601436,-0.09695014214739868,-0.34416241489910926,0.378582895564812,-0.06792917986117833,-0.21631510176328467,0.29237409279440413,0.2989340787671154,0.12451946674253962,-0.32618503605761956
2018-06-05,0.9446959276945671,-0.10457144126517541,-0.3233455222565858,0.34908979501472803,-0.07153383980265862,-0.1946385876878326,0.26630889346234565,0.30871645665165476,0.12556617964076763,-0.30328314049082655
2018-06-06,0.945574232754802,-0.1016581615051177,-0.3358095583250676,0.3414132046080486,-0.07080135801972728,-0.20783198955492022,0.26795867623354286,0.3016490896915112,0.1254246389266437,-0.28423292899994773
2018-06-07,0.9431872490915444,-0.09795633575675672,-0.3243213660879528,0.3335011889254465,-0.0644496096824638,-0.2084080131057241,0.24666957214852442,0.29242958039642886,0.13011291850908507,-0.24843539917092244
2018-06-08,0.9444350707526752,-0.09721158213818487,-0.319351166581338,0.33231435465337433,-0.06451555707065974,-0.21035678461126114,0.24643138332677486,0.29510042071642345,0.12772314320770803,-0.25026257192170237
2018-06-11,0.9444207632911062,-0.09967456393681819,-0.3196647706655632,0.33330210544411476,-0.06550176867870888,-0.2110307015074137,0.24763630075024123,0.295461144402791,0.1347597298422129,-0.251690946029292
2018-06-12,0.9448254328890981,-0.09994784046480838,-0.3196990030420209,0.3350435771140753,-0.07007620199741149,-0.213710186002416,0.2547848197834618,0.29206723098376186,0.14111418684882013,-0.24453521500928313
2018-06-13,0.9423995647000143,-0.09510205813665651,-0.33734034086225234,0.33670723300960886,-0.06072783056335188,-0.23394050645390127,0.25829424469173873,0.2950634292661396,0.1438431885968113,-0.24600530273758953
2018-06-14,0.9406677463969495,-0.09288796269735793,-0.3279610097537149,0.3391858453718044,-0.05514448448608316,-0.21372738893913498,0.25902814730905815,0.2912164653386998,0.16319638289390076,-0.22839683095081867
2018-06-15,0.9406300058440609,-0.07332819535648534,-0.32783046405059474,0.3478117371780894,-0.019561341808070398,-0.21352584483494846,0.2803902647103094,0.2836782160664718,0.1779369990086918,-0.23216029566876764
2018-06-18,0.9388939265615224,-0.10367338092749674,-0.28090227937855616,0.30881622977248113,-0.03916274316533733,-0.17102230873754437,0.2470440127796587,0.3054450928117634,0.1630799463573599,-0.2096899918219847
2018-06-19,0.9331969330719263,-0.005914848824842545,-0.3081165347673455,0.41003287956527384,0.05406610671318253,-0.18837059946191106,0.3321111853712375,0.3192030677630654,0.10938517518003067,-0.21967611491021236
2018-06-20,0.9211041789329653,-0.06802386543365553,-0.29694112008193324,0.46250360353363745,-0.004629227485363332,-0.178390552607628,0.3794754772060736,0.3442180325605212,0.10893072779776611,-0.23670198993169117
2018-06-21,0.9186449646069693,-0.1051086783567443,-0.2604673324047559,0.4530755711234135,-0.054017881253760405,-0.11621706827271269,0.37145173185421154,0.3780070942048418,0.0992206848840596,-0.2206909342818492
2018-06-22,0.9204439271773781,-0.1300920977562647,-0.25784683833146993,0.4188468088090182,-0.11460869862321821,-0.10863335930760652,0.31864180786395413,0.41397440325050666,0.11816494747337054,-0.2013309799853373
2018-06-25,0.9213298356569258,-0.11711671142592903,-0.2879056717293072,0.4416565008943413,-0.09622716575597567,-0.14125212355518377,0.34734439800944616,0.40812711978554933,0.12689392431635022,-0.2092932013307101
2018-06-26,0.9087556407941616,-0.005496758475099901,-0.29231758838535477,0.38875494216402473,0.017608311489291463,-0.13409282073881026,0.2904309120559791,0.4095550219315642,0.17291035485531045,-0.18954038330671727
2018-06-27,0.9120603237339365,0.0499652829473411,-0.29009827866471977,0.35022253179599316,0.06226540002860469,-0.14952143524673195,0.24269964662093174,0.3589818237453322,0.15329203932688917,-0.14508541469145694
2018-06-28,0.9098410620719126,0.03517914575472515,-0.2851262743195118,0.3636003350028061,0.047155387806743575,-0.1424879405821276,0.255773783929445,0.3624569863737506,0.14887355056968404,-0.14527454157865136
2018-06-29,0.9117135478384336,0.0518501987988072,-0.2698109128730155,0.36887889812010805,0.0558472138690598,-0.13600356268231437,0.2577642119091787,0.3384253112264433,0.1566094043535139,-0.1550558485867487
2018-07-02,0.8989592356161602,0.1179229278379792,-0.19825605295140492,0.3118552131153709,0.09665764572213914,-0.06392457499355343,0.19373923333788254,0.31296353735233695,0.20612001363023189,-0.11054145462397767
2018-07-03,0.8958295938558418,0.08069398281962466,-0.20937875202563697,0.3065962096476126,0.03354227613220158,-0.0853195044093871,0.1900102973455608,0.3283979580207416,0.17371532260337336,-0.12003189624791331
2018-07-05,0.8890556427545616,0.07374092571182314,-0.19406677687803808,0.2258576265295085,0.026862750100437562,-0.0659530155821709,0.10622204594980815,0.33742469129191216,0.14507510388592562,-0.11688397197338891
2018-07-06,0.8908091398815435,0.10115406546163638,-0.17410085396180536,0.25162715832138527,0.04755585351931538,-0.04532726155956525,0.13194095793540161,0.32942447596338614,0.12415006804222349,-0.11933595098566177
2018-07-09,0.8884225994820472,0.16194315837566556,-0.17354604659446005,0.25073667037452785,0.09938791297566821,-0.036672085552530834,0.13104304585827034,0.282115252204466,0.1380474082316591,-0.118554665686716
2018-07-10,0.8855693577575583,0.18020700398390666,-0.17092463719194761,0.2517983014029217,0.12132413690286245,-0.0325610648987146,0.13188507996564236,0.27923843709593754,0.13993485415782314,-0.11888176978626389
2018-07-11,0.8853438719004613,0.20582587760861767,-0.18308870611656192,0.314767897310208,0.13493533977436065,-0.03968252652214974,0.16765310204433934,0.2510815751731228,0.23157339607842287,-0.13999593415734524
2018-07-12,0.8845214050011309,0.21782349257532385,-0.19687531485061185,0.3206796782894519,0.1508827155171072,-0.05720551344202064,0.1752324641793282,0.24516108180411542,0.2337209466316511,-0.14081092889479274
2018-07-13,0.8845008745458576,0.21710370058618245,-0.19941376476005396,0.3305271400011079,0.15061703259718057,-0.05650938295401609,0.17793473497529555,0.25494617431980515,0.22403531988906594,-0.09826342273572614
2018-07-16,0.8824140440246869,0.2161461594198161,-0.22548667419973528,0.321565512300798,0.14866641552584853,-0.08179995330463949,0.1785964715600076,0.25312702033384205,0.20837977120481097,-0.07882673231420471
2018-07-17,0.8784855146690178,0.1688355055315268,-0.2714040430068607,0.32492177010420137,0.09403751317047321,-0.1353603337766483,0.1812369413560141,0.2380225167391078,0.20221177898287654,-0.0823198029865693
2018-07-18,0.8760980769827811,0.1681834447908958,-0.2726724861850961,0.3292286109228931,0.08218116614356165,-0.1295002524714486,0.1830240279079844,0.2345069621917725,0.223470419884946,-0.0893531462928838
2018-07-19,0.8634215310877603,0.23770892119335493,-0.3365391147405539,0.30274530775179526,0.15523697350731666,-0.19425721995028367,0.1452188547445509,0.2453634087786594,0.2478383369275202,-0.10383005893908591
2018-07-20,0.8644904696960205,0.22913802189942167,-0.30785568294207305,0.30167496980654723,0.14452068260909245,-0.18070017944140984,0.14516159696999675,0.1584127363782721,0.24883874698607586,-0.09996093860787433
2018-07-23,0.86028770817796,0.24363275861034683,-0.33961201776160727,0.3022994704779649,0.16730739601527064,-0.23322492470603107,0.14382551285664227,0.18644464494715904,0.25272212346314255,-0.09081088058124166
2018-07-24,0.859702380075965,0.2486586633227244,-0.3353305297442531,0.3068181994730853,0.17303904712110335,-0.22980140352414627,0.14565661262701457,0.17044473408579688,0.260939289202611,-0.08273671647501725
2018-07-25,0.8608206876692078,0.24697414856059582,-0.3369988693810993,0.32988482493477717,0.18143279823617475,-0.23038358872970968,0.16716626892814432,0.16865092264542045,0.28038314121362196,-0.08709523369843017
2018-07-26,0.855543486830566,0.26128270591846653,-0.3319624197580644,0.33054560952388634,0.24611400629509597,-0.19997575325166386,0.17494035554975543,0.16386643560502503,0.2610521855598154,-0.09766317220145652
2018-07-27,0.8587642592429926,0.25638008779916677,-0.34263368750448603,0.34941435364914797,0.23266460993278457,-0.20644417432724604,0.1938052214274302,0.16546020038045478,0.25614946071214145,-0.09924223808124927
2018-07-30,0.8605122345148735,0.271392404369925,-0.32222212883873136,0.3359756608854274,0.23529963817965777,-0.18000119777937548,0.16393041283798612,0.15377520653626073,0.24546610296184324,-0.11436101759451536
2018-07-31,0.8511792043709691,0.26613908624734717,-0.32879186294079066,0.2964226412974272,0.22978705951330705,-0.18144476094535547,0.1170111385649831,0.1620935180037754,0.21856101603547198,-0.13347019703074448
2018-08-01,0.8466526056540621,0.2704296702359271,-0.31106416567046813,0.3007344806265757,0.21763465266992169,-0.18300220435827444,0.11236822272139378,0.18639846623360787,0.23032202333320226,-0.11320974195146799
2018-08-02,0.8463361230354305,0.2581302537787859,-0.30696050349949217,0.31017664146248425,0.19467181867120817,-0.17505319959606863,0.13485852828359426,0.18344231473943812,0.2139082434461009,-0.10868958171766659
2018-08-03,0.8421386352142093,0.2739865094290263,-0.27888740087489444,0.2828449922422063,0.20149898142104197,-0.15510142876885105,0.1124800303921953,0.19260153561396393,0.212021859053827,-0.09405779749220765
2018-08-06,0.8396623606981849,0.23490725519448338,-0.3211359597258781,0.285053274205773,0.16917142407633773,-0.18197818256140771,0.1118430864839489,0.16280665012980045,0.20912863099485313,-0.0987798942497521
2018-08-07,0.8432807158644443,0.23934117681651582,-0.32882830901942894,0.2917882846632293,0.17211457004113484,-0.18370354542852302,0.11040719135763936,0.15037664440967313,0.2113806769127969,-0.09722758880570845
2018-08-08,0.8430243861741619,0.23471211656950894,-0.33238394180757636,0.2918012290087434,0.1721122120991469,-0.1839709825448791,0.10702899205325424,0.1450492260236137,0.18507612789647154,-0.09220844898324286
2018-08-09,0.8371395630640731,0.18020240381227742,-0.4018717048255122,0.29964911428902047,0.10750453459585867,-0.2473823145322428,0.11215735191067203,0.0522949087157358,0.2062389902444368,-0.09121015251139979
2018-08-10,0.839582515621404,0.17565936825383874,-0.4127065882482834,0.2720032750447338,0.10538614584511086,-0.25680153151378105,0.09271347855385997,0.053291370617294255,0.2074843943077327,-0.07146937160028051
2018-08-13,0.8384093327848702,0.20327620438526833,-0.41136335368361027,0.2746799829344762,0.11541700997291811,-0.26690383878756446,0.09558227079499282,0.0773843493105081,0.204580799953911,-0.06760367364845352
2018-08-14,0.837885958449757,0.21322671475331323,-0.40921215375847814,0.27027262070859825,0.12489190139172028,-0.2578729289651795,0.09261110501138942,0.06680699280824227,0.20527238030635586,-0.06354204848046457
2018-08-15,0.8460666527294571,0.26058636345371344,-0.42620625908815396,0.28965077458028404,0.18839874164720352,-0.2753358466657729,0.13131395654539219,0.019845163664135062,0.26882185491444954,-0.08923188383590296
2018-08-16,0.8391009267640457,0.26288751195333104,-0.42816823735775095,0.2945013673230386,0.1900513823254251,-0.277995068822871,0.13187084633386179,0.020752035883373102,0.2709072316575079,-0.09239979412213903
2018-08-17,0.8375767387966403,0.2680215519605465,-0.4382496800251369,0.29727158878681403,0.17520685871141276,-0.30017491532600027,0.13410737231803052,0.015042941666054932,0.27325145739073425,-0.0902806588944253
2018-08-20,0.8365267587093581,0.2933726556450797,-0.42555522996243467,0.2935428652617246,0.1782759838849821,-0.3020951072631276,0.13129188474241305,-0.002805102566408543,0.3094496737920529,-0.06837900694817402
2018-08-21,0.8391568905276995,0.29337412151356307,-0.4215743264288931,0.28557934864504186,0.18159040907356033,-0.3067727801063183,0.1392441081239414,-0.006819346453218879,0.3154393334921165,-0.03377120526296988
2018-08-22,0.8512355519294814,0.31152808216157923,-0.33582001983378584,0.2543588813122631,0.18782538990098235,-0.297184271296921,0.13817920438241985,-0.01569948710904776,0.3296653436104461,0.03567091242505805
2018-08-23,0.8666005151014299,0.3108140212976295,-0.3030621100223724,0.21757189850789582,0.18672625066346762,-0.2872583144766821,0.12481137754857455,-0.010443799957840701,0.31892709966031113,0.06621398016707904
2018-08-24,0.8785549111529177,0.3364469668308742,-0.3087432328709177,0.20245948490262422,0.22046750243425758,-0.28065404939341126,0.13046976747684869,0.007386524010218677,0.32364755132074996,0.06263206997751944
2018-08-27,0.8747479654407949,0.3758133279345933,-0.30621037938488865,0.2532290552772658,0.2570080377155162,-0.273857409483396,0.17989055487553854,-0.02023699720860468,0.3164657787225524,0.03365983653465451
2018-08-28,0.8733710428059539,0.3752937615162938,-0.28801951680480126,0.26422235786602744,0.2550446266781625,-0.25368063393217144,0.19259920615375262,0.0038111894421538374,0.32127376476281194,0.024953292405544013
2018-08-29,0.8752651352937165,0.38678021799454676,-0.2829436674203133,0.27375300710479594,0.26781130849315765,-0.2477382928845116,0.20541887180101248,0.001346900769212152,0.32734912157331947,0.025382756391627546
2018-08-30,0.8770664257553672,0.3924757953737091,-0.25507089032046015,0.2818046776502373,0.26828235622986973,-0.2392069300750293,0.20809516810344714,0.006327986491048218,0.3262042542750021,0.016732910951505375
2018-08-31,0.8831142364420395,0.39291687784927065,-0.25477002243548164,0.2860209313793214,0.27388209960670545,-0.21106287346835167,0.22537975490198212,0.001877791453710837,0.3257859960226669,-0.004575143645716364
2018-09-04,0.8861273779629762,0.3941743573955115,-0.2364172538350389,0.2939508833607371,0.28017492975727,-0.19554295229954624,0.23014600143498207,0.0192517965778405,0.3340516721228857,0.0033715406175875845
2018-09-05,0.8807332049984742,0.381434514605347,-0.22735717128671543,0.2970991103399482,0.24878739096879116,-0.17214712565482676,0.23603277068159428,0.015030510523410572,0.32433134720047363,0.010018047153053211
2018-09-06,0.8822515456458992,0.3733301217561595,-0.23435275419343943,0.3042174684930931,0.23880785819545255,-0.184117353549752,0.2479853919209079,0.021384896986492704,0.31514253143327575,-0.0002603904762163438
2018-09-07,0.88628890264975,0.3867328895704483,-0.21517905411141977,0.3095305781131136,0.24196632448622613,-0.16335108434651763,0.24904797383921468,0.028997073424575835,0.31408207640618896,0.004459763918275449
2018-09-10,0.8899899256278894,0.3851231734535335,-0.22754604700666498,0.30724740512369697,0.23627564411064156,-0.1969716576619534,0.2462673054431709,0.017497266206368225,0.3124635830446252,-0.004345916477839372
2018-09-11,0.8897149583103138,0.3914120111764793,-0.23523366033041776,0.31231272485486056,0.23164370548796198,-0.2129735996222585,0.25454351374102957,0.018307952994112503,0.2494944926699792,-0.036437213102409695
2018-09-12,0.8901648113228652,0.3805301220986763,-0.2377717447892515,0.3228062504238183,0.2150805419936385,-0.2162368793841616,0.2532554994189252,0.03055468610658348,0.2640264883934383,-0.0286715909488039
2018-09-13,0.893508645811665,0.36807407608652665,-0.21524717320891892,0.28557866795947573,0.20221394709914284,-0.20128662371760506,0.2178249986812822,0.03374882745632008,0.2673269272998142,-0.020190272902306565
2018-09-14,0.8954402451785374,0.3703414161893283,-0.21202988218795463,0.28491532379561874,0.2159648713924553,-0.17551509312204172,0.21258871644080882,0.03178858915710284,0.2727290460705454,-0.003534861567909285
2018-09-17,0.8953538101527018,0.3444245285882955,-0.18813346040804496,0.2916709641762893,0.1781667701803342,-0.15444672256434705,0.2160580751850125,0.034680310354919655,0.2669243783200702,-0.004587331782507597
2018-09-18,0.898856643211399,0.3399470524947405,-0.21175083013287171,0.31611952207475136,0.17930702891366207,-0.1788710626810595,0.26301456111291877,0.03628665000009492,0.25723310268781313,-0.037807631657446786
2018-09-19,0.8827124997864926,0.34228273469967935,-0.19873893300247256,0.2779055883183884,0.1656969031812184,-0.1595720095997157,0.218624952099448,0.025238762320060698,0.2611966478786751,-0.045795579523759934
2018-09-20,0.8858210920242494,0.3558133118433559,-0.17006235014479218,0.2587671992141992,0.18247630379730234,-0.13803780197833615,0.1963823113735694,0.04130453152278631,0.2921051899395093,-0.0733535760417993
2018-09-21,0.8783584089558414,0.34668552712893863,-0.10846691824921229,0.33133339020578767,0.17469814943949613,-0.0814104452434296,0.2510578997010875,0.07026172175869796,0.30976744465166656,-0.13737760068008367
2018-09-24,0.8648938929502407,0.35135328331052074,-0.10404010724586175,0.29155184510170806,0.1823450364621882,-0.08594932802129406,0.2407319961787909,0.07080498160734916,0.3160070941142661,-0.147739305852446
2018-09-25,0.8631737805607378,0.3481962623594187,-0.10301854664250178,0.29171668839320997,0.1808338040296824,-0.08439349895153515,0.23959958011448573,0.0776553847671563,0.30892168011576965,-0.14050583249395263
2018-09-26,0.8592780682840266,0.36852668707842273,-0.12379801872092767,0.3018593084237254,0.20371331084179856,-0.0839167584516903,0.24619315787954107,0.056254939198648934,0.3100371417025753,-0.1564131936546162
2018-09-27,0.8562842521444792,0.40044169006914965,-0.10359846573092983,0.30370486729412716,0.23997967164157702,-0.04856696279024118,0.25395087962810886,0.015220134415420873,0.3042011533721219,-0.15105999480912247
2018-09-28,0.8509409696343505,0.381310911886607,-0.12301574261682045,0.32114625972464095,0.2204780222517589,-0.06549958287417952,0.2694522694124188,-0.0019917863949448934,0.33015294438760806,-0.15026809436569807
2018-10-01,0.8418911504417878,0.3915923901338205,-0.1602454182437018,0.3163755122615681,0.2309550051249621,-0.09650287918836903,0.25173736812272096,0.002566241587743316,0.32087140005991455,-0.1950727538845829
2018-10-02,0.8409943327585758,0.36114609500020967,-0.13521570720815598,0.3199936641616072,0.20120112969069345,-0.08526502095379365,0.2521166630012394,0.05890828202461065,0.2952202230971763,-0.19843398060852577
2018-10-03,0.8440740376638106,0.3642549554244842,-0.12175574552481336,0.31731005134344087,0.2004630288513202,-0.07985091133654672,0.2512984931499161,0.08103954725885343,0.2865819603589627,-0.2223362880961008
2018-10-04,0.8611750275862663,0.309153433547806,-0.05250637299921584,0.2781917053027329,0.16369277158674034,-0.01425236730868279,0.2832551392423529,0.10402628744546102,0.20810378221336356,-0.1547821851520206
2018-10-05,0.856841277777889,0.27320995020572475,-0.024083410129340805,0.28092165073467196,0.12157375083093779,0.016919868919828374,0.2868273379216766,0.08713812476412607,0.20154882359976595,-0.14562957151474282
2018-10-08,0.8538055215661201,0.2718061750282728,-0.023889926407902554,0.2811076268216344,0.14254416367209613,0.020890233020694465,0.28686837868180765,0.10346955763689825,0.20451037349489848,-0.14863427213889482
2018-10-09,0.8470956481134179,0.26999397987207063,-0.04246933422212987,0.27842943402011894,0.14403979062039593,0.031564648869575856,0.2945582964727078,0.10729968924388653,0.22231741870573396,-0.16198563422994244
2018-10-10,0.9040890013971569,0.16534414053781402,-0.0014478858319416452,0.3928500742371411,0.09637503020612692,0.04971589024727507,0.40004243377582205,0.10305025814704312,0.19642331498791019,-0.14462834203115496
2018-10-11,0.8733643251768798,-0.0805694512163532,-0.12347688026562398,0.45665768360415776,0.008134894666638774,0.0013209701200953428,0.425534646104885,0.22561906747500252,0.03443646051413106,-0.2063771806127881
2018-10-12,0.8816185120844419,-0.10671883457244245,-0.125372062920659,0.46474185453583444,-0.027932911774414426,-0.010389666151791719,0.43052181416673396,0.24577621586609336,0.026814724951316052,-0.21473346402355561
2018-10-15,0.8828155229420183,-0.11700423719014147,-0.1347515879144658,0.462803495430681,-0.046490615788632686,-0.01117909253509147,0.42653362944099593,0.2876529472283419,0.02594241960162643,-0.22139206469810593
2018-10-16,0.8971365139123174,-0.11753621937067868,-0.09278740854563108,0.43966706994103666,-0.050867347162881,0.024772507619078326,0.412380741798006,0.27178845984889305,0.020810370700139726,-0.24172311543707348
2018-10-17,0.8972775079978376,-0.11861969056081864,-0.10158976083631067,0.423568183437184,-0.05130250382708807,0.01890161710786846,0.39759536105476273,0.2703231232738264,0.01999440931792247,-0.21404420816473183
2018-10-18,0.9014692836892298,-0.13836154618582883,-0.09836433709787351,0.43534547620214165,-0.07398188362463769,0.01995346062801991,0.4100935459495473,0.2742435851280545,0.004328137949324382,-0.21155704795694458
2018-10-19,0.9089990906845425,-0.14517912797009422,-0.09931618957851986,0.4345291001396247,-0.10116245454073626,0.015289286811054842,0.4189101992442473,0.2722115310922559,0.010091810463796216,-0.21320972163315988
2018-10-22,0.8990068584324546,-0.14084131971376318,-0.09239038942278602,0.42669412479502283,-0.10380261130164888,0.023258164621866823,0.41065740732399786,0.2724675705865483,0.010629892384203993,-0.20919498964017402
2018-10-23,0.900003872609709,-0.15191241951303747,-0.1054669562872665,0.4391001283926693,-0.11420415755087614,0.008793247181246787,0.42248760646048844,0.2784652506968906,-0.030490078705155504,-0.2213809685191953
2018-10-24,0.921722253164076,-0.1593194559926259,-0.19439328785634066,0.4023435495817677,-0.12549105463071933,-0.0974799121613839,0.3831266897933492,0.2767255179925997,-0.0225557741792707,-0.19926786268485183
2018-10-25,0.9284583667904929,-0.16911327098036158,-0.215667195247146,0.41198835837704095,-0.12818891084023087,-0.11435726020226131,0.3983561363394244,0.2606328868156232,-0.04303504707483762,-0.2304714581207669
2018-10-26,0.9329547784947071,-0.16939189200136187,-0.24943117026316608,0.373595693759077,-0.12469288301177943,-0.1544639257835356,0.35508130712502206,0.2724933198476999,-0.022403619025069314,-0.22671775877267775
2018-10-29,0.9273558922074282,-0.16879305074073656,-0.25880289799315076,0.38367127414186314,-0.11019851471353388,-0.15091108889637475,0.3727102363199164,0.2694999647563225,-0.00865051382326675,-0.2148118214171413
2018-10-30,0.9282826802911297,-0.17806619384199163,-0.2765382096307153,0.36284267193097075,-0.11677912666119583,-0.16771407455103599,0.3587072324637643,0.28062315306186053,-0.0020190635800743737,-0.20965296852394436
2018-10-31,0.928817434270778,-0.19533482847126324,-0.284087001219963,0.331274248329676,-0.14002053559330765,-0.1823769285377777,0.3141819848042262,0.2952177396097489,0.011980633549735324,-0.18975812054409164
2018-11-01,0.9299827128238936,-0.1511630615775565,-0.2749228326193244,0.302631060921794,-0.10596512614469775,-0.17691023839951497,0.2966614869671601,0.29419510062118565,-0.02161996330301863,-0.1896860197941444
2018-11-02,0.9290717347919276,-0.1510386538788669,-0.24851637651062755,0.3070294018242874,-0.1047432398861631,-0.13770913487561665,0.30463871662154035,0.29764383605646094,-0.021622002318528354,-0.16071116302943766
2018-11-05,0.9245942034447827,-0.15614164689032684,-0.22521994009502166,0.3203072044017851,-0.10495223009725822,-0.12950402321462942,0.31515410709945385,0.2976340492916962,-0.020151784495267798,-0.188779838842119
2018-11-06,0.9259409842238182,-0.18184981744947884,-0.22471882714098315,0.3108827538482993,-0.11418241793117395,-0.1284009842267641,0.3084092660628536,0.30252206558815103,-0.026936655347369987,-0.1899931345294043
2018-11-07,0.9315960868523485,-0.1789154360099182,-0.1979724337293547,0.2797666963847964,-0.11345236742764875,-0.10667969311254542,0.2781107830783176,0.30192910828263997,-0.026153388953675742,-0.19317016515969113
2018-11-08,0.9306192078040011,-0.22464827577753899,-0.18582259961844566,0.2644905765540308,-0.15472489329787922,-0.0928087207456927,0.26528455676986407,0.38136949649658697,-0.12586000097349054,-0.1572529432969123
2018-11-09,0.9341722799922773,-0.18421205632965432,-0.20953462519193825,0.2656220810828758,-0.11429164875277259,-0.1188776474411168,0.2720959939848938,0.3168386997946719,-0.09937737716326357,-0.17309698298083392
2018-11-12,0.9387457795766841,-0.15315054422944457,-0.24427270367039966,0.28653275595053523,-0.075316888986975,-0.1566453558377894,0.29525019364998495,0.27904882621109617,-0.08675016782664717,-0.19548836988269608
2018-11-13,0.9387535001913956,-0.1575624992180445,-0.25491072925372305,0.2574627053165968,-0.07589825955886108,-0.15950835639163657,0.2511787128620857,0.26751522330132405,-0.08357514143781615,-0.18792835236204003
2018-11-14,0.9386040197807278,-0.1701481487607074,-0.2551346485572802,0.23640567283692335,-0.08575017747663483,-0.15913675639628594,0.2351839047638671,0.27369955091195686,-0.05506850980329144,-0.17527739569940867
2018-11-15,0.9406462782235631,-0.16603566780711787,-0.2527634473774458,0.24667076386128436,-0.083767173056196,-0.16151697776289725,0.2351559528501568,0.27131185793782986,-0.06654772031070935,-0.2120398936270921
2018-11-16,0.9388897173131032,-0.1632467743259623,-0.24279620373138702,0.2492369647415806,-0.08759036276305586,-0.1626328019331829,0.2329696705468824,0.3049917923548326,-0.05141409715986357,-0.19797489989826425
2018-11-19,0.9403845379380898,-0.20228821481328715,-0.26160103222599496,0.22314967960380583,-0.12267980217772914,-0.18541637171122102,0.20107500699925462,0.29977217744293916,-0.09402911024269213,-0.19989499795658164
2018-11-20,0.9377327864855782,-0.20723012797394816,-0.2519550133144072,0.2894746752945241,-0.12972165857675066,-0.17823519983248873,0.23154299318496746,0.3112337335085218,-0.08536638936325355,-0.18392899106370356
2018-11-21,0.9378215587298132,-0.2040427439546382,-0.24997758149068142,0.29513559142237106,-0.12345718415619858,-0.17454538294173882,0.24133029556919283,0.296406035738034,-0.08111228821489426,-0.18159805167346213
2018-11-23,0.9374162953188948,-0.21174527804286142,-0.2571870109957887,0.29051536273800427,-0.13431842442726658,-0.18254862998104593,0.2281028995853926,0.2922246915822414,-0.08035152953114212,-0.19212193336792907
2018-11-26,0.9406005849029753,-0.218383168660998,-0.257371113600177,0.30568717410508944,-0.1379253105249963,-0.18668952914241888,0.24155628664796433,0.3034655022667506,-0.07558838137473663,-0.20024541579113114
2018-11-27,0.9407196267609683,-0.22324609450869368,-0.25385418621634365,0.3068979982322518,-0.14176030776843035,-0.1835473469284086,0.2424999511996241,0.29341027425434374,-0.07945960735971369,-0.1979028694332044
2018-11-28,0.9447138201351035,-0.19559977923822944,-0.2728226456537902,0.2550755125056476,-0.1204944094435036,-0.20535841715061365,0.19756227534586365,0.2734819968133119,-0.09214783786153619,-0.1861090670849716
2018-11-29,0.9466685709792598,-0.19519836139772026,-0.27429914543515616,0.24967335937437987,-0.11585070966954752,-0.21077189198764984,0.19339288723681655,0.2821361734305898,-0.0815125767746206,-0.1671518218394521
2018-11-30,0.9472646118833243,-0.19720179656553996,-0.262767861163646,0.2437076107794161,-0.116603274573629,-0.1980546233516949,0.18705040956902633,0.2737442133122927,-0.07738693325314733,-0.16707069371621247
2018-12-03,0.9482452368154223,-0.16976130014673754,-0.23527856892935975,0.27771197871299724,-0.09439468619604176,-0.17604369103780343,0.21955717865354532,0.2865124752745882,-0.023254448400860873,-0.10001827188020898
2018-12-04,0.9506279482122464,-0.19912979402398054,-0.33660461369124167,0.2689778786125126,-0.12248144501597329,-0.263321087633366,0.21779624655018784,0.31233930168670243,-0.02607215409288266,-0.10151352400971038
2018-12-06,0.9485031430597763,-0.19933537246709312,-0.3334553482533538,0.2644184779797416,-0.12312001281020925,-0.250765622447271,0.2017383902140254,0.315590270807759,-0.025689919484719433,-0.07962946264610164
2018-12-07,0.9514513386794748,-0.23449976885787263,-0.33480655926017483,0.2275830545983301,-0.15530816132949934,-0.25316804105789437,0.17022821155010803,0.31394610368191095,-0.02323522146937244,-0.07986613183074329
2018-12-10,0.950017561270879,-0.23124554860122182,-0.3336686439578711,0.22684882850941437,-0.15500389709113016,-0.24719487407532625,0.16199447743328715,0.30786351067348605,-0.016543868147019754,-0.09083324915033188
2018-12-11,0.9501723026704273,-0.23181486165880918,-0.33383898574222004,0.22680736213037408,-0.1591896813114128,-0.24951138981790905,0.1657407236407924,0.2962524220484221,-0.016903723472293,-0.08796183594387244
2018-12-12,0.9514133341182662,-0.22623953459599838,-0.33862377563754176,0.22413540311335908,-0.1485496890634648,-0.25640391875415813,0.16416165130651564,0.29293192215573505,-0.01990038334186229,-0.08314033200244297
2018-12-13,0.9511767435538421,-0.22401466510315485,-0.33212234975953364,0.21482531277331915,-0.1463903012701281,-0.24784854483757277,0.15656165636783118,0.29315007003140675,-0.028344545423064423,-0.06953175794147408
2018-12-14,0.9526042584736033,-0.20474252508382842,-0.3384795349807472,0.23668787597153707,-0.12887626690945708,-0.25715260930140893,0.17985158388152572,0.29819053184699956,-0.02005340268901844,-0.06427547464673221
2018-12-17,0.9527310813591793,-0.23272401977937296,-0.36630088104241076,0.26253984065719094,-0.1530535108087977,-0.2817994717981002,0.20165752689528693,0.30618109850389474,-0.0408909800317294,-0.08140320351682488
2018-12-18,0.9521633359571712,-0.23297104119199571,-0.36170209672546916,0.2457318514991637,-0.15568717830641343,-0.2718249911288137,0.17496978132375623,0.309271887593833,-0.03680547089832846,-0.11455471421124278
2018-12-19,0.9539087297133686,-0.20985135295730345,-0.38189423346548573,0.22374735987838973,-0.12924371819475375,-0.2985269586438599,0.14291246640035812,0.2532860717822967,-0.05734772995858222,-0.056337115852379265
2018-12-20,0.9527993117088482,-0.24041750873800524,-0.3628349035192262,0.2362644587311964,-0.1475063726484918,-0.28774433511490427,0.14989786231917962,0.21192090484427312,-0.09199337514331692,-0.04232295975013263
2018-12-21,0.9546925525358099,-0.2184251005524372,-0.3571962050343864,0.23974307451243032,-0.12128293605910798,-0.28582948384656076,0.15548689281738556,0.23429712594269536,-0.08959180944514056,-0.03974563921822033
2018-12-24,0.9526593983426627,-0.24785541783682266,-0.3685645032664518,0.25376734481485425,-0.13259187050196333,-0.296207758250379,0.162487603722178,0.25302483776689827,-0.09371653609749764,-0.050397677967447554
2018-12-26,0.9593822216133135,-0.2632394224478485,-0.42812655516453824,0.36930358762303106,-0.15811938562922198,-0.359676771957108,0.2778008605092868,0.2749874834959103,-0.13204059660551548,-0.12387596832202864
2018-12-27,0.9587073048956248,-0.24573744278995388,-0.42517574127159935,0.35377782830562826,-0.14913108660721539,-0.3596692211300443,0.2702660180701582,0.2658038927525822,-0.1362738859258189,-0.09546132657084724
2018-12-28,0.9587621125555963,-0.25428794309593933,-0.4223783048698181,0.35350629573543835,-0.15263984358272684,-0.35503969839010624,0.2700941719208894,0.25447382182720274,-0.14336158449845673,-0.09758297349515893
2018-12-31,0.958702801237251,-0.2507770529238787,-0.43936247045878407,0.359629945406822,-0.14965376486021056,-0.36926870778938636,0.27443757990680573,0.23270121379463346,-0.13141690458624203,-0.051880676500531325
2019-01-02,0.9599391167349769,-0.25180936006304216,-0.45226794265509934,0.35824274275184664,-0.15197478306827109,-0.3920823743588309,0.2727572590117373,0.2326828311277538,-0.1326074649238572,-0.05177428379167368
2019-01-03,0.9616822660965715,-0.273581571670638,-0.49457568213907793,0.3357370951276568,-0.17610536787666767,-0.44368218659706293,0.25268220325595936,0.2771827582877807,-0.11666504487393023,-0.025566340892780884
2019-01-04,0.9650033230460601,-0.3179741118434252,-0.5389542812651326,0.35993233020516513,-0.23006212250837602,-0.49229776629232186,0.2806242950112089,0.30067597801525114,-0.13793180627924947,-0.06515451340820563
2019-01-07,0.9655739359738954,-0.3129669630693712,-0.5544001730807452,0.3651116154791913,-0.22492389173185845,-0.5130455986965822,0.2842932590778943,0.30370820257792375,-0.13240677450962907,-0.09077129674595436
2019-01-08,0.9632067472566296,-0.3216372443799847,-0.6011449894350328,0.3594547616105787,-0.22997988307205947,-0.5592827115725647,0.273516371552578,0.3127978773200158,-0.139977009587928,-0.1119728384106592
2019-01-09,0.9684133762539378,-0.26528090092631884,-0.5857223638514476,0.347290036709273,-0.21789031777246737,-0.5630597017810939,0.2727321260753594,0.2079369079337017,-0.05828112365445496,-0.10126210437149466
2019-01-10,0.968894196488927,-0.2550108682781119,-0.5772402517939101,0.34249426355865936,-0.19995887162141224,-0.551288689294925,0.26489411259770895,0.2197041242301197,-0.05496591374751492,-0.10022238417651881
2019-01-11,0.9688432625637176,-0.2518115415737133,-0.5772460717373754,0.3427000171888081,-0.19304159890208528,-0.5548566042883876,0.2679065041536015,0.2279043034275625,-0.06078427422170335,-0.1031012704451381
2019-01-14,0.9677854819442108,-0.2458716278863787,-0.5852960263569685,0.3424302866865436,-0.18627191477382035,-0.5611846212631408,0.26652197088644064,0.2245895777165184,-0.060374252764611065,-0.09652731901986539
2019-01-15,0.9680021518143316,-0.2506365222277834,-0.5961088363485524,0.35572421347879507,-0.19238187664059653,-0.5728523925724874,0.2836497489690171,0.22901293398524464,-0.07202763263827695,-0.1286066694209951
2019-01-16,0.9674781667608978,-0.2494075543265258,-0.6038815247970989,0.35259242510351313,-0.19267674376804458,-0.5830513560661943,0.27848727149772423,0.22896701991266652,-0.06885072652023924,-0.13067742229636725
2019-01-17,0.9674737014274102,-0.2522480694742127,-0.605162264838734,0.35312346226662206,-0.19505809114506106,-0.5847840910067738,0.2792941900378229,0.23008122454117896,-0.06925885764183376,-0.1259353696497868
2019-01-18,0.9689121547683132,-0.2747752460217484,-0.6148290216223854,0.36476912557017066,-0.2025748392592859,-0.586157567990647,0.2844551220177805,0.2525763783637156,-0.09702523389119677,-0.1424713088513401
2019-01-22,0.9695020808983296,-0.2774735722945192,-0.6196879387689689,0.36862110347705457,-0.20825046208613499,-0.5927089713525762,0.2918104612073407,0.25484013003915457,-0.07750908720683987,-0.14170097084349653
2019-01-23,0.9674806753761478,-0.27747401463165516,-0.6078206266214284,0.38715746557835945,-0.20601700353784355,-0.5796241620643023,0.31091230411704335,0.25313910788818206,-0.07779533701849538,-0.14640867951095254
2019-01-24,0.9677660559244656,-0.27047520681161835,-0.5944172349340493,0.3809680286286177,-0.19787285904022167,-0.5591947870068645,0.3052939320422325,0.23748611487582036,-0.07658858298024197,-0.12812740471521863
2019-01-25,0.9671624834257191,-0.2266063184648719,-0.590360580267055,0.39806800382898166,-0.15467368548202817,-0.5550642660702633,0.3232556923116755,0.17527945574659706,-0.05937224079248787,-0.14211201486153097
2019-01-28,0.9708180312224003,-0.23717284458248128,-0.5914516046472795,0.40063454709125823,-0.17694507240738663,-0.5662708280972719,0.32537193423808203,0.16525539810539042,-0.0718164008267254,-0.14088113008241251
2019-01-29,0.9693480030770617,-0.22427626814315435,-0.5820582106841877,0.4015777354544705,-0.17064985653458892,-0.5619527085896106,0.3189421280714636,0.15869036439052003,-0.06125441353465472,-0.13154844915137914
2019-01-30,0.9710893194395074,-0.19442407776009715,-0.5767031966047697,0.4201695194125585,-0.1281864914191592,-0.550386152856434,0.346873482525236,0.1328513938001732,-0.05961935862512701,-0.14708137723748935
2019-01-31,0.9708327778003704,-0.23039233547674073,-0.5542677541044597,0.43189212641125285,-0.16004348955949857,-0.522989974975885,0.3565250332760315,0.13469236464428447,-0.034277433905819776,-0.1474028377866138
2019-02-01,0.9714639462784378,-0.231678549651914,-0.5966490941272508,0.427920632589995,-0.16077070627023818,-0.5778987139550851,0.3482025923187924,0.1458460874522572,-0.04426341517304094,-0.1890029611355437
2019-02-04,0.9735551277984101,-0.23441882593444924,-0.6034533247888947,0.42426018763266066,-0.17165298332579584,-0.5820803904920713,0.34341990044404935,0.16768105072774475,-0.03800118768827429,-0.181904715862955
2019-02-05,0.9733477091508126,-0.22879794798881747,-0.597092992106478,0.42262033595940823,-0.16539479319047856,-0.5736115370873711,0.33967400314913354,0.1663582422122936,-0.04359195903668397,-0.18842569732817085
2019-02-06,0.9723383342464592,-0.22180727598362165,-0.6080883020889815,0.436568071653272,-0.156627149120773,-0.5859242641161186,0.3535080150348798,0.16730134655734052,-0.04816052466942057,-0.18891543304662137
2019-02-07,0.9728975572641334,-0.22521747384325672,-0.6125156419371202,0.4410731330692332,-0.16249093880046633,-0.5924923361416832,0.3572000428014544,0.16779920888893501,-0.056327740238343436,-0.20119674080800867
2019-02-08,0.9730323004554423,-0.26202905916481894,-0.6061465488378452,0.4397548671224943,-0.20555327465646422,-0.5832900243055202,0.3554159359536025,0.22700720267556163,-0.07034317990296086,-0.19610191957428777
2019-02-11,0.9728066240627599,-0.307196464741351,-0.5939537025400529,0.4348895307607889,-0.2581839813156042,-0.5683557235486518,0.34923183727061335,0.27689030241491486,-0.0834768057531001,-0.18503634736895025
2019-02-12,0.9732204578623858,-0.3036505265211096,-0.5995699004936893,0.45409414110639995,-0.2550973335944269,-0.5727006673254692,0.3713121444657164,0.2733127066410429,-0.09422517686200332,-0.2130121126005836
2019-02-13,0.9728209415525484,-0.29817097059559783,-0.6005241821252956,0.4658118092223075,-0.24717490162003072,-0.5704761630647575,0.3794982367983019,0.291265436695277,-0.12541218286773978,-0.22045167392679105
2019-02-14,0.9724330448464538,-0.2998665076586624,-0.598800923928437,0.46386560529581033,-0.2465206880957417,-0.5663886975419044,0.3798893124761952,0.29970771890363246,-0.11750749794186298,-0.2113745089498726
2019-02-15,0.9712448282547831,-0.291767043048156,-0.6012149852934713,0.4686813304542075,-0.24028911288534982,-0.5665182450142799,0.3820755873578878,0.2870184935825686,-0.11197600768282853,-0.2152270173115973
2019-02-19,0.9732482119508552,-0.27942626593590486,-0.6024323182071829,0.48030660541446024,-0.23677252752837946,-0.5735106628879534,0.4013237855786125,0.2833713347543702,-0.09492063579746574,-0.21542188246396068
2019-02-20,0.9732068258414499,-0.29106762277189063,-0.614519809987248,0.4516773157260161,-0.24288316318872613,-0.5783230330200105,0.37812998351117133,0.2881854265312839,-0.12012359057566484,-0.24277792115125668
2019-02-21,0.9734536208310388,-0.2661128943488193,-0.5866321830204714,0.4524712933620882,-0.22222640497790647,-0.5527722619586243,0.3762597182556818,0.3364036961802729,-0.10881580112325942,-0.22798308797614888
2019-02-22,0.97342633685939,-0.267324117183299,-0.5776955809717308,0.4553466557351349,-0.22306750129147612,-0.544347600579312,0.3777369535873884,0.34014811284556273,-0.13016746502226842,-0.2360310665212023
2019-02-25,0.9728373672891162,-0.2622059068202054,-0.5722487590189365,0.445273976273551,-0.21783289196420424,-0.5399012711435717,0.36563162604589544,0.3404520224117918,-0.11557456652056959,-0.21150645261100443
2019-02-26,0.972755341311083,-0.2619138423881827,-0.5713975663507674,0.4449218259652766,-0.21808915471162293,-0.5378463079053735,0.36558763204384154,0.34486834210890716,-0.11712669829158465,-0.208531898112107
2019-02-27,0.9714945589456699,-0.2732751103134979,-0.5353218243347582,0.4906547926252158,-0.23083210055475667,-0.5014055398510692,0.4132123036576726,0.38932357762692404,-0.12927813832962134,-0.255144044015019
2019-02-28,0.9714945192436673,-0.2658138786035647,-0.5302331304159935,0.4950109556007172,-0.2237400707874806,-0.49621767307975606,0.41763889112639374,0.39610819520824625,-0.13540449303008487,-0.2640690696406523
2019-03-01,0.9714667261990342,-0.26512183041824267,-0.5348098470242945,0.4877541463093876,-0.22312967200797565,-0.4994324679571685,0.4118750789580745,0.4459849927373758,-0.0755533440623221,-0.22015552587489132
2019-03-04,0.9703257152352514,-0.28428700574825855,-0.5616771277502681,0.47105168965922956,-0.24501244668788089,-0.5213078996566897,0.3939301855719471,0.4171043195068185,-0.12102300334784978,-0.2555715873850772
2019-03-05,0.9670870710778932,-0.26342986928920475,-0.5042702830977956,0.48218243004362044,-0.2222752424139916,-0.463350907905543,0.3984270961231349,0.4058260664640211,-0.11619301728235705,-0.25422301659593866
2019-03-06,0.9696821323375571,-0.2606624597260078,-0.5066390138333504,0.4846543264943957,-0.2199299935436996,-0.4701698385427963,0.4100561391511434,0.4034393766943406,-0.11698373581285805,-0.25070521761381326
2019-03-07,0.9680082434941264,-0.2265877453176595,-0.521682459131965,0.519384898050027,-0.18050276392438175,-0.4884187948469045,0.4471144118834071,0.3953730555248538,-0.13255992859465407,-0.24867682960456866
2019-03-08,0.9701940139162164,-0.22746231342117842,-0.5250128904181455,0.5325412351307957,-0.1751447454443517,-0.4983624875692021,0.47357043104512,0.41318090171149197,-0.1592537577759244,-0.24053026791327392
2019-03-11,0.9710603928690076,-0.24081168273206527,-0.5294383557390271,0.537478721671708,-0.1900390039396251,-0.5028756750842456,0.4760875763730249,0.41805316747415117,-0.1614648906147946,-0.2435916659183212
2019-03-12,0.9711956899087124,-0.23753571913902358,-0.5179624797410602,0.5429612616951086,-0.18708086887155914,-0.488621383723295,0.4834261285116549,0.4336174961012282,-0.15801236416078596,-0.25128040747018837
2019-03-13,0.9712883800671045,-0.22898734680108326,-0.5218947279281412,0.5588399774694555,-0.17938294185342624,-0.49183195904593097,0.4965215708715649,0.41968040275432295,-0.12878525090423099,-0.24829093033894634
2019-03-14,0.9699082187320002,-0.2439371902551317,-0.5088509496372564,0.5371256621483321,-0.19375691724386612,-0.4775751295794009,0.4710149891419698,0.4531965434185423,-0.15120527281296162,-0.2370160442128956
2019-03-15,0.9683171085542892,-0.2191515201763211,-0.4875923189132869,0.5100708027830617,-0.16692320589689286,-0.45150666787444466,0.4419784406835405,0.4499986455912578,-0.1292000661715585,-0.21822438443685974
2019-03-18,0.9705366055647335,-0.21828776165579905,-0.48781328640668276,0.5484387598040025,-0.16837126069010772,-0.4599553070590313,0.5052282354632691,0.44950201358384717,-0.12690886816748387,-0.18440751023942437
2019-03-19,0.9698015814917738,-0.25243917674756117,-0.4578286411671618,0.5906912947150667,-0.208556651404407,-0.42006695453021126,0.5571313426511503,0.5137343729048954,-0.11194582114967862,-0.23312050499502676
2019-03-20,0.9678955052112833,-0.2084092566060119,-0.49051061116983063,0.559215424923865,-0.16958951482034212,-0.4263401368314056,0.5405734581316672,0.5767221171689211,-0.03318840915620982,-0.23126798856026695
2019-03-21,0.9662947123598676,-0.256086724778449,-0.5056569272263437,0.536046251426063,-0.2246863882858819,-0.44503557576117486,0.5160138588658553,0.5711337308991765,-0.04207595782045995,-0.23735527130758616
2019-03-22,0.9687506793876943,-0.1980135034418241,-0.5493089539966417,0.5135929771118336,-0.17955043104527418,-0.48013760157178215,0.4995645826408531,0.5455482088276739,0.005295634195221283,-0.25628848519787195
2019-03-25,0.9549653514484853,-0.19325226815285063,-0.5124882225127124,0.35814328616480967,-0.17053792650085978,-0.4235202204561477,0.34782812861225204,0.5418686358885544,0.04009042994767411,-0.16971845927285215
2019-03-26,0.9557528906063791,-0.21636529251724237,-0.513969862610911,0.4007133072541725,-0.1760791946541641,-0.42383548696897316,0.36444759555039147,0.549767882177735,0.06805948846966046,-0.1820279906402578
2019-03-27,0.9562769579473125,-0.19666420000699383,-0.522158191592736,0.40613296813725736,-0.15911036827455405,-0.43401902293370925,0.37095454176218706,0.5091035407590699,0.09132822842847717,-0.18495384985381008
2019-03-28,0.9561365698191564,-0.19951032353881998,-0.5303241304279432,0.40050984832689557,-0.15359630807792538,-0.44001811408323904,0.36758337129767765,0.46651684443872427,0.09367634940033555,-0.19257852617798948
2019-03-29,0.9568178883066336,-0.19784867437797107,-0.5325561443952332,0.40845322578338433,-0.15258975964788918,-0.44538831202252077,0.3708539859238713,0.46682577114041146,0.09384819612665059,-0.21047007588269084
2019-04-01,0.9488215352088746,-0.14724960871853296,-0.5063568735757957,0.48397040739965275,-0.09440928770677183,-0.4064092344841381,0.4430600725965115,0.4431611478067877,0.07041919244621407,-0.27118735376439734
2019-04-02,0.9312699094998877,-0.07609253181946549,-0.44804813394352944,0.47104560698773634,-0.013718078453931016,-0.32841766270371936,0.42606345391028494,0.4205473924015544,0.10491410004389419,-0.23773263106511008
2019-04-03,0.929028338681987,-0.08434466868290527,-0.43199882289013014,0.4684109408328844,-0.0248816511106559,-0.3241184485976171,0.42008110897963835,0.42561764423344417,0.1026117918989942,-0.2198389019208648
2019-04-04,0.9277417262704086,-0.07628697726238955,-0.426242483609125,0.45558877644394175,-0.02167431360312821,-0.3213494372308895,0.41444908783879586,0.4250353333141073,0.1072982395459197,-0.216208670681409
2019-04-05,0.9279086456585696,-0.08540058742006605,-0.4230648063580954,0.477071783698271,-0.034173747251960644,-0.3178928162368134,0.41859092409041404,0.43496138677030577,0.055607270018622874,-0.21175962338870824
2019-04-08,0.9278411149467688,-0.08385843297207277,-0.41963430735451,0.46885254348197325,-0.033060877825400146,-0.3196051286156684,0.4147732753674479,0.4116562954588147,0.06987476097023745,-0.22236112974901948
2019-04-09,0.9289129568702821,-0.09618076265474791,-0.4223483218504733,0.476999554491993,-0.03909360126876066,-0.3184291534317622,0.41101846436685635,0.41384034989951324,0.06883690491741706,-0.21582028434738357
2019-04-10,0.9271283790365342,-0.08818005738228514,-0.4430939530480817,0.4606782099728224,-0.02923385850114652,-0.33843467930842025,0.3909826482515136,0.4222963875552129,0.08157755717831805,-0.24160644162976433
2019-04-11,0.9254652086325922,-0.06822281631157014,-0.4230887298234999,0.4381955431267939,-0.0003587108430316979,-0.3107614067399671,0.3589698073761194,0.44054619441467074,0.12404101062267804,-0.20215451311037425
2019-04-12,0.924801798037275,-0.07074807515757746,-0.43174622489929476,0.4351913998363259,0.001450790846821357,-0.31120602505076433,0.3596773210859124,0.43753449499597813,0.12301121179238445,-0.19806238262199163
2019-04-15,0.9244332340532011,-0.06638535020792684,-0.43526711759665765,0.4467834239022467,0.004803221005564296,-0.31287554868052475,0.36734251185127004,0.4350716712522847,0.12411723862459013,-0.20120601872765914
2019-04-16,0.927818450541581,-0.021571624536391158,-0.4125400946262794,0.4165862449199216,0.022685341761539638,-0.30188434407069753,0.353410882635746,0.4379022190300686,0.15341313865482936,-0.18727211607417363
2019-04-17,0.9145564793883864,0.004875163357537961,-0.39028310025948976,0.3879750109909783,0.05097149086118033,-0.2724053054929228,0.30881704348936595,0.43257944085256955,0.1739359747161286,-0.16417798159937064
2019-04-18,0.9146180249747243,0.00521566935138432,-0.38725622204370946,0.3904191975933278,0.05015271676211556,-0.2732507081382188,0.30840506171875565,0.43169574823977497,0.17232452982348068,-0.1656787928011677
2019-04-22,0.9182272070389882,0.0044459263379186,-0.3829734206936047,0.38010595047017265,0.052270201277788024,-0.28458266120029485,0.29914262235875405,0.43699969239737496,0.171390002502809,-0.19810364713240913
2019-04-23,0.9185133904630145,-0.04705483177581326,-0.36162219925557765,0.3820022024532032,-0.00098951882484578,-0.26095371020421665,0.3013631993542675,0.49606208541267166,0.16607825982354138,-0.1928638291028846
2019-04-24,0.9159546990367549,-0.03703464952027874,-0.3837679004286379,0.3515670504443611,0.013101971518810537,-0.28823093375296954,0.2562110824557298,0.5043300178679566,0.19001617263873738,-0.2272176981757788
2019-04-25,0.9208057104442526,-0.029977334389083267,-0.3765760785943527,0.37048994611754904,0.04117071232522489,-0.27535852837049646,0.29077591093378236,0.4960640108394272,0.16768183511301007,-0.2381224822167301
2019-04-26,0.9096103555336977,-0.06354839590309735,-0.3806757796115431,0.29178672611772793,-0.01595111940912985,-0.2884319049655505,0.23795467937489506,0.5074359595346667,0.08391416709113853,-0.2449118440126526
2019-04-29,0.9083823986034736,-0.06770120232128869,-0.41848137169162913,0.306313109383321,-0.020840158198585142,-0.3413117683824969,0.25957153687404205,0.517554462778653,0.0782063972868596,-0.24593047365745874
2019-04-30,0.9004928519955124,-0.07001963280685407,-0.42622417393704365,0.31773189126588924,-0.038705921336752734,-0.37673831838817606,0.2844746454356366,0.5222206088483345,0.0883656916812112,-0.21937741859313376
2019-05-01,0.8969901948151052,-0.03141372239231717,-0.42429147679161244,0.3477564267247535,-0.009548119047074094,-0.3691242442319251,0.32403072831898444,0.5009166392715424,0.08718601285544722,-0.24241189740001656
2019-05-02,0.8982861722529945,-0.03054939560831481,-0.4199240010339305,0.37429763592693405,-0.010427612737785207,-0.3674893700393773,0.3781145301867272,0.5016111101162941,0.11970261013774376,-0.1789892222506601
2019-05-03,0.9009335865577071,-0.011728139443983517,-0.402042367697703,0.3715175277569556,0.013630965942303688,-0.34159197781070905,0.37133249539400426,0.5082614632813068,0.12262259513802404,-0.17780717371293892
2019-05-06,0.8960393045143091,-0.0015173797143847759,-0.38636215695810494,0.31188575357754983,0.026275429971534862,-0.3219127022716531,0.2998596926094203,0.5065933933802921,0.14448310994562155,-0.1426901591696748
2019-05-07,0.911212785219765,-0.03173976589813596,-0.4155801121072604,0.3809119907824866,-0.006139389530112554,-0.35677631322083164,0.37004162317170497,0.5073709591261244,0.11912412877184628,-0.17864313852476005
2019-05-08,0.9118531351721754,-0.03057531787708443,-0.41012169054413183,0.3741601062994851,-0.0073430164941885616,-0.3524257351493157,0.358263959047436,0.504010081985995,0.10720325498463376,-0.19651173133518832
2019-05-09,0.9069047872410957,-0.05019654123866067,-0.4109061483346689,0.36614864203527936,-0.027466065775719913,-0.35296665442515224,0.3517716994369742,0.5118059971461412,0.0970583129234379,-0.1961836031832965
2019-05-10,0.9049276731905481,-0.04175189323520081,-0.4102031677754857,0.36157263867817135,-0.028499936078467836,-0.3554220798310079,0.3562659923509108,0.5049563102219793,0.10840935298338597,-0.1857999256068516
2019-05-13,0.9301631175488146,-0.13756843040158556,-0.4287127448257072,0.3859045647604136,-0.14440664856760893,-0.38419520647311783,0.3706303649365234,0.5147812941840556,0.06428443817503283,-0.2167537539541755
2019-05-14,0.9409793980519003,-0.17078686651205785,-0.44725856293102584,0.377372660476152,-0.1555712019204059,-0.3922520491995453,0.3796163081911326,0.5171491904321318,0.03849873901102828,-0.2312851173621887
2019-05-15,0.9382429333537623,-0.18889263200011724,-0.4306707128620477,0.3801384443130165,-0.16777157567316128,-0.35958257444729874,0.3828406688658214,0.529081428011339,0.026047832302397177,-0.22419598514676153
2019-05-16,0.940043802602936,-0.20769084559515433,-0.43688641076531537,0.38976041162982616,-0.18414412721589826,-0.3691143528304976,0.39547143593976836,0.5340216585879881,0.012420663217876542,-0.22531390771706722
2019-05-17,0.9405263777986547,-0.20992849015734336,-0.46604639425989774,0.3909181887097224,-0.17826936302741633,-0.394420251523986,0.3967821872185807,0.49782084793182413,0.007829314996794484,-0.24462017567674255
2019-05-20,0.9350678321648683,-0.22212942373262493,-0.4711290237792659,0.3808852330105936,-0.18601559487659203,-0.38016834729370963,0.3733708740752106,0.4903127398939527,0.004394581097426644,-0.25295668278511907
2019-05-21,0.9363726774476268,-0.22506570087171116,-0.47308535936769486,0.39795377977743085,-0.1891015823436796,-0.38147581112039625,0.40023851118762405,0.4922860069686588,0.0030419507981915336,-0.2944189925380314
2019-05-22,0.9369470506794315,-0.22336356289105605,-0.4766379923147662,0.39893687447646986,-0.18859958022562281,-0.3884136688202861,0.4023452928975912,0.486017903734097,0.00322459737575647,-0.31807248075186156
2019-05-23,0.9399626800083286,-0.2607582673704288,-0.5273915644133217,0.4583588475526834,-0.2262732636701293,-0.4399152782394798,0.4586558337953525,0.49130148716718347,-0.05697123078459394,-0.34920947124635304
2019-05-24,0.938735066179218,-0.26584238828856965,-0.5345676819922877,0.46159423288034446,-0.23286046801444127,-0.4464953545025873,0.4574289562946699,0.4844612785765987,-0.048998098215024356,-0.3461064617855563
2019-05-28,0.933023774169565,-0.22509296491933134,-0.5381808128036453,0.49323368640253645,-0.2102669124224789,-0.4429767480630332,0.4893414928347077,0.41701343600751006,-0.14665395940981518,-0.41843645307701877
2019-05-29,0.9357934574649498,-0.22974079840167586,-0.5361464283769888,0.499489602030523,-0.21062664264737496,-0.4492534745449778,0.4885146439602673,0.432446776153635,-0.1414452403642511,-0.4404127539207774
2019-05-30,0.9364178256536148,-0.21778209173300975,-0.5196675622328126,0.45462516592837887,-0.1988144023301743,-0.43326140927303874,0.44150428351156773,0.44824160216518194,-0.1878863383416826,-0.4660003291377809
2019-05-31,0.9392496839401021,-0.27712197981228864,-0.5458862780589153,0.4977333172751633,-0.2532391289795261,-0.46127407056290887,0.47973167064204925,0.4919219151345453,-0.29576645797809026,-0.5139036147942604
2019-06-03,0.9108735833968554,-0.2835641876763454,-0.5397239322257039,0.5115914861983811,-0.32626083132603745,-0.46336847488048905,0.49188180987561303,0.5065298438683132,-0.3004891680817136,-0.5259635228047753
2019-06-04,0.9211019038823037,-0.26574215441664456,-0.5829967909989949,0.5179940872168307,-0.3121800536588653,-0.5133708923407758,0.5007242151579342,0.4863656254284758,-0.29681744775957064,-0.5340894789786718
2019-06-05,0.9165293557970174,-0.23719102647806106,-0.5879225672695693,0.4578653815929789,-0.2878501399758672,-0.5134954447354485,0.45583159664531236,0.4667828651320721,-0.2921094851745707,-0.4691357781189966
2019-06-06,0.9170526453044003,-0.23846907774120174,-0.5926550342481604,0.46580750220409944,-0.29114757501385863,-0.5199458222687239,0.4629740539532701,0.45946283395491955,-0.2786761743411922,-0.45807297671824865
2019-06-07,0.9169352339243257,-0.2342515900530526,-0.550571216810883,0.46693426100728036,-0.27145532877928047,-0.4609807095024661,0.46817162617407365,0.486685152168141,-0.29718476788794784,-0.4261325391984039
2019-06-10,0.9156575931533945,-0.2574640181314757,-0.562964169240853,0.4611922416298109,-0.311460267879274,-0.48842318876666313,0.45527599161465215,0.4910714844280915,-0.2754384902543772,-0.40024768801902577
2019-06-11,0.9152518643738666,-0.2660012837632005,-0.5761479781580263,0.4622464343191502,-0.32518509626730624,-0.5062927188262607,0.45786198540490264,0.4855349908175731,-0.2769556669450352,-0.4029025151313963
2019-06-12,0.9150546229873188,-0.26880158929504844,-0.574491265547279,0.4509208939634932,-0.33087258969780237,-0.5036072816713283,0.4586700697046602,0.48173615846483997,-0.2972418219331289,-0.38143676629818746
2019-06-13,0.9160520061197456,-0.2581653813807015,-0.5719414817304793,0.45394876038969617,-0.32115437583721385,-0.4980214605375406,0.46264168392317007,0.48943739739828107,-0.2687740504353713,-0.36930804182670857
2019-06-14,0.9205366142889158,-0.25261667651207653,-0.5732699942233555,0.46451345301172753,-0.32948134005781904,-0.5177706112307008,0.45722515610617137,0.4749349266327206,-0.2939135087391609,-0.4056994747845354
2019-06-17,0.9155874263106814,-0.23937347194572564,-0.5864543345012204,0.47420136935581036,-0.3184440464013657,-0.5286266967059385,0.4615648952501911,0.47930794155029555,-0.2950505876740464,-0.40529618375553195
2019-06-18,0.9116155311422055,-0.2142190547162993,-0.5125293284730694,0.4912689377296727,-0.29267980604821714,-0.4592605890542395,0.476755494003054,0.4953378889993498,-0.24899332204732724,-0.35311625392152685
2019-06-19,0.9115760434541222,-0.20750063811296468,-0.5120281698553875,0.49256476382237996,-0.28370582046544734,-0.45849842830379356,0.47876902565457746,0.4971969049136034,-0.24602211082507033,-0.3524241731607686
2019-06-20,0.9135713794803607,-0.09253714810296465,-0.4995121204763791,0.5026438812086729,-0.1895360214443705,-0.45090042781677814,0.48425730990508586,0.4477905602445445,-0.04733708159628344,-0.3241405486584215
2019-06-21,0.9128790757020012,-0.11152167994784878,-0.4606912097359467,0.4954406900823714,-0.20581686011760575,-0.4180103233505461,0.478093594589767,0.43163014921656506,-0.047464692000518886,-0.32454030647563037
2019-06-24,0.9130765097940311,-0.10686062539231869,-0.4651357745236678,0.4943091204849607,-0.2063774832394677,-0.41683755314926346,0.4775869243741842,0.494841621855742,-0.03858543817778142,-0.3182717313818546
2019-06-25,0.9152097737604762,-0.10560568951206786,-0.4644465227648273,0.4825588956420699,-0.20255247834864923,-0.415427764662973,0.46275894625438574,0.49448054472346886,-0.03758381166772545,-0.31591067368729564
2019-06-26,0.9105107264234411,-0.07771082342421132,-0.420142705396011,0.45554707484572976,-0.19479664288966808,-0.3928393985494218,0.4505610385248187,0.5072970819135231,-0.05293837050256496,-0.2992717227250852
2019-06-27,0.9113615545313222,-0.08043850225080205,-0.4078271421591627,0.45720021030929825,-0.1987993543504313,-0.38392241621468165,0.4488225693363782,0.4945813735755105,-0.05803992960915775,-0.2988947171903445
2019-06-28,0.9100550570010634,-0.07699613500481295,-0.41656624604742737,0.44211803981957426,-0.1952098881533847,-0.37982516994969945,0.4450458755411172,0.4932016718706779,-0.06103032389751445,-0.2996630544692034
2019-07-01,0.9131106964591377,-0.12891024937096118,-0.4251634209214923,0.4543421848205251,-0.23939588540538234,-0.3871840441038746,0.4563644384882388,0.48507121585732166,-0.10686602467458528,-0.3065519288200646
2019-07-02,0.9129961177398462,-0.1055012923087063,-0.4156881678314447,0.42056779754204127,-0.20746378098300403,-0.37655363534366765,0.42211852017580687,0.5030706284943326,-0.1924978111545317,-0.33636952287853106
2019-07-03,0.9133074247434112,-0.10454229250220763,-0.3938926379879491,0.4259700692459078,-0.20801188549647398,-0.36016170887774906,0.4247415994034909,0.5089225419529873,-0.2004648960170773,-0.3162026721003641
2019-07-05,0.9140968768653519,-0.0891526551403938,-0.3595552911262384,0.42033281715106385,-0.19328440293274746,-0.3279993729185797,0.41841172269480464,0.5394172993826959,-0.21657120576211342,-0.33102044439823264
2019-07-08,0.9146586963279172,-0.07596842798291742,-0.35978418498353953,0.41652624589516624,-0.18137303746350453,-0.32926037195763436,0.4149087360716068,0.5339358750864005,-0.2169264510778422,-0.3328451021976136
2019-07-09,0.9139876328168418,-0.08139923506804912,-0.36702464172253446,0.4161813526321578,-0.1928827412737212,-0.3405998917432722,0.4160239707800702,0.5148226093194876,-0.23361351064615515,-0.3477215797444089
2019-07-10,0.9151997732340311,-0.05717660448753259,-0.36127708785513146,0.4202541340488195,-0.1567471030371744,-0.3498085361484991,0.4279160021333679,0.45674296581373913,-0.1591520067914306,-0.3733832852133154
2019-07-11,0.914271952198616,-0.0627880845385326,-0.3517096185739137,0.42020729932895534,-0.15228188965752484,-0.3266002666611933,0.427550561309399,0.48330440960442445,-0.16091302895399717,-0.3585171943773473
2019-07-12,0.9151247126921289,-0.05818712080768961,-0.355410874820374,0.4195822657439371,-0.14301592524272713,-0.32487316502182895,0.4251656683554983,0.46670011009429035,-0.15238896791199474,-0.353562311681298
2019-07-15,0.9181952417479277,-0.061561808385058515,-0.35578011063531223,0.41722418064395317,-0.14202682238176798,-0.3197187623395939,0.4215175342917289,0.46113573390139423,-0.15112316119194275,-0.3606614109202475
2019-07-16,0.9186462299746714,-0.04862008555187953,-0.3508433759619591,0.42062923398028734,-0.12751504698636182,-0.3133186273310124,0.42533320630507204,0.47123547347486483,-0.13003209448822461,-0.3517879349417507
2019-07-17,0.9178193511879029,-0.07699861776014563,-0.36883731075475473,0.43614302254162907,-0.13842557659766733,-0.3184755812125226,0.430708878398523,0.49746021568928683,-0.15719657294927017,-0.35679866988104103
2019-07-18,0.9151561858320453,-0.05607256479253751,-0.3760317890413924,0.4254325269857813,-0.12576429172832113,-0.32467833751340214,0.424145790183925,0.4846322821121862,-0.16553196118546315,-0.35529882396865725
2019-07-19,0.9157464373054335,-0.026440482935391765,-0.3628233557089967,0.41400366866022253,-0.096390116615717,-0.31302252435079875,0.41399289469468675,0.48982999163089347,-0.17793464530226938,-0.3584674829146131
2019-07-22,0.9164092244341292,-0.027774495757108726,-0.3636539005447806,0.4140927869584767,-0.0981935083676583,-0.3083558711183777,0.4172739759251467,0.4890414980619699,-0.1794539559030708,-0.3619706235931241
2019-07-23,0.9182806323714064,-0.04613339241466558,-0.378708157985085,0.44047860880071876,-0.10678219680270364,-0.3158201636489417,0.42923495749609525,0.49552224683705054,-0.176194570828827,-0.3659219544812369
2019-07-24,0.9186868662920692,-0.040618519822794324,-0.3740156475631653,0.4298741616972516,-0.10077266756677379,-0.309735571954355,0.4175708396797154,0.4904673720148888,-0.17445610590503297,-0.36373717462476085
2019-07-25,0.9235883981315016,-0.028040817596778605,-0.3593585180607199,0.42677474269824806,-0.08147216917904423,-0.28390621806063954,0.4186419091372013,0.49950531192815706,-0.17635969794707193,-0.36810163561131043
2019-07-26,0.9279613455392127,-0.04618550516272627,-0.34940559546186667,0.4297247568982823,-0.08740863034051807,-0.27659676243134707,0.4196600218525198,0.513150678108556,-0.1801306493665431,-0.3662403198957286
2019-07-29,0.9279437755105179,-0.053642134586135884,-0.3577618344853991,0.421839773519474,-0.09635512502294366,-0.2857416307873051,0.4093176278069248,0.505183267451437,-0.19029984515412085,-0.3972790745884505
2019-07-30,0.926388321941046,-0.06540026777849439,-0.3691622897910057,0.41075229207826447,-0.11098089986614144,-0.29880768299211957,0.3983737784332596,0.5044998634096103,-0.18771546474211723,-0.391063127491466
2019-07-31,0.9280794058870419,-0.01926777012080856,-0.385515627903473,0.41632343833871,-0.06888684851056083,-0.3147424597562219,0.4054452694190645,0.45252109214324837,-0.1801525474085185,-0.39413584650674083
2019-08-01,0.9207726917426078,-0.06296641630611338,-0.39361148071469365,0.42056941478743237,-0.08221941026387673,-0.29551162948965987,0.38303109476334585,0.5176026934554746,-0.26898419541052715,-0.46142603930735027
2019-08-02,0.9217551299995203,-0.0528053184037583,-0.4132218993503107,0.4055763589581391,-0.06772876969315887,-0.32158541339747393,0.3616452023324285,0.4937442638567977,-0.27101185667420663,-0.43392462171692764
2019-08-05,0.9333245846153103,-0.12484897797894783,-0.48670874838031913,0.3777568823549128,-0.12817514083795623,-0.39834323339590655,0.348130600320105,0.5150812900212071,-0.27418792569015327,-0.42633711105722405
2019-08-06,0.935643034007167,-0.1042066309560708,-0.44612098014274515,0.34514229444789096,-0.11316762959581544,-0.3727770692081617,0.32585049009532446,0.5203011870811889,-0.280397249377431,-0.43254291839620573
2019-08-07,0.9228201914061848,-0.06465565677836944,-0.43908540424566567,0.34679612435792734,-0.06370330782567976,-0.36032849720194643,0.31791464317435264,0.5000068889722897,-0.29407824954793893,-0.42086691897341416
2019-08-08,0.9258356226034328,-0.043853758142073436,-0.4116668981286824,0.34477391265556184,-0.04646771768554558,-0.3415080593971416,0.3182073060657946,0.4974207235706912,-0.2864096329675013,-0.4139061917543959
2019-08-09,0.9284422440417831,-0.030862153854500265,-0.4084570545187425,0.3142572960980231,-0.03065843280179218,-0.3476077296818891,0.28650009908623936,0.5060210790575814,-0.2934369432884404,-0.42634654051942206
2019-08-12,0.9278992083396184,-0.031170051203000232,-0.43501020793854084,0.29003126278843727,-0.02865852749952165,-0.3628333217621384,0.26941864052818754,0.50095706652235,-0.27839117809876146,-0.3773886059817451
2019-08-13,0.9310881678990981,-0.07276406094553374,-0.4470651318304737,0.3304198236823832,-0.07436504759466227,-0.37771870036630545,0.31377274332657484,0.5119709775547606,-0.30243629487796403,-0.3892212467011431
2019-08-14,0.9394789160145768,-0.0942337855645931,-0.5357726651001203,0.37789805634668144,-0.09828938253746562,-0.47194455399259944,0.3660821742121265,0.49867067426364237,-0.30626579760685274,-0.4212768539159076
2019-08-15,0.9374402181238038,-0.08393808433291551,-0.5211185285834197,0.37878953558600725,-0.0915733602527578,-0.4651703530823717,0.3681102684722619,0.49773908805664596,-0.30775109255033023,-0.4217308220229742
2019-08-16,0.9390369142249969,-0.11012510180141877,-0.5370920761022315,0.37593618849746835,-0.1147574136387364,-0.48009209319341567,0.3653234405317187,0.513189553989288,-0.32157643078413156,-0.4183450137498812
2019-08-19,0.9387244286855724,-0.1278541731871007,-0.5416991574824099,0.3599277055812308,-0.1335326705010394,-0.4873245991162797,0.3493159080005482,0.5349256904793013,-0.332295031159075,-0.41436886161903197
2019-08-20,0.9399081092865588,-0.13431285895296233,-0.548181635562065,0.35813482836909794,-0.13964461901576944,-0.4938168695473628,0.35057927420600155,0.5380709104902018,-0.33158239784649934,-0.4116682677676226
2019-08-21,0.9433218966052098,-0.1554367252018843,-0.5501083432506263,0.35977436054556416,-0.15084126750571866,-0.4972905498286918,0.34958903305335426,0.5535015008531264,-0.3310503356213383,-0.40851958027867813
2019-08-22,0.9423126822948094,-0.1581129235965022,-0.543855838244595,0.3630338022331285,-0.15101425784296582,-0.48640432144169504,0.353356767863039,0.5575281085387959,-0.3275592973476233,-0.40009701241900664
2019-08-23,0.9489595956869861,-0.2233981149020225,-0.5807396760485635,0.4061966470963343,-0.21606111116390225,-0.5283979349487483,0.3985404776341266,0.5779563650511107,-0.34755006895377194,-0.4100185942975077
2019-08-26,0.9483337494725578,-0.20539909163907105,-0.5726702641943743,0.36926758808157845,-0.19920994621191554,-0.5204588518124449,0.3635248109011549,0.5683030388388921,-0.32154258226576365,-0.3801241454571246
2019-08-27,0.9668954369808069,-0.2057516600540008,-0.5707581157393915,0.35662027310209654,-0.17036721998059043,-0.5142667044086744,0.35288572093244547,0.5697774343878138,-0.30106771604689697,-0.3405760500071811
2019-08-28,0.9626456938665966,-0.21033560770719215,-0.5452148103043698,0.3534395949852137,-0.17029883754804254,-0.4855726266838535,0.3445080822008117,0.575751177735099,-0.30502240471924574,-0.3303593597751829
2019-08-29,0.9639564340356409,-0.22815557079952453,-0.5448755454899203,0.39239349183492134,-0.18733441570409873,-0.48839009650695114,0.3738053660402356,0.5851624299453672,-0.3169163489313751,-0.37175262240607
2019-08-30,0.9634972705746735,-0.22855561806884492,-0.5474057844279573,0.38273902772454094,-0.18593662820096193,-0.4895742474329785,0.36841921573175007,0.5854667345713948,-0.3063186257439656,-0.3683644934139178
2019-09-03,0.9651105997577928,-0.24581887197640886,-0.5656691436538747,0.3822342926290378,-0.21338977778365972,-0.5194338899660447,0.3686487761845789,0.5758243115383556,-0.3252310522105187,-0.37677017004562025
2019-09-04,0.9676984329134464,-0.22973212564339218,-0.5608505444679095,0.40747936598510875,-0.18686395128301936,-0.5046415467047811,0.4019867636472284,0.5613575237312743,-0.31870288836829297,-0.38672302807856873
2019-09-05,0.9684504621561003,-0.2688898762049472,-0.5766631520464068,0.40045393332156354,-0.2368304993890402,-0.5299240423408056,0.39283804355963264,0.6074771924590415,-0.2969829390557355,-0.3643825156466151
2019-09-06,0.968942716230475,-0.26585949101632456,-0.5755133948023222,0.40611384323019045,-0.22999597468238747,-0.5323448346311733,0.38763005637947523,0.590367053287645,-0.29812066739423726,-0.3779252485269505
2019-09-09,0.9684660499605625,-0.26818427006255124,-0.5523523693243656,0.3994960340411141,-0.23065545195848974,-0.5024722935792373,0.3755723195753927,0.5838911457249912,-0.3136264949141999,-0.40567305296742107
2019-09-10,0.9685454650926951,-0.2652641975327122,-0.5286244731428019,0.40012276860954354,-0.2252775754351662,-0.4725630070649463,0.37885560657886647,0.5930718897769315,-0.3024024783648283,-0.3743670633152043
2019-09-11,0.970515818441874,-0.2596270142680842,-0.5298226179776199,0.38136561837535754,-0.217786480864133,-0.47524006881842024,0.36412438972018923,0.5899560657069737,-0.3100354221950436,-0.36329560768967945
2019-09-12,0.9701889001764953,-0.26697042879038213,-0.5428003420842045,0.35766490313795496,-0.22624433918281364,-0.49057245955653156,0.3360958581455613,0.5852908579967949,-0.32667090178141106,-0.3700115799092194
2019-09-13,0.9698425743081485,-0.264588850224664,-0.5129862957283597,0.35731068325965754,-0.22102804673313758,-0.45418257636976267,0.3355375418939447,0.5914130038279032,-0.3250015466549225,-0.3482562784525792
2019-09-16,0.9698082835535445,-0.31806680956885497,-0.5203834304099864,0.2497867180844695,-0.2651943079747052,-0.46109934398176394,0.23185626355549943,0.6144064543283345,-0.3023789563209391,-0.20443230506652635
2019-09-17,0.9696517161378314,-0.31681318649808293,-0.528148435604676,0.238815622777732,-0.26367944414501815,-0.4659476846899525,0.21657460167117845,0.6344799372618449,-0.3015050847306633,-0.20783083816663475
2019-09-18,0.969739311513558,-0.3168927822057468,-0.5277570753435538,0.23828469564730093,-0.26517863007501286,-0.46728433020753474,0.21667348035044634,0.6238577817118993,-0.2992970783578583,-0.21252031862972687
2019-09-19,0.9704293594704869,-0.3180116151909793,-0.5290956168828835,0.23945087955434385,-0.2667955768972506,-0.47047450235847205,0.2202421674216505,0.6241295389034875,-0.2973093768317264,-0.21127503487210325
2019-09-20,0.9714271256272933,-0.32973176393204223,-0.5372568175689544,0.24277041930323798,-0.2761710206273973,-0.47906907896254936,0.2144492959455471,0.6276766025019648,-0.28273706203201115,-0.19850575026710582
2019-09-23,0.971339096525731,-0.32895790018246557,-0.5421851501961608,0.24289157172498269,-0.2749246454500817,-0.4836998091927064,0.2145799879452982,0.6298751768717773,-0.28212540184064794,-0.1991974152342295
2019-09-24,0.9723421903874353,-0.3340510141741709,-0.5486820671882152,0.2616656946375643,-0.2794183152228958,-0.4945962472603125,0.23173233255046924,0.6307388959428784,-0.2856799181612445,-0.21735068394523135
2019-09-25,0.9714937567416319,-0.32401961347427155,-0.5497758435784764,0.24888184869291194,-0.27305692766131795,-0.5043859096116634,0.21387118471677968,0.6612572194688223,-0.24971950395425377,-0.20064821673993943
2019-09-26,0.9714783774163781,-0.343907231842515,-0.5553627976265563,0.2645055394813648,-0.2936654098910793,-0.511540192638088,0.23095489335518782,0.6614401702563899,-0.1996573389680282,-0.18590702126070072
2019-09-27,0.9698346899100497,-0.33879792728631314,-0.5683500199686228,0.26611962610901263,-0.28066700099745345,-0.5190963138382018,0.2350234379245819,0.6589541774936097,-0.19393311547186093,-0.1896373223160315
2019-09-30,0.9691317126304735,-0.3505589475565809,-0.5795302593150948,0.2562523141439156,-0.3025209803542186,-0.5278325766823158,0.2189747835348255,0.6286576508687342,-0.14691227651166452,-0.1786569193932027
2019-10-01,0.9669170136567475,-0.36488380920691577,-0.5770757769333456,0.2628855027337557,-0.31583948412756113,-0.5290838591297424,0.22354559867919566,0.6317319080425733,-0.1512317239620318,-0.17963347350815756
2019-10-02,0.9679023221657541,-0.38445546533002306,-0.5648333148641987,0.2746887284736775,-0.3354684362384434,-0.5223482637832358,0.23286477805460917,0.628681597543225,-0.163618210374696,-0.1791772173625689
2019-10-03,0.9690173987744689,-0.39794921820701223,-0.5448998622482543,0.26390010115370655,-0.35753473639349237,-0.4984982578597632,0.21189894880494164,0.6629246733218476,-0.2138605531057556,-0.16420570707761706
2019-10-04,0.9704236686365564,-0.3934305599213474,-0.5267281749223621,0.26992466764888157,-0.3586017917881882,-0.49003284881679515,0.2189662268782086,0.6528404593862472,-0.2135872103673684,-0.15813022883604297
2019-10-07,0.9700977463723393,-0.38892812482565137,-0.5142721383789246,0.2695631647632396,-0.35803785240866726,-0.4816427999771467,0.21910755158159484,0.6614212140582867,-0.21363808789452385,-0.15814947835066376
2019-10-08,0.9706720384946425,-0.39952001750473076,-0.5083457711407335,0.2773382429515879,-0.3676513763413418,-0.48086474970467846,0.22945508080837104,0.6605863521279719,-0.22013240792224628,-0.15501727440437824
2019-10-09,0.9709844747552985,-0.40473364085999813,-0.5177466648513295,0.2800410051453377,-0.3754745703724277,-0.4909984055310998,0.2308162165198127,0.6561300657549278,-0.23421486487410204,-0.1662659789706552
2019-10-10,0.9716323447050269,-0.4044319490736853,-0.5181041097062541,0.2788785997492248,-0.38080884834702033,-0.4943362821079956,0.23327019565161328,0.6574295845665447,-0.22335274193232094,-0.16980387922268073
2019-10-11,0.9726122467731942,-0.4267801706460128,-0.5283812196320514,0.2939621324477136,-0.39665196040079054,-0.5057799603698834,0.24628582142076008,0.6739961973918048,-0.21976253519223785,-0.18720430467266766
2019-10-14,0.97242144521918,-0.453182142579456,-0.5327108476062101,0.2982682471949532,-0.4236107048018732,-0.5097941466369889,0.2498943808773024,0.6816366972758576,-0.21766481486762954,-0.19203274663220724
2019-10-15,0.9740361951828702,-0.46017883854352043,-0.5420799503067454,0.28940549537270344,-0.4321054592016286,-0.5225774131470434,0.2409054296150801,0.6864211430099713,-0.21037458859344854,-0.18030122077681762
2019-10-16,0.9740783688327689,-0.4561193322748308,-0.5386444553599509,0.2844605800586954,-0.42939630719302246,-0.5198238830454058,0.2363464045173859,0.6824128170494276,-0.20228691518170347,-0.17582917575932436
2019-10-17,0.9740669174802825,-0.46062675838732947,-0.5431592273479675,0.293310569549805,-0.43535989523056284,-0.5252044152182626,0.2461608644650322,0.6806064606433817,-0.196719816648308,-0.17538388903320792
2019-10-18,0.9737971449839867,-0.46871165184335367,-0.548467093280393,0.2950658224081655,-0.44629886917453426,-0.5325485085042732,0.24922752921587046,0.6784242768367401,-0.196371652347746,-0.17492891309096925
2019-10-21,0.9740226269707705,-0.4748852711145891,-0.5557577312145207,0.2929041168107553,-0.4542476934753483,-0.5421545569874997,0.24679909409873146,0.6808703474506135,-0.19600951231023275,-0.17421500032990758
2019-10-22,0.9733277732772888,-0.47549147917401624,-0.5570616289778737,0.292266775298033,-0.45411194396597737,-0.5449581585400541,0.24393149920855134,0.6844123109557757,-0.2014987049489538,-0.16948573879630122
2019-10-23,0.9732949457342703,-0.47360113023496486,-0.5565275234702397,0.2998251625877141,-0.4524702580347175,-0.5446735074895638,0.25133588240546245,0.684134827009951,-0.20187734616796796,-0.17103953933938965
2019-10-24,0.9696243770140115,-0.512581478163614,-0.5518385107505293,0.30114867581582383,-0.4833308343849701,-0.5401970839414896,0.2542878033178773,0.7128277462984842,-0.20459552517367866,-0.17163919977415582
2019-10-25,0.9706467352083303,-0.505202341822475,-0.5454214826731136,0.28292839204761994,-0.4901777834275254,-0.5462962617730497,0.2525665695936819,0.6871938014455662,-0.10680738537060828,-0.10410982041175523
2019-10-28,0.9716356541239227,-0.5187650626419373,-0.5426461474620734,0.2861875601343081,-0.5151688030495047,-0.5433651872330701,0.2591858364266304,0.7067488073747308,-0.08829722333678773,-0.10243845045381689
2019-10-29,0.9631228979087016,-0.48500780420773776,-0.507088528366035,0.2889876996142035,-0.474412872839723,-0.5061793772377515,0.2608721917005809,0.6913082514743194,-0.07707351622366769,-0.09301977480994082
2019-10-30,0.9626819348692023,-0.5141058012065577,-0.5217216491498599,0.3137658603533104,-0.49529660571647494,-0.511773468440468,0.27894725461802994,0.6877811111083424,-0.0681841697126814,-0.09063464335714462
2019-10-31,0.96322214920132,-0.5282099250117268,-0.5218538273568657,0.31946502784364916,-0.5164212785490343,-0.5061592336226406,0.2896881812367437,0.7142958482427285,-0.04654403834670709,-0.10443004453848993
2019-11-01,0.9612703502504109,-0.5634598139529697,-0.547721273455011,0.3301909986299325,-0.5480291623914086,-0.5282372811831926,0.2958797858497285,0.7134635726015404,-0.0480607800682518,-0.11190182218562202
2019-11-04,0.9608330492441429,-0.5746606781969318,-0.5530962732407971,0.35452156476895297,-0.5610951162302639,-0.5371654673584435,0.3228549101373517,0.7101870045716847,-0.04260592919509255,-0.11621582623375379
2019-11-05,0.9602029497587912,-0.5353577016153428,-0.5203876324106866,0.3657338566852563,-0.5301142373066162,-0.5145808534942083,0.33120283870496425,0.7090692019800494,-0.06003567722631654,-0.13642354758832323
2019-11-06,0.9582473319989429,-0.5298544021016153,-0.523352715217983,0.33236153904264093,-0.5273604358378177,-0.5225564606000276,0.2913500453721065,0.7107043803960291,-0.043818990509819314,-0.1355290517334118
2019-11-07,0.9530953163963803,-0.5362634116968975,-0.4489921485388887,0.2718425308106919,-0.5196973263854334,-0.45391633142314386,0.23325846972719053,0.7305308849849267,-0.02780324472888638,-0.0821236816096591
2019-11-08,0.9545964764879763,-0.541311144482334,-0.4590077729360516,0.2737202249860271,-0.5196829546762507,-0.4550864644560467,0.23300987647349206,0.726693773415109,-0.026573044549077073,-0.07675027269552538
2019-11-11,0.9530583338171394,-0.5348583342363274,-0.4523887511504931,0.27825118227959267,-0.5127635334371791,-0.448166954885126,0.2349599297782504,0.7232571681377028,-0.02341539901780905,-0.07647550716322503
2019-11-12,0.9513213807355576,-0.5176759546583757,-0.4301987110681519,0.26077582910067154,-0.49381879468025125,-0.42443965960610275,0.21541934082295117,0.7151306644339414,-0.0019955784645307338,-0.05533227053185563
2019-11-13,0.9507921545466925,-0.5077314641070922,-0.4153213561876464,0.26044917686948305,-0.48527198485002154,-0.4123882707260682,0.21419752258256733,0.7112678408847684,0.0031774014475411745,-0.04862155857691854
2019-11-14,0.949707449330147,-0.5049355485568272,-0.4037513710416503,0.2638044665622999,-0.48445747042184195,-0.4066491739686929,0.21738166181812107,0.7116641868663378,0.0006574700122125654,-0.05338155707050743
2019-11-15,0.9505031368708863,-0.5066191327642882,-0.40561480481753853,0.2692528493553562,-0.48863824193612265,-0.4131002022504027,0.22055916777955484,0.7115037268817231,-0.0035005169719288663,-0.05759248369428153
2019-11-18,0.9359540591372649,-0.4270030399088418,-0.34230593518687624,0.21201193528560594,-0.4070856605497428,-0.3519366102089505,0.1571529627832063,0.6912103487415121,0.05068546633363518,-0.019093494693080564
2019-11-19,0.9329198617713972,-0.4380803723153699,-0.34162701568474313,0.2209893497172659,-0.4192265989735338,-0.34783399412517313,0.16129698229623998,0.6892515571442556,0.0468820369155258,-0.04073119430329371
2019-11-20,0.9343965692781344,-0.4278341223083344,-0.3379121728820172,0.21615477540146744,-0.415086592487916,-0.35628789970034874,0.1471060309016509,0.6726162757384014,0.030110247631623618,-0.043351322972279914
2019-11-21,0.9377227406621693,-0.4201965397136412,-0.3373937442506537,0.19540595776600564,-0.40770558282401415,-0.35111229556208867,0.13444456121897475,0.6763069652489191,0.022583033311866427,-0.0571703762144596
2019-11-22,0.9338065514053788,-0.4090006274112744,-0.33629682533971594,0.1843143331979284,-0.39574853845710334,-0.3508339599885695,0.12367444338294027,0.6752400822378125,0.03059367260940302,-0.0558450052148151
2019-11-25,0.9351174022709645,-0.4149567909440636,-0.3249796165984411,0.17893279837463283,-0.403361206371569,-0.3360843928945173,0.11301890242412804,0.6700097029876523,0.02625037831749106,-0.05433729617670727
2019-11-26,0.9336843146474215,-0.3901374789416619,-0.32115493769113207,0.16296994787145144,-0.3733415089054835,-0.3347571182723857,0.09146591496385592,0.68728256042145,0.06353070663554622,-0.047877383373362045
2019-11-27,0.9307517323466494,-0.43308649947983574,-0.33696511582659133,0.11417129827079625,-0.41620734626260103,-0.3506707735951329,0.03873874976001789,0.6892607312426148,0.03626501448146297,-0.05625510540270103
2019-11-29,0.9266120404043762,-0.3818107906068917,-0.2868838781861151,0.14312578489191105,-0.35224200504646636,-0.2964276806751501,0.0674850466180722,0.6542800082236229,0.0009148245138710387,-0.0519379085575095
2019-12-02,0.9300141284331914,-0.3784144667184982,-0.23833392331217176,0.134770016224112,-0.3552388565561198,-0.2470033106178015,0.062443748413750444,0.6713398529483234,0.006383089834408596,-0.06024530666785533
2019-12-03,0.9326197618717036,-0.3981889983674157,-0.28267750724172175,0.12761218325394572,-0.377422148277527,-0.2997076653006476,0.06346801380618668,0.6918721981060196,0.02492632314787463,-0.006399089815682994
2019-12-04,0.9329393189188611,-0.4063748277416205,-0.30974455287296665,0.14743352381412933,-0.393904526589215,-0.33356786041507236,0.07352090458325905,0.6782442614006359,0.012542536023614841,-0.04937032877954267
2019-12-05,0.9316399670968561,-0.42903370187679196,-0.3099962960081067,0.17132396418390597,-0.41759467756000596,-0.3337792376482066,0.09693741271562951,0.6834525130451838,0.030804931978717583,-0.05348072374504405
2019-12-06,0.9333458665138775,-0.4512631334791065,-0.3148266319284665,0.1863339022181984,-0.4383520496851649,-0.3382591441113208,0.11166992902565703,0.6926770858015386,0.025232706722904244,-0.06917653630356746
2019-12-09,0.9346869345223298,-0.45979342458596906,-0.3442128403659547,0.1853066220428265,-0.45458071423367674,-0.38553027759871983,0.11000370242324403,0.6881286916129994,0.022106198065277506,-0.08069817547154834
2019-12-10,0.9342756641365159,-0.45513257727698475,-0.3352524465760923,0.32589371583646365,-0.448099255850652,-0.3758975703034696,0.23396434743635086,0.6767543134626569,-0.11956463674280106,-0.2906123329287332
2019-12-11,0.9342798497669068,-0.44679306415439535,-0.3316567325049514,0.35673982993990955,-0.43697217860775106,-0.3707880507713166,0.2669619393886855,0.6813325133083066,-0.11791308951197309,-0.28459596656414066
2019-12-12,0.9340942717776838,-0.45367324805990794,-0.3581962991613826,0.3616159280098897,-0.4463128688144118,-0.3829005445976296,0.2690947403992985,0.686825494177085,-0.13781416909665176,-0.28127361433521714
2019-12-13,0.9336385248316815,-0.45234287266168155,-0.3534432822896812,0.3619106829510658,-0.4431767803312197,-0.37144548099149033,0.27090039175361463,0.6885298464048882,-0.1353098141714082,-0.2658894183069939
2019-12-16,0.9360903636665843,-0.43510375086056374,-0.34911219319887193,0.3693740708261048,-0.4103794115481138,-0.3575184832321608,0.28316021281571013,0.6668055292927788,-0.13916798295630797,-0.27760486398895445
2019-12-17,0.9361184572533743,-0.4349360374540099,-0.34877846719895705,0.3666550843304408,-0.41112728399224124,-0.35718431480146146,0.28084807528843875,0.6711110301555663,-0.13944592620088678,-0.27785604994753127
2019-12-18,0.9349733947254678,-0.42342777665913545,-0.318556647478054,0.3378032306794271,-0.39727930458044425,-0.32037553892092174,0.23640486390411092,0.6592860518032158,-0.11685601613479477,-0.24435054713371435
2019-12-19,0.9361640547881378,-0.41205966751011286,-0.3027704122257325,0.3494995096152117,-0.3594910554385712,-0.29138375225147367,0.25532908922540504,0.6386927291884947,-0.15751658555529696,-0.26926595153475613
2019-12-20,0.9358361263636927,-0.41029320191376206,-0.2945924962305323,0.33914962718654673,-0.3597151549757182,-0.282187238520775,0.24914078069017753,0.6428439039739267,-0.159559605958112,-0.27119026159861137
2019-12-23,0.9396642728692693,-0.4318773429911017,-0.2909610411761276,0.3278042518510601,-0.4014663440131899,-0.2796241670239852,0.228910128381085,0.6497947527431301,-0.17068653785166604,-0.26800290490514855
2019-12-24,0.941388087040683,-0.4315570433665214,-0.296562324309315,0.357333759026216,-0.37801857144543083,-0.29053838925101366,0.27527373807747185,0.7035522834975463,-0.26977305385848016,-0.26218593914856375
2019-12-26,0.9432995396580872,-0.3973318538922676,-0.2874838022274857,0.33770021875586465,-0.3359941683012941,-0.27644970132806834,0.2612117943293047,0.7001733340330426,-0.24293036723648992,-0.253046069981929
2019-12-27,0.935798288223655,-0.3275504548114298,-0.29844930820635945,0.28522808867313193,-0.2679300919552112,-0.27977207268614773,0.2068801557170541,0.7108439864486489,-0.2039747751857244,-0.24868534747352503
2019-12-30,0.9362871877603405,-0.3521084512195786,-0.316992353273202,0.30258044786931154,-0.2946435576262241,-0.3016794485126781,0.2259501472211622,0.7037151657681628,-0.20007460813325978,-0.23933283889407814
2019-12-31,0.9318033932927036,-0.3671281391402252,-0.3769816532860348,0.29351730844542706,-0.30404941742334846,-0.34641470088014603,0.21572366814652208,0.6969232174488851,-0.20291282239990974,-0.23646098761100096
2020-01-02,0.9317906182764769,-0.3663693948004692,-0.34886684859396094,0.2829406899313367,-0.2685364282830954,-0.28493180686128117,0.19842532747030686,0.7015484088235476,-0.21284278086715686,-0.24073032717287254
2020-01-03,0.9307081046380127,-0.3725029008112305,-0.40825650038281197,0.16262454007924024,-0.2732715090285851,-0.3276567390602698,0.08973702368900933,0.7254635917454858,-0.10881540815461538,-0.16415701443632347
2020-01-06,0.9302806959574479,-0.3614646780359436,-0.4047375384231538,0.15176956296889496,-0.251719794436479,-0.3250021738284528,0.07837878999445352,0.6917388582059943,-0.11591559355533869,-0.15667697443721404
2020-01-07,0.9269093898934416,-0.3477335624934082,-0.3721357852012393,0.13913291290857163,-0.2373297509042961,-0.3044474474837498,0.0658020834361519,0.6684636010644568,-0.09280962097683157,-0.12651763645896516
2020-01-08,0.9238615668449915,-0.338313521509069,-0.3482326237150779,0.05663924490863431,-0.2289505580434554,-0.28174126243837255,-0.011869364218151095,0.663769017457366,-0.002151914351383452,-0.0578296004839161
2020-01-09,0.9254290837679231,-0.34858746447946687,-0.32749659705605527,0.018926643126961764,-0.24073910334968213,-0.26653978928990185,-0.04051910100624628,0.6448487361172414,0.031879977708221756,-0.04225409286331986
2020-01-10,0.9218646572008199,-0.3318134033781437,-0.3089815184793304,0.05825270839295142,-0.22025677597739804,-0.24516003012933366,-0.007653048942607362,0.6390344099073855,0.0040381832945947495,-0.07547673105914957
2020-01-13,0.9228121178570502,-0.34398772157382274,-0.3116987113858638,0.0351903134671748,-0.23998700803972792,-0.24857001098016446,-0.03600102272926319,0.6380721171022876,0.0285318536272596,-0.0676474152490437
2020-01-14,0.9235538156596018,-0.3401319932168159,-0.31613909435631177,0.02698852651536328,-0.23352887583074108,-0.2565126137463048,-0.042638593616082,0.6339299260620928,0.0253942855094412,-0.060240202173620236
2020-01-15,0.9208342404175942,-0.34871828994979825,-0.3177920272094615,0.014743120002664607,-0.254659173772279,-0.2681900418684659,-0.05626921237946321,0.6387016535089654,0.01339560690467269,-0.06873863933988723
2020-01-16,0.9208547264616689,-0.33935551127696273,-0.3086406561500651,0.031154583576842115,-0.24621826501598595,-0.2598638324499508,-0.042445903787462255,0.6342351574899222,0.007563209805083899,-0.07511053574012723
2020-01-17,0.9210151695316429,-0.33497719526957004,-0.3017158180433114,0.04616964617418598,-0.24014341401591077,-0.2510155381691997,-0.021612618621147838,0.6236271662573211,0.003698557260113518,-0.08545556347605485
2020-01-21,0.921749889144285,-0.33530389600390254,-0.31536195805836864,0.04771334667252717,-0.23978759153046894,-0.2580899644143758,-0.013538914552503728,0.616249652395026,-0.00520086080163919,-0.10268685426651718
2020-01-22,0.9335401210765526,-0.33752382983978435,-0.3174474931853148,0.05881285434817176,-0.269370992599622,-0.255582755303644,-0.023474090821116116,0.6264536405522455,-0.011219547399674956,-0.11104062521345923
2020-01-23,0.9337177537738177,-0.341855527130746,-0.3133113349627872,0.05574461018976401,-0.2758578886437499,-0.24446678948884956,-0.03633129425052032,0.632071006646507,-0.020357272254450418,-0.12202927744966882
2020-01-24,0.9363565482673821,-0.3430722255455746,-0.3202499039729501,0.1210693232435829,-0.2671984279456474,-0.24437914308630734,0.02832856093054812,0.626273069161358,-0.06765527595984429,-0.16194563288350491
2020-01-27,0.961230025696504,-0.3677918345595754,-0.38128187734398783,0.21321387593381577,-0.3195355428012703,-0.3223603593920476,0.12940842027689514,0.6365893326400492,-0.10115806973417303,-0.20789699205029863
2020-01-28,0.9631088311785017,-0.4071577339827031,-0.41804990826039123,0.2375436596453104,-0.3667911264906655,-0.3641980805879201,0.1598990123217019,0.640881908488942,-0.11656302908835824,-0.20936344029895887
2020-01-29,0.9643570112845322,-0.3997806645688743,-0.41104037690252926,0.23075183937770385,-0.3671594994361835,-0.362845877550141,0.15753593436701896,0.6306743046610694,-0.1004095976769235,-0.1970400435711444
2020-01-30,0.9651639434516854,-0.4095676568395006,-0.4084665336964424,0.1797129082341931,-0.3718523569575255,-0.35900671862284994,0.12087413257886494,0.6319952452230717,-0.10545105065386984,-0.18837618029849834
2020-01-31,0.9628164557299367,-0.41047872157070187,-0.41654197458471043,0.23326719055533285,-0.3814714349805786,-0.37122755991207307,0.165237919523803,0.6370862824839164,-0.1161350711859081,-0.19130891460676416
2020-02-03,0.9598162882995283,-0.47915718565179044,-0.43427261023264757,0.18962994908412562,-0.44655675783513077,-0.3783764951339237,0.09328306574388934,0.6151914227834439,-0.03300027414866817,-0.16151709855963045
2020-02-04,0.9643546584565399,-0.5300942397157402,-0.4732793289675347,0.17250442789874634,-0.5056130310869565,-0.42285871785617163,0.07454964726139154,0.6385633993274353,-0.019065237905437224,-0.14724125149602524
2020-02-05,0.9452608455999532,-0.5371197518725187,-0.5039731202531383,0.20952841343923753,-0.5370627927287622,-0.43305762106793516,0.07575915629433981,0.5803387022631796,0.007942616607949787,-0.1705811590038554
2020-02-06,0.9433777043080455,-0.5339848499073127,-0.5001028594288474,0.20985757763622098,-0.5229068883554235,-0.42246812374271697,0.07782938208924349,0.5785452093539148,0.029708783414848203,-0.16100872952151896
2020-02-07,0.9436370003115125,-0.5429618467000463,-0.5144982276656455,0.21899317147378913,-0.5319081796710121,-0.4345597461240868,0.08599223489867718,0.5765466426679073,0.021052783100199403,-0.17775142986118903
2020-02-10,0.9442135402839733,-0.5349563681057729,-0.5084825681747821,0.20206627828511992,-0.5197506835599173,-0.4255224910363597,0.06661425222973437,0.5761565651643543,0.017306813605114317,-0.1798543740300859
2020-02-11,0.9433223648752569,-0.5319720125110309,-0.5066396589986882,0.20447722744272417,-0.5107484160892979,-0.41813814519488285,0.06647635614396079,0.5784639318131504,0.0025005639323374108,-0.19459221551726302
2020-02-12,0.9452871067263221,-0.534938925516494,-0.5175272981768142,0.22271876305398813,-0.5101847480167929,-0.42199841131462934,0.0929186927279,0.5763751299033749,-0.00775025925042524,-0.2110713282489211
2020-02-13,0.9456444820551957,-0.53191970659607,-0.5191780919204094,0.2083395132997777,-0.5094788899671037,-0.42290983408663646,0.08113098856575585,0.5774947904051876,0.007683592244914987,-0.20681410399159064
2020-02-14,0.9457123572086202,-0.5300997764257207,-0.5179426525733422,0.2075885262043922,-0.5070246991282843,-0.4215466243178464,0.07899206916682504,0.5791422848876724,0.019238645084408614,-0.19967254014875296
2020-02-18,0.9448712430387938,-0.5321424618192607,-0.5217161296995612,0.20342057795587706,-0.4974900263044933,-0.4238795186328391,0.07696123527438677,0.5878734399768989,0.017323685732592426,-0.1771422459811756
2020-02-19,0.9440086776532766,-0.526394733472602,-0.5136547420384245,0.24582853170917543,-0.48776352251084115,-0.40928565728127386,0.1344425107241251,0.5942713064970572,0.04148238685919738,-0.22223161824534937
2020-02-20,0.9420029298340337,-0.548465266708066,-0.5325465608380859,0.2539426332630224,-0.5112045101656324,-0.43508664036272265,0.13577180494180732,0.5888880551009764,0.08530026747221302,-0.19107865663512513
2020-02-21,0.9424820772345032,-0.5804812739639076,-0.5451621822773759,0.26598613998343695,-0.5651724615499918,-0.45188509615823813,0.1529870068571969,0.6001479282129529,0.05341232321379935,-0.19948217175884506
2020-02-24,0.9590363583386962,-0.5506079636768316,-0.568009129500898,0.3793010553117786,-0.5449476576779568,-0.49777760648051317,0.2835754264451056,0.6249315868916928,0.006373220253559767,-0.2513280616824473
2020-02-25,0.959360287514649,-0.2528743771532978,-0.5365994871540801,0.4343814433096343,-0.3156069047023762,-0.48955279741281016,0.34109373134909676,0.5375083730065316,0.09953183993367544,-0.2656561494882222
2020-02-26,0.9535769898416001,-0.24827334695586203,-0.5252413010053283,0.43875515861673314,-0.305002136911653,-0.4892130904650866,0.3318985241116133,0.5257159751410272,0.09079838433123731,-0.24871573988156576
2020-02-27,0.9674085855824041,-0.1824771133523308,-0.5173925390765456,0.5210326154034005,-0.2334474820285957,-0.492277358163575,0.42653942912745213,0.5218066016314238,0.13156193665566435,-0.3102071040696079
2020-02-28,0.9660023377117967,-0.11812143658605083,-0.5427909777388814,0.5244138936459832,-0.18949102553644226,-0.5070618575206483,0.4223304228543886,0.18411430235725013,0.2515373368116393,-0.35702763819677547
2020-03-02,0.9732427286063865,-0.06232455522104298,-0.5447964500898547,0.611558949843428,-0.12570154658224672,-0.5100855336340904,0.5274204364601852,0.13971324849944333,0.25185334971227885,-0.42194969464365967
2020-03-03,0.9760367045808096,-0.18328830386442274,-0.5705482252840652,0.5886388657289733,-0.23761514862887242,-0.5422123211677327,0.5133037378141385,0.2123659204158501,0.24841619383657626,-0.382246523548737
2020-03-04,0.977105611997807,-0.1676256554140977,-0.5925906137051946,0.5410910387003317,-0.22349983547791794,-0.5688719933838124,0.4845753801581986,0.20754759766602734,0.24897620029898965,-0.3750027291794918
2020-03-05,0.9774921674219447,-0.22793192972999404,-0.6307252582986348,0.5534731406558748,-0.27019242035147667,-0.6009336856179751,0.499376913736443,0.266328114212514,0.21437349633802277,-0.3950331725916233
2020-03-06,0.9780859315483993,-0.22251950462528122,-0.5926614514814456,0.537044443841555,-0.26545384710226055,-0.566961305337252,0.4913634933233956,0.20084020110496761,0.19465858185220727,-0.5906143261774801
2020-03-09,0.9793931819309897,-0.17493702301691572,-0.6217168549545559,0.7266953956136332,-0.2252592913516011,-0.6091074727441153,0.6475145813355442,0.19135767757096764,0.10450426239342847,-0.5189187860766188
2020-03-10,0.9819329732465856,-0.2723894345203601,-0.6846377986886848,0.7589278844702985,-0.31535631339577175,-0.6720646108093429,0.6883598411522466,0.32438825757866024,-0.01280951992032978,-0.5916749715619938
2020-03-11,0.982885533914617,-0.23110712938699476,-0.4877924781402343,0.7465897297652098,-0.27933864282604415,-0.5000636615203898,0.6840569029856235,0.32106041938192176,-0.0026602474446046974,-0.5148894813748792
2020-03-12,0.9871470081857631,0.09987644716113786,-0.4343564828562093,0.6987055831496922,0.04755712463787568,-0.4524091868447922,0.6533360800690726,0.25722172307520536,0.06589345688121861,-0.5222596341293838
2020-03-13,0.9892617343234875,-0.06592192837507718,-0.4767488206721116,0.7045109915081398,-0.10453075352228051,-0.4918406288526803,0.6655128237052986,0.31475478537836843,-0.010836218609426546,-0.5422373433768394
2020-03-16,0.9911015999416636,0.007476001202250464,-0.5995675148944642,0.7442881788519565,-0.018734333151915455,-0.6196925148665225,0.7113215711290872,0.2102342604967113,0.03497909420456619,-0.6098714056284237
2020-03-17,0.9895704266410237,0.04155588019008975,-0.6252002915237977,0.6890278377924035,0.025802535540029328,-0.6644225330628529,0.6369908693837592,0.11017010978779364,0.01777969146365565,-0.4666577830897527
2020-03-18,0.9861041599892675,0.08218167511831495,-0.49098133713781894,0.6954404524192939,0.04880597714733536,-0.5673688783979325,0.6208915928314557,0.1828531062354335,0.10683802034738347,-0.2301858686731471
2020-03-19,0.9861348446301652,0.07444004234352765,-0.4799709313078695,0.6660947436376841,0.040463881390731704,-0.5539514848095164,0.5976415870746483,0.14437694651871882,0.03318917289849275,-0.16103646516052533
2020-03-20,0.9863466595906897,0.04711288526833829,-0.497389031170272,0.673858579079034,0.016442468164006695,-0.5593048514665616,0.6062048774114223,0.19406488219560933,0.007466858055210241,-0.20657875978223236
2020-03-23,0.9814799527551565,0.00753902159016493,-0.5020160454246171,0.6707000590289227,0.02061517652710014,-0.543019626367737,0.6062287442820851,0.2602083994615265,0.006079152443431489,-0.20036936301939687
2020-03-24,0.9814161345143136,0.1464596155215831,-0.5098126490528403,0.6532430107906783,0.13375081793089924,-0.5516386769878363,0.6003458933116335,0.18735019863637697,0.03466404981990392,-0.20818018818318001
2020-03-25,0.9772437392634954,0.13557206789835993,-0.510274947724222,0.6551973855941402,0.13508219230533233,-0.5507545432688261,0.5971342436853255,0.18933828205705003,0.02465866666625259,-0.20950582127241962
2020-03-26,0.977908788410954,0.15399156999259975,-0.4951673064847168,0.6197936024017762,0.151648269095442,-0.5387126041593026,0.5694846068587359,0.1899403591571578,0.016599560881236725,-0.20880284423734985
2020-03-27,0.9779440738506671,0.15923411050285738,-0.5011629927085267,0.6242023157559957,0.15803719606034042,-0.5463677734173109,0.5762528515388612,0.18058819167672238,0.02489621180496673,-0.2211737136533488
2020-03-30,0.9784477934142245,0.15940369466889784,-0.5074571701137714,0.6054419222582266,0.15736289462940092,-0.5537301949627732,0.5567777463133532,0.17634261996992123,0.020402591715199925,-0.2167586399031827
2020-03-31,0.9783724122541323,0.1671444743561341,-0.5035974866531894,0.6081692728213914,0.16163916277510137,-0.5506338478421965,0.5615318556782878,0.18073336965089307,0.0006447321617565201,-0.22686767527828205
2020-04-01,0.978836735548095,0.15134553176277352,-0.505430354799702,0.5764286840602758,0.14609657559003078,-0.5519087948048632,0.5315268680236271,0.18947052319510374,0.00713640843169935,-0.21554472212334233
2020-04-02,0.978879910633053,0.16205745913125147,-0.5015895552436258,0.5718045530323815,0.15484984387281647,-0.5488204821220463,0.5248526477026432,0.19165408835939393,0.05155192681969314,-0.19497723639943915
2020-04-03,0.9788781655025222,0.16322758945911953,-0.5001499346363533,0.5346207712295246,0.15594928038203815,-0.547252488951275,0.4885106035885285,0.18827333821788003,0.057413200569368945,-0.19036831140760968
2020-04-06,0.9800946087640698,0.2085830161657202,-0.49364752382306,0.4872699830139676,0.2028406642654837,-0.5386588650173904,0.441189746714312,0.1768353160403651,0.03081889227331118,-0.1849451408650269
2020-04-07,0.9800500416903059,0.20756930937647594,-0.49359893641432906,0.48229395514376533,0.20258873559755403,-0.5375895063358066,0.43785357311979917,0.1790825942969753,0.03596267677618311,-0.17496790490719716
2020-04-08,0.9791755280369541,0.19814432743538793,-0.49553611574075335,0.49118598027967486,0.19878284434643084,-0.5388953027484581,0.44371649568497146,0.18103875346021894,0.024937090472243118,-0.1809684610768848
2020-04-09,0.977955221649003,0.2061583602048872,-0.49507716703156635,0.48000576532731487,0.19689335377660133,-0.538881956442468,0.4402244691713571,0.1765015638486871,0.0025442440799528605,-0.1795867948701114
2020-04-13,0.9759467851195025,0.2014199809004598,-0.4928804844120013,0.47953982874200624,0.20029114037620316,-0.5402761242779464,0.4401736380965807,0.16611771764167554,0.003229082559439315,-0.18012941225390092
2020-04-14,0.9755054886681778,0.20643236179738425,-0.49105030944427613,0.46591338244385777,0.2061502371349786,-0.5360581376531302,0.42146394373150703,0.1643985646751387,0.0007029208880720607,-0.1770484388215984
2020-04-15,0.9751595274279717,0.20919155348919913,-0.494129793091879,0.4678097804705395,0.20769065272795892,-0.5359254259421034,0.4222878475600435,0.1564340561607578,0.004087943156029799,-0.1814927863437068
2020-04-16,0.9744721054218257,0.20857914287763885,-0.49283060492095637,0.46773365892449037,0.20594800144389197,-0.5319076772577278,0.4215862725581536,0.15568646633080674,0.004122215193115784,-0.1821115064813342
2020-04-17,0.9724731216997288,0.1885552634502739,-0.4975262789642653,0.4620680320380259,0.19751857113900984,-0.5325930575088945,0.42027380888090277,0.16794680829541164,0.009333065889651364,-0.17816625821657772
2020-04-20,0.9724260399844801,0.1857028090871803,-0.4984893716784841,0.46339766524820286,0.19540077711528295,-0.5334978402220817,0.4200531303270339,0.1688112345281107,0.0011369717843649724,-0.17999017811028814
2020-04-21,0.9723512794413984,0.19135772161234374,-0.5001902992188108,0.45587485275696754,0.20232237584200663,-0.5347404541498938,0.4286777688491981,0.16426631522124277,0.028711966321484227,-0.18397993458704484
2020-04-22,0.9725663335441482,0.20281490798593216,-0.5017646592512256,0.4372533185151654,0.21703289156678315,-0.5358163139698462,0.4073384095050054,0.14975504882735885,0.008204631039930547,-0.17075560787069222
2020-04-23,0.9724661579122328,0.2072798266093317,-0.5003622664991768,0.43348218077809036,0.22160928863432766,-0.5343561477221037,0.4016846993515616,0.1462942762334847,0.020988193699773446,-0.16479138544892516
2020-04-24,0.9725522335316567,0.20419234618054036,-0.5003295761452481,0.43259867964064896,0.21842264698296782,-0.5343947906541097,0.4007792829916117,0.14536365722449945,0.020397724225363813,-0.16594787234019973
2020-04-27,0.9722404840900017,0.20024229906051053,-0.5025516480815554,0.4095391570723979,0.21629735189572144,-0.5337839548115741,0.3848809239588378,0.15123370145165152,0.03350710699363437,-0.13544185965705788
2020-04-28,0.9707766311596854,0.20274363493262232,-0.5014855883117769,0.4106383116031757,0.22062347112712594,-0.5343515800881319,0.38517032936611917,0.147740436002468,0.033264463312746295,-0.13572247902766
2020-04-29,0.9709563980525382,0.20705219758500376,-0.5025547267295908,0.41800166186496246,0.22653586701843176,-0.5349827287308091,0.3955953605566187,0.14537421242210163,0.036527075111394795,-0.14013302033994415
2020-04-30,0.9707062030094351,0.21642162947738203,-0.4965805015167555,0.4096868756976028,0.23461666035658543,-0.5302041297044227,0.3909153591172754,0.14673006156345636,0.019475756143265764,-0.1467120946155838
2020-05-01,0.9713812585599897,0.2128257029717595,-0.4956942352966253,0.404789018078249,0.2301170819113956,-0.5310858763959537,0.38763815553135705,0.14803022668198865,0.020253728487505954,-0.1410622879227133
2020-05-04,0.971167967451926,0.2125826244113819,-0.4962546824926223,0.40398057850075453,0.2297995293173505,-0.5325168058242817,0.3887589921618522,0.14703131425862104,0.020479124320756718,-0.1450425107903318
2020-05-05,0.9712120858683537,0.21332254241764678,-0.497438376524718,0.4045603444862134,0.23056059011567545,-0.5336420599305757,0.3898423645469003,0.14548798137481336,0.023772598534747027,-0.15216703656689812
2020-05-06,0.9705000028957372,0.21343584022929135,-0.49376727025112677,0.40452564343002323,0.22644069217126073,-0.5337766956447756,0.3892809516480786,0.15471752806876063,0.024882566962251964,-0.1501498593917116
2020-05-07,0.9706190200573224,0.21782459210841737,-0.4877262376530221,0.40421238617818234,0.23000659320235078,-0.5283482044857956,0.3894990489217268,0.16032059981445532,0.027301522642220355,-0.1474883245937012
2020-05-08,0.9705739232446124,0.21412117187345237,-0.48976044913005434,0.40702173797095,0.22745596081628927,-0.5292477487841759,0.39066094013302444,0.16366936165136198,0.022416884347350844,-0.15260065363222508
2020-05-11,0.9703377973420858,0.21328029955209155,-0.48953329758983843,0.4072552917805516,0.22538548247863413,-0.5299246485198001,0.3912945887030328,0.16604714519149538,0.02027444427591998,-0.15362114579051217
2020-05-12,0.9704172398448091,0.21142536372585588,-0.49103653265857117,0.4050067663281558,0.22323799973458827,-0.5313752776233981,0.38872201609681445,0.16651976090182347,0.019576044760624918,-0.1533274644819352
2020-05-13,0.9704132163082345,0.20826877114216114,-0.4917142217926216,0.40423630449518233,0.2206206004332956,-0.5320824079659462,0.388142080027398,0.16627102425881243,0.017006751764678175,-0.1541011599886009
2020-05-14,0.9704623840349252,0.20981425861996478,-0.48859777636899354,0.4059957346900192,0.22147518120506957,-0.529460977840998,0.388720127730458,0.16872860658023478,0.02023312661247568,-0.14872343907732782
2020-05-15,0.9707387234844068,0.21060245103714267,-0.4890053945586924,0.4070027726625233,0.22284980628919723,-0.5293742738428318,0.39113223232877237,0.16717747628520363,0.022457154618839577,-0.1523110900346868
2020-05-18,0.970543228762682,0.20596700899655768,-0.4955270054444756,0.4173315730756833,0.22608941393971763,-0.5310376572175713,0.3974137025326383,0.1707299462186937,0.010091300227912237,-0.17051074136773714
2020-05-19,0.9702478553513736,0.21165397193736324,-0.49209085020831955,0.41542000617117314,0.23551836026064685,-0.5276563645898534,0.3969098342961412,0.16752581702512526,0.01431683975815076,-0.16854451982111007
2020-05-20,0.9700799738122311,0.2006845221237042,-0.491171711802643,0.41867660531910594,0.22532596779101627,-0.5266015352196634,0.40029242421788613,0.17236062475374542,0.012714464624362685,-0.16692401199708115
2020-05-21,0.9701812733173611,0.20199937893747671,-0.4918816976350722,0.41430653896046765,0.2281260874342852,-0.526273274142089,0.3937991537988344,0.17161523718860264,0.0005326777552907821,-0.16569769206034887
2020-05-22,0.9696574235710674,0.20372287623271892,-0.4903217541210683,0.41381716117758954,0.23094643931934553,-0.5261576162480525,0.39391338021756245,0.17283178251738154,-0.0008275584400311407,-0.1649423816273635
2020-05-26,0.9681214764913294,0.20165628356040408,-0.4931970284519259,0.4144071123683559,0.24023341308670845,-0.5261980130072265,0.3931689592319497,0.2236193704054701,-0.012032071444762921,-0.16531695471319693
2020-05-27,0.966970506467781,0.19904857951028032,-0.49242606360192537,0.40502157827370233,0.23826426323580713,-0.5267312686927004,0.3833896990454941,0.2253614580711334,-0.015468360588269364,-0.16156270066399542
2020-05-28,0.9667349067268095,0.22978353699424728,-0.4881925647005254,0.4092431975326341,0.2751653655147418,-0.5222958384551241,0.3886298445824762,0.21296422708783685,-0.02121352996588498,-0.16467441513493117
2020-05-29,0.9656377988235847,0.23162022614202493,-0.4843116116299987,0.41005780873851494,0.27860469493722056,-0.5172109872570445,0.3912168267049727,0.21518483105145136,-0.017211665309495867,-0.16026130481636547
2020-06-01,0.9651409995557984,0.2567302587832892,-0.47647924674287284,0.4118157962744608,0.30365575242720816,-0.5098157408806694,0.39235141169673216,0.19659827742029917,-0.014090635182905945,-0.16178537740529492
2020-06-02,0.9649873255063847,0.25500072168617804,-0.4796910222673414,0.4090308125013041,0.30270899919115407,-0.5125260109969768,0.3881066233158458,0.2059221917029698,-0.018566075744174754,-0.13609992751141664
2020-06-03,0.9617484733671209,0.2598158623886591,-0.4608882962023199,0.3306119608921558,0.31230746868046844,-0.49369432381152517,0.31563476062692164,0.21493432839067309,-0.019265009011449154,-0.07992239243253506
2020-06-04,0.96027428693392,0.29816117525324504,-0.4310314545595807,0.30554325382254444,0.3518881315818108,-0.462371193708653,0.28802921401829307,0.1653190433862859,0.018622394556787047,-0.02719221437831506
2020-06-05,0.9589108139992385,0.2770727583988352,-0.4976811785508343,0.30785896022478326,0.33518458312572486,-0.5249582878257636,0.28813007010174685,0.16669100697131714,-0.0006175511629013551,-0.043965703151871226
2020-06-08,0.9514709317019459,0.16991450119341212,-0.5246043528294628,0.3001068652514448,0.23839149579313806,-0.5525316023842045,0.27849735451575686,0.19163459136963545,-0.030783038767420366,-0.04126575065086495
2020-06-09,0.9441769117245177,0.28076847442588065,-0.5124978339602663,0.27559132457966007,0.35773180087658374,-0.538419264326561,0.25444559613642576,0.16410302745501382,0.005042267366976271,-0.022583606461784693
2020-06-10,0.9194424400867562,0.2503996355594881,-0.39637697914062797,0.19076388743837785,0.3572821194270911,-0.411633988945402,0.15896552672547173,0.23850556454621372,-0.020378797657726426,0.07225536858581742
2020-06-11,0.9264588194476229,0.24786804169531912,-0.3508522469964731,0.2437906918124493,0.35432694714849056,-0.3196228989588643,0.22892807741762441,0.3075982630635703,-0.002186273706623264,0.020337963995139898
2020-06-12,0.9257635128675399,0.204480197975599,-0.5542046543934829,0.17016191508297226,0.32853342941468255,-0.46244833523508805,0.17965457787128067,0.24970284639148446,-0.07112975014247401,-0.1477450673157963
2020-06-15,0.9258936577378948,0.2051200978793901,-0.5646124080762346,0.1797752665907808,0.3340231976961309,-0.47421741759748776,0.18588126707164454,0.3030122385608047,-0.024771968252586537,-0.21273392500308244
2020-06-16,0.921183147391943,0.2402247798003951,-0.5387454903019188,0.15309452164559256,0.3741442344051974,-0.4222676894366946,0.15909782042684992,0.29790015827760224,-0.01011919462974783,-0.16551663969979266
2020-06-17,0.9292343713105626,0.332914152737399,-0.5255477581666006,0.15375641991776282,0.4167996065288847,-0.4541047749968389,0.15900416315169882,0.1605535583539644,-0.005984480813867086,-0.1781636928936681
2020-06-18,0.9156395832183597,0.16249792741403069,-0.48949927957387684,0.14510182878088462,0.2881704957238612,-0.40896603895450717,0.1504959489675446,0.2932484084642078,-0.034766670840585656,-0.16289497423063018
2020-06-19,0.9251837928614702,0.1684795121698847,-0.48861197612857754,0.13992166793712707,0.2748052861698195,-0.4124982758615262,0.15368460189454058,0.2920912645512299,-0.022799876348379416,-0.16136167202259794
2020-06-22,0.9175988822427965,0.13577361866314694,-0.5372856317375457,0.17898829552777443,0.25198097924584273,-0.4494648445080894,0.19025226483750415,0.28700139045654566,-0.0081287760870448,-0.1567800325239137
2020-06-23,0.9136164276261058,0.12016665971943363,-0.5054063257397259,0.15370758170926394,0.23915057671851894,-0.4014949119687826,0.16051787274994103,0.3254550904558009,-0.021692794397185466,-0.11796761222966472
2020-06-24,0.9130315628088532,0.1242507948384351,-0.5106911307074063,0.19086613838236496,0.24322078719317222,-0.40569982316041814,0.1996011880116083,0.31909854005793964,-0.012972916092339198,-0.1405344778324903
2020-06-25,0.9126207737179537,0.08469628176529856,-0.5255379169157242,0.194182870626768,0.22700719809695005,-0.4160454676246727,0.20169144750204196,0.30423588923559186,-0.016677181774651273,-0.13907535768892684
2020-06-26,0.9057968049986824,0.11394616453743477,-0.5149338939324409,0.23705990852491182,0.26154570537204586,-0.4012144525023286,0.24505262365429936,0.29513931160557694,-0.025772124889880548,-0.15995064350649868
2020-06-29,0.9044876499684605,0.09069804951203773,-0.5335451970018082,0.21233419260269154,0.24628245807481305,-0.41524292799933904,0.22576956956500557,0.2861407033886448,-0.08836798809334846,-0.19814251609966027
2020-06-30,0.9028173473349232,0.09891998840496428,-0.5353952457191173,0.26513226304783416,0.2568985195203396,-0.41765672263146075,0.2824621166230596,0.28234734321104643,-0.10678991824576456,-0.21935980607596453
2020-07-01,0.8794359275525302,-0.05114654437467171,-0.5798126745614038,0.36504539304035977,0.12099011288382158,-0.45657509934629215,0.39709920808112054,0.30929532884049954,-0.06730492357050907,-0.22622994776014255
2020-07-02,0.8796664748041134,-0.05216609870419913,-0.5859783229918875,0.3675449135941952,0.11864520861637928,-0.4650188306728902,0.3967317647410824,0.3020170061994396,-0.08020544538873946,-0.24885441173412176
2020-07-06,0.8805161666406807,-0.01474403586972777,-0.5845424387322017,0.3506758267585476,0.14769989952184193,-0.4603544920658737,0.3854785356391177,0.2894039745693794,-0.061490900563152644,-0.2410747748861589
2020-07-07,0.8883795976633891,-0.05788825155193517,-0.5955333050521459,0.370489103862493,0.1567423975906435,-0.46670512803291164,0.3852359533207589,0.3055786327473519,-0.011618149890646658,-0.2364565971970564
2020-07-08,0.8978928226616989,-0.03528812734425632,-0.6134866157913542,0.3721412519408381,0.1534500807147736,-0.466259213675632,0.388027989206714,0.338144675816663,-0.006180280879197354,-0.2410243235029268
2020-07-09,0.8906739840239442,-0.055378113649385885,-0.6255328448770952,0.4104185993426459,0.12652218351044572,-0.4711938989817851,0.4455285500199549,0.32384908453586053,0.008191602297820687,-0.24803688460278345
2020-07-10,0.8891840357944792,-0.07606747578053318,-0.6091187667554042,0.4022506359243327,0.11557023280451041,-0.45856756074526317,0.438735198971791,0.374897383614622,-0.003530161130942768,-0.23055051065310067
2020-07-13,0.8894719186713139,-0.07592578039137302,-0.620599992179758,0.40430437280002374,0.11549184356372845,-0.4850479887459181,0.44311737210533625,0.38288557716665,-0.004444261191331228,-0.23018337373135717
2020-07-14,0.897252519745555,-0.011154672367702434,-0.6021917811704325,0.4299584081102885,0.13943425948260185,-0.48304085841495564,0.44933592885858586,0.3515567566318759,-0.025429935117361722,-0.24657585905120136
2020-07-15,0.8934519421768223,0.003753846129887763,-0.5972939332861764,0.40782322589006825,0.15297616557160365,-0.474206730797842,0.4339858022465009,0.34460348943714886,-0.0020207219199202884,-0.22897666257831603
2020-07-16,0.8841784505850265,-0.023114149041353633,-0.5817700526757613,0.30967906456758143,0.13206905546325415,-0.45168228527422394,0.288753577903785,0.357187676518975,-0.11107025047926267,-0.1548709430996619
2020-07-17,0.8809050018201441,-0.07436574642034849,-0.5720391944636865,0.4080919745563787,0.0689662487602083,-0.4350598036124054,0.41501932192110097,0.4112606379666874,-0.007952029304991082,-0.22396032437800606
2020-07-20,0.869747747944963,-0.06846381746625196,-0.5692042910446088,0.4151893008622839,0.08956449907879774,-0.41409713820644506,0.4147898370740466,0.4069054599889136,-0.0318198333121802,-0.23967001546468442
2020-07-21,0.8617003545037185,-0.060253649467824244,-0.5761437757828574,0.4307565653166275,0.07469716788839591,-0.4187282987616368,0.42148245179916094,0.40733685643667206,-0.0319759750744886,-0.23629382378731525
2020-07-22,0.8626384353137616,-0.039984018171886786,-0.5690206165571978,0.6091324822286832,0.07852805782288497,-0.4226890907708595,0.548102866546174,0.3913780542195305,-0.13263579868670447,-0.4949267584393996
2020-07-23,0.8655204542420654,-0.05946884137042212,-0.5763377744594216,0.6122128694850612,0.029142661931595964,-0.4274439321145308,0.5363397565155251,0.4242753337651227,-0.15822047330930583,-0.4877289360067445
2020-07-24,0.8597494288636028,-0.08153584486271917,-0.5730562785099719,0.5955561408548488,0.0004437255775624539,-0.42115325444423257,0.5109256301286491,0.42818422020093316,-0.17655199311550915,-0.4832165603143945
2020-07-27,0.8594039809060688,-0.10088470975828205,-0.6035452788075236,0.6389441958237253,0.02850837402927098,-0.43591597820573613,0.5284966208780305,0.36799252950262196,-0.10602388539690734,-0.46220834613660994
2020-07-28,0.8479992652054369,-0.09507453024167176,-0.6000451518614673,0.6416371177076591,0.03320269253990484,-0.42976330793367024,0.5308723132231137,0.3698171186799136,-0.10851888869280955,-0.46084209863346337
2020-07-29,0.8512522660994408,-0.0870390236258638,-0.6012032555806958,0.6464887301670832,0.0378795379088746,-0.42727366380992915,0.5252443629249387,0.36849700534700885,-0.11227698003260622,-0.4560491587754215
2020-07-30,0.8480624806901212,-0.07992949224647385,-0.6005480246556274,0.6746429322067374,0.03234903472490652,-0.41940286848751923,0.5308909512914479,0.3543652189287778,-0.1109248357837164,-0.46061599909167006
2020-07-31,0.851972049186266,-0.09698421297930397,-0.644195524804427,0.671679451069295,0.05361289905889057,-0.42474525518222706,0.5396948011853135,0.3102543631186889,-0.15963241136075954,-0.5301229888066638
2020-08-03,0.85027814521197,-0.11889910427814164,-0.6898143708023413,0.6905475877770317,0.03454324075943338,-0.466047292864863,0.5557438945164433,0.2759152348023864,-0.13942434827132658,-0.5194337683517882
2020-08-04,0.8488814498585527,-0.09344425388667106,-0.6739934202896655,0.6836226264066694,0.04791668361850565,-0.4528909985387279,0.5498896963837532,0.2817507744771154,-0.09531193005759508,-0.4846405199704132
2020-08-05,0.8504420095996792,-0.09271945649689034,-0.6804745370210897,0.6859862808893914,0.0555325178545009,-0.4443593491665637,0.5582674238798685,0.24822548716100504,-0.1061173691347177,-0.5067765031863728
2020-08-06,0.8422910053595095,-0.08470431818732194,-0.6657994583641814,0.6841234266277992,0.07346778217260383,-0.41595526531307037,0.5497118862297644,0.25737479739815083,-0.1103254965303792,-0.5031999370270575
2020-08-07,0.8321732348214342,-0.057461899387808144,-0.6553417658977853,0.6771185894765063,0.12707992203019167,-0.383540083500451,0.5462557676373359,0.2705639678976884,-0.06930135088281521,-0.481399586228857
2020-08-10,0.8287813400933249,-0.06600670765098884,-0.6768651006918605,0.6745381099662398,0.1269939650553718,-0.3921560575146812,0.5398062682922721,0.2661758956960861,-0.08927151229557549,-0.52238849510587
2020-08-11,0.8284368940976018,0.019757660768716587,-0.6397888930316017,0.6875743490786865,0.22824647677468662,-0.3361976964409987,0.5491472536382784,0.32467876176316385,-0.019418489347891442,-0.4959936652617542
2020-08-12,0.8296209114190656,0.04151909630880269,-0.6105900082047726,0.6611034186085079,0.22711658919828698,-0.32928606523591675,0.5528123464134929,0.3159575006039875,0.018117642738228162,-0.4205604918478041
2020-08-13,0.8305828436402748,0.04186664708124154,-0.5910849336509343,0.668733552987304,0.2244675766583042,-0.32072269981204593,0.553641635713528,0.255621497712626,0.0041548167847763485,-0.4050510813776326
2020-08-14,0.826624924197062,0.0428400264487327,-0.6029055891726879,0.6597924706733013,0.2281120135129776,-0.32938389035476917,0.5407426933464246,0.25882625242808777,0.00519398988445529,-0.4196055274844439
2020-08-17,0.8229589569209202,0.027184779563392273,-0.6012773283240845,0.7154550980262585,0.22129312372574236,-0.3223216245251896,0.6068497477632664,0.2737594300106623,0.07316272568874085,-0.4439499683352062
2020-08-18,0.8213646203366939,0.02717436360464902,-0.5998636394413844,0.7391873528557544,0.2247541184187598,-0.3143319467582024,0.6243525183808556,0.2773460200144174,0.08228936506257617,-0.4380307786530583
2020-08-19,0.8337706406370702,0.06795165538311194,-0.5829619186508423,0.7416850041389204,0.23660623107482445,-0.32223355892830524,0.6233861144319433,0.267256930125008,0.08108717026838101,-0.44515041323806803
2020-08-20,0.8357637852102362,0.06952492793068596,-0.5761134949568446,0.7861973577406928,0.24017968362362344,-0.3025687596076002,0.6299123949023245,0.27134685924751967,0.07920876255519223,-0.46179453246244934
2020-08-21,0.8354694936486399,0.06793125375818942,-0.5763889363436686,0.7811701815280392,0.23607661080125777,-0.3018995628617051,0.6237440650591722,0.2605684001351111,0.08844093447161619,-0.4683797361512624
2020-08-24,0.8365963086597907,0.059529738067481616,-0.5833826144202304,0.7906344501472184,0.22890941117241015,-0.31774242465359526,0.618796101754935,0.25793210144817225,0.07722841019269976,-0.5036619350272024
2020-08-25,0.8366412002073907,0.05886335689228684,-0.5819082004757329,0.788351187757407,0.22866965663995545,-0.3227639957591383,0.6209271902921887,0.26168841825502065,0.07442552490276884,-0.5069747663356458
2020-08-26,0.8363516696290397,0.0728161588637072,-0.5824388575008774,0.7884269483087623,0.24458441052231925,-0.3276516669644509,0.6165193290521781,0.2487567377792178,0.09138045490802359,-0.5028987964587422
2020-08-27,0.8395331341567104,0.09978102243120689,-0.5517167841186585,0.7920766166715788,0.2580285139775385,-0.3026927298641591,0.6182108668383353,0.24068555103778463,0.10211349926224421,-0.47420427105079505
2020-08-28,0.8394192112671675,0.11053971651676839,-0.5815660318520913,0.798559863271966,0.26768149985967266,-0.33815993401355127,0.6310890689609979,0.26452916915630914,0.09428296663332182,-0.470049180692279
2020-08-31,0.8331273161195781,0.1802008213560241,-0.5742173958730022,0.7838309231840858,0.31523448195309267,-0.3191208952706867,0.6198248792694819,0.241553436874229,0.18453076688916323,-0.4579584846988747
2020-09-01,0.8359110270614711,0.17003758009695624,-0.5584824653468354,0.8083155663121115,0.3089811233999679,-0.2924632268573521,0.6259803394684922,0.23197117913723422,0.19865676118669937,-0.44878195686348726
2020-09-02,0.8421310041247535,0.1526012362242534,-0.5211831715961283,0.7664415342935963,0.2940717289178288,-0.29164849529332615,0.6049670901242947,0.19337939548264008,0.22284660869896278,-0.470576236285673
2020-09-03,0.8752734893622545,0.19186672606730001,-0.49469846134592105,0.7334827707733437,0.3023438762162036,-0.301756462849928,0.5653164831986682,0.16392020059831264,0.22963438507807338,-0.48422242293264506
2020-09-04,0.8558527705646264,0.16680097963637883,-0.333813624142798,0.6083736987215453,0.2864474781454074,-0.12790939596290704,0.4514848913545979,0.1906027493655196,0.19799383379871843,-0.24775584173691526
2020-09-08,0.8772096266107562,0.17185084462388694,-0.3338365256112703,0.6716988706883841,0.2761308527099194,-0.15403201011160328,0.5588468140873795,0.18715395527386877,0.1945084974446071,-0.2674120895151002
2020-09-09,0.8820157663068815,0.18931604721405512,-0.33822254725076534,0.6795542490939245,0.2906750704487183,-0.161786464664284,0.5705522970460596,0.18264442862246874,0.21285826830635063,-0.27523861209544653
2020-09-10,0.8865239050511771,0.20636899935450265,-0.30942972303771593,0.6787119190431297,0.30075601653618184,-0.14785489037774316,0.574856684203536,0.17678295116926968,0.2263849736805863,-0.2509959098797557
2020-09-11,0.8873513221454281,0.20688287702460892,-0.3066905633781348,0.6749686598464744,0.30145609770759485,-0.15048807497910135,0.5706021898987503,0.17643471035126973,0.2252601129965786,-0.2440331511340944
2020-09-14,0.8892887849552372,0.212821496453803,-0.30783167283244645,0.6754298156588062,0.306770107493369,-0.1539737836079625,0.5694771108605261,0.186420012632979,0.2331572503875833,-0.28044002182807176
2020-09-15,0.8902910218448145,0.2204544950141275,-0.30951074384260185,0.685985976789826,0.30385022166750586,-0.15753735309549008,0.5787533517782155,0.1881775152639647,0.21630409444472673,-0.28625474500818243
2020-09-16,0.8883219228140411,0.21709736009852912,-0.3050476181694901,0.6381932269413798,0.29669167627613224,-0.14788329944169387,0.5036988068322222,0.18754491948567983,0.20496701991836694,-0.2947826380561572
2020-09-17,0.8898847698728871,0.22204411018216136,-0.3063242995660533,0.617820820072967,0.3008201583703868,-0.14767265677701585,0.4832622651352611,0.19409755294202605,0.19851475965218748,-0.29678417367272797
2020-09-18,0.894907527096507,0.2140706458909086,-0.2509893336860726,0.5680972916398348,0.2947785233035987,-0.11085918069543384,0.45985074908546364,0.20823796292440463,0.19211171733811966,-0.2454527967564666
2020-09-21,0.8838664937956728,0.2443186714214056,-0.26846034435204663,0.5729709563641355,0.2874342524306058,-0.11328195998113072,0.44592059118507354,0.18289686264350316,0.23598645560634968,-0.27094253862237866
2020-09-22,0.8833364046357508,0.25859812899995027,-0.2238250113240971,0.5509090532355481,0.28885417779069944,-0.07841246898291841,0.41967478415018494,0.18055617233813895,0.24588829356099837,-0.2475603108890877
2020-09-23,0.8936046649369322,0.314093302591783,-0.21468493237408234,0.5198034718633725,0.33147283541971334,-0.07838236056523835,0.4115923047873886,0.16986455112886553,0.2565865804578558,-0.24162118133307123
2020-09-24,0.8914586702076815,0.3126792782879459,-0.20224628079827459,0.5328735725545711,0.3303120178148333,-0.06423600813664009,0.42435680074183324,0.17572361802087347,0.2608512680377613,-0.2371023904934436
2020-09-25,0.8940758990544863,0.3055519733378394,-0.1972130298126267,0.5130522968182157,0.3250030716682255,-0.060981055688739697,0.40748145616692216,0.17398267901062697,0.2672687770849714,-0.23454886939591366
2020-09-28,0.8961002401467303,0.3157953808666859,-0.20513692663964178,0.5169312461622952,0.33337948470917306,-0.06923797287412427,0.41304967662409436,0.1675705038400243,0.2735794955897312,-0.24146568488997547
2020-09-29,0.8927599915079213,0.3044091159454777,-0.19563449881111267,0.516848188819776,0.3253877757943764,-0.05691450312983072,0.40739110448219057,0.17325266889298307,0.24242716969625788,-0.2345911719963108
2020-09-30,0.8941592812358876,0.30808873864002106,-0.178247518269006,0.5212611378732002,0.32582858046812524,-0.049258111143811005,0.40744295020588966,0.1745934752499439,0.2305525882840544,-0.2547742788414124
2020-10-01,0.893209878888816,0.3087858439143371,-0.17073929683094652,0.493659541690943,0.3286863594881185,-0.03869075521562656,0.36956367870094253,0.181435849286482,0.20541120857994188,-0.25076566307449555
2020-10-02,0.9012189277914279,0.3066999351302061,-0.1421991671767484,0.5009356139690334,0.32687100728582935,-0.041642813815049334,0.4266527623016798,0.20298029063496062,0.19860369217550447,-0.1771648597181251
2020-10-05,0.9045932174595808,0.31409528989328755,-0.19356427272717316,0.5218579603696869,0.33094155507564244,-0.08963902921163296,0.44633289464831283,0.17266458399598622,0.20595793411909635,-0.28223448469175816
2020-10-06,0.9054294933013995,0.3321273614959604,-0.20298359128152899,0.4831766279530485,0.34804221299301563,-0.09362901115953064,0.41321624112573024,0.1561681614010243,0.1911422192255063,-0.2605381256135178
2020-10-07,0.9087736719910239,0.32187535310883364,-0.22884142020329964,0.46892135061393453,0.34298780261510375,-0.10897016134194401,0.40847079461897645,0.15509685240353505,0.1885468899217056,-0.26335096883429293
2020-10-08,0.9108753056431129,0.3242532015339908,-0.21096001915390486,0.4709298648627018,0.3435511630809512,-0.10467470851135002,0.40872069264573724,0.157812876707455,0.19120734106100717,-0.233643351647293
2020-10-09,0.9113551437680464,0.33010361257096904,-0.20535853708023855,0.4571434635520885,0.350199042651436,-0.09784667823998516,0.39362327620142656,0.1688547344782199,0.16902970181742388,-0.23176796864595386
2020-10-12,0.9139252507465859,0.3182664150644101,-0.18970120728089368,0.4235729608962472,0.3353675602597026,-0.08095887990614362,0.35284077777650963,0.16795110539578734,0.17383577861709143,-0.2390882000584159
2020-10-13,0.9160452443325628,0.3259714906019848,-0.20517095013006284,0.4121871396167404,0.33203665559355233,-0.09444369900874186,0.35511577992688864,0.13922558244906122,0.15579153500184287,-0.22357679823367815
2020-10-14,0.9211638373392842,0.3234076095110739,-0.20882563567485804,0.39972415043978,0.34270049116741846,-0.09647365967276172,0.35937709119276645,0.13893052009798887,0.1450318348538937,-0.22035167307720832
2020-10-15,0.921365239283952,0.31846789222718536,-0.21217049639316637,0.39981095535534156,0.3414633397325599,-0.09599969739593321,0.3589759357004616,0.13046254313429984,0.14494989592685117,-0.22122085762472765
2020-10-16,0.9199171136815126,0.3370456827634001,-0.18350090313344286,0.39507171209560205,0.3698684065010585,-0.04879854727781812,0.35445418469961615,0.11584490800981272,0.15333138142985062,-0.20894864395579546
2020-10-19,0.9200910327007734,0.340025633807962,-0.1686463027523843,0.39511160338222984,0.37565008090962154,-0.03949859394320834,0.35668797808131647,0.11460830937418989,0.15291888862400643,-0.2072404371715034
2020-10-20,0.9201783246553055,0.33446921934350055,-0.16864770367260207,0.3935141541286726,0.36125446406468126,-0.03354956526711891,0.3507976997071148,0.1177726242376927,0.1478432422199876,-0.21769018989042657
2020-10-21,0.9195841824609551,0.34055729811056057,-0.15633325751213462,0.3881551096225483,0.3717861093860329,-0.016831615869072076,0.3418411970594984,0.10232294645609794,0.1355606990849726,-0.19525769876814408
2020-10-22,0.9182415517175023,0.327174890800486,-0.16265208838093778,0.3879002937281996,0.367430833579041,-0.013763849188112784,0.33668422960907085,0.11792057605567222,0.12180168593029944,-0.2075402765328877
2020-10-23,0.9213154040326008,0.32436438624554303,-0.15140988371075428,0.377317086676528,0.37048251602742516,-0.017451385201617483,0.3399815378302727,0.1278729500229519,0.11345825660671262,-0.20694678906889025
2020-10-26,0.9189929949510466,0.3108242310732778,-0.18885460007573648,0.3985730650003953,0.35986779391783585,-0.04219430765306833,0.35184795764093524,0.12523798203408157,0.10893683792150989,-0.2326644405775976
2020-10-27,0.9139217609579482,0.30832996099722454,-0.1890288514995001,0.3853938424884788,0.3609299627628609,-0.02752970234181498,0.3515677569218843,0.13025697213073167,0.11149038022172272,-0.2057339876022314
2020-10-28,0.9203621244742173,0.34068669412676916,-0.19941619007247996,0.4489097736269442,0.3910736119683166,-0.041861872405789854,0.4067434213862141,0.08461106620905368,0.13308421393993855,-0.23029747530695271
2020-10-29,0.9223469139131482,0.3308815477868373,-0.20599032579370072,0.4223786536604978,0.3847727555495762,-0.059050583196803244,0.3815545604999681,0.10525386089769269,0.12615129764538316,-0.1906118436848229
2020-10-30,0.9208971138198969,0.314911693333182,-0.19588196072950087,0.426536146618331,0.3571889171063528,-0.04024461385709126,0.387035237297247,0.07630212303307585,0.12198248280951389,-0.1799988350780691
2020-11-02,0.9202311252316517,0.32979292097394614,-0.17320966240040972,0.4406971146974811,0.3494954990573204,-0.045498004426217487,0.3778987532402824,0.07912507529500376,0.13954941083610467,-0.14114616118070183
2020-11-03,0.922246220900611,0.3374745944952637,-0.18370524739654195,0.4497834971200991,0.3542070235761298,-0.05748118534098592,0.3895314771923784,0.07115940395019503,0.14833923052539974,-0.14549371293451185
2020-11-04,0.924746780195151,0.3431846529692283,-0.10242827868678014,0.46569635111664126,0.3213026980464298,0.0346702733560198,0.4111506560665651,-0.052480060537893884,0.14157470362148064,-0.08559739446073483
2020-11-05,0.9257413144513611,0.38754164658922746,-0.07561811200871395,0.43750374197669306,0.3657263895044559,0.06580796757983767,0.3825517518558515,-0.04922375909364192,0.13266140146444988,-0.06699623325960195
2020-11-06,0.9262104694340583,0.41220581791840766,-0.07788683423113583,0.43464854842254824,0.37983925104876787,0.06748538226467374,0.3798998603064147,-0.0007023369330393281,0.14043633816656148,-0.04243909469572654
2020-11-09,0.8924773448774549,0.29502537512956156,-0.11244880473406825,0.4461244079890321,0.3991067238795127,0.11213265135802596,0.3081658067180956,0.16676400279601006,-0.046910571743298934,-0.14591879516140618
2020-11-10,0.88889304964544,0.29738016579783605,-0.11153311746819834,0.43619317256799056,0.38439649681563937,0.11782377611527782,0.27697667661851466,0.15409049114914533,-0.061314759510286046,-0.16168671615601335
2020-11-11,0.8879829303151953,0.29470046785843734,-0.10889446175690069,0.43741384029746916,0.37083407444591215,0.12014280228988848,0.2801275593647585,0.1378954869934505,-0.05993378559205788,-0.15739474797657374
2020-11-12,0.8860304393966959,0.28527594588094846,-0.13809148078916197,0.4421818211994179,0.37411755016870757,0.1015008550469962,0.28286159037729963,0.13211347293006748,-0.06347145260286441,-0.16787268309189604
2020-11-13,0.8862788524237806,0.2926894893960329,-0.1433554087700158,0.4259662407318721,0.37182884583183934,0.08878166045766749,0.2790141831014962,0.11832851506047448,-0.06997224033957493,-0.16540162804046804
2020-11-16,0.8851855984999101,0.2951643518203545,-0.14880255126767178,0.43603982803056,0.37763107425375564,0.08341555468057937,0.2854199480505343,0.12948026842644803,-0.073988584508381,-0.16292577831616434
2020-11-17,0.8854783441710057,0.304486720959306,-0.1541132079446066,0.43319612233499083,0.38182255188290365,0.08050959917168042,0.2840140466878395,0.12319010236775617,-0.07254071765540807,-0.15973408415423657
2020-11-18,0.8839959958690663,0.3092891464780415,-0.15766898839759472,0.42578348122213205,0.38343317075907496,0.08367691349306045,0.2787162959720387,0.12228640801449885,-0.07677020776592498,-0.14814772332391674
2020-11-19,0.8837333829508186,0.29927698009884807,-0.14976835632268962,0.42730917923863054,0.36825497747674996,0.09660061560546462,0.28122074129753416,0.13061050984787306,-0.07914078104640163,-0.1454513386597807
2020-11-20,0.8845233682101443,0.30015924368365104,-0.15939597262597302,0.4243488370415091,0.36598811783682395,0.08642325865564732,0.2784540256022914,0.10309686362001423,-0.08363182275408297,-0.15504546733222604
2020-11-23,0.8832749756420699,0.2726594244513245,-0.16234028926356184,0.4258822627238751,0.35683960895982353,0.08663070715167288,0.2779336438123846,0.12391753885017946,-0.0977594848911635,-0.15792788733886037
2020-11-24,0.8879000624684452,0.24135187494361748,-0.1789552551468988,0.44287771922643276,0.3310214028895377,0.06450191806199465,0.29241113620979825,0.14471105434255369,-0.13160373810165804,-0.18555529356383416
2020-11-25,0.8853633493898974,0.23922045983174198,-0.19816952010348787,0.4402787844814965,0.32978226274329675,0.04150523247303904,0.2963688794228041,0.1403618531288947,-0.13011497384761841,-0.19283538324780827
2020-11-27,0.8858688861449812,0.2601474792918257,-0.21830617559323903,0.46461955038269437,0.33414233628748724,0.04139817641707226,0.30552058294297013,0.14692701653974363,-0.14801351406888985,-0.17755306114346003
2020-11-30,0.8678840444881183,0.2494110639563234,-0.21158252087588772,0.4815911101134846,0.3247560259540338,0.06551085008138859,0.31057019302343813,0.152886217955263,-0.1487314975650253,-0.17495069292888465
2020-12-01,0.8676643971962911,0.2724668860173816,-0.27031205601890795,0.4642403722923102,0.3421319997248,0.013027394312821617,0.2898255080803486,0.10067656584826548,-0.15333845099071494,-0.23147395476441818
2020-12-02,0.8536278814939832,0.28147118700403273,-0.24818180222985048,0.40319687105540813,0.361963188387567,0.059774205900658704,0.18656329995130116,0.08851424161217909,-0.16060505146204823,-0.21102588827529134
2020-12-03,0.8472503895917528,0.25987816585825474,-0.24652903544523255,0.38867301743296484,0.342946910253026,0.06773373278826421,0.1652802836879591,0.10772483312335362,-0.17394763970973273,-0.20078492624620078
2020-12-04,0.840605030135473,0.25729916077931275,-0.24373794296628934,0.37274471252914537,0.3430000748273677,0.07977367038501954,0.14476120716881066,0.11321490138873096,-0.1804407012676006,-0.19428022702867828
2020-12-07,0.8395171168486569,0.24469349523058156,-0.24687234293854854,0.3747265538620889,0.3440025434869155,0.08727458730808794,0.1465381589702672,0.13903389439326436,-0.18563218352322167,-0.20061524600062947
2020-12-08,0.8369055004691255,0.23504087277769836,-0.24810765840133558,0.3824087912739191,0.3356463211922058,0.08727270403259772,0.15205172363817818,0.1423924913523478,-0.18350228041499436,-0.20067379250095574
2020-12-09,0.8388156372383034,0.2526901101955223,-0.24036014244374654,0.3808034116311639,0.3647718820586538,0.09718165393689063,0.14487863078710891,0.14727686687005345,-0.17421184819196123,-0.1975751170242323
2020-12-10,0.8396104488762781,0.25631763332511354,-0.24335487436066958,0.3996939037381718,0.375272467093599,0.09481463418815049,0.18483059508830502,0.1461117575331654,-0.18932931768911676,-0.1711748019695747
2020-12-11,0.8373641457916529,0.2509792863751834,-0.2401035660529083,0.4161814713771299,0.3705483135079603,0.10182672190145796,0.20264423219627295,0.15131967537109942,-0.1865324317512107,-0.17972016849188688
2020-12-14,0.8287124052785417,0.26083059151176274,-0.24606824562223525,0.41137011351304315,0.3738153588965903,0.09576800537700048,0.2001831866225799,0.1542636782999437,-0.18693492519871832,-0.1827748404803006
2020-12-15,0.8381711530293531,0.2530168607729873,-0.23988953786870365,0.39959184655321905,0.38978923570299095,0.0925812638103845,0.20628203702391285,0.16950508344876547,-0.2209385933652264,-0.1729943972669905
2020-12-16,0.836365463785999,0.2584900046617279,-0.24046305802895462,0.405151031003037,0.40198362606721566,0.09278444766292457,0.21416093583041343,0.16683313642086886,-0.22132281009504004,-0.17378158216623552
2020-12-17,0.8217988759552177,0.2005917483307156,-0.24281374843307393,0.41214955382703383,0.35642858585418274,0.10504375851699219,0.2119530591764218,0.175888903584419,-0.23131257165235444,-0.17404959250718008
2020-12-18,0.8222513462305108,0.2016887136922162,-0.24020469427052368,0.4085811429066936,0.35664754874399307,0.10562792895065073,0.2088260690816334,0.1739612101729848,-0.23650070898362077,-0.18223588161292273
2020-12-21,0.8168271360868427,0.21297808123529682,-0.24986204257521208,0.42735157429917503,0.3704552057432609,0.10177288105707814,0.22402319853173083,0.17087872592399767,-0.22877815575772628,-0.19119099510146367
2020-12-22,0.8102769644671948,0.1986135290807048,-0.2506188602483037,0.42651551843406205,0.35542857604783995,0.10907084302883563,0.2159877330666413,0.16596836596414405,-0.22479497637328913,-0.19791423731072158
2020-12-23,0.8086784271592325,0.20840461609592273,-0.24689709958817524,0.41543610016220606,0.35691652823892084,0.11641459680186965,0.20057111182369913,0.15419648710534084,-0.19725779079841374,-0.20457179981171536
2020-12-24,0.8084754809112453,0.21578299079474825,-0.23694197173729764,0.41128407860698707,0.3620757421556601,0.1254819271015235,0.19733436144044764,0.14898748502595582,-0.19006708895601362,-0.19072341852571403
2020-12-28,0.8101181762369526,0.2063198547481409,-0.2372894658738644,0.42033350599284225,0.34847376228656946,0.12293740577749065,0.218632690469513,0.1452352838737117,-0.16995268884404988,-0.188228860572962
2020-12-29,0.8101789547576322,0.2045727399485648,-0.2464164869088768,0.3995781741118967,0.3594947811355622,0.11355439511929784,0.15342427619212998,0.1442905976674762,-0.17818319304368896,-0.21088987216076371
2020-12-30,0.8031657805147524,0.1951979673794628,-0.1983383248940283,0.35987415685124324,0.3511673070399681,0.1799261719489694,0.09909319006329462,0.1753555168571811,-0.2112401859955117,-0.11746942582443437
2020-12-31,0.7945009732791508,0.1723656875989495,-0.1824047154632841,0.38818747977127915,0.3326487499576082,0.20264284386943004,0.1193408451299714,0.19279084928386228,-0.20066618357232027,-0.12687280764718378
2021-01-04,0.7952992760337472,0.11584136696816882,-0.1556410446036596,0.4163037618092694,0.28061603520872697,0.2245182041442083,0.14280150931282404,0.18184373713526986,-0.22900641142409664,-0.1258947582288896
2021-01-05,0.7970615125622855,0.11465786151187707,-0.17357660677992232,0.4106072448325486,0.2808884503568233,0.2124839042025947,0.15116988389415895,0.17420818365157412,-0.21934761368263955,-0.17085091253840115
2021-01-06,0.7750749892488605,0.08183865894675228,-0.18499184011707456,0.42723611509788545,0.2825128755573956,0.24860557060261604,0.16525720306676028,0.2286936586803159,-0.19924710761099612,-0.16691756041878647
2021-01-07,0.7740838384800892,0.08378507028342834,-0.2193100855199899,0.4753195452310624,0.2908380258679761,0.20406485937891686,0.23023653662903132,0.232859975366866,-0.20857105927031683,-0.16508499065100435
2021-01-08,0.7772710290299848,0.03808192124515349,-0.21028425417360216,0.4884104099320443,0.22430241412744611,0.20187001214132397,0.24398964291234637,0.25690573495879043,-0.23808132477429825,-0.17873802769970273
2021-01-11,0.7780585745745606,0.04408324416602641,-0.20388198867501128,0.505192195647427,0.22919842473572916,0.20715269176160295,0.26015652802570455,0.2554249950057581,-0.2418514881806922,-0.18417204376506535
2021-01-12,0.7781866777261209,0.044369941867051066,-0.20443590360675698,0.5007532741894637,0.23080413425681898,0.2068003917037099,0.2547346517471885,0.25578661982876966,-0.23166043265438782,-0.18327657491444851
2021-01-13,0.7780305402553294,0.04273672277934355,-0.1986500492960762,0.49909262150274486,0.22637232541613336,0.21127102332380784,0.24833693031883336,0.24176284439044365,-0.23265219230967205,-0.1902559708190061
2021-01-14,0.7708416703365459,0.04634187489949778,-0.2028060634968731,0.49476134688801204,0.2315170625350079,0.21367767471582053,0.23825807848286376,0.24045078204936848,-0.23209303692651068,-0.19834968630348
2021-01-15,0.7734568390872577,0.05987397862073949,-0.2075757394378164,0.504299669717374,0.24119683075071785,0.2075611008974209,0.2509395256024118,0.23859160086831344,-0.20780033298815864,-0.19998451994187838
2021-01-19,0.7750534522502506,0.0726344449395524,-0.20388504424378562,0.5096772558878261,0.25430521749532226,0.21244080422962083,0.25647128841422256,0.24845994190198764,-0.18565261173831138,-0.21257128609735818
2021-01-20,0.7835517024176181,0.10528755109382729,-0.19245008578773368,0.49867172202828236,0.28144173437468956,0.21237943900055337,0.249472930752598,0.23673933506587275,-0.1801006890082829,-0.20514060378341573
2021-01-21,0.7818444447648107,0.10551506190703723,-0.19339992719586424,0.5100329620358878,0.28081608428033616,0.2067390893767218,0.25051531931950977,0.23802330058972115,-0.18407543779876476,-0.18646268075255196
2021-01-22,0.7767009951524069,0.11492025582888452,-0.16200549323908517,0.48481840565651874,0.2875681900706182,0.23575678880695405,0.22719116636419925,0.234725905736945,-0.17579381384330442,-0.16469463898552264
2021-01-25,0.7839506542130661,0.11827277965239781,-0.1464248256411922,0.4987722702603977,0.2867007517763912,0.23768990523834113,0.22479112474405658,0.23074728877578057,-0.18020448993435786,-0.16912845082521497
2021-01-26,0.7304225947850319,0.03447034950527844,-0.1537480664901146,0.3857310450940478,0.2389986759470794,0.2733953539183666,0.0813519687540293,0.2394191402171383,-0.2683954266580168,-0.1706276129546652
2021-01-27,0.7579833714727113,0.06420593130949268,-0.14690666516295947,0.405332920149936,0.2572199110292429,0.27033343768659907,0.12599369038839056,0.231513768740274,-0.28458046880746013,-0.21450177459357694
2021-01-28,0.7475873559936631,0.07698120979359274,-0.1871742773433808,0.3764896529065074,0.2861714202221344,0.23562959540653797,0.08470878299152272,0.24087810802058116,-0.28009043400702993,-0.23200473520941747
2021-01-29,0.7727601244717287,0.059394802212017886,-0.16760186113184414,0.3556554394220656,0.27949099296192786,0.2520841424994525,0.10035036178316836,0.2287460629502347,-0.32148830138044315,-0.27036991671089766
2021-02-01,0.7779315083646265,0.06703754557620509,-0.1436634077577625,0.3667370582434459,0.28904419802795417,0.26827260011415854,0.12116094993043397,0.2376158306479552,-0.30568267079073713,-0.25580475684365905
2021-02-02,0.7616582913387658,0.04493822631560394,-0.2910733343410162,0.34953487584120735,0.29253517272617985,0.11956823305435337,0.07242057938132995,0.2643662466440214,-0.31997497709413936,-0.3514069340335974
2021-02-03,0.7429960272949832,-0.025327535616360624,-0.31065501484176766,0.39472516148214015,0.23964765666765547,0.11856549415151817,0.10196785304555256,0.2595258986172011,-0.30054699380190797,-0.35602296296318314
2021-02-04,0.7468777040120228,-0.05753134737563267,-0.3223836636987306,0.40063738022079776,0.2059470345288067,0.11441270060656875,0.10513218691523114,0.2692959623101922,-0.3019346712562703,-0.4237520211337563
2021-02-05,0.8297451825484029,0.03330008138434279,-0.28803311582829894,0.3711379002259898,0.0918124169473482,0.021448032478355757,0.2498485053099113,0.0924543248171731,-0.10584208623537374,-0.3231845596986449
2021-02-08,0.8448980965041131,0.04662174909037767,-0.2835965354283486,0.3978756682819888,0.1126723378337724,0.0032802351494226655,0.3241874909357765,0.108871660904584,-0.09988728580547433,-0.29506635447328056
2021-02-09,0.8519229805598354,0.04968667889450767,-0.29336093658268314,0.3992821104757506,0.12696996697638294,-0.01720279530804221,0.3345047289885356,0.11447681954099262,-0.09975649426496172,-0.2953190467108441
2021-02-10,0.8528154547389164,0.06330199034843013,-0.2553396218025391,0.3816408882731045,0.13178285970694018,0.004283205437231058,0.32606354169171925,0.09964300140326063,-0.08880731863021368,-0.2587324725955525
2021-02-11,0.8551851902044602,0.046602726186564754,-0.2574621843296148,0.4389881084056708,0.120388756126447,0.0014362587853184294,0.34578086719342516,0.10924896949905047,-0.05638333027073843,-0.25296378117561874
2021-02-12,0.8585748118322128,0.04427695452202312,-0.2624677132465122,0.4241030051534972,0.11876900321119424,-0.00571492556131353,0.3413625182062126,0.11357623079079217,-0.06305928636070379,-0.2812012596531736
2021-02-16,0.8582304461409778,0.0462049168634246,-0.23188193499082374,0.4195951177032727,0.12554100054101083,0.021133367256270737,0.3343835435250713,0.15955183451236415,-0.07478936734774325,-0.2868087716354925
2021-02-17,0.8568664939772519,0.036115326982699536,-0.22110695969527236,0.42619485098204934,0.1295570582146262,0.017944653140770157,0.3294578820465742,0.14336605395956886,-0.0811964359286869,-0.2767177024110399
2021-02-18,0.8578588166062827,0.03552216547771393,-0.22233233768227822,0.43645347474155305,0.12943115482484527,0.013426752749568335,0.34088282889551813,0.14533882353993854,-0.08195496708969209,-0.2615896242803387
2021-02-19,0.8561485834478387,0.03913288872167758,-0.18370602702563332,0.4442005799331795,0.13010912574272152,0.05391929126888142,0.3524344423787628,0.12192246279527011,-0.09216829940844105,-0.2192764233031419
2021-02-22,0.8520376983641724,0.027527702115190174,-0.1617801600152498,0.37364300534488665,0.052213694683564946,0.08468619739874685,0.21763956100386378,0.0908115171308256,-0.02521426583469292,-0.23807752460357978
2021-02-23,0.8494571916332287,0.07825686375594408,-0.13097479420655922,0.3215262042330936,0.08450453855317717,0.10977576201160064,0.179917142977292,0.06466754327417128,0.038394308533696644,-0.20387079543214334
2021-02-24,0.8534067622240884,0.07563888899200774,-0.14410239336006803,0.3458574514255025,0.08397280171303866,0.10340767642433811,0.18398733454151667,0.06505434278949994,0.03770760599414668,-0.21235382587726406
2021-02-25,0.8783582761138073,0.16515306379149286,-0.03280177398658542,0.3425402971634735,0.1832132657687391,0.18115465135208897,0.19961424741707146,0.1523972674087939,0.03866663707793812,-0.17677933576833138
2021-02-26,0.8745585043914773,0.17936908971226756,-0.07689499556850563,0.3476770203459025,0.16588758883698665,0.17286234621734778,0.18349552656271018,-0.03100694347875566,0.10986730822067181,-0.2949382634601796
2021-03-01,0.8849249195395207,0.13323687096317202,-0.10447182103445155,0.2835177107297791,0.12722565308030082,0.13763778541239874,0.13354616348267945,0.02454796299507373,0.15294772774030074,-0.2878430836428262
2021-03-02,0.8865359758819663,0.12054202963004507,-0.10613042109254776,0.2971666181963705,0.11089736641319045,0.13133115576289203,0.15716381485237685,0.03713646479833995,0.13358703239141156,-0.28471061234946626
2021-03-03,0.8892733203390646,0.1450324073329876,-0.07280158310386861,0.24908819622987674,0.14221613655213597,0.16683189889037475,0.09138129266193583,0.037843468848638734,0.10361743771294563,-0.31278088806287224
2021-03-04,0.8944456541265727,0.16462220607889205,-0.036597686693378824,0.16797127440100448,0.15792468640061533,0.18761702283620113,0.029865006429026356,0.04212621081710808,0.06312641672577113,-0.31680080568043123
2021-03-05,0.8976632854686012,0.17689393004340342,-0.014713006081168815,0.20669613895053848,0.15223824373978673,0.18775608602654187,0.06332221746943742,0.009123013106392519,0.08582455596132135,-0.2883530561717738
2021-03-08,0.8826524473684363,0.18225194920968082,-0.010906274156638349,0.2192168857105899,0.17363894458629933,0.20261807713019342,0.11709943161899403,0.012229782100920282,0.10927935231390665,-0.25897577484065243
2021-03-09,0.8766076383268502,0.2021050142330094,0.031827816711261454,0.18864699320602402,0.2201492444590526,0.2704501411123668,0.061243855698139865,0.07642930004731381,0.06449920714909471,-0.278323723180779
2021-03-10,0.8730056589984222,0.20625527633960172,0.039652397414897476,0.19751590715218725,0.21748171516365716,0.26657793778414207,0.05492232840226579,0.08360415623463081,0.07179077051555305,-0.3047288790508226
2021-03-11,0.8733478681950078,0.20644450400090544,0.03235470372472459,0.20617883468324788,0.21490947536395774,0.24788170870733073,0.07295222393712651,0.08028775405950565,0.07490763378668784,-0.3057474977541091
2021-03-12,0.8791964431210325,0.20304632527178712,0.030385798507276823,0.2070813025808887,0.21722406862903745,0.26020906069185495,0.0785629714610418,0.07345632917982371,0.07457082676457319,-0.2667421924168691
2021-03-15,0.8804137969423631,0.18168302628102628,0.040813443401969296,0.19795086683444943,0.209957811529414,0.2704954296761864,0.06937031011552601,0.0852547347710036,0.06288211925627415,-0.2708436418129359
2021-03-16,0.8782622905400038,0.18084555364017765,0.04166910121192763,0.20036588013125267,0.20815455502073135,0.26953526554698853,0.06373638860466793,0.08524534905166024,0.0589353273157685,-0.2661196964672794
2021-03-17,0.8780217910826953,0.17634578482932733,0.039492142968549415,0.19601319663447822,0.20497783142161918,0.2668076314385418,0.059494139639353204,0.07787652998599937,0.04619968096333879,-0.2624546567427349
2021-03-18,0.8837914400150223,0.18419183564064895,0.06214178160933877,0.27817341228486836,0.21234486499320776,0.2860438566596836,0.19424500519183033,0.08372385625064185,0.0696612184849139,-0.15794539699102292
2021-03-19,0.8824217639507579,0.17991985806798513,0.0629588946793,0.26040190148120884,0.21339953991104565,0.29028078448445754,0.19630422756285118,0.09443639811656304,0.07765314883922793,-0.1161699668513255
2021-03-22,0.8838911462683305,0.1764307375883689,0.0843318550159843,0.253228383577304,0.21281589534959108,0.31137291952656737,0.192782028613758,0.10227101702888361,0.06694535889440903,-0.10755645514446598
2021-03-23,0.8825637572528607,0.18499829838646872,0.06311587556593252,0.2795568130135417,0.22114964093830622,0.298134490789987,0.20003370574708498,0.09552844635304221,0.08127556341589569,-0.15332074502238044
2021-03-24,0.8819053030783427,0.17706590370419303,0.05072759463613199,0.24484184857296648,0.20784094712767417,0.2758677853191449,0.14913289426447954,0.09605053315370102,0.09453989349659196,-0.11741408984015071
2021-03-25,0.878227157855205,0.17876084261126454,0.04162534348830592,0.23215614836891363,0.21137609252832149,0.27411660900715534,0.15586179788696422,0.09925089066738821,0.09672712899924522,-0.09141308361592121
2021-03-26,0.8797040923446329,0.18843538448173408,0.037896979353604365,0.2634961815085129,0.216067225637416,0.26971542773806656,0.1765274481528152,0.09743270965449675,0.1049250449226139,-0.09329450588303158
2021-03-29,0.8795981525330775,0.1903125174177807,0.039404830866015615,0.2626973889892163,0.2162989047582369,0.26965646381568237,0.17633229189731894,0.10114102201728818,0.1007595902578066,-0.09571277247387433
2021-03-30,0.8801995610945569,0.1928240897362013,0.0310122073013764,0.266890343003724,0.21953937289783862,0.2624506982373851,0.18019589773631114,0.07417613511126518,0.12189517497873006,-0.10761302244221625
2021-03-31,0.8771728436824376,0.2702019269905374,0.03328257895328509,0.24318854341106136,0.2888702556869065,0.25867311781486274,0.1518935622794638,0.06049082392177119,0.14067194197829214,-0.10068012745925015
2021-04-01,0.878685664643428,0.2831230882145445,0.06986134536285142,0.24790876643919135,0.30328449905015287,0.28814684676025615,0.15941721170604944,0.11006291849588945,0.15461347355717295,-0.04039484155298449
2021-04-05,0.897244814862169,0.29862506331901595,0.08167669994428521,0.1999754508071266,0.2873050691044215,0.2584792188572559,0.12100028580029362,0.06525787672345333,0.15068582051707408,-0.030113851549942186
2021-04-06,0.8938018009121182,0.29934046978389794,0.09798673194941114,0.1928202904429278,0.29013360523903514,0.2805121194120543,0.11267389637670601,0.07858753702701719,0.1551924226119322,-0.019663502628450732
2021-04-07,0.893817509766579,0.35934173877486253,0.09932449802448436,0.18704033528758418,0.3691585760376549,0.28246177034174774,0.1012959620443582,0.0771012598226737,0.23275656333656844,-0.017325073214850314
2021-04-08,0.8924923045101146,0.3623697830437548,0.10510598382978009,0.18286931438144607,0.37740381753912666,0.29208944598458364,0.09516920316203073,0.09753150005125256,0.2263105197551547,-0.019828171919877284
2021-04-09,0.89222113019789,0.3561346933263499,0.1025130708976205,0.18136235773774292,0.3761723594604771,0.2907507764667548,0.09589882847879365,0.09941256604191762,0.22169257269013698,-0.019582266356451848
2021-04-12,0.8925557459107134,0.35738085440307493,0.10087125686739644,0.18152389543160602,0.37952939330825064,0.28681457993863335,0.09680343296202358,0.10798096274082127,0.21856091795478438,-0.014484745511616584
2021-04-13,0.8903561749990287,0.35858976586705776,0.09600583084599928,0.18667430004130703,0.38646512361840324,0.2906528437039661,0.1045036366101255,0.12228003104568762,0.2229549961840403,-0.0010619693505158284
2021-04-14,0.8899178844939021,0.34862323367598747,0.10764310480273401,0.1545873951222793,0.38254287454529196,0.299355166829718,0.06889337013124967,0.13778306185283887,0.18951223614521587,0.006022574155209701
2021-04-15,0.8907693468044768,0.35820315583240125,0.12915015104093855,0.15172659995194135,0.38781041994722565,0.31211853378195265,0.06518193647298264,0.18064463470569866,0.18307660317057897,0.005792620208502766
2021-04-16,0.8873388805335787,0.33459801273552897,0.12280758457406421,0.15483782169416838,0.35946496939614314,0.31026240082566514,0.06837915877212442,0.16792891171268012,0.1871541396207825,0.008717363691418246
2021-04-19,0.8902415417700147,0.3355235261947784,0.12394197743465547,0.15413594094690264,0.3607034413803923,0.31715688077508836,0.06959273130763365,0.16918513605203983,0.18721053249865435,0.007003779379321543
2021-04-20,0.8903894547395602,0.32139803633748387,0.11771156668461415,0.15771696690527226,0.3540457255531881,0.3124257587357321,0.07275804206840997,0.18088232730546006,0.17236968294927227,0.0057595598278298325
2021-04-21,0.890620150708609,0.33137306021109175,0.11774671188923493,0.1387569474791317,0.358787261285272,0.3085286142467345,0.059900268697415146,0.1850445165662362,0.14754524624652018,-0.008443882839506579
2021-04-22,0.8927741682992885,0.3377406200702494,0.10468824502571583,0.13246970843506473,0.3645858008084066,0.29704325474373333,0.057047668399297584,0.1770464164297207,0.1440431454609333,-0.0064534841115175875
2021-04-23,0.8895200147037873,0.3230571361758502,0.12999719218470163,0.14112307624902967,0.3503629521960866,0.3181491787682465,0.059700419361265175,0.18273059109457146,0.1422111058043255,-0.00639881563616729
2021-04-26,0.889509073894951,0.32245920125634925,0.13630889764214707,0.14701836214561004,0.35124048182947043,0.32106789772010236,0.06049895465820826,0.18412170392907698,0.14190797940624456,-0.00961749987992197
2021-04-27,0.8891989364316055,0.340681328303754,0.12496410077524134,0.14229896717377663,0.35938433622226884,0.318108919761061,0.05176789555503471,0.18637653152850897,0.13932230233041723,-0.019854379136990438
2021-04-28,0.884130776046638,0.3191844305228798,0.11873334028397844,0.1174869163249241,0.3385051967160123,0.3159556596106736,0.02473163489790905,0.18431720496397377,0.12560367521859198,-0.023665396811930056
2021-04-29,0.8813707957802748,0.3554232248082556,0.13273133920291452,0.1079413049213431,0.3676243704335803,0.32913978587045845,0.0144400329435663,0.1764269444780049,0.13808490905647772,-0.01905096968833081
2021-04-30,0.8811067034726071,0.35715779514556584,0.12451085165930315,0.12463595421184724,0.3689340155087188,0.32227274182620985,0.02663091620333192,0.17367929892605066,0.1434760042591105,-0.017952100101729696
2021-05-03,0.8783825332437912,0.42120093535765596,0.1293581845161348,0.12050780112675236,0.40332533926904346,0.32429883531652737,0.018522677098112443,0.17722229949675386,0.17436698750499896,-0.015144333895242234
2021-05-04,0.8794535110713732,0.427049294776263,0.12000066718372836,0.10687178475808733,0.41302739693772156,0.3044851576854104,0.0013676609731517507,0.1816150050174142,0.1588356522925439,-0.00038032476525825555
2021-05-05,0.8791241046039117,0.41782543873053785,0.1132443928497326,0.09960313324740619,0.4061852996503726,0.2998507587060325,-0.003169736366100436,0.17459131995157726,0.1441573446957781,-0.008837956905297982
2021-05-06,0.879785708751347,0.4305170649679922,0.11716776903242943,0.09518169428044763,0.41048968076103093,0.30159275366784516,-0.006084860314391925,0.1773143097259863,0.1287229649496274,-0.01089375899281626
2021-05-07,0.8803846725968957,0.43910123248460986,0.11512496234331533,0.09412317631874241,0.4171739929679738,0.300425993683369,-0.006630674861236265,0.16375288562280435,0.12646626212477718,-0.010888309666376586
2021-05-10,0.8843930727007052,0.42904491567772657,0.13460490550341223,0.09411676736195436,0.40642060930267204,0.32287849878887,-0.0025333464876319827,0.15068952838342178,0.12044064697724041,-0.01348437352718719
2021-05-11,0.8752787349671364,0.42785665349529817,0.15379679097811044,0.08127184712792816,0.409801000047951,0.3360624574216119,-0.009438695365493632,0.14511460871929258,0.12702573915353532,0.004003640311454978
2021-05-12,0.8795104125507552,0.4523363333691018,0.18629095308494717,0.06846746565525022,0.43317491340638575,0.358489887200106,-0.015288805279241055,0.12491244403089487,0.1364852098333821,0.011901085944868179
2021-05-13,0.8780530711732321,0.4601886624112271,0.19163492433931542,0.0386878620182295,0.43615184865418216,0.3660401640502777,-0.02645123409462295,0.14796579538337895,0.13503094916670033,-0.0005474143370362829
2021-05-14,0.882912195414734,0.4726867474707697,0.21253726188856445,0.0515555293572061,0.44836735821547347,0.3826154490945464,-0.009678478250327294,0.16342215376316915,0.14573063555597462,0.010692098863625411
2021-05-17,0.8830515592957806,0.4612922821089669,0.20965010867162964,0.04444140500634804,0.4371934354272495,0.38339921406199134,-0.016258849463690783,0.17045356578247656,0.15999439448668015,-0.007265120356959346
2021-05-18,0.8826573997340549,0.4931546361235356,0.20163481990115048,0.08073473984030137,0.502950573341607,0.3727455541857062,0.03431688031668751,0.1959375190364434,0.12140823662520428,0.016165168753868166
2021-05-19,0.8813674228596703,0.4929575935756059,0.2028342794647538,0.08836323890459212,0.5024631781825097,0.37180531203227934,0.033105336004973486,0.19468965694484053,0.12094727063391787,0.022003356840224336
2021-05-20,0.88437846106253,0.5027930350742442,0.23117034754934512,0.056930185466113496,0.5069945545865531,0.39304459330516356,0.005302100444034403,0.19920333575317364,0.11577500713551653,0.016320843178396605
2021-05-21,0.8714449652256698,0.44708580124549213,0.16021665144364697,0.05320733082110072,0.4582694311517192,0.34221361683634954,-0.004706166086715497,0.13898201402665908,0.1168414761714737,0.02279204016415852
2021-05-24,0.8810079644608219,0.4442120132989101,0.24780373618994145,0.05747672708521462,0.5079862726640437,0.3823158818239514,0.021473955700466386,0.41906835372877643,0.06298175543711115,0.12366146182775484
2021-05-25,0.871040153467602,0.4781615147454265,0.3343581874684353,0.09752450693894602,0.5372340359420028,0.46143847445675246,0.04919934318581086,0.42992558855123314,0.05483061874903268,0.09911324472732291
2021-05-26,0.8681799891943263,0.4918636205191857,0.3378789339812739,0.08749466427561625,0.5525003438334218,0.4666028849809088,0.03789364720392385,0.43126167200844184,0.05896294392437926,0.09905126541022963
2021-05-27,0.8599852089111593,0.4661244734403279,0.30818721264198345,0.12190772158713188,0.5259632054602065,0.4402597112489617,0.07765958885544577,0.4080586511038549,0.08897500399153487,0.12496173053500423
2021-05-28,0.8555044834754447,0.44084584852419706,0.29142633835442405,0.18742635735296226,0.5094748237546884,0.4289316454388295,0.12485511688090327,0.39431143703447286,0.14349836671612692,0.15926820783566947
2021-06-01,0.8593477651416384,0.46585459716897876,0.2930358631300142,0.14277518735797665,0.5185716700462478,0.4280692320584558,0.09876560608440291,0.3944843356636392,0.13958872163192163,0.1543372324562126
2021-06-02,0.8707959158104621,0.45452400742675636,0.2814799124972535,0.13008076740950084,0.4871439818766824,0.4082222748877575,0.06444303152842844,0.3778821582578639,0.11888318277484972,0.14111426325857876
2021-06-03,0.8747469596936273,0.4170130759139365,0.24532734037991447,0.14597136866534655,0.42609447125544614,0.35460858139922297,0.0938121241862579,0.3238726189021861,0.136968698829908,0.1607371919132206
2021-06-04,0.8845675684501695,0.4264174328472254,0.26665346201505485,0.14289462848457207,0.44576376814847146,0.3831975215865375,0.1007614185559493,0.347744863314166,0.1355133168176337,0.16025960945391884
2021-06-07,0.8819033841206043,0.43590412234699555,0.2944948161532514,0.1291745662481201,0.4698900950388606,0.4286739676291011,0.07834623589169505,0.34222869841808634,0.14048093694355396,0.17675591447397693
2021-06-08,0.8868745624064233,0.4361155005508735,0.3168340512646885,0.12785869717406637,0.46845664752009253,0.42008224563760316,0.07417408648531333,0.3451689352515587,0.1332779748652871,0.1828285618552133
2021-06-09,0.8855179391942686,0.43553028230622975,0.2991380585769331,0.1316877065806717,0.4661050470815996,0.40674269610296016,0.07701013073822999,0.3279253589477558,0.13658984291253734,0.17633004369137797
2021-06-10,0.8894713008461512,0.4371716559956331,0.30096371647490694,0.13048380390903472,0.46916401620922416,0.4202661866119734,0.0824784831299168,0.33130039188410654,0.13715480942603542,0.17284765759046744
2021-06-11,0.889300351359677,0.4238531952170456,0.31104844465398207,0.13112509165635114,0.45348040070927975,0.43063803504990694,0.08322310932987162,0.355871138929797,0.1312821045134361,0.17233164770420945
2021-06-14,0.877911791182846,0.40478822217997723,0.25923596930594717,-0.0012530846329040055,0.42670114776410845,0.36065542358547575,-0.10796004386388962,0.3535633860794777,0.08323985689398176,0.07541835098232502
2021-06-15,0.8812255577028238,0.411992402902743,0.2693936124775439,0.005973870628640263,0.4308016683361256,0.3623628789642004,-0.12065005990241709,0.35254488355351604,0.06868441349187254,0.05368928540548299
2021-06-16,0.8806840232294454,0.4359162342611132,0.25328124136559,0.015416344423550787,0.4473218355811843,0.3344268111813114,-0.1143046089781657,0.3628497255516217,0.07876871262381405,0.062154839366418906
2021-06-17,0.8705181387569474,0.39004099853765684,0.2698449476805703,-0.05368655136444779,0.3258007161053872,0.3740218551803851,-0.17076171438691823,0.20530017273533194,0.08466228161149876,0.10195678671212495
2021-06-18,0.8661091060738538,0.4053549907884428,0.1673920046184638,-0.02044759080992015,0.35172121701626796,0.3411284038905972,-0.10295507255345641,0.16131897272477932,0.07096884152576727,0.0805809222453774
2021-06-21,0.8614603166428246,0.4335636174412394,0.09564501432498036,0.03630679398294532,0.35422403805321195,0.302189634342734,-0.11342866035012009,0.0899146765096171,0.07750183782862574,-0.016802759024589328
2021-06-22,0.8602186750509284,0.4330552111517877,0.12244604085032552,-0.0452715249274323,0.3449273599662213,0.32183268719008584,-0.17330460580360899,0.09076896618659307,0.07166784319996954,0.006443537472202515
2021-06-23,0.8598634686593755,0.4350237643992357,0.12150743944347245,-0.044807700411864035,0.3464033696759077,0.3228260893041079,-0.17260848083126937,0.06314557856821637,0.08219266020989642,0.01426842570308567
2021-06-24,0.8594276341903965,0.42920720489557956,0.1282678968228723,-0.05854432422552167,0.33526285545559953,0.3318479363387737,-0.191348698969306,0.08640326488811732,0.03844201238386155,0.0285718030244861
2021-06-25,0.8618000037114695,0.42979809324487694,0.12392163656784758,-0.04935577242367322,0.30853310544520945,0.3599092025393579,-0.16956685313877398,0.10487689937394828,0.07719477467231309,0.0005520702143415735
2021-06-28,0.8509845666476991,0.4109422105508217,0.08031675046622753,-0.0976441910406204,0.2785935570210661,0.3392037117032796,-0.24601505356552467,0.05342774806486443,0.03481264460503732,-0.09995965493436691
2021-06-29,0.8410323176567297,0.42225526138812386,0.10755149368037802,-0.010500310192400103,0.2804668629045929,0.37523250639710903,-0.1748076300757488,0.04907541481279034,0.026254760052730763,-0.14479899607769084
2021-06-30,0.840409696306024,0.4276745566641835,0.11113593246746238,-0.00859678691561729,0.2820285759203941,0.3768645320654082,-0.17210858326031162,0.04098747517068365,0.0162470402366147,-0.15522575742253403
2021-07-01,0.8364134697730301,0.43041327576388116,0.111128379004534,0.0005903541276082398,0.2823716872983873,0.38375043934006753,-0.17229998809661443,0.03349736304699401,0.02144877843298245,-0.1570943200194146
2021-07-02,0.8388942745471457,0.4324014159857978,0.11344753416424161,0.006508866942620814,0.27759270177098905,0.38112991226290643,-0.16359993877033263,0.020852882266569214,0.030846362701509415,-0.14965893301259092
2021-07-06,0.8346495172590132,0.44803230525333126,0.11202088576328621,0.026830410368385335,0.29047279930696096,0.3895854400289818,-0.16476851986944696,0.023995331025499098,0.00558523128401943,-0.19453569515142197
2021-07-07,0.8343410661628473,0.4507416854226453,0.11747045684671935,0.01383124191224756,0.28903794644401426,0.3868122583361307,-0.16187460034464216,0.027783281261807014,-0.004315445554491298,-0.22132262554676166
2021-07-08,0.8380377749478596,0.4461140888955101,0.10359388469033314,-0.011446651316912217,0.27949786750912203,0.369919026511692,-0.1857875428584573,0.015295928238274881,-0.015125142902143163,-0.22451607765080803
2021-07-09,0.8366009399496278,0.4427408837959475,0.042531329948688405,0.03961515971633988,0.27296305657036296,0.32783767037346695,-0.12749916639073264,-0.003238200480990446,0.016065218057904417,-0.23844549822044214
2021-07-12,0.8311504700622478,0.4159719614087795,-0.011034506495591938,0.033469517834956525,0.23662724493552567,0.2889937262500689,-0.13623029093815764,-0.07680919051172118,0.011327236580795163,-0.25406807107963536
2021-07-13,0.8303502797993605,0.4112277841574415,0.009208293772100501,0.025093244888628418,0.23715310176592544,0.29165120827837854,-0.13688660126172902,-0.06467106935189967,0.017377086011292453,-0.2796641969490289
2021-07-14,0.8282453911158796,0.40497309712904606,0.003982637300336338,0.02144230275422663,0.2309052205820943,0.2817243938668507,-0.13480771666070587,-0.03434514783038319,-0.0290071825007338,-0.3172978103130134
2021-07-15,0.8268027823564038,0.4172236693109237,-0.0007918571960038633,0.011188572743575263,0.23772490380285655,0.2646417306213146,-0.13551594271872697,-0.03798700101802104,-0.021483027467212642,-0.3287823700106337
2021-07-16,0.8283705161970206,0.41805804147556164,0.0053540860610587935,0.049850638101578006,0.2413638197621947,0.2687261824513573,-0.11408769139595208,-0.03174473366084744,0.014176090878317005,-0.3328220089750363
2021-07-19,0.8182223057612037,0.3857266620354694,-0.08587596963347657,0.2044275751007088,0.2228436389575005,0.2189548123348062,-0.018819569490472744,-0.018446403206388656,0.007844454043490018,-0.4555209737188255
2021-07-20,0.8155307796553459,0.38720588959141117,-0.11801393699190446,0.21526267795275833,0.2308029666442071,0.19842144460310504,-0.013027935275840091,-0.017563027064238002,0.00899381384165911,-0.4619153106591567
2021-07-21,0.8179737302222465,0.37373992795742533,-0.14343127936131628,0.24180104900444518,0.22103584273633578,0.17476259171832711,0.01473496053195302,-0.0008104551995332205,-0.006547975519979556,-0.49557885198403656
2021-07-22,0.8183305618053299,0.3738266498854222,-0.14350364184119943,0.24666955919902442,0.21992989163641993,0.17359664643496078,0.03295003982255791,-0.004321036171734864,0.0020309592484587615,-0.4620823295140912
2021-07-23,0.823071044820973,0.3602187920139528,-0.1623683023607879,0.24943348220936137,0.21301737937325682,0.1512049302234222,0.040447896865111826,0.0032587828045082937,-0.0019701821597548873,-0.4618567846287725
2021-07-26,0.8237878366989506,0.36807498647364156,-0.15832145994117267,0.24183767482781043,0.21596598435643713,0.15393917241412242,0.037238865493307814,0.0013157152542680004,0.0049551850711938485,-0.4581485824155264
2021-07-27,0.8221396865725743,0.35999598888944095,-0.16974673832554574,0.2263405761409529,0.20399160106761782,0.12678594449863878,0.025156500371226465,0.005795839579136145,-0.006879835266348879,-0.4639853493503526
2021-07-28,0.8265252880252733,0.3600527217257678,-0.1689713717576351,0.2246140588545726,0.23085530800210222,0.12541985406291353,0.036034280228998496,0.006772551830264764,-0.027664728029026715,-0.46560876386226374
2021-07-29,0.8285174906513506,0.3536199294840431,-0.1645631067451712,0.25113814456833633,0.20277881985029603,0.15534375104318685,0.07660255142190205,-0.001417401250098159,0.011308825555922847,-0.4910421163193222
2021-07-30,0.8317346011035889,0.36410946909532,-0.16931314618684495,0.2507682693961592,0.21894090083041734,0.1495931446020716,0.07402392599616268,-0.00959158345242986,0.016081194088725694,-0.49116734784180943
2021-08-02,0.8305270913749859,0.345843702237992,-0.17658429093735367,0.26554530375560065,0.20497105863223788,0.1456179560809497,0.08234363273112809,-0.014461534582398057,0.036920448363591186,-0.5029500143758263
2021-08-03,0.8284049118476468,0.32977198043068845,-0.16702673934907497,0.2574194172795541,0.19262496725285716,0.155356756264958,0.07923612093714338,0.0011514766224572585,0.03926834752474287,-0.5046114022306326
2021-08-04,0.8300516183831479,0.34507092953136753,-0.21115721185197464,0.2790387661661262,0.23425106753362526,0.08971370754979444,0.08441970217204574,0.011913292013626137,0.03609138491668565,-0.4995065593838563
2021-08-05,0.8360165201745682,0.34384582808351344,-0.2468554206312306,0.30302292594180613,0.22984744597390916,0.07587821541566271,0.0951732116898897,0.019757712746842408,0.027449155533861767,-0.5041821612944518
2021-08-06,0.791430937987263,0.27948598917244866,-0.3581629480557293,0.35533595064808016,0.20851065738031174,0.020011023743495723,0.139505850590359,0.1049546199369434,0.0664353314689166,-0.4562649125522211
2021-08-09,0.7931933834916494,0.2723540792891173,-0.3618086826760889,0.427737556538089,0.1985207474188049,0.020773858244825985,0.16540910788760005,0.12233661499945929,0.12339098803174468,-0.44899076290718315
2021-08-10,0.7635751177460366,0.23991761103268025,-0.4196500323655636,0.40421147674276603,0.15178825492468478,-0.011852856593214394,0.10268929336439618,0.10215957716203178,0.10612126020732515,-0.4817970426429679
2021-08-11,0.7582901316473032,0.26158515020303447,-0.42636969075242076,0.4165449323773247,0.16585363879130208,-0.017994910615314504,0.11306699435513123,0.1053083796409446,0.10526880162493793,-0.4801029276309238
2021-08-12,0.7504309361359894,0.27927945021685074,-0.45215730201948523,0.40536730087641726,0.17678301659508314,-0.029777891190299978,0.09788065812147786,0.10737862801342414,0.10944978840730905,-0.48635480749343074
2021-08-13,0.7517808723010397,0.27754959991369005,-0.44649320183866853,0.39320513811077296,0.17818006625832397,-0.024887246625361494,0.0923816259203586,0.154866112905378,0.08930781261214132,-0.5255462745121771
2021-08-16,0.7375579120378967,0.26811986827898615,-0.48171314791131586,0.4437198190686054,0.1572249138702305,-0.06317889622194259,0.16169828663953864,0.14831000416821835,0.09833869558680502,-0.5176391514459048
2021-08-17,0.7490534569195763,0.26680137761179024,-0.46818798845067544,0.469116524610777,0.1603630438674265,-0.0521708261123022,0.2107314201371364,0.14803746149464161,0.09677512345878775,-0.5297901660485258
2021-08-18,0.7515642151715347,0.24780485369385677,-0.47699000154405746,0.472362680869923,0.14564149012744626,-0.07154925377248936,0.1943418245995386,0.1474565646660655,0.0833971937560742,-0.5466726360399404
2021-08-19,0.7524719898285471,0.2613353373389398,-0.46955734358941137,0.4680435612694788,0.14521939756365887,-0.06499556832229349,0.1856537352824561,0.12777055675593707,0.08962428715022015,-0.5533213415863175
2021-08-20,0.7588946989053379,0.26224341179571964,-0.46507132350444386,0.4161397078078279,0.14776340910576294,-0.06415299722333863,0.13824674506712212,0.12712073199824303,0.08251436716860941,-0.536137709300988
2021-08-23,0.7695505439579867,0.28680659349979204,-0.4664131382789156,0.44482085585968645,0.19283834151873738,-0.08011816097735282,0.22549658091579997,0.120435811628704,0.14713766730076502,-0.5073327548628508
2021-08-24,0.7695018404009353,0.28657214527004904,-0.4628530747250393,0.43698223381933804,0.1917928239487735,-0.08141074413921728,0.22548059752464591,0.12193346432955521,0.14697126458035076,-0.5229654746795968
2021-08-25,0.7691617259987693,0.2827310817371209,-0.4622794272214382,0.44721442807250467,0.19083660952832368,-0.08094614860788496,0.2405852134055506,0.13291650542208872,0.14553394028332017,-0.5264050883460558
2021-08-26,0.7747968196052542,0.27454012854102894,-0.460726832554334,0.4495932549840389,0.18378892533856586,-0.08380544054799381,0.2457911685286557,0.13260012922059594,0.13761168476380264,-0.5299706634336554
2021-08-27,0.7818317782994655,0.2852734040963573,-0.4505975514425255,0.4600944206101805,0.15473535381706152,-0.09167820616497564,0.265029740954173,0.1320274119944054,0.16309784252742146,-0.5189620146662999
2021-08-30,0.774477014463664,0.25795204547557893,-0.4965228877299609,0.46142596046719514,0.09723880932922899,-0.14957574160889622,0.26660587650687034,0.10080067846993619,0.15636151976282198,-0.5355612365401432
2021-08-31,0.7770589966436513,0.2592249230887367,-0.48926517060518493,0.4635167686875632,0.09344517505173142,-0.14001889111743163,0.26888578246686656,0.09993150516358987,0.15424687387622402,-0.5252831655538208
2021-09-01,0.776964774509072,0.25846955412950257,-0.4896050474942341,0.46721900220259727,0.09230131594746897,-0.13780786070523332,0.27278312257522586,0.10391072675739794,0.1577512770344128,-0.5375236661482274
2021-09-02,0.7730040299013327,0.2563691144587103,-0.48365150232512477,0.4665979229540959,0.09305512174598517,-0.13677159658280447,0.2615969518397437,0.10520538111095493,0.1514252681617279,-0.5233426989840707
2021-09-03,0.7723401602175032,0.24267653095439873,-0.48140846346351873,0.4664118685165972,0.08409839510871096,-0.15474962304434003,0.2587532546137117,0.06974961911172312,0.13978835819917443,-0.5144176853855295
2021-09-07,0.769256593088569,0.26535643307342566,-0.45940642318024333,0.470965839143559,0.08686306757074384,-0.15133203463873163,0.25835795616236795,0.10177881769443681,0.16489750291677016,-0.4944899451797604
2021-09-08,0.775027021761963,0.2690315444665197,-0.4622246653779813,0.4648937757112474,0.10259425000598928,-0.14238488689605577,0.2459282410676653,0.08996630151630756,0.16558442220503428,-0.4837809668646686
2021-09-09,0.7799741219164572,0.2558537245734281,-0.47514393352747863,0.4802739129568285,0.08735446108274167,-0.16554077200496894,0.27527512624207584,0.09984661434657047,0.16051935765584746,-0.49231001502943306
2021-09-10,0.7849264829812354,0.23889848284245904,-0.44145172663131094,0.4400466758643329,0.07442615801519126,-0.13618127036207692,0.23853729336112628,0.10503452647237463,0.1460088847449527,-0.5045093504688374
2021-09-13,0.8096058811138932,0.25791019420229067,-0.44149533386354767,0.44060596834484794,0.2086493189316731,-0.19681860746924934,0.263276943443207,0.24391405983436648,0.11832022724550005,-0.4866205150641677
2021-09-14,0.8049100065622468,0.22020188147842823,-0.4039910865874665,0.4763848610883843,0.1817745691771127,-0.16443602438033736,0.27798887181231,0.2977466727913296,0.1197833307419365,-0.5148654706548574
2021-09-15,0.818585355292778,0.1494584524435676,-0.3565402562222378,0.4777336510259156,0.15006503920804867,-0.15040545564448815,0.2843460201377262,0.3835870336771806,0.07428474241213492,-0.5056788517759595
2021-09-16,0.8167955170838413,0.168372938903987,-0.35376490382272574,0.4788904412121325,0.15924470165828633,-0.1548417253221405,0.2874536953173683,0.39070462216151375,0.0700132980805368,-0.5038282022819001
2021-09-17,0.8284245986659996,0.16861758015241357,-0.3236409564821691,0.4791957357081909,0.15909806163421425,-0.12438402509265108,0.29095412026538703,0.3912081353452342,0.07134881542762327,-0.4954330887460809
2021-09-20,0.8514678817815513,0.11435836882924162,-0.3675753258125808,0.47985501726277036,0.0962417929275447,-0.19019729271184524,0.3025807898844674,0.40383750770082816,0.059536034092864926,-0.5023808412248504
2021-09-21,0.8559558612495992,0.10739137577700165,-0.36109583574345216,0.47786694034214056,0.09890281746914314,-0.20099539337376948,0.30527856813573356,0.41590481557791276,0.05621228254839626,-0.5014685373854862
2021-09-22,0.8730797185515561,0.09387134818059713,-0.3468929357346819,0.4935249580346625,0.09000621446633683,-0.22445422781290264,0.3466140134270453,0.4137477624700706,0.04915694998475142,-0.48080082400619256
2021-09-23,0.8765677732831887,0.04812402886495284,-0.3988731354712934,0.5033441201437099,0.0683159251898236,-0.2653664394863549,0.3562931502264992,0.45383799991961216,0.035364107135154074,-0.48647071914374884
2021-09-24,0.8775411053723565,0.04760256523272673,-0.3979450242037158,0.5036347524969997,0.07233480742719546,-0.2602503442710365,0.3560552157443133,0.4483074530930746,0.0349174093176528,-0.4884543842765603
2021-09-27,0.8799868316840372,0.039234074226001385,-0.39353525127472216,0.4848098737622524,0.06567867660137534,-0.24615099189956788,0.3290928030310951,0.44589526793987444,0.034301815609574425,-0.49297098577364207
2021-09-28,0.8956108470177799,0.07946428328889753,-0.2786711883544481,0.4717913114465299,0.11109843548436914,-0.11622399825347351,0.31895874039640254,0.4585542606883461,0.04006798424146499,-0.4679274568745309
2021-09-29,0.899465886734179,0.08095672970366752,-0.2757666130151813,0.4708877078235867,0.10689880520325713,-0.13186018391600152,0.3327062265940697,0.44878975302658247,0.053565234392208574,-0.45559627693758065
2021-09-30,0.8884900299134751,0.007416492298242551,-0.28152323624719483,0.47234301934619694,0.08297744668465148,-0.1382094682080339,0.34194070790567166,0.4267654441319494,0.070420078273626,-0.44263514898177203
2021-10-01,0.8848287343165823,0.015685158762313113,-0.23841435943678327,0.5006366459920528,0.08683403612965737,-0.11703201669362454,0.361667254249181,0.4292541645954012,0.07417086030093606,-0.4373075789697283
2021-10-04,0.8898589952981468,-0.013648143099003866,-0.19182907201396446,0.44057371064901174,0.050329009444083826,-0.07954048978950921,0.2834674209310099,0.44783394824179334,0.07858871861883632,-0.42700314607157464
2021-10-05,0.8934126348686073,-0.02476546701806471,-0.2129327080982436,0.4552683140818764,0.03607435732818096,-0.10699337372666372,0.30348034143596764,0.45154073150993906,0.06936695174331321,-0.43789011455195365
2021-10-06,0.8956205008888453,-0.019599385875746562,-0.21368436161653806,0.4421063826259356,0.0406195580567473,-0.0974836894714623,0.2799903571040617,0.4597648077504238,0.05730873587817902,-0.4387007988318787
2021-10-07,0.8977029608635113,-0.034947905232241484,-0.24007262849362712,0.466375328595283,0.025444889783567605,-0.12415077438596746,0.3043116693799714,0.44758990903055684,0.08304013905865301,-0.4310173252757594
2021-10-08,0.8974169851635324,-0.03475549073527109,-0.22826235313667523,0.4630617933826043,0.025636002428251085,-0.09859394249298323,0.29586889445380593,0.44832277772322454,0.08478424311392437,-0.4200543236550824
2021-10-11,0.8972396742565972,-0.05286029733482737,-0.22740502931470907,0.45357175493243285,0.010232154849981055,-0.0975611044394742,0.2871531756453503,0.45065913282618836,0.08396055887829555,-0.4209436853661429
2021-10-12,0.9031810854046881,-0.05119768139412411,-0.15665865438552615,0.38699947231235204,0.009331318976773362,-0.07018281846918058,0.2605847824394303,0.4729092636504237,0.10666379126487331,-0.30591844338967955
2021-10-13,0.9005855275352412,-0.030273501661001286,-0.1133479584242549,0.37781516953455707,0.04496773718362355,-0.024733183417562078,0.24667807047163356,0.49624048336902304,0.09946572177805849,-0.29687384033472103
2021-10-14,0.9071191726987132,-0.010036056720009064,-0.06363992630881309,0.3588146586202588,0.06039128475991912,0.016311881376891896,0.23467662685912904,0.49709790486966954,0.11936750458440097,-0.254993665887397
2021-10-15,0.9091931194931352,-0.0406673848038998,-0.08015152715053721,0.3581131695037431,0.03454464266749272,-0.0069759441817259515,0.22713675035783507,0.5037542169246102,0.1070954185179802,-0.28060894426908317
2021-10-18,0.9023161156986487,-0.035423376354233004,-0.058959954628495376,0.3561490122142007,0.03711437025519234,0.02313433241114561,0.21652939331729454,0.49814540678039243,0.10958505765899369,-0.28173070486672686
2021-10-19,0.903868435962871,-0.027105276926952596,-0.08422535513016875,0.35822424315600127,0.0427707936079261,-0.0009186728920306748,0.2196927686455486,0.47381183157847084,0.11202367227888475,-0.2839092903530419
2021-10-20,0.9017522114205794,-0.016318058099625877,-0.07503227910775173,0.3584697163497505,0.044438668650739754,0.03351380037822768,0.21190708930357885,0.4572335095505611,0.12186479983012172,-0.28492857114624903
2021-10-21,0.9032114919036706,-0.015357388361133904,-0.07503594783584754,0.3522807679452525,0.039712860500663916,0.03215165638888859,0.19956362006301995,0.45765635914627023,0.12115395215447497,-0.2825986518687954
2021-10-22,0.8993073677528508,-0.029135865788523823,-0.0743306915516823,0.3449879075823508,0.023685370520217457,0.008233350214104606,0.18778459417638427,0.4862114082788886,0.1085648663580799,-0.258653123997933
2021-10-25,0.8981778489063498,-0.03147680820000155,-0.06775946450503487,0.3399807313168573,0.02905256383568152,0.013028145533416802,0.1787983493083374,0.49614831256044223,0.10241724863931814,-0.25742903775379733
2021-10-26,0.898442330339485,-0.03252887889538146,-0.059713665268930335,0.33774230059656585,0.024713363592534142,0.019617562555624496,0.184210138467137,0.4814030889263392,0.09392374275186396,-0.2180675224485408
2021-10-27,0.8921844432796213,-0.03536599005492601,-0.08591667102410694,0.3624164562464111,0.026452613531709628,0.02483498631251249,0.18058928961628865,0.4730072857299315,0.08179038392203687,-0.2675762152591712
2021-10-28,0.9006037317354689,-0.03475828925006555,-0.08907397969196723,0.3521681957608729,0.025853684812477896,0.016894928035763927,0.19656043231686215,0.4726791090405286,0.08683237255715681,-0.27003425769670913
2021-10-29,0.8994021591015734,-0.03198571038263182,-0.08091922417242275,0.3417752178991633,0.02276235901299652,0.026264468520621306,0.1838492437773321,0.46010642832224935,0.10118804157574166,-0.26581817355170706
2021-11-01,0.9034743345092652,-0.025940632955704413,-0.08070032295717063,0.3463578550273383,-0.003205595483043625,0.002246483197577305,0.17765731376252175,0.39373267213258134,0.06626048574593449,-0.3083303126998343
2021-11-02,0.9045573256509667,-0.03801024741993576,-0.0779006304168421,0.34518592341975207,-0.0011420405500836986,0.006483854577069064,0.18228088016612773,0.39044673785774453,0.012459175177375553,-0.32697596171358867
2021-11-03,0.9094152645091534,-0.05104584036007391,-0.09165405706669819,0.2961995134844913,-0.02152964008940819,-0.023165893250562758,0.1412907033110021,0.40534021399580245,0.05937207241727346,-0.24462242120376876
2021-11-04,0.9085443263569696,-0.04535536700755707,-0.07889898396147632,0.28791065882338773,0.017876729158308877,0.0038989161498947838,0.13006364755553582,0.43392466658693074,0.027766412749878833,-0.2533147725555791
2021-11-05,0.9071585827443307,-0.03504862530808223,-0.0657396275552161,0.29343437096624897,0.01635810602473364,0.0033241325148418072,0.12777268709589024,0.4587480129113062,0.06792150556921718,-0.19808544425856603
2021-11-08,0.9065464796261128,-0.03965246033571207,-0.07148929206314503,0.2977716312569058,0.007607657939341991,-0.002870917059780516,0.13084409598180397,0.4272703175915315,0.10225576353697907,-0.17528735757712682
2021-11-09,0.9072227336248029,-0.04712173894802089,-0.08541412569373358,0.29238249006185885,-0.0003099737445254073,-0.025283050467155097,0.11779363237136105,0.43124070617273774,0.11586282465394374,-0.1508918614415719
2021-11-10,0.9066850647899086,-0.07701096198138162,-0.039657505495350236,0.30959013123694645,-0.04273763556135024,0.036849337376040285,0.15443819375608578,0.36400744192168066,0.06758961953520115,-0.07586374933933533
2021-11-11,0.9046121852551385,-0.07889761140626785,-0.029549721041835057,0.27574110077811725,-0.04094158978778335,0.04466220691739439,0.1237545097657663,0.3614504464528752,0.0663220247414054,-0.06570481692039482
2021-11-12,0.9067210182102742,-0.07565564889041705,-0.0379036058933157,0.26985771917401397,-0.03526745058134938,0.030820913734744427,0.12255060393223184,0.3688976667043629,0.057614640497436885,-0.04735953484103043
2021-11-15,0.9051535713922657,-0.07533554816041804,-0.03743000287449483,0.31827736576039173,-0.03428610511514917,0.032454474099524074,0.16525666516161014,0.369467213611438,0.05955128841249858,-0.040665494319497744
2021-11-16,0.9037869001257699,-0.11129981666324373,-0.03911111972796323,0.28570983986866855,-0.0842010401086284,0.03081617274700777,0.09219908327784716,0.37689940572766206,-0.01664401380806498,-0.04324754542718565
2021-11-17,0.9026417923850599,-0.11818034068367768,-0.04469678748438615,0.2979744066918566,-0.08402780174928377,0.033028798865094286,0.08705360927025572,0.38771417630378724,-0.04317021547594166,-0.04158919980927277
2021-11-18,0.9001143684443318,-0.1187574638069069,-0.03931142284326081,0.2993591093289312,-0.09193898909552588,0.04065767096146243,0.0952184408590983,0.3739388554504324,-0.0400933097360164,-0.030744358046696795
2021-11-19,0.8928496727587856,-0.110864517493965,-0.04153679867736212,0.29321289726236544,-0.09878811290696474,0.05435190612587945,0.06385379413092712,0.34639947568672697,0.002219778318449858,-0.07115594197585969
2021-11-22,0.8860871936426126,-0.11866181780887529,-0.04523556180273238,0.2745364914274267,-0.0562695697725741,0.07237443465398241,0.033939905930914636,0.3669875514356965,-0.052881696342175946,-0.09557414193710664
2021-11-23,0.8838012173093607,-0.11473535012254539,-0.0499330536175602,0.2681992795938699,-0.03493163128080892,0.08106403376204248,0.009869535587231257,0.386904277775823,-0.08137500265773123,-0.14062904865647427
2021-11-24,0.8839718227265975,-0.11383834942484126,-0.044078200716007945,0.26254139072075144,-0.03452731712635685,0.08514066229082748,0.00546862837643742,0.3795043341385482,-0.07786501011585137,-0.1605721354533302
2021-11-26,0.8896307288181452,-0.09611336396070808,-0.1669398029705414,0.45279750154245163,-0.027473439589960222,-0.01256073698362838,0.20145493135120812,0.35243429072983457,-0.04000782943822489,-0.33573202881116226
2021-11-29,0.8944690796227733,-0.09606292730134354,-0.18668485576204488,0.4533150534956853,-0.031725930328316145,-0.04081169711192735,0.21354927478908925,0.3549747727866627,-0.036818954438523364,-0.34937103999515623
2021-11-30,0.8956608686014138,-0.05883326933054145,-0.2367368078431053,0.49892052573269874,-0.016628247045352304,-0.07456895787624818,0.2570474124731864,0.3563388860429436,-0.003906374547429019,-0.38775094955229167
2021-12-01,0.901130999699167,-0.0915109568880024,-0.2537875183653126,0.5046458360897016,-0.028682526261305998,-0.08763204451687137,0.2739565184064511,0.3429649502516054,-0.03391603471531785,-0.40392130259233366
2021-12-02,0.8938055197311829,-0.10972671974313426,-0.2441536572654213,0.5226827141264219,-0.038014084320398815,-0.0830868486891114,0.2871397399347153,0.34525024738906207,-0.0440633315688834,-0.40548014852652836
2021-12-03,0.8935337650859075,-0.12200464672128032,-0.25222685485692103,0.5190446206764828,-0.06410110132500847,-0.10660611791880646,0.284418545607077,0.35211191411426207,-0.04134517491817801,-0.39772656018622204
2021-12-06,0.8916223347196217,-0.13805469399739673,-0.2947054141253473,0.5617808961037731,-0.0758445604829524,-0.1350280032286625,0.31378599008537833,0.34696473998789845,-0.04122829493768287,-0.4179848938548287
2021-12-07,0.9017390807778024,-0.11686395579160173,-0.31435695587873724,0.5666612388124869,-0.05037869451964612,-0.16207246674035536,0.3334942351480425,0.33549307294785324,-0.038480834732632786,-0.4324236368462876
2021-12-08,0.9023109237442185,-0.10787726347472965,-0.30322997893533277,0.5670264225105396,-0.045395333828025394,-0.16212362274855294,0.33481164739240094,0.31467800154980835,-0.03516222670082894,-0.44014678955173875
2021-12-09,0.901629028420094,-0.08703902971910106,-0.30606774896937267,0.5673151744395459,-0.020212566340481113,-0.169526109847062,0.346360779890889,0.30325770774979854,-0.006976296637212123,-0.4438402085970566
2021-12-10,0.9035213753102977,-0.09773599816164674,-0.3098629066625645,0.5731833121558166,-0.013574003658053297,-0.1720424353771025,0.35429080130933477,0.30143019209872063,3.5817123107964286e-05,-0.4450067937168774
2021-12-13,0.9032456066112075,-0.10851295957460733,-0.3410626050963588,0.576088569389308,-0.02513862541993557,-0.20938041505265617,0.3571816497185625,0.30200353126029217,-0.0038536091215058163,-0.4522340204689126
2021-12-14,0.8981097435663239,-0.05936715714292794,-0.3103128948221805,0.5785390958018892,0.02711934500722784,-0.1735985870346424,0.3532248235413897,0.2903585381053477,0.015327154987047181,-0.4438723857846554
2021-12-15,0.9031829773080753,-0.039269903737137235,-0.32668014014367847,0.579338801522497,0.04430253542657785,-0.1961956687278319,0.3590362246620223,0.2817847383132393,0.02118782346823945,-0.4481439884138619
2021-12-16,0.8960664787420951,-0.05992599476557739,-0.33701078482266905,0.5648182255449522,-0.012321276640397106,-0.19763316928735716,0.3304338805551867,0.2837869363974166,0.03187271377243519,-0.4583691657768492
2021-12-17,0.8926460730674587,-0.019836252316208572,-0.32380710282875336,0.5670841415143208,0.009556370288204746,-0.1858946381261244,0.3287776829350805,0.23159646019548724,0.05733083119522905,-0.4608097574174234
2021-12-20,0.893431260101372,-0.006031781183473529,-0.3022125717244328,0.5721581128674578,0.018568553346510714,-0.17339802914288655,0.3357331617831704,0.23607373521210298,0.0658639349656684,-0.4452060135187369
2021-12-21,0.8995263276197478,-0.007619076012566958,-0.3093464949443716,0.5993810260533047,0.017788541451577607,-0.1867352576297476,0.37675983539658103,0.2384308821688396,0.059411711109516895,-0.4446052668929244
2021-12-22,0.8908529297243574,-0.04365655967227788,-0.387911586782413,0.6173798227350735,-0.02210754190047703,-0.2643936733053479,0.3878322360790786,0.21450553664604707,0.06499036217304185,-0.45836611299046004
2021-12-23,0.8921120138151587,-0.04139338890298572,-0.3927482832820422,0.619191842622799,-0.02369824873839234,-0.26955895980008954,0.390393707778624,0.2117589098062898,0.06603217545010652,-0.46184516025741007
2021-12-27,0.9025406865487212,0.025803432731228856,-0.39179843261370895,0.644992394985962,-0.000357646103072469,-0.26324438342435386,0.4055330243736413,0.22553100392936756,0.06591842619736345,-0.4542254510175459
2021-12-28,0.9061652290409292,0.024394678387869642,-0.41035310878924075,0.6425992680299606,0.004417964589480901,-0.26439691043163316,0.4018021172431612,0.22733006170424294,0.06261497520652684,-0.4645053068038397
2021-12-29,0.9013236674927699,0.042605484568811566,-0.4232866507240798,0.6888061588452564,0.025683984843341712,-0.2768465002096669,0.448946383868507,0.2304205333906473,0.05327569744093602,-0.4639266439311338
2021-12-30,0.8999898504399807,0.046427910239805914,-0.41723009754270735,0.6826829227123374,0.03075600225600175,-0.26852091276289786,0.44020616564856424,0.2309180000920392,0.06398374269282901,-0.453523844900971
2021-12-31,0.9000344959044864,0.037567540607381135,-0.4213237135943163,0.6973249305991926,0.018029798963204707,-0.2734839068128442,0.45662816373692466,0.229633242430934,0.06139205649594632,-0.4497298217239483
2022-01-03,0.8996561289085747,0.029156907120360117,-0.40975508132897837,0.6942811004027377,0.000801433609440617,-0.2788672572070003,0.4532760530487673,0.29106202015135424,0.05852347930834672,-0.4303977879655661
2022-01-04,0.891372221619417,0.02561557766986586,-0.41420783950743817,0.6914528353507018,-0.019071254051757983,-0.2741814391129513,0.43543381755945737,0.28309703148611914,0.06691589247208722,-0.4334309175979876
2022-01-05,0.9009170961766588,0.037945205327194476,-0.3802903682124953,0.6795550461863357,-0.0007207168297981779,-0.2369214278186371,0.4235417147454803,0.2851619888781006,0.07085852841947941,-0.4301260779920726
2022-01-06,0.9006496701406074,0.048183813675330825,-0.3782987043444939,0.6685408805913464,0.0072018316774472195,-0.232349843238295,0.4166273590985708,0.2635254550962697,0.03891633554107641,-0.42945583516948
2022-01-07,0.9009022722182934,0.03366525166826153,-0.37624461933512043,0.6683671697434277,-0.02519991656407159,-0.2297432863395015,0.41679203236926504,0.23027164282095922,0.03774043009543585,-0.4294884340410147
2022-01-10,0.896942568147779,0.0226323092072623,-0.39964119515272556,0.6736821278920083,-0.03379707508425284,-0.24362529323540807,0.41279088331595815,0.22999795543288348,0.03247431816935779,-0.4349972010900782
2022-01-11,0.8985266310696822,0.07832520438829227,-0.3804183707626192,0.6801671618420931,0.01568073564131945,-0.2234497003853153,0.4281180452273077,0.2318743102834367,0.0812171912952952,-0.40876770565817666
2022-01-12,0.9004293692861213,0.08106485527789871,-0.38388450745616337,0.6812530145427347,0.022536293024835292,-0.2323828141410274,0.4333949571274061,0.23385295751234084,0.0825331432328215,-0.4101303860429696
2022-01-13,0.9043894843725799,0.08979408940420033,-0.38689305102993177,0.6770807379948349,0.037104475730583,-0.2440380942232687,0.4315012446683174,0.23619349040203994,0.08463329218981193,-0.41317135455023124
2022-01-14,0.904503085371618,0.08330419530280167,-0.3768737703109426,0.6683529885171093,0.03604345566625262,-0.25329603827675995,0.43695544881839543,0.25963930937053026,0.06645015827112416,-0.4266230901579862
2022-01-18,0.9109110131681944,0.09024409699857337,-0.31299506473202926,0.6261822488156412,0.045101529249852786,-0.1967523260400318,0.4065085411102364,0.2614122736361934,0.062000483311054934,-0.43497910749336166
2022-01-19,0.9134010340570526,0.047679263568988384,-0.3224539718066981,0.6207120618970029,0.022517539132893487,-0.19561771676946343,0.4100093262972117,0.2645527179042898,0.055382569953885026,-0.4451400754787721
2022-01-20,0.9144116758086566,0.04639095580373679,-0.3295994811583983,0.6224304484334962,0.01650355820234432,-0.20286859013038794,0.41606985757093545,0.26303534634978587,0.060180093568675166,-0.44695384112227116
2022-01-21,0.9204026728249893,0.06428393565442539,-0.35710162827388137,0.5991860875797735,0.03828905074854113,-0.23791920162618593,0.3986510574671078,0.2684016844520853,0.06750818687484163,-0.4494579429360438
2022-01-24,0.924230376230905,0.07200460671071507,-0.358901520281611,0.5922881845372254,0.04183884819729172,-0.2564079302112409,0.4032047262009206,0.2547439330601341,0.06803397287226029,-0.42287697870677665
2022-01-25,0.924263964539973,0.06558908349189974,-0.3509981547505753,0.5731871882499635,0.032209484047116356,-0.24557444232323286,0.377136068716035,0.2534881973447679,0.07179006190306458,-0.42190779511076587
2022-01-26,0.9240870810976435,0.07598206416255346,-0.346467158033283,0.5727681431950022,0.04047277298915984,-0.2470736257253514,0.37948343751771246,0.2925078312721186,0.04919313571559101,-0.4240855011790371
2022-01-27,0.9241066993942533,0.08311203112601126,-0.347431515245898,0.5710377673139954,0.052338320158827764,-0.2544640000419343,0.37684995542199573,0.2352828401567776,0.043769269622517405,-0.40991910122282665
2022-01-28,0.9308351820141384,0.06474979509793527,-0.33091731374604105,0.543050317182293,0.036980593415021426,-0.24433862961532035,0.36161369158763473,0.23724105143928564,0.04336051610282015,-0.41021855479320407
2022-01-31,0.9332950930749608,0.09806372360249514,-0.3285779446128948,0.5688835255383611,0.07939170176059492,-0.24087831590655037,0.3895366964955244,0.21622924905158442,0.01667059254836019,-0.4512686576069493
2022-02-01,0.9346978674954639,0.08839305184273029,-0.3426724086272941,0.5712880858819853,0.05822142895866508,-0.26361785464883125,0.39805604965840385,0.19541327937974276,0.0270367950286897,-0.44836110840139665
2022-02-02,0.9348577608885466,0.08698327217034736,-0.3495317135286814,0.565297693733466,0.060131241939606554,-0.2672083458902358,0.3971976808710181,0.16161272873311466,-0.00717401343827817,-0.49142800280079696
2022-02-03,0.9393403054329352,0.08897285358929834,-0.3100789941600145,0.5208206788013166,0.06424736205353195,-0.22200604780911765,0.34914100303372075,0.16423022103255744,-0.011720886376216185,-0.494751327057983
2022-02-04,0.9383795843790612,0.0939829472140305,-0.3153554973203711,0.527511799721144,0.07162013626867719,-0.23386719014529336,0.3617728333079722,0.14323833889633683,-0.015028782811487066,-0.5253582514545974
2022-02-07,0.9378420044454296,0.10871598562108142,-0.3449282475215579,0.522538249257828,0.08709554063244081,-0.2665094521175444,0.35150522484876506,0.19630285201721212,0.01436991510671057,-0.5848810138430002
2022-02-08,0.9387792276841387,0.11379329453112041,-0.3496670838419404,0.506920007581313,0.08963233974659549,-0.27193716026440695,0.33816597254816677,0.19267245903492916,0.010419214292062367,-0.5729691557948784
2022-02-09,0.940145746897069,0.12037170363766668,-0.33538751578274734,0.5107631479024701,0.09676194012956248,-0.2577944797054161,0.3439182792811742,0.19672073878022123,0.0141935839120261,-0.5733242333924929
2022-02-10,0.9417837912243522,0.13054503161636608,-0.2856961968745847,0.5061613556907418,0.10614180519539444,-0.21746720647462867,0.34388261476864534,0.20371830186145842,0.015979792710171747,-0.5634674502244816
2022-02-11,0.9443944109395465,0.05839396098810373,-0.3150353910375783,0.461561705862233,0.029884827125587963,-0.25280221953154997,0.29976908899407073,0.2521137699024284,0.05946894138537972,-0.5207089952688202
2022-02-14,0.9437408799994059,0.059029927459390764,-0.3080996610793964,0.46225781541804584,0.029226568450402217,-0.257944587995587,0.30605907470147964,0.22235746260519526,0.08468906477352685,-0.5130607823889115
2022-02-15,0.9465465309703003,0.029672088087321878,-0.32777809342336606,0.4106353200002008,0.0002807704606937496,-0.2840221881067173,0.25417777030502114,0.2424690529316953,0.11475916948771017,-0.479998630250645
2022-02-16,0.9488540841547474,0.03162266498876227,-0.3264248939497336,0.41305049806052596,0.01033332371313016,-0.2938913547863248,0.2685364661041272,0.27807684686836565,0.07716642232853012,-0.46921949903497756
2022-02-17,0.9523074150213401,-0.02804052574765376,-0.3461863904135363,0.39556808136546345,-0.06840424764001303,-0.32127757442711624,0.2589413333892783,0.26522882198975134,0.11278628916610979,-0.4596301580348815
2022-02-18,0.953310190129942,-0.022116492216994722,-0.3510395670619827,0.3936662263102175,-0.07003994941280714,-0.33455157524014234,0.26175136648299707,0.23587261878876606,0.14298769719779894,-0.4345679463851027
2022-02-22,0.9525188624139608,-0.02258215104360715,-0.3708893085873411,0.38829735052279885,-0.06961473946692144,-0.3536737667026178,0.2604349822553137,0.2497278635955323,0.14247443496849435,-0.43180626696999425
2022-02-23,0.9578678825039179,-0.04509733300022217,-0.28097939672497424,0.3135325773085593,-0.08582823617921499,-0.29479430592163514,0.2298877891529587,0.26777767159915683,0.15161074413394604,-0.296802186686277
2022-02-24,0.9554498832571006,-0.06187688379707751,-0.26263250111845504,0.3014445548360684,-0.11138508835862886,-0.2668607115611717,0.21130967209665832,0.2585776987150413,0.15578426894439995,-0.2946944430486381
2022-02-25,0.9556053084744485,-0.10924111689579101,-0.2133301176435109,0.21375246043680307,-0.13483589171579036,-0.24765791033341228,0.17550232745430663,0.29749773555645476,0.11869864346283089,-0.23325539334863876
2022-02-28,0.953410696018953,-0.10630282537998538,-0.20040204703330924,0.1908211044954716,-0.12219849244592905,-0.21562522287885577,0.16167748580551303,0.3268863060138061,0.15430841861665295,-0.15535276556060407
2022-03-01,0.957041941776713,-0.1275187189848062,-0.2301494954026075,0.08481508362917542,-0.13785078534461584,-0.23086004419225506,0.0972320678395122,0.36370729687380726,0.2760700247307146,-0.07538777038912998
2022-03-02,0.9561095440438329,-0.15432713021511776,-0.2773780655057201,0.1320354913054548,-0.14951053293829533,-0.24987003414723385,0.12278774976883315,0.39609647709884527,0.21106301098098293,-0.17335675300167888
2022-03-03,0.9566174435253763,-0.15039698866879828,-0.2668315068910125,0.10185549190638325,-0.15170217386544915,-0.2523664416397357,0.11739962137895393,0.39770973059780823,0.23021750929118498,-0.15305595749024484
2022-03-04,0.9544255342661483,-0.17601060256026863,-0.2656694931118324,0.042601317749912264,-0.18073038673966263,-0.2538255714630177,0.051396012252911794,0.4335748732499179,0.2974565254569726,-0.04288727176708009
2022-03-07,0.956633426173548,-0.22620556377745857,-0.22608654342875478,-0.019823479162579875,-0.22308889777587207,-0.21954572163822872,-0.002610274023162443,0.4100179116657308,0.3280348196503287,-0.04675479227634629
2022-03-08,0.9557268015728614,-0.2403737530550966,-0.21467552822336106,-0.044117481652014866,-0.2231557831707179,-0.21191861535379256,-0.024555528352264887,0.35116765904418956,0.3530349416964361,-0.04869260104179387
2022-03-09,0.9586243626484375,-0.3360603513896617,-0.2337799456097554,-0.2280956411631869,-0.31546076605887574,-0.23044763546741578,-0.20451505731040276,0.3594045151431689,0.529682258718286,0.03368567952325564
2022-03-10,0.9580919471516892,-0.3366265593319582,-0.21663596890551276,-0.2304523905750423,-0.31620823063279213,-0.20709778767927925,-0.20391460953104584,0.3574201588535402,0.5260501420699967,0.0712924512977866
2022-03-11,0.9584835006646055,-0.33096999496573737,-0.22257938454549547,-0.24694790468335845,-0.30819816269911443,-0.21358839059695592,-0.22187401616305233,0.3496083602698974,0.4978984473780359,0.07811552057213585
2022-03-14,0.9558962467576707,-0.32030473244179114,-0.18862292267752628,-0.23305611103197837,-0.2841746747973001,-0.1638671291300343,-0.19304522297588314,0.3918181090433829,0.526799226290796,0.14401443276562176
2022-03-15,0.96145601714349,-0.35561757184577436,-0.1812434574069342,-0.2868250066078019,-0.3127140058304788,-0.15608000815519982,-0.25282596914600325,0.3772897305045043,0.569190281721804,0.13639635011409634
2022-03-16,0.9655984523278759,-0.3366119957924994,-0.1321639332600898,-0.3042578177908983,-0.284965877328603,-0.11208616256985701,-0.25996518376174554,0.3937513617893711,0.5637739219941915,0.15035885401088944
2022-03-17,0.9661826330773489,-0.3368312271179334,-0.14600867348532012,-0.25949457935115094,-0.283929089402266,-0.1210797247518997,-0.22369662833198806,0.3867117656067895,0.546475624055979,0.11673701846896503
2022-03-18,0.9653062785302151,-0.34790216423917214,-0.12323354013500697,-0.2815837417688805,-0.29780866495237734,-0.09211948542867952,-0.24036306757032985,0.3565725920212609,0.5442937041616795,0.12346824639752291
2022-03-21,0.9649673873594132,-0.36126466596810625,-0.1294536801836189,-0.2784717104388075,-0.31021183349988196,-0.09553166829231373,-0.24016372034226524,0.31949068617342297,0.5446040501920607,0.05243186289872363
2022-03-22,0.9652084187312329,-0.37142194998291705,-0.13774176370221228,-0.28790612234954077,-0.32214948918915104,-0.10678469053859468,-0.25080034055281647,0.3301741902910482,0.5483773340051197,0.0637405061236525
2022-03-23,0.9646237796580478,-0.38921117786245996,-0.1716757229724708,-0.3168040268646449,-0.33466085723255606,-0.13159357654424017,-0.27274854110120733,0.35570613878148133,0.5599927610366113,0.09698122378124122
2022-03-24,0.9656631714582807,-0.3725656751638766,-0.17904306084779267,-0.33203467511111967,-0.3195523296641769,-0.14011701434614132,-0.2897488787941996,0.34868133547908314,0.5419374852765804,0.1045985050119782
2022-03-25,0.9645598893823814,-0.3746605543332986,-0.1832869044678528,-0.3301703224289214,-0.3190931807525226,-0.13938712754467072,-0.28955434465314006,0.3535391221500373,0.5389181072856946,0.10135004335552984
2022-03-28,0.9642630807229086,-0.3804777155892066,-0.17183312345185742,-0.3356501642390048,-0.3349676933159631,-0.12457385120619358,-0.3089392590464272,0.30784567813661506,0.5770680204637108,0.057832442217727056
2022-03-29,0.9648500390953295,-0.37788767050295813,-0.15624014516852608,-0.32687695897482916,-0.33181562723251695,-0.10931510919521344,-0.30173409674670065,0.3035816958358489,0.584366634667309,0.06767775927275736
2022-03-30,0.9648323545618532,-0.3769227290699598,-0.150406820011925,-0.33065064816499207,-0.32868210102930717,-0.09999187723074031,-0.30639593758875494,0.2707511112030348,0.6016742723223191,0.0801723359932868
2022-03-31,0.9659805943579856,-0.37339755399635444,-0.15472479740823833,-0.2897956331443673,-0.3231680216633936,-0.10536941275468237,-0.28138507405837127,0.27347526138778144,0.588961608428757,0.0700505167056266
2022-04-01,0.9642276791693511,-0.3903036093332645,-0.163440302206731,-0.300342445909503,-0.33826690549225386,-0.11689829726119198,-0.2929831517662409,0.26484943038758785,0.5873259899609848,0.06771714017749118
2022-04-04,0.9632504354338979,-0.39093902877564163,-0.1678830993814151,-0.28742554123031006,-0.33278513419696587,-0.12449984745692667,-0.2723279539993069,0.27256953001807555,0.612799087786995,0.0562669607693848
2022-04-05,0.9639903664221314,-0.37451634080025786,-0.13762680155402365,-0.2702223880845208,-0.31259720779667294,-0.09159698605704128,-0.25286336319900765,0.2894048763368182,0.6194423533947423,0.08107168379913822
2022-04-06,0.9635468006311992,-0.37433791968126195,-0.1303525147997684,-0.25848115029323954,-0.31218934588269814,-0.08168909327539908,-0.23408035320297166,0.28684262366279084,0.6163036254559223,0.09049890261525757
2022-04-07,0.9628773562257968,-0.38998607969198307,-0.1429616104390364,-0.27284826232709425,-0.33077421686342395,-0.09361030984806792,-0.249972542408614,0.2749500164226254,0.6090668793144476,0.08099052674018288
2022-04-08,0.9609727201806992,-0.39125945182934857,-0.14003769396858365,-0.27476029911438055,-0.3354587269404434,-0.08454675280663486,-0.2536163346271986,0.26718645802964,0.609568840040431,0.07768236010936297
2022-04-11,0.9614819795887269,-0.40447837884240995,-0.10129243296090214,-0.2622268062685172,-0.3520732174635469,-0.04460954425573968,-0.2456152052563475,0.2660814741839726,0.5984172642426697,0.09999455380020739
2022-04-12,0.9621754639700124,-0.4051093089755707,-0.10083418570672474,-0.26515901751588217,-0.35037978052393115,-0.03805743372915797,-0.2510181817202393,0.261714108698147,0.6101605555204048,0.11516784179060956
2022-04-13,0.9615278535792093,-0.4091440510561612,-0.11841726098322189,-0.24595760422236232,-0.3509240850343611,-0.05219469687256296,-0.2282818222421267,0.2605476424761198,0.6137676351876914,0.12661431648924565
2022-04-14,0.9620161781882159,-0.39004245119453146,-0.08482500955709357,-0.25083271758260967,-0.33313026152643693,-0.01717199168670704,-0.23254429564326762,0.253840067617339,0.6228411740609324,0.11832291287363148
2022-04-18,0.9620176277352358,-0.3971227264676798,-0.0760495283768233,-0.2564219706362905,-0.3377325542253752,-0.010283208060921614,-0.23629480475681638,0.25900266641505343,0.6223130757410095,0.1222779468616132
2022-04-19,0.9616364142804363,-0.43420055753552,-0.05447732146212028,-0.28373211359105305,-0.37347272222013245,0.010893724130066165,-0.2624490204488871,0.27632881573954876,0.6372000931545783,0.1324219420630783
2022-04-20,0.9583062721442597,-0.4373259517250245,-0.053141981047072115,-0.28225032929118765,-0.37863126996673646,-0.01010139601914861,-0.260345902940462,0.28396131925104334,0.6418721339264624,0.12641662109738183
2022-04-21,0.9586827581423285,-0.42339259424197156,-0.044100545948274804,-0.28076880849712604,-0.36715341940857543,-0.0017185430762149698,-0.25898814788751623,0.2858960260272123,0.6386777665106572,0.1245225472761465
2022-04-22,0.9563749157490355,-0.38487304120953536,-0.03495580529658847,-0.24317943323680624,-0.34577861220380346,0.00432462105088605,-0.23713865679821822,0.274205290136979,0.665766281805221,0.13146776908739313
2022-04-25,0.9560986984336874,-0.40058028934397744,-0.017913991250565035,-0.2472105006498956,-0.37207133830389716,0.029864922721454707,-0.24387688938198335,0.2817028196719338,0.6762015295912385,0.12048584727179615
2022-04-26,0.9567732383588128,-0.38793386414622416,-0.061057295266277685,-0.2632873293647898,-0.3612184887700124,-0.00951518135308688,-0.25835382769712895,0.28216956838380236,0.6753380437099842,0.1296689066980977
2022-04-27,0.955450897047036,-0.4073640870413412,-0.06072094411788572,-0.27091802895849265,-0.38280379344696425,-0.00420726959167347,-0.2683651193994128,0.29315165576348307,0.6735177707560623,0.131298844640447
2022-04-28,0.9578421311978781,-0.38254007137430973,-0.048184134255270995,-0.24639854142248888,-0.3585346732636677,0.006641875496424605,-0.24403696216482593,0.2949426518514496,0.6748229392085492,0.13382507164806826
2022-04-29,0.9605334080908892,-0.3648007618887002,-0.017247475396068634,-0.21539856553516065,-0.34543557452765405,0.031854662564085735,-0.21904474261775497,0.29290878887372895,0.6753354435966934,0.14028001815635363
2022-05-02,0.9587558211751356,-0.38106473059902496,-0.03758928872087744,-0.20726943698907857,-0.37756945159007166,0.001503111671680536,-0.207736283864523,0.3168719602593832,0.6464732180971151,0.13423651240189938
2022-05-03,0.9587921588848455,-0.3803044444018602,-0.02597581136686129,-0.2151219502451234,-0.3796221559120602,0.014828694784414119,-0.2160317032152264,0.32203507707692564,0.6417859534655026,0.133830528332687
2022-05-04,0.960073333255417,-0.33443009856985884,-0.001824225324061287,-0.16571769975049297,-0.34232443270631,0.03416616138927949,-0.1771702299667614,0.3269359841692087,0.6520139503253056,0.1457815190048964
2022-05-05,0.9631959738118461,-0.3081836888770622,0.07474160384346581,-0.1535475587053266,-0.3147018399334442,0.1100003656713785,-0.16412177439636957,0.33086643275261785,0.6556328219236323,0.1389456218268248
2022-05-06,0.9624243612105966,-0.3162332193457875,0.07261400365528328,-0.1589174106702819,-0.3234060085626843,0.10997532013423605,-0.17088340873809407,0.3254471976188517,0.6552201762600297,0.1299702105616873
2022-05-09,0.963478363678826,-0.2665103647779913,0.0242241900808356,-0.08918624924359003,-0.28005355927207015,0.06707244806551034,-0.10911576471483862,0.2928818150981431,0.6689883673266258,0.09157295544761372
2022-05-10,0.9615705819284135,-0.24409537083425925,0.055296394356370016,-0.08049762605334816,-0.25778635890167273,0.11049378841574914,-0.10400330757449122,0.24701447650721745,0.6727641551976027,0.06381702352312003
2022-05-11,0.9619128977747495,-0.2527813319879073,0.027353326896853134,-0.09691274468249182,-0.27179668821369,0.07421819292065997,-0.12726558045352684,0.27084196119039544,0.6771412059911721,0.09868348537422995
2022-05-12,0.9611348460113694,-0.23743822865792885,0.0413102427116139,-0.08044180730424116,-0.254662542239813,0.09064288442525878,-0.10967447827580017,0.2577869761839867,0.6538501788965236,0.08865113973658566
2022-05-13,0.9626855849592062,-0.25586833821117655,0.012576071968072354,-0.061863522993660595,-0.2725693551571733,0.057980356559866365,-0.08856403387767274,0.2586720921393507,0.6554069192325872,0.0830457314704164
2022-05-16,0.9612360578472203,-0.23523293710832746,0.02891909003890093,-0.06062223279708731,-0.25619209366296397,0.07441033023094383,-0.08957913770018086,0.24616467666327896,0.6635555395787267,0.08232093981457543
2022-05-17,0.9621960094717223,-0.24325370549235933,0.0181699056036723,-0.07573730338657166,-0.26369049188242427,0.06620833871263093,-0.10295158809305867,0.2532826151374978,0.6656427343091121,0.08933596241275155
2022-05-18,0.9648663341699977,-0.2347863137388665,-0.05136198882729506,-0.04233782499044252,-0.2571641261429695,0.001014016845907826,-0.07337330145739819,0.2484281023622841,0.6610416149178167,0.06350145511231552
2022-05-19,0.9641312037425046,-0.2316911241191603,-0.06799978917047365,-0.041008240305466834,-0.2502614378529648,-0.014638472035924392,-0.07133417156018067,0.26210612375123465,0.657150195079171,0.06885556974039868
2022-05-20,0.965783371896339,-0.22476742981104042,-0.06983161795971929,-0.04001424195102471,-0.24144383099749833,-0.0214432865444887,-0.07158012074668028,0.26468576102768343,0.6584624605456464,0.072984742894876
2022-05-23,0.9676347983218516,-0.20942094790006732,-0.09669315096834506,-0.032660119639482676,-0.23057198911076093,-0.039588586079115355,-0.06726275015748831,0.25458742584039107,0.6568114193665661,0.07347657709823903
2022-05-24,0.9669339333823808,-0.21355770215082465,-0.10550388116371956,-0.03166366225368375,-0.24479442289011402,-0.07049030203153707,-0.06850427240280725,0.24660058253125455,0.6503455683850894,0.053757389239892046
2022-05-25,0.9674665008310672,-0.19965856961128925,-0.08618451814583476,-0.008775656747412607,-0.2401838295286786,-0.05465310226246024,-0.05381614508768555,0.21752464976195765,0.6310984546881386,0.02651055352048446
2022-05-26,0.9687147263346513,-0.18451853984016323,-0.0432726379138525,-0.020663427818781808,-0.22909503520520505,-0.024428258984302495,-0.05808002222872027,0.19030205233345016,0.6617525949039622,0.08278949654020555
2022-05-27,0.9704720294266972,-0.1762259314388505,-0.029176141137430972,-0.01621530619089172,-0.2176135876638612,-0.005840654732861959,-0.055112337549500144,0.18215691413536966,0.6691794919410707,0.09145162717108986
2022-05-31,0.9699937520554764,-0.1627594090661788,-0.0100860243038563,-0.0034360095067449458,-0.20551236021377448,0.01038067648879286,-0.040101923208883825,0.1633779053211129,0.6491810011579209,0.04750506887727006
2022-06-01,0.9686208979115521,-0.12741168282164492,-0.022835913306039634,0.026336281250234173,-0.17371737463541143,-0.0002322509933945231,-0.014514339678626803,0.17847734895559686,0.6384531541849009,0.054347537332365345
2022-06-02,0.9698896522168384,-0.08297352994835377,-0.02193696054299052,0.044642425376847594,-0.14357679044043228,0.0035572283449268422,-0.0002986233008290186,0.22592599470859565,0.6403983018565252,0.06766753800165703
2022-06-03,0.9690290644829638,0.015876862760215223,-0.0070807762904496795,0.14900410061328814,-0.04984869641911642,0.01840160973610328,0.09380086999021964,0.21145682821656206,0.5401351767820503,0.03698362249183783
2022-06-06,0.9692843835199646,0.01663264802247527,-0.01566313607832733,0.1446985810141099,-0.04754118288000953,0.0069424132576485845,0.08735426876993682,0.2263071179102406,0.5508525940903366,0.03607279895208949
2022-06-07,0.9689218734226811,0.017053076652080088,0.001371917958974057,0.1625659840811885,-0.05117682007229763,0.02159936609748801,0.10541294723671804,0.24529579127164422,0.5698901856034697,0.03776019356849388
2022-06-08,0.9689862979152851,0.005129952681061116,-0.005525114495860852,0.14658337770300894,-0.07578293618251591,0.0005398015293938098,0.08159120006044564,0.20786375623415512,0.5478471717602178,-0.01575848930312976
2022-06-09,0.968294570233348,0.06252043393305186,-0.017487093202167153,0.21377740411618276,-0.02088659376903808,-0.009451443280628708,0.14728564169323455,0.2150036984097806,0.5117512164786427,-0.01853510338457334
2022-06-10,0.9688601537967435,-0.005360356755849535,-0.032064117500345664,0.23467121968677862,-0.08638543770834714,-0.03049359094809433,0.17095414765303993,0.19008261995256967,0.4919632406484564,-0.010144482887656492
2022-06-13,0.9706840948040724,0.08934524431198547,0.05807401413571115,0.2041745130334015,0.008596421900788232,0.05064330707529199,0.14806967031682455,0.2853063975942935,0.45839311706804825,0.008547701101995365
2022-06-14,0.9702370657332364,0.10178939231460105,0.04269447289229871,0.1995556519349276,0.02084826443155922,0.026712083443572412,0.13851102413616018,0.3155681557544814,0.4732511465154746,0.012677167020249519
2022-06-15,0.970404942710128,0.12278586898941529,0.07431587555506426,0.18814069107325754,0.05138887030702301,0.06275116137035991,0.12530891930306312,0.38091383713031424,0.43014682475548927,0.055417663417948196
2022-06-16,0.9713719668067488,0.09086023388324137,0.06038507021012759,0.18475788189832132,0.027435295009642376,0.05406091585127135,0.12615168937641288,0.38525889240773387,0.42580430548305537,0.05161866880076964
2022-06-17,0.9702270902719975,0.10291090688437486,0.083059175023487,0.1872372488160621,0.029637923285206272,0.075320552211459,0.11290071708735748,0.34389925183482295,0.41300012253149265,-0.013458445657458695
2022-06-21,0.9697230477463563,0.07870176156624514,0.057487821261971724,0.21220712157217844,0.006371364866262981,0.05798090771375095,0.13921213674336078,0.35504400110278034,0.4339956324311227,-0.026727146370582624
2022-06-22,0.970451606676658,0.08183934799802524,0.06479951716703218,0.20419396525935438,0.008190385141193163,0.062155448219966734,0.1332822665632522,0.35764115888464526,0.4150740339179621,-0.07439228259942826
2022-06-23,0.9709781360842109,0.09610784538776745,0.06648120447559291,0.23842670583359515,0.028120569563214848,0.061513162064499735,0.17496627326099695,0.38819077024131743,0.3619461765342162,-0.04856257227323012
2022-06-24,0.9712966364760528,0.09119753903303478,0.025341798670957805,0.25475266630399324,0.02507214519365292,0.025112504538228213,0.18860283456704408,0.3857909326775166,0.3580377646286903,-0.07537480555984528
2022-06-27,0.9713176713843586,0.09538326602107412,0.028515358804988566,0.2571855998139676,0.03069221667777821,0.030555624047097166,0.1915330998861028,0.376785713036868,0.34644247704918624,-0.09350923744068607
2022-06-28,0.9725115466925058,0.09812460493683306,0.023630943862449363,0.2261266373411008,0.032728315906084576,0.021834649173070222,0.16783698691869037,0.3745417926821148,0.36227119490122994,-0.07445947694231364
2022-06-29,0.972828425256647,0.10180337447645907,0.023321292860162168,0.22315740950174942,0.03385016744487429,0.025584200647670877,0.16336342367130696,0.376166521510432,0.35972126376594493,-0.09436677974283454
2022-06-30,0.9738404046021466,0.09773010480632463,0.023001371974494228,0.215611144598866,0.02568638807953943,0.026958334570773144,0.14837695055210698,0.3704250078132648,0.35774234972697644,-0.10485335166566935
2022-07-01,0.9735699003614734,0.0927487612053522,0.020296212543775605,0.21413665676350713,0.01835231054719764,0.013898281043076539,0.1399918880679071,0.3609589621943874,0.35023737949274675,-0.129090477143433
2022-07-05,0.971407681391966,0.08227349177034138,0.0197723095093392,0.17490670583884274,-0.010190164642944219,0.017830128898345298,0.06689550460523265,0.3210352083010783,0.43744496439392744,-0.16559578546937134
2022-07-06,0.9716093464460595,0.06813831041605299,0.016377893245343875,0.17129543205118203,-0.023221310989179678,0.011361442972396925,0.06266677801643877,0.34813150988357866,0.4431764434139922,-0.15200470788254214
2022-07-07,0.9736225796025387,0.07239309836883047,0.007208996961491147,0.18973642854269754,-0.01193774776268367,-0.0037666989664315986,0.08871075782774661,0.35912433194525745,0.43826708947070825,-0.15737303299476782
2022-07-08,0.9732721495442683,0.08397121557342563,-0.009184781145598783,0.17889444540313917,2.2323450903247025e-05,-0.02265499022624352,0.07759729263970727,0.3737893252428118,0.45636125381242015,-0.18757143407335106
2022-07-11,0.9728144156035995,0.08937270720217015,-0.021111922168071156,0.18785581769822451,0.006284940994913626,-0.04080385845390575,0.08402042566456001,0.36226582199216506,0.4407644656269201,-0.19364485855527205
2022-07-12,0.9728549840406298,0.08124777572128856,-0.027345904076545007,0.18106474172578005,-0.005576259822287621,-0.04739101207506848,0.07447361352182029,0.3587554539140666,0.4147757028857167,-0.21201425277802682
2022-07-13,0.9730190933999252,0.07783791465824287,-0.04417548475070724,0.1866554137042357,-0.006792214888769313,-0.06895703109075968,0.0834352164158592,0.370283747515496,0.4178868014763116,-0.1968132269420508
2022-07-14,0.9724093571701649,0.07551941641537492,-0.043190947981295705,0.18586109585127814,-0.014064427247431979,-0.07057288869627723,0.08192578643729133,0.381628849019342,0.41186078000986986,-0.1931235209349259
2022-07-15,0.9717073948007697,0.10182986251571319,-0.02481242448816454,0.2261046583143863,0.011763837563514895,-0.0543992841954547,0.1197068848804405,0.37566383859410885,0.388227584809991,-0.2080133331125218
2022-07-18,0.974607243931586,0.09899753721479006,-0.02347222635459426,0.21335339786664276,0.017197921795727926,-0.038681657339005256,0.11323344523741277,0.3571320654594626,0.38914555389746097,-0.2319542014826673
2022-07-19,0.9750327158975042,0.10904082696536127,-0.038425253214187126,0.22955749747878526,0.02699888145746868,-0.05321631219754517,0.13058989671302237,0.35238902735289185,0.3938940576906408,-0.23181941195359554
2022-07-20,0.9749834540939022,0.08428748483241782,-0.04769999892218567,0.212352723608051,0.00210995251214181,-0.05801281431713252,0.11442139664438208,0.3430887754476784,0.3868034746409846,-0.24053967377149119
2022-07-21,0.9753956217512816,0.11445571721563272,-0.03810968907649582,0.2057026439597954,0.039599747323619296,-0.050489922774334325,0.11070881750611217,0.40633392290929027,0.33010806485887684,-0.24986115291374697
2022-07-22,0.973972797576666,0.12240328868308385,-0.027356877099092673,0.23751907307214923,0.04427944534555334,-0.044990614201350046,0.14233444967654393,0.4077974394686739,0.32250367994941875,-0.27080305881933986
2022-07-25,0.9735042365750326,0.12492654889317181,-0.025577847294822327,0.2378952181611352,0.04469596261581895,-0.04284300388667325,0.13858559220546907,0.40132980378420496,0.31969797255790966,-0.2806940344449405
2022-07-26,0.9724590447703925,0.10727727830354217,-0.03046718437719185,0.22717841878783396,0.0239394962656456,-0.048536634053213484,0.1263262677863588,0.4016304615023201,0.31119022012451936,-0.2844514414019576
2022-07-27,0.9710927335281098,0.14714720106982593,-0.07664422478678685,0.2463850219793976,0.06989031031106224,-0.09414702500539349,0.15123780833597383,0.3922157885386331,0.3323186229316217,-0.29850410589828924
2022-07-28,0.97156656553184,0.17940094127554856,-0.06130037261096102,0.23831360386786396,0.10694801878772481,-0.07399086736931086,0.14237834419918038,0.3729431401482617,0.3476020524775225,-0.2932978114391989
2022-07-29,0.9722346599487701,0.18260088549639156,-0.06654244181896538,0.24751970813655658,0.11172936987448102,-0.07718052329299545,0.14864545373160928,0.3684000674139339,0.35737610054408203,-0.2895934265667037
2022-08-01,0.9714729384062469,0.15001341776005842,-0.08327700628767264,0.209968433183451,0.08366013729557842,-0.08701698713366518,0.11131437437864238,0.3761984953790765,0.3109096992005278,-0.3369194531894169
2022-08-02,0.9688117940094118,0.1474784951122287,-0.15676449373609222,0.22058622613621817,0.076003708422695,-0.17623483610482413,0.12163363337739623,0.3858357663310877,0.30681344604008187,-0.3481410479381964
2022-08-03,0.9690295658879596,0.15469236629967187,-0.14494295644959942,0.20539032890711997,0.08641852534670737,-0.1625600473345341,0.10477547408052734,0.40010710496872953,0.2934619907488467,-0.35243455177013344
2022-08-04,0.9665890016050561,0.10216148082765843,-0.128992421311865,0.13399075898516644,0.04288816179039957,-0.14822622281376166,0.025764327664411262,0.4098970983751011,0.20385697156063495,-0.34181082325722273
2022-08-05,0.9672094863105757,0.10609195524964771,-0.12205615355067877,0.1366675752483445,0.059355218989612775,-0.13586499079265754,0.034187852766910026,0.4443730220572574,0.18877100553318085,-0.32608112207985024
2022-08-08,0.9679274915288231,0.12234866620295551,-0.10066332583211471,0.17199826809157454,0.08162903471210654,-0.10687085416780075,0.07961243898569204,0.44325690235935405,0.18003545241860702,-0.35763746103759514
2022-08-09,0.9672474105771054,0.11953184421202519,-0.09926778412221736,0.17351239175918406,0.07367682776032501,-0.10377127514491058,0.08140000315302523,0.44681932538346397,0.20102984017170664,-0.3569161338179063
2022-08-10,0.9673065111181371,0.1373065090013324,-0.08348022820975382,0.16081682714253762,0.09539976702711803,-0.08375357192165937,0.06368047510923118,0.43823384754265704,0.217675143329576,-0.34659518107665266
2022-08-11,0.967372572187503,0.14504222874012118,-0.08015687440559666,0.16442547261028564,0.11035028524242745,-0.07238621910305267,0.0673571659412687,0.4406603115679573,0.19658892580663884,-0.36726375336612316
2022-08-12,0.9669296149478025,0.17795676219567202,-0.04878647221659334,0.17396600397571452,0.1403168296152647,-0.04358435760889336,0.07678442626430766,0.4420974036685173,0.17408731569275612,-0.39122028923392105
2022-08-15,0.9627304274044403,0.1859920124144578,0.024315203789645797,0.14109546305973994,0.14211491499570716,0.025604338573944733,0.03731474583379954,0.4429561088423376,0.19740374708494599,-0.374323519271564
2022-08-16,0.9621778413750096,0.20683139072400175,0.026172226071028943,0.1471164415582602,0.158260560998855,0.02557058381837442,0.04528299444653728,0.4475868568130949,0.18345108101560226,-0.38025376972570396
2022-08-17,0.962631959324629,0.2124378678151852,0.03518502138136567,0.14238969067971297,0.16591490098377668,0.03899310331295739,0.04169843388805496,0.4530706173010563,0.1753579884024431,-0.39685172961045534
2022-08-18,0.9634440762503217,0.2026140610151995,0.06118755765989618,0.13990188803011053,0.1591166876511024,0.0556671802619169,0.03893227127311711,0.4735467247587142,0.16709496412561586,-0.38968394382278776
2022-08-19,0.9665690301094428,0.22504428772258364,0.09829899869296621,0.14018186214997297,0.19448476746761403,0.11169074013437028,0.04087801628637606,0.4681984000937527,0.1665647880837191,-0.394509488081852
2022-08-22,0.967669368674599,0.2423683716915318,0.09849613729096686,0.12569684532798053,0.2133825750072351,0.11113137745070807,0.027765124459611785,0.4740278703403125,0.16495145398301073,-0.3977413583425194
2022-08-23,0.9666506555245142,0.2427930734717113,0.10736293172131915,0.10047258531323808,0.21565442243426575,0.1199988394022374,0.0024103271820308863,0.46422414374457394,0.18313181077307927,-0.39876782399626276
2022-08-24,0.9650298917500433,0.2447067149938122,0.10041353587599047,0.09214571538294011,0.21639302175786257,0.1140696104860501,-0.008974083954529023,0.4582459152813297,0.18623471595033222,-0.4049721733010943
2022-08-25,0.9659091706106042,0.24520657250293626,0.10845258673848547,0.08041258287314249,0.22053311547214297,0.1274345882363112,-0.019258591327011503,0.446586229695874,0.18277873812689105,-0.4194897984103547
2022-08-26,0.968616955417635,0.29099731394125916,0.07907008713033634,0.0876584442846341,0.2633830563662427,0.09927589818020689,-0.008671061228458366,0.4283812991403499,0.18522684815147444,-0.4204895669822041
2022-08-29,0.96784366864678,0.26495517534652707,0.08267678678467186,0.0595745452165994,0.23351691572603364,0.10394255729613457,-0.040317132262328456,0.4316806824405108,0.17000514718746412,-0.43021261110608416
2022-08-30,0.9676920618994839,0.2581185418822936,0.07791639931888748,0.0956679784373225,0.22104389101425365,0.09996406387984386,-0.0029459203164695575,0.42736996981178493,0.20848765937476718,-0.42929658505243073
2022-08-31,0.9674647866802781,0.26447584498355026,0.09064983121061297,0.10465721850142917,0.2250463479662221,0.10949287964905179,0.0033312698569438817,0.4317287045505577,0.2175966191407145,-0.42620554797170135
2022-09-01,0.9673117301108515,0.2509863033801326,0.07366732969359803,0.09107740977744816,0.21750186005123132,0.10038009068510469,-0.00396627602916011,0.43470453385192886,0.21889812877776454,-0.4095589665388253
2022-09-02,0.968379440265631,0.2353483916244487,0.060696494943994136,0.09815741598092408,0.20027032407226786,0.09052218697915833,-0.003281040574464602,0.44069354366987573,0.2247553641313204,-0.39893537727300166
2022-09-06,0.9673991148807761,0.23613773114433023,0.07563504895932528,0.0938256742484525,0.20111375923943117,0.10779087634458219,-0.009362962337423886,0.4446309037762132,0.22229341355698154,-0.3910297042958359
2022-09-07,0.9657822388033593,0.3332317314782405,0.08832034417229909,0.047232915522223584,0.28923872757848196,0.11786500042550734,-0.04943212961301904,0.4843332812054071,0.18297080171725855,-0.41537545239959256
2022-09-08,0.9609639436535704,0.218841983855461,-0.03169808289737685,0.0668365878965245,0.1773650119746586,0.010551848384179911,-0.03838317330227039,0.4200500438281204,0.2080258156777403,-0.42858812309238
2022-09-09,0.9625939921730262,0.22658829559495863,-0.03388057385465865,0.09138144272754269,0.19113222489398088,0.014223288116187074,-0.004917061483193238,0.4113751822263073,0.21740777273354167,-0.42813497329295785
2022-09-12,0.9630171056300594,0.21247003056759173,-0.06647475546854877,0.10809751077220492,0.16495379458762574,-0.025475926121323274,0.013322340283851588,0.37218759314026784,0.24663764100774335,-0.42925148781615713
2022-09-13,0.9660223791134013,0.35977480452080657,-0.04780679829260524,0.12493059526366612,0.30665652800777893,-0.009731871866713952,0.03246458342578466,0.34961526827149403,0.23797440104846415,-0.436253083072512
2022-09-14,0.9680668200185303,0.3618172048480662,-0.04712670872467006,0.13112017217447802,0.3161479361854158,-0.010826523426631398,0.05346815675216531,0.354534891168409,0.2161057761601582,-0.4349726168336271
2022-09-15,0.9685934829748976,0.3956687967482143,-0.007604209248615583,0.14108536816172235,0.3482998409697663,0.02039879115880641,0.06719123124257229,0.33971970412369895,0.25747621205471494,-0.4254612796744657
2022-09-16,0.9682916051161519,0.38646250480308464,0.006089611885280322,0.13699951591916237,0.3427135727960598,0.029964010219974385,0.06453229389606897,0.31509004215717196,0.27812131709956744,-0.40006043880341746
2022-09-19,0.9681295434710971,0.39708910633453043,-0.00033101347721697916,0.14819439122358427,0.3546960691398499,0.021547925025181994,0.07676419320025317,0.32626193196673703,0.27317300027730956,-0.3927728173356639
2022-09-20,0.9658836786541003,0.41744913627776525,0.056988526044881416,0.11557005306572513,0.36632473436861224,0.0655086937735398,0.04555641886594304,0.3356084872635384,0.2771212682014544,-0.37241814864267575
2022-09-21,0.9660111973694783,0.39307739812047954,0.01991588720253778,0.1224291101869675,0.34913241322230737,0.03435717582757796,0.054289575259807585,0.3487046764963399,0.2743377530728021,-0.36386861128495024
2022-09-22,0.9650410907185651,0.3978875300498646,0.05289394187552263,0.14633618294146275,0.35487465757387354,0.07189334604124319,0.08010151081404805,0.3327226068908587,0.2769748902364224,-0.3697551037056179
2022-09-23,0.9649946342266759,0.4207514870329381,0.04473203327245028,0.17893789509928665,0.37127083845672343,0.06397384815782328,0.10707619549489979,0.31071512449542377,0.32185450332640153,-0.364209129858578
2022-09-26,0.9629846599056625,0.42527996116087213,0.07004222745066686,0.18132640943311198,0.3672371542956461,0.07878731866047445,0.09932867246752282,0.3409956118268993,0.3307285436080103,-0.31889570271828505
2022-09-27,0.9640245460873639,0.4243015927254345,0.05963132457900713,0.16966378296408882,0.3667056317170648,0.06864331686050482,0.09497028790521862,0.31432874309628467,0.33477574956975825,-0.3503491554761646
2022-09-28,0.9695327186486463,0.48530715054719065,0.11980335750097039,0.22990192933539041,0.4538782770485971,0.10418122794765715,0.18979818116985755,0.44061079291536315,0.2959745323740646,-0.23453765831339154
2022-09-29,0.9706735140414139,0.4966011529181731,0.13142833308646623,0.2322194415135637,0.46673860502172265,0.1183663285012329,0.1934735196722042,0.42121739146319775,0.28889111978313825,-0.24699101483822009
2022-09-30,0.9703123337447335,0.4925797370920696,0.15758077805006498,0.21942374487812102,0.46492534382624906,0.14396691435466946,0.175731275224258,0.4196599540694335,0.2876570174285774,-0.22348484171481203
2022-10-03,0.969293046274885,0.5352016015400127,0.19375097982918266,0.26183252114071803,0.4913439445897035,0.17266351055025983,0.2057286984271633,0.4502504622046184,0.33870268372811907,-0.16964391692253333
2022-10-04,0.9708750325900709,0.5575984875269101,0.20446422464028782,0.2978443064760357,0.5113514312566801,0.197467401989504,0.23933696159248444,0.45985088186366435,0.36389150045201973,-0.17052428276873174
2022-10-05,0.9706145092410641,0.5556554449201606,0.2124750567102057,0.28492873380987865,0.508202741106048,0.2032125010021334,0.22852705708358803,0.46920531193154397,0.3550873692160372,-0.16233591318286436
2022-10-06,0.970636140502437,0.5598224328855251,0.22305801559274696,0.27768449520611327,0.5104160167691915,0.2083814409326888,0.2237977850853427,0.4651821332179247,0.35201129262285125,-0.16980756007609143
2022-10-07,0.9732760119289082,0.5824598087629332,0.23376661382155248,0.23132616020791485,0.5444315769881156,0.2230403581222498,0.17571166455413256,0.4682005770251252,0.32304227085732284,-0.18063206402714535
2022-10-10,0.9734319489464676,0.5935823792106687,0.2297140063134694,0.228750025467777,0.5522850510641436,0.22087121619069394,0.1740053640055146,0.48551168081274104,0.3362252070127145,-0.1716072478612234
2022-10-11,0.972798269193773,0.5963913788870768,0.22183346792556302,0.2521905471114981,0.5538117685240481,0.21072922490740134,0.19851764715798403,0.48589717514319125,0.3398003640908252,-0.1661569409541485
2022-10-12,0.9710186267268461,0.6018743143117482,0.23519973044885012,0.23885182303521948,0.5585811438909297,0.22408436582553745,0.1827961299158109,0.4907632144289322,0.3319461688498323,-0.16705286843226902
2022-10-13,0.9717044099047488,0.574121968697799,0.20733912756200976,0.26140726040054757,0.5557727007231471,0.20249911224545047,0.20441057178665248,0.5051580822459033,0.31673941263404415,-0.17368521896889644
2022-10-14,0.9724859871574403,0.5821205290443344,0.19941862104019203,0.30176658724631317,0.5621953039499598,0.19192986417766497,0.24962447214517447,0.4862437603131216,0.3751384823049385,-0.13871493306883115
2022-10-17,0.9744582559559465,0.5831232949811095,0.20736893264117312,0.29174233094609586,0.5664993664828701,0.20773563719747748,0.23858728321477898,0.4852985295558569,0.37870452137579,-0.12956417537154563
2022-10-18,0.9748593294250122,0.5846100162758824,0.21371574598852466,0.27779606108680166,0.5671723357331331,0.20927383444912986,0.2355384109733809,0.4857993126550944,0.37898452243420455,-0.12669894167283866
2022-10-19,0.9744679449816391,0.5855944111067636,0.2235922367909661,0.26602683130519733,0.5642839085583508,0.21566789665302236,0.2267370195741597,0.5008547394061339,0.3518290379061708,-0.13917771007453753
2022-10-20,0.9748144470813294,0.5711556166251975,0.24130140316713372,0.2314985495584726,0.5488841567823677,0.23457352632064846,0.18089263564872207,0.5071934066313454,0.33177492015744503,-0.1382562164563929
2022-10-21,0.9754611335850778,0.5868309346563685,0.1906557784629553,0.24075546306521106,0.5641240333786168,0.19420019654770668,0.18889560371980169,0.43559825892460885,0.34359880429023365,-0.1383983270305941
2022-10-24,0.975049936802815,0.5779973323377411,0.1842368221546059,0.23173995500633968,0.5574040618916737,0.18936569842042847,0.1797537485212904,0.4363965521103751,0.341125326428763,-0.1391591443446598
2022-10-25,0.9757932316419069,0.5823843178130244,0.23040014000061013,0.23432556130635696,0.5590234872207954,0.23314223887876767,0.18660222212068198,0.4206115638729288,0.36892130911298177,-0.07711920070993593
2022-10-26,0.9728578994810309,0.5713774258818317,0.21212391977878525,0.22390429955048238,0.5360579501367868,0.2038217173292844,0.15685212152445885,0.42556555660910156,0.3853687140741529,-0.03345006977440762
2022-10-27,0.9712659474840815,0.570863242089875,0.18404915203931269,0.25160712702225896,0.5356511700450413,0.15345846349455508,0.19129512704685356,0.4194296388553029,0.3987549902025314,0.005039978436555073
2022-10-28,0.9733992616253506,0.5440440495578606,0.1726360296744848,0.23683840256797717,0.49235894867674074,0.1400102386904233,0.18221403024325342,0.42618610703813736,0.4581668563103687,0.01179531505457633
2022-10-31,0.9739918268861186,0.5505649728617523,0.17705460396631786,0.24043806164359768,0.49496205702383006,0.13683008618101544,0.18739735537048235,0.41111276661528057,0.4680154261028088,0.015870328855324963
2022-11-01,0.9736944333415943,0.543757192855727,0.17557044607824976,0.23814288956172977,0.48408831415243253,0.13224542542067091,0.18223719955742776,0.407522003244162,0.46677363293889773,0.0017481720048360156
2022-11-02,0.9752250890599988,0.5498491710046179,0.17429327142568649,0.21900176611936703,0.49405328429481676,0.1314088517104763,0.1620428892490972,0.4084306508774751,0.4599456300199536,0.0008887675507854837
2022-11-03,0.9739217128942111,0.5625951203742321,0.18495305598199396,0.21451278681455174,0.5083465501835444,0.14342080047822173,0.157659595109356,0.4086508377410853,0.4626828965641453,0.004397873364449162
2022-11-04,0.9748304584732039,0.5628765547427194,0.16972143641649098,0.23891980067568336,0.5134594588262185,0.12151144641275169,0.18799773936612565,0.31275292768690155,0.5176662662483374,-0.002106504135122092
2022-11-07,0.9744506268052775,0.547405203283904,0.14374578464502433,0.254087794466105,0.4966546409269214,0.0941503987266497,0.202658660116633,0.3011362639975181,0.5375580427295271,0.012371249417987897
2022-11-08,0.9748023973990503,0.5537074105244562,0.1497518247644865,0.25272247179220636,0.5140759651919843,0.10212325554132418,0.2039739327773273,0.336842792490234,0.4502565073319572,-0.0060048119593211135
2022-11-09,0.9754016698192717,0.5556576875773522,0.13508863869288737,0.28147004623335325,0.5163074390673501,0.09136577614724903,0.22762550325915334,0.33382487785926007,0.45323325315907415,-0.010440097460183883
2022-11-10,0.9789907005042449,0.6201502706365889,0.27253948308363524,0.27634074916890666,0.5914707131223365,0.249438522234957,0.22513853783041696,0.4251206985721018,0.44326322922252,0.010918936632510888
2022-11-11,0.9782221212985325,0.6240664454002798,0.26989814875643464,0.28324613245943975,0.5962488008906183,0.24527013194084454,0.23814125292907212,0.42462059853409884,0.4590568973342714,0.003219750950343033
2022-11-14,0.9780359907823885,0.6184408177436388,0.26058925598670735,0.2885165918163387,0.5908275528626661,0.2343160478437346,0.24171337023113884,0.4179713455108096,0.44873571599729134,0.0019747504327785074
2022-11-15,0.9773740883963707,0.6157555883374268,0.2693697159562653,0.3036954694949858,0.5875764041468897,0.24711793098193183,0.258584301217561,0.4184128936786444,0.4557853811093975,0.019501492014149604
2022-11-16,0.9773841121503725,0.6193730578028627,0.2504341606629163,0.3121799095755029,0.5895569809884167,0.2242135795954407,0.26552794315250916,0.40542947528148937,0.45117847155749724,0.006274901079806687
2022-11-17,0.9772700526119215,0.6180378606118494,0.2530593800022301,0.3105768649896466,0.5871659314783026,0.2256152431504908,0.26244738037021914,0.41254746088077354,0.45624585066345175,0.022078356447424386
2022-11-18,0.9765853962279815,0.61227126914817,0.23839451908044,0.32037536111912046,0.5843528274571361,0.21130686994584688,0.27506116775381223,0.4139911776423691,0.46530101307287003,0.039818102356294
2022-11-21,0.9746085159817478,0.601288515334774,0.26942823847358865,0.3218333355835921,0.573564557407408,0.23787172512608648,0.2740351737765863,0.4277561440597972,0.4637247297820556,0.04364643961069684
2022-11-22,0.9747828892923115,0.600472367546908,0.2784845373766737,0.3446330910969266,0.5733971619111471,0.2461511036849,0.2968753946269347,0.4262433668571006,0.4713007707912802,0.06852369496082862
2022-11-23,0.9747482326032864,0.5982051479012118,0.28672961833653154,0.3197663675462932,0.5730588118488994,0.25680268118888466,0.27159798313500155,0.4376795613533068,0.43923679435438834,0.04291072152306358
2022-11-25,0.9745831659249187,0.596105152581343,0.28338436444539006,0.3145146715321873,0.5722738055900086,0.2556854345809876,0.27072269235737434,0.43332168411561434,0.4308822177714619,0.031684969711616114
2022-11-28,0.9742412924584816,0.6075233670348994,0.2837937889124389,0.3193714508413609,0.5805138747993995,0.2559507864234717,0.2741417972349199,0.41719999205286257,0.4190674076292285,0.006974892144621928
2022-11-29,0.9736935920406468,0.6195220453596206,0.29055150942175745,0.3200455930807228,0.5904215431407914,0.2653819005351023,0.2713981866149017,0.4054520473334696,0.4203824739344471,-0.007842017640468785
2022-11-30,0.9744625026605848,0.6298784369651785,0.30033656437596806,0.3423917461847012,0.6010731864580715,0.2736133884757023,0.29891551687790746,0.40550929933677227,0.43442934962284147,0.0042745504270213855
2022-12-01,0.9739158840007638,0.6085640208687549,0.26998971786012327,0.4009527062087958,0.584138648723443,0.25041334631474854,0.3525367274020132,0.43088509644372724,0.4847017743747734,0.055217361208085985
2022-12-02,0.9739113457494835,0.6148376865032363,0.2725297974355405,0.40003700138269654,0.5893970814371721,0.25036844078370113,0.3523564374864544,0.4170005767044851,0.49087573698949516,0.05228794786869477
2022-12-05,0.9732699109384484,0.6231886541205963,0.2847907464627858,0.40021683357130566,0.5931736626138453,0.25918324640629287,0.34275780240735887,0.43075270741300853,0.5110063280367534,0.06942548255611374
2022-12-06,0.9733593208213264,0.6151110930696396,0.27659671034520433,0.4060723987854269,0.5839485311465342,0.24887560382910812,0.3519876294292007,0.4365525959205452,0.49291098016217605,0.05214139328456415
2022-12-07,0.9699371834517551,0.5995430775032151,0.29168933838153305,0.423080490686938,0.5654630282113365,0.26152262178836283,0.3672210880649032,0.454155009620689,0.4779873570706208,0.02515662606990048
2022-12-08,0.9701925319810998,0.601230843808652,0.2887193732851654,0.41605594942844304,0.5684542975951563,0.25730319996141277,0.3571483598578767,0.45638063779794047,0.48238435792040635,0.025216655251167338
2022-12-09,0.9697534725479608,0.5953315001020926,0.2953235143921297,0.40481184823386585,0.5607655625210466,0.25965406752978676,0.34309745438037587,0.448298111964814,0.45478116113282524,0.018074776351321032
2022-12-12,0.9699142545042251,0.5804952972149177,0.29320053448431366,0.4165157724801709,0.5488898743373324,0.2591305777085654,0.3514484103838646,0.4476678035027573,0.43002046483965534,0.023488621757136424
2022-12-13,0.9698627372160215,0.5810440877889531,0.2958005494250884,0.41931196646713664,0.5519758947766735,0.26281728727919024,0.35632750412237846,0.45388279477295157,0.4433706343979062,0.03361466695598525
2022-12-14,0.970818428246515,0.5786805807317321,0.28697854048430144,0.404661037468706,0.5513006602160623,0.2575343616441219,0.34489586446950515,0.4475019045259719,0.4307611067507167,0.032401823082595586
2022-12-15,0.9719908806716625,0.6086491201600898,0.3013659381372811,0.4128126754683814,0.5798044847998934,0.26510948811316887,0.3540380211103698,0.4302781675568244,0.44177318464228277,0.03529846305908597
2022-12-16,0.9712358513037279,0.5949050684427926,0.3007973495864778,0.42176139065889584,0.5716959116619724,0.2593438893237674,0.36081011397826196,0.4244895954723769,0.4298099176603587,0.05282237222589882
2022-12-19,0.9715424542104033,0.5855000269801564,0.3154258095023032,0.3915860811742773,0.5672344798713159,0.27381457060364384,0.3353191038898837,0.4444292774080776,0.38449454913886844,0.04880393506813865
2022-12-20,0.9732541279868815,0.5732835766677269,0.30151519555191303,0.38373655738784856,0.5612600646160492,0.2706900320164895,0.3368400254590319,0.3883994552754714,0.3616571943563591,0.014507276069328919
2022-12-21,0.9738439471086551,0.564951547722765,0.3040590330143759,0.39913401138968824,0.5545516515082085,0.28037699401626553,0.347130683679078,0.3996579481375399,0.35252330091693046,0.044083294821304006
2022-12-22,0.9735427812929479,0.5599558628707689,0.27337410291319547,0.3799315366711664,0.5556088673269842,0.25350549073797674,0.3301311497553225,0.3532704649409771,0.3176008920892214,-0.02809689124582554
2022-12-23,0.9724531805706567,0.5659940187013576,0.26050242701667925,0.3817442210815812,0.5620532370591869,0.24387990156365827,0.32889865424704273,0.3463934828147191,0.3169980922558057,-0.04853591470189863
2022-12-27,0.9713225238231733,0.5632579775910196,0.2511360779476761,0.36908881529970045,0.5518768381759466,0.2455615314294499,0.3163180530124168,0.3240764320395508,0.3178397348016019,-0.06777498022353644
2022-12-28,0.9717874684787138,0.5415802248837472,0.23111436172460056,0.34407378761834867,0.5392589512039236,0.23077053060950753,0.2975508763475382,0.2995926401501084,0.27723346545811156,-0.10168158858278965
2022-12-29,0.9718819636837938,0.5258807734573494,0.2570227653578962,0.30366191218549665,0.5251004317429864,0.25423366596718755,0.2612665003070143,0.3116694070912934,0.2508227975340593,-0.09903029730637686
2022-12-30,0.9718269038525187,0.5239712883218276,0.2572471448380832,0.30349410729430404,0.526545543586268,0.2538794624423377,0.26132373104147777,0.2999345661962492,0.2702816617825102,-0.10079911481426335
2023-01-03,0.972771945176657,0.5177089611301801,0.24269040055403518,0.31585869476481765,0.5199575541361741,0.24100954358112098,0.26909251279385343,0.30921318199576253,0.24744625230788952,-0.13080026963552807
2023-01-04,0.9707020502435724,0.503581346034356,0.23307004450451038,0.34550427239738063,0.5038462435702499,0.2282990026218767,0.30729412284303353,0.30844699954111227,0.24150479036894923,-0.14621900373895946
2023-01-05,0.970927323752327,0.5087622783440728,0.21956701463173842,0.33191096504654927,0.5101854593760123,0.21633142820095075,0.2947991126750214,0.27531904152397185,0.21384821270254825,-0.16023251543798162
2023-01-06,0.9720850758267495,0.5263130484626548,0.24570189562968148,0.3235614411939922,0.5269442589115071,0.24335313239104628,0.2831158982080317,0.3014354590818519,0.20796268169385487,-0.15233775653499354
2023-01-09,0.9710781124862987,0.528867003346259,0.24663169217016262,0.31824859851857057,0.5274460772949064,0.2449284747745097,0.2857085023136008,0.30029161967580603,0.21048746310702363,-0.1453336613312511
2023-01-10,0.972200300361843,0.56937619521872,0.26320004137272557,0.297878341078538,0.5542116019923733,0.2514868085681521,0.2701696414490467,0.2851555647510862,0.2299446263453715,-0.13334321856251632
2023-01-11,0.9711472237098568,0.5451802499483251,0.2615500216872288,0.2805607815471391,0.5287940573668651,0.25131931032839105,0.255546986375264,0.26731551943250026,0.1903459748003035,-0.12125431238762376
2023-01-12,0.9696763861395093,0.5549362501789982,0.2804504002370274,0.2880153497763438,0.5397778863896566,0.2722955709345591,0.263124055915911,0.2818218404164855,0.1948824533493107,-0.11120349071405095
2023-01-13,0.9703497301531061,0.556540701717383,0.2772851250094487,0.30416452882794165,0.5415158269962683,0.2663609169216983,0.2750105254358486,0.266655590856966,0.2079900957269014,-0.12226536162520765
2023-01-17,0.9706610205103787,0.5532043163988793,0.26970808669465524,0.3133785367750087,0.542018646965606,0.2639191960233479,0.28048259353936605,0.2454576644883894,0.22750776198070718,-0.1084207542894667
2023-01-18,0.9702575456780661,0.5541677185910594,0.21876656648349618,0.32811317690594033,0.5439584895711396,0.2355265217410393,0.2891755632878085,0.22085803619411296,0.2344890636351478,-0.12825810631947634
2023-01-19,0.9708088971820219,0.5130857771569818,0.2742767618455703,0.31893730726553143,0.5088975776490214,0.27818122577008,0.27893860844323787,0.24824723232284024,0.24375805682991308,-0.13075251781373795
2023-01-20,0.9717167796859588,0.5043496353200163,0.25135769636552246,0.3304665628288262,0.49281688245843275,0.24653121257811245,0.290222135614948,0.25139969680719604,0.23569180263219744,-0.14451911558256578
2023-01-23,0.9705588898980331,0.5062425587281946,0.21763391485220612,0.3288574868794204,0.4912843355909519,0.2084528593925807,0.2864369902142075,0.2600755945542369,0.23583577031485636,-0.15282585411194088
2023-01-24,0.9734146088897,0.5118613587616222,0.22542380250148553,0.35226330006383333,0.5056124461172979,0.2278052743375411,0.32845524804532417,0.2562900406487104,0.228219134901763,-0.19111880198120215
2023-01-25,0.9759445198628808,0.5100498818658603,0.23130994685811349,0.35659932023150853,0.5029778578912263,0.2415316997451692,0.33911425683997487,0.26181678989241125,0.2325596693576088,-0.1965293881971305
2023-01-26,0.9745226661788362,0.5423298135915997,0.24798353024561406,0.3813525024661444,0.5257536692198367,0.2543155927636093,0.36262811619220636,0.25843301875166275,0.21701624687942847,-0.2046315803745269
2023-01-27,0.9732058278881804,0.5368194267077082,0.24219013342760856,0.37184641803208135,0.5150501287261144,0.2451212730944085,0.34525864893154956,0.2515521788743464,0.20997809328555733,-0.20885979436722746
2023-01-30,0.973795074499658,0.5478696013005605,0.2509669791150473,0.3924396470756874,0.5301031395288147,0.25699295268598166,0.37268069746166993,0.24899755700424359,0.20556399127643699,-0.21350118283881153
2023-01-31,0.9718056980624722,0.5348383288310534,0.2499178460751613,0.43864600311828966,0.5181228565297863,0.25516792296323354,0.4173174710227345,0.24441645274120602,0.21889544037806188,-0.20111401691362402
2023-02-01,0.9712102003251304,0.535124764702336,0.2502428847116996,0.41345477911901857,0.5212767519820473,0.2574003422725241,0.38120702603988754,0.24867073665780115,0.18977150320012273,-0.21780211439964153
2023-02-02,0.9658126740552996,0.4609079869623696,0.27603830966882065,0.38610370798009375,0.4096880673803615,0.2712120634067967,0.3445059944556689,0.3283312813993397,0.1087877290472806,-0.17385839749284657
2023-02-03,0.966066255891439,0.4796369648909068,0.3022952966224071,0.40060914157804195,0.43724345750490173,0.2985301430453266,0.3631302864445471,0.35557735671683594,0.16432339567389861,-0.13875629336912804
2023-02-06,0.9662061702438426,0.4851778858553608,0.3049408914829932,0.39915057663257675,0.4419560291506912,0.30160592173681583,0.36061612289637035,0.3451576943735101,0.21475288476188784,-0.13751192733209933
2023-02-07,0.965811409673009,0.4760213717554096,0.30097756068922576,0.3814600415915535,0.43069623064958434,0.2927353938007979,0.3508135957862513,0.3465986549671182,0.19498029303177403,-0.1552391865899982
2023-02-08,0.955094420547156,0.3501833081969727,0.14622725302989875,0.3955619806539145,0.29778008215153434,0.141857512853128,0.35275055312115244,0.25108734163796453,0.18913278268192368,-0.18192804019116537
2023-02-09,0.9551689454066755,0.3535683021544913,0.16234182675622363,0.3886041927609623,0.2974053699806667,0.15810201109174743,0.33885751711061846,0.2661362346392304,0.18408507281823056,-0.16770274435435775
2023-02-10,0.9518122609390155,0.3577542512413623,0.15565750039193288,0.3744692609025649,0.298387610120867,0.16192140112958112,0.31297255983313504,0.2630995519747833,0.191539829952118,-0.19762360051470967
2023-02-13,0.952213267966942,0.34157768659557025,0.15209229867071822,0.36077255510963874,0.28289477439495925,0.15610237221593262,0.29795318557555706,0.2528636618277337,0.19011549375191644,-0.22137541929636403
2023-02-14,0.9498442758804683,0.3393751349990491,0.17761847827533503,0.35448093567287337,0.2797692042871001,0.18540498023911287,0.2886200239915055,0.2677817806124592,0.18699984954209165,-0.20547934808331034
2023-02-15,0.9496901727664468,0.3287586964281889,0.1698899341060489,0.3509967872187455,0.26712861359058726,0.1767526018028685,0.2856562274689856,0.26928456618308017,0.17464319950230492,-0.22490103636947897
2023-02-16,0.952449543646311,0.3344790835151947,0.19482951063864823,0.36096597488071597,0.2674494015645668,0.1970540278711354,0.2905028823772443,0.26362123548538624,0.16649631963528666,-0.22363314207552595
2023-02-17,0.9528431976769405,0.33044359993029687,0.1937545968184034,0.3627616938205572,0.2585358641640437,0.1956637055342301,0.29768575989270823,0.2696855442168056,0.16182316826938126,-0.23120037113443617
2023-02-21,0.9544853419659509,0.3388471798484338,0.21461226455706003,0.3510701091777467,0.2668604873726532,0.21579952365422508,0.2900773763558682,0.2787833228613062,0.16355346412430896,-0.23711061610467046
2023-02-22,0.9540966742404587,0.3352538725228209,0.2034220748452191,0.3766790297732871,0.2612569214974506,0.2053515157920143,0.31324204940350886,0.25967620216946696,0.19926855293841234,-0.2165437862925952
2023-02-23,0.9557098065525098,0.3336176983435653,0.20810668550983477,0.3810082366810856,0.2601504156956577,0.20903705419465216,0.317355736160049,0.2569523606080804,0.19495973688183188,-0.20013402072298395
2023-02-24,0.9569482051880208,0.3286006239148046,0.22985550952754055,0.37361748334345835,0.26048625712069123,0.229015938743478,0.30504206138680956,0.27303080260575013,0.1861256902335895,-0.20699048113563745
2023-02-27,0.9578691469818177,0.33165262764284775,0.22984307837875,0.3759532676757253,0.2672978204627149,0.22430468015658114,0.31266988020068265,0.28347794765344525,0.175286050611068,-0.1952655039638741
2023-02-28,0.9514142252578766,0.29156581438298484,0.21562237002799536,0.33241964718319134,0.22349798458027417,0.21122415736677772,0.266862743055259,0.27744438983445563,0.15368961232993636,-0.20713269384125405
2023-03-01,0.9512874475395832,0.29784476602029525,0.2322541638889975,0.32739366042874324,0.22147013855452466,0.22542795943993701,0.25891438768758507,0.20316998758894403,0.15817413063252944,-0.23508684224353915
2023-03-02,0.9515510190365943,0.29503780937296126,0.2256182438868164,0.3281744617654578,0.2185390022836998,0.2253728234858209,0.2586469268374355,0.2139065836243367,0.15527215024133625,-0.2312886947603168
2023-03-03,0.9537630036746433,0.27412712300042347,0.2408237459931447,0.31692664086531497,0.20917250750935498,0.24296789489285234,0.2554055347470766,0.21553056141710422,0.1283020685528615,-0.2177672077927246
2023-03-06,0.9521538295346833,0.28299324802218057,0.2726115902059024,0.2844124680720818,0.21774717490749915,0.27614287732123743,0.2183395051127348,0.21866789296380074,0.13510243841879763,-0.19321292453292938
2023-03-07,0.9504849880742454,0.32384847490807295,0.26797718182707975,0.3200331418697454,0.24653270265095195,0.28601676965337436,0.2357192520912156,0.16651189357227847,0.2194647401641728,-0.16993694695958853
2023-03-08,0.949919930459565,0.3241693454964563,0.27111877526602146,0.33065083657782884,0.24626615768460586,0.2896249275078705,0.244469959623105,0.16643762484714836,0.2217887290284629,-0.1741467532599972
2023-03-09,0.9496696578046339,0.28837971711000393,0.2416389215028468,0.3438758423305574,0.22301448913206168,0.27452239646354704,0.2560332970907709,0.19050344515610762,0.20582215664085282,-0.181497362599511
2023-03-10,0.9511989464174533,0.25073574415321975,0.15718179111698521,0.304584009731164,0.19136691509887754,0.2060885934401423,0.23027414204931704,0.2804848866443252,0.24506242744469026,-0.14556699002270704
2023-03-13,0.9482468758076992,0.22247743458762387,0.1483932232431222,0.29127279549738594,0.1865183131124515,0.1997678507702252,0.2035258778003354,0.26107151282696445,0.14847448751995906,-0.16535256191790595
2023-03-14,0.9499154416356165,0.19685456576264024,0.11341577269177332,0.2457714556507741,0.16289291937241324,0.1648668629653932,0.162763494987098,0.2743505264563054,0.1737625680516834,-0.1277922147448797
2023-03-15,0.9389300302175312,0.12944301585774393,0.1140050516611824,0.2363521396521055,0.10232565348455433,0.19061553700931252,0.11964633536668358,0.3052356875399433,0.11812402461180063,-0.1746872751609947
2023-03-16,0.9418982899357135,0.1465776637991876,0.07997487427162561,0.2212012070722392,0.11365315876200911,0.15991294555288563,0.10987043397652613,0.31885814079459524,0.13141299876288445,-0.1901920670791058
2023-03-17,0.9381697790110152,0.07754166522255798,0.037714954402663606,0.25394894083144004,0.07834063693553543,0.12766395100844394,0.13650835644696824,0.34469634521186177,0.08001448505384083,-0.1899626634916505
2023-03-20,0.9345429568678312,0.07501407888440549,0.029353552543213045,0.2644259542058074,0.08472610062946853,0.12333306651777146,0.13772294735863233,0.39599911198693916,0.07367672119111576,-0.1988062620119397
2023-03-21,0.9353565855189072,0.04000431272536031,0.011356018707294462,0.25894437287102073,0.058227126457868685,0.11042249214763555,0.13550688067415476,0.40642388281272024,0.035986599859067464,-0.21822392082064102
2023-03-22,0.933770603902279,-0.03369889254687419,-0.018316085945539545,0.24220297498528398,-0.011159187553154563,0.09097730885469875,0.12521563755566578,0.42628264238884134,0.04170218305772191,-0.20955564535388585
2023-03-23,0.9342478565324942,-0.030928366610088725,-0.008635419536897481,0.23386612741386753,0.0004846504672229167,0.09105261930555933,0.12203217299857161,0.42964129470356693,0.03178435066445624,-0.18788976119851708
2023-03-24,0.9363731192820228,-0.037492346876009455,-0.018619168388642922,0.23631948882748857,0.011994895754759753,0.0602963934807216,0.12869052856425156,0.4496075675070773,0.02690151232084759,-0.18468598109987502
2023-03-27,0.9300711256744227,-0.05134969459996369,-0.0333029307770664,0.21954915843984013,0.012980483541062703,0.07105501024071864,0.0837689804326223,0.46197205968723437,-0.022926745096163416,-0.25850507992063404
2023-03-28,0.9267753975858849,-0.06662955216471439,-0.05799319035999272,0.22198482148677728,-0.003500168512873602,0.0500073845685876,0.08142869800693593,0.4588421234673711,-0.019202423614064372,-0.2595387524176726
2023-03-29,0.9281986386225968,-0.07695028273339577,-0.0678310737506833,0.22227766319785858,-0.013337170281177592,0.04202847673781187,0.08139174551587926,0.4689125144563217,-0.023169328943076304,-0.24454777325853255
2023-03-30,0.9283467178918663,-0.06555157304956633,-0.05421384005028853,0.21934315030878626,0.0002761215442139843,0.06267178845777598,0.07084509531839915,0.463776297989671,0.007305786783871593,-0.20539529354219083
2023-03-31,0.9310337377256152,-0.08566334038077214,-0.04082370076730891,0.271919227831725,-0.01094157418523461,0.07867207961771241,0.09246973317153347,0.4374689009092799,0.03303292303866251,-0.15130019651939353
2023-04-03,0.9259193503145471,-0.11227570651419962,-0.03401719831839414,0.27574294400363847,-0.04557943081175182,0.08413231790630839,0.07730274283448434,0.4523849359550332,0.06420855048521056,-0.12905745158127682
2023-04-04,0.9223333814626479,-0.19352267104231524,-0.09260468165038666,0.28652043503442665,-0.10941253418913116,0.04056411779554132,0.08046944724306193,0.42883451783318494,0.06319060194073839,-0.13100932759482598
2023-04-05,0.9215505398544677,-0.19191091464651128,-0.09596234828927398,0.2896630416031032,-0.1059569130575552,0.02541687753030574,0.07827365767900704,0.4233325717073616,0.06259903247079081,-0.13692527691678158
2023-04-06,0.9215722863385927,-0.19783266955972104,-0.08215246604959539,0.29050518559476224,-0.11127393591001003,0.03728017029765461,0.07840435327753832,0.43267568038031196,0.06294365757882756,-0.1404247794800725
2023-04-10,0.9194890973457711,-0.1961692783999544,-0.10966568910982584,0.26890445101114124,-0.1057234969760772,0.01879896835832661,0.054278932285268845,0.4525512351524481,0.0732399633937282,-0.16745710575914033
2023-04-11,0.9167116528930322,-0.20302945186690857,-0.12089217198329112,0.26528222963225767,-0.11562575106290734,0.010788548946276148,0.04306467498690158,0.4386105004390551,0.07457651281829843,-0.17860286694986832
2023-04-12,0.9162028810668144,-0.2136498510249938,-0.11609708914390957,0.2531125446174543,-0.1278372063601246,0.017082687985481453,0.02524197117557146,0.4594098508430062,0.06337738688452758,-0.16758967941269426
2023-04-13,0.9188184997012712,-0.1871656758635879,-0.1313963774833073,0.24312401981021328,-0.09970145814608138,0.002087008530040543,0.015568585887538552,0.4338102534495408,0.06050499594885663,-0.15698597716600868
2023-04-14,0.9188022756904679,-0.1868879472389101,-0.07298026047910017,0.2223858261968195,-0.09597261578531383,0.046933495775191084,-0.002977753810208106,0.4747330347547204,0.048222128512853596,-0.13063225611081639
2023-04-17,0.9167086211644212,-0.17259810157984473,-0.08469921395895019,0.22977844422366928,-0.07547331129109612,0.041029732391284976,0.009750658876462075,0.499986121763764,0.03821590739225935,-0.10788801055798773
2023-04-18,0.9119088286139186,-0.16611675331062845,-0.04423234565789782,0.2166773436372231,-0.06681625360896282,0.08754747930874905,-0.010513503926948145,0.5012281470657758,0.04218037054129444,-0.0941562946290205
2023-04-19,0.910221736628949,-0.1693323494656101,-0.03646252431125182,0.21922546507239835,-0.0696981914870961,0.10040633556166265,-0.007291644881559833,0.5024120982047262,0.05021315172507097,-0.09244293221523232
2023-04-20,0.9108626855838476,-0.1713729526140224,-0.04134015532331739,0.22731206677800125,-0.07191948135336,0.09772775938194919,0.0027468565027457914,0.5048998314016666,0.04769940923378026,-0.0896459320559268
2023-04-21,0.9113903666346533,-0.1704845156586336,-0.041400877667107726,0.22725605422509246,-0.06884752982532022,0.09922009772892237,0.003532986033465309,0.5071784200569931,0.03815107483803583,-0.0941894624442523
2023-04-24,0.9088483300827562,-0.15629310384647632,-0.03315079152481834,0.22369413618338307,-0.05045127190780473,0.10547045926064,-0.007059141636263263,0.5052326009727258,0.04613616825050262,-0.0797359167974804
2023-04-25,0.9140128869016498,-0.16391357712455196,-0.06808270032695153,0.25273612498787085,-0.058585936115269056,0.07101863544513538,0.03281655902457658,0.5062401049700558,0.03481526007442932,-0.10699921971031498
2023-04-26,0.9058481940859239,-0.16798642047050788,-0.06857614622842731,0.24373521743062893,-0.07191540916466913,0.056137073825805524,-0.003631578957565754,0.5093505542121167,0.04481122358344939,-0.08423207074802937
2023-04-27,0.9109789802066954,-0.17431962253494954,-0.11489231462419834,0.23169328659544333,-0.07689140887270349,0.013310743335786012,-0.006999143254480095,0.5056545096800004,0.040422253035778406,-0.10064560387199127
2023-04-28,0.9094592564543619,-0.1978284046191959,-0.11315712103855047,0.2744976113621765,-0.10946194999768137,-0.00407518719968923,0.03664457856926334,0.4859379170509041,0.06725815287843305,-0.045702082667383424
2023-05-01,0.9156983699835928,-0.15394335638610512,-0.10813389456630623,0.29481508945878904,-0.017643378997724498,-0.004248887305858648,0.06773413524229809,0.5029516832648342,0.05495586835991173,-0.01424729805589413
2023-05-02,0.9147112557714606,-0.24638336794671015,-0.169216203716981,0.30553795572578546,-0.11374656458970897,-0.06324490296005775,0.05962646053163135,0.5162097460657699,-0.09210229546342798,-0.13043697226972212
2023-05-03,0.9146831660504867,-0.25306218016665294,-0.18147353986611203,0.32919642237402014,-0.11998423445029927,-0.07621841685490859,0.08866569284537676,0.5210209684870062,-0.11405824563638943,-0.1336673051259169
2023-05-04,0.9112467065439404,-0.261039967604065,-0.1571112527887863,0.29740327171888,-0.12423140991353204,-0.05339290874916663,0.04363073000640148,0.5100432801768264,-0.11111675001339533,-0.12279695857206138
2023-05-05,0.914832952925456,-0.3021373303683011,-0.15579275244864543,0.3541847532503085,-0.1675790175565423,-0.05115448544775283,0.11202237857009889,0.5051195682771465,-0.15766073054268684,-0.13282918532045043
2023-05-08,0.9136316327242859,-0.32099366202303603,-0.16824637845441975,0.3479841243300638,-0.1831676049949077,-0.06467786508130063,0.10751041064413602,0.4936001417614497,-0.16491159169914857,-0.15484153428890873
2023-05-09,0.9201344807788032,-0.32441541545348584,-0.16326683271967632,0.34317679915585947,-0.188335848452025,-0.0723381792616776,0.11864094062314162,0.4934461625101219,-0.16317966974055637,-0.1395048621220246
2023-05-10,0.9176125572337861,-0.31764948094471235,-0.17239127055910689,0.34813027854053474,-0.18032360329141364,-0.07637249321900166,0.1195243452663278,0.49795264889372487,-0.16425796390769304,-0.1408612063346037
2023-05-11,0.9192714530860837,-0.3117761783074209,-0.17424286957621538,0.3487836764744479,-0.18175835135953955,-0.07154541645279595,0.11691027599735358,0.47653101170424106,-0.14972889930537045,-0.14991840855600946
2023-05-12,0.9190103949050893,-0.30790235087805906,-0.16834261367685036,0.3501910077317383,-0.17058291396834008,-0.05920968594247114,0.12331134774421378,0.47031692093637656,-0.1497995607131284,-0.14242586418284583
2023-05-15,0.9161655518649691,-0.3189750947659035,-0.20796137503801962,0.35188168516353097,-0.18157217470656373,-0.10300984440707664,0.12170059622262844,0.46745140788716577,-0.1497179566972076,-0.15957629008230975
2023-05-16,0.913500815928564,-0.2946907283609676,-0.2012775785887043,0.35156953357823684,-0.17710599998337498,-0.09586531889171801,0.1118347649337178,0.4658827165507408,-0.13973263438159914,-0.15053456169208368
2023-05-17,0.9066708706581273,-0.33252202616365395,-0.2825997201751926,0.3799182988029874,-0.21171622049562064,-0.17437429624371187,0.13058239601133023,0.4648137020220549,-0.1503133685031302,-0.16316943872968348
2023-05-18,0.906753973211618,-0.3510693644608967,-0.2884445403274855,0.3704247559416481,-0.2414437704581232,-0.1861657605798992,0.11771198363399742,0.48322392110388995,-0.15456346862882817,-0.14621783696489726
2023-05-19,0.9063628570416282,-0.35172846063009344,-0.2937269316927524,0.3661733255238956,-0.24448378877486188,-0.19093698900789452,0.10930422352070568,0.47553062896467546,-0.15317545729710158,-0.16104296698065684
2023-05-22,0.9044677828068826,-0.3761266574714024,-0.3247195250607133,0.3832113671270965,-0.27829255579262707,-0.23253298945763742,0.12822535181868705,0.46851123410955153,-0.14720612414427914,-0.15342418617785422
2023-05-23,0.9074234451271824,-0.3717088281649817,-0.3264863654840475,0.36424230366272364,-0.27576128861012533,-0.23643021935673003,0.11397987906468578,0.4677058564023971,-0.14500317261577753,-0.14828255440769594
2023-05-24,0.9080012783119663,-0.351999884350013,-0.31563229398334275,0.3601971475587684,-0.2613848585431837,-0.22884833421382056,0.11095637641377869,0.46915911239299035,-0.15637556892892857,-0.15672669136984047
2023-05-25,0.901744541196913,-0.35895076436362333,-0.3274595919828449,0.3465987408215984,-0.27969099527763164,-0.24638784999256705,0.08244779927881093,0.4798602334156147,-0.1407038484962632,-0.1436596053793647
2023-05-26,0.9020509332537474,-0.3472746538243187,-0.3005808074267811,0.35174908529634524,-0.2600012414876306,-0.21037885398108033,0.09574465234407364,0.48165959023849253,-0.13723125860672378,-0.13495608339805298
2023-05-30,0.8974523267976365,-0.3836450941772452,-0.37624564844591357,0.32683178114181427,-0.2903887358589667,-0.27500555203145566,0.0639820527984762,0.473000681810669,-0.1668752149509949,-0.19869415432336895
2023-05-31,0.8984165425407016,-0.38384716219361104,-0.3831463314158383,0.33534703461955684,-0.291869688350672,-0.28443484860949386,0.07760045773022747,0.4678307339576133,-0.16227297418040298,-0.20486985218915613
2023-06-01,0.8968992752167211,-0.4478808086344999,-0.3704922944447877,0.3183143225597327,-0.3361117834958529,-0.27190066042133265,0.06194823661525796,0.500157137062564,-0.20089715263218505,-0.18456578465003046
2023-06-02,0.8897546335708105,-0.4689701566630552,-0.3851985144258267,0.337851625935654,-0.338996287156319,-0.2763606559967051,0.07045523961120094,0.5122501374320995,-0.22632959872225009,-0.19992527242445865
2023-06-05,0.8827686522689979,-0.46106486175068717,-0.3922522550029785,0.33272177502217376,-0.32518069251139065,-0.2772754306262823,0.05598010387416047,0.510078476570443,-0.2206617604571267,-0.19841704225624512
2023-06-06,0.8758649971798224,-0.4255882262415287,-0.33280117652690094,0.36329704223427267,-0.286830749905272,-0.21977272864841643,0.07520670608067906,0.4588363334092612,-0.250627260482369,-0.25075845188016094
2023-06-07,0.8709026105515194,-0.40939915417584294,-0.3114241152492449,0.3514297025195531,-0.26060149000186167,-0.16934966429383122,0.06117370700446757,0.4853403206097661,-0.2269350685366937,-0.25865346606002065
2023-06-08,0.8639690138576533,-0.3838494773719597,-0.26587088639318135,0.40553647759466527,-0.22418282588663765,-0.11006688345406594,0.10073366741207128,0.4930209322244592,-0.2644194150970149,-0.32340460331800536
2023-06-09,0.8744591485388942,-0.3761859550304845,-0.24525919675359686,0.3888445234033027,-0.22843637029395827,-0.12063738464764216,0.11228611724973685,0.4860174321513489,-0.2452927366364597,-0.27433048752258493
2023-06-12,0.8671188526119818,-0.3931520886189818,-0.22319147915430457,0.35467020199960486,-0.2438492283676767,-0.0894612470917486,0.0667974237400997,0.48922732360418253,-0.23298971796158216,-0.27714790231105224
2023-06-13,0.8716712877752474,-0.34918327568503155,-0.1961770578548317,0.34341706261423,-0.23079210033137185,-0.07930407356191317,0.06419990851388421,0.4637537790855284,-0.21106517095349572,-0.2726725194382358
2023-06-14,0.8760260463419938,-0.3533895308925858,-0.18523796889781688,0.3346925415284824,-0.2298783380510731,-0.07243243820943511,0.06186724798132921,0.4658775423635064,-0.2135799909935355,-0.2663633346867798
2023-06-15,0.8743445539662345,-0.29443871595666526,-0.14286255739416867,0.3348751435843518,-0.1869650264572397,-0.04340417460381194,0.059016761169180386,0.46383286505112886,-0.1671995735230985,-0.23282477712678196
2023-06-16,0.8722691641350112,-0.23058919327494054,-0.08915195163357922,0.3535621379567848,-0.13797303630131488,-0.0016401036259344835,0.05692247312984917,0.4409789475980737,-0.18257904633526467,-0.2450001832197022
2023-06-20,0.875203903980018,-0.21421292860170565,-0.09981336733780748,0.35745481130212586,-0.15344132574410943,-0.007577994008937176,0.06674190351851512,0.4263370624688122,-0.16483884386539535,-0.24790782384583432
2023-06-21,0.8768337666666451,-0.20052114133082993,-0.10881276713180942,0.34409876860373895,-0.14710268014881792,-0.015610765782073812,0.045747005819532977,0.4427414443678442,-0.16937018618052557,-0.2431468249155309
2023-06-22,0.8812912404504843,-0.20465204795125572,-0.11692664906700019,0.34070668281750277,-0.1809137330724926,-0.07214497557712315,0.055787902024492304,0.437876646047189,-0.09482304461627146,-0.12497083465154073
2023-06-23,0.8839923683420026,-0.20316572100080876,-0.1340683032396386,0.3411030838717326,-0.175230641784726,-0.08966204308554325,0.060410625567960306,0.44080741337304735,-0.10137046888993213,-0.12586940829377133
2023-06-26,0.8767780935036665,-0.19471370148002168,-0.13232556194450043,0.35274426327299757,-0.16827323264925134,-0.08742522791189818,0.060529404980409804,0.440403633172896,-0.10293039480445892,-0.12632846551606702
2023-06-27,0.879531440030823,-0.21728870858955657,-0.1415721578539765,0.31809032046769786,-0.19294365786346673,-0.0980006605110609,0.02659925932552069,0.43787497929138114,-0.111755223611986,-0.12860270676385382
2023-06-28,0.8756953470267975,-0.20598466701065263,-0.19492563478480177,0.3002184528352981,-0.1830184402924775,-0.1380747241619638,0.007904051230024542,0.4611434503575038,-0.1073127160900919,-0.14512709194290316
2023-06-29,0.8759839603242995,-0.21395190401866213,-0.20477833373049767,0.3040362921892191,-0.1769278651302801,-0.1184661366788108,0.025912213981471297,0.44584257933477184,-0.16016064241833397,-0.1867225015965467
2023-06-30,0.8793970502102222,-0.15933307616818676,-0.16223919393404576,0.3141878289509196,-0.1398445850356759,-0.084859070555502,0.03725507856951983,0.45726255641742525,-0.16184081017855248,-0.1739950951846025
2023-07-03,0.8811440910287051,-0.15973359201831921,-0.15322082047178176,0.3155634863076756,-0.14134605365780886,-0.06351967976333274,0.0389285661669459,0.45855707536007867,-0.16193318729995965,-0.17632283407224975
2023-07-05,0.8809660116170448,-0.15342044976574093,-0.14854230932205909,0.30585166540301495,-0.1350722477285662,-0.06187718897599965,0.03385971404884252,0.46858863479067586,-0.1660991180470641,-0.18901106389673467
2023-07-06,0.8832903321731622,-0.1468815859182886,-0.12066738305421977,0.3035385814850334,-0.13442383090995322,-0.047410545113129886,0.033513568070830974,0.45723229621741923,-0.17085194476257912,-0.1955264276998896
2023-07-07,0.8874898914840086,-0.15328615637303364,-0.11536112077778045,0.2951670248154331,-0.13134830775916612,-0.03819913068725142,0.03690786945097251,0.4412295884533152,-0.1649444064834537,-0.2090672190060969
2023-07-10,0.8859641191544696,-0.14509394079252447,-0.11492232622951935,0.30976002157837434,-0.12011881751270176,-0.03926773812700653,0.05612241895433591,0.44361103634743626,-0.1795741045834621,-0.21137804105158428
2023-07-11,0.8795740293297951,-0.19763858440116575,-0.09059501156105355,0.3346991347937279,-0.17835980131883727,-0.017953737987555046,0.07096934190898274,0.48619849110655217,-0.15975448813057078,-0.20176337031531574
2023-07-12,0.880938783088506,-0.18997280859424692,-0.0785665992818642,0.34382686634246973,-0.1648897992674289,-0.004144250706141171,0.0825228348894901,0.49578301481760473,-0.13130258750321416,-0.18374227315153968
2023-07-13,0.8833348955558038,-0.184370387644345,-0.05624340908808135,0.358068998781091,-0.16114418104106917,0.017391278315647532,0.0985060977968413,0.4892452737524897,-0.1368316109823963,-0.1833283798788153
2023-07-14,0.8836529004431338,-0.18172994319338487,-0.052795995657930916,0.3592841013999281,-0.1566723835448925,0.022064597866003326,0.10276456719580425,0.4892326697090521,-0.1282309484050976,-0.1706441216342691
2023-07-17,0.8830885913375371,-0.1837612315808896,-0.052636485335919414,0.35470900542784095,-0.15865529261855743,0.02251042007021733,0.09186027096388615,0.4902254405744588,-0.14013718811544035,-0.1731665225302463
2023-07-18,0.8812580185787431,-0.15049959697066048,-0.03202008037801432,0.3511673764189209,-0.13367030733669336,0.04285554110545483,0.0803613803503043,0.4878949879108008,-0.10067676135884754,-0.14893886084708566
2023-07-19,0.8799509206913207,-0.15565081523426463,-0.03152253431426298,0.35228552379422706,-0.14096812481284762,0.033680548629349716,0.08304866381258531,0.47934569239541774,-0.09284173643218156,-0.14754620725602913
2023-07-20,0.8726496130604128,-0.14031152474666858,-0.007347090571833311,0.34616068950278406,-0.10193760336499576,0.08938599485563288,0.07446385616289072,0.4829607700029909,-0.10126431826961076,-0.16488749785236237
2023-07-21,0.8617716942992169,-0.11532897633700384,0.05680040786908843,0.3164716651468224,-0.07559649022252352,0.14888933677649357,0.031223379641525842,0.4742949974180592,-0.09253305916250325,-0.13883125713659175
2023-07-24,0.869724647908689,-0.1298855879801827,0.040489545233900914,0.30459292031656293,-0.07105708142036836,0.15578405983200783,0.03640094573093283,0.46938371596122674,-0.12443676279852363,-0.1769251332246432
2023-07-25,0.8560544398050783,-0.13675704412288517,0.08691466891904695,0.3107530341537174,-0.07050658868059087,0.20280720931259216,0.029028891968052573,0.46936132504260863,-0.1205052221138381,-0.17453871996817713
2023-07-26,0.8569757358947382,-0.14102081675458641,0.0586058357748063,0.29777070209646894,-0.07760154056109625,0.19369469867000852,0.025085020911352073,0.4797643835617941,-0.1270441651550084,-0.21722737947610427
2023-07-27,0.8543999031610674,-0.09587296764397757,0.08390734944879433,0.28082189780082895,-0.060989122317681395,0.20031932595371674,0.016462959367482346,0.5293896357039272,-0.14678661457201617,-0.2851230531389452
2023-07-28,0.8572196251468335,0.011361657274590231,0.20637258248771423,0.21848369699183515,0.01874198404531596,0.2894384208905771,-0.028315751888491232,0.46918702916531213,-0.024192664002361006,-0.17341646867040966
2023-07-31,0.8546515164618783,0.040563748429152544,0.22798106554791087,0.17493064280707588,0.03777242124064233,0.3035576772552346,-0.07432174009869245,0.46286232389866355,0.0343280180834515,-0.14475974292678004
2023-08-01,0.8569665417510616,0.0841571287845285,0.22445628585964905,0.18531866226088814,0.0625323604510323,0.30313860592661696,-0.06933000216849519,0.5131938668759585,0.03830136279375843,-0.12855035762411457
2023-08-02,0.8647971707833498,0.20656229725297534,0.28161566307176106,0.15821833760787402,0.15199362688719809,0.34711047036056975,-0.07431107436329974,0.5279520656721323,0.12409153427129156,-0.09660304000618729
2023-08-03,0.8650878223557009,0.20622062655877546,0.29449243351711557,0.14708305969288038,0.15150586451706027,0.3510001725317818,-0.0815740879084641,0.5141614550710565,0.12029791936010542,-0.11789319880855878
2023-08-04,0.8644004257365531,0.21525513094472568,0.2480588203493309,0.14743769244681604,0.16203860200448728,0.31175049191290694,-0.08028760186960443,0.5273020786887497,0.11745670229149985,-0.09932056535883359
2023-08-07,0.8637243780095345,0.21009983481202374,0.21933218015345346,0.14904793143000977,0.1615623882544689,0.28810306688450443,-0.07435459007269431,0.5345550455545235,0.11722800634204483,-0.08776092632708944
2023-08-08,0.8683260216334464,0.21302632894966314,0.2073644262157867,0.13979549817169037,0.17727958543995886,0.2580230176284188,-0.07350107113714965,0.5418484801524782,0.09644937674550123,-0.06286597813330796
2023-08-09,0.8713882473221822,0.22123746870904198,0.1853828882631822,0.11805270068227434,0.18606379035226064,0.23353737252235537,-0.09784598426068834,0.5324471469738402,0.08817996978642716,-0.07265904711194406
2023-08-10,0.8710494135996996,0.21947994795164655,0.1923072277848215,0.11651816120751324,0.18416075771352522,0.2361705623783539,-0.10096456453349935,0.5336240432871271,0.08366456515646276,-0.03650969976306545
2023-08-11,0.879332567042589,0.19001829605476434,0.1910966721210653,0.10712799429303843,0.18408740556146125,0.23639147099374314,-0.09983615072582834,0.541561294142491,0.06895895990018891,-0.03826400351792814
2023-08-14,0.880311966969611,0.20189768620113507,0.19909591105569965,0.058157727884447986,0.1859509035829815,0.238160558786907,-0.13737491385516465,0.5412218538029538,0.08582509219555462,-0.032567545279762224
2023-08-15,0.8765894678822234,0.2575375379942606,0.2284888683474283,0.10520189230504524,0.2530828970413616,0.27023630873119253,-0.10007169569076571,0.5391644123952919,0.07327259360219827,-0.02998086560113443
2023-08-16,0.8792107846921139,0.28639652240346314,0.2369549125276878,0.12461834322693612,0.2803550418139398,0.2775488613917245,-0.07845357290555058,0.576377025328507,0.0956285219124743,-0.01879473499923631
2023-08-17,0.882591763117141,0.2850858932919291,0.2406464030940084,0.11475935073285876,0.2808113035649833,0.28196037464540846,-0.0843595970214772,0.5759818808558095,0.09433944539032953,-0.021350994728608918
2023-08-18,0.8795739242716122,0.303075060563061,0.2604706258036004,0.14089089817873096,0.2913540708775096,0.29350759757207723,-0.07136240737542245,0.5750124344138634,0.09206300304793903,-0.022293957675180793
2023-08-21,0.8813632937616984,0.2901509384667416,0.2319445295122785,0.15129564775746746,0.29059201797852513,0.25162340838881786,-0.07069505807358317,0.5528198479988188,0.1025074043841118,-0.012246923575442843
2023-08-22,0.883363408833161,0.32433355982737955,0.22579978268243928,0.18869776042651507,0.362463636315626,0.26083630025937726,-0.016860951817716203,0.5605914697719401,0.0660297490883276,-0.02134624925901725
2023-08-23,0.8810440271995765,0.3435954771158135,0.2564237367758009,0.15021734904464135,0.3795715329172414,0.28205997792273063,-0.06009056891782118,0.583985704125719,0.03450618443816956,-0.06449662247471676
2023-08-24,0.8921692084652446,0.33250854690768666,0.2700996085529632,0.1511312154607184,0.3608558788962885,0.2871837718058885,-0.04255549971501442,0.5740646342324942,0.08098829024479264,-0.021193614835340525
2023-08-25,0.892671419088584,0.3357291368883425,0.2952563460904854,0.13645242192471968,0.3624651547644842,0.30444855878577287,-0.054292332744761806,0.571902652874416,0.09104418034055814,0.014763261554972078
2023-08-28,0.8914582895364125,0.3206222174523043,0.29006177048801146,0.0986657471642231,0.3511833521314061,0.30004389407692417,-0.09041172703150806,0.5705960176780095,0.0509504877809075,-0.001542822384739604
2023-08-29,0.9112222161056597,0.472217535968088,0.36441423949331186,0.07159344169421288,0.4317508684550418,0.33951843834996986,-0.08296935721544597,0.5750617522710598,0.1329313279590244,0.036574323013631664
2023-08-30,0.9127576298022972,0.4867751183965197,0.36339776074900204,0.07088120544747036,0.4380084818174813,0.33883273145943055,-0.0818861894642793,0.5810537765637229,0.13983648125536866,0.03608157360311392
2023-08-31,0.9110786689330698,0.48716063357255174,0.3581294598892529,0.06510474409092355,0.4375270044412331,0.34229429526050514,-0.0787710092353994,0.5770303470018928,0.1357902012504692,0.05006677890642877
2023-09-01,0.917371941867673,0.48319463366720394,0.3389856135253292,0.0760947540419709,0.4017929016753126,0.3132013886760771,-0.06310578286221404,0.5434822453046783,0.16757132600740504,0.03210419406903254
2023-09-05,0.9119045440884418,0.48579624218804573,0.33948819843945144,0.08973606789169589,0.3740560312105926,0.2923703124086234,-0.0380467521051642,0.539647945007833,0.22255143278154774,0.05327854708992325
2023-09-06,0.913331727244732,0.49451233777236187,0.32825831102743536,0.08352003982534449,0.38424483130732723,0.2837842669717556,-0.0409093655564914,0.5323126275394362,0.2121086347388201,0.05585021674153883
2023-09-07,0.9112525928252045,0.49938756617238855,0.3189254680477356,0.17170636752856197,0.3891056181410147,0.27156335514612384,0.0544107863022224,0.5345588789833272,0.22146292823937183,0.07916164884267823
2023-09-08,0.9106412922764007,0.5310503540075727,0.3383430084231495,0.14750750517506853,0.4119662072120795,0.28544043656192225,0.033060463887379155,0.5258890612888084,0.27453578305508164,0.11178296625638315
2023-09-11,0.9141827300892733,0.5323362309803755,0.32568004825382363,0.144708577305087,0.414298866146216,0.26261186108943263,0.03612351095023065,0.5212854105203616,0.2752472749111832,0.12505469379506032
2023-09-12,0.9161483056728602,0.5200416527618924,0.2885089750704829,0.08583557671685199,0.4091489688584369,0.22894507511865614,-0.011560209539372486,0.4924441998148111,0.2310970076886519,0.10949064957744596
2023-09-13,0.9154171791725976,0.5181617493377553,0.2871139853703592,0.09356229551021016,0.4055362323896677,0.22740143498955828,-0.0045184414310181446,0.49075643696713006,0.23662907568561128,0.11317376537333519
2023-09-14,0.918213779604281,0.5053753548381952,0.28543982266062384,0.10356952867507059,0.41213943350970444,0.2218616027123683,0.006578159629178926,0.5332239640191161,0.22071698463362613,0.1135935300180218
2023-09-15,0.9229995614919563,0.4424226577655254,0.2991340789511337,0.12026355033771949,0.36063304183644285,0.24298142609523238,0.03366497081189867,0.5176809804620647,0.22089062917170801,0.10851386117270605
2023-09-18,0.92533713055465,0.4687522453117328,0.31103460331523836,0.1621868214812206,0.40929383186061746,0.2687447588942061,0.10467944403257143,0.5094846659881661,0.1302307737819389,0.051693238464448864
2023-09-19,0.9240622513152816,0.4865616124708236,0.3459061711172292,0.15605241592889998,0.4228631922623313,0.29641476669276823,0.0984762743925482,0.5068752845886078,0.1358899859559723,0.06542556330596185
2023-09-20,0.9293085393119751,0.48068329256546455,0.3315912248390344,0.19200282372439964,0.4264239017157042,0.28945644438178364,0.13889631231725236,0.5060402341194704,0.12893452026833488,0.04936711748549555
2023-09-21,0.9281399982562398,0.5428808066835262,0.40734096676530873,0.2581420584586599,0.48824807718536845,0.3501386803158771,0.21091763015666104,0.5313240195338026,0.10098793798883719,0.04900834225222938
2023-09-22,0.9272694402944075,0.5394892032055265,0.39886227765310106,0.26016381893102264,0.4899137427766633,0.3469023067433189,0.20906163514421475,0.54256696541616,0.11075530368196841,0.03367404262922626
2023-09-25,0.932305473755006,0.5265886795496773,0.3823181784987929,0.2504894006936927,0.47641104240294896,0.3160995426882744,0.2039234438725966,0.5582277619068908,0.12050510343513196,0.06173680128307614
2023-09-26,0.9297173970814429,0.533335736570608,0.3480668933901709,0.2289430303877827,0.47863120930656056,0.2891557679869439,0.18890355240810025,0.5380667746908327,0.10630438166097105,0.05214685892184707
2023-09-27,0.9295149497918113,0.5054917098012973,0.34901474836152396,0.23067554144308264,0.4470771404933789,0.28948207889044486,0.19610431727051422,0.5283502531555675,0.04029139549791516,0.03984557077340278
2023-09-28,0.930747364365711,0.4865894150444062,0.3536891079261643,0.20396776793263335,0.4312327738605564,0.29657336928455724,0.16710436304329995,0.5139038375836765,0.07438160209274267,0.04019870859764828
2023-09-29,0.9295949544026537,0.4798234826846627,0.3380189644685663,0.1994901590817715,0.4142009934319037,0.287239859013625,0.15817570098334946,0.4929081293317227,0.09769343568520937,0.02550775036651297
2023-10-02,0.9238866136052284,0.4840037376272546,0.3304908593753053,0.20576044892374748,0.39168540066482244,0.2580406525493459,0.13847931635743363,0.5327317373062561,0.11163858558903572,0.07816028078876487
2023-10-03,0.9285414891624088,0.47935087543179994,0.3673905214820956,0.19646211472910743,0.3917774283465187,0.29646094516729504,0.1282605552862472,0.5265496267788006,0.1133610854443093,0.07073578494973466
2023-10-04,0.9311201922418093,0.470019241435663,0.3778982835692699,0.07015865250944081,0.38522406904780715,0.3161961577275545,0.007132431264569754,0.5151384506005207,0.06957836599626452,-0.061801295770166464
2023-10-05,0.9286880732769758,0.44772038125391816,0.3608005200628531,0.05318176905376268,0.35709893362522643,0.29845750270161114,-0.002105009608406334,0.4952672640128757,0.04256432121398217,-0.07088562423951515
2023-10-06,0.9311487217721488,0.46425509500159295,0.305243487969359,0.031530251640452985,0.37597460699119345,0.2398671242207164,-0.032513523384839586,0.46814466526084914,0.03714450311605372,-0.09756439632691284
2023-10-09,0.9302335182296652,0.47239178413097954,0.3274763028841906,0.07231442787761994,0.3710192279087219,0.2496393614765143,-0.007372196161535476,0.5316413460925785,0.158768614430162,0.001971348558630526
2023-10-10,0.9309096107240926,0.46691155682934543,0.32551029014174554,0.07552168061391924,0.3673917049442047,0.24761378276615897,0.004211952341268293,0.5307345203979842,0.16580059487970558,0.005903720631756561
2023-10-11,0.9309214543949242,0.45559661997403783,0.3282203636343773,0.04075425866367297,0.36309993156527215,0.2567458515681995,-0.026948474597333995,0.5502603652993174,0.10052458276469992,-0.04375700661817827
2023-10-12,0.9303280853272266,0.45695278117786764,0.3375178624854851,0.047774405428908165,0.364113390277514,0.2586189617894937,-0.02508151113876451,0.543949029237856,0.1038259562277138,-0.022145241774182395
2023-10-13,0.9415941181849793,0.3207061772070083,0.3033573412642922,0.019264920423854436,0.19312182886990992,0.19613619744916944,-0.07279824325254072,0.5567767681099192,0.2928284358219598,0.06331244984819356
2023-10-16,0.9430192681790691,0.29823096570432095,0.2643968098063004,0.0015984183698924694,0.17716158363614165,0.171093584774457,-0.08106695937761371,0.5631642327265426,0.3037241067818494,0.07207643292201713
2023-10-17,0.9438734901965677,0.30676446017375875,0.26445338814523456,-0.015073874108954197,0.17760712357677172,0.17400976343658306,-0.08796243889599942,0.5575448366501095,0.3239119496335649,0.07250554703569217
2023-10-18,0.9440890712461504,0.22864919815602372,0.27164180378324293,-0.037952510679742237,0.12113682275444389,0.18163196145514246,-0.10556437200892343,0.5233039206508318,0.33373517550610754,0.06558692859338347
2023-10-19,0.9458680160194648,0.1918934492745494,0.2892886881112367,-0.058923089844375186,0.09807681663096716,0.19931498792591157,-0.12478587375042652,0.4619358234610007,0.36606470512942546,0.035167928654395504
2023-10-20,0.9502008838159576,0.16048610695657503,0.2536748209711017,-0.028398823822877017,0.08695629222493065,0.17906397124295498,-0.10049703621707977,0.4389302231227295,0.3933533202828062,0.03712936457287782
2023-10-23,0.9473281883295435,0.13855745641029302,0.23874007770371372,-0.038136651858501375,0.052858872948982394,0.170333032651583,-0.12631896842883406,0.41681739373795634,0.3936036065557518,0.0003915066620596511
2023-10-24,0.9487801656354724,0.13422914696922378,0.2554741311080158,-0.07484985494437632,0.050989095017393266,0.18796175287377778,-0.15393022550923802,0.4091793615063787,0.38326623269735444,-0.03969584946019511
2023-10-25,0.9500666397308586,0.11181375093420369,0.2884194196116522,-0.10549682614540806,0.026389878415792444,0.23499956856018256,-0.1881105364507615,0.3678966826313351,0.39020054903740414,-0.07367452823803947
2023-10-26,0.9494146928584591,0.08888188271050651,0.23597856818871846,-0.11229521731214537,-0.0018854387048068701,0.173434654752133,-0.19631908149962637,0.3607599785745721,0.3720795943592341,-0.11778076648021608
2023-10-27,0.9417372305880974,0.07609775387683565,0.2371959817689534,-0.11591615424554089,0.012905757802497936,0.17473590713493006,-0.1857748878196405,0.354148077947076,0.39705356590302915,-0.08605604823264149
2023-10-30,0.9412035233934348,0.052910736236767925,0.2422872316492732,-0.1585421870811633,-0.0013569112509208721,0.18159012263101146,-0.2115112143075213,0.3513957208770056,0.40756431100510854,-0.09223024097995391
2023-10-31,0.9404343190151581,0.04789554392161066,0.2543839858434723,-0.17182421865096031,-0.0032341072778189106,0.190282209649097,-0.21869656158626527,0.34998675224195264,0.41473097272320547,-0.08882574380313625
2023-11-01,0.9429541451165875,0.02855850483853065,0.299762755443872,-0.17322172604366035,-0.027884369145030993,0.2485246455339782,-0.21867343185548552,0.3461732468092155,0.4215752102540278,-0.09753235970046245
2023-11-02,0.9419445462327353,0.03402942026585611,0.3615469195238038,-0.11102087985061185,-0.028505510624314286,0.29968877635914637,-0.17074728009029724,0.35660953658666783,0.4381106586847101,-0.06619290074592084
2023-11-03,0.943071886382278,0.041960766703147974,0.37506717467795475,-0.12801533628483144,-0.020200659695507724,0.31450305901012643,-0.18463920152842928,0.3591293850696813,0.42543425796481266,-0.09234428939426773
2023-11-06,0.9455169141249666,0.03531920650897602,0.3698378962399967,-0.12769192865294668,-0.027704067475985774,0.30918514079465587,-0.18442795177679266,0.36658563707996983,0.4199671152803479,-0.0923940026856207
2023-11-07,0.9442364867741829,0.037010334938757286,0.3748650867805789,-0.13331988462928374,-0.028555241809491413,0.32434846775004156,-0.20359748994961507,0.34732903814047006,0.422400678415176,-0.1365189942616148
2023-11-08,0.9442199142447187,0.0243814731038502,0.36877370404327,-0.15746312903376822,-0.0361360346100076,0.31649582791145,-0.21907555332664289,0.3016590176921608,0.4362692807814297,-0.16783782896990013
2023-11-09,0.9438205310930439,0.004602533870544044,0.3790613958112021,-0.17350247014324646,-0.05636059150429371,0.322652714554477,-0.23818905182661282,0.2753938385237719,0.42842538215351583,-0.17576297203305824
2023-11-10,0.9463010185921683,-0.04648855155885886,0.3815808944742814,-0.12350432575108244,-0.10736748268450498,0.32644248363469064,-0.1836359419616966,0.25614779675232136,0.38727983269320565,-0.1617409703906415
2023-11-13,0.9463695449986446,-0.04785417917909121,0.3819046565977175,-0.12544169356582366,-0.11102891856582037,0.3281545785688749,-0.18610582207591256,0.2543907908646238,0.39477607870162096,-0.16633573350430508
2023-11-14,0.9504433572736558,-0.009398370921185149,0.43515627213041885,-0.12542372024846707,-0.08239551229612228,0.3903405154626702,-0.1855424070616403,0.28359010080985,0.38860659951670357,-0.17107100885373355
2023-11-15,0.9501994062578725,-0.009856842436439268,0.4336035666032094,-0.12908085471712238,-0.08166049099753964,0.3908697102593143,-0.18448409691009854,0.28726924347961996,0.3925465414642376,-0.1493603330826456
2023-11-16,0.9488093956032241,-0.033725570845251275,0.4108004635732859,-0.11507664746958587,-0.11004827393520564,0.3633826112539233,-0.1640821140860637,0.27586195476628883,0.3292305790648075,-0.1653437690931633
2023-11-17,0.9465054286434049,-0.03752805649949634,0.4089315215910381,-0.10910055210497173,-0.11727208626261225,0.3606352304937826,-0.16429982685118266,0.2746049699117922,0.31550868345075306,-0.14566759970872883
2023-11-20,0.9468678100638763,-0.038414663006772855,0.41130052445469883,-0.10236076938126781,-0.11896261603056714,0.36373111609650344,-0.15160386256059577,0.2729260254526629,0.31144748619366475,-0.13897070255625235
2023-11-21,0.9460184050552607,-0.048444633027392256,0.41103798640216815,-0.10320078217983955,-0.1339495126215707,0.3621412010936913,-0.15291434545005497,0.26899038197440994,0.31074460503503193,-0.13885285608742381
2023-11-22,0.9434639826374883,-0.0884675567532365,0.40079740854462,-0.1281525027690755,-0.18140499543751273,0.34937426291209545,-0.18157576214516444,0.2525351807617019,0.3073597273701408,-0.15187249121215127
2023-11-24,0.9428035717006598,-0.09003628408909164,0.3987179008228272,-0.1305948558057114,-0.18524727297614654,0.35063819643016364,-0.18182033652923077,0.2420455109857542,0.2994436476685516,-0.14341527623363193
2023-11-27,0.9442779887010967,-0.09386444126553961,0.38957651123348885,-0.1255477760452831,-0.18511771989250808,0.3418304277064512,-0.18544911008386059,0.25699630696877707,0.2968612057903869,-0.1612822338894782
2023-11-28,0.945232105793083,-0.08926558900366016,0.3978375714087216,-0.1291350303422681,-0.1760689548231343,0.34309933585152375,-0.17998625442331623,0.2588025753547367,0.31919474048710056,-0.13607466560377895
2023-11-29,0.9483684027220317,-0.10149084656831958,0.3878341222453751,-0.12500737542227272,-0.17687825810724428,0.3423916969360121,-0.18213464617649644,0.24299854628363068,0.3343545559130865,-0.10993201411382571
2023-11-30,0.9432994818276954,-0.11722827799047404,0.38395618993805736,-0.12679742956966714,-0.18535165807167428,0.34955565151555246,-0.1637935688461345,0.253481089891988,0.3523919336300171,-0.08658479662454463
2023-12-01,0.9421931410608838,-0.09126351321899215,0.3940325939098978,-0.1342538981573653,-0.17336909416533167,0.352946413949007,-0.16936371477820222,0.2869404232361645,0.3220657090885218,-0.09665505738825014
2023-12-04,0.9423997722535545,-0.05364920761082513,0.3952469124200495,-0.1289427712141324,-0.11926753106692618,0.35453460202152864,-0.16120168128691545,0.2826083895267749,0.3225734594863191,-0.09599035947365174
2023-12-05,0.9418170775286065,-0.054575247377346675,0.39496081134760097,-0.13062617965232454,-0.12382780234941088,0.3657328971983934,-0.1668186486147731,0.2643883399742547,0.32557670250361376,-0.10621864211467281
2023-12-06,0.9425456849793915,-0.06630454514616879,0.3896653962811119,-0.09902078759210296,-0.1416031865639339,0.36412092630871995,-0.1269817873361107,0.27322598229445894,0.31983822785576077,-0.138684932779023
2023-12-07,0.9427835195922867,-0.06424366942409504,0.3801508271885294,-0.0922886919762849,-0.1364484140466103,0.34996222842129415,-0.11712599627374588,0.2722462167404431,0.3213202561847062,-0.14128905972782307
2023-12-08,0.9428336481933607,-0.07534069378764156,0.38662434801167256,-0.10019983838659093,-0.14299049084543416,0.35360168119579655,-0.12204599539540713,0.2822762893512228,0.28136058287745286,-0.14371998236957298
2023-12-11,0.9398613308141691,-0.06739274864931624,0.3811450538151662,-0.09279851832470129,-0.14103257236400074,0.3457161211751472,-0.11263235751679157,0.28879137715053305,0.2675335247177821,-0.14291871981641105
2023-12-12,0.9399372546898511,-0.0681810269656735,0.3823541072903331,-0.10374728507677844,-0.14204445211957586,0.3468900984061732,-0.12776475247869398,0.28569219520249295,0.2626709336952462,-0.14660672897452326
2023-12-13,0.9395923683163948,-0.0031673542521488064,0.40621611955336834,-0.07466265143074031,-0.0927513430357298,0.3630548387250641,-0.10731749146268212,0.32795654559959175,0.2863917814578258,-0.11557425431475016
2023-12-14,0.9361463903350412,-0.0010436265022155302,0.41207977992801714,-0.08180019603694862,-0.09676829683249613,0.358373926960041,-0.12991970912268916,0.33459954750995086,0.29450275475817633,-0.06965625991811944
2023-12-15,0.9277487532286853,-0.0280219951653701,0.36738642478461964,-0.0748895873136368,-0.13497334248019593,0.3149034751377308,-0.12378288261947794,0.3161064851287457,0.29556477184009544,-0.06246394965408901
2023-12-18,0.9284618657889332,-0.022408908469015033,0.36427180922567204,-0.06563870690512852,-0.13108717681920218,0.31067109754848843,-0.11685491013459164,0.30878508007021427,0.29803427506444524,-0.07271044997257697
2023-12-19,0.927990035980605,-0.012707202544964486,0.38807947497871964,-0.05571965586373883,-0.12520477559547527,0.32976601733066796,-0.11116264870700542,0.29991427900196116,0.3056639737285925,-0.07054922122011964
2023-12-20,0.9282117612874288,-0.023925668997023655,0.36363332945820254,-0.03322302112191284,-0.13397932018240077,0.30827685066668475,-0.09236045148447122,0.29059148554246345,0.3164625592940186,-0.06947434509362554
2023-12-21,0.9295467353044852,-0.01783602637742211,0.34863811982569387,-0.024900157821149682,-0.1249553007304044,0.2962295714996499,-0.08844453409878292,0.2749985613631258,0.3598735788907573,-0.062066218578884516
2023-12-22,0.9291388850630169,-0.01160915974172712,0.34787021650629135,-0.019800108089011045,-0.11895806714795157,0.29645217950690816,-0.08267082008606384,0.273710194885612,0.3544591452087755,-0.06065033723633355
2023-12-26,0.9303285910003943,-0.020519760482396142,0.34757570095605594,-0.01633785734054858,-0.11944156121658582,0.29622627034908233,-0.07531053145749508,0.2744555112979996,0.3608235262347446,-0.0595403447465065
2023-12-27,0.9368790061151118,-0.02780198483474893,0.3428872097613615,-0.01982862846005204,-0.1074550295711338,0.3128107861145217,-0.06781767688627954,0.25274068929567634,0.3458030395715932,-0.09078085203188462
2023-12-28,0.9323086801411392,-0.04478111109452138,0.3022371935612424,-0.0018234445446475309,-0.12592501576448673,0.2709139460671833,-0.049637638381867424,0.25157697397313245,0.36116803039638723,-0.06617235220626547
2023-12-29,0.9336115676793597,-0.037441652647681026,0.30196560634237174,0.030696657915331136,-0.11722113860765311,0.2663850872657657,0.0002654518778761644,0.260644325946476,0.37103914605078286,-0.029677066495990712
2024-01-02,0.9286317505603432,-0.031122502187368586,0.30695286695522594,0.03491737076493106,-0.10132133538598805,0.27350511003103756,0.0098935169897539,0.26140080832365914,0.370351789261682,-0.032871495890866
2024-01-03,0.9283915316010604,-0.013773857493359269,0.33276248883720466,-0.008958929694282648,-0.08585107730840456,0.30385704016415693,-0.0324247955689981,0.26582079529272634,0.32260296036184044,-0.02533477142942777
2024-01-04,0.9291996983301029,-0.03414141574775417,0.33140320612438307,-0.0272778207045694,-0.09908073406044686,0.3100633553768763,-0.041722493010830544,0.22699864276718693,0.28065551114321974,-0.07053069686639146
2024-01-05,0.9289870921946941,-0.031103839005769518,0.33230685785617303,-0.025547427764420115,-0.09664676784320655,0.3107377209948224,-0.04039786001331446,0.22660407796080517,0.27414808345000763,-0.08637760290800839
2024-01-08,0.9324639020723859,-0.06348722941858036,0.3380044171117517,-0.06906980712036861,-0.13314161085612236,0.31203871085125495,-0.08766902603891169,0.20178760230325304,0.3026287491520614,-0.0900826044863822
2024-01-09,0.9323067895976335,-0.07163666027750361,0.3195716988477972,-0.07537723563580272,-0.13792911455788548,0.3055213647106125,-0.08733832168167811,0.19233214284604783,0.29971355453007215,-0.10430900542830084
2024-01-10,0.9337610559793379,-0.027389808448879054,0.33849021783908717,-0.04891037782891509,-0.06550304621127769,0.34044367137935855,-0.03941626473120374,0.13824608367159116,0.20082585338041417,-0.15581051535386733
2024-01-11,0.9321477992287437,-0.01409553935370145,0.3761846549181407,-0.04862267701374524,-0.054505672714248464,0.3731896609231655,-0.035250788594914415,0.12386667798963989,0.1996589160095539,-0.15886517307988857
2024-01-12,0.9327655670431966,-0.01567128284491472,0.3764392766704812,-0.04804811069057021,-0.0555081398605029,0.36858482871555986,-0.03296059901649085,0.11943690940785236,0.20393416976916579,-0.1557151869491464
2024-01-16,0.9289756681298332,0.05953118674356632,0.37087636176556443,-0.018310662521663988,-0.0070027325221094176,0.3522698565418831,-0.01222829483290187,0.18053074836840313,0.19413042207959333,-0.13103559238141027
2024-01-17,0.928059906017193,0.12188756944223234,0.3436114629623235,0.0011574190196176263,0.04309301490238313,0.33065116280497336,0.004087459073342278,0.24219040612277068,0.1491684215901177,-0.09941292887752134
2024-01-18,0.9246389060437804,0.15112777641034694,0.34380783599358256,0.0012155940952949737,0.07395757623022789,0.3217631939340684,0.009731841995800562,0.2209692590121543,0.16498013421108157,-0.11104522808178072
2024-01-19,0.9295904172349387,0.15244335956190166,0.350692998268228,-0.009210492267462796,0.08198388190877536,0.3174221786173079,0.008557043021636518,0.22956343552498196,0.15832961508640123,-0.09902414044001573
2024-01-22,0.9288505127796294,0.1538380476770727,0.3428232729721344,0.0042868709600372154,0.08430340590305334,0.3085829353389235,0.020471464113988248,0.22856146749741116,0.1514318093680256,-0.07844265324566334
2024-01-23,0.9221667054460946,0.18248968429990672,0.28112811107962016,0.049135314718271636,0.11712389072779035,0.22970018193921518,0.0779612709687225,0.24658455081772715,0.1448327375650302,-0.04470327215238248
2024-01-24,0.9134463586205945,0.19881140605342212,0.34217076514481576,0.013567981050425485,0.12552490293061877,0.2946829151401859,0.04434416664658207,0.2552571495431251,0.13364265179949109,-0.03543182830753075
2024-01-25,0.9228242468589077,0.23514347359372006,0.3382056949002701,0.04132079521809851,0.1216449720038035,0.29420880853848946,0.035889433725950055,0.27582227769276607,0.12081143065605933,-0.017850912884702058
2024-01-26,0.9222317226493087,0.2582261230823913,0.3607964563562084,0.07005522955697185,0.13518181743225918,0.3090008869095112,0.046540689761052564,0.27108429150821484,0.10403287200331755,-0.03566640827499427
2024-01-29,0.9240998994944047,0.2755350411598641,0.37571610795353266,0.06646555915762392,0.148040608155476,0.31950810048982825,0.038766354024714754,0.27418158124653974,0.0859337117836134,-0.05168389322591744
2024-01-30,0.920456941749406,0.28753462550901787,0.3457106845320128,0.06521562666183417,0.1604426016793307,0.2696506661334439,0.032566929975337944,0.29499294864410497,0.08584181959312974,-0.04261565655399455
2024-01-31,0.9289467620895658,0.2746143318049187,0.23074810299439516,0.08303225298631535,0.15114732564638234,0.1805207755714212,0.05721004734729269,0.28925226158448947,0.08254063942896571,-0.0896617692059975
2024-02-01,0.9266799828974825,0.29573437887688137,0.2599838724197414,0.06067797171450019,0.16478212249501314,0.19779689123418775,0.04884806119260045,0.3103148158257454,0.06047644497113539,-0.11407735967290274
2024-02-02,0.9284525921544436,0.2641615876748866,0.20391127562421962,0.03701561798245118,0.12965743006699446,0.1332017314014176,0.018757145171654954,0.32667844543343055,0.08350452390758424,-0.07081308638643205
2024-02-05,0.9308003080464462,0.27405139750188606,0.2242306368076738,0.03354429327312813,0.14292515967852948,0.1297451564228239,0.042823074122738364,0.3542821918527812,0.05894301087192274,-0.05058748705085442
2024-02-06,0.9277055336594064,0.2740521072857131,0.23290859200006098,0.031017529785237488,0.13520104432417898,0.1292082693686955,0.03537028293070483,0.4003371647655434,0.039819330769365245,-0.019903349005212814
2024-02-07,0.927626125990255,0.28693936415089477,0.17883595584485576,0.04002482954880572,0.14245729446622635,0.08345053564587729,0.04341701076237678,0.432615733823351,0.038490271040164906,-0.02278884659642924
2024-02-08,0.921710314384477,0.3571648116183992,0.17456198671478107,-0.004825647812522071,0.21172501472856964,0.07286272866400625,-0.00011585294449582309,0.45151408409127475,0.06134379576143643,-0.045739433069349536
2024-02-09,0.9213905066309029,0.35655813189340785,0.16899172143878474,0.002896774244473852,0.20925326892274698,0.06481031752719857,0.010329532046744102,0.45798905654603095,0.0521765237559746,-0.04230055326412903
2024-02-12,0.9139844588561344,0.3336251338955771,0.08982116313757466,0.008067613732003613,0.1820268740387524,-0.008266538992660066,0.012494124822389211,0.4406712830947929,0.053084368351767275,-0.03867314120364823
2024-02-13,0.9204952052930279,0.3836194487372584,0.15586370659248114,-0.0071900292912023865,0.23337824156440268,0.04767344289323467,-0.0033542410104326543,0.4676121610704984,0.03455223316507455,-0.07123931407050073
2024-02-14,0.9220441321272087,0.3855500981133945,0.16445070839659343,-0.027118188751125302,0.23628471533019232,0.056799529542334574,-0.02353609288202455,0.4531632964250206,0.09899769165443474,-0.03525225221451826
2024-02-15,0.9186271070752658,0.39247893651685856,0.16955090799741565,-0.011988183559071802,0.23646516933387432,0.05885456295608552,-0.015122792636954673,0.4562817745180775,0.11561143147136745,-0.04256959710584068
2024-02-16,0.9191597276554707,0.38704310118345103,0.17182469604780778,-0.0377593764505479,0.23111519694311575,0.06142416082625183,-0.047958801260521614,0.45295990169415895,0.12437923737135273,-0.05699447325028219
2024-02-20,0.9206876835844603,0.3877285161493028,0.16910239625137138,-0.021535536304753192,0.2391561462589737,0.059353052619559206,-0.03144474700118082,0.46032941227220986,0.11178133660494026,-0.05682447180178253
2024-02-21,0.9183413861345575,0.39275725699885056,0.16822308834101718,-0.01833230740507403,0.24229517497487443,0.06527461941231362,-0.03422365271292653,0.4630460400771203,0.1050609279775499,-0.06019906699934768
2024-02-22,0.9292440925421108,0.3714430359696563,0.17426956855016174,-0.00633456686104667,0.23016647607471935,0.0742711513193863,-0.02200407682651467,0.4818929016216289,0.11280374136164781,-0.0714866142537407
2024-02-23,0.9285851720138921,0.37860516644092934,0.18589482609726346,-0.008795444468736823,0.2282702092454481,0.07178384585655957,-0.013804624291137973,0.4788987207897941,0.10642291182392964,-0.0794901680807812
2024-02-26,0.9268755266177194,0.394016121922058,0.18956767225246385,-0.01529445257228408,0.2330673660580332,0.07302167846139201,-0.017931035185246233,0.4884027867980249,0.0770310918925729,-0.08553842741959958
2024-02-27,0.9267376568810854,0.39591854387115827,0.19825969455449427,-0.009414566050574951,0.2343373639322979,0.0790315467970925,-0.012329629039177163,0.48924275511917287,0.0721900133645788,-0.11363835083862019
2024-02-28,0.9313442371543613,0.3971491157945891,0.20111229213957096,0.0017578865956712757,0.22626072480191714,0.06275350051293259,-0.025448575235480417,0.4861349966213866,0.05590775333371188,-0.1567628926909426
2024-02-29,0.9319761173779503,0.39429395243301296,0.19110981194681456,0.008596630935863533,0.24003354051672013,0.06869955925889899,-0.027193331697003362,0.4548275888965204,0.08738096637788768,-0.1403890468413755
2024-03-01,0.9319105188994641,0.3967955903969595,0.19358381084864956,0.01728160239238145,0.24064888321502817,0.07247942068296688,-0.015197045718730444,0.46749324404304443,0.10322359159883022,-0.13338815360769143
2024-03-04,0.932835772656322,0.3630410651379165,0.21476120516392447,0.01890262406148103,0.20870540078091238,0.07886175767531277,-0.006353171439497204,0.47257430453809474,0.062253792685314814,-0.10302680805720289
2024-03-05,0.9348593129083705,0.3402313146168575,0.18864265152664722,-0.0023380671028539945,0.1816987948986235,0.044822962155666335,-0.023575726108621357,0.478349371203622,0.07642657569596589,-0.0630395891474796
2024-03-06,0.9352634016934888,0.3449328641377731,0.202039365742066,-0.0004768779574208025,0.18734864589016664,0.06186515482533937,-0.023420870195848743,0.4851010655632722,0.08512345881281429,-0.05534847572035718
2024-03-07,0.936572473207136,0.37615388615184014,0.20374879406184057,-0.011240339386869604,0.21321229026030167,0.061981159879696456,-0.03288222374022678,0.4722203504189732,0.12683307291724613,-0.03880405864445663
2024-03-08,0.9369514215802104,0.36919370648595196,0.20710679215382113,0.0032823735683466305,0.2045041637941733,0.06970607376036687,-0.011046023866764015,0.4695829291526928,0.11908105622953813,-0.035027948632004376
2024-03-11,0.9370610009365798,0.37138223511891083,0.20606059052433504,0.020090457176671028,0.20773622901521888,0.06786045107742224,0.01470506291057285,0.4714662529786999,0.11248928779710982,-0.025791661951700493
2024-03-12,0.9395543447827669,0.26393490839745987,0.1277736484880052,-0.014127404528986176,0.11926698638113516,0.006129816184343298,-0.010328364451391969,0.41617122215680047,0.08144836104921553,-0.05929979688580954
2024-03-13,0.9399768271681558,0.25345790667728363,0.12872370377847428,-0.03093400397149315,0.10721133196065703,0.02616397915935659,-0.025071614132800943,0.40032503139627285,0.08253399107099726,-0.15624218722264377
2024-03-14,0.9452015513604809,0.25201301314952285,0.1410744174760687,-0.039241737047711146,0.12317729419805154,0.035080028601496706,-0.030033649645774728,0.42524196389727337,0.06755151902908695,-0.17539826260707342
2024-03-15,0.9462663861771027,0.2572168804866375,0.14702587736878384,-0.04451921949799108,0.1314190639864268,0.03999454887589321,-0.03389571704005373,0.4331152887901257,0.06220355307872929,-0.1672595113361213
2024-03-18,0.946851141300094,0.250006464629353,0.13726067148798207,-0.04270479271269356,0.12714542022737735,0.03214901639971112,-0.023439098683330998,0.4267135145824079,0.04856903365239204,-0.1844233144718323
2024-03-19,0.9448611636819475,0.2205655563031658,0.1804232737686497,-0.06720500573961528,0.10288670468189479,0.05758226391196072,-0.041607861998535806,0.44406265908116854,0.036759103669387415,-0.17465397262436919
2024-03-20,0.9449358837286498,0.2302835743755543,0.1939134089577219,-0.08850775932771975,0.11432283902629307,0.06924805971439592,-0.06168093062702562,0.44956950339031443,0.004363237223063062,-0.17388622341127538
2024-03-21,0.944965095434811,0.228790142515945,0.19561736054611722,-0.08996845162647675,0.11261487296563553,0.07109623360970874,-0.06416443490022417,0.45214998534091233,0.010613010620737778,-0.17955225088891064
2024-03-22,0.9430107714359186,0.23227007420426546,0.18112961099344055,-0.09738155931480526,0.10476164507142513,0.06680703729616057,-0.07518452386808325,0.41206070716229065,-0.006432200899074047,-0.1932030100492199
2024-03-25,0.9431881575100252,0.22754252093212257,0.19044033187538414,-0.10542033808234734,0.10090357278351308,0.07058625834003714,-0.08089407757709811,0.4036997258245076,0.011209420023837022,-0.16151329465513312
2024-03-26,0.9433659294591924,0.2230461187143161,0.18514013906082538,-0.10843646333973878,0.09561347283664415,0.06519832797695058,-0.08417536714884503,0.3982824330627827,-0.023138721365555927,-0.19231879181417258
2024-03-27,0.9384126812066287,0.23227769802996362,0.19325923421475602,-0.1153549537297252,0.09489950542157918,0.06020485384215876,-0.0911866176960952,0.4072276081256813,-0.027038627726791366,-0.20251272372767473
2024-03-28,0.941874225428573,0.211507875456889,0.1849903414902245,-0.1399658604382213,0.06850415168135181,0.04308439890080924,-0.13375359334721884,0.39278890462947963,-0.010808568055697378,-0.2149978988751002
2024-04-01,0.9377416330839753,0.16774701802511824,0.2132085259187738,-0.09585791500521133,0.03866746181387657,0.052871980828661444,-0.09029088817764883,0.3509452677961321,0.05928127810297548,-0.2589502813937395
2024-04-02,0.9384541853514912,0.1220821314759397,0.20610389754979797,-0.12130420059141576,0.0015564391765289494,0.043324388539590655,-0.11425114578689419,0.32774273729557424,0.08066734940877797,-0.294027514622542
2024-04-03,0.938275341713905,0.11917920663283203,0.20671876631203445,-0.12194979475136014,0.0020056614657642507,0.042612227519186134,-0.11424776596323288,0.3246975293315469,0.0898465188552375,-0.27815072605819235
2024-04-04,0.9377793787280587,0.20120065753023594,0.13903598451726054,-0.055946293904043556,0.08253647341285575,-0.02340221587874666,-0.0388223418246475,0.3403708325314737,0.008319848252407391,-0.22672969390013442
2024-04-05,0.9408655399986359,0.23467442782884174,0.0977987085897749,-0.05245697412289801,0.11662698120357232,-0.04936531993361214,-0.04228952382655298,0.2679414412784323,0.0067083039664253465,-0.21155090966148588
2024-04-08,0.9405477220358829,0.24081632630824865,0.1025678048455195,-0.03981768220050027,0.12215687213124683,-0.045475733252682206,-0.030452841905731203,0.2644657943470957,-0.01054676452330564,-0.22386194686409666
2024-04-09,0.9408893653646753,0.2399799690667504,0.10440367671807747,-0.03402285331813138,0.12378752583545746,-0.04145821076697346,-0.03685446474727175,0.27113072934415156,-0.01829330569151849,-0.256448974804005
2024-04-10,0.9396584207434011,0.27752674470266925,0.15967861983951626,-0.050506880443371295,0.1504065452123514,0.00011040453452493982,-0.04737103522348223,0.3198997320238542,-0.03871503159470042,-0.26860165023178123
2024-04-11,0.9404669099577574,0.28454689556220125,0.13521831143125818,-0.07522316501762924,0.19678232453673225,-0.014400266942719212,-0.0680562788309979,0.2557323548535631,-0.09691923145652351,-0.3076119411358268
2024-04-12,0.942819879314339,0.3188330616883595,0.105683478879058,-0.05506509186372312,0.23090273338029005,-0.03436673505484031,-0.05284267832816114,0.22570742522962456,-0.07017432775047294,-0.3090854302086055
2024-04-15,0.9449349652713143,0.2263557923284536,0.16882510177198223,-0.06909558570029407,0.14653176584295913,0.03362803648592334,-0.07204381310447604,0.17093551789665373,-0.08500118221764792,-0.28772370468604935
2024-04-16,0.9421996958486001,0.23107820709540153,0.16426969245572134,-0.054209951822583376,0.15008621223051197,0.02108449810738433,-0.05801586218746029,0.17241076060123853,-0.08297374650056182,-0.278017628101922
2024-04-17,0.9423686998591485,0.24992808375590433,0.13994850187436308,-0.016974026740500883,0.17540250675967167,-0.007445481776067007,-0.004858809430790776,0.15193276846058765,-0.015577148461487157,-0.32400580747574176
2024-04-18,0.9421277034923068,0.2484703307774958,0.14724544725492456,-0.014307040083104577,0.17316045705762617,0.00221044068623321,-0.000917176294251,0.15374527475399,-0.015529106603298063,-0.3252075354281028
2024-04-19,0.9415806363717049,0.2504264728773912,0.136628027985016,-0.013655615530084847,0.1822363042194523,-0.008118453926794602,-0.005576837722464617,0.14344154650079236,0.003113464235524728,-0.32035995108698484
2024-04-22,0.9444945143324167,0.15965603415996646,0.12536365285980683,-0.036582596161453346,0.10940775369833672,-0.011867552152458655,-0.01312705760267878,0.13460594950506083,0.008954674980177789,-0.3510416980516379
2024-04-23,0.9470421973416486,0.14110120487210845,0.1254430869553737,-0.006854859376911452,0.09101259565608535,-0.0101893336797813,0.019070025488162293,0.13252732581751375,0.003841852084583079,-0.3460156724620934
2024-04-24,0.9444845592337272,0.13430847828724965,0.10763925341374585,0.014086749069020604,0.07997503920185367,-0.0358823422865678,0.03704121780335809,0.1269355115852828,0.0192324083696402,-0.3206743337582664
2024-04-25,0.9462368290062675,0.12931417399211081,0.11746656644194693,0.009859328647288107,0.07556236440604645,-0.019298207513124332,0.039405211252324865,0.12470371765541122,0.025059547694628023,-0.3428375321533198
2024-04-26,0.9442854506292204,0.12199105226107487,0.18523789545615207,-0.08202864866612565,0.06779784910756403,0.03797563156116179,-0.03665985122138226,0.13460236540883821,0.012209315689766312,-0.3157634761300899
2024-04-29,0.9455079302445353,0.09486286802189571,0.1351294952885603,-0.026127945390582184,0.048282724019266914,0.0022981546265132885,-0.0012023040821550483,0.09198740986434073,0.060609199351307375,-0.2643299760249767
2024-04-30,0.9464818808304282,0.21289727537183678,0.2268970954788079,0.07558911760429426,0.15968076624793198,0.09702933527504447,0.10046369215456967,0.07342433853146518,0.07194425138670024,-0.3529003866879065
2024-05-01,0.9478848366774784,0.1989953796953482,0.2054977989048492,0.09860602028005586,0.14866378428070665,0.08409032695344751,0.12602074445682238,0.055325115775649095,0.04062670435565829,-0.3674889666254726
2024-05-02,0.9513501986542692,0.1824919793579281,0.21107786412783155,0.09159655464727132,0.13554600269682118,0.10145720937623524,0.12382032804891245,0.04139516264450486,0.03848902182296357,-0.38783083545632907
2024-05-03,0.9523590395585526,0.17636389644526201,0.2505039245065572,0.054444927820571073,0.12680864767106842,0.14805295458727827,0.08152788499920853,0.031257599041233944,0.04606192769586422,-0.39773887968450655
2024-05-06,0.9529145368135924,0.19277541180898886,0.2591289574917471,0.06725092336022304,0.14137188168046405,0.15793941536079417,0.08663429431503845,0.03622362291157798,0.06928392312688646,-0.38513736353905587
2024-05-07,0.9527573643022825,0.20028293880673156,0.261823442916772,0.06607782890861155,0.15250035065383016,0.16095273387524514,0.08571338762928692,0.02324077431088481,0.07357695540578363,-0.38605196035410255
2024-05-08,0.95320810224036,0.1996338301283572,0.26206478587486365,0.066337883560175,0.14984587539637176,0.16265921845274575,0.0877659988032105,0.031780654459340446,0.07161628335599912,-0.3925157277164862
2024-05-09,0.9505063249152286,0.16282208131171932,0.21456538520407634,0.09068450073662555,0.11107618063568278,0.11795366443451842,0.104638751973779,-0.017828144110069253,0.0989485536957999,-0.38275747617562567
2024-05-10,0.949590967550346,0.17200981537536017,0.2032647147751274,0.11521179540821326,0.12000083759679754,0.10535964994246189,0.12331338295240987,-0.020439761988112582,0.07576774611192574,-0.350393664270079
2024-05-13,0.9516248435708239,0.16555217260503502,0.19454045000617762,0.09568653603044813,0.11102526824666413,0.10389450756756673,0.12135589771736403,-0.03516857581699244,0.042087943443029296,-0.3670799621604514
2024-05-14,0.9513980914453589,0.17278749422409848,0.19227597518835293,0.0939410550744381,0.11917345929723232,0.10056238705215527,0.12025575714278873,-0.025329476123027283,0.028885728616416098,-0.3708403609070089
2024-05-15,0.9524738558590874,0.20302510388933204,0.2308894168313394,0.093742525501622,0.14769353232446417,0.13860725954731054,0.12026741879437435,0.00662984851870895,0.049231893897157965,-0.3421601292099603
2024-05-16,0.9540244265959139,0.20703890735399064,0.23266438616057533,0.09192086522107708,0.14851209237955634,0.13307534408437743,0.12606603064466385,0.003836359732777369,0.04915763029757537,-0.3340573440268551
2024-05-17,0.9474953587698954,0.23055918020812238,0.21706269486862173,0.0795625301142168,0.16452159016856185,0.11417977635414742,0.1132773941342199,-0.014626271066487995,0.06781322402543766,-0.34658307778661085
2024-05-20,0.9457915505171319,0.23085471128305307,0.22224407367948962,0.08165964237656949,0.1672711267156897,0.12334363711723499,0.10054624950556541,-0.02424183494013185,0.07983270717267062,-0.30411962245078505
2024-05-21,0.9478144884436703,0.22380290233963068,0.22118991401634097,0.08988055117220348,0.16522792787289356,0.12368348208134788,0.1014131918262877,-0.03296525229450994,0.09503776238002827,-0.307069918994663
2024-05-22,0.9462726587201643,0.23513746485945208,0.2228355693562506,0.09974929329585032,0.16314930169787573,0.1268105785167024,0.0996076462611811,-0.04419375266605911,0.1552258851578371,-0.29290316578715675
2024-05-23,0.9442767710737463,0.26569681924387994,0.24049758095576415,0.10693373987314468,0.175416816344913,0.14277654310909504,0.1010599385339594,-0.010821641715874502,0.1670620788522866,-0.2815873530737231
2024-05-24,0.9457857105492059,0.2608618315936512,0.24029308981360145,0.12207866136116195,0.16957905781437696,0.13708172989273726,0.11940421876819979,-0.0164394193229914,0.16530721754525443,-0.26863976972511744
2024-05-28,0.9436858737560617,0.23377085341269055,0.2202837665543404,0.0835425791127199,0.13871689176174867,0.1058086089635237,0.0881617788155594,-0.06557064486619604,0.14924879214797823,-0.3559124858563028
2024-05-29,0.9439105897682017,0.25930560415963444,0.2391586760781926,0.10058959654665264,0.16404177703828907,0.11953445432313364,0.09585402522436205,-0.02762893942741842,0.2003815814789227,-0.32750035498306646
2024-05-30,0.9434691662682559,0.27339296764919346,0.27113808034727116,0.10408983380469027,0.1816240546483393,0.15981887359864144,0.0983357436986614,-0.04180350161962174,0.20360112643681746,-0.33478248750609296
2024-05-31,0.9258032117745383,0.24824624236475878,0.2788559523305442,0.07642654398117843,0.17819451319273388,0.1472079081915764,0.09239749653979404,-0.06371891247127966,0.20284583921241,-0.36235119444724123
2024-06-03,0.9216626409557098,0.24178282399261786,0.27479850332213285,0.07122788251442087,0.1761109687170487,0.16335118087073153,0.061237818352081655,-0.034702983949027946,0.14637754497848057,-0.4269009772123404
2024-06-04,0.9228485881477022,0.25264406928736866,0.2715780743719014,0.05697032275047048,0.1945940788732082,0.1657195228762488,0.035997845172370056,-0.05732723149374923,0.16938562196853268,-0.440524346112807
2024-06-05,0.9259109639012763,0.2735397097376139,0.28825420534523566,0.08023028701632942,0.22281114655747267,0.18980404584470253,0.06698237153286221,-0.040166488927691396,0.18220495825033436,-0.4212400228738227
2024-06-06,0.9233398733392478,0.3106703844261175,0.32013562425419434,0.08407243268919978,0.257595148594887,0.21866357723905866,0.07008679270851444,-0.06331015987267224,0.18991320552986968,-0.42564972460075395
2024-06-07,0.9257234806769927,0.2977582219962061,0.31533028326005436,0.09713380538642898,0.2518489683899851,0.2104093577312899,0.10114603764561156,0.07131720300227279,0.1728094695290266,-0.3966289542478748
2024-06-10,0.9256924425674555,0.29835928704585674,0.3062183114250803,0.11563694953806566,0.25247747067781895,0.19961401272563292,0.11849851489042901,0.04915277175510295,0.20540274596818567,-0.3845329061596703
2024-06-11,0.92339514400576,0.29493978815635474,0.30987836824190823,0.11786759924781862,0.24850678644379148,0.21202978725371494,0.12179794010010311,0.05165969491065931,0.2060624229991514,-0.3783933338659264
2024-06-12,0.9241557839705985,0.2953515784444151,0.32671210861088246,0.10819218908953275,0.249038682647917,0.23326470710620711,0.10952646613601821,0.05357484366804467,0.2102203744714453,-0.3670339250714162
2024-06-13,0.9260429502444211,0.2948016564942813,0.3219400977994924,0.10276241810826547,0.24154567048553818,0.23921637242745064,0.10710014273141304,0.030055884433639726,0.21380651005356774,-0.3673042898502243
2024-06-14,0.922815913230415,0.27733772169161724,0.3253541297102257,0.12857358264595506,0.2323263038532979,0.2477832969350324,0.1332252477910275,0.04725740951956481,0.24031242629305677,-0.36413702919130125
2024-06-17,0.9241555894876118,0.26557276900008464,0.2971105037673852,0.15685232790051992,0.21946715335728473,0.2184112470495297,0.16403831905261024,0.05818885954348939,0.21764936534581186,-0.38315732113120743
2024-06-18,0.9241070707483044,0.2627072974981266,0.30878706529209937,0.15854250119010072,0.21967862915506506,0.21706262662532322,0.16148310102889854,0.07725050068886749,0.2189500044495433,-0.3651795726600913
2024-06-20,0.9228137141487287,0.253304234154921,0.3097307766727804,0.16247924714795436,0.20187325285925672,0.22282044854724922,0.15950753597486264,0.06516071398235743,0.22647775181584212,-0.3648374828338742
2024-06-21,0.9227179059778867,0.2580541705759469,0.312139175093505,0.16295965424431363,0.2104517978171645,0.22561697287235058,0.16058374028945394,0.06379636460645079,0.24143203435400637,-0.3615254965419003
2024-06-24,0.9252081161919115,0.2475967391335968,0.29192197138189424,0.15003961924671785,0.19982008547256205,0.21000882677408308,0.1349998147997497,0.05631997274882605,0.24257272722804843,-0.35828868992211543
2024-06-25,0.9232220830716011,0.24725816956829644,0.29252653528599765,0.14719285974464008,0.195907052024781,0.21071855575786289,0.12696834231589693,0.0571385303737338,0.23213943296593895,-0.3605284817124371
2024-06-26,0.9248926252781552,0.2517373039452216,0.28194623576362815,0.15370795524524986,0.19347511870329107,0.21503752298258652,0.12633523222134332,0.11368355615224073,0.22283401809354703,-0.3323793871779659
2024-06-27,0.9234471995969731,0.280724146632864,0.2738857608971443,0.17629924298722421,0.22131641674655056,0.2064232932986733,0.14858588335697523,0.1358382813974128,0.21948045980232722,-0.31307609576603695
2024-06-28,0.9241109179562018,0.2805887593031611,0.287877160563322,0.17894028029192288,0.22054993757371813,0.2226201419089025,0.15087786834294742,0.132448512906397,0.21517356225806247,-0.2909518174088316
2024-07-01,0.919055748540305,0.2729309183516734,0.31224927601531677,0.21856219364682597,0.21183798385828131,0.23252778519490566,0.19441112778089,0.12997703667408889,0.226093513993089,-0.34645281985201065
2024-07-02,0.9190770935617586,0.24332571936232625,0.3700912244656899,0.2120898321186602,0.18813639120378484,0.2775469340097445,0.1863915900199534,0.17306684889920093,0.22706596990994118,-0.35264760242290355
2024-07-03,0.919392911814101,0.2510712188675962,0.37560247137176217,0.2128245487849427,0.19977650213314077,0.28835250758163716,0.18712030805994292,0.19308888555648826,0.22993053700323404,-0.34322158970648603
2024-07-05,0.920271152384216,0.26183257480302863,0.38493599538844436,0.21406546011159802,0.21311628143539277,0.2969561535357715,0.1909337146926212,0.20092690811930106,0.23765862621341274,-0.3303941775214016
2024-07-08,0.920392459903439,0.24150856866573367,0.3388256768766129,0.2462845106978518,0.19668994825579775,0.2660893030692056,0.20972492854267138,0.16950459364677045,0.26460706494716746,-0.31404049327087113
2024-07-09,0.9203960295790746,0.21987158229172016,0.3521467732717651,0.2563432094932229,0.15988928908826766,0.287670502737544,0.22661410948996813,0.18985366968581946,0.283270248610779,-0.31281734607988665
2024-07-10,0.9152329934769485,0.1852875544322036,0.3959514526784442,0.2810250793573874,0.1284082088754982,0.319448075406162,0.24283119182645999,0.205273227190298,0.28942680176092517,-0.3089820670407434
2024-07-11,0.9076989667968257,0.21226277281288483,0.3051919409492659,0.27945303752583167,0.11173834809905905,0.20398300056415594,0.22098590480581062,0.2931237577743064,0.2979781770652762,-0.30386981325420626
2024-07-12,0.9079066945500393,0.2119391903644911,0.3018342306441847,0.26748057404743186,0.1115648540053017,0.20375585241968477,0.2150633031865496,0.2958793397972608,0.2984466603850971,-0.3127875515643447
2024-07-15,0.9050032311916493,0.20034147526030655,0.32736588422060114,0.23053837675158556,0.09465192548712946,0.23911870986659656,0.16500204652731487,0.3020899470861534,0.2843569998213845,-0.2762569721794028
2024-07-16,0.8975134047767586,0.21837057685187777,0.3312777468897861,0.2155635238490014,0.08962893262847191,0.2197984047366616,0.1669393988293348,0.33707779073398686,0.24532100234441745,-0.29683950152509253
2024-07-17,0.9050567632929989,0.23919292592421715,0.33331383170208784,0.14081650247249514,0.12300106926040588,0.22708725588661693,0.07335144164574188,0.33649054550514634,0.22919113696944216,-0.2945781982152887
2024-07-18,0.9014640081053877,0.3152421519383172,0.36056947700102454,0.15909300776861693,0.17119189251689054,0.24272174080954975,0.08325849422687077,0.3475300334630417,0.24269907896017054,-0.2803503830400831
2024-07-19,0.9007992303621098,0.35857986911261513,0.3816760279078327,0.16661080513104576,0.20931793878273874,0.25961611776524013,0.09161233056467274,0.35937336420339405,0.2892222726991161,-0.2508387597044587
2024-07-22,0.9058752559224779,0.3510543948628914,0.3618188908276378,0.15442919052747425,0.20619701267408805,0.24914997031271816,0.0833651101942275,0.3581991381247924,0.28834330300028554,-0.2540235532481932
2024-07-23,0.9054520465035623,0.35826754441418973,0.35433882880367523,0.17438561562077784,0.21032241178081684,0.2424452185119055,0.10206595074286898,0.3675299144872985,0.2775787337669505,-0.23920690350010035
2024-07-24,0.924085480920718,0.3384570804914623,0.38462053619634895,0.14188158005783477,0.20524290722212662,0.28561484350477834,0.07648957848391126,0.368669063828009,0.275776736471207,-0.2413785532259458
2024-07-25,0.9249281608627433,0.35444090173940695,0.3641922839571536,0.13581622760878925,0.22899900467937895,0.2623436453717108,0.06659294186201992,0.3447438854394083,0.2524042600130733,-0.22162073100325252
2024-07-26,0.9199826058686156,0.3157296437058527,0.3521482329843901,0.06487865750867497,0.19043665651661687,0.24613586352377423,0.016807819106269963,0.331991521610089,0.2056018231991708,-0.25569442934717906
2024-07-29,0.9190542192522306,0.32863395400820905,0.3620531594341625,0.04107609363535777,0.20394397701021166,0.25905033970061164,-0.017412514721583526,0.3233127504211595,0.2489153901323249,-0.2452759297731452
2024-07-30,0.9174064468544654,0.3209169523056207,0.350696896134938,0.05256633099220853,0.1858136351446903,0.24204121991859942,0.00020800257882185044,0.3285370069355396,0.23623297880157118,-0.24826550023357588
2024-07-31,0.9203925833745732,0.37164775895483915,0.3543294620462164,0.1814109712155527,0.2495852653049838,0.2497230662458083,0.1538969469456077,0.35170913600456283,0.2908360773538725,-0.16517967182635201
2024-08-01,0.9273295942527875,0.3583987287713138,0.30294962855015795,0.2135559531030257,0.2434827212403681,0.20069871220808494,0.19021314723485142,0.34117096692160603,0.2906863183409014,-0.18347221002097885
2024-08-02,0.9317746666934567,0.34820080017841,0.1225380595974827,0.30252335626314114,0.2430482324084461,0.06787682744074824,0.2626587994258777,0.3057849497486994,0.284969879094904,-0.2870935118489612
2024-08-05,0.93024102089105,0.3785252482230833,0.08467536353786846,0.2747359826312193,0.27861216249181925,0.04753551665056835,0.25443481995990763,0.29091124113126704,0.2878296041588882,-0.282224180411053
2024-08-06,0.9322817452128865,0.3498519825939482,0.03197827420249804,0.2561625742502259,0.2656130044815706,0.012310827397384006,0.24302796480502897,0.30347895594925267,0.2894466071503789,-0.2447906249470756
2024-08-07,0.9330492737686245,0.3487993016190536,0.04467092343674435,0.22429497967927847,0.2638731819294333,0.02662523121031162,0.21021003514725506,0.31370533376377696,0.29290977328978846,-0.2766550538113108
2024-08-08,0.9396230512931493,0.38679379167319045,0.01077001505358087,0.2366496729904693,0.30788094799543664,-0.0035291219280836486,0.22111462670439477,0.2958677904826468,0.3173954638354186,-0.28449291220851985
2024-08-09,0.9395319158536413,0.38398474227994317,0.013740399920184162,0.24857048403750517,0.30463793338808137,-0.0015265236986015678,0.23235761864641766,0.2928529138397583,0.33048317841430724,-0.2672828096377155
2024-08-12,0.9379222157845798,0.3615152606010262,-0.014793230191886459,0.23426883831917167,0.28701349355715794,-0.026254092389710403,0.22309527264157283,0.27706533123498506,0.35645382855556007,-0.26570392303936063
2024-08-13,0.941389491201755,0.3445590548114888,0.002364099017033787,0.2038795148915874,0.2717659421523606,-0.00776354911133532,0.19125717763999167,0.2733989491832287,0.35959080116392234,-0.2707357092032956
2024-08-14,0.9408984536896261,0.34216018563359313,0.006319752813681647,0.19786784175326086,0.27712272075774325,-0.008772542145007549,0.19141419368672058,0.2908212462320141,0.36019025000107563,-0.27024350030699384
2024-08-15,0.9454511292327532,0.34089634668395463,-0.021322048420025302,0.21144992056031114,0.2755234138773603,-0.03342830456259055,0.20703749042403652,0.28749639410768024,0.3633082350017063,-0.2792494231323892
2024-08-16,0.945396567515899,0.3357106586559896,-0.021934777062252952,0.20957631315520034,0.26827035484554124,-0.03390003503814458,0.20620540724796033,0.2869564024329247,0.32035535623370337,-0.2785125936839412
2024-08-19,0.9470025333355909,0.32675427858289396,-0.016518440517672806,0.17472900775017883,0.26774104886732464,-0.028558132171457532,0.17783580651904066,0.2927386688502062,0.30008054957769414,-0.2838364145308437
2024-08-20,0.9487273408040913,0.30765323255502497,-0.03167255268940571,0.17277583338066424,0.26222484700226373,-0.03637126755168065,0.17730342605761704,0.27929927235002344,0.29679984106124296,-0.29314284771292837
2024-08-21,0.9484622453871593,0.3074994989531713,-0.03363986122626212,0.16074120985078436,0.26197251054467974,-0.03842564075444468,0.16481980205306607,0.27961767611273536,0.29998000490906324,-0.2925748192521446
2024-08-22,0.949393141032605,0.3234599434091233,-0.015939906456299276,0.15015567957126294,0.27920332990734104,-0.00874353837347517,0.1417695030416551,0.32846179652316226,0.2589334526501776,-0.2685063349321892
2024-08-23,0.9496296703857078,0.3254512174717629,-0.028175754170012748,0.16351872487747132,0.28152110479007,-0.016249029014898483,0.1513987133770359,0.3182212216987155,0.26812129771032034,-0.2737886029003775
2024-08-26,0.9480606013660307,0.3266627913613209,-0.014024758332590918,0.13795880616866887,0.2802282472215279,0.0008979534719384284,0.11412160383283712,0.317075594673231,0.26906468318575616,-0.2711132983178324
2024-08-27,0.9571619466996892,0.33981237159279565,-0.021984544068987904,0.1459397044740357,0.27933194352495816,0.0018643004581974725,0.10880574811706863,0.32397836803476987,0.25941410811031385,-0.25872464217357527
2024-08-28,0.9584960079289517,0.3481001819237124,-0.018274927296534616,0.1616511860164139,0.28519777250014655,-0.0025718423516222825,0.13996807730314034,0.31474313306233104,0.3133504650637888,-0.20698239507564514
2024-08-29,0.9586298565987368,0.350039677037484,-0.017955500969591563,0.15961105787848098,0.28861697999483626,-0.004228137525025616,0.13870069729603246,0.33471594953537087,0.3090333660223518,-0.20246840140631422
2024-08-30,0.9583462181746754,0.3200662735188749,-0.050276119568408294,0.11271755718402617,0.2574082507107336,-0.03727023431986107,0.09419802475572325,0.33752683948354295,0.31666638995638896,-0.1622746215497402
2024-09-03,0.9617787312077549,0.3262642675568246,-0.10701517783007121,0.2001401898980553,0.2659377971039992,-0.09305194796030318,0.1799681804456211,0.32017515300974875,0.31291131942507167,-0.214330650299526
2024-09-04,0.9618648179366874,0.3557214302798964,-0.12154538810092845,0.20271620036212742,0.29631908202378676,-0.10089570359901602,0.18129098649098738,0.22877107998268606,0.34053331475843873,-0.24516425950799228
2024-09-05,0.9606277103189699,0.3484489979780182,-0.12042260327252464,0.19863962890875753,0.29369705217768516,-0.09670052005448562,0.1778309940186791,0.24761508242694236,0.32773247848281273,-0.22339589660276424
2024-09-06,0.9633049666223616,0.36414821897101257,-0.11605771212913923,0.2133488717106512,0.31144334351665826,-0.0968902847171547,0.1934061217688961,0.2477898954432668,0.3349438743281793,-0.22365221703863233
2024-09-09,0.9633144550426854,0.3659889919939359,-0.11887336304323405,0.21328161832588277,0.3138432831097087,-0.10256609286090032,0.19228685713865334,0.24825772837985083,0.3357349315485273,-0.22723415409766168
2024-09-10,0.9633468665054777,0.37391495645155237,-0.12046455371425295,0.19487601962195367,0.32652159160779026,-0.1068098208333823,0.1667820307002103,0.28156691326038175,0.3179895859001187,-0.2402986686615397
2024-09-11,0.9632854539801353,0.3694567386517488,-0.12405219957539655,0.2061988442577499,0.30878087714654034,-0.11583736236561994,0.18176190212648782,0.2712650103125545,0.3081881375582389,-0.24796736789545276
2024-09-12,0.9631852513191083,0.39365456988414477,-0.11828733973750338,0.21040871354211435,0.33283128231082026,-0.10717285008171375,0.18129113089084958,0.23499482899847893,0.3642846457110307,-0.23914345490064817
2024-09-13,0.9633088325503849,0.3968674674755265,-0.12058505527539791,0.20895598225960368,0.3351648281480302,-0.10749285992879083,0.1817354230044542,0.23376444317155035,0.3616024338477745,-0.25203505718758873
2024-09-16,0.9623004022397241,0.4075762962784786,-0.12401627270643067,0.2131985776102102,0.3500614910158689,-0.11907782949208162,0.18223355440241779,0.2508589275095386,0.3492213015188801,-0.22875858942008503
2024-09-17,0.962250452450312,0.4119458603762827,-0.1239186785067124,0.21107087607863345,0.35285170831143775,-0.11966884489201496,0.18115554450159724,0.2603027220159371,0.33318461521862325,-0.2367654346615035
2024-09-18,0.9632714073609063,0.4163890553309455,-0.11110618956842788,0.22099237462349722,0.3596786472037465,-0.10717248469854876,0.1962461588374235,0.27744233686684233,0.3396232633721849,-0.2194336074388262
2024-09-19,0.9663200792012879,0.4454761462885538,-0.12143319832307913,0.25850144985688545,0.39848957810908175,-0.11887063832398655,0.24039932702342415,0.2622119086689672,0.36348587714458014,-0.22670238295858747
2024-09-20,0.9662909421817094,0.4421288044575672,-0.12039693240313405,0.2575168876477082,0.39910320563675095,-0.11649965429281725,0.23994990039456815,0.2232639198035306,0.3670040391731484,-0.23412145000567744
2024-09-23,0.9663582870904712,0.4443128512244087,-0.12179889452597288,0.2563268255195661,0.399583496271295,-0.11836330452797844,0.23747814656986296,0.21993759055738302,0.35731416961300094,-0.23734244347291236
2024-09-24,0.9663012696927565,0.4417169382553319,-0.14554335660876064,0.2569728826417192,0.3997237980682271,-0.13790762962126757,0.23971954626647438,0.21445762058385076,0.36804983535346536,-0.25359788893537377
2024-09-25,0.9658220256944685,0.44274450271852883,-0.13951306799288474,0.26107721238184634,0.39911769932984237,-0.12909765527806377,0.23092230768307684,0.22950558347313588,0.37595494209899055,-0.1859098357198533
2024-09-26,0.9655127873661365,0.4475330735028074,-0.14715240587278236,0.24749825526823965,0.40513298745297605,-0.1376446337056417,0.21316689556634325,0.23403579738984318,0.357045231650072,-0.18321819370835435
2024-09-27,0.9655083412345804,0.4448379898331756,-0.15971269176875175,0.24011608461584685,0.4026234660081025,-0.1557408898595644,0.2025764534761496,0.20582009103569543,0.3297477429993811,-0.18143148681625673
2024-09-30,0.9655188492064729,0.43056628355103943,-0.1713308221431952,0.23838123219237992,0.38737569286232365,-0.16901028061435078,0.2011136980382329,0.20185295963706987,0.3301064194690985,-0.18236244764279885
2024-10-01,0.9661234053173299,0.4196660557058483,-0.18082320198452445,0.20552647602781812,0.38007396417962147,-0.1786094201005636,0.171055605149505,0.21824791470257854,0.3417455161891943,-0.15620536235840624
2024-10-02,0.9659949039065974,0.41958092095478744,-0.17891277454314639,0.20547786522948983,0.37956444407971396,-0.17874620124243426,0.17245480438947128,0.2199381190531837,0.33921193128756316,-0.16875661358386254
2024-10-03,0.9655892737273511,0.4203805535417148,-0.17753783549470883,0.18496603153900254,0.3788435967305352,-0.18029309706123361,0.16105537980048446,0.22222213281403308,0.3166607911783017,-0.204922004222945
2024-10-04,0.9679234942969352,0.4515813880468964,-0.18196463264160856,0.19628999104871045,0.43110815994949936,-0.17605634656314725,0.17733417471182283,0.20502725160122337,0.3113034353772607,-0.21979118046923812
2024-10-07,0.9679639475018393,0.45953418757513215,-0.17006590803112875,0.16618824993168302,0.4372335916334883,-0.16673318232460996,0.15370034891082507,0.21373029313204836,0.28475300839647544,-0.23760259949391926
2024-10-08,0.968293669039911,0.4379234157410574,-0.16403711543530147,0.1298478671131835,0.41296924951863573,-0.1607858142663669,0.11314879705759108,0.21783262112085,0.3058395504515437,-0.23924322698224906
2024-10-09,0.9704323343583829,0.42461056736127784,-0.18909881354531743,0.13209850545316373,0.4174255051960813,-0.17067030833580632,0.11084896884893199,0.1801397716209873,0.3406749037871143,-0.22473931473470604
2024-10-10,0.9718088745348854,0.4130636481267933,-0.1900167943897797,0.1494009845349627,0.4082869635480057,-0.17550159681379837,0.14325700415891882,0.17378311520876044,0.3646512160608541,-0.23407419670329435
2024-10-11,0.9719553045843128,0.4103385054721305,-0.2093464247371624,0.14345125920561339,0.4033758931277532,-0.18292100439241069,0.14105205756881928,0.15114081220158454,0.35553347953499215,-0.24042248425251692
2024-10-14,0.9717128529714407,0.39416058525651004,-0.2191446561615169,0.11920127325062845,0.39211148660320777,-0.1916905521103124,0.1213954749234052,0.12916729359057633,0.33546951853844015,-0.25651696303543275
2024-10-15,0.9716238929288423,0.3939284893649687,-0.23007340676322868,0.1459489408803541,0.39144650581075296,-0.20483941753277193,0.15138825361601418,0.13100802982526866,0.3185208071255291,-0.2896217153973952
2024-10-16,0.970514827434567,0.3964782641420447,-0.228187487205531,0.1429996698962677,0.39219337589643893,-0.2059398474331261,0.1494339541091642,0.1343460005249197,0.3196623802787113,-0.2933222171898619
2024-10-17,0.9673932015188875,0.38994855524318717,-0.289018412917998,0.1565114865165915,0.3876748497384393,-0.2765377693063577,0.16563886328241292,0.10226329608419894,0.3231474435530688,-0.2908282665583953
2024-10-18,0.9673323317306277,0.3824775808874109,-0.28145105625016703,0.15840816322184878,0.37540404749801026,-0.2661189826327227,0.16778918617841232,0.13941995447347547,0.33541598368664194,-0.2986826849400261
2024-10-21,0.9669698461612167,0.37251761514369885,-0.279871975475965,0.1696517608425903,0.3681013527187662,-0.270801213111833,0.1774377549628781,0.13219665974117425,0.3480260546967481,-0.30026830287436185
2024-10-22,0.9668465360014161,0.3660144050594636,-0.280329419873597,0.16452026399726838,0.36582774468560453,-0.27229879564944237,0.17661884749531376,0.13818579646876367,0.3575882890856226,-0.2916937934674298
2024-10-23,0.9686895521941158,0.39896092468200467,-0.2684170840720399,0.16351266686063123,0.41143022434847276,-0.25737484274355077,0.17362892390452972,0.13742723130980058,0.36534405903725553,-0.2878401879052733
2024-10-24,0.967723503522763,0.36657530756702916,-0.30715677825627435,0.11731508795190174,0.37273965791705743,-0.30512717731315386,0.11025812351407809,0.11175151957859329,0.3180699932237681,-0.3426748091779325
2024-10-25,0.9643180493925223,0.35778928110480734,-0.28550131812834106,0.09489732999698564,0.3639939943446261,-0.28592174347139826,0.09090224052258561,0.12398921554699052,0.310636074752156,-0.33844805173992787
2024-10-28,0.9609292322599685,0.35458222357554897,-0.1789214647096697,0.02261642140009639,0.3613559604442417,-0.190093604916379,0.03609738851254886,0.1745074085538861,0.300010781692274,-0.2471159258131831
2024-10-29,0.9598438985325362,0.27935084470294697,-0.14662808389189225,0.020887100286805422,0.31369425227783077,-0.1596268297587987,0.029859814054811508,0.21134243888364124,0.29470947676710335,-0.24949691386648695
2024-10-30,0.9602041878687213,0.3016193812572221,-0.11499413671973747,0.016069305466875836,0.3260420547866532,-0.14572077495911462,0.018636846010170294,0.16422086213050016,0.29337542514931936,-0.2787906444375307
2024-10-31,0.9624995037264196,0.3668402377488322,-0.13975574381165157,-0.008761978053652815,0.38085390896514953,-0.17019573936937182,0.001123658913337281,0.14085543056691138,0.2517301569543466,-0.2553974893887628
2024-11-01,0.9586156667945506,0.3129346320823275,-0.11982498312165844,-0.03314211265965214,0.3293802340976317,-0.15752064177642164,-0.022030495732196738,0.18657452224175844,0.25222599400728585,-0.2232441736245027
2024-11-04,0.9586474663296845,0.3129843211057134,-0.1430689691726778,-0.046703799266739406,0.3294118623288275,-0.17562675561138524,-0.033512731791399304,0.17836693985601645,0.24655064985577566,-0.1770735145194468
2024-11-05,0.9584852529038308,0.3219569241610291,-0.1211003508274019,-0.03759319714440257,0.3356853978902274,-0.16131453524594155,-0.030529897812277947,0.16578005016598268,0.21210570351333488,-0.188940082492201
2024-11-06,0.9563508212945198,0.10485796858907863,-0.2949524464187206,-0.023457187564612663,0.16878127482006347,-0.3004362966206445,-0.015433855866167304,0.3432637059350416,0.1889499369605478,-0.1596982669086667
2024-11-07,0.9562389770673851,0.1275623748446675,-0.27100206805945537,-0.020212019082938147,0.19550959331364423,-0.25745459754899297,-0.014439903253119482,0.39424981445837437,0.17911034804849008,-0.14626378154676792
2024-11-08,0.952001041618373,0.11909286567149927,-0.23659505752195853,-0.043005154061359276,0.1954819184579415,-0.23319388365553173,-0.0320389113673534,0.3629777262450749,0.18952189928407345,-0.1600038123782171
2024-11-11,0.952004029149333,0.11488860666859887,-0.23716617013030847,-0.04032751977918423,0.20003917429766135,-0.23167079162745444,-0.027990953437658464,0.35978204843743705,0.26555770469277823,-0.14257801149642851
2024-11-12,0.9505607104472648,0.1286625932133735,-0.23023119559669136,-0.02032925003818572,0.209231304577457,-0.23319686553709273,-0.008361070421801625,0.38071210936893335,0.26331926993000465,-0.12610040631122457
2024-11-13,0.9503957197784366,0.1311664815588987,-0.22309076417353096,-0.022217460862283045,0.21294414352045654,-0.22505193020853995,-0.010009872287651218,0.38996857088479314,0.2614147761123734,-0.12205172935835279
2024-11-14,0.9504011322842812,0.13623335792094843,-0.2348777406619993,-0.024518479083654843,0.21692476647693368,-0.2342977811055443,-0.010510039062886323,0.38390152145750633,0.25788003932812115,-0.11375376651462124
2024-11-15,0.9516474701054586,0.11783468755025596,-0.24753494374223894,0.0151822845846076,0.19046611203777966,-0.2503227948043873,0.03986916513339209,0.3702415653582092,0.2787180459145953,-0.10090891713856597
2024-11-18,0.9517532237547331,0.1059887078398626,-0.26834414182128236,0.0005110689781208211,0.18779037100572032,-0.2631842515857511,0.03544552085127623,0.35841742001496835,0.29625809565861544,-0.11056586631408306
2024-11-19,0.9535314170920629,0.11245340932031436,-0.2639324656193191,0.01122959262851861,0.19959299120581275,-0.25918644880827724,0.05962448434095585,0.36632102528927224,0.2958168402929607,-0.10574783540052136
2024-11-20,0.9536111268118896,0.11141940273132299,-0.2634588271074751,0.012177494169351138,0.19745386834405945,-0.2583563512767496,0.06239877412480182,0.3636312096118729,0.2979574196669619,-0.10646149661092813
2024-11-21,0.9525434208830709,0.10695868578578314,-0.26408804900340915,0.011142228743858737,0.18678673360659062,-0.260850150357174,0.05525755803665044,0.3644466122649764,0.29961463243343645,-0.10568262983360012
2024-11-22,0.9522405917841364,0.11188297175076745,-0.26373177284873983,0.015703325433377085,0.18722440233345242,-0.26190626175223564,0.05891539105139649,0.36632506666089554,0.3048028380333313,-0.10031207728181947
2024-11-25,0.9509976389363517,0.10402420039466277,-0.21507119994249027,0.03540773264671793,0.1856475452054494,-0.2277765897569207,0.08181356712612008,0.15729785045133127,0.3301364865584018,-0.1841511273678252
2024-11-26,0.9432134521657978,0.08703780042683525,-0.14307619059217688,-0.06984855743347267,0.17471434794455176,-0.15471507031591492,-0.019899153978297585,0.1777755890344433,0.3241983225796866,-0.1272888030259319
2024-11-27,0.9428929980417844,0.08535427235899762,-0.1414464645230102,-0.07910147466797961,0.1715272703988711,-0.15903615169342178,-0.027713161674188195,0.18292648599731656,0.3265335101038335,-0.1026603671836991
2024-11-29,0.945056973840734,0.09986900198037323,-0.11950577311223101,-0.07851506662253303,0.18017681392740034,-0.1415812011158345,-0.02849622638044513,0.18818956397944173,0.3232664811236181,-0.10586177721267843
2024-12-02,0.9316959508798018,0.06841236224904916,-0.12275815579296256,-0.11455297178110879,0.136720274045212,-0.1409727646234451,-0.07036854493537435,0.18292545935776436,0.32056332695451206,-0.1075336100182269
2024-12-03,0.9299907786461636,0.06167891248754423,-0.13505901475510657,-0.12361662468877858,0.13243463526625635,-0.153919694144872,-0.07194706635123042,0.17759043718805745,0.31784191675518,-0.12635416092823487
2024-12-04,0.9302153808566821,0.06167703551264767,-0.12496078922189831,-0.12366689644469499,0.13141655094139393,-0.13994738050777375,-0.06688885977009956,0.1758004176411327,0.3303447615765586,-0.12042336668247279
2024-12-05,0.932035418411343,0.07365189840612096,-0.12941505278591145,-0.1351568164276433,0.14993893759061858,-0.147879986147359,-0.0866327732552829,0.1703921921261738,0.3359196649620309,-0.1225056526512624
2024-12-06,0.9275637597894457,0.04690309583700763,-0.12295049326116472,-0.1631259998185797,0.12960397414658942,-0.13874976963251642,-0.11844395054586224,0.18638899078366775,0.308275922013964,-0.1175970895849178
2024-12-09,0.9291821127203301,0.02224132052644533,-0.11016408421557004,-0.17153134712592374,0.10827923806135469,-0.12310580182848141,-0.1274026662443957,0.1643311705900288,0.3177139579150628,-0.12595394362938964
2024-12-10,0.9330354235084786,0.00855319181427917,-0.10714233952384979,-0.17360747797366613,0.095442540611722,-0.1084592610555635,-0.12182694662439875,0.1567737236437215,0.3186689281329049,-0.14231084552114495
2024-12-11,0.9309227179720609,0.02077747230232288,-0.12137122329095743,-0.14904210121377695,0.11514950169147323,-0.1317436608701054,-0.08170449965055737,0.13813860252150997,0.33796813086753347,-0.15575069072285808
2024-12-12,0.931335569746981,0.035795215908542656,-0.11454462786021699,-0.1552191474921491,0.12613453292312782,-0.12724205757079515,-0.08828074839770507,0.149899594690418,0.32725360903804057,-0.16991699597324614
2024-12-13,0.9185686613890753,-0.016984122747970586,-0.10685653470237998,-0.22416910147071897,0.05917363766201512,-0.13381617065669443,-0.14545846018734165,0.17510840888931495,0.28627149263472396,-0.1762410541924502
2024-12-16,0.9137413387625049,-0.006685806462338347,-0.10455640949463568,-0.22601293946834178,0.07157666004337575,-0.12260683770043714,-0.1504348837062568,0.18421293543367004,0.28613295338464584,-0.17820394503143427
2024-12-17,0.9144562961097206,-0.0021049231250672915,-0.10907176599275768,-0.21976667850486695,0.07527440696366076,-0.12641704105203297,-0.14634578546200155,0.18135427284965513,0.28931062208296626,-0.1807786288872288
2024-12-18,0.9328973194510187,0.11804786961498732,-0.008155276234243738,-0.17435274326245123,0.16984183933806277,-0.03719384677746989,-0.11931855530147527,0.21208754631619772,0.27825434715754144,-0.1755330418469445
2024-12-19,0.9325361357332356,0.11730545733229271,-0.009904189029119544,-0.18351849787693172,0.16788084273710274,-0.02389382523380697,-0.1186896395651562,0.203444364324137,0.2790555679864907,-0.1848490984791464
2024-12-20,0.9291643483078662,0.13619564625497682,0.006433363991277805,-0.16411747218051206,0.17373335028538403,-0.018611054299672466,-0.09933474836320048,0.2111524748874123,0.30568485517341676,-0.1722607539603148
2024-12-23,0.9304668247592792,0.12792898663614619,0.0003798368273175278,-0.16140721801801194,0.16045371925890434,-0.021890508396313978,-0.09149004401423724,0.22646603310044244,0.3199443280105409,-0.1830822850448708
2024-12-24,0.9324715030461713,0.13664684782062517,0.01654874247965374,-0.14911906202520958,0.16509141181749443,-0.008922815936944911,-0.08286242995075685,0.22492407601908673,0.3188182061502367,-0.18025173917865672
2024-12-26,0.930571017430912,0.15997062911637758,0.03723390797113571,-0.11968282651552661,0.1917198616082367,0.013988486361920887,-0.04603621960757794,0.21258300206581568,0.29511627778611577,-0.21116005830850343
2024-12-27,0.9328781212778396,0.17231702937284724,0.05300424028005449,-0.1291155932659925,0.20289005769519208,0.029951639808299634,-0.056666041107021226,0.22003806242731916,0.2883185577226102,-0.21146645820652465
2024-12-30,0.9349793043174783,0.17589376177463864,0.02102153243308033,-0.13733789541687574,0.20589209518038387,0.0035604671805515298,-0.06675445637501683,0.2138898801184182,0.29593444663505675,-0.1752778406337817
2024-12-31,0.9334088756363439,0.17411789579634757,0.04663297050453228,-0.15084571056526558,0.19930174560254652,0.029898637343350503,-0.081987623256314,0.20754215955854288,0.3016340231123752,-0.1718653297802748
2025-01-02,0.932108713190942,0.15922009969113188,0.030488375831983286,-0.12154988084581451,0.1870346453789423,0.015819459156828676,-0.05267893962907016,0.21102942100630925,0.33798161895328427,-0.14573578997537387
2025-01-03,0.9330165168827087,0.15213194196631988,0.018900531433624388,-0.06087911907113328,0.18372788074839996,0.003878131021066348,0.016324197811459645,0.21755160210374502,0.3144542472922622,-0.14216023554626078
2025-01-06,0.9326378141532581,0.15841492913838304,0.02160737681972266,-0.06041963938697079,0.18684314972079177,0.003299317731535819,0.013064943957765897,0.21463812225589607,0.31218405562435186,-0.14293718825765575
2025-01-07,0.935023784455181,0.14623444941631533,0.046527866797461084,-0.06786702797171938,0.16992252367775348,0.0333012428091416,0.0007261732060655995,0.20669432114170286,0.30473067087125344,-0.1479852027590792
2025-01-08,0.9377123313677854,0.13689479563633647,0.050820534763108244,-0.06690856282709828,0.1694074877149784,0.0334182953189223,0.001561900886249014,0.2156839395132834,0.30396274297043874,-0.1516757256819671
2025-01-10,0.9389194199601087,0.10742177823464415,0.06421486000295268,-0.11875747453605057,0.14625987415792846,0.04430647152366563,-0.042286694798417186,0.2056876977728039,0.32343772180381747,-0.16445365944663234
2025-01-13,0.9362069092754686,0.10958297488138277,0.09020949154904692,-0.16396827426614083,0.15884817828873532,0.07605925570709164,-0.1052213388874806,0.19806584555654583,0.33318818828971586,-0.10733447897939598
2025-01-14,0.9379697888292707,0.10697080672130585,0.08506840235069599,-0.16193831040584847,0.15798561670568956,0.07669250798903499,-0.10420663298000432,0.19357542123478869,0.3317418278428065,-0.10311041375183358
2025-01-15,0.941826424456906,0.1277568395960684,0.15148305317782018,-0.09093911466170522,0.17542920476381346,0.1379448065243864,-0.04302619584842282,0.2297404394188244,0.3428798097623059,-0.039332969555215536
2025-01-16,0.9405225001241286,0.11857275438769786,0.1479008488233005,-0.07818420425786582,0.16017275400131895,0.13050171930127077,-0.020872867502152937,0.23229659598813424,0.35173148702398205,-0.04424372715170192
2025-01-17,0.9424874530342291,0.1077166267743425,0.1488040864146294,-0.08336397465748048,0.14607749000271117,0.1419362849056872,-0.03132611454194014,0.23557368517691643,0.3551180532784057,-0.029665071149049458
2025-01-21,0.9403986959419408,0.132163596897011,0.16435002367366824,-0.09882841257901409,0.1544824699759159,0.14783299071137468,-0.03943459382334458,0.25410539686221933,0.3043495845853325,-0.053255392655091965
2025-01-22,0.9385140640838872,0.1165912065467226,0.15615515090669937,-0.11330298622617695,0.13748156836448505,0.13499664874194736,-0.05944195742796689,0.2474914775047086,0.29388655523095814,-0.04980282324166868
2025-01-23,0.938153718949537,0.11369536501365524,0.14694335672999198,-0.11979555727083865,0.13137584865453988,0.12691140274582732,-0.05576556598001515,0.24097437887955953,0.3013643792644544,-0.030689425983805696
2025-01-24,0.9407616673213672,0.10938677592568656,0.14099759637314094,-0.11982756279581215,0.12382766081937413,0.12452237537473748,-0.06400554353972465,0.24758927058143743,0.30173942018111233,-0.021161419820052138
2025-01-27,0.940688517889588,0.13416483185491687,0.0981722223622717,-0.07042164217214614,0.15747557842186885,0.060044562513023626,-0.010025145515751056,0.21940012484643256,0.3452534074597594,-0.06737536461559125
2025-01-28,0.9440638598909973,0.14406686540860772,0.09688049308429285,-0.05926545752848829,0.1601220761182994,0.05667070569169478,0.011505448687689514,0.2161139899981665,0.3696050817843947,-0.06473506917596264
2025-01-29,0.9433706291428787,0.15123084950945623,0.10110014246132255,-0.04021957668466623,0.16821577714479174,0.061856610960950055,0.031217367096105026,0.2141465524640798,0.3664488129665936,-0.0717810345806328
2025-01-30,0.9380541593206224,0.1103852209969547,0.1197256634051491,0.015484892370603387,0.12581547944639132,0.07555070114798243,0.0871862055916784,0.23152446762445145,0.40703847189108744,-0.07965323206142615
2025-01-31,0.9360753600915553,0.11088074908221822,0.13911478495593602,0.020159266684257986,0.12928171259040364,0.09257689886020866,0.09638514784207458,0.22287175793119363,0.4041747070703763,-0.10927262054316282
2025-02-03,0.9365682405634436,0.10368708849801303,0.13711355687158253,0.036286113018146424,0.1230786080514701,0.09163499344330531,0.11372301550065447,0.23144627290361514,0.4116041665289341,-0.179425929541602
2025-02-04,0.9363267612988277,0.11068221618851411,0.12889669556159347,0.02530532094346921,0.1334354469206708,0.08748035384712889,0.10320604200388712,0.23477950342059728,0.4035877730032893,-0.18594820671812368
2025-02-05,0.9331234775622157,0.29710284941863896,0.328072912594306,0.027771728677068935,0.2764972756101787,0.23216281164293234,0.10701639665073032,0.10748958983095522,0.40892146235833304,-0.2466466517536814
2025-02-06,0.9331403827911103,0.2777640568284165,0.31228553088667477,0.02270484219464344,0.24825219196251283,0.20552686832194406,0.102263946897359,0.07260299391458906,0.41682677817602537,-0.2523881245301075
2025-02-07,0.936205462240713,0.2818611166987817,0.31589779804054063,0.02830714022416468,0.24605917126389676,0.2196831810771614,0.09775512072308433,0.0947507869671535,0.406941357387796,-0.22709661870340994
2025-02-10,0.9371010802849573,0.3185421252757484,0.3110187354004156,0.05043736097350705,0.27763117825544664,0.21181606076445958,0.11828860913919828,0.06392930234291824,0.3709221047193637,-0.26027018436045757
2025-02-11,0.9365923978975268,0.31283108989026087,0.3048859264778211,0.048602330782893124,0.27841054071466126,0.21382776902337403,0.11400000019360361,0.03777217718530316,0.35971349196496644,-0.2854760418501939
2025-02-12,0.9353315416895923,0.31825449562515906,0.31348133274060336,0.060262351080889086,0.2790316509470172,0.2079812394930906,0.1106490473672875,0.014488692456396808,0.35665797316628794,-0.22546382367311668
2025-02-13,0.9365249770929558,0.325364940802786,0.35497101439345585,0.06583410442922058,0.2867621468803126,0.24806940361419264,0.11453449223331166,0.049422887503261195,0.3594631590792732,-0.22501403041281023
2025-02-14,0.9335562423579404,0.3149413841491831,0.35263807216973614,0.02425773163958657,0.2663883535505332,0.24868756301792974,0.059001384951985196,0.025813386045201142,0.36319723918561714,-0.2430832759107805
2025-02-18,0.9330750683030066,0.31179061331447716,0.3389643938830129,0.013708608040971787,0.25566926677196206,0.2412843028983526,0.043764713708674,-0.018146109734588863,0.33538312747462445,-0.2777111078299428
2025-02-19,0.9322772922830851,0.3081700926804423,0.33690461458899545,0.014029309168154348,0.2510922282868106,0.2368494646549044,0.041973577627589714,-0.026945741650008313,0.33381362626973315,-0.27888147257403945
2025-02-20,0.9325920203978899,0.30926734683751683,0.3304728181224975,0.011756734079806446,0.2531736203369528,0.23143146367655512,0.03938619001100157,-0.025508002982098252,0.33667526706521667,-0.2795175864640664
2025-02-21,0.9376740943542533,0.3017111986738245,0.26212874645931955,0.0800262101900436,0.25242377382436776,0.17527108361090604,0.1032261002956612,-0.030788036583200253,0.3247520991960886,-0.3168053215679484
2025-02-24,0.9368668066848432,0.29292367553753657,0.2578674696188725,0.06951806141208915,0.243149410174764,0.16729681437770377,0.09179417255082906,-0.029894301191382956,0.3142528264282073,-0.3160746439687851
2025-02-25,0.9362449575059327,0.3630890927442853,0.22579745337857593,0.10184713923495889,0.3023522800617014,0.12815051191874527,0.12752756803725318,0.10251443514793451,0.26710356244398376,-0.2861454634790793
2025-02-26,0.9361821453207857,0.3640173328930264,0.2320997280715841,0.10745815159441864,0.3024793885983398,0.1338167268838953,0.13066495868583508,0.10223728446376774,0.2678211332095586,-0.2934534661448276
2025-02-27,0.9398964778008304,0.40445788773554964,0.2574210030842698,0.06340015445448412,0.3574932372974525,0.17105972407785125,0.0752240869762739,0.12639294871126777,0.21382751388774726,-0.30860742202028674
2025-02-28,0.9392761150584967,0.35702955180839324,0.28003150454380465,0.060558973551938684,0.32474438559036883,0.1854810709581291,0.07408906790280596,0.08546570990603801,0.21765427521347938,-0.3063312889764766
2025-03-03,0.9454167463175219,0.3044110885309247,0.2505544768225396,0.11660202102083032,0.29496734528580665,0.16030898174907562,0.1305385497265928,0.10403046822464818,0.16056358935866175,-0.3125992710319264
2025-03-04,0.9368110364929013,0.28144557663325676,0.278115383608941,0.11530611931400866,0.2905717889343066,0.16870643668940216,0.1252242504335851,0.08303508566556637,0.1623456345988501,-0.28539550903009675
2025-03-05,0.9377990503834188,0.27819432802443267,0.24132045430109497,0.08930343257348826,0.2885012472970988,0.12963845166013738,0.10972585446594613,0.07923423665321584,0.1611168772578032,-0.23122814171904846
2025-03-06,0.9412749856569386,0.2937039699362376,0.24544588955856275,0.09443589759725107,0.30366804511639384,0.13758607267461712,0.11415593801721784,0.08936784135598132,0.15871191828948814,-0.2278517731988319
2025-03-07,0.9432506032533209,0.2919780894378077,0.23962147227008607,0.11080033082916557,0.30461594622693844,0.1310415342994919,0.1399437673410483,0.09067018681369703,0.15457833951902442,-0.22883134354896226
2025-03-10,0.9497363560899212,0.3328803419471044,0.16034904230085154,0.16004847381273551,0.346415681482813,0.05369474227605076,0.18992510166519008,0.08112060947794898,0.16188487745284066,-0.2360967719828442
2025-03-11,0.9463507842103804,0.322748854614618,0.1673581982283078,0.15347043710191546,0.34950119966531557,0.0531363487436712,0.1895555431023584,0.07669694596694121,0.16778589227747012,-0.24024430204786437
2025-03-12,0.9471902128246703,0.3153509887113539,0.1782054034200598,0.14270427258416532,0.3380182172687663,0.0695310629834371,0.17097600066326668,0.09146444234731166,0.14967910218539968,-0.22592614248521217
2025-03-13,0.9483307325348924,0.2626946548791821,0.14695201516317546,0.16090629958478475,0.28699011846563083,0.03983280857320807,0.18835097291136285,0.07903731412836393,0.11112348158330165,-0.24759423766005184
2025-03-14,0.9532941517756569,0.25563297996362383,0.12179653158318814,0.17653820135394485,0.29982912334599815,0.03317882550265296,0.1937024663735394,0.047608976671490805,0.13881229313653065,-0.23801293950455732
2025-03-17,0.9557342589478364,0.2596006247893655,0.12642437980973448,0.18567186784146253,0.3048174250873388,0.032557005300571894,0.20784651287174521,0.051160463261758764,0.14187203580502097,-0.23084528878219895
2025-03-18,0.9563358748871585,0.23563162399475135,0.12547682368883448,0.18964235700439877,0.2778178571179318,0.031328321332405366,0.21282009410199185,0.055971064089521086,0.12823005388894249,-0.22993476876056695
2025-03-19,0.9526644695167523,0.13296722751802784,0.06719274720571085,0.18929429816045615,0.1929385298973423,-0.025589929615602164,0.2124003235007866,-0.012092092423041446,0.12205219219852666,-0.24095831505945442
2025-03-20,0.9532115128718046,0.13469175569454075,0.07022332272969622,0.18240539496072455,0.19336154186621704,-0.03488655043915132,0.20551645787690334,-0.01792637815795179,0.10972160219362674,-0.25712289840666824
2025-03-21,0.9544586524182479,0.11237799890908015,0.05564572444600956,0.17586103279754228,0.17351222577428038,-0.047564443212005945,0.20146017906182262,-0.00964922489378699,0.10107221496279532,-0.26222517898327147
2025-03-24,0.9562350898794778,0.09342339860951586,0.02513836941251485,0.20008108599325755,0.15857863395486863,-0.06879613047994271,0.22355093203222162,-0.008299356770494409,0.08592052922193558,-0.28303853962606873
2025-03-25,0.9552269978662083,0.09654720380647716,0.015635206509749013,0.1921896522696004,0.16257568501874395,-0.07863439587692964,0.21591392928584746,-0.008278134794061452,0.08613476048139831,-0.28822690582123667
2025-03-26,0.9561404853089905,0.10220417900641776,0.032352678097354606,0.18142533765548835,0.16840032653928297,-0.058284317643124056,0.20294751694741897,-0.0011455688295420265,0.08750837741908792,-0.29498966265693854
2025-03-27,0.9555258645631567,0.07944671839945167,0.015904603501150794,0.19358520181216535,0.1447400044457137,-0.07312065177261033,0.21368573538827978,-0.032685560788026174,0.10012826365762281,-0.2870080168515968
2025-03-28,0.957596133835379,0.046347199914811905,-0.021967388136943548,0.22565640460804562,0.11405364963815504,-0.10735813291963503,0.24134884824502464,-0.003907196914564018,0.10480351577066241,-0.3152225143734853
2025-03-31,0.9547669140361187,0.06454869258299188,-0.011090853775916596,0.2458763796500658,0.1184245053423866,-0.11130921674057882,0.2418037973242532,0.028715320473071574,0.14597807492356224,-0.25177297927483744
2025-04-01,0.9542409347480616,0.06575597291316207,-0.004724355684412464,0.2504955860104965,0.11384796433589857,-0.09905936211335621,0.24193421359932862,0.013874398249838998,0.12547612821656773,-0.2609642790723683
2025-04-02,0.9532928462615621,0.09529748452047841,0.004152058721134095,0.24213385270308305,0.14386582360156588,-0.09137719736157358,0.23328488043521284,0.002746311131483181,0.14574872959247895,-0.256882712430211
2025-04-03,0.9592644752261247,0.16119872027152937,-0.020763091547594027,0.45956655183060574,0.19931539864835454,-0.09851887768766233,0.41837914680531796,-0.011390256675850884,0.1947544977215225,-0.2549026033636628
2025-04-04,0.9653305987544496,0.33866275320245076,-0.11974310982510525,0.5805413328480048,0.3484709927196818,-0.18474352580563466,0.5380345732468955,-0.06228329217512602,0.3172622498467642,-0.28190047635958393
2025-04-07,0.9647552622649309,0.3158572996472842,-0.10929226345037292,0.5739246339091003,0.31335746196535863,-0.18319230504011108,0.5245137558846604,0.10308107049810449,0.3560934481115786,-0.16527140252971717
2025-04-08,0.965074507804825,0.3237968760248265,-0.08383056430576104,0.6484620631411767,0.31873148606817225,-0.15523898465008157,0.5876719291236344,0.09699612931369672,0.31672993205374356,-0.059744375861060114
2025-04-09,0.9802729330744185,0.5198734690290912,-0.011948700693703553,0.7187931190326395,0.5069260959807855,-0.0705567474591148,0.6835280228391244,0.11724488705613992,0.4720867930776405,-0.022473513106011513
2025-04-10,0.9802738382553714,0.40589606885004437,0.09449837419318351,0.7303412596311485,0.4143860890368009,0.022041586325721625,0.6963618635777512,0.0063748442212134505,0.39917787186329595,0.04748001202072249
2025-04-11,0.9801688678089621,0.41615802877857155,0.07670001027231432,0.7302248824672366,0.4225953012916386,-0.0004098245810506127,0.6938757481267549,0.00730739435139969,0.41132506995346674,0.008755093828188234
2025-04-14,0.9802711588079859,0.4058103611513792,0.08294979172044854,0.7328202182809425,0.4167419975196806,0.005113962655169919,0.6947260888928664,-0.004265322033003586,0.4099592726886198,0.015730127628376632
2025-04-15,0.9802186234279147,0.41605608012610923,0.08134327702774108,0.7354861543963872,0.4317264716285264,0.0038918944539534654,0.6994005541445637,-0.0011193910284066433,0.4111166855309485,0.016134250194192196
2025-04-16,0.9806099073926314,0.33957219713764886,0.06367472291033453,0.7151181404656425,0.34840042698620277,-0.01230197370898825,0.6708417161090691,0.006270879387662021,0.44708714668621774,0.035511481691861184
2025-04-17,0.9810910854528758,0.33546513212805695,0.06423766811061626,0.7118006875336236,0.3451484774525219,-0.007870219415548475,0.6694609898633386,0.018430970602146095,0.4254775313208211,0.012106493284909554
2025-04-21,0.9814522774797829,0.2794479830526674,0.09916881272592022,0.7190753286307593,0.29324336525300765,0.022854500757226944,0.6752088005925683,-0.057362976124220914,0.3847411630899304,0.017841984125627614
2025-04-22,0.9818233499020667,0.23598165623790415,0.11039543167536416,0.7203188622138336,0.25453772530889096,0.03463497785903083,0.6784885834036972,-0.07188328163886677,0.3602674869519905,0.020980735342296514
2025-04-23,0.9839857888369347,0.18544663919864293,0.13581945982657434,0.6992836485762648,0.18710964982860037,0.07413057156290266,0.6501328983411551,-0.08427092154154503,0.3623273433358764,0.025675778864382773
2025-04-24,0.9843815912417632,0.1959364411926003,0.15295824404770014,0.6970747530171854,0.19821870710443718,0.09504670786237095,0.6463843390240039,-0.06652421199876053,0.3622488610181971,0.03309064086832778
2025-04-25,0.9844866058502545,0.1849697394488824,0.1565720355451205,0.6986216090563736,0.18619868253302302,0.10067360653415777,0.6494216482192497,-0.0811056775666504,0.3453277935317737,0.03666161220853734
2025-04-28,0.9845148847777825,0.18137859383298288,0.15543091744889403,0.6942495684178357,0.18337844599953285,0.09969136778996641,0.6455677349802454,-0.07767007661555483,0.3313255418130304,0.028447267151601247
2025-04-29,0.9848490473247645,0.17321813075107206,0.15774559736512578,0.6792865618044914,0.1759299323950727,0.10398149877024727,0.6308318795897567,-0.09098292366345151,0.3453148770553955,0.015785723505250628
2025-04-30,0.9848280204162195,0.17225854164580887,0.15980286530077828,0.6656619754926465,0.1753187506081778,0.1065324428165878,0.6186694428429078,-0.08144857916324362,0.3570233445478699,0.035990416765441374
2025-05-01,0.9847895455304528,0.15242317602323893,0.1542600417126943,0.6674898168454384,0.1476154998665864,0.0984585498860146,0.6234614772946774,-0.0659019703047402,0.32198397483550917,0.028625765799971205
2025-05-02,0.984827464546866,0.15029238882360127,0.13501490554582646,0.6671136280114961,0.14572893375720997,0.08073466413075914,0.6240938991019963,-0.0751587256064667,0.3272665190623359,0.05233999860825073
2025-05-05,0.9848368770665549,0.13900909545547804,0.13673127515211217,0.666244282247148,0.13601675623596723,0.08234315178601072,0.6234511835298061,-0.09061535568390365,0.2773537607705484,0.06082589440137822
2025-05-06,0.9848750708151754,0.12432125753097775,0.1310071771344697,0.6443676302857907,0.12189863905825285,0.0757689671110169,0.6038950495626975,-0.07827806234522469,0.31432567158826336,0.07330692130214293
2025-05-07,0.9850814416790904,0.11177690895539613,0.134697579019979,0.6392050315065236,0.1073135416012038,0.08019432415665491,0.5967883244825061,-0.08209924107138247,0.31038528455213044,0.07417340839510086
2025-05-08,0.9851979179699158,0.09997805613027733,0.1274246989441939,0.6368134203659244,0.0920939068900196,0.07014926413335168,0.5985083310245579,-0.055276970052409495,0.26338782993466175,0.050589200293127384
2025-05-09,0.9854552405954942,0.09968991311201245,0.12704304895909496,0.6369855341634206,0.09226909283070416,0.07310023616474591,0.6019349920601755,-0.057125470831983105,0.2671362307424002,0.03086126532740094
2025-05-12,0.985993122179252,0.035135550438569196,0.08677316742788647,0.6405547827336152,0.023829578864464032,0.028782107775530686,0.6062098810413645,-0.03808765300767723,0.2301440677492923,0.015880307393899815
2025-05-13,0.9855281136804811,0.03698099266438447,0.08441528840428734,0.63856473683969,0.02971478122107607,0.0227191885625913,0.6107675458603389,-0.028370514338383765,0.22839711681569022,0.00975965490816718
2025-05-14,0.9852825052767028,0.03146032646807241,0.08744668017814798,0.6375810968779972,0.020373329913232464,0.022333488473005706,0.6085018990358607,0.008711172400410888,0.22628440968561878,0.028849210979578
2025-05-15,0.9850846687804021,0.03550019024081168,0.09040767948531064,0.6324666411771511,0.021375338961684302,0.023156708093260158,0.6062257809656304,0.023917115803711246,0.2142259858094735,0.017932162983931233
2025-05-16,0.9849775785183671,0.030173108989707955,0.09318504682678076,0.6345148429148617,0.018044174335183617,0.025179526080603393,0.6076522790481234,0.01960530597612055,0.20647121975597607,0.018193229333705343
2025-05-19,0.9848215447084907,0.028835396838629502,0.11191554802251161,0.6292033429168271,0.01644553127246408,0.04355566956538823,0.6012932911036705,0.019928406719767127,0.20896129958188014,0.04467572163704397
2025-05-20,0.9853969935350344,0.0265568924979761,0.11466895496467992,0.6311740952082233,0.015797430957053663,0.04796891795941503,0.6061579735771452,0.005354796044242124,0.2084837167313178,0.040134051295740734
2025-05-21,0.9857724064726368,0.018086871491775257,0.14426576520362377,0.635658881559603,0.0037204520434760786,0.08068808942406702,0.6062081793755374,0.027439425676272066,0.19058513619937226,0.08925145884370062
2025-05-22,0.9857867503680326,0.017647794038515744,0.1442849005336368,0.635392332975439,0.0028438677813371225,0.08039456570424085,0.6059034777131335,0.01952083513927199,0.19231581413767776,0.08798679155634548
2025-05-23,0.9869600861602218,-0.0036365966964562683,0.1359010126537436,0.6481924929026442,-0.028186767005112506,0.06742209674393324,0.6276880448743689,0.01377253247977131,0.22353346974479163,0.10098363844021262
2025-05-27,0.9871381276255533,-0.01733451883223179,0.14320467150580438,0.6386167758024247,-0.04180780219843644,0.07676573193280437,0.6180773883768645,-0.0066581496788330734,0.22933232062015355,0.08955824330390486
2025-05-28,0.9870239946250821,-0.006189402567084726,0.15427626916874318,0.6298937362687483,-0.03011170554361536,0.08811219818881197,0.6089661061845552,-0.012263278024647311,0.24196562884561065,0.09852426850323347
2025-05-29,0.9883243938716577,-0.001372525202459125,0.14664273232661929,0.630068033090702,-0.028825049942491368,0.08607811726991244,0.6081305526651697,0.0007097817570209193,0.23989538742876174,0.0926085126216683
2025-05-30,0.9882739172672489,-0.0007372164814620249,0.15352477713873422,0.6465452376410736,-0.027928796650442768,0.09267153964993607,0.6246614974292256,-0.0015689889006658816,0.24140112991209506,0.0800907208467909
2025-06-02,0.9889365870217087,-0.0012360090303054942,0.14585919068346975,0.6415406871035436,-0.029673486079752367,0.08340095099856304,0.6236331441740341,-0.026939879044973122,0.27111409202701653,0.05407652896778127
2025-06-03,0.9889311341828503,-0.003672100887301972,0.14651371443612263,0.6417324281512076,-0.032362388294343146,0.08404899044120491,0.6236710075032829,-0.026125155918480813,0.269061584469875,0.056386786877208335
2025-06-04,0.9897417697570228,-0.02026905894460026,0.17077258251851593,0.6378382658306473,-0.05437121349414194,0.12014975184974487,0.6205103952883884,-0.004480357150546127,0.2609975054574174,0.05996944374397639
2025-06-05,0.990262443480371,-0.013456953305807663,0.16575708262591293,0.639287734459278,-0.0493158939849551,0.11749368874186895,0.6182535685669721,0.0011197590163292172,0.25454523219104697,0.06511257409729218
2025-06-06,0.9905351473604306,-0.02110476450551853,0.15651064095169684,0.6416092726184176,-0.05553645977143272,0.11292450966459633,0.6173595604466919,0.023361444209849258,0.23504141798539874,0.05304493214868143
2025-06-09,0.9906192411816176,-0.009349814935310065,0.1700407891226106,0.6375374624977583,-0.04180267067245707,0.1285961040869826,0.6125719879478783,0.007678840447265952,0.25082481298197096,0.06646306708431826
2025-06-10,0.990488472666834,-0.008344906145323495,0.1805264406249678,0.6351796159972564,-0.0409902162019183,0.13889772646061394,0.6101418962836919,0.0059639835394227495,0.2520544321543633,0.0668660359953245
2025-06-11,0.9905898642931019,-0.010341928764333366,0.17657506300127482,0.6100268205567673,-0.04263674422308863,0.13572632762630357,0.5849579238176197,0.0051885100372778235,0.25107880935556076,0.07444491035724655
2025-06-12,0.990873310021119,-0.002595320245628827,0.1791791114627532,0.6092832921937256,-0.033867694636388224,0.13736176673491468,0.5843986284636581,0.01787600673914388,0.25567414932269483,0.07660231014663145
2025-06-13,0.99089511910477,-0.010905496635592928,0.18283799596575567,0.546183850717774,-0.04234578972755544,0.14135301740512105,0.5217332903112984,0.005309326941045175,0.2707194388365504,0.03091266613655426
2025-06-16,0.9908239470733962,-0.018561978543358757,0.17530679242349625,0.5401685927679202,-0.05170782495311467,0.13236468502296833,0.5140977820876098,0.0219480860282762,0.28488507867282953,0.04264567460511976
2025-06-17,0.9909388655253849,-0.018300011148336598,0.16262721314287146,0.5119525173265552,-0.05036098211531252,0.12046678949045438,0.48565035701154735,0.014513662249725633,0.2759035461875692,0.077962726750496
2025-06-18,0.9908472905483059,-0.012410429319746567,0.17828396353758635,0.5090245488379423,-0.04414202473485259,0.13643425403640586,0.4824579099408041,0.006194625906313465,0.28038355318165387,0.08670793615388028
2025-06-20,0.9908918957824459,-0.012296179711314064,0.17853853820428575,0.5078546783885473,-0.044124454192731935,0.1368431039088908,0.4810228226995449,0.00645420631119366,0.2796133605276938,0.08586788560666507
2025-06-23,0.9912969317930748,-0.013509883777037376,0.17532345119003268,0.44812203079512336,-0.04631094243025053,0.13104184092698012,0.4287263865159101,0.005163368886813831,0.25405272730121564,0.06347010311813299
2025-06-24,0.9914162880582194,-0.020154344137436036,0.17953439046088002,0.4250353224923113,-0.052782511172834,0.13606085308005086,0.40337457766660934,-0.005284741215079621,0.2762612374926232,0.04225736540453481
2025-06-25,0.991529958007665,-0.013546068589327664,0.2096464000061844,0.42360553541950896,-0.04532074745193283,0.17056438309580874,0.40240675863291736,-0.014253081070704048,0.27906166410096456,0.05087474789024333
2025-06-26,0.9926596210463025,-0.01793849182196239,0.2093670179795739,0.42421645841623834,-0.044719765946574994,0.17629841095178156,0.4100042845859671,-0.030386953904896218,0.26668157867055425,0.03211094763981865
2025-06-27,0.9927949390570798,-0.02092872718788032,0.207559290017365,0.42385790542429075,-0.044259270502696194,0.17291393541069489,0.4104444931914315,-0.014998165945253805,0.2656094610503246,0.03479986102997787
2025-06-30,0.9927938092909104,-0.019302940696556834,0.20850149562488088,0.4229106645956867,-0.04230616704516297,0.17445825929443676,0.4095371572513357,-0.0024923239140161105,0.26379416827584773,0.033694934209597065
2025-07-01,0.990523177823834,-0.04208788011694362,0.24487606519691923,0.348729034507591,-0.06933754978369489,0.2054944421355849,0.3311037391470821,0.003875910187382592,0.2623749175115519,0.061596575541148016
2025-07-02,0.988696078031555,-0.14612967583596878,0.34519279162442557,0.25319525112839636,-0.1708846222738451,0.2947475556048445,0.2378728934377346,0.0333021683399315,0.2169436423370936,0.10539223282764501
2025-07-03,0.9890388349122912,-0.15895300910535143,0.3547895203069777,0.2487019110995464,-0.1789898441658624,0.3108591228027021,0.23705433852146507,-0.04287104081948847,0.19446400657176552,0.05035790633751362
2025-07-07,0.988876068585556,-0.1549449361842039,0.33825360674177457,0.21631362174050034,-0.1751911596380894,0.29119719453933085,0.20361925083737137,-0.034432934898024604,0.2050927053399525,-0.021054758146887453
2025-07-08,0.9759920475221208,-0.5629821910844244,0.4001149246035526,-0.035239455842606925,-0.5937289106030228,0.3303743104031779,-0.05437116861380455,-0.06274657171552017,0.11810414114391364,-0.054413908696580256
2025-07-09,0.9722551542521246,-0.5448631802707109,0.237290396486061,-0.17023297155539852,-0.572698507826794,0.176204105000247,-0.1692689215541309,0.03053593869297157,0.16556251676248324,-0.15647453132981484
2025-07-10,0.9703772539547427,-0.5959587625774171,0.22603571103053044,-0.18928530587842698,-0.6156371215763231,0.16464555955908472,-0.1771948114666213,0.017095476206667643,0.15121213447508722,-0.16430496603730557
2025-07-11,0.9717259178430853,-0.596860469710772,0.22953866042933477,-0.19862425353071808,-0.6167097653052733,0.17078861813491705,-0.18352592920683342,0.005083590913318708,0.16026557853409215,-0.18852950037971036
2025-07-14,0.9726899934216363,-0.5951324790071656,0.2349047450302601,-0.19829226839774353,-0.6161231634408714,0.1723426041816271,-0.1832288927103672,0.0037975497071520026,0.16527947822779004,-0.18141631470986064
2025-07-15,0.9678329721276998,-0.545095569675167,0.29204693828152156,-0.17314038339621543,-0.5697301609890505,0.2283031514932317,-0.15883640759954398,-0.020026541498766547,0.1462984732661083,-0.18678398384148093
2025-07-16,0.9673878106095398,-0.5456359479248397,0.292107954839918,-0.1720539549669782,-0.5735237658193526,0.2229528131167268,-0.15349249086119413,-0.024641295971631474,0.1524689676954212,-0.17226557311165774
2025-07-17,0.9630636656989683,-0.4916691815994138,0.206937424596798,-0.21609705909124927,-0.5265473204367765,0.13742615430332225,-0.19004001521989017,0.06254396901569936,0.18197463034139966,-0.2029890994242626
2025-07-18,0.96166133982797,-0.4780729728724443,0.184662903069183,-0.24718942223587673,-0.5135444435305377,0.11412891685805253,-0.2110476098957093,0.07737034754338301,0.19037797921857824,-0.2096152724666783
2025-07-21,0.9601403981631691,-0.44819569023200767,0.1523780074727174,-0.22903739629779105,-0.47318202158205624,0.07858033578194973,-0.18962532801248397,0.14330445462019337,0.16060630805832202,-0.19721502169008734
2025-07-22,0.9532735075283928,-0.5220043203818379,0.09953207611380928,-0.2467049275339935,-0.5639052218238391,0.006328907862678807,-0.20509825766889886,0.12941501627291596,0.15553520580439592,-0.20665752408401827
2025-07-23,0.9501942015067573,-0.5241273071811678,0.07925731626577714,-0.25099407968208814,-0.5558410283404555,-0.01107875996622878,-0.21143735909077407,0.15687208797898375,0.16157752996343203,-0.21141446162183045
2025-07-24,0.9499558695569971,-0.5209656663686639,0.08465561895192572,-0.2581904707804979,-0.5531917483796556,-0.005263851898870447,-0.21899679824542903,0.14402141309884434,0.17688671174295692,-0.20171789312777175
2025-07-25,0.9491025490976762,-0.5183510865214046,0.07855015065918211,-0.252665733438675,-0.5480386929859261,-0.01444813970189652,-0.21124244677827236,0.14908373260261987,0.17107429924894152,-0.19010196035016536
2025-07-28,0.9479952628688594,-0.5181109068634713,0.07898578435870142,-0.27027615084499046,-0.5527333822613725,-0.020782529030664344,-0.22348141044264488,0.14638061435466165,0.14486180185410694,-0.239134614213719
2025-07-29,0.9495305887271549,-0.5143317435550218,0.058132821756632355,-0.28701788088586216,-0.5394705515461271,-0.02691668469980643,-0.24388350474304457,0.13366022559843366,0.1659893429411154,-0.17226309591317127
2025-07-30,0.9476176580269197,-0.5097692389803238,0.10664591833329973,-0.282608700922301,-0.5380050743626041,0.0074323041081174185,-0.23697097726274646,0.15173564235677672,0.15179568045599404,-0.19255452337263976
2025-07-31,0.9472362531844776,-0.4996845260096017,0.09344974246305555,-0.2965092004809227,-0.5318786530019195,-0.0059190289586959766,-0.2459137364565446,0.19114245648662367,0.20633164461033912,-0.2125259074697528
2025-08-01,0.9510447281947945,-0.5097530917709933,0.023538718726011872,-0.19797163683149313,-0.5431167135374664,-0.07178523155626897,-0.14811671704307053,0.22667075642717907,0.11429313213972203,-0.2579374460727578
2025-08-04,0.953573821213513,-0.48209330124406674,0.02966660696133313,-0.21500765997789267,-0.517289800591125,-0.062129828520664045,-0.16855846765393068,0.2436440980881835,0.08813667602437163,-0.25545258140249527
2025-08-05,0.9540855426025784,-0.474550359832078,0.041192728894061684,-0.21943359196075043,-0.5050675085133746,-0.04753295585276124,-0.17596831028509627,0.2094788444297769,0.13093037920557699,-0.23328586431133447
2025-08-06,0.9536620681301546,-0.4727979806737777,0.03181720169757552,-0.22435319509229332,-0.5023843430216797,-0.06076061470773741,-0.18571994432171174,0.21037597599002036,0.12769234247418948,-0.22161946382337303
2025-08-07,0.934356361369847,-0.3731553399006177,0.13907143078108003,-0.306111960996125,-0.40179936714505776,0.030146029551441956,-0.26740875144322857,0.1624326679873976,0.15908271038579944,-0.2108357095552324
2025-08-08,0.9406062888396362,-0.3782920939704505,0.13630291777214446,-0.32789783739109196,-0.41982795321589467,0.03759972482935782,-0.3139979679114847,0.16681020087490836,0.15451873167059,-0.19950331723011022
2025-08-11,0.9433304025392832,-0.37305406282972753,0.13606225088992155,-0.33045400108511014,-0.39327024936423693,0.04574167061824955,-0.3116838122348856,0.13520195256816647,0.1294363919768661,-0.21100695319829588
2025-08-12,0.9479154616577284,-0.39115182288488287,0.10884309537337473,-0.33326899640066704,-0.39569503725276123,0.030021468748941075,-0.3222560350553214,0.11279571430209853,0.1542679229274016,-0.19026407788523245
2025-08-13,0.947254796590127,-0.38111679056073045,0.10980095718108625,-0.33965243746783325,-0.39498335651771,0.025232269874694874,-0.3228634858418144,0.12386772919922162,0.16110386393357612,-0.1963749523978305
2025-08-14,0.9471971200252263,-0.38090699737775574,0.11198232142039727,-0.3403585548920366,-0.39192585260480517,0.029893060113183538,-0.3249106740128563,0.14512397397545265,0.1483423055310458,-0.20541282991184986
2025-08-15,0.9467918538959351,-0.3705960842473232,0.10953794285799104,-0.3332817506204555,-0.38262838173772434,0.031983267209778,-0.31445629507001416,0.1803765156825097,0.15032702357051836,-0.19341753451990035
2025-08-18,0.9466687863631083,-0.3602656290733664,0.004514585359772628,-0.39679076082717096,-0.37071779630779256,-0.04827033873892769,-0.354732066689362,0.2218191513091126,0.16085340126321818,-0.2364258482748738
2025-08-19,0.9428518475226296,-0.35049625775261317,-0.006697700845726229,-0.38198300184993134,-0.3408507210930924,-0.07013721430640889,-0.3224214270986854,0.22566534201445507,0.16145063243811716,-0.23910015419654584
2025-08-20,0.940970424211587,-0.32661712972749257,-0.006032769328352903,-0.3819429259843854,-0.3184056011194691,-0.07092003983353122,-0.32398663244842013,0.2319600220683878,0.15946280095643153,-0.23727168248985483
2025-08-21,0.9327757641784976,-0.2520038918831511,-0.09809470118485075,-0.3878579345778237,-0.2488998566280424,-0.16022654484918397,-0.32307553198630234,0.309819941559531,0.1448820725385623,-0.23026645237287194
2025-08-22,0.9361884567191426,-0.20310788729804377,-0.07041877692110435,-0.35952228500072764,-0.2089076407347196,-0.1343986087947345,-0.30375739617985587,0.32092463116300096,0.14962557512352614,-0.22167311120679256
2025-08-25,0.9365834503791689,-0.20142140988673873,-0.07134298101111658,-0.363000796262978,-0.20630678407955222,-0.13184289867588164,-0.30820966132514027,0.3146977267019256,0.15271620969939753,-0.21710043753548497
2025-08-26,0.9364256764300811,-0.20139393341389014,-0.07100973955871706,-0.3681975607640241,-0.2078240598463279,-0.13138468706085213,-0.31194403344903626,0.31539064744814377,0.13567438691695394,-0.21230127452061945
2025-08-27,0.9358904999972497,-0.25206186620902116,-0.05702600129615266,-0.3934608977972161,-0.2683611279079175,-0.1145869251790516,-0.34155557077510124,0.41650732080899683,0.06981326121847056,-0.1846140348331297
2025-08-28,0.934989373900794,-0.23623890931809632,-0.048162188117574764,-0.3948229491211947,-0.24575505022783709,-0.10051388918552599,-0.3415942336036942,0.4224082449042509,0.07723928286087367,-0.1783976300701438
2025-08-29,0.936933612318506,-0.25104827334668434,-0.015874923853337743,-0.38628300128773385,-0.2718889603102264,-0.07675719545902826,-0.3235800575097873,0.38597102720181403,0.07636104790165647,-0.16260173982733944
2025-09-02,0.9375604593234848,-0.3075300874396677,0.012461819574695622,-0.4000832640733871,-0.3233887186189663,-0.05054786504170232,-0.33677251667066027,0.3151792451167771,0.1217922662191982,-0.18024076081879734
2025-09-03,0.9371648411820596,-0.2677770258024898,0.07843336137776344,-0.43869305239699646,-0.2884516534977812,0.00765054018868869,-0.36994454318500264,0.29080908424229274,0.1320345953735521,-0.1846923468030726
2025-09-04,0.9382742841499275,-0.27600661944060245,0.09697920376597052,-0.4414804898928643,-0.29625173012078176,0.02504821205772663,-0.37401474190623885,0.27586730228887757,0.1335596316776273,-0.1909602599527937
2025-09-05,0.9339104547741852,-0.28620180304857723,0.0625367192091609,-0.42386847877976136,-0.29131993284171515,0.017471300007340807,-0.3696503622058601,0.31074128701700143,0.10807486252333806,-0.21361006460425142
2025-09-08,0.9330171392958944,-0.275971669541284,0.07031583107653404,-0.4158103857258898,-0.275929128337639,0.03358376796386757,-0.35956274082417217,0.33037174088212623,0.10014989701417208,-0.21844169948588507
2025-09-09,0.9337622250410405,-0.2898018413919418,0.05741293536699598,-0.41677602085294163,-0.2828724172637327,0.028061155091522648,-0.35899247012507773,0.311945869268374,0.09633041346502531,-0.229251213785834
2025-09-10,0.9282834839937778,-0.25468381499518056,0.010085726901121814,-0.34315627646060487,-0.25275625925363354,-0.01990879203285139,-0.29541296844743303,0.35847605405015004,0.032707377174848624,-0.15668985135278532
2025-09-11,0.9245012247593419,-0.22719085006626272,0.06277213198352188,-0.34306176712809017,-0.2167242162966636,0.03267094970115293,-0.28416377311293256,0.32075132790298627,0.009528283090521401,-0.20034860003775198
2025-09-12,0.9169337607566933,-0.23578383000410574,0.11854440786336386,-0.29636181177244003,-0.22259527496998133,0.07268020418721399,-0.2350460964611451,0.3272963348305685,0.013886375999248546,-0.2877493612213537
2025-09-15,0.9169424333891084,-0.22732175840731542,0.12123884199536701,-0.28584595004955,-0.20739876640709543,0.0762031753930468,-0.22025269259902777,0.331462659749484,0.028073654036382036,-0.2837181106638944
2025-09-16,0.9163206401756693,-0.2310365535278907,0.11511990310252715,-0.28691435925226866,-0.21196477376099207,0.06981454156282599,-0.2180577488926137,0.3306237882861998,0.0313275826649091,-0.274593865320132
2025-09-17,0.9148296836673291,-0.22786271607941902,0.11262587336230911,-0.21960817783848982,-0.20609418322775974,0.0680385599093885,-0.1567844251886172,0.3350797648709717,0.06364045035207544,-0.2962367751366007
2025-09-18,0.9095595229163733,-0.18705397596200687,0.07069197544204397,-0.1547001146839629,-0.16156942700807667,0.009268940631167894,-0.07579118648816956,0.3913060012135935,-0.03422314106832415,-0.2580672106972404
2025-09-19,0.9108581274570026,-0.17323394982100995,0.06707996697437184,-0.16331647428834611,-0.14680716421103973,0.004718382566016829,-0.08854518949082722,0.38080827716986876,-0.053593888084077904,-0.24961362220380495
2025-09-22,0.9095158483244837,-0.14635141877146512,0.04912829504438074,-0.17028793370827167,-0.11971895892261349,-0.013578817883716392,-0.09462891201443938,0.35789786072375057,-0.05272411952819935,-0.25223185845571766
2025-09-23,0.9125120691053037,-0.13038753352959367,0.039756325751153,-0.19219528069467962,-0.11788550035663599,-0.027702436290615712,-0.11872754478440006,0.33846023757191385,-0.06100935010164588,-0.23057150110252678
2025-09-24,0.9126460161091878,-0.12402746554374593,0.033878628604781504,-0.2028543218908239,-0.11575130628928698,-0.037381673747381536,-0.12847513576018227,0.3284745346840807,-0.08205843644218368,-0.23848098179945396
2025-09-25,0.9230490593911708,-0.12459648256384193,0.035799159029080756,-0.20667347045280485,-0.10136357187961173,-0.029614514501367137,-0.12025863660769007,0.32578297732644196,-0.09027789022332032,-0.24324044843371292
2025-09-26,0.921765709379085,-0.12229746799345702,0.04361927670150704,-0.2247065881013621,-0.10458204381760479,-0.017676845439524823,-0.1427138349707519,0.3341853487492346,-0.10258288606332644,-0.22516572368929924
2025-09-29,0.9197353577299298,-0.09118479914493184,0.07275857318337285,-0.22285408336343548,-0.0679055525304126,0.014703028918686198,-0.1488309638515603,0.3416623160362533,-0.16305621843406945,-0.26321498023396306
2025-09-30,0.9169840683492996,-0.09167338848368019,0.029962549458222697,-0.20430685621241473,-0.07026980516175758,-0.02112464984716172,-0.12932358506612956,0.334591780862199,-0.16852887027327854,-0.2336343430640458
2025-10-01,0.9174164508504022,-0.10305444495922614,0.03003544893994187,-0.2048940861392469,-0.07604284265160867,-0.019513402252422346,-0.13211762692713291,0.33281308753551975,-0.15895271574604233,-0.23350079545913033
2025-10-02,0.9151074517949424,-0.1064272174897521,0.008927704199344662,-0.20319868642687797,-0.08410780324620294,-0.03850152551857022,-0.14015133230059626,0.3274362344495348,-0.13946756492145787,-0.24247065600775344
2025-10-03,0.9166716575264452,-0.10833103581547777,0.010354719544937021,-0.20035493703634671,-0.09292687000269845,-0.03274322977985723,-0.15322885816904286,0.3215027986431455,-0.13907075757177564,-0.24653959415547974
2025-10-06,0.9157688354218961,-0.0804825406474888,-0.033254841520417994,-0.17087663234918565,-0.05482122976959171,-0.0751400728718915,-0.1224095958502505,0.3106573569806357,-0.12539554058199662,-0.21707124158351315
2025-10-07,0.9172182500050831,-0.08289157843227171,-0.043835899474656166,-0.17479874546080199,-0.05520115425069846,-0.08484345541875479,-0.12183266622235678,0.30868012699079506,-0.14428250057468395,-0.22588138504969674
2025-10-08,0.9229991059283832,-0.07400125937957705,-0.066713166873918,-0.17536309266779518,-0.017633193822224034,-0.086838731693827,-0.1121802367090012,0.28988426395278705,-0.1376532729342702,-0.23511518783105168
2025-10-09,0.9239239120038097,-0.04038178868260579,-0.06320357079527048,-0.16174020762557081,-0.00042715480325396796,-0.0847024544616068,-0.10533640167515537,0.2865645013472944,-0.0940501952109906,-0.22915169804832036
2025-10-10,0.9473325168994584,-0.08327636253730406,-0.21332506826613262,0.05714928344223944,-0.050044519481858105,-0.23112597701971416,0.10221139254272815,0.30126845317019624,-0.11569322537774165,-0.30634606982124235
2025-10-13,0.9513342760681146,0.0011660053321391564,-0.21447045549264437,0.08558977825480056,0.03822865362450743,-0.23085607748379972,0.1304646636664949,0.27878454242329587,-0.07780373238110466,-0.3080827769622983
2025-10-14,0.9497749377910821,-0.004000585603237974,-0.22116982964223514,0.09079720312098274,0.022549594914811313,-0.2462242532830845,0.14569666663044062,0.2619655951924221,-0.08109789468073865,-0.31042471311053477
2025-10-15,0.9526177172399437,0.009889106860600263,-0.22410925232540224,0.09112015261584054,0.046552016086358845,-0.2434641487986779,0.14546536231261006,0.2383160716835672,-0.07675648699158373,-0.3106855687366085
2025-10-16,0.9543303543619343,0.003033215824969903,-0.22369153051723092,0.10775542344869657,0.03832200488305788,-0.24572360873906204,0.15272065570954274,0.24053839764818813,-0.10674134684093967,-0.32364293149213713
2025-10-17,0.9548626157447372,-0.025754808500078018,-0.2283127478467967,0.11177366453717112,0.014944574539004437,-0.24848439217901994,0.1541498246244659,0.24036145059275085,-0.10053429457553455,-0.32116453411190443
2025-10-20,0.9570194235446415,0.054755575726987374,-0.22294517756146498,0.11770511613274229,0.07982541723856759,-0.2390951318783417,0.15457489457380796,0.2635523181855783,-0.11552058218059465,-0.31274987299736917
2025-10-21,0.9581844252461623,0.05102190179484504,-0.22981216233983554,0.12625740078024383,0.07798395828399074,-0.23883695360508964,0.15098288300560908,0.13873358954086057,-0.10977720236952625,-0.27898723507100165
2025-10-22,0.9583013595096219,0.0539023450884143,-0.2178913297511676,0.11106534986102345,0.08168785117601224,-0.23400250459537714,0.11425186514296612,0.14879295397203068,-0.11693476143510992,-0.39470705136145634
2025-10-23,0.9595417240625741,0.04693423505505233,-0.23685858656987438,0.14041681765925168,0.08368653343346237,-0.2484450912435397,0.14056041350299586,0.12397611066821627,-0.08618872953195636,-0.4110447077562277
2025-10-24,0.9599007760222376,0.04033504531708851,-0.23832955335831818,0.12918584637160793,0.07691271719409093,-0.24999881824524653,0.12870406597147727,0.12485864121046708,-0.08319729105692607,-0.4159176945389654
2025-10-27,0.9571556875683583,0.03676202551705761,-0.1467182559045193,0.06459041623401027,0.0584453292582221,-0.16194358540780743,0.0683128657456024,0.06544441561040044,-0.050506425165739194,-0.38022203408542304
2025-10-28,0.9528878194605902,0.02846099513984002,-0.16217060395961952,0.09841601365942607,0.04533857789269743,-0.17284404743960885,0.08641567677557095,0.0605240637131545,-0.02920677697525557,-0.37874810730995717
2025-10-29,0.9504547868517105,0.02768677652317871,-0.14779795318830535,0.08402914318279035,0.04129541569938257,-0.17164950908072837,0.07486191653750311,0.07333538208141338,-0.034271239877464825,-0.37755689433261097
2025-10-30,0.9530763555116505,-0.004607871345596177,-0.09369159799977575,0.10014035700461886,0.00855048619098398,-0.11121304902874088,0.0957775754625593,0.045502619973983,-0.04077842748522244,-0.39811067808185774
2025-10-31,0.9552874483087201,-0.005428994166220115,-0.09863737787551595,0.10202484822859606,0.003837634602185318,-0.11325280564087614,0.10084784226412481,0.053644326140967195,-0.04600554115944679,-0.4053668145368144
2025-11-03,0.9542245098342531,-0.0021760008873723015,-0.08685377617513806,0.1046505698490776,0.006461642446911066,-0.10528157996171544,0.103724583588597,0.0515710612830156,-0.04651269250712006,-0.40945508139095904
2025-11-04,0.9557765527478506,0.03440347603979296,-0.09205255026994413,0.12704434354676095,0.053044682920637624,-0.11010649069828049,0.12984194457231032,0.04673375539169236,-0.020924061587825747,-0.4119379486228882
2025-11-05,0.9546295066150025,0.04478963065451355,-0.08087490450594229,0.14123335154839975,0.06448841547490669,-0.10772651403687969,0.13818880127620964,0.022631279213635565,-0.03161528051260737,-0.38890417372070957
2025-11-06,0.9575651219498467,0.05160989103507474,-0.12553840046701398,0.14376075513036296,0.07187814773926834,-0.1499888693324685,0.13656624394171335,0.0159020682036888,-0.031036723959462647,-0.3825211565487983
2025-11-07,0.9558432556557358,0.05096882459987749,-0.12945054313007606,0.14715060078810946,0.0685547262174685,-0.1523892606964613,0.13843642329187242,0.0002324094083956993,-0.01769903794046989,-0.36860481813519624
2025-11-10,0.9589736833178621,0.10263445631678399,-0.14210363504882081,0.15053984929245254,0.12009901291827202,-0.16686684872981886,0.1409021747379849,-0.007963336615606179,-0.00891165399121616,-0.3938086932607267
2025-11-11,0.9562044192790665,0.10180734058909337,-0.14207735238662103,0.15335739920941144,0.11891077174741448,-0.17262900368873205,0.13457459082176398,-0.011261845898890536,-0.006488982267965025,-0.3781789601880928
2025-11-12,0.9580367320408786,0.09146837013923564,-0.131217134919679,0.13919915300776062,0.10156147658746167,-0.1560723842178715,0.12147973125443781,-0.0005667893186794327,-0.047883707431837494,-0.35850139266275377
2025-11-13,0.9614797299356906,0.12270666372752931,-0.06092356521703458,0.13885105893044752,0.1321238238364989,-0.09037624453208774,0.12763802050282005,0.01760343395500839,-0.05706595742259255,-0.3620012175939112
2025-11-14,0.9612042606683179,0.11961705414223332,-0.06882766053280287,0.14029712878345552,0.12708772685342207,-0.09869574831653774,0.13057564839685684,0.03541361626434303,-0.0838968346403981,-0.3719111094508329
2025-11-17,0.9613806460009419,0.12720254223571353,-0.11566825574410135,0.1281816546318987,0.1315788466836543,-0.1326023936247236,0.12143983327856513,0.021250893803273354,-0.0869077127065773,-0.3848964119681048
2025-11-18,0.962964330057825,0.11632956243065803,-0.11831082568165678,0.11572021575887137,0.12162474766301319,-0.13141137060554514,0.10240551735225106,0.01711090096071523,-0.07623764233197385,-0.3788182770098146
2025-11-19,0.9632623545193286,0.11336355413922701,-0.11991743233565298,0.1168092699650385,0.11921219546890757,-0.1337715173756327,0.09802520960269287,0.018700241127735228,-0.06806366444620994,-0.37309624564181626
2025-11-20,0.9658982270006374,0.11716375141436199,-0.13314916848807182,0.13005706242012294,0.1223245166166182,-0.1482303272121965,0.11492359714331324,0.01630863088343652,-0.06528577798397066,-0.3748546814701431
2025-11-21,0.9634988725035402,0.10736160485597326,-0.13115259467816112,0.11052569215192194,0.1160878232478128,-0.1537635109421067,0.10227213752404793,0.0095924417232596,-0.06447390907177468,-0.38994098921669146
2025-11-24,0.9645331977903112,0.13614869067484428,-0.12236881663729887,0.1349937235743147,0.15196194958284526,-0.1436292252971793,0.1323321346113962,0.03112972661141044,-0.04731123025639039,-0.3811039907536687
2025-11-25,0.9612610528605975,0.1585674840637112,-0.1443593723207018,0.14824240301427258,0.17368518610905412,-0.16560545663770498,0.15152788117167174,0.06414797373371518,-0.08281635111141329,-0.35851833689079904
2025-11-26,0.9613561233647042,0.15946409971577394,-0.15616291111574176,0.17394544726357206,0.17415125409618631,-0.17973276727889295,0.1775040740464544,0.059047022946851734,-0.07053684623169884,-0.3200433472981686
2025-11-28,0.9615644274740616,0.17376774195444467,-0.1859613119859591,0.19056878060495214,0.18652130597921762,-0.20519786409305407,0.19238448565360383,0.05829990530503051,-0.06365682928642913,-0.32539028513351764
2025-12-01,0.9632031413057657,0.17819157994060617,-0.13966198535102015,0.18208546923831986,0.1857749887774964,-0.19212000566943374,0.19498067363943417,0.023425648585169833,-0.04975695696003405,-0.2791267089840643
2025-12-02,0.9614830511701363,0.17493796097664385,-0.15468958827554208,0.17875023787033845,0.1758887820878005,-0.21426900471527138,0.184487056334088,-7.01496205610108e-05,-0.04601832572066688,-0.3081561892730976
2025-12-03,0.9611181498689094,0.17462065500419482,-0.14959303961900108,0.17993288578342098,0.17633227560620726,-0.21224860783906702,0.18437535736313876,-0.007733511594329553,-0.04590826908491523,-0.30038609683016637
2025-12-04,0.9618011246483057,0.17440342856431182,-0.15406460597289126,0.17614094134353617,0.17676775299081945,-0.20753620312248727,0.18495905757225803,-0.007080004896660847,-0.04909505276042334,-0.3348999200679431
2025-12-05,0.963758848420046,0.17925238106432784,-0.17926907271300607,0.20440423395349558,0.17752370365969564,-0.2223169883977125,0.200299343576593,0.0024733302278591926,-0.05838597026634221,-0.31884170604502643
2025-12-08,0.9650929089351944,0.18139620336275852,-0.17642986623321358,0.21211941107609286,0.17906988824616535,-0.21615578818166345,0.20216369758057104,0.005407580362015619,-0.050661704166784255,-0.29997287725848476
2025-12-09,0.9645344108393673,0.17619516676164929,-0.18284137045144105,0.2067360152679823,0.17394572058833177,-0.22291637261889063,0.19383741835609244,0.0017836021427948333,-0.06013319615900227,-0.3102971242778386
2025-12-10,0.9628623364398703,0.17705329371259165,-0.16961668094454962,0.22222122528627863,0.17444066551499282,-0.21711046245476448,0.2025435036934849,0.003632362871460427,-0.058836135565271896,-0.3129458719475216
2025-12-11,0.9599362554248353,0.17625954815693834,-0.17253857031558112,0.21475566755943937,0.1677412250200854,-0.2178673327625714,0.20560150964271018,-0.003523752115281886,-0.07428049986561194,-0.310722095814617
2025-12-12,0.9608372157765469,0.17276524867614973,-0.11004641841122995,0.22020122355367533,0.16370168190781373,-0.1348068808681724,0.21213859175927205,-0.02407233113322176,-0.07649771751620467,-0.3071258238437735
2025-12-15,0.9602422789494394,0.1689780202428316,-0.10785957621258684,0.23293574349757235,0.16007388540240836,-0.13311498027458818,0.22764368699141532,-0.02147355457523898,-0.06725448339870406,-0.3150949253027252
2025-12-16,0.9576406136072109,0.16228630288703386,-0.10807732914314627,0.2383355836650658,0.1528275276483283,-0.12427124718565888,0.21973599025516774,-0.012898011952273476,-0.06341031406942728,-0.3332271659102499
2025-12-17,0.9585788238992613,0.1514091886296679,-0.088165777147353,0.208635491665503,0.13888292412036046,-0.10522106492060491,0.17868757832437313,-0.016930186343608385,-0.05320663143179058,-0.372135589605043
2025-12-18,0.9584119974902677,0.1412256497103705,-0.07879818967053927,0.20909502443970301,0.12755364071086966,-0.08847082441093272,0.17220261351631017,-0.03093909206144347,-0.03514199815165931,-0.36917686970695435
2025-12-19,0.9593916535864463,0.1400038378807843,-0.09065364335210796,0.2293710675716882,0.12566431598399042,-0.1002860098291486,0.19055306168887973,-0.02971919051196662,-0.03755275259297294,-0.376957989103567
2025-12-22,0.9594170350904446,0.15129545725081867,-0.09347681767177864,0.24140463879187854,0.1307882955959301,-0.10175507936893376,0.19530239672309363,-0.03790571941301652,-0.0004144341573626914,-0.3789754941639662
2025-12-23,0.9593597991456716,0.153120062569169,-0.09983616233944798,0.26085287491944115,0.12998342363036058,-0.11119220341091096,0.21486051324317723,-0.05971568388613564,0.03566467171256974,-0.34272933010001666
2025-12-24,0.9594969886357013,0.14783715267269953,-0.08840268827741403,0.26578207816254756,0.1272473974177606,-0.10464390810911443,0.21743297875534814,-0.06442030105609962,0.04033536840844184,-0.34725525852496597
2025-12-26,0.9594112113608242,0.1469929433428684,-0.0903987039622754,0.2664853863130562,0.12677741120297978,-0.10709125398836793,0.2183109935692318,-0.06996015623258464,0.02428651262388533,-0.32226850023530185
2025-12-29,0.9599905082826738,0.16129846153146468,-0.09708780661413487,0.2599571446374091,0.14199011957284452,-0.11558239337936459,0.21785007808979462,-0.09742853267230168,-0.0363552375358792,-0.29761422765082196
2025-12-30,0.9609392965287763,0.16209052201911558,-0.09579553722202556,0.25956612229864046,0.14515596180473309,-0.11619159522506467,0.21866495687213747,-0.09474189802630878,-0.037679290359367776,-0.29749795464710166
2025-12-31,0.9612919096013274,0.16340294979962822,-0.06080744425453731,0.2605665461718969,0.14127810830339574,-0.08129140335763214,0.21511314247248156,-0.05539694592325459,-0.05266210477685061,-0.26136947909403074
