Date,SPY,QQQ,GLD,TLT,USO
2010-01-04,84.57848358154297,40.246551513671875,109.80000305175781,55.504547119140625,322.1600036621094
2010-01-05,84.80240631103516,40.246551513671875,109.69999694824219,55.86296844482422,323.2799987792969
2010-01-06,84.86207580566406,40.00379180908203,111.51000213623047,55.115169525146484,327.760009765625
2010-01-07,85.22030639648438,40.02981185913086,110.81999969482422,55.20789337158203,325.760009765625
2010-01-08,85.50389862060547,40.35926818847656,111.37000274658203,55.18315505981445,327.44000244140625
2010-01-11,85.62328338623047,40.194541931152344,112.8499984741211,54.88032150268555,324.32000732421875
2010-01-12,84.82477569580078,39.69167709350586,110.48999786376953,55.81975555419922,317.0400085449219
2010-01-13,85.54122161865234,40.18587875366211,111.54000091552734,55.17080307006836,313.67999267578125
2010-01-14,85.77255249023438,40.220542907714844,112.02999877929688,55.94333267211914,312.4800109863281
2010-01-15,84.8098373413086,39.752349853515625,110.86000061035156,56.28942108154297,307.20001220703125
2010-01-19,85.86956024169922,40.39393997192383,111.5199966430664,56.12871551513672,311.44000244140625
2010-01-20,84.99638366699219,39.81306457519531,108.94000244140625,56.69733810424805,303.1199951171875
2010-01-21,83.36198425292969,39.440250396728516,107.37000274658203,56.95687484741211,297.9200134277344
2010-01-22,81.50370025634766,38.2871208190918,107.16999816894531,56.85804748535156,290.7200012207031
2010-01-25,81.92163848876953,38.417144775390625,107.4800033569336,56.59841537475586,294.4800109863281
2010-01-26,81.57831573486328,38.45184326171875,107.55999755859375,56.616966247558594,292.0
2010-01-27,81.96642303466797,38.755313873291016,106.52999877929688,56.586090087890625,288.6400146484375
2010-01-28,81.02606964111328,37.75823974609375,106.4800033569336,56.5551872253418,289.2799987792969
2010-01-29,80.14542388916016,37.09931564331055,105.95999908447266,57.04960632324219,285.1199951171875
2010-02-01,81.39178466796875,37.506813049316406,108.3499984741211,56.53175354003906,293.760009765625
2010-02-02,82.37688446044922,37.84494400024414,109.12999725341797,56.69295883178711,300.239990234375
2010-02-03,81.96642303466797,38.053009033203125,108.69999694824219,56.03557205200195,301.20001220703125
2010-02-04,79.43644714355469,36.951934814453125,104.37000274658203,56.92245864868164,286.3999938964844
2010-02-05,79.60061645507812,37.2640495300293,104.68000030517578,57.046504974365234,281.67999267578125
2010-02-08,79.02599334716797,36.99528121948242,104.04000091552734,57.12092590332031,280.7200012207031
2010-02-09,80.01856994628906,37.376766204833984,105.41000366210938,56.55036926269531,289.67999267578125
2010-02-10,79.86183166503906,37.298736572265625,105.12000274658203,56.010738372802734,292.0799865722656
2010-02-11,80.69771575927734,37.86227798461914,107.12999725341797,55.70684814453125,294.239990234375
2010-02-12,80.63055419921875,37.94031524658203,107.04000091552734,55.93634033203125,290.4800109863281
2010-02-16,81.89927673339844,38.42585372924805,109.62000274658203,56.041725158691406,302.32000732421875
2010-02-17,82.28732299804688,38.64259338378906,109.25,55.402915954589844,303.760009765625
2010-02-18,82.7724380493164,38.885353088378906,109.9800033569336,55.179656982421875,309.8399963378906
2010-02-19,82.94409942626953,38.86802673339844,109.47000122070312,55.47737121582031,312.7200012207031
2010-02-22,82.95899963378906,38.78999328613281,109.06999969482422,55.24790954589844,312.239990234375
2010-02-23,81.95148468017578,38.2871208190918,107.88999938964844,56.10997772216797,306.6400146484375
2010-02-24,82.70523834228516,38.67728042602539,107.36000061035156,56.24637985229492,311.9200134277344
2010-02-25,82.59329986572266,38.668601989746094,108.30999755859375,56.562721252441406,304.8800048828125
2010-02-26,82.64555358886719,38.80733108520508,109.43000030517578,56.85424041748047,310.55999755859375
2010-03-01,83.50377655029297,39.370880126953125,109.43000030517578,56.829368591308594,306.79998779296875
2010-03-02,83.73516082763672,39.49226379394531,111.0199966430664,56.75469207763672,310.3999938964844
2010-03-03,83.80977630615234,39.535621643066406,111.62999725341797,56.6115608215332,315.20001220703125
2010-03-04,84.06351470947266,39.665672302246094,110.83000183105469,56.91023254394531,313.20001220703125
2010-03-05,85.26508331298828,40.26390075683594,110.80999755859375,56.16360855102539,318.79998779296875
2010-03-08,85.28001403808594,40.34191131591797,109.87999725341797,55.87118911743164,318.32000732421875
2010-03-09,85.42178344726562,40.56736373901367,109.72000122070312,55.883628845214844,316.3999938964844
2010-03-10,85.80239868164062,40.896827697753906,108.47000122070312,55.740535736083984,319.20001220703125
2010-03-11,86.16064453125,41.052886962890625,108.5999984741211,55.94587707519531,320.3999938964844
2010-03-12,86.1680679321289,41.06155014038086,107.94999694824219,56.294288635253906,316.0799865722656
2010-03-15,86.19048309326172,40.957515716552734,108.36000061035156,56.21956253051758,310.6400146484375
2010-03-16,86.87711334228516,41.21760559082031,110.4000015258789,56.667598724365234,318.32000732421875
2010-03-17,87.39205169677734,41.330318450927734,109.58999633789062,56.91023254394531,321.8399963378906
2010-03-18,87.34727478027344,41.46904373168945,110.33999633789062,56.72357177734375,319.3599853515625
2010-03-19,86.90512084960938,41.218204498291016,108.27999877929688,56.7795524597168,313.6000061035156
2010-03-22,87.36974334716797,41.5914192199707,107.75,56.84177017211914,316.4800109863281
2010-03-23,87.9842758178711,41.877838134765625,108.31999969482422,56.57427978515625,317.6000061035156
2010-03-24,87.55708312988281,41.67821502685547,106.30000305175781,55.54145050048828,311.5199890136719
2010-03-25,87.41468811035156,41.617469787597656,106.77999877929688,55.18680191040039,311.20001220703125
2010-03-26,87.36228942871094,41.660850524902344,108.58999633789062,55.34232711791992,310.6400146484375
2010-03-29,87.91677856445312,41.860469818115234,108.75,55.13080978393555,319.67999267578125
2010-03-30,87.97673797607422,41.999332427978516,107.97000122070312,55.30500411987305,319.6000061035156
2010-03-31,87.67698669433594,41.79972839355469,108.94999694824219,55.684539794921875,322.32000732421875
2010-04-01,88.27648162841797,41.79972839355469,110.26000213623047,55.54840087890625,329.9200134277344
2010-04-05,88.99591064453125,42.190303802490234,110.88999938964844,54.62417221069336,336.55999755859375
2010-04-06,89.20571899414062,42.31180191040039,111.02999877929688,54.71158218383789,336.1600036621094
2010-04-07,88.69615173339844,42.20765686035156,112.48999786376953,55.41102600097656,332.1600036621094
2010-04-08,89.00337982177734,42.30313491821289,112.6500015258789,55.43600845336914,331.5199890136719
2010-04-09,89.587890625,42.55482864379883,113.63999938964844,55.56715774536133,329.3599853515625
2010-04-12,89.73028564453125,42.589534759521484,113.01000213623047,55.86064910888672,327.44000244140625
2010-04-13,89.7977066040039,42.8065299987793,112.69000244140625,56.041786193847656,327.1199951171875
2010-04-14,90.81686401367188,43.31862258911133,113.02999877929688,55.6483268737793,334.0799865722656
2010-04-15,90.89183044433594,43.50956726074219,113.6500015258789,55.71075439453125,333.67999267578125
2010-04-16,89.44552612304688,42.98879623413086,111.23999786376953,56.11669158935547,324.79998779296875
2010-04-19,89.78276824951172,42.962745666503906,111.1500015258789,55.97929000854492,320.8800048828125
2010-04-20,90.58455657958984,43.17974090576172,111.45999908447266,56.17909622192383,322.3999938964844
2010-04-21,90.41972351074219,43.42277526855469,112.30999755859375,56.6412467956543,322.1600036621094
2010-04-22,90.68949127197266,43.665794372558594,111.83999633789062,56.472652435302734,322.3999938964844
2010-04-23,91.28147888183594,43.84805679321289,113.19000244140625,56.2728271484375,327.6000061035156
2010-04-26,90.936767578125,43.7525749206543,112.75,56.335235595703125,322.79998779296875
2010-04-27,88.78607940673828,42.82389450073242,114.62999725341797,57.12837219238281,314.9599914550781
2010-04-28,89.46048736572266,42.84993362426758,114.30999755859375,56.6412467956543,319.760009765625
2010-04-29,90.56958770751953,43.596343994140625,114.27999877929688,56.878578186035156,328.32000732421875
2010-04-30,89.03335571289062,42.737091064453125,115.36000061035156,57.534263610839844,330.6400146484375
2010-05-03,90.18741607666016,43.33597183227539,115.7300033569336,57.45907974243164,331.67999267578125
2010-05-04,88.06666564941406,42.03407287597656,114.87000274658203,58.49305725097656,317.6000061035156
2010-05-05,87.54208374023438,41.81709289550781,115.08999633789062,58.83772659301758,306.4800109863281
2010-05-06,84.634521484375,40.41969299316406,118.48999786376953,60.65510177612305,295.67999267578125
2010-05-07,83.37554168701172,39.412906646728516,118.2699966430664,59.896846771240234,290.4800109863281
2010-05-10,87.04753112792969,41.46126174926758,117.56999969482422,58.65599822998047,297.8399963378906
2010-05-11,86.80021667480469,41.41783142089844,120.66000366210938,58.50560760498047,294.0799865722656
2010-05-12,88.01422119140625,42.19896697998047,121.4000015258789,58.06071472167969,294.1600036621094
2010-05-13,86.92011260986328,41.53066635131836,120.55999755859375,58.442955017089844,289.0400085449219
2010-05-14,85.34644317626953,40.732181549072266,120.37000274658203,59.45813751220703,278.4800109863281
2010-05-17,85.39138793945312,40.86235046386719,119.36000061035156,59.23882293701172,271.0400085449219
2010-05-18,84.2298583984375,40.2982063293457,119.48999786376953,60.1474494934082,267.760009765625
2010-05-19,83.75025177001953,39.97707748413086,116.62999725341797,60.34800338745117,268.0799865722656
2010-05-20,80.5879135131836,38.49288558959961,115.83999633789062,61.62013244628906,257.6000061035156
2010-05-21,81.764404296875,38.91817855834961,115.22000122070312,61.68282699584961,258.1600036621094
2010-05-24,80.71528625488281,38.761966705322266,116.83999633789062,61.46977615356445,257.3599853515625
2010-05-25,80.79773712158203,38.79667663574219,117.36000061035156,61.770545959472656,254.8000030517578
2010-05-26,80.3106460571289,38.362709045410156,118.47000122070312,61.5950927734375,260.7200012207031
2010-05-27,83.00084686279297,39.81214904785156,118.69000244140625,60.1976203918457,274.4800109863281
2010-05-28,81.9592514038086,39.57781982421875,118.87999725341797,60.4733772277832,272.32000732421875
2010-06-01,80.58037567138672,39.213294982910156,119.91000366210938,60.89838790893555,265.44000244140625
2010-06-02,82.67864990234375,40.141990661621094,119.77999877929688,60.31983947753906,270.32000732421875
2010-06-03,82.96344757080078,40.523868560791016,117.95999908447266,59.879783630371094,274.0799865722656
2010-06-04,80.04835510253906,39.13516616821289,119.19000244140625,61.48948287963867,261.44000244140625
2010-06-07,79.0516586303711,38.4234504699707,121.48999786376953,61.961021423339844,260.7200012207031
2010-06-08,79.89848327636719,38.35402297973633,121.0,61.6529655456543,265.5199890136719
2010-06-09,79.47130584716797,38.03287124633789,120.55999755859375,61.58380889892578,271.6000061035156
2010-06-10,81.79438018798828,39.11781311035156,118.97000122070312,60.48339080810547,278.1600036621094
2010-06-11,82.19156646728516,39.49101638793945,120.01000213623047,61.250526428222656,273.8399963378906
2010-06-14,82.06415557861328,39.48234939575195,119.5999984741211,60.93614959716797,274.6400146484375
2010-06-15,83.93013000488281,40.54120635986328,120.98999786376953,60.68455505371094,281.8399963378906
2010-06-16,83.9001235961914,40.70610809326172,120.33000183105469,61.030494689941406,283.9200134277344
2010-06-17,84.03501892089844,40.83631134033203,121.9000015258789,61.527225494384766,281.1199951171875
2010-06-18,84.12611389160156,40.870235443115234,122.83000183105469,61.42659378051758,283.2799987792969
2010-06-21,83.88519287109375,40.522396087646484,120.38999938964844,61.250526428222656,282.6400146484375
2010-06-22,82.49976348876953,40.2093391418457,121.44999694824219,61.97992706298828,280.0
2010-06-23,82.2437744140625,40.04413986206055,120.94999694824219,62.40123748779297,273.9200134277344
2010-06-24,80.88096618652344,39.43543243408203,121.30000305175781,62.030235290527344,275.1199951171875
2010-06-25,81.21979522705078,39.44326400756836,122.76000213623047,62.28177261352539,285.2799987792969
2010-06-28,80.96379089355469,39.303871154785156,121.08999633789062,62.866539001464844,281.67999267578125
2010-06-29,78.4640121459961,37.787837982177734,121.2699966430664,63.551902770996094,273.3599853515625
2010-06-30,77.71859741210938,37.2127571105957,121.68000030517578,63.979496002197266,271.67999267578125
2010-07-01,77.37223052978516,37.10820388793945,117.04000091552734,64.08037567138672,262.9599914550781
2010-07-02,76.95060729980469,37.003662109375,118.48999786376953,63.56950759887695,260.79998779296875
2010-07-06,77.45509338378906,37.11692428588867,116.51000213623047,64.09298706054688,260.8800048828125
2010-07-07,79.89460754394531,38.301876068115234,117.7300033569336,63.34246063232422,269.20001220703125
2010-07-08,80.68521118164062,38.510986328125,117.20999908447266,62.93881607055664,273.8399963378906
2010-07-09,81.28755950927734,38.87693405151367,118.36000061035156,62.57929611206055,274.7200012207031
2010-07-12,81.34025573730469,38.99020767211914,117.33999633789062,62.554080963134766,270.239990234375
2010-07-13,82.56757354736328,39.49555969238281,118.36000061035156,62.01800537109375,277.9200134277344
2010-07-14,82.55999755859375,39.695953369140625,118.30000305175781,62.6423454284668,277.2799987792969
2010-07-15,82.58261108398438,39.730804443359375,118.2300033569336,63.26673889160156,276.6400146484375
2010-07-16,80.30872344970703,38.6329460144043,116.66999816894531,63.57584762573242,273.2799987792969
2010-07-19,80.78307342529297,38.96405029296875,115.7300033569336,63.18478012084961,275.67999267578125
2010-07-20,81.6790771484375,39.4345588684082,116.6500015258789,63.27935791015625,278.55999755859375
2010-07-21,80.617431640625,38.89436340332031,115.8499984741211,64.35162353515625,273.6000061035156
2010-07-22,82.41694641113281,39.87891387939453,116.86000061035156,63.60737609863281,283.3599853515625
2010-07-23,83.13225555419922,40.131595611572266,116.08999633789062,62.93251037597656,283.1199951171875
2010-07-26,83.99813079833984,40.46268081665039,115.5199966430664,62.82525634765625,282.79998779296875
2010-07-27,83.99060821533203,40.445255279541016,113.51000213623047,62.2198371887207,277.3599853515625
2010-07-28,83.44849395751953,40.12287902832031,113.77999877929688,62.42158126831055,274.8800048828125
2010-07-29,83.04188537597656,39.82664108276367,114.29000091552734,62.4027099609375,280.4800109863281
2010-07-30,83.02682495117188,39.91376876831055,115.48999786376953,63.37403869628906,282.7200012207031
2010-08-02,84.90164947509766,40.6630744934082,115.54000091552734,62.48432922363281,291.8399963378906
2010-08-03,84.49506378173828,40.48879623413086,115.98999786376953,62.84500503540039,295.2799987792969
2010-08-04,85.05980682373047,40.89832305908203,116.72000122070312,62.36411666870117,295.20001220703125
2010-08-05,84.96942138671875,40.80248260498047,116.9800033569336,62.655181884765625,293.67999267578125
2010-08-06,84.62303924560547,40.74148941040039,117.83999633789062,63.33859634399414,289.6000061035156
2010-08-09,85.0748062133789,41.02030563354492,117.4000015258789,63.104461669921875,292.239990234375
2010-08-10,84.61550903320312,40.6630744934082,117.7300033569336,63.23728942871094,286.9599914550781
2010-08-11,82.2965087890625,39.556541442871094,117.33999633789062,64.0852279663086,277.9200134277344
2010-08-12,81.79203033447266,39.242889404296875,118.7699966430664,63.92702102661133,271.3599853515625
2010-08-13,81.55107116699219,38.96405029296875,118.73999786376953,64.72429656982422,270.32000732421875
2010-08-16,81.51342010498047,39.03377151489258,119.7300033569336,66.34412384033203,268.8800048828125
2010-08-17,82.51482391357422,39.53038787841797,119.75,65.9645004272461,270.9599914550781
2010-08-18,82.6654281616211,39.687225341796875,120.22000122070312,66.14164733886719,269.44000244140625
2010-08-19,81.22730255126953,39.08605194091797,120.38999938964844,67.1729965209961,266.0
2010-08-20,80.96379089355469,39.1383171081543,119.97000122070312,67.09711456298828,263.6000061035156
2010-08-23,80.65507507324219,38.75494384765625,119.77999877929688,67.10977935791016,259.44000244140625
2010-08-24,79.45787048339844,38.03178787231445,120.36000061035156,68.18548583984375,254.16000366210938
2010-08-25,79.76663208007812,38.397735595703125,121.36000061035156,67.9639892578125,258.9599914550781
2010-08-26,79.23204040527344,37.935943603515625,120.95999908447266,68.60308074951172,260.9599914550781
2010-08-27,80.45931243896484,38.397735595703125,121.01000213623047,66.66053771972656,268.55999755859375
2010-08-30,79.29225158691406,37.99692153930664,120.91000366210938,67.93865966796875,264.1600036621094
2010-08-31,79.29225158691406,37.866241455078125,122.08000183105469,68.69169616699219,255.36000061035156
2010-09-01,81.66397094726562,38.99890899658203,121.69000244140625,67.27131652832031,263.6000061035156
2010-09-02,82.42449188232422,39.4345588684082,122.29000091552734,66.56055450439453,267.1199951171875
2010-09-03,83.49363708496094,40.0880241394043,121.86000061035156,65.73551940917969,264.7200012207031
2010-09-07,82.55245971679688,39.81793212890625,122.69999694824219,67.08092498779297,262.1600036621094
2010-09-08,83.13225555419922,40.29715347290039,122.70999908447266,66.5478744506836,265.1199951171875
2010-09-09,83.51626586914062,40.45397186279297,121.55999755859375,65.2341537475586,263.1199951171875
2010-09-10,83.93788146972656,40.60208511352539,121.7300033569336,64.93587493896484,270.1600036621094
2010-09-13,84.87155151367188,41.16841125488281,121.62000274658203,65.25316619873047,272.239990234375
2010-09-14,84.81880187988281,41.342689514160156,124.0199966430664,65.88153839111328,271.1199951171875
2010-09-15,85.14260864257812,41.604061126708984,123.94000244140625,64.90413665771484,267.9200134277344
2010-09-16,85.12003326416016,41.769622802734375,124.62999725341797,64.2632064819336,263.8399963378906
2010-09-17,85.15181732177734,41.911109924316406,124.54000091552734,64.52339172363281,261.20001220703125
2010-09-20,86.45378112792969,42.644691467285156,124.87000274658203,64.89775848388672,265.760009765625
2010-09-21,86.27970886230469,42.635948181152344,126.01000213623047,65.79899597167969,261.20001220703125
2010-09-22,85.85579681396484,42.52240753173828,126.19999694824219,66.38922119140625,260.6400146484375
2010-09-23,85.15936279296875,42.50495910644531,126.30000305175781,66.57965087890625,261.3599853515625
2010-09-24,86.9155502319336,43.36954879760742,126.69000244140625,65.68476104736328,267.20001220703125
2010-09-27,86.49920654296875,43.13374328613281,126.72000122070312,66.82708740234375,265.9200134277344
2010-09-28,86.80201721191406,43.11629104614258,127.8499984741211,67.28402709960938,265.5199890136719
2010-09-29,86.6506118774414,43.046424865722656,127.94999694824219,67.00476837158203,271.5199890136719
2010-09-30,86.39322662353516,42.85429382324219,127.91000366210938,66.96036529541016,278.7200012207031
2010-10-01,86.75659942626953,42.8018798828125,128.91000366210938,66.63677978515625,285.0400085449219
2010-10-04,86.10559844970703,42.33903121948242,128.4600067138672,66.80875396728516,284.7200012207031
2010-10-05,87.83905029296875,43.36954879760742,130.99000549316406,66.40744018554688,288.7200012207031
2010-10-06,87.83151245117188,42.99403762817383,131.80999755859375,67.24190521240234,290.239990234375
2010-10-07,87.72550964355469,43.15122604370117,130.3699951171875,66.68135070800781,283.67999267578125
2010-10-08,88.21752166748047,43.44813919067383,131.66000366210938,66.38834381103516,289.20001220703125
2010-10-11,88.30081939697266,43.46562194824219,132.2899932861328,66.40106201171875,284.79998779296875
2010-10-12,88.57332611083984,43.76255416870117,131.9600067138672,65.74494934082031,285.20001220703125
2010-10-13,89.26215362548828,44.120609283447266,134.07000732421875,65.64306640625,289.2799987792969
2010-10-14,88.9139633178711,44.03328323364258,134.75,64.66206359863281,288.0
2010-10-15,89.09563446044922,44.96775817871094,133.67999267578125,63.8721923828125,283.760009765625
2010-10-18,89.53469848632812,44.80180358886719,134.27999877929688,64.38812255859375,290.239990234375
2010-10-19,88.36137390136719,44.38262939453125,130.11000061035156,64.77674102783203,276.9599914550781
2010-10-20,89.22431945800781,44.70574188232422,131.32000732421875,64.9168930053711,284.7200012207031
2010-10-21,89.42113494873047,44.79308319091797,129.47000122070312,64.14607238769531,278.79998779296875
2010-10-22,89.58765411376953,45.098751068115234,129.72999572753906,64.5792465209961,283.9200134277344
2010-10-25,89.85261535644531,45.317081451416016,130.85000610351562,64.76400756835938,284.55999755859375
2010-10-26,89.86774444580078,45.4393424987793,130.8800048828125,63.76390075683594,285.44000244140625
2010-10-27,89.61036682128906,45.579063415527344,129.52000427246094,63.203330993652344,283.3599853515625
2010-10-28,89.62550354003906,45.67514419555664,131.24000549316406,63.37535095214844,283.1199951171875
2010-10-29,89.6936264038086,45.57034683227539,132.6199951171875,63.96772384643555,281.3599853515625
2010-11-01,89.72391510009766,45.60527801513672,131.9199981689453,63.692283630371094,286.4800109863281
2010-11-02,90.43547058105469,46.094337463378906,132.49000549316406,64.52945709228516,290.1600036621094
2010-11-03,90.79881286621094,46.30393981933594,131.57000732421875,63.213035583496094,293.9200134277344
2010-11-04,92.54740142822266,46.87160873413086,136.02999877929688,63.705108642578125,299.9200134277344
2010-11-05,92.89562225341797,46.87160873413086,136.3800048828125,62.612342834472656,301.20001220703125
2010-11-08,92.72157287597656,46.9327392578125,137.77999877929688,62.8935546875,300.239990234375
2010-11-09,92.05538940429688,46.67948913574219,135.58999633789062,61.50680160522461,296.3999938964844
2010-11-10,92.42631530761719,46.915279388427734,137.24000549316406,61.589847564697266,304.32000732421875
2010-11-11,92.07808685302734,46.61833190917969,137.66000366210938,61.557926177978516,302.7200012207031
2010-11-12,90.9880599975586,45.858551025390625,133.69000244140625,61.225669860839844,291.760009765625
2010-11-15,90.85940551757812,45.68388366699219,132.4199981689453,59.947608947753906,292.0
2010-11-16,89.44383239746094,44.93281173706055,130.97000122070312,61.43651580810547,283.6000061035156
2010-11-17,89.48927307128906,45.063804626464844,130.3800048828125,61.09783935546875,277.8399963378906
2010-11-18,90.80636596679688,45.78867721557617,132.08999633789062,61.34701156616211,284.0
2010-11-19,91.05620574951172,45.823612213134766,132.1999969482422,61.724090576171875,281.760009765625
2010-11-22,90.9804916381836,46.207889556884766,133.47999572753906,61.986045837402344,280.3999938964844
2010-11-23,89.66336822509766,45.47428894042969,134.41000366210938,62.29286193847656,279.6000061035156
2010-11-24,90.9880599975586,46.39126968383789,134.17999267578125,61.18087387084961,288.6400146484375
2010-11-26,89.92829895019531,46.08561706542969,133.11000061035156,62.03084182739258,287.760009765625
2010-11-29,90.20079040527344,46.05066680908203,133.50999450683594,62.56125259399414,294.239990234375
2010-11-30,89.6936264038086,45.49174880981445,135.4199981689453,62.88710403442383,288.32000732421875
2010-12-01,91.6012191772461,46.45241165161133,135.3800048828125,61.48918151855469,297.6000061035156
2010-12-02,92.77449798583984,46.924007415771484,135.1999969482422,61.32888412475586,302.1600036621094
2010-12-03,93.02429962158203,47.0462646484375,138.07000732421875,60.847965240478516,306.4800109863281
2010-12-06,92.9259262084961,47.02879333496094,139.11000061035156,61.70721435546875,305.760009765625
2010-12-07,92.97888946533203,47.054996490478516,136.5,60.386268615722656,302.3999938964844
2010-12-08,93.31952667236328,47.22968673706055,134.7899932861328,59.802734375,303.67999267578125
2010-12-09,93.68289947509766,47.27333068847656,135.3699951171875,60.09770965576172,303.5199890136719
2010-12-10,94.22793579101562,47.587730407714844,135.41000366210938,59.73217010498047,301.2799987792969
2010-12-13,94.2884750366211,47.42179489135742,136.0500030517578,59.95659255981445,303.1199951171875
2010-12-14,94.37171173095703,47.50912094116211,136.17999267578125,59.08452224731445,303.20001220703125
2010-12-15,93.94026947021484,47.2995491027832,134.6999969482422,58.315032958984375,303.9200134277344
2010-12-16,94.48528289794922,47.66632843017578,133.80999755859375,58.719032287597656,302.1600036621094
2010-12-17,94.58647918701172,47.708335876464844,134.1999969482422,59.789878845214844,302.4800109863281
2010-12-20,94.81477355957031,47.743350982666016,135.11000061035156,59.72573471069336,304.3999938964844
2010-12-21,95.41592407226562,48.03208541870117,135.32000732421875,60.142547607421875,306.32000732421875
2010-12-22,95.71270751953125,48.023353576660156,135.0500030517578,59.712955474853516,309.1199951171875
2010-12-23,95.57571411132812,47.90085220336914,134.66000366210938,59.59112548828125,311.8399963378906
2010-12-27,95.61376953125,47.92710494995117,135.02000427246094,60.12335205078125,309.67999267578125
2010-12-28,95.75074005126953,47.83958053588867,137.22000122070312,58.94589614868164,311.2799987792969
2010-12-29,95.81922912597656,47.944602966308594,137.7100067138672,59.943180084228516,310.55999755859375
2010-12-30,95.66703796386719,47.830867767333984,137.02999877929688,59.89810562133789,304.9599914550781
2010-12-31,95.68988800048828,47.65583419799805,138.72000122070312,60.5609130859375,312.0
2011-01-03,96.67910766601562,48.39964294433594,138.0,60.104068756103516,312.3999938964844
2011-01-04,96.6258316040039,48.36463165283203,134.75,60.17485427856445,304.6400146484375
2011-01-05,97.1280746459961,48.77591323852539,134.3699951171875,58.84937286376953,308.1600036621094
2011-01-06,96.93779754638672,48.93341827392578,133.8300018310547,59.10669708251953,301.44000244140625
2011-01-07,96.7475814819336,48.88966751098633,133.5800018310547,59.42201232910156,301.3599853515625
2011-01-10,96.6258316040039,49.07344436645508,134.1199951171875,59.743709564208984,305.3599853515625
2011-01-11,96.96825408935547,49.143436431884766,134.91000366210938,59.409149169921875,311.0400085449219
2011-01-12,97.84334564208984,49.493473052978516,135.4600067138672,58.94589614868164,311.9200134277344
2011-01-13,97.68356323242188,49.510982513427734,134.0500030517578,59.47348403930664,309.20001220703125
2011-01-14,98.39122772216797,49.87849044799805,132.69000244140625,59.09381103515625,311.3599853515625
2011-01-18,98.55868530273438,50.01849365234375,133.42999267578125,58.81718826293945,309.8399963378906
2011-01-19,97.59223937988281,49.44970703125,133.72000122070312,59.241790771484375,308.32000732421875
2011-01-20,97.46288299560547,49.09968948364258,131.1999969482422,58.42466735839844,300.55999755859375
2011-01-21,97.68356323242188,48.723419189453125,131.02999877929688,58.88789749145508,300.0799865722656
2011-01-24,98.2390365600586,49.397216796875,130.36000061035156,58.91364669799805,295.44000244140625
2011-01-25,98.29230499267578,49.46720504760742,130.10000610351562,59.47348403930664,290.1600036621094
2011-01-26,98.67278289794922,49.72971725463867,131.16000366210938,58.57264709472656,294.79998779296875
2011-01-27,98.91629028320312,50.036014556884766,127.93000030517578,58.83644104003906,287.5199890136719
2011-01-28,97.18894958496094,48.76716995239258,130.27999877929688,59.14530563354492,300.6400146484375
2011-01-31,97.91944885253906,49.00341033935547,129.8699951171875,58.6949348449707,308.8800048828125
2011-02-01,99.48700714111328,49.9222412109375,130.8000030517578,58.40433120727539,304.55999755859375
2011-02-02,99.29676818847656,49.84349822998047,130.4499969482422,58.417213439941406,305.44000244140625
2011-02-03,99.51747131347656,49.93100357055664,132.1999969482422,57.93293380737305,304.7200012207031
2011-02-04,99.79901885986328,50.21100997924805,131.66000366210938,57.345401763916016,298.7200012207031
2011-02-07,100.4229965209961,50.44727325439453,131.67999267578125,57.64242172241211,293.2799987792969
2011-02-08,100.87959289550781,50.77981948852539,133.13999938964844,57.11293411254883,293.1199951171875
2011-02-09,100.65128326416016,50.692283630371094,133.07000732421875,57.6101188659668,292.0
2011-02-10,100.68934631347656,50.771053314208984,132.85000610351562,56.94502258300781,292.32000732421875
2011-02-11,101.29049682617188,51.13856887817383,132.32000732421875,57.765140533447266,288.3999938964844
2011-02-14,101.53398132324219,51.261085510253906,132.9499969482422,57.8038330078125,287.0400085449219
2011-02-15,101.21437072753906,51.19108581542969,133.97000122070312,58.06211471557617,283.1199951171875
2011-02-16,101.85358428955078,51.52362060546875,134.10000610351562,57.87481689453125,284.239990234375
2011-02-17,102.15797424316406,51.506107330322266,135.0399932861328,57.96528244018555,288.4800109863281
2011-02-18,102.37102508544922,51.39235305786133,135.41000366210938,57.784507751464844,290.8800048828125
2011-02-22,100.31647491455078,49.90475082397461,136.2899932861328,58.6497688293457,307.9200134277344
2011-02-23,99.70008850097656,49.493473052978516,137.50999450683594,58.86276626586914,318.3999938964844
2011-02-24,99.63158416748047,49.7559814453125,136.47999572753906,59.2373046875,311.760009765625
2011-02-25,100.69695281982422,50.44727325439453,137.3800048828125,59.58601379394531,317.44000244140625
2011-02-28,101.32091522216797,50.55229568481445,137.66000366210938,59.6634635925293,313.5199890136719
2011-03-01,99.63158416748047,49.73849105834961,140.02999877929688,59.83643341064453,323.8399963378906
2011-03-02,99.84466552734375,50.000972747802734,139.9199981689453,58.91654586791992,331.1199951171875
2011-03-03,101.5644302368164,50.98981857299805,138.08999633789062,58.340030670166016,329.44000244140625
2011-03-04,100.8034896850586,50.727294921875,139.35000610351562,58.825862884521484,338.6400146484375
2011-03-07,100.0120849609375,50.04475021362305,139.72000122070312,58.45011520385742,338.9599914550781
2011-03-08,100.88716125488281,50.246009826660156,139.36000061035156,58.09389114379883,338.4800109863281
2011-03-09,100.74259948730469,49.90475082397461,139.41000366210938,58.657447814941406,336.3999938964844
2011-03-10,98.8782730102539,49.125953674316406,137.77000427246094,59.6420783996582,331.20001220703125
2011-03-11,99.56312561035156,49.43220138549805,138.22000122070312,59.30524826049805,325.5199890136719
2011-03-14,98.96198272705078,49.25719451904297,138.86000061035156,59.27932357788086,327.2799987792969
2011-03-15,97.82817077636719,48.5571403503418,136.27000427246094,60.16684341430664,315.1199951171875
2011-03-16,96.0170669555664,47.384559631347656,136.24000549316406,60.84699630737305,317.44000244140625
2011-03-17,97.28787231445312,47.82209777832031,136.97000122070312,60.38056182861328,325.5199890136719
2011-03-18,97.64170837402344,47.71430969238281,138.3699951171875,60.54252243041992,327.760009765625
2011-03-21,99.15495300292969,48.63441848754883,139.13999938964844,60.18621826171875,329.0400085449219
2011-03-22,98.81103515625,48.54680633544922,139.0500030517578,60.38704299926758,335.44000244140625
2011-03-23,99.09381103515625,48.81844711303711,140.33999633789062,60.30931091308594,336.8800048828125
2011-03-24,100.04147338867188,49.685977935791016,139.22000122070312,59.85588455200195,336.3999938964844
2011-03-25,100.34716796875,49.80866622924805,139.25999450683594,59.706886291503906,337.44000244140625
2011-03-28,100.10264587402344,49.53700637817383,138.5399932861328,59.79106521606445,331.3599853515625
2011-03-29,100.77519989013672,50.01896286010742,138.2100067138672,59.33115005493164,334.6400146484375
2011-03-30,101.47064971923828,50.25556564331055,138.6699981689453,59.804019927978516,333.2799987792969
2011-03-31,101.33308410644531,50.32566833496094,139.86000061035156,59.68097686767578,340.79998779296875
2011-04-01,101.7610855102539,50.351959228515625,139.1999969482422,59.97111129760742,345.3599853515625
2011-04-04,101.84514617919922,50.185462951660156,139.83999633789062,60.036163330078125,346.0799865722656
2011-04-05,101.82987976074219,50.05402374267578,142.0500030517578,59.79545593261719,344.79998779296875
2011-04-06,102.1508560180664,50.176700592041016,142.3800048828125,58.897727966308594,346.9599914550781
2011-04-07,101.8909912109375,50.14165496826172,142.50999450683594,58.78068161010742,351.9200134277344
2011-04-08,101.5394515991211,49.905059814453125,143.66000366210938,58.468387603759766,361.20001220703125
2011-04-11,101.23373413085938,49.73855209350586,142.63999938964844,58.52042770385742,349.1199951171875
2011-04-12,100.47711944580078,49.396785736083984,141.61000061035156,59.15147018432617,338.3999938964844
2011-04-13,100.4695053100586,49.81742477416992,141.89999389648438,59.52226638793945,342.0
2011-04-14,100.54590606689453,49.72978973388672,143.80999755859375,59.4766731262207,346.239990234375
2011-04-15,100.91275787353516,49.642154693603516,145.0500030517578,60.28333282470703,349.67999267578125
2011-04-18,99.78166961669922,49.29164123535156,145.92999267578125,60.41996765136719,343.0400085449219
2011-04-19,100.3548355102539,49.59833908081055,145.92999267578125,60.6801872253418,343.6000061035156
2011-04-20,101.72286987304688,50.720008850097656,146.5,60.289817810058594,353.760009765625
2011-04-21,102.24259185791016,51.12309265136719,146.74000549316406,60.23779296875,356.55999755859375
2011-04-25,102.13558197021484,51.254547119140625,146.8699951171875,60.46546936035156,356.239990234375
2011-04-26,103.01445007324219,51.5437126159668,146.3800048828125,61.05088424682617,355.8399963378906
2011-04-27,103.6869888305664,51.89423751831055,149.1999969482422,60.42649841308594,360.1600036621094
2011-04-28,104.02330780029297,51.81536102294922,149.82000732421875,60.888309478759766,358.6400146484375
2011-04-29,104.267822265625,51.77156448364258,152.3699951171875,61.07695388793945,361.20001220703125
2011-05-02,104.10733795166016,51.675174713134766,150.41000366210938,61.17497253417969,359.44000244140625
2011-05-03,103.73287963867188,51.4297981262207,149.8800048828125,61.52118682861328,352.6400146484375
2011-05-04,103.04503631591797,51.350948333740234,147.72999572753906,61.79561233520508,346.0799865722656
2011-05-05,102.11263275146484,51.07052993774414,143.47000122070312,62.38359069824219,314.55999755859375
2011-05-06,102.56356811523438,51.23701858520508,145.3000030517578,62.10917282104492,310.9599914550781
2011-05-09,102.96098327636719,51.4297981262207,147.3800048828125,62.04388427734375,326.9599914550781
2011-05-10,103.83985137939453,51.867950439453125,147.89999389648438,61.5996208190918,328.6400146484375
2011-05-11,102.7469482421875,51.49113464355469,146.5399932861328,61.95243835449219,314.79998779296875
2011-05-12,103.23612976074219,51.79784393310547,146.58999633789062,61.560367584228516,314.239990234375
2011-05-13,102.44125366210938,51.184444427490234,145.6300048828125,62.11570358276367,315.5199890136719
2011-05-16,101.79163360595703,50.29936981201172,145.3699951171875,62.46195983886719,308.0799865722656
2011-05-17,101.77635192871094,50.4395751953125,144.74000549316406,63.10221481323242,308.3999938964844
2011-05-18,102.68585205078125,50.8602180480957,145.60000610351562,62.26594161987305,316.0
2011-05-19,102.9303970336914,51.00918960571289,145.64999389648438,62.23985290527344,312.55999755859375
2011-05-20,102.11263275146484,50.62360763549805,147.49000549316406,62.27253723144531,315.760009765625
2011-05-23,100.92802429199219,49.8787727355957,147.8300018310547,62.57305145263672,307.760009765625
2011-05-24,100.84393310546875,49.57204818725586,148.58999633789062,62.80823516845703,314.239990234375
2011-05-25,101.18025970458984,49.76483917236328,148.5800018310547,62.51424789428711,319.44000244140625
2011-05-26,101.64641571044922,50.07155227661133,148.22000122070312,63.049922943115234,316.79998779296875
2011-05-27,102.03620910644531,50.32566833496094,149.6999969482422,63.02386474609375,317.67999267578125
2011-05-31,103.09851837158203,51.14063262939453,149.63999938964844,63.167537689208984,324.0
2011-06-01,100.7828140258789,50.02772521972656,149.91000366210938,64.021240234375,316.1600036621094
2011-06-02,100.67582702636719,50.132896423339844,149.5,62.801639556884766,317.44000244140625
2011-06-03,99.67462921142578,49.379276275634766,150.22000122070312,63.162261962890625,317.2799987792969
2011-06-06,98.61994171142578,48.976173400878906,150.47999572753906,62.68366622924805,312.0
2011-06-07,98.5588607788086,48.8885498046875,150.4199981689453,62.9721794128418,312.3999938964844
2011-06-08,98.14614868164062,48.538028717041016,149.80999755859375,63.46393585205078,318.79998779296875
2011-06-09,98.89510345458984,48.625667572021484,150.55999755859375,63.208213806152344,321.1199951171875
2011-06-10,97.51943969726562,47.88080596923828,149.24000549316406,63.693397521972656,312.55999755859375
2011-06-13,97.59589385986328,47.88080596923828,147.77000427246094,63.37205123901367,306.0799865722656
2011-06-14,98.8339614868164,48.494205474853516,148.6699981689453,62.41483688354492,312.79998779296875
2011-06-15,97.07611083984375,47.574100494384766,149.1199951171875,63.54911422729492,300.6400146484375
2011-06-16,97.29015350341797,47.39007568359375,148.97000122070312,63.837615966796875,299.3599853515625
2011-06-17,97.58049774169922,47.241668701171875,149.94000244140625,63.536014556884766,293.0400085449219
2011-06-20,98.07972717285156,47.48755645751953,150.02999877929688,63.61466979980469,293.760009765625
2011-06-21,99.42381286621094,48.50635528564453,150.75999450683594,63.332763671875,294.32000732421875
2011-06-22,98.82469940185547,48.15504837036133,150.99000549316406,63.37205123901367,296.79998779296875
2011-06-23,98.54051208496094,48.60295104980469,148.33999633789062,63.8573112487793,288.0799865722656
2011-06-24,97.39614868164062,47.75983810424805,146.25999450683594,63.58850860595703,286.4800109863281
2011-06-27,98.26405334472656,48.523902893066406,145.72999572753906,62.716392517089844,285.1199951171875
2011-06-28,99.54667663574219,49.24410629272461,146.24000549316406,62.21151351928711,291.3599853515625
2011-06-29,100.39920806884766,49.446083068847656,147.17999267578125,61.7984619140625,297.8399963378906
2011-06-30,101.35929107666016,50.10480499267578,146.0,61.70005416870117,297.9200134277344
2011-07-01,102.85697174072266,50.86009216308594,144.92999267578125,61.6014289855957,297.20001220703125
2011-07-05,102.77245330810547,51.114784240722656,147.6300048828125,61.7396125793457,303.67999267578125
2011-07-06,102.89539337158203,51.281673431396484,148.91000366210938,62.05536651611328,303.1199951171875
2011-07-07,103.96295928955078,51.98427200317383,149.14999389648438,61.87117004394531,308.8800048828125
2011-07-08,103.22563171386719,51.8437385559082,150.25,62.74623489379883,302.3999938964844
2011-07-11,101.35929107666016,50.903987884521484,151.58999633789062,63.68703842163086,298.32000732421875
2011-07-12,100.9214859008789,50.51758575439453,152.77000427246094,63.90414810180664,303.44000244140625
2011-07-13,101.25945281982422,50.72834777832031,154.13999938964844,64.08177185058594,306.79998779296875
2011-07-14,100.56049346923828,50.13991165161133,154.5399932861328,63.16728973388672,300.3999938964844
2011-07-15,101.14421844482422,50.80739974975586,155.1999969482422,63.27257537841797,305.0400085449219
2011-07-18,100.31476593017578,50.53512954711914,156.57000732421875,62.66065216064453,300.7200012207031
2011-07-19,101.9430160522461,51.685665130615234,154.66000366210938,63.9633674621582,306.0
2011-07-20,101.88154602050781,51.46609878540039,156.02000427246094,63.20674133300781,307.20001220703125
2011-07-21,103.29474639892578,51.808616638183594,154.8300018310547,62.719871520996094,309.760009765625
2011-07-22,103.36388397216797,52.3443489074707,156.1199951171875,63.193580627441406,311.44000244140625
2011-07-25,102.78783416748047,52.23894500732422,157.33999633789062,62.50277328491211,309.44000244140625
2011-07-26,102.40380859375,52.370704650878906,157.77000427246094,62.93039321899414,310.4800109863281
2011-07-27,100.30706024169922,51.018184661865234,157.19000244140625,62.937015533447266,303.760009765625
2011-07-28,100.0151596069336,51.10599899291992,157.32000732421875,63.17384338378906,303.2799987792969
2011-07-29,99.33164978027344,50.93913650512695,158.2899932861328,64.42386627197266,299.3599853515625
2011-08-01,98.9092025756836,50.70201110839844,157.72000122070312,65.07410430908203,297.6000061035156
2011-08-02,96.38232421875,49.419742584228516,161.52000427246094,67.02803039550781,291.20001220703125
2011-08-03,96.90457916259766,49.894004821777344,161.49000549316406,67.16006469726562,286.8800048828125
2011-08-04,92.36543273925781,47.57538986206055,160.63999938964844,69.5497055053711,269.8399963378906
2011-08-05,92.22718048095703,47.276790618896484,161.75,67.54296112060547,271.6000061035156
2011-08-08,86.2210464477539,44.431209564208984,167.1199951171875,69.67510223388672,252.0800018310547
2011-08-09,90.23025512695312,46.574180603027344,168.61000061035156,69.8863525390625,252.9600067138672
2011-08-10,86.24408721923828,44.6683464050293,174.5800018310547,71.9657211303711,254.24000549316406
2011-08-11,90.11506652832031,46.63566970825195,170.75,68.33512878417969,266.3999938964844
2011-08-12,90.72180938720703,47.048431396484375,169.97000122070312,69.68832397460938,265.8399963378906
2011-08-15,92.64191436767578,47.74227523803711,171.8000030517578,68.98198699951172,273.760009765625
2011-08-16,91.850830078125,47.33826446533203,173.9199981689453,70.12397766113281,270.6400146484375
2011-08-17,91.91227722167969,47.057228088378906,174.4199981689453,71.351806640625,272.0799865722656
2011-08-18,87.94917297363281,44.74739456176758,177.72000122070312,72.81729125976562,253.75999450683594
2011-08-19,86.51290130615234,43.939388275146484,179.9499969482422,73.40476989746094,256.9599914550781
2011-08-22,86.5820541381836,44.09748840332031,184.58999633789062,73.21991729736328,261.760009765625
2011-08-23,89.43150329589844,45.91547775268555,177.6699981689453,72.20997619628906,267.3599853515625
2011-08-24,90.69109344482422,46.275577545166016,171.64999389648438,70.15699005126953,264.6400146484375
2011-08-25,89.30859375,45.520263671875,172.36000061035156,70.9161148071289,263.760009765625
2011-08-26,90.6065902709961,46.662010192871094,177.47000122070312,71.61589050292969,265.20001220703125
2011-08-29,93.21027374267578,47.96182632446289,173.88999938964844,70.62568664550781,271.67999267578125
2011-08-30,93.45604705810547,48.27800369262695,179.10000610351562,71.76106262207031,275.5199890136719
2011-08-31,93.87079620361328,48.357032775878906,177.72000122070312,70.65210723876953,276.0799865722656
2011-09-01,92.88771057128906,47.91791915893555,177.8699951171875,72.14976501464844,275.760009765625
2011-09-02,90.5144271850586,46.79375076293945,183.24000549316406,74.49360656738281,269.1199951171875
2011-09-06,89.85391998291016,46.80252456665039,182.89999389648438,75.26829528808594,268.7200012207031
2011-09-07,92.38845825195312,47.98817443847656,177.0800018310547,73.83155059814453,277.5199890136719
2011-09-08,91.42841339111328,47.768619537353516,181.80999755859375,74.49360656738281,275.67999267578125
2011-09-09,89.03211975097656,46.7059211730957,180.6999969482422,75.28815460205078,270.79998779296875
2011-09-12,89.60813903808594,47.30313491821289,176.6699981689453,75.36763000488281,275.3599853515625
2011-09-13,90.42993927001953,47.93547058105469,178.5399932861328,74.29498291015625,278.79998779296875
2011-09-14,91.68190002441406,48.62052536010742,177.2100067138672,74.92398834228516,274.7200012207031
2011-09-15,93.26405334472656,49.3406982421875,174.39999389648438,73.77851867675781,276.79998779296875
2011-09-16,93.8160400390625,49.79296875,176.02999877929688,74.31484985351562,273.1199951171875
2011-09-19,92.88188171386719,49.81057357788086,173.30999755859375,75.73176574707031,266.32000732421875
2011-09-20,92.77381134033203,49.59059143066406,175.77999877929688,76.04960632324219,267.44000244140625
2011-09-21,90.04084777832031,48.7282829284668,173.58999633789062,78.56558990478516,263.3599853515625
2011-09-22,87.1303482055664,47.14450454711914,169.0500030517578,81.51858520507812,249.0399932861328
2011-09-23,87.65531921386719,47.64604187011719,159.8000030517578,80.00233459472656,248.72000122070312
2011-09-26,89.73976135253906,48.200374603271484,157.5800018310547,78.71788024902344,251.75999450683594
2011-09-27,90.7433853149414,48.701908111572266,160.6300048828125,77.5128402709961,258.9599914550781
2011-09-28,88.8905029296875,47.980369567871094,156.22000122070312,77.4863510131836,250.0
2011-09-29,89.59305572509766,47.408470153808594,157.6999969482422,78.02265167236328,255.75999450683594
2011-09-30,87.35423278808594,46.1854248046875,158.05999755859375,79.98249053955078,243.9199981689453
2011-10-03,84.86833190917969,44.99756622314453,160.9600067138672,82.18362426757812,237.9199981689453
2011-10-04,86.7289047241211,45.92143249511719,157.63999938964844,81.14149475097656,239.27999877929688
2011-10-05,88.334716796875,47.10051345825195,159.4600067138672,80.5573501586914,246.72000122070312
2011-10-06,89.93274688720703,47.89240264892578,160.49000549316406,79.07044219970703,255.83999633789062
2011-10-07,89.33061981201172,47.575653076171875,159.17999267578125,78.4863510131836,256.32000732421875
2011-10-10,92.3183364868164,49.22104263305664,163.27000427246094,77.37777709960938,265.9200134277344
2011-10-11,92.41100311279297,49.55538558959961,162.10000610351562,77.1189193725586,264.0799865722656
2011-10-12,93.22159576416016,49.801753997802734,163.25999450683594,75.99707794189453,263.3599853515625
2011-10-13,93.03630065917969,50.259300231933594,162.3000030517578,76.7537841796875,261.20001220703125
2011-10-14,94.62666320800781,51.19198989868164,163.39999389648438,75.63865661621094,270.9599914550781
2011-10-17,92.82009887695312,50.40009689331055,162.6199951171875,76.94631958007812,267.44000244140625
2011-10-18,94.6344223022461,51.02481460571289,161.83999633789062,76.46843719482422,273.20001220703125
2011-10-19,93.51495361328125,50.03933334350586,159.8699951171875,76.44183349609375,266.4800109863281
2011-10-20,93.92411804199219,49.79296875,157.77000427246094,75.89754486083984,266.6400146484375
2011-10-21,95.70752716064453,50.417686462402344,159.52000427246094,75.0943374633789,270.79998779296875
2011-10-24,96.88094329833984,51.46476745605469,161.02000427246094,75.22045135498047,283.0400085449219
2011-10-25,94.9972152709961,50.452884674072266,165.58999633789062,77.13221740722656,286.3999938964844
2011-10-26,95.96228790283203,50.39128875732422,167.39999389648438,75.78471374511719,280.4800109863281
2011-10-27,99.30513763427734,51.78152084350586,169.5500030517578,73.2158432006836,289.67999267578125
2011-10-28,99.28195190429688,51.8607063293457,169.6199951171875,73.98585510253906,288.239990234375
2011-10-31,96.88871765136719,50.989620208740234,167.33999633789062,76.91976165771484,285.9200134277344
2011-11-01,94.18663024902344,49.66097640991211,167.3800048828125,79.4946060180664,281.6000061035156
2011-11-02,95.72293090820312,50.08333206176758,169.05999755859375,78.50303649902344,285.3599853515625
2011-11-03,97.46769714355469,51.12158966064453,171.72000122070312,77.42488098144531,290.55999755859375
2011-11-04,96.8732681274414,50.85763168334961,170.85000610351562,77.5180435180664,291.67999267578125
2011-11-07,97.47541809082031,51.21839141845703,174.97999572753906,78.01053619384766,296.7200012207031
2011-11-08,98.72608184814453,51.80791473388672,173.52999877929688,77.01226806640625,299.44000244140625
2011-11-09,95.08216857910156,49.986549377441406,172.07000732421875,78.6094970703125,296.0
2011-11-10,95.97769165039062,49.96015167236328,171.13999938964844,77.43820190429688,301.760009765625
2011-11-11,97.78425598144531,50.90162658691406,173.9600067138672,76.9656982421875,305.67999267578125
2011-11-14,96.85780334472656,50.584861755371094,173.1999969482422,78.20356750488281,302.8800048828125
2011-11-15,97.33648681640625,51.14800262451172,173.36000061035156,78.09709930419922,307.44000244140625
2011-11-16,95.79239654541016,50.30328369140625,171.50999450683594,78.80915069580078,314.7200012207031
2011-11-17,94.27153778076172,49.124237060546875,167.10000610351562,79.44136047363281,305.8399963378906
2011-11-18,94.17118072509766,48.74589920043945,167.6199951171875,79.42144775390625,302.55999755859375
2011-11-21,92.38008880615234,47.813201904296875,163.5,79.89392852783203,300.7200012207031
2011-11-22,92.01725006103516,47.97161102294922,165.30999755859375,80.78564453125,302.55999755859375
2011-11-23,89.98680114746094,46.88932800292969,164.8300018310547,81.57763671875,297.2799987792969
2011-11-25,89.81698608398438,46.528568267822266,163.39999389648438,80.39305114746094,297.2799987792969
2011-11-28,92.41869354248047,48.14757537841797,166.6300048828125,80.35311126708984,302.79998779296875
2011-11-29,92.68118286132812,47.84841537475586,166.8800048828125,79.69425201416016,308.3999938964844
2011-11-30,96.49496459960938,49.61697769165039,170.1300048828125,78.44981384277344,310.239990234375
2011-12-01,96.47952270507812,49.96015167236328,169.6300048828125,78.0561752319336,308.8800048828125
2011-12-02,96.39460754394531,49.819366455078125,169.82000732421875,79.1502456665039,312.239990234375
2011-12-05,97.44454956054688,50.364906311035156,167.32000732421875,78.99018096923828,312.0799865722656
2011-12-06,97.47541809082031,50.224117279052734,168.17999267578125,78.23628997802734,312.0
2011-12-07,97.83828735351562,50.224117279052734,169.39999389648438,78.5165023803711,310.4800109863281
2011-12-08,95.69206237792969,49.379425048828125,165.97999572753906,79.4971923828125,302.239990234375
2011-12-09,97.31327819824219,50.17131805419922,166.39999389648438,77.86270141601562,308.0
2011-12-12,95.89276885986328,49.608192443847656,161.99000549316406,78.72998809814453,303.0400085449219
2011-12-13,94.9972152709961,49.062644958496094,158.4499969482422,79.4638442993164,308.8800048828125
2011-12-14,93.98589324951172,48.29714584350586,152.88999938964844,80.96492767333984,293.2799987792969
2011-12-15,94.32556915283203,48.1651611328125,152.3300018310547,80.6646957397461,289.0400085449219
2011-12-16,94.46541595458984,48.41313934326172,155.22999572753906,81.6053695678711,290.1600036621094
2011-12-19,93.45543670654297,47.936614990234375,154.8699951171875,82.63945770263672,289.6000061035156
2011-12-20,96.28340148925781,49.357398986816406,156.97999572753906,80.57797241210938,300.4800109863281
2011-12-21,96.46986389160156,48.65141296386719,157.16000366210938,79.4571533203125,304.8800048828125
2011-12-22,97.32447052001953,49.06620407104492,156.0399932861328,79.79078674316406,306.239990234375
2011-12-23,98.19461822509766,49.48979187011719,156.30999755859375,78.90342712402344,307.9200134277344
2011-12-27,98.2723388671875,49.674381256103516,154.91000366210938,79.27828216552734,312.4800109863281
2011-12-28,96.98265075683594,49.10026168823242,151.02999877929688,80.7440185546875,306.7200012207031
2011-12-29,97.98487091064453,49.45356750488281,150.33999633789062,80.8912124633789,307.2799987792969
2011-12-30,97.503173828125,49.31226348876953,151.99000549316406,81.15229797363281,304.8800048828125
2012-01-03,99.05703735351562,50.25732421875,155.9199981689453,79.93415832519531,317.5199890136719
2012-01-04,99.21240997314453,50.469303131103516,156.7100067138672,78.98379516601562,318.1600036621094
2012-01-05,99.47652435302734,50.884429931640625,157.77999877929688,78.84318542480469,313.3599853515625
2012-01-06,99.22016906738281,51.06109619140625,157.1999969482422,79.46561431884766,313.760009765625
2012-01-09,99.46101379394531,50.89328384399414,156.5,79.32513427734375,312.6400146484375
2012-01-10,100.3233871459961,51.26424789428711,158.63999938964844,79.19125366210938,314.7200012207031
2012-01-11,100.37773895263672,51.37023162841797,159.6699981689453,80.22199249267578,311.3599853515625
2012-01-12,100.61861419677734,51.57337951660156,160.3800048828125,80.10820007324219,304.4800109863281
2012-01-13,100.09805297851562,51.38789749145508,159.25999450683594,80.90462493896484,305.2799987792969
2012-01-17,100.48654174804688,51.85602569580078,160.5,81.2794189453125,310.32000732421875
2012-01-18,101.5975341796875,52.544979095458984,161.60000610351562,80.29560852050781,310.6400146484375
2012-01-19,102.13359832763672,52.87177276611328,161.22000122070312,79.19125366210938,309.5199890136719
2012-01-20,102.51423645019531,52.792274475097656,162.07000732421875,78.29440307617188,302.239990234375
2012-01-23,102.25012969970703,52.80995559692383,163.16000366210938,77.79911041259766,307.1199951171875
2012-01-24,102.13359832763672,52.71278381347656,162.00999450683594,77.93963623046875,304.79998779296875
2012-01-25,102.98817443847656,53.37521743774414,166.4199981689453,77.75223541259766,306.79998779296875
2012-01-26,102.45990753173828,53.18973922729492,167.27000427246094,78.78297424316406,306.9599914550781
2012-01-27,102.41329193115234,53.34872055053711,168.97000122070312,79.03060150146484,306.3999938964844
2012-01-30,102.06366729736328,53.392887115478516,168.02999877929688,79.9609375,304.0799865722656
2012-01-31,102.02484130859375,53.46354293823242,169.30999755859375,80.88455200195312,302.55999755859375
2012-02-01,102.91831970214844,53.89634704589844,169.55999755859375,79.95807647705078,299.0400085449219
2012-02-02,103.08143615722656,54.06416702270508,171.0500030517578,79.92450714111328,297.0400085449219
2012-02-03,104.52653503417969,54.80611038208008,167.63999938964844,78.20697784423828,300.7200012207031
2012-02-06,104.45657348632812,54.761932373046875,167.17999267578125,78.98521423339844,298.6400146484375
2012-02-07,104.7207260131836,54.87676239013672,169.6999969482422,78.00572967529297,303.6000061035156
2012-02-08,105.031494140625,55.16824722290039,168.5,78.06612396240234,304.32000732421875
2012-02-09,105.1635971069336,55.565704345703125,168.02000427246094,77.4823989868164,306.6400146484375
2012-02-10,104.38670349121094,55.17706298828125,167.13999938964844,78.48880004882812,304.1600036621094
2012-02-13,105.1635971069336,55.68937683105469,167.50999450683594,78.58946228027344,309.5199890136719
2012-02-14,105.031494140625,55.830684661865234,167.1199951171875,79.00537872314453,310.7200012207031
2012-02-15,104.54204559326172,55.442039489746094,168.11000061035156,78.86448669433594,313.44000244140625
2012-02-16,105.69963836669922,56.20164489746094,168.0,78.2337646484375,314.239990234375
2012-02-17,105.97933959960938,56.024993896484375,167.35000610351562,78.21368408203125,318.0
2012-02-21,106.02596282958984,56.18399429321289,171.02000427246094,77.34821319580078,324.6400146484375
2012-02-22,105.68413543701172,55.9278450012207,172.94000244140625,78.32108306884766,324.7200012207031
2012-02-23,106.15027618408203,56.298805236816406,173.02000427246094,78.32108306884766,330.9599914550781
2012-02-24,106.38333129882812,56.493125915527344,172.22999572753906,78.8309097290039,336.0799865722656
2012-02-27,106.56202697753906,56.5726203918457,171.6999969482422,79.52867889404297,329.44000244140625
2012-02-28,106.872802734375,57.146732330322266,173.49000549316406,79.26701354980469,326.32000732421875
2012-02-29,106.45325469970703,56.89059066772461,164.2899932861328,78.78398132324219,327.3599853515625
2012-03-01,107.00486755371094,57.341060638427734,166.61000061035156,78.042236328125,334.0
2012-03-02,106.67855072021484,57.296897888183594,166.33999633789062,78.77520751953125,326.1600036621094
2012-03-05,106.24346160888672,56.705108642578125,165.64999389648438,78.14987182617188,327.760009765625
2012-03-06,104.68965911865234,56.1486701965332,162.6999969482422,79.09803771972656,321.0400085449219
2012-03-07,105.41992950439453,56.581451416015625,163.6300048828125,78.6138916015625,324.8800048828125
2012-03-08,106.46880340576172,57.19090270996094,165.27999877929688,77.82710266113281,326.55999755859375
2012-03-09,106.88059997558594,57.42936325073242,166.3800048828125,77.98177337646484,328.7200012207031
2012-03-12,106.8883056640625,57.45588302612305,165.07000732421875,77.96829223632812,325.6000061035156
2012-03-13,108.81511688232422,58.52461242675781,162.3000030517578,76.59652709960938,326.6400146484375
2012-03-14,108.69857025146484,58.72775650024414,159.57000732421875,74.66666412353516,323.2799987792969
2012-03-15,109.32788848876953,58.89558410644531,161.0800018310547,74.78099822998047,322.239990234375
2012-03-16,109.47927856445312,58.854007720947266,161.3000030517578,74.92890167236328,328.239990234375
2012-03-19,109.90839385986328,59.269840240478516,161.58999633789062,74.03460693359375,330.32000732421875
2012-03-20,109.58854675292969,59.376007080078125,160.1300048828125,74.33042907714844,323.44000244140625
2012-03-21,109.40902709960938,59.38486099243164,160.2100067138672,75.17098999023438,325.2799987792969
2012-03-22,108.62088775634766,59.26099395751953,159.57000732421875,75.41309356689453,321.1199951171875
2012-03-23,108.97203063964844,59.22561264038086,161.52999877929688,76.12582397460938,325.5199890136719
2012-03-26,110.50150299072266,60.260765075683594,164.39999389648438,75.73580169677734,326.1600036621094
2012-03-27,110.15811157226562,60.3492431640625,163.24000549316406,76.28047943115234,325.67999267578125
2012-03-28,109.61189270019531,60.1103515625,161.50999450683594,76.17292785644531,321.5199890136719
2012-03-29,109.42463684082031,59.880332946777344,161.27999877929688,76.7444839477539,314.32000732421875
2012-03-30,109.8771743774414,59.76527404785156,162.1199951171875,75.4466781616211,313.8399963378906
2012-04-02,110.68096160888672,60.38462448120117,162.94000244140625,75.86468505859375,320.239990234375
2012-04-03,110.22833251953125,60.3669548034668,159.88999938964844,74.55000305175781,317.2799987792969
2012-04-04,109.13591766357422,59.54410171508789,157.2100067138672,75.57478332519531,310.7200012207031
2012-04-05,109.0812759399414,59.91570281982422,158.30999755859375,76.12088775634766,314.0799865722656
2012-04-09,107.85619354248047,59.4644889831543,159.3699951171875,77.9006576538086,311.760009765625
2012-04-10,106.04582977294922,58.50895690917969,161.10000610351562,78.7838363647461,308.0799865722656
2012-04-11,106.90419006347656,58.79207229614258,161.07000732421875,77.84001159667969,312.0799865722656
2012-04-12,108.30096435546875,59.4644889831543,162.6999969482422,77.516357421875,315.5199890136719
2012-04-13,107.013427734375,58.562042236328125,160.85000610351562,78.77034759521484,313.20001220703125
2012-04-16,106.94319915771484,57.90730667114258,160.4600067138672,78.65576934814453,313.44000244140625
2012-04-17,108.52725982666016,59.08402633666992,160.25,78.60850524902344,317.1199951171875
2012-04-18,108.1604995727539,58.93364715576172,159.30999755859375,78.83780670166016,312.3999938964844
2012-04-19,107.46602630615234,58.27003479003906,159.42999267578125,78.91189575195312,311.67999267578125
2012-04-20,107.64545440673828,58.110809326171875,159.5399932861328,78.92545318603516,315.1199951171875
2012-04-23,106.74028778076172,57.57994842529297,159.07000732421875,79.49845123291016,312.239990234375
2012-04-24,107.14604949951172,57.27029037475586,159.3000030517578,78.93891143798828,313.3599853515625
2012-04-25,108.61315155029297,58.79207229614258,159.6199951171875,78.53436279296875,315.2799987792969
2012-04-26,109.3700180053711,59.13711166381836,161.02999877929688,79.00633239746094,316.239990234375
2012-04-27,109.54950714111328,59.49103927612305,161.3800048828125,79.07376098632812,316.9599914550781
2012-04-30,109.1436996459961,59.06634521484375,161.8800048828125,79.093994140625,317.44000244140625
2012-05-01,109.8226089477539,59.163658142089844,161.32000732421875,78.68377685546875,321.20001220703125
2012-05-02,109.494873046875,59.33176803588867,160.58999633789062,79.23790740966797,319.1199951171875
2012-05-03,108.65989685058594,58.703590393066406,158.97000122070312,79.21763610839844,310.6400146484375
2012-05-04,106.90419006347656,57.243743896484375,159.47000122070312,79.83939361572266,298.32000732421875
2012-05-07,106.98220825195312,57.29683303833008,159.0800018310547,79.8528823852539,296.3999938964844
2012-05-08,106.55305480957031,57.08448028564453,156.0,80.27864074707031,294.9599914550781
2012-05-09,105.92097473144531,56.90753936767578,154.47000122070312,80.33272552490234,292.1600036621094
2012-05-10,106.13948059082031,56.79252243041992,154.77000427246094,80.09617614746094,292.8800048828125
2012-05-11,105.81950378417969,56.78368377685547,153.55999755859375,80.75851440429688,290.0799865722656
2012-05-14,104.64905548095703,56.2528190612793,151.3300018310547,81.88706970214844,284.8800048828125
2012-05-15,104.04817199707031,56.06702423095703,149.74000549316406,82.21822357177734,282.239990234375
2012-05-16,103.65026092529297,55.68657302856445,149.4600067138672,82.45477294921875,280.3999938964844
2012-05-17,102.11299133300781,54.50985336303711,152.8000030517578,83.91449737548828,280.32000732421875
2012-05-18,101.239013671875,53.80204772949219,154.5500030517578,83.93478393554688,275.44000244140625
2012-05-21,102.97917938232422,55.30613327026367,154.64999389648438,83.75904083251953,281.20001220703125
2012-05-22,103.15860748291016,55.244197845458984,152.0800018310547,82.82642364501953,275.8399963378906
2012-05-23,103.21324920654297,55.350364685058594,151.6199951171875,83.40082550048828,272.7200012207031
2012-05-24,103.4161376953125,54.987606048583984,151.41000366210938,83.08324432373047,274.0799865722656
2012-05-25,103.08061218261719,54.91684341430664,152.67999267578125,83.39409637451172,273.760009765625
2012-05-29,104.32911682128906,55.61578369140625,151.02000427246094,83.13731384277344,273.8399963378906
2012-05-30,102.81531524658203,55.14686584472656,151.91000366210938,85.24578094482422,264.1600036621094
2012-05-31,102.5889892578125,54.907989501953125,151.6199951171875,86.23249053955078,260.8800048828125
2012-06-01,100.00611114501953,53.44814682006836,157.5,88.27965545654297,251.44000244140625
2012-06-04,99.95933532714844,53.85512161254883,157.32000732421875,87.58214569091797,254.0800018310547
2012-06-05,100.71623229980469,54.07631301879883,157.13999938964844,86.41056823730469,254.0800018310547
2012-06-06,102.97917938232422,55.314971923828125,157.2100067138672,84.68376922607422,257.20001220703125
2012-06-07,103.04158782958984,55.09379196166992,154.5,84.81246185302734,253.75999450683594
2012-06-08,103.86090850830078,55.624629974365234,154.72999572753906,84.79207611083984,254.39999389648438
2012-06-11,102.54218292236328,54.68680953979492,155.36000061035156,85.1780776977539,245.60000610351562
2012-06-12,103.72047424316406,55.350364685058594,156.4600067138672,84.3992919921875,251.36000061035156
2012-06-13,103.05720520019531,54.96992874145508,157.1199951171875,85.23226928710938,248.8000030517578
2012-06-14,104.149658203125,55.17341995239258,157.75,85.1239013671875,253.83999633789062
2012-06-15,105.21487426757812,55.85890197753906,157.83999633789062,85.59794616699219,253.0399932861328
2012-06-18,105.41873931884766,56.38211441040039,157.92999267578125,86.05845642089844,250.55999755859375
2012-06-19,106.43839263916016,56.96739196777344,157.16000366210938,84.93431091308594,253.44000244140625
2012-06-20,106.26585388183594,57.01173400878906,155.97000122070312,85.35416412353516,243.9199981689453
2012-06-21,103.8813705444336,55.59286117553711,152.02000427246094,85.807861328125,235.67999267578125
2012-06-22,104.68148803710938,56.17812728881836,152.63999938964844,84.66340637207031,240.8000030517578
2012-06-25,103.00289154052734,55.096275329589844,153.75999450683594,85.89588928222656,238.39999389648438
2012-06-26,103.52056884765625,55.44210433959961,152.6199951171875,85.55733489990234,238.47999572753906
2012-06-27,104.4539566040039,55.77909851074219,152.8300018310547,85.6927490234375,241.60000610351562
2012-06-28,104.15592956542969,55.1583366394043,151.0500030517578,85.90269470214844,236.0
2012-06-29,106.75218963623047,56.89644241333008,155.19000244140625,84.78526306152344,254.63999938964844
2012-07-02,107.07374572753906,57.06493377685547,155.08999633789062,85.66011047363281,251.44000244140625
2012-07-03,107.77970123291016,57.54380416870117,157.4600067138672,85.00177001953125,263.5199890136719
2012-07-05,107.29337310791016,57.579288482666016,155.67999267578125,85.43611907958984,260.9599914550781
2012-07-06,106.27369689941406,56.86096954345703,153.7100067138672,86.23016357421875,252.72000122070312
2012-07-09,106.14037322998047,56.75455856323242,154.0399932861328,86.9902572631836,257.3599853515625
2012-07-10,105.21487426757812,56.195884704589844,152.14999389648438,87.16670227050781,252.16000366210938
2012-07-11,105.23050689697266,55.885498046875,152.99000549316406,87.27529907226562,258.6400146484375
2012-07-12,104.72066497802734,55.36231231689453,152.58999633789062,87.89285278320312,257.6000061035156
2012-07-13,106.4776382446289,56.20476150512695,154.13999938964844,87.66215515136719,261.44000244140625
2012-07-16,106.2266616821289,56.04511642456055,154.2100067138672,88.06929779052734,264.9599914550781
2012-07-17,106.95612335205078,56.33778381347656,153.47000122070312,87.37710571289062,267.0400085449219
2012-07-18,107.748291015625,57.10041809082031,153.0500030517578,87.42460632324219,269.5199890136719
2012-07-19,108.03067779541016,57.73003387451172,153.3800048828125,87.20066833496094,277.1199951171875
2012-07-20,107.04236602783203,56.96739196777344,153.6699981689453,88.26612091064453,273.6000061035156
2012-07-23,105.95995330810547,56.27570343017578,153.02999877929688,88.76154327392578,264.0
2012-07-24,105.05009460449219,55.83229064941406,153.52000427246094,89.46060180664062,265.20001220703125
2012-07-25,105.07364654541016,55.4598503112793,155.6699981689453,89.69127655029297,265.67999267578125
2012-07-26,106.80706024169922,56.195884704589844,156.77000427246094,88.8701171875,267.2799987792969
2012-07-27,108.77581024169922,57.52608108520508,157.5399932861328,87.19384765625,269.3599853515625
2012-07-30,108.77581024169922,57.48173904418945,157.42999267578125,87.84536743164062,267.6000061035156
2012-07-31,108.0149917602539,57.46400833129883,156.49000549316406,88.02177429199219,261.44000244140625
2012-08-01,107.92088317871094,57.29551315307617,155.13999938964844,87.58182525634766,265.3599853515625
2012-08-02,107.17572784423828,57.09152603149414,154.1300048828125,88.07823181152344,260.79998779296875
2012-08-03,109.30139923095703,58.17341613769531,155.5500030517578,86.6568374633789,272.55999755859375
2012-08-06,109.51315307617188,58.616825103759766,156.3000030517578,86.69091796875,275.3599853515625
2012-08-07,110.06219482421875,59.10453796386719,156.27999877929688,85.57555389404297,279.2799987792969
2012-08-08,110.19554901123047,59.07795333862305,156.47999572753906,85.119873046875,278.9599914550781
2012-08-09,110.28961944580078,59.25529479980469,156.99000549316406,85.05868530273438,279.44000244140625
2012-08-10,110.47006225585938,59.290802001953125,157.17999267578125,85.48713684082031,278.79998779296875
2012-08-13,110.4151611328125,59.432640075683594,155.99000549316406,85.34434509277344,277.2799987792969
2012-08-14,110.43089294433594,59.459285736083984,155.1300048828125,84.18819427490234,279.3599853515625
2012-08-15,110.5563735961914,59.610023498535156,155.6300048828125,83.00479125976562,281.5199890136719
2012-08-16,111.3720703125,60.3194694519043,156.55999755859375,82.29753112792969,284.4800109863281
2012-08-17,111.52108001708984,60.58549880981445,156.72000122070312,82.69877624511719,287.6000061035156
2012-08-20,111.52897644042969,60.674156188964844,157.25999450683594,82.86878967285156,286.6400146484375
2012-08-21,111.19164276123047,60.43474578857422,158.8300018310547,83.23604583740234,287.8399963378906
2012-08-22,111.23875427246094,60.68302917480469,160.5399932861328,84.60978698730469,289.760009765625
2012-08-23,110.32884979248047,60.18643569946289,161.88999938964844,84.9634780883789,286.0799865722656
2012-08-24,110.99555206298828,60.558895111083984,161.97000122070312,84.88186645507812,285.44000244140625
2012-08-27,111.01911926269531,60.656429290771484,161.36000061035156,85.37831115722656,284.8800048828125
2012-08-28,110.90934753417969,60.656429290771484,161.63999938964844,85.58235168457031,286.32000732421875
2012-08-29,110.99555206298828,60.656429290771484,160.58999633789062,85.20829772949219,283.0400085449219
2012-08-30,110.19554901123047,60.04456329345703,160.52000427246094,85.65037536621094,282.0799865722656
2012-08-31,110.72105407714844,60.44358825683594,164.22000122070312,86.86089324951172,287.1199951171875
2012-09-04,110.61908721923828,60.381507873535156,164.47999572753906,86.77365112304688,284.0799865722656
2012-09-05,110.52494049072266,60.3194694519043,164.30999755859375,86.36475372314453,284.55999755859375
2012-09-06,112.76826477050781,61.658504486083984,164.88999938964844,84.92667388916016,281.8399963378906
2012-09-07,113.20748901367188,61.56983184814453,168.44000244140625,84.53137969970703,287.0400085449219
2012-09-10,112.5643310546875,60.78057861328125,167.2899932861328,84.73587799072266,286.79998779296875
2012-09-11,112.87809753417969,60.68302917480469,167.89999389648438,84.20431518554688,288.8800048828125
2012-09-12,113.25459289550781,60.86039352416992,167.9199981689453,83.15471649169922,288.32000732421875
2012-09-13,114.98017120361328,61.68511199951172,171.30999755859375,82.82757568359375,292.0799865722656
2012-09-14,115.48998260498047,62.23493576049805,171.8000030517578,80.626220703125,294.7200012207031
2012-09-17,115.09785461425781,62.261512756347656,170.39999389648438,81.59396362304688,286.0
2012-09-18,115.00371551513672,62.31473922729492,171.72000122070312,82.00288391113281,284.55999755859375
2012-09-19,115.06648254394531,62.43003845214844,171.74000549316406,82.54132843017578,272.9599914550781
2012-09-20,115.07427978515625,62.367942810058594,171.47000122070312,82.74580383300781,276.0799865722656
2012-09-21,115.02619171142578,62.38571548461914,171.9600067138672,82.8411865234375,275.9200134277344
2012-09-24,114.85272979736328,62.0211067199707,171.0500030517578,83.4886703491211,272.7200012207031
2012-09-25,113.63046264648438,61.14957046508789,170.77000427246094,84.31330871582031,270.0
2012-09-26,112.99173736572266,60.65154266357422,169.80999755859375,85.2197494506836,266.7200012207031
2012-09-27,114.05623626708984,61.48750686645508,172.33999633789062,84.61320495605469,273.20001220703125
2012-09-28,113.52794647216797,60.980587005615234,171.88999938964844,84.6608657836914,272.9599914550781
2012-10-01,113.82759857177734,60.891685485839844,172.2899932861328,84.97504425048828,274.0
2012-10-02,113.94585418701172,61.069549560546875,172.10000610351562,84.85897827148438,272.1600036621094
2012-10-03,114.41110229492188,61.46084976196289,172.41000366210938,84.88627624511719,260.8800048828125
2012-10-04,115.23121643066406,61.674293518066406,173.61000061035156,83.82762145996094,271.5199890136719
2012-10-05,115.23907470703125,61.3452262878418,172.6199951171875,82.74176025390625,266.79998779296875
2012-10-08,114.84484100341797,60.78493881225586,172.0500030517578,83.4383773803711,265.760009765625
2012-10-09,113.70932006835938,59.815608978271484,170.99000549316406,83.28812408447266,273.44000244140625
2012-10-10,112.98382568359375,59.513221740722656,170.83999633789062,83.87552642822266,270.7200012207031
2012-10-11,113.04692077636719,59.326473236083984,171.32000732421875,84.45601654052734,274.32000732421875
2012-10-12,112.67626953125,59.299781799316406,170.05999755859375,84.6677474975586,272.0
2012-10-15,113.61468505859375,59.73554992675781,168.35000610351562,84.47648620605469,272.0
2012-10-16,114.76596069335938,60.58039855957031,169.4199981689453,83.30859375,273.0400085449219
2012-10-17,115.28643035888672,60.544830322265625,169.5399932861328,82.5368423461914,272.79998779296875
2012-10-18,114.98673248291016,59.84227752685547,168.7899932861328,82.03147888183594,272.55999755859375
2012-10-19,113.0705795288086,58.410465240478516,166.97000122070312,83.14468383789062,266.7200012207031
2012-10-22,113.08636474609375,58.71284484863281,167.5800018310547,82.6119613647461,263.20001220703125
2012-10-23,111.5171890258789,58.15256881713867,165.42999267578125,83.79353332519531,255.75999450683594
2012-10-24,111.20172119140625,57.94803237915039,164.86000061035156,82.9671630859375,253.0399932861328
2012-10-25,111.52497863769531,57.94803237915039,166.02000427246094,82.54367065429688,254.24000549316406
2012-10-26,111.4619369506836,58.11698913574219,165.92999267578125,83.75939178466797,254.32000732421875
2012-10-31,111.4619369506836,57.76126480102539,166.8300018310547,84.25106811523438,254.24000549316406
2012-11-01,112.62899017333984,58.57945251464844,166.07000732421875,83.56131744384766,256.4800109863281
2012-11-02,111.62751770019531,57.9569091796875,162.60000610351562,83.49984741210938,250.8000030517578
2012-11-05,111.85624694824219,58.33932113647461,163.22999572753906,83.97108459472656,252.8800048828125
2012-11-06,112.73151397705078,58.446041107177734,166.3000030517578,83.17888641357422,260.4800109863281
2012-11-07,110.1766128540039,57.06757354736328,166.49000549316406,84.68818664550781,249.67999267578125
2012-11-08,108.85185241699219,56.169395446777344,167.99000549316406,85.94487762451172,250.39999389648438
2012-11-09,108.94644927978516,56.40950012207031,167.82000732421875,86.04052734375,253.83999633789062
2012-11-12,109.033203125,56.40060806274414,167.4499969482422,86.18392181396484,252.72000122070312
2012-11-13,108.65467071533203,56.009307861328125,167.10000610351562,86.47077941894531,251.27999877929688
2012-11-14,107.18798065185547,55.351219177246094,167.13999938964844,86.55270385742188,254.16000366210938
2012-11-15,107.00657653808594,55.16444778442383,166.08999633789062,86.38202667236328,251.9199981689453
2012-11-16,107.53492736816406,55.40456771850586,165.8800048828125,86.30684661865234,255.44000244140625
2012-11-19,109.71131896972656,56.72077178955078,167.8699951171875,85.82196044921875,261.3599853515625
2012-11-20,109.75870513916016,56.73854446411133,167.38999938964844,84.96144104003906,255.60000610351562
2012-11-21,109.96367645263672,56.85417938232422,167.55999755859375,84.9135971069336,256.9599914550781
2012-11-23,111.4619369506836,57.71680450439453,169.61000061035156,84.83158874511719,258.55999755859375
2012-11-26,111.225341796875,57.96580505371094,169.42999267578125,85.23458862304688,257.5199890136719
2012-11-27,110.6575698852539,57.77016830444336,168.7100067138672,85.56925964355469,255.83999633789062
2012-11-28,111.54867553710938,58.268184661865234,166.5500030517578,85.44631958007812,254.32000732421875
2012-11-29,112.0691146850586,58.61503982543945,167.17999267578125,85.45997619628906,257.3599853515625
2012-11-30,112.0927734375,58.51719284057617,166.0500030517578,85.22777557373047,260.4800109863281
2012-12-03,111.5407943725586,58.40159606933594,166.1300048828125,85.30642700195312,260.79998779296875
2012-12-04,111.38306427001953,58.366004943847656,164.4199981689453,85.79914093017578,259.20001220703125
2012-12-05,111.5802230834961,57.71680450439453,164.1199951171875,85.75808715820312,257.760009765625
2012-12-06,111.95875549316406,58.09031677246094,164.5,85.94287872314453,253.27999877929688
2012-12-07,112.29776000976562,57.74348831176758,165.16000366210938,85.14905548095703,252.24000549316406
2012-12-10,112.3451156616211,57.91244125366211,165.8000030517578,85.52546691894531,251.1199951171875
2012-12-11,113.10999298095703,58.66838836669922,165.64999389648438,84.87533569335938,251.75999450683594
2012-12-12,113.16522216796875,58.54387664794922,165.77000427246094,83.88995361328125,254.24000549316406
2012-12-13,112.47126770019531,58.08142852783203,164.3699951171875,83.95152282714844,252.63999938964844
2012-12-14,112.05335235595703,57.53004837036133,164.1300048828125,84.58106994628906,254.47999572753906
2012-12-17,113.3702392578125,58.29486846923828,164.44000244140625,83.31509399414062,256.0799865722656
2012-12-18,114.63191223144531,59.18418502807617,162.0800018310547,82.466552734375,257.44000244140625
2012-12-19,113.78023529052734,58.92628479003906,161.69000244140625,82.74026489257812,261.3599853515625
2012-12-20,114.43479919433594,58.92628479003906,159.72999572753906,82.75396728515625,261.8399963378906
2012-12-21,113.3960189819336,58.30655288696289,160.3300018310547,83.65726470947266,258.8800048828125
2012-12-24,113.04661560058594,58.19028091430664,160.6199951171875,83.50672912597656,257.9200134277344
2012-12-26,112.57013702392578,57.680564880371094,160.77999877929688,83.80712890625,265.20001220703125
2012-12-27,112.41921997070312,57.59111404418945,161.16000366210938,84.08829498291016,265.5199890136719
2012-12-28,111.20420837402344,57.03667449951172,160.5399932861328,84.56835174560547,264.32000732421875
2012-12-31,113.09423828125,58.24393844604492,162.02000427246094,83.10762786865234,266.9599914550781
2013-01-02,115.99291229248047,60.095088958740234,163.1699981689453,81.9965591430664,270.55999755859375
2013-01-03,115.73081970214844,59.782081604003906,161.1999969482422,80.88555145263672,269.9200134277344
2013-01-04,116.23909759521484,59.58534240722656,160.44000244140625,81.20096588134766,271.0400085449219
2013-01-07,115.92144775390625,59.60325241088867,159.42999267578125,81.23528289794922,271.3599853515625
2013-01-08,115.58787536621094,59.48699188232422,160.55999755859375,81.77022552490234,271.67999267578125
2013-01-09,115.8817367553711,59.71055221557617,160.49000549316406,81.69481658935547,271.0400085449219
2013-01-10,116.80289459228516,60.06824493408203,161.97999572753906,81.46851348876953,273.3599853515625
2013-01-11,116.79496002197266,60.14875411987305,161.05999755859375,82.19544219970703,272.4800109863281
2013-01-14,116.715576171875,59.88045120239258,161.5399932861328,81.96910858154297,274.239990234375
2013-01-15,116.79496002197266,59.58534240722656,162.55999755859375,82.3463134765625,271.9200134277344
2013-01-16,116.77910614013672,59.82681655883789,162.64999389648438,82.51778411865234,274.239990234375
2013-01-17,117.53352355957031,60.112945556640625,163.35000610351562,81.69481658935547,277.3599853515625
2013-01-18,117.79559326171875,59.978843688964844,163.08999633789062,82.32572174072266,278.1600036621094
2013-01-22,118.43093872070312,60.077205657958984,163.6699981689453,82.48347473144531,280.0799865722656
2013-01-23,118.62154388427734,60.44383239746094,163.2100067138672,82.36001586914062,276.8800048828125
2013-01-24,118.6532974243164,59.6121940612793,161.4199981689453,82.07198333740234,278.0799865722656
2013-01-25,119.32034301757812,59.91624069213867,160.64999389648438,80.94722747802734,278.239990234375
2013-01-28,119.17744445800781,60.05037307739258,160.2899932861328,80.65234375,279.5199890136719
2013-01-29,119.64600372314453,60.059322357177734,160.99000549316406,80.20658111572266,282.32000732421875
2013-01-30,119.17744445800781,59.93411636352539,162.19000244140625,80.06941223144531,283.9200134277344
2013-01-31,118.88360595703125,59.799991607666016,161.1999969482422,80.4603500366211,282.239990234375
2013-02-01,120.1065444946289,60.5064582824707,161.4499969482422,79.41551971435547,282.79998779296875
2013-02-04,118.75650787353516,59.451229095458984,162.0,80.43279266357422,278.239990234375
2013-02-05,119.95567321777344,60.327613830566406,161.9600067138672,79.71794891357422,280.239990234375
2013-02-06,120.04300689697266,60.13085174560547,162.38999938964844,80.37095642089844,280.32000732421875
2013-02-07,119.8841781616211,60.18450164794922,161.83999633789062,80.19229125976562,277.44000244140625
2013-02-08,120.55130004882812,60.80155563354492,161.57000732421875,80.50153350830078,277.6000061035156
2013-02-11,120.52745819091797,60.81944274902344,159.6999969482422,80.43970489501953,280.9599914550781
2013-02-12,120.72598266601562,60.56905746459961,159.88999938964844,80.24037170410156,282.239990234375
2013-02-13,120.82921600341797,60.78367614746094,159.0500030517578,79.58737182617188,281.5199890136719
2013-02-14,120.94044494628906,60.76578140258789,158.35000610351562,80.30911254882812,282.1600036621094
2013-02-15,120.79747009277344,60.586936950683594,155.75999450683594,80.07539367675781,277.760009765625
2013-02-19,121.70280456542969,61.025123596191406,155.3300018310547,79.6767349243164,279.67999267578125
2013-02-20,120.18598175048828,60.08613967895508,151.44000244140625,79.91726684570312,273.3599853515625
2013-02-21,119.45538330078125,59.442283630371094,152.6199951171875,80.38473510742188,267.44000244140625
2013-02-22,120.62276458740234,60.041412353515625,152.97000122070312,80.43970489501953,268.79998779296875
2013-02-25,118.32770538330078,59.2991943359375,154.33999633789062,82.02059936523438,265.67999267578125
2013-02-26,119.13768768310547,59.522762298583984,156.22000122070312,81.54631805419922,266.6400146484375
2013-02-27,120.63865661621094,60.13085174560547,154.57000732421875,81.30575561523438,267.20001220703125
2013-02-28,120.40042114257812,60.005653381347656,153.0,81.45699310302734,264.4800109863281
2013-03-01,120.79747009277344,60.25606918334961,152.44000244140625,81.90054321289062,261.9200134277344
2013-03-04,121.44073486328125,60.524356842041016,152.3000030517578,81.46660614013672,259.20001220703125
2013-03-05,122.5287094116211,61.418636322021484,152.3800048828125,81.23240661621094,261.5199890136719
2013-03-06,122.69548034667969,61.26656723022461,153.22999572753906,80.495361328125,260.32000732421875
2013-03-07,122.91787719726562,61.427555084228516,152.69000244140625,79.87543487548828,263.5199890136719
2013-03-08,123.44198608398438,61.49908447265625,152.7100067138672,79.04200744628906,264.3999938964844
2013-03-11,123.91048431396484,61.67796325683594,152.99000549316406,79.11772155761719,264.32000732421875
2013-03-12,123.6325912475586,61.45438766479492,154.19000244140625,79.6894302368164,266.0799865722656
2013-03-13,123.80731964111328,61.3738899230957,153.66000366210938,79.60678100585938,265.5199890136719
2013-03-14,124.46636962890625,61.57958221435547,153.67999267578125,79.36569213867188,267.3599853515625
2013-03-15,124.30208587646484,61.408355712890625,154.0,79.73766326904297,268.79998779296875
2013-03-18,123.61607360839844,61.27393341064453,155.3800048828125,80.34379577636719,269.20001220703125
2013-03-19,123.32892608642578,61.15743637084961,156.0800018310547,80.88794708251953,264.55999755859375
2013-03-20,124.19050598144531,61.58766174316406,155.3699951171875,79.98564910888672,267.6000061035156
2013-03-21,123.12950897216797,60.88850402832031,156.25,80.75711059570312,264.3999938964844
2013-03-22,124.11861419677734,61.480079650878906,155.5500030517578,80.81914520263672,268.8800048828125
2013-03-25,123.60012817382812,61.25597381591797,155.24000549316406,80.7433090209961,270.79998779296875
2013-03-26,124.58927154541016,61.58766174316406,154.72000122070312,80.83975219726562,275.6000061035156
2013-03-27,124.58927154541016,61.6683464050293,155.36000061035156,81.52855682373047,276.3999938964844
2013-03-28,124.9721450805664,61.820709228515625,154.4499969482422,81.11529541015625,278.0
2013-04-01,124.47759246826172,61.3994255065918,154.6699981689453,81.72618865966797,277.44000244140625
2013-04-02,125.091796875,61.88343048095703,152.42999267578125,81.39485931396484,277.20001220703125
2013-04-03,123.82347869873047,61.31875228881836,150.72999572753906,82.1266098022461,270.0799865722656
2013-04-04,124.32601165771484,61.336666107177734,150.2899932861328,83.10684967041016,267.1199951171875
2013-04-05,123.7677001953125,60.82576370239258,152.80999755859375,84.78433990478516,266.239990234375
2013-04-08,124.60523986816406,61.148433685302734,152.16000366210938,84.13541412353516,267.9200134277344
2013-04-09,125.03592681884766,61.5607795715332,153.33999633789062,83.92831420898438,269.1199951171875
2013-04-10,126.5675048828125,62.76183319091797,150.75,82.77552795410156,270.6400146484375
2013-04-11,126.98233032226562,62.7349739074707,151.0500030517578,82.93427276611328,267.67999267578125
2013-04-12,126.67115020751953,62.69013214111328,143.9499969482422,84.16989135742188,260.239990234375
2013-04-15,123.73577117919922,61.45317077636719,131.30999755859375,84.90164947509766,251.9199981689453
2013-04-16,125.56246185302734,62.26884841918945,132.8000030517578,84.20443725585938,254.0800018310547
2013-04-17,123.72781372070312,61.049842834472656,132.8699951171875,84.76363372802734,248.0800018310547
2013-04-18,122.95401763916016,60.20726776123047,134.3000030517578,84.97069549560547,253.1199951171875
2013-04-19,124.0229263305664,61.03190231323242,135.47000122070312,84.79122924804688,251.1199951171875
2013-04-22,124.57331848144531,61.659332275390625,137.89999389648438,84.85334014892578,254.55999755859375
2013-04-23,125.8575210571289,62.25099182128906,136.8800048828125,84.55650329589844,254.8800048828125
2013-04-24,125.9373550415039,62.224029541015625,138.3699951171875,84.7705307006836,261.2799987792969
2013-04-25,126.44788360595703,62.555686950683594,141.6300048828125,84.40462493896484,266.0
2013-04-26,126.22452545166016,62.358489990234375,140.91000366210938,85.17778778076172,264.9599914550781
2013-04-29,127.07007598876953,62.932159423828125,142.3000030517578,84.8672103881836,268.8800048828125
2013-04-30,127.3731460571289,63.3892936706543,142.77000427246094,84.91551971435547,265.2799987792969
2013-05-01,126.25636291503906,63.09351348876953,141.11000061035156,85.78782653808594,259.1199951171875
2013-05-02,127.42901611328125,63.891239166259766,141.9199981689453,85.67715454101562,267.9200134277344
2013-05-03,128.72125244140625,64.6441879272461,142.08999633789062,83.65711975097656,272.0799865722656
2013-05-06,129.04830932617188,64.89513397216797,142.14999389648438,83.44959259033203,273.1199951171875
2013-05-07,129.70237731933594,64.8592758178711,140.3800048828125,83.12450408935547,272.0799865722656
2013-05-08,130.29266357421875,65.17298889160156,142.4600067138672,83.25590515136719,275.20001220703125
2013-05-09,129.92568969726562,65.08338928222656,140.80999755859375,83.04143524169922,273.3599853515625
2013-05-10,130.34849548339844,65.47779846191406,139.60000610351562,82.1490249633789,273.1199951171875
2013-05-13,130.4521942138672,65.55842590332031,138.42999267578125,81.51953125,270.8800048828125
2013-05-14,131.80023193359375,65.89904022216797,137.80999755859375,80.63404083251953,268.4800109863281
2013-05-15,132.51016235351562,66.03349304199219,134.6300048828125,81.17361450195312,268.8800048828125
2013-05-16,131.88803100585938,65.96177673339844,134.08999633789062,82.017578125,270.9599914550781
2013-05-17,133.164306640625,66.59818267822266,131.07000732421875,80.97997283935547,273.67999267578125
2013-05-20,133.15631103515625,66.49962615966797,135.1199951171875,80.88307189941406,275.5199890136719
2013-05-21,133.34776306152344,66.5713119506836,132.8800048828125,81.51953125,272.8800048828125
2013-05-22,132.358642578125,65.98868560791016,131.94000244140625,80.3089370727539,267.67999267578125
2013-05-23,131.975830078125,65.83629608154297,134.61000061035156,80.68939971923828,268.32000732421875
2013-05-24,131.8640899658203,65.80046844482422,133.75999450683594,80.8000259399414,266.9599914550781
2013-05-28,132.65383911132812,66.23070526123047,133.49000549316406,78.7524185180664,270.32000732421875
2013-05-29,131.79226684570312,65.91696166992188,134.8300018310547,79.63785552978516,264.79998779296875
2013-05-30,132.27891540527344,66.26656341552734,136.6999969482422,79.44416046142578,266.0
2013-05-31,130.38038635253906,65.65699768066406,133.9199981689453,79.17440032958984,260.8800048828125
2013-06-03,131.0983123779297,65.77356719970703,136.50999450683594,79.59394836425781,265.2799987792969
2013-06-04,130.46815490722656,65.43294525146484,135.22999572753906,78.85885620117188,265.6000061035156
2013-06-05,128.64146423339844,64.58145141601562,135.52000427246094,79.9476089477539,266.0799865722656
2013-06-06,129.80606079101562,64.89513397216797,136.52999877929688,79.8990707397461,268.9599914550781
2013-06-07,131.45730590820312,65.78251647949219,133.27999877929688,78.47049713134766,273.2799987792969
2013-06-10,131.45730590820312,65.80943298339844,133.94000244140625,78.09607696533203,272.0
2013-06-11,130.10122680664062,65.15507507324219,133.25,79.02526092529297,270.32000732421875
2013-06-12,129.0242919921875,64.40216827392578,134.25,77.89498138427734,272.239990234375
2013-06-13,130.986572265625,65.21783447265625,133.74000549316406,79.11543273925781,274.6400146484375
2013-06-14,130.1649932861328,64.78760528564453,134.42999267578125,78.92820739746094,277.9200134277344
2013-06-17,131.1700897216797,65.41502380371094,133.77000427246094,78.5121841430664,278.0799865722656
2013-06-18,132.20706176757812,65.9528579711914,132.1300048828125,78.55374145507812,279.67999267578125
2013-06-19,130.38038635253906,65.21783447265625,130.58999633789062,77.7424545288086,278.239990234375
2013-06-20,127.14984130859375,63.667137145996094,123.5999984741211,76.46646881103516,269.0400085449219
2013-06-21,127.5579605102539,63.3291015625,125.05000305175781,75.16973876953125,265.8399963378906
2013-06-24,125.94619750976562,62.699642181396484,123.93000030517578,75.4818115234375,269.1199951171875
2013-06-25,127.15699005126953,63.1582145690918,123.47000122070312,74.80912780761719,269.9200134277344
2013-06-26,128.416015625,63.72468566894531,118.27999877929688,75.29456329345703,270.3999938964844
2013-06-27,129.16978454589844,63.994483947753906,115.94000244140625,76.06423950195312,274.6400146484375
2013-06-28,128.6405487060547,64.0843734741211,119.11000061035156,76.58439636230469,273.44000244140625
2013-07-01,129.394287109375,64.48004150390625,121.12999725341797,76.7386703491211,277.3599853515625
2013-07-02,129.2740478515625,64.50696563720703,120.05000305175781,76.69001770019531,281.67999267578125
2013-07-03,129.3302001953125,64.76774597167969,120.73999786376953,76.4606704711914,286.7200012207031
2013-07-05,130.72544860839844,65.26229858398438,118.08999633789062,73.85425567626953,292.4800109863281
2013-07-08,131.4712677001953,65.32526397705078,119.51000213623047,74.57015991210938,291.2799987792969
2013-07-09,132.41741943359375,65.72087097167969,120.62000274658203,74.64662170410156,294.1600036621094
2013-07-10,132.46556091308594,66.09854125976562,120.94999694824219,74.06275939941406,299.44000244140625
2013-07-11,134.26988220214844,67.41133880615234,124.23999786376953,74.93154907226562,296.0799865722656
2013-07-12,134.3260040283203,67.70809173583984,124.12999725341797,74.8690414428711,300.4800109863281
2013-07-15,134.8391876220703,67.86092376708984,124.18000030517578,75.26517486572266,301.3599853515625
2013-07-16,134.3340606689453,67.77101135253906,124.88999938964844,75.52234649658203,299.8399963378906
2013-07-17,134.67881774902344,67.94184875488281,123.31999969482422,75.66136169433594,302.3999938964844
2013-07-18,135.4165496826172,67.77101135253906,124.01000213623047,74.71611022949219,306.7200012207031
2013-07-19,135.65716552734375,67.06963348388672,125.11000061035156,75.8976821899414,307.6000061035156
2013-07-22,135.92173767089844,67.26748657226562,128.83999633789062,76.00886535644531,303.3599853515625
2013-07-23,135.63308715820312,66.77291870117188,129.7100067138672,75.68914794921875,304.7200012207031
2013-07-24,135.13589477539062,66.98871612548828,127.4800033569336,74.72998809814453,299.20001220703125
2013-07-25,135.46470642089844,67.41133880615234,128.6699981689453,74.70222473144531,300.6400146484375
2013-07-26,135.60906982421875,67.77101135253906,128.77999877929688,75.1609115600586,297.67999267578125
2013-07-29,135.19203186035156,67.64512634277344,128.47000122070312,74.61185455322266,297.0400085449219
2013-07-30,135.19203186035156,68.00479888916016,128.1199951171875,74.58404541015625,293.3599853515625
2013-07-31,135.28829956054688,68.13068389892578,127.95999908447266,74.85519409179688,298.8800048828125
2013-08-01,136.85198974609375,68.82305145263672,126.61000061035156,73.41280364990234,306.1600036621094
2013-08-02,137.08456420898438,69.20972442626953,126.36000061035156,74.22102355957031,303.5199890136719
2013-08-05,136.8840789794922,69.2546615600586,125.69999694824219,73.64971160888672,302.6400146484375
2013-08-06,136.10621643066406,68.84101867675781,123.97000122070312,73.86573028564453,299.67999267578125
2013-08-07,135.66517639160156,68.71512603759766,124.1500015258789,74.4161376953125,296.0799865722656
2013-08-08,136.16233825683594,69.05683135986328,126.86000061035156,74.61817932128906,294.7200012207031
2013-08-09,135.76942443847656,68.77808380126953,126.86000061035156,74.7366943359375,300.7200012207031
2013-08-12,135.60906982421875,68.93992614746094,129.1300048828125,74.22797393798828,302.0799865722656
2013-08-13,136.00999450683594,69.32659912109375,127.73999786376953,73.15498352050781,303.20001220703125
2013-08-14,135.3123321533203,69.0658187866211,129.0,73.26641845703125,304.7200012207031
2013-08-15,133.41983032226562,67.89689636230469,131.69000244140625,72.2770004272461,305.9200134277344
2013-08-16,132.9788360595703,67.86991119384766,132.5800018310547,72.02617645263672,307.20001220703125
2013-08-19,132.12879943847656,67.75301361083984,132.00999450683594,71.39905548095703,305.3599853515625
2013-08-20,132.7783203125,68.04972076416016,132.4499969482422,71.94955444335938,300.1600036621094
2013-08-21,131.96038818359375,67.81596374511719,132.07000732421875,71.16215515136719,297.3599853515625
2013-08-22,133.16329956054688,68.48133850097656,132.80999755859375,71.8868408203125,300.32000732421875
2013-08-23,133.61228942871094,68.93992614746094,134.89999389648438,72.66722106933594,303.6000061035156
2013-08-26,133.11512756347656,68.97589111328125,135.4499969482422,73.029541015625,303.67999267578125
2013-08-27,130.97402954101562,67.56420135498047,136.75,73.94930267333984,310.9599914550781
2013-08-28,131.4391632080078,67.82495880126953,136.7100067138672,73.35006713867188,312.6400146484375
2013-08-29,131.6476593017578,68.30152893066406,135.8699951171875,73.9354019165039,308.6400146484375
2013-08-30,131.23068237304688,67.86092376708984,134.6199951171875,73.85171508789062,307.8399963378906
2013-09-03,131.8240509033203,68.2475357055664,136.4199981689453,72.8100814819336,310.0799865722656
2013-09-04,132.91461181640625,68.97589111328125,134.66000366210938,72.64942169189453,306.7200012207031
2013-09-05,133.08306884765625,69.09278106689453,132.1999969482422,71.63642120361328,309.5199890136719
2013-09-06,133.14712524414062,69.1737289428711,134.14999389648438,71.99273681640625,314.8800048828125
2013-09-09,134.42222595214844,69.98299407958984,133.91000366210938,72.02764892578125,311.5199890136719
2013-09-10,135.4165496826172,70.32465362548828,131.74000549316406,71.52462768554688,306.7200012207031
2013-09-11,135.84156799316406,70.1897964477539,131.6999969482422,72.16039276123047,307.8399963378906
2013-09-12,135.480712890625,70.14483642578125,127.66999816894531,72.06258392333984,310.9599914550781
2013-09-13,135.7854461669922,70.1897964477539,127.81999969482422,72.34207153320312,310.79998779296875
2013-09-16,136.57125854492188,70.0009536743164,126.44999694824219,71.86000061035156,304.8800048828125
2013-09-17,137.1808319091797,70.46853637695312,126.5,72.45381164550781,301.9200134277344
2013-09-18,138.76853942871094,71.31376647949219,132.00999450683594,73.34807586669922,309.44000244140625
2013-09-19,138.53598022460938,71.484619140625,131.75,72.91490936279297,304.6400146484375
2013-09-20,137.56739807128906,71.23928833007812,127.95999908447266,73.29910278320312,302.1600036621094
2013-09-23,136.93080139160156,71.09501647949219,127.55000305175781,73.83708190917969,298.1600036621094
2013-09-24,136.60845947265625,71.09501647949219,127.66000366210938,74.63352966308594,297.760009765625
2013-09-25,136.213623046875,70.85150146484375,128.7899932861328,74.78721618652344,295.0400085449219
2013-09-26,136.73739624023438,71.40161895751953,127.79000091552734,74.26323699951172,296.6400146484375
2013-09-27,136.10885620117188,71.31146240234375,128.97000122070312,74.44490051269531,295.67999267578125
2013-09-30,135.3836212158203,71.14007568359375,128.17999267578125,74.33311462402344,294.79998779296875
2013-10-01,136.45538330078125,71.86158752441406,124.58999633789062,74.10751342773438,293.44000244140625
2013-10-02,136.3264617919922,71.83454132080078,127.05999755859375,74.2196044921875,299.3599853515625
2013-10-03,135.06935119628906,70.99581146240234,127.18000030517578,74.10054016113281,297.1199951171875
2013-10-04,136.0927276611328,71.60908508300781,126.52999877929688,74.0445327758789,298.4800109863281
2013-10-07,134.91635131835938,71.01382446289062,127.63999938964844,74.34566497802734,297.1199951171875
2013-10-08,133.3449249267578,69.64302062988281,127.4000015258789,74.36672973632812,298.4800109863281
2013-10-09,133.44166564941406,69.4265365600586,126.11000061035156,73.77133178710938,292.3999938964844
2013-10-10,136.31838989257812,70.8965835571289,124.2699966430664,73.89043426513672,296.79998779296875
2013-10-11,137.1967315673828,71.45573425292969,122.5999984741211,73.8694076538086,294.0
2013-10-14,137.74456787109375,71.9607925415039,122.83000183105469,73.27403259277344,294.9599914550781
2013-10-15,136.74546813964844,71.68121337890625,123.7300033569336,73.22500610351562,291.760009765625
2013-10-16,138.6551971435547,72.49290466308594,123.54000091552734,74.14257049560547,295.3599853515625
2013-10-17,139.5818634033203,72.90774536132812,127.41999816894531,74.81501770019531,291.0400085449219
2013-10-18,140.5247039794922,74.08921813964844,126.8499984741211,74.97612762451172,291.6000061035156
2013-10-21,140.53271484375,74.2515869140625,126.9800033569336,74.73794555664062,287.5199890136719
2013-10-22,141.34658813476562,74.35982513427734,129.33999633789062,75.57148742675781,283.2799987792969
2013-10-23,140.66978454589844,73.90886688232422,128.69000244140625,75.86567687988281,279.6000061035156
2013-10-24,141.13711547851562,74.23355102539062,129.89999389648438,75.57148742675781,279.9200134277344
2013-10-25,141.78175354003906,74.7656478881836,130.4600067138672,75.85166931152344,282.55999755859375
2013-10-28,142.00738525390625,74.78366088867188,130.55999755859375,75.59249114990234,284.3999938964844
2013-10-29,142.76475524902344,74.90991973876953,129.77000427246094,75.6905746459961,283.2799987792969
2013-10-30,142.05575561523438,74.83781433105469,129.60000610351562,75.23526763916016,278.79998779296875
2013-10-31,141.65284729003906,74.66641998291016,127.73999786376953,75.3963851928711,277.5199890136719
2013-11-01,141.99127197265625,74.68449401855469,126.94999694824219,74.58029174804688,273.0400085449219
2013-11-04,142.4908905029297,74.79270935058594,126.80999755859375,74.6505355834961,272.32000732421875
2013-11-05,142.03961181640625,74.87385559082031,126.55999755859375,73.75853729248047,269.3599853515625
2013-11-06,142.76475524902344,74.85581970214844,127.19999694824219,73.79369354248047,273.5199890136719
2013-11-07,140.95986938476562,73.44891357421875,126.16000366210938,74.41876983642578,271.760009765625
2013-11-08,142.86158752441406,74.44097137451172,124.27999877929688,72.62776947021484,272.0799865722656
2013-11-11,142.8856964111328,74.32369232177734,123.87000274658203,72.35388946533203,274.0799865722656
2013-11-12,142.5956268310547,74.44097137451172,122.44999694824219,72.69096374511719,269.1199951171875
2013-11-13,143.73985290527344,75.34286499023438,122.8499984741211,72.95790100097656,271.20001220703125
2013-11-14,144.45700073242188,75.57735443115234,124.2699966430664,73.40738677978516,271.44000244140625
2013-11-15,145.08555603027344,75.72163391113281,124.31999969482422,73.55487823486328,271.0400085449219
2013-11-18,144.57794189453125,74.98210906982422,122.9000015258789,73.99737548828125,268.9599914550781
2013-11-19,144.26365661621094,74.7656478881836,122.94999694824219,73.43547058105469,269.760009765625
2013-11-20,143.81239318847656,74.58525085449219,120.12000274658203,72.18534851074219,269.0400085449219
2013-11-21,144.9727325439453,75.34286499023438,119.94000244140625,72.30471801757812,273.3599853515625
2013-11-22,145.697998046875,75.74869537353516,119.91999816894531,72.97898864746094,272.32000732421875
2013-11-25,145.55294799804688,75.9290542602539,120.45999908447266,73.1896743774414,270.55999755859375
2013-11-26,145.59324645996094,76.325927734375,119.81999969482422,73.46353912353516,269.5199890136719
2013-11-27,145.9477996826172,76.85802459716797,119.45999908447266,73.33716583251953,265.5199890136719
2013-11-29,145.85110473632812,77.31793975830078,120.69999694824219,73.35824584960938,267.67999267578125
2013-12-02,145.4723663330078,77.09249114990234,117.58000183105469,72.7876205444336,269.44000244140625
2013-12-03,144.8438262939453,77.02935791015625,117.95999908447266,73.05534362792969,276.0799865722656
2013-12-04,144.82769775390625,77.10148620605469,119.95999908447266,72.35796356201172,279.0400085449219
2013-12-05,144.19110107421875,77.00230407714844,118.30000305175781,72.1536636352539,279.44000244140625
2013-12-06,145.80274963378906,77.56145477294922,118.55000305175781,72.49881744384766,280.3999938964844
2013-12-09,146.1733856201172,77.87711334228516,119.72000122070312,72.66790008544922,279.2799987792969
2013-12-10,145.64962768554688,77.8230209350586,121.81999969482422,73.18917846679688,282.4800109863281
2013-12-11,144.01390075683594,76.82192993164062,120.86000061035156,72.62564086914062,279.8399963378906
2013-12-12,143.5384521484375,76.62352752685547,118.29000091552734,72.3509292602539,279.760009765625
2013-12-13,143.52224731445312,76.5242691040039,119.37999725341797,72.703125,277.1199951171875
2013-12-16,144.41676330566406,76.9482192993164,119.69000244140625,72.43548583984375,279.5199890136719
2013-12-17,143.95748901367188,76.79487609863281,118.6500015258789,72.75951385498047,278.9599914550781
2013-12-18,146.41519165039062,77.68770599365234,117.61000061035156,72.39317321777344,280.239990234375
2013-12-19,146.24595642089844,77.47126007080078,114.81999969482422,72.32272338867188,282.55999755859375
2013-12-20,147.09664916992188,78.26020812988281,115.94000244140625,73.43569946289062,283.8399963378906
2013-12-23,147.88255310058594,79.08352661132812,115.56999969482422,73.02013397216797,282.8800048828125
2013-12-24,148.20660400390625,79.11972045898438,116.0999984741211,72.43548583984375,283.9200134277344
2013-12-26,148.96002197265625,79.38208770751953,116.73999786376953,72.15629577636719,285.20001220703125
2013-12-27,148.95196533203125,79.18302917480469,117.12000274658203,71.95133972167969,286.7200012207031
2013-12-30,148.92767333984375,79.06542205810547,115.38999938964844,72.446044921875,284.239990234375
2013-12-31,149.6324920654297,79.58112335205078,116.12000274658203,71.98670196533203,282.55999755859375
2014-01-02,148.198486328125,78.95685577392578,118.0,72.20570373535156,273.8399963378906
2014-01-03,148.17416381835938,78.38687896728516,119.29000091552734,72.20570373535156,270.0
2014-01-06,147.74476623535156,78.09737396240234,119.5,72.50963592529297,268.55999755859375
2014-01-07,148.65225219726562,78.82115936279297,118.81999969482422,72.69339752197266,268.6400146484375
2014-01-08,148.6846466064453,78.99303436279297,118.12000274658203,72.49549102783203,265.2799987792969
2014-01-09,148.7818145751953,78.73068237304688,118.45999908447266,72.9195556640625,264.6400146484375
2014-01-10,149.1869354248047,78.98399353027344,120.26000213623047,73.78878784179688,265.5199890136719
2014-01-13,147.20196533203125,77.81689453125,121.0199966430664,74.15638732910156,262.4800109863281
2014-01-14,148.8061065673828,79.30065155029297,119.88999938964844,73.81706237792969,264.32000732421875
2014-01-15,149.6082000732422,79.95206451416016,119.66000366210938,73.73936462402344,270.1600036621094
2014-01-16,149.41372680664062,79.96112060546875,119.79000091552734,74.23402404785156,269.20001220703125
2014-01-17,148.7818145751953,79.50872039794922,120.93000030517578,74.54501342773438,269.5199890136719
2014-01-21,149.21925354003906,80.11492919921875,119.69999694824219,74.60154724121094,271.9200134277344
2014-01-22,149.31651306152344,80.32301330566406,119.19000244140625,74.41777038574219,276.4800109863281
2014-01-23,148.09310913085938,80.05158996582031,121.79000091552734,75.4708023071289,277.760009765625
2014-01-24,144.93345642089844,78.47735595703125,122.29000091552734,75.95844268798828,276.6400146484375
2014-01-27,144.220458984375,77.71736907958984,120.95999908447266,75.42841339111328,273.8399963378906
2014-01-28,145.07925415039062,77.67212677001953,120.94999694824219,75.61214447021484,277.5199890136719
2014-01-29,143.685791015625,76.83975982666016,122.47000122070312,76.23406219482422,277.8399963378906
2014-01-30,145.2089080810547,78.26020812988281,119.7699966430664,76.0150146484375,279.6000061035156
2014-01-31,144.3582000732422,78.05213928222656,120.08999633789062,76.52385711669922,278.3999938964844
2014-02-03,141.10939025878906,76.26072692871094,121.31999969482422,77.45624542236328,276.1600036621094
2014-02-04,142.09780883789062,76.82166290283203,120.98999786376953,76.63435363769531,277.9200134277344
2014-02-05,141.9196014404297,76.62264251708984,121.29000091552734,75.92585754394531,277.67999267578125
2014-02-06,143.79112243652344,77.59973907470703,121.23999786376953,75.59989929199219,279.20001220703125
2014-02-07,145.57345581054688,78.98399353027344,122.16999816894531,75.66368103027344,285.1199951171875
2014-02-10,145.84083557128906,79.4363784790039,122.91999816894531,75.87622833251953,285.0400085449219
2014-02-11,147.4368133544922,80.34114837646484,124.36000061035156,75.43695068359375,285.1199951171875
2014-02-12,147.5098114013672,80.49492645263672,124.43000030517578,75.04725646972656,286.3999938964844
2014-02-13,148.27137756347656,81.0920639038086,125.48999786376953,75.472412109375,286.9599914550781
2014-02-14,149.0896759033203,81.25493621826172,127.1500015258789,75.51490020751953,287.2799987792969
2014-02-18,149.2678985595703,81.65300750732422,127.4000015258789,75.68494415283203,293.2799987792969
2014-02-19,148.27947998046875,81.0920639038086,126.2699966430664,75.36605072021484,295.20001220703125
2014-02-20,149.15451049804688,81.4720458984375,127.5999984741211,75.1818618774414,295.0400085449219
2014-02-21,148.9842987060547,81.36347198486328,127.58000183105469,75.57864379882812,293.5199890136719
2014-02-24,149.8107452392578,81.7977523803711,128.99000549316406,75.3873291015625,294.32000732421875
2014-02-25,149.75401306152344,81.70729064941406,129.2100067138672,76.06037902832031,292.7200012207031
2014-02-26,149.7621307373047,81.63491821289062,128.11000061035156,76.46430206298828,294.0
2014-02-27,150.54800415039062,82.16456604003906,128.1999969482422,76.88235473632812,293.5199890136719
2014-02-28,150.92880249023438,82.07367706298828,127.62000274658203,76.92485046386719,293.9200134277344
2014-03-03,149.86741638183594,81.46501159667969,130.2899932861328,77.43840026855469,300.1600036621094
2014-03-04,151.97393798828125,82.5007095336914,128.67999267578125,76.27356719970703,296.4800109863281
2014-03-05,152.11167907714844,82.72781372070312,128.88999938964844,76.4369125366211,289.9200134277344
2014-03-06,152.4600372314453,82.65520477294922,130.1699981689453,75.68404388427734,292.55999755859375
2014-03-07,152.5248260498047,82.246337890625,129.08999633789062,75.20817565917969,294.239990234375
2014-03-10,152.44386291503906,82.31902313232422,129.1300048828125,75.31475067138672,290.3999938964844
2014-03-11,151.69033813476562,81.96468353271484,129.86000061035156,75.51358795166016,286.4800109863281
2014-03-12,151.73085021972656,82.2735824584961,131.75999450683594,76.03922271728516,282.79998779296875
2014-03-13,150.02943420410156,81.1106948852539,132.2100067138672,77.06197357177734,282.7200012207031
2014-03-14,149.6082000732422,80.55651092529297,133.10000610351562,77.07614135742188,284.239990234375
2014-03-17,150.96115112304688,81.26512908935547,131.63999938964844,76.50078582763672,281.20001220703125
2014-03-18,152.03875732421875,82.246337890625,130.6199951171875,76.77788543701172,284.6400146484375
2014-03-19,151.22857666015625,81.80116271972656,128.08999633789062,76.18121337890625,285.67999267578125
2014-03-20,152.11167907714844,82.02825927734375,127.86000061035156,76.04623413085938,284.6400146484375
2014-03-21,151.5216522216797,81.04124450683594,128.47000122070312,76.87016296386719,286.7200012207031
2014-03-24,150.89508056640625,80.33096313476562,126.18000030517578,77.41703796386719,286.55999755859375
2014-03-25,151.61119079589844,80.59505462646484,126.41000366210938,77.12586975097656,286.1600036621094
2014-03-26,150.52078247070312,79.55699157714844,125.41000366210938,77.72954559326172,288.7200012207031
2014-03-27,150.20338439941406,79.11077880859375,124.58999633789062,78.12017059326172,292.0
2014-03-28,150.9438934326172,79.26560974121094,124.55999755859375,77.6798324584961,292.9599914550781
2014-03-31,152.18077087402344,79.83015441894531,123.61000061035156,77.488037109375,292.7200012207031
2014-04-01,153.18983459472656,81.23243713378906,123.38999938964844,76.8258285522461,286.6400146484375
2014-04-02,153.7025604248047,81.4418716430664,124.31999969482422,76.38436126708984,286.3999938964844
2014-04-03,153.4990692138672,80.79537963867188,123.91999816894531,76.71903991699219,289.1199951171875
2014-04-04,151.6844024658203,78.64640808105469,125.56999969482422,77.23172760009766,291.44000244140625
2014-04-07,150.00807189941406,77.89972686767578,124.91000366210938,77.6945571899414,290.239990234375
2014-04-08,150.62655639648438,78.61907196044922,126.08999633789062,77.87973022460938,295.20001220703125
2014-04-09,152.2459259033203,79.96674346923828,126.31999969482422,77.49517822265625,297.760009765625
2014-04-10,149.04782104492188,77.48995208740234,127.01000213623047,78.21443176269531,297.6000061035156
2014-04-11,147.7052001953125,76.58850860595703,126.93000030517578,78.8481674194336,297.44000244140625
2014-04-14,148.8688507080078,77.18949890136719,127.8499984741211,78.64167022705078,299.0400085449219
2014-04-15,149.89410400390625,77.44446563720703,125.48999786376953,79.13294982910156,299.1199951171875
2014-04-16,151.46475219726562,78.473388671875,125.54000091552734,79.232666015625,299.8399963378906
2014-04-17,151.67628479003906,78.4916000366211,124.75,78.36394500732422,301.2799987792969
2014-04-21,152.2052001953125,79.0743637084961,124.23999786376953,78.29985809326172,301.1199951171875
2014-04-22,152.89688110351562,79.70266723632812,123.77999877929688,78.56330871582031,296.0
2014-04-23,152.538818359375,79.00155639648438,123.76000213623047,79.01193237304688,295.2799987792969
2014-04-24,152.8480987548828,79.75727844238281,124.55999755859375,79.16143035888672,296.3999938964844
2014-04-25,151.59495544433594,78.48249816894531,125.43000030517578,79.275390625,292.79998779296875
2014-04-28,152.07501220703125,78.73744201660156,124.87999725341797,78.89083099365234,293.67999267578125
2014-04-29,152.78298950195312,79.36576080322266,124.86000061035156,78.7840576171875,293.760009765625
2014-04-30,153.23867797851562,79.57520294189453,124.22000122070312,79.11161041259766,290.55999755859375
2014-05-01,153.25494384765625,79.81195068359375,123.80000305175781,79.96028137207031,289.2799987792969
2014-05-02,153.0352783203125,79.66622924804688,125.05999755859375,80.45280456542969,290.32000732421875
2014-05-05,153.32821655273438,80.08511352539062,126.22000122070312,79.96747589111328,289.1199951171875
2014-05-06,151.9936981201172,79.04704284667969,125.9800033569336,80.28865814208984,289.5199890136719
2014-05-07,152.88877868652344,78.81942749023438,124.16999816894531,80.00313568115234,292.79998779296875
2014-05-08,152.72601318359375,78.74658203125,124.16999816894531,79.66053009033203,291.9200134277344
2014-05-09,152.95384216308594,79.03793334960938,124.0999984741211,79.4035415649414,291.20001220703125
2014-05-12,154.4430694580078,80.34007263183594,124.94000244140625,79.08235168457031,292.7200012207031
2014-05-13,154.58140563964844,80.39469909667969,124.5999984741211,79.76763916015625,296.32000732421875
2014-05-14,153.84901428222656,79.97584533691406,125.80999755859375,80.63129425048828,297.44000244140625
2014-05-15,152.49819946289062,79.34752655029297,124.7699966430664,81.27369689941406,296.32000732421875
2014-05-16,153.02711486816406,79.86659240722656,124.5,81.04531860351562,297.8399963378906
2014-05-19,153.58865356445312,80.42205047607422,124.58000183105469,80.44570922851562,299.0400085449219
2014-05-20,152.62026977539062,80.1306381225586,124.69000244140625,80.62413787841797,300.1600036621094
2014-05-21,153.90599060058594,80.8955078125,124.38999938964844,80.13166046142578,303.8399963378906
2014-05-22,154.28028869628906,81.25067138671875,124.66999816894531,80.01741027832031,304.0799865722656
2014-05-23,154.8987579345703,81.84251403808594,124.51000213623047,80.44570922851562,305.44000244140625
2014-05-27,155.85084533691406,82.86236572265625,121.8499984741211,80.91677856445312,305.1199951171875
2014-05-28,155.7369384765625,82.60742950439453,121.19999694824219,81.9161376953125,301.44000244140625
2014-05-29,156.5425567626953,83.13554382324219,120.94000244140625,81.48072052001953,303.2799987792969
2014-05-30,156.79481506347656,83.14463806152344,120.43000030517578,81.44499969482422,301.44000244140625
2014-06-02,156.97381591796875,83.06266784667969,119.69999694824219,80.83959197998047,300.239990234375
2014-06-03,156.8925018310547,83.02626037597656,120.01000213623047,79.8448486328125,301.1199951171875
2014-06-04,157.20980834960938,83.33585357666016,119.76000213623047,79.82334899902344,300.0799865722656
2014-06-05,158.2351837158203,84.03701782226562,120.66000366210938,79.85912322998047,300.3999938964844
2014-06-06,158.9919891357422,84.51959991455078,120.61000061035156,79.85912322998047,300.8800048828125
2014-06-09,159.15467834472656,84.45588684082031,120.6500015258789,79.74463653564453,305.44000244140625
2014-06-10,159.1710205078125,84.60155487060547,121.38999938964844,79.45124816894531,306.239990234375
2014-06-11,158.61766052246094,84.5833511352539,121.41000366210938,79.5943832397461,306.0
2014-06-12,157.49465942382812,83.8184585571289,122.63999938964844,80.3028564453125,312.6400146484375
2014-06-13,157.9747772216797,84.06434631347656,122.95999908447266,80.25994873046875,312.9599914550781
2014-06-16,158.10496520996094,84.1371841430664,122.41999816894531,80.46033477783203,313.3599853515625
2014-06-17,158.54441833496094,84.18269348144531,122.27999877929688,79.82334899902344,311.9200134277344
2014-06-18,159.7080841064453,84.65621185302734,122.66999816894531,80.43883514404297,312.0799865722656
2014-06-19,159.88711547851562,84.60155487060547,126.94000244140625,79.4083023071289,313.0400085449219
2014-06-20,160.2117462158203,84.70108795166016,126.5,80.00941467285156,314.55999755859375
2014-06-23,160.16268920898438,84.71932220458984,126.8499984741211,79.75897216796875,313.2799987792969
2014-06-24,159.1977996826172,84.63717651367188,126.9800033569336,80.56770324707031,312.7200012207031
2014-06-25,159.91734313964844,85.17583465576172,126.98999786376953,80.77517700195312,314.32000732421875
2014-06-26,159.8029022216797,85.22149658203125,126.7300033569336,81.1616439819336,311.760009765625
2014-06-27,160.11361694335938,85.5958480834961,126.66000366210938,81.03994750976562,311.8399963378906
2014-06-30,160.0318145751953,85.74192810058594,128.0399932861328,81.24036407470703,311.0400085449219
2014-07-01,161.10293579101562,86.68234252929688,127.69999694824219,80.5601806640625,310.8800048828125
2014-07-02,161.2664794921875,86.82843780517578,127.69999694824219,79.69921112060547,307.20001220703125
2014-07-03,162.0596466064453,87.37625122070312,127.16000366210938,79.41220092773438,306.0
2014-07-07,161.49545288085938,87.11149597167969,127.0199966430664,79.99337005615234,305.3599853515625
2014-07-08,160.45701599121094,86.06149291992188,127.06999969482422,80.8902816772461,305.44000244140625
2014-07-09,161.17652893066406,86.70059204101562,127.83999633789062,80.95481872558594,301.5199890136719
2014-07-10,160.5387725830078,86.42667388916016,128.5399932861328,80.97628784179688,303.20001220703125
2014-07-11,160.7595672607422,86.98363494873047,128.77999877929688,81.49295043945312,297.2799987792969
2014-07-14,161.56898498535156,87.50407409667969,125.72000122070312,81.14134216308594,298.55999755859375
2014-07-15,161.2664794921875,87.20277404785156,124.52999877929688,80.97628784179688,295.0400085449219
2014-07-16,161.86334228515625,87.54971313476562,124.97000122070312,81.40684509277344,298.4800109863281
2014-07-17,160.023681640625,86.39017486572266,127.08999633789062,82.43281555175781,302.6400146484375
2014-07-18,161.65895080566406,87.75971984863281,126.12999725341797,82.16735076904297,301.760009765625
2014-07-21,161.35641479492188,87.650146484375,126.33999633789062,82.5762939453125,304.79998779296875
2014-07-22,162.0596466064453,88.20707702636719,125.73999786376953,82.74858856201172,303.6000061035156
2014-07-23,162.41932678222656,88.77318572998047,125.62000274658203,82.64090728759766,305.2799987792969
2014-07-24,162.42762756347656,88.6727523803711,124.3499984741211,82.02383422851562,302.55999755859375
2014-07-25,161.6671600341797,88.32579803466797,125.79000091552734,82.99247741699219,302.1600036621094
2014-07-28,161.7325439453125,88.3531494140625,125.58000183105469,82.87767791748047,301.1199951171875
2014-07-29,161.0375213623047,88.19799041748047,125.19999694824219,83.17900085449219,299.1199951171875
2014-07-30,161.06202697753906,88.54491424560547,124.83000183105469,82.02383422851562,295.3599853515625
2014-07-31,157.88137817382812,86.75535583496094,123.38999938964844,81.77989196777344,290.55999755859375
2014-08-01,157.39898681640625,86.43582916259766,124.37999725341797,82.4129409790039,289.5199890136719
2014-08-04,158.53550720214844,87.029296875,123.98999786376953,82.19718170166016,291.8399963378906
2014-08-05,156.99827575683594,86.3627700805664,123.87000274658203,82.46334838867188,289.2799987792969
2014-08-06,157.04734802246094,86.29888916015625,125.66999816894531,82.51370239257812,287.6000061035156
2014-08-07,156.19696044921875,86.02496337890625,126.18000030517578,83.28343200683594,289.2799987792969
2014-08-08,158.00401306152344,86.64584350585938,126.19000244140625,83.10359954833984,288.9599914550781
2014-08-11,158.46188354492188,87.15708923339844,125.95999908447266,83.09639739990234,289.760009765625
2014-08-12,158.24111938476562,87.12057495117188,125.98999786376953,82.556884765625,287.9200134277344
2014-08-13,159.312255859375,88.04273223876953,126.19999694824219,83.09639739990234,288.1600036621094
2014-08-14,160.06451416015625,88.49925994873047,126.30999755859375,83.76545715332031,280.8800048828125
2014-08-15,160.0318145751953,88.9283676147461,125.4800033569336,84.67906188964844,283.5199890136719
2014-08-18,161.37278747558594,89.61312103271484,124.95999908447266,83.83739471435547,280.4800109863281
2014-08-19,162.21498107910156,90.11528015136719,124.68000030517578,83.5783920288086,277.67999267578125
2014-08-20,162.64833068847656,90.11528015136719,124.22000122070312,83.44171142578125,278.8800048828125
2014-08-21,163.12258911132812,90.2979507446289,122.87999725341797,83.90928649902344,280.7200012207031
2014-08-22,162.86911010742188,90.43486022949219,123.19000244140625,84.37692260742188,279.67999267578125
2014-08-25,163.69493103027344,90.75442504882812,122.73999786376953,84.69346618652344,278.9599914550781
2014-08-26,163.80117797851562,90.84575653076172,123.3499984741211,84.42008209228516,280.32000732421875
2014-08-27,163.73587036132812,90.86396789550781,123.31999969482422,85.1394271850586,280.239990234375
2014-08-28,163.6458740234375,90.76358032226562,124.0,85.58545684814453,282.55999755859375
2014-08-29,164.1118927001953,91.10139465332031,123.86000061035156,85.64303588867188,286.0799865722656
2014-09-02,164.03013610839844,91.36615753173828,121.6500015258789,84.16563415527344,278.32000732421875
2014-09-03,163.9402313232422,90.82746887207031,122.1500015258789,84.63434600830078,284.3999938964844
2014-09-04,163.7030792236328,90.74530029296875,121.4800033569336,83.60323333740234,282.3999938964844
2014-09-05,164.43902587890625,91.20182037353516,122.05999755859375,83.44464111328125,279.20001220703125
2014-09-08,164.01377868652344,91.37528991699219,120.7300033569336,83.48069763183594,277.6000061035156
2014-09-09,162.9753875732422,90.61746978759766,120.87000274658203,83.415771484375,276.9599914550781
2014-09-10,163.58863830566406,91.36615753173828,120.26000213623047,82.889404296875,274.0799865722656
2014-09-11,163.7767333984375,91.29310607910156,119.47000122070312,82.615478515625,277.5199890136719
2014-09-12,162.82000732421875,90.82746887207031,118.37999725341797,81.75017547607422,275.0400085449219
2014-09-15,162.69735717773438,89.95095825195312,118.63999938964844,81.87273406982422,276.4800109863281
2014-09-16,163.92384338378906,90.73615264892578,118.83000183105469,81.54107666015625,282.0
2014-09-17,164.14463806152344,90.87312316894531,117.54000091552734,81.33203887939453,280.0799865722656
2014-09-18,165.01956176757812,91.55786895751953,117.77999877929688,81.5915298461914,276.9599914550781
2014-09-19,164.870849609375,91.50112915039062,117.08999633789062,82.62979125976562,276.55999755859375
2014-09-22,163.59756469726562,90.65000915527344,116.8499984741211,82.73081970214844,273.5199890136719
2014-09-23,162.66111755371094,90.40290069580078,117.5999984741211,83.24272918701172,275.5199890136719
2014-09-24,163.93435668945312,91.3730239868164,117.05000305175781,82.78126525878906,280.0
2014-09-25,161.28921508789062,89.45110321044922,117.38999938964844,83.7618637084961,278.6400146484375
2014-09-26,162.57069396972656,90.40290069580078,117.05999755859375,83.6392822265625,281.2799987792969
2014-09-29,162.27491760253906,90.28395080566406,117.02999877929688,84.30982208251953,284.1600036621094
2014-09-30,161.84780883789062,90.41205596923828,116.20999908447266,83.83396911621094,275.2799987792969
2014-10-01,159.65443420410156,88.96607208251953,116.7699966430664,85.45960998535156,273.20001220703125
2014-10-02,159.67913818359375,88.96607208251953,116.73999786376953,84.71510314941406,274.9599914550781
2014-10-03,161.43702697753906,89.84465026855469,114.61000061035156,85.07648468017578,270.1600036621094
2014-10-06,161.24813842773438,89.65245056152344,116.02999877929688,85.12713623046875,272.32000732421875
2014-10-07,158.759033203125,88.38032531738281,116.36000061035156,86.27641296386719,267.5199890136719
2014-10-08,161.53565979003906,90.10089874267578,117.47000122070312,86.29808044433594,264.0
2014-10-09,158.33189392089844,88.6457290649414,117.63999938964844,85.9222183227539,256.8800048828125
2014-10-10,156.52462768554688,86.43094635009766,117.58999633789062,86.77517700195312,257.44000244140625
2014-10-13,153.95343017578125,85.07647705078125,118.5199966430664,87.30277252197266,255.9199981689453
2014-10-14,154.1915740966797,85.08563232421875,118.58999633789062,87.87384033203125,246.8000030517578
2014-10-15,153.14833068847656,84.5364990234375,118.98999786376953,88.56777954101562,245.36000061035156
2014-10-16,153.0168914794922,84.00570678710938,119.22000122070312,88.00393676757812,248.8000030517578
2014-10-17,154.8241424560547,85.11309051513672,118.98999786376953,87.51243591308594,250.0
2014-10-20,156.3274688720703,86.38519287109375,119.80000305175781,87.8304672241211,249.1199951171875
2014-10-21,159.42445373535156,88.65487670898438,120.0199966430664,87.12930297851562,250.39999389648438
2014-10-22,158.29078674316406,88.19730377197266,119.33999633789062,87.22332763671875,244.39999389648438
2014-10-23,160.13088989257812,89.52432250976562,118.5199966430664,86.44986724853516,248.47999572753906
2014-10-24,161.36314392089844,90.2564926147461,118.3499984741211,86.53662109375,247.0399932861328
2014-10-27,161.1413116455078,90.32052612304688,118.05999755859375,86.69561004638672,245.1199951171875
2014-10-28,162.98965454101562,91.68416595458984,118.0999984741211,86.15352630615234,246.55999755859375
2014-10-29,162.7432098388672,91.34557342529297,116.41000366210938,86.34871673583984,249.83999633789062
2014-10-30,163.7864532470703,91.53773498535156,115.19000244140625,86.42092895507812,246.0800018310547
2014-10-31,165.6594696044922,92.80070495605469,112.66000366210938,86.19690704345703,245.0399932861328
2014-11-03,165.7498779296875,93.07527160644531,112.1500015258789,86.19684600830078,238.0800018310547
2014-11-04,165.17483520507812,92.76412963867188,112.22000122070312,86.4649658203125,234.39999389648438
2014-11-05,166.21804809570312,92.77324676513672,109.79000091552734,86.341796875,239.60000610351562
2014-11-06,166.8834686279297,93.06613159179688,109.87999725341797,85.78389739990234,236.8000030517578
2014-11-07,167.03953552246094,92.9837646484375,112.97000122070312,86.769287109375,238.0800018310547
2014-11-10,167.5653076171875,93.31321716308594,110.45999908447266,85.97224426269531,234.72000122070312
2014-11-11,167.72958374023438,93.60607147216797,112.04000091552734,86.03019714355469,235.36000061035156
2014-11-12,167.5488739013672,93.77081298828125,111.5,85.9577865600586,233.1199951171875
2014-11-13,167.73779296875,94.17351531982422,111.66999816894531,86.16067504882812,226.32000732421875
2014-11-14,167.77890014648438,94.46637725830078,114.47000122070312,86.5809326171875,230.63999938964844
2014-11-17,167.8856964111328,94.18267059326172,114.05000305175781,86.36354064941406,229.44000244140625
2014-11-18,168.85501098632812,94.88734436035156,115.05000305175781,86.60260009765625,225.60000610351562
2014-11-19,168.5839080810547,94.45722198486328,113.68000030517578,86.05195617675781,226.0
2014-11-20,168.8796844482422,94.87820434570312,114.86000061035156,86.50116729736328,229.83999633789062
2014-11-21,169.78330993652344,95.06126403808594,115.38999938964844,87.02290344238281,232.8000030517578
2014-11-24,170.25970458984375,95.80252838134766,115.11000061035156,87.0953369140625,229.9199981689453
2014-11-25,170.1365509033203,95.94898223876953,115.37999725341797,87.8199234008789,224.24000549316406
2014-11-26,170.57196044921875,96.57129669189453,115.16000366210938,88.05904388427734,223.1999969482422
2014-11-28,170.21044921875,97.019775390625,112.11000061035156,88.75465393066406,204.63999938964844
2014-12-01,169.02749633789062,95.92152404785156,116.58000183105469,88.23686981201172,210.55999755859375
2014-12-02,170.1200714111328,96.30589294433594,115.13999938964844,87.37992095947266,204.63999938964844
2014-12-03,170.7772979736328,96.47977447509766,116.33000183105469,87.72128295898438,204.63999938964844
2014-12-04,170.58837890625,96.43402099609375,115.87999725341797,88.45471954345703,202.72000122070312
2014-12-05,170.86756896972656,96.44318389892578,114.43000030517578,87.93913269042969,199.67999267578125
2014-12-08,169.72576904296875,95.75676727294922,115.77999877929688,89.01392364501953,191.27999877929688
2014-12-09,169.61077880859375,96.05876922607422,118.19000244140625,89.4714584350586,193.60000610351562
2014-12-10,166.8917236328125,94.54872131347656,117.95999908447266,90.12505340576172,186.24000549316406
2014-12-11,167.73779296875,94.99718475341797,117.69000244140625,90.49542999267578,181.44000244140625
2014-12-12,165.0269317626953,93.96299743652344,117.41000366210938,91.72273254394531,175.44000244140625
2014-12-15,163.89332580566406,92.99292755126953,114.38999938964844,91.53398132324219,168.47999572753906
2014-12-16,162.57891845703125,91.50112915039062,114.94999694824219,92.66685485839844,170.39999389648438
2014-12-17,165.7662353515625,93.16679382324219,114.2699966430664,91.83173370361328,170.72000122070312
2014-12-18,169.8654022216797,95.40900421142578,115.1500015258789,90.19770812988281,165.9199981689453
2014-12-19,170.58824157714844,95.82881164550781,114.7699966430664,91.41046905517578,175.67999267578125
2014-12-22,171.37294006347656,96.06767272949219,112.55000305175781,91.53398132324219,167.36000061035156
2014-12-23,171.60418701171875,95.72779846191406,112.73999786376953,89.71839141845703,172.47999572753906
2014-12-24,171.62071228027344,95.81045532226562,112.7699966430664,90.20671844482422,168.39999389648438
2014-12-26,172.17408752441406,96.49022674560547,114.83000183105469,90.54151916503906,166.24000549316406
2014-12-29,172.40541076660156,96.47184753417969,113.66999816894531,91.21831512451172,162.39999389648438
2014-12-30,171.48031616210938,95.82881164550781,115.19999694824219,91.46573638916016,162.32000732421875
2014-12-31,169.77871704101562,94.84593963623047,113.58000183105469,91.64041137695312,162.8800048828125
2015-01-02,169.6878204345703,94.56114196777344,114.08000183105469,92.65928649902344,159.1199951171875
2015-01-05,166.6233673095703,93.17405700683594,115.80000305175781,94.11479187011719,150.32000732421875
2015-01-06,165.05392456054688,91.9247817993164,117.12000274658203,95.8105239868164,144.39999389648438
2015-01-07,167.11068725585938,93.10977172851562,116.43000030517578,95.62128448486328,146.9600067138672
2015-01-08,170.07603454589844,94.89186096191406,115.94000244140625,94.35497283935547,148.39999389648438
2015-01-09,168.7130889892578,94.2671890258789,117.26000213623047,95.3884506225586,146.24000549316406
2015-01-12,167.39151000976562,93.2843017578125,118.55999755859375,95.9341812133789,139.27999877929688
2015-01-13,166.92063903808594,93.25672912597656,118.16000366210938,95.9341812133789,140.9600067138672
2015-01-14,165.9129638671875,92.7422866821289,117.97000122070312,96.66205596923828,146.16000366210938
2015-01-15,164.39312744140625,91.53894805908203,120.94000244140625,98.18302154541016,139.60000610351562
2015-01-16,166.5489959716797,92.61371612548828,122.5199966430664,96.9312973022461,146.63999938964844
2015-01-20,166.90414428710938,93.34859466552734,124.19999694824219,98.21939849853516,139.83999633789062
2015-01-21,167.7467041015625,93.82622528076172,124.2300033569336,97.08413696289062,142.16000366210938
2015-01-22,170.2412872314453,95.56242370605469,125.2300033569336,96.73478698730469,139.27999877929688
2015-01-23,169.30792236328125,95.7737045288086,124.2300033569336,98.08116149902344,136.0
2015-01-26,169.70431518554688,95.6634521484375,122.98999786376953,97.7828140258789,134.9600067138672
2015-01-27,167.46585083007812,93.18326568603516,124.4000015258789,97.93558502197266,137.67999267578125
2015-01-28,165.31825256347656,92.70556640625,123.41999816894531,99.53665924072266,132.47999572753906
2015-01-29,166.8463897705078,93.59661865234375,120.76000213623047,98.88165283203125,133.44000244140625
2015-01-30,164.748291015625,92.87093353271484,123.44999694824219,100.6355972290039,142.55999755859375
2015-02-02,166.78851318359375,93.67925262451172,122.41999816894531,100.25564575195312,148.9600067138672
2015-02-03,169.20045471191406,94.57952880859375,121.05000305175781,98.13360595703125,156.9600067138672
2015-02-04,168.5561981201172,94.49683380126953,121.58000183105469,98.30130767822266,146.24000549316406
2015-02-05,170.2578125,95.31439971923828,121.79000091552734,97.2220230102539,152.24000549316406
2015-02-06,169.7869873046875,94.73566436767578,118.63999938964844,95.50101470947266,155.75999450683594
2015-02-09,169.0270538330078,94.43254089355469,119.16999816894531,95.347900390625,158.16000366210938
2015-02-10,170.82769775390625,95.90229797363281,118.47000122070312,94.58950805664062,151.52000427246094
2015-02-11,170.92684936523438,96.25138092041016,117.06999969482422,94.76449584960938,148.0800018310547
2015-02-12,172.57064819335938,97.3720932006836,117.33999633789062,94.45092010498047,153.44000244140625
2015-02-13,173.28103637695312,98.20804595947266,117.9800033569336,93.48107147216797,156.9600067138672
2015-02-17,173.5535888671875,98.29986572265625,116.01000213623047,92.07364654541016,158.32000732421875
2015-02-18,173.5701446533203,98.43766021728516,116.33999633789062,92.62055206298828,154.0800018310547
2015-02-19,173.44618225097656,98.92448425292969,115.94000244140625,92.00797271728516,152.8000030517578
2015-02-20,174.48695373535156,99.58589935302734,115.27999877929688,92.27779388427734,149.1999969482422
2015-02-23,174.46218872070312,99.68694305419922,115.43000030517578,93.33515167236328,144.8800048828125
2015-02-24,174.95779418945312,99.76046752929688,115.26000213623047,94.56036376953125,144.32000732421875
2015-02-25,174.8091583251953,99.51242065429688,115.69999694824219,94.96866607666016,149.1999969482422
2015-02-26,174.6026153564453,100.01766204833984,116.06999969482422,93.67070007324219,144.24000549316406
2015-02-27,174.00794982910156,99.57673645019531,116.16000366210938,94.45823669433594,144.8000030517578
2015-03-02,175.1064910888672,100.47695922851562,115.68000030517578,92.69880676269531,146.55999755859375
2015-03-03,174.38792419433594,100.00847625732422,115.47000122070312,92.3626708984375,147.9199981689453
2015-03-04,173.65274047851562,99.62264251708984,115.11000061035156,92.39192962646484,152.0800018310547
2015-03-05,173.8427276611328,99.79718017578125,115.0,92.27503204345703,149.67999267578125
2015-03-06,171.39773559570312,98.66732025146484,111.86000061035156,90.23648834228516,145.9199981689453
2015-03-09,172.10801696777344,98.95207214355469,111.97000122070312,91.06942749023438,146.8000030517578
2015-03-10,169.31613159179688,97.1148681640625,111.41999816894531,92.26771545410156,143.27999877929688
2015-03-11,168.91964721679688,96.55451965332031,110.75,92.93994140625,142.16000366210938
2015-03-12,171.06727600097656,97.1883544921875,110.72000122070312,92.87419891357422,139.52000427246094
2015-03-13,170.0182647705078,96.76577758789062,110.87999725341797,92.58914947509766,134.39999389648438
2015-03-16,172.289794921875,98.01509857177734,110.80999755859375,93.4806137084961,130.8000030517578
2015-03-17,171.77767944335938,98.1712646484375,110.20999908447266,94.25511169433594,127.68000030517578
2015-03-18,173.8427276611328,99.13578033447266,112.37000274658203,96.07444763183594,134.0800018310547
2015-03-19,173.0497283935547,99.28277587890625,112.29000091552734,95.58490753173828,128.63999938964844
2015-03-20,174.5772247314453,99.92544555664062,113.56999969482422,96.08904266357422,131.44000244140625
2015-03-23,174.23699951171875,99.7320556640625,114.29000091552734,95.97216796875,134.24000549316406
2015-03-24,173.2580108642578,99.3730239868164,114.56999969482422,96.90013885498047,134.32000732421875
2015-03-25,170.7191162109375,97.09882354736328,114.7300033569336,96.08177947998047,138.8800048828125
2015-03-26,170.31256103515625,96.76736450195312,115.4800033569336,94.58391571044922,145.67999267578125
2015-03-27,170.70249938964844,97.15406036376953,115.05999755859375,95.7602767944336,137.1199951171875
2015-03-30,172.78509521484375,98.26814270019531,113.75,95.28534698486328,137.83999633789062
2015-03-31,171.2749786376953,97.22775268554688,113.66000366210938,95.48995971679688,134.72000122070312
2015-04-01,170.66929626464844,96.72135162353516,115.5999984741211,96.74413299560547,140.63999938964844
2015-04-02,171.28326416015625,96.78578186035156,115.27999877929688,95.71903991699219,140.47999572753906
2015-04-06,172.4365997314453,97.57762908935547,116.69000244140625,95.18458557128906,147.44000244140625
2015-04-07,171.98028564453125,97.411865234375,116.11000061035156,95.98265838623047,152.47999572753906
2015-04-08,172.56101989746094,98.18526458740234,115.47000122070312,96.01197052001953,144.55999755859375
2015-04-09,173.3243408203125,98.80216979980469,114.66999816894531,94.76720428466797,144.24000549316406
2015-04-10,174.2701873779297,99.20730590820312,115.97000122070312,94.90634155273438,147.27999877929688
2015-04-13,173.48202514648438,98.95869445800781,115.13999938964844,95.03814697265625,148.0
2015-04-14,173.81393432617188,98.67325592041016,114.44000244140625,95.71174621582031,150.55999755859375
2015-04-15,174.59378051757812,99.2901382446289,115.43000030517578,95.63124084472656,157.67999267578125
2015-04-16,174.54397583007812,99.15200805664062,115.02999877929688,95.15531921386719,159.52000427246094
2015-04-17,172.53619384765625,97.60523223876953,115.5999984741211,96.24626922607422,158.72000122070312
2015-04-20,174.1125946044922,99.06916046142578,114.72000122070312,95.39688873291016,159.1199951171875
2015-04-21,173.9051513671875,99.49269104003906,115.37999725341797,94.96495056152344,155.60000610351562
2015-04-22,174.75978088378906,100.0359115600586,113.83000183105469,93.5152359008789,154.8800048828125
2015-04-23,175.1995086669922,100.41339111328125,114.66000366210938,93.91791534423828,158.0800018310547
2015-04-24,175.6060333251953,101.7761001586914,113.05000305175781,94.503662109375,157.36000061035156
2015-04-27,174.87594604492188,101.51829528808594,115.33000183105469,94.503662109375,156.16000366210938
2015-04-28,175.4318389892578,101.31572723388672,116.33000183105469,93.20032501220703,156.8000030517578
2015-04-29,174.70993041992188,100.68041229248047,115.51000213623047,92.05814361572266,160.9600067138672
2015-04-30,172.95928955078125,99.09679412841797,113.47000122070312,92.21923065185547,164.0800018310547
2015-05-01,174.8344268798828,100.40421295166016,113.08000183105469,90.97779083251953,163.1999969482422
2015-05-04,175.33221435546875,100.56993865966797,114.0999984741211,90.1194076538086,162.24000549316406
2015-05-05,173.3243408203125,98.93104553222656,114.41999816894531,89.99467468261719,166.0800018310547
2015-05-06,172.61083984375,98.2497329711914,114.36000061035156,88.45393371582031,166.55999755859375
2015-05-07,173.29945373535156,98.8389663696289,113.41999816894531,89.64249420166016,161.60000610351562
2015-05-08,175.58111572265625,100.0727310180664,113.97000122070312,89.88458251953125,163.36000061035156
2015-05-11,174.7431640625,99.68603515625,113.52999877929688,87.69823455810547,163.0399932861328
2015-05-12,174.2204132080078,99.23491668701172,114.5,87.92567443847656,165.9199981689453
2015-05-13,174.25363159179688,99.43743133544922,116.55000305175781,87.22132110595703,164.8800048828125
2015-05-14,176.07066345214844,100.8921890258789,117.18000030517578,87.45610046386719,164.24000549316406
2015-05-15,176.261474609375,100.8921890258789,117.52999877929688,89.2096176147461,164.16000366210938
2015-05-18,176.80908203125,101.33411407470703,117.5199966430664,87.71295166015625,163.52000427246094
2015-05-19,176.75099182128906,101.22364807128906,115.88999938964844,86.93514251708984,157.0399932861328
2015-05-20,176.62655639648438,101.28810119628906,116.08000183105469,87.08187866210938,158.72000122070312
2015-05-21,177.14100646972656,101.81289672851562,115.69000244140625,88.2998046875,164.0
2015-05-22,176.71783447265625,101.71161651611328,115.5999984741211,88.33654022216797,162.0
2015-05-26,174.81785583496094,100.54234313964844,113.91000366210938,89.84793853759766,157.52000427246094
2015-05-27,176.47723388671875,102.16280364990234,113.88999938964844,90.05339813232422,155.83999633789062
2015-05-28,176.27809143066406,101.93258666992188,114.0199966430664,89.8332290649414,156.47999572753906
2015-05-29,175.18292236328125,101.3249282836914,114.0999984741211,90.03136444091797,162.47999572753906
2015-06-01,175.5396728515625,101.66558074951172,114.0,89.06375122070312,162.8800048828125
2015-06-02,175.3654022216797,101.34333801269531,114.45999908447266,87.82110595703125,165.44000244140625
2015-06-03,175.83006286621094,101.64717864990234,113.63999938964844,86.40940856933594,161.36000061035156
2015-06-04,174.3449249267578,100.87378692626953,112.83999633789062,87.53437805175781,157.27999877929688
2015-06-05,174.0461883544922,100.63442993164062,112.23999786376953,86.46821594238281,159.1999969482422
2015-06-08,172.97586059570312,99.61238861083984,112.56999969482422,86.37258911132812,157.67999267578125
2015-06-09,172.95098876953125,99.44666290283203,112.81999969482422,85.6888198852539,161.67999267578125
2015-06-10,175.0252227783203,100.809326171875,113.77999877929688,84.9388656616211,165.1199951171875
2015-06-11,175.5894317626953,100.95665740966797,113.26000213623047,86.7256088256836,163.9199981689453
2015-06-12,174.2453155517578,100.12797546386719,113.2300033569336,86.7256088256836,162.16000366210938
2015-06-15,173.49856567382812,99.63079833984375,113.7300033569336,86.86526489257812,161.1999969482422
2015-06-16,174.44447326660156,100.17402648925781,113.31999969482422,87.54903411865234,162.0800018310547
2015-06-17,174.72653198242188,100.45025634765625,113.8499984741211,86.87261962890625,161.67999267578125
2015-06-18,176.54364013671875,101.9141845703125,115.31999969482422,86.4461669921875,162.8800048828125
2015-06-19,175.75987243652344,101.41031646728516,115.12000274658203,87.556396484375,160.16000366210938
2015-06-22,176.6603240966797,102.15778350830078,113.63999938964844,85.76976013183594,161.27999877929688
2015-06-23,176.78536987304688,102.24089050292969,112.88999938964844,85.2550277709961,163.75999450683594
2015-06-24,175.5014190673828,101.7148666381836,112.58999633789062,85.99032592773438,161.67999267578125
2015-06-25,174.96788024902344,101.51182556152344,112.44000244140625,85.6888198852539,159.83999633789062
2015-06-26,174.93450927734375,100.83815002441406,112.55999755859375,84.72564697265625,159.83999633789062
2015-06-29,171.26605224609375,98.45724487304688,113.06999969482422,86.96820831298828,156.0800018310547
2015-06-30,171.62454223632812,98.80792999267578,112.37000274658203,86.36526489257812,159.0399932861328
2015-07-01,173.000244140625,99.59231567382812,111.9800033569336,85.19955444335938,152.8000030517578
2015-07-02,172.84185791015625,99.62000274658203,111.76000213623047,85.47953796386719,151.44000244140625
2015-07-06,172.34983825683594,99.38932037353516,112.05999755859375,87.0638427734375,141.83999633789062
2015-07-07,173.4337615966797,99.63849639892578,110.76000213623047,87.88182067871094,142.0800018310547
2015-07-08,170.52403259277344,97.90355682373047,111.08999633789062,88.64077758789062,139.0399932861328
2015-07-09,170.8324737548828,97.8481674194336,111.36000061035156,86.89437103271484,141.67999267578125
2015-07-10,172.98353576660156,99.34317016601562,111.48999786376953,85.51639556884766,141.36000061035156
2015-07-13,174.8927764892578,101.08735656738281,110.98999786376953,85.25113677978516,140.0800018310547
2015-07-14,175.6514434814453,101.75177001953125,110.73999786376953,85.53113555908203,141.75999450683594
2015-07-15,175.59317016601562,101.86254119873047,110.16000366210938,86.43751525878906,137.83999633789062
2015-07-16,177.00213623046875,103.30216217041016,109.76000213623047,87.03438568115234,136.39999389648438
2015-07-17,177.15220642089844,104.82482147216797,108.6500015258789,87.48388671875,135.9199981689453
2015-07-20,177.24391174316406,105.18473052978516,105.69999694824219,87.11542510986328,133.52000427246094
2015-07-21,176.54359436035156,105.12010955810547,105.37000274658203,87.5870590209961,135.27999877929688
2015-07-22,176.22677612304688,103.92967224121094,104.80000305175781,88.13236999511719,130.72000122070312
2015-07-23,175.23458862304688,103.54206085205078,104.33000183105469,89.2303237915039,129.1199951171875
2015-07-24,173.4170684814453,102.52693176269531,105.3499984741211,89.451416015625,128.24000549316406
2015-07-27,172.4082489013672,101.6779556274414,104.86000061035156,89.93036651611328,125.19999694824219
2015-07-28,174.52598571777344,102.55463409423828,105.0199966430664,89.27456665039062,126.80000305175781
2015-07-29,175.7265167236328,102.94221496582031,105.16999816894531,88.94293975830078,129.9199981689453
2015-07-30,175.7682342529297,103.43133544921875,104.2699966430664,89.62825012207031,128.8000030517578
2015-07-31,175.5014190673828,103.31136322021484,104.93000030517578,90.2914810180664,124.72000122070312
2015-08-03,174.90951538085938,102.9883804321289,104.0999984741211,91.24190521240234,120.80000305175781
2015-08-04,174.56764221191406,102.79454040527344,104.30999755859375,90.51819610595703,121.76000213623047
2015-08-05,175.1428680419922,103.58822631835938,103.93000030517578,89.83872985839844,120.23999786376953
2015-08-06,173.70889282226562,101.92708587646484,104.38999938964844,90.63636779785156,118.95999908447266
2015-08-07,173.3754119873047,101.79790496826172,104.6500015258789,91.82530975341797,116.4800033569336
2015-08-10,175.55975341796875,102.96070098876953,105.72000122070312,90.68804931640625,119.12000274658203
2015-08-11,173.97564697265625,101.6410140991211,106.26000213623047,92.12812805175781,115.91999816894531
2015-08-12,174.18414306640625,101.9917221069336,107.75,91.62590789794922,115.5199966430664
2015-08-13,173.9674072265625,101.82557678222656,106.86000061035156,91.33052062988281,112.72000122070312
2015-08-14,174.60098266601562,101.98247528076172,106.8499984741211,91.5446548461914,111.91999816894531
2015-08-17,175.57644653320312,102.83148956298828,107.12999725341797,91.95824432373047,111.12000274658203
2015-08-18,175.06784057617188,102.30548858642578,107.11000061035156,91.23452758789062,112.4000015258789
2015-08-19,173.68385314941406,101.63179016113281,108.55000305175781,92.13550567626953,107.44000244140625
2015-08-20,170.05711364746094,98.81714630126953,110.44000244140625,93.06605529785156,106.95999908447266
2015-08-21,164.93795776367188,94.4982681274414,111.12999725341797,93.3466796875,105.83999633789062
2015-08-24,157.9929962158203,90.86233520507812,110.52999877929688,93.31707763671875,99.91999816894531
2015-08-25,156.13372802734375,90.52085876464844,109.16000366210938,91.81793212890625,101.83999633789062
2015-08-26,162.12826538085938,95.07967376708984,107.66999816894531,90.04556274414062,102.16000366210938
2015-08-27,166.13864135742188,97.48825073242188,107.7300033569336,90.09721374511719,111.5999984741211
2015-08-28,166.14688110351562,97.46981811523438,108.69999694824219,90.36308288574219,119.04000091552734
2015-08-31,164.8046112060547,96.26091003417969,108.81999969482422,89.66883850097656,127.12000274658203
2015-09-01,159.8855743408203,93.2524642944336,109.19999694824219,90.31499481201172,118.4800033569336
2015-09-02,162.92031860351562,95.88255310058594,108.62000274658203,89.53790283203125,120.72000122070312
2015-09-03,163.0370635986328,95.41190338134766,107.83999633789062,89.97456359863281,122.72000122070312
2015-09-04,160.56924438476562,94.27681732177734,107.48999786376953,90.79608917236328,120.63999938964844
2015-09-08,164.60446166992188,96.93460083007812,107.5199966430664,89.45646667480469,120.16000366210938
2015-09-09,162.4034423828125,95.84563446044922,106.12999725341797,89.88574981689453,116.08000183105469
2015-09-10,163.2871856689453,96.88841247558594,106.37999725341797,89.27885437011719,119.44000244140625
2015-09-11,164.02926635742188,97.42366790771484,106.16000366210938,89.84138488769531,117.19999694824219
2015-09-14,163.4206085205078,97.12836456298828,106.22000122070312,89.98194122314453,115.12000274658203
2015-09-15,165.4632568359375,98.27267456054688,105.9000015258789,88.25751495361328,116.55999755859375
2015-09-16,166.89730834960938,98.8263931274414,107.30999755859375,87.92446899414062,122.87999725341797
2015-09-17,166.52207946777344,98.86331176757812,108.41000366210938,88.99761962890625,121.83999633789062
2015-09-18,163.80084228515625,97.4571762084961,109.20999908447266,90.3667984008789,116.95999908447266
2015-09-21,164.64730834960938,97.76245880126953,108.52999877929688,88.8940200805664,120.4000015258789
2015-09-22,162.51026916503906,96.30083465576172,107.79000091552734,90.13001251220703,119.36000061035156
2015-09-23,162.2504119873047,96.37483978271484,108.22000122070312,90.12255859375,115.5199966430664
2015-09-24,161.66372680664062,96.02330017089844,110.48999786376953,90.73684692382812,116.72000122070312
2015-09-25,161.62188720703125,95.20922088623047,109.80999755859375,89.95234680175781,117.76000213623047
2015-09-28,157.56564331054688,92.49874877929688,108.41999816894531,91.49174499511719,115.04000091552734
2015-09-29,157.6577606201172,92.01773071289062,107.9800033569336,91.75077056884766,116.87999725341797
2015-09-30,160.59939575195312,94.13614654541016,106.86000061035156,91.43256378173828,117.44000244140625
2015-10-01,161.0184326171875,94.56169128417969,106.7300033569336,91.82263946533203,116.63999938964844
2015-10-02,163.42373657226562,96.21756744384766,108.98999786376953,92.3788833618164,118.16000366210938
2015-10-05,166.33184814453125,97.59595489501953,108.7699966430664,91.12554168701172,120.0
2015-10-06,165.76194763183594,97.13338470458984,109.86000061035156,91.51856231689453,125.91999816894531
2015-10-07,167.11959838867188,97.71620178222656,109.69999694824219,91.21453857421875,124.55999755859375
2015-10-08,168.6281280517578,98.10472869873047,109.13999938964844,90.45063781738281,128.32000732421875
2015-10-09,168.72877502441406,98.54875946044922,110.87000274658203,90.68797302246094,127.91999816894531
2015-10-12,168.88796997070312,98.78929138183594,111.30999755859375,91.377685546875,122.4800033569336
2015-10-13,167.8235626220703,98.15098571777344,111.86000061035156,91.533447265625,120.4800033569336
2015-10-14,167.01901245117188,97.99372863769531,113.80999755859375,92.33436584472656,120.4000015258789
2015-10-15,169.5835418701172,99.60337829589844,113.29000091552734,91.88197326660156,121.04000091552734
2015-10-16,170.3546600341797,100.01966094970703,112.48999786376953,91.91167449951172,121.76000213623047
2015-10-19,170.4384307861328,100.59320068359375,112.0199966430664,91.65947723388672,118.63999938964844
2015-10-20,170.22048950195312,100.07513427734375,112.7300033569336,91.09587097167969,117.83999633789062
2015-10-21,169.16455078125,99.46458435058594,111.7300033569336,92.00068664550781,115.44000244140625
2015-10-22,172.0222930908203,101.49052429199219,111.69000244140625,92.15638732910156,116.08000183105469
2015-10-23,173.90798950195312,104.33052062988281,111.5,91.3702621459961,114.16000366210938
2015-10-26,173.48052978515625,104.3952865600586,111.43000030517578,91.9784164428711,112.08000183105469
2015-10-27,173.1453399658203,104.6080322265625,111.68000030517578,92.20832824707031,110.55999755859375
2015-10-28,175.11485290527344,105.47758483886719,110.77999877929688,91.83749389648438,117.5199966430664
2015-10-29,175.01426696777344,105.31108856201172,109.72000122070312,90.37646484375,117.04000091552734
2015-10-30,174.260009765625,104.83930969238281,109.30000305175781,91.05876922607422,118.4800033569336
2015-11-02,176.32164001464844,106.0234146118164,108.58999633789062,90.64035034179688,118.0
2015-11-03,176.8328857421875,106.39347839355469,106.9800033569336,89.89704895019531,122.23999786376953
2015-11-04,176.29647827148438,106.4026870727539,105.97000122070312,90.00115966796875,118.80000305175781
2015-11-05,176.12049865722656,106.11591339111328,105.63999938964844,89.7632827758789,115.83999633789062
2015-11-06,176.02830505371094,106.18993377685547,104.0999984741211,88.44771575927734,113.83999633789062
2015-11-09,174.38571166992188,105.06133270263672,104.4000015258789,87.9497299194336,112.63999938964844
2015-11-10,174.78799438476562,104.79305267333984,104.18000030517578,88.20987701416016,112.72000122070312
2015-11-11,174.10073852539062,104.66353607177734,103.83000183105469,88.02400970458984,110.08000183105469
2015-11-12,171.67031860351562,103.64595031738281,103.8499984741211,88.44771575927734,106.80000305175781
2015-11-13,169.74282836914062,101.61080169677734,103.55999755859375,88.95315551757812,104.4800033569336
2015-11-16,172.3240203857422,103.0724105834961,103.70999908447266,88.87136840820312,107.12000274658203
2015-11-17,172.1983184814453,103.13716125488281,102.33999633789062,89.02001953125,104.08000183105469
2015-11-18,174.93048095703125,105.1168441772461,102.43000030517578,89.2058334350586,104.4000015258789
2015-11-19,174.77957153320312,105.19083404541016,103.55999755859375,89.80046844482422,103.68000030517578
2015-11-20,175.41648864746094,105.90314483642578,103.08999633789062,89.52547454833984,103.44000244140625
2015-11-23,175.21539306640625,105.59786224365234,102.26000213623047,89.80046844482422,104.16000366210938
2015-11-24,175.45010375976562,105.50538635253906,102.94000244140625,89.79298400878906,106.55999755859375
2015-11-25,175.42489624023438,105.59786224365234,102.45999908447266,90.00115966796875,107.12000274658203
2015-11-27,175.62596130371094,105.74588012695312,101.25,89.91194152832031,104.23999786376953
2015-11-30,174.89695739746094,105.47758483886719,101.91999816894531,90.26870727539062,103.44000244140625
2015-12-01,176.5646209716797,106.5322036743164,102.27999877929688,91.48797607421875,103.5999984741211
2015-12-02,174.76280212402344,105.87537384033203,100.69000244140625,91.51777648925781,99.83999633789062
2015-12-03,172.31568908691406,104.08075714111328,101.76000213623047,89.03006744384766,102.16000366210938
2015-12-04,175.67633056640625,106.51373291015625,104.0199966430664,89.8121566772461,99.68000030517578
2015-12-07,174.61192321777344,106.03267669677734,102.66999816894531,90.68358612060547,93.76000213623047
2015-12-08,173.43870544433594,106.04193115234375,102.83999633789062,90.72826385498047,93.44000244140625
2015-12-09,172.08944702148438,104.43228912353516,102.63999938964844,90.63142395019531,92.4800033569336
2015-12-10,172.53353881835938,104.90409851074219,102.55000305175781,90.75054931640625,90.95999908447266
2015-12-11,169.18966674804688,102.4896240234375,103.11000061035156,92.18070220947266,88.55999755859375
2015-12-14,170.04452514648438,103.26669311523438,101.79000091552734,90.98895263671875,89.27999877929688
2015-12-15,171.82957458496094,103.8957290649414,101.5199966430664,90.45269012451172,91.19999694824219
2015-12-16,174.34375,105.44063568115234,102.75,90.2590103149414,87.91999816894531
2015-12-17,171.6870880126953,103.90499114990234,100.5,91.27943420410156,85.91999816894531
2015-12-18,168.62847900390625,101.91183471679688,102.04000091552734,91.78595733642578,85.27999877929688
2015-12-21,170.01954650878906,103.04389953613281,103.1500015258789,91.76356506347656,85.27999877929688
2015-12-22,171.5623321533203,103.72122955322266,102.61000061035156,91.10066223144531,86.16000366210938
2015-12-23,173.68679809570312,104.49141693115234,102.30999755859375,90.41545104980469,90.08000183105469
2015-12-24,173.40023803710938,104.4728775024414,103.05000305175781,90.93342590332031,90.4000015258789
2015-12-28,173.0039520263672,104.41717529296875,102.2699966430664,91.20214080810547,87.44000244140625
2015-12-29,174.85028076171875,106.05961608886719,102.19999694824219,89.68692779541016,90.08000183105469
2015-12-30,173.61094665527344,105.10385131835938,101.41999816894531,89.59735107421875,87.44000244140625
2015-12-31,171.874267578125,103.79547882080078,101.45999908447266,90.00044250488281,88.0
2016-01-04,169.4715576171875,101.60562133789062,102.88999938964844,90.64979553222656,87.83999633789062
2016-01-05,169.75823974609375,101.4293441772461,103.18000030517578,90.28404998779297,85.27999877929688
2016-01-06,167.61683654785156,100.45503234863281,104.66999816894531,91.50067138671875,80.87999725341797
2016-01-07,163.59544372558594,97.30944061279297,106.1500015258789,91.6649169921875,79.19999694824219
2016-01-08,161.79974365234375,96.51140594482422,105.68000030517578,92.07542419433594,78.4000015258789
2016-01-11,161.9599151611328,96.8083724975586,104.73999786376953,91.06781005859375,74.0
2016-01-12,163.2666473388672,97.93115997314453,104.20999908447266,92.38142395019531,73.36000061035156
2016-01-13,159.19464111328125,94.55352783203125,104.72000122070312,93.29202270507812,72.72000122070312
2016-01-14,161.80812072753906,96.56710815429688,103.0199966430664,92.41874694824219,73.83999633789062
2016-01-15,158.33474731445312,93.56997680664062,104.08000183105469,93.8592758178711,70.31999969482422
2016-01-19,158.54550170898438,93.77408599853516,103.9800033569336,93.56819152832031,67.91999816894531
2016-01-20,156.51373291015625,93.4864730834961,105.37000274658203,94.5534439086914,65.91999816894531
2016-01-21,157.3905029296875,93.57923126220703,105.48999786376953,93.91154479980469,68.4800033569336
2016-01-22,160.61941528320312,96.28874969482422,105.0,93.55329895019531,74.16000366210938
2016-01-25,158.19143676757812,94.85974884033203,106.08000183105469,94.06085205078125,68.31999969482422
2016-01-26,160.3496856689453,95.71343994140625,107.29000091552734,94.1056137084961,71.76000213623047
2016-01-27,158.60452270507812,93.32872772216797,107.69000244140625,94.08320617675781,73.44000244140625
2016-01-28,159.43072509765625,94.6463394165039,106.54000091552734,94.21754455566406,77.5999984741211
2016-01-29,163.3172149658203,96.62275695800781,106.94999694824219,95.01624298095703,77.19999694824219
2016-02-01,163.2581787109375,96.88262939453125,108.05000305175781,94.72528076171875,72.16000366210938
2016-02-02,160.31594848632812,94.78553009033203,108.08999633789062,96.48269653320312,68.55999755859375
2016-02-03,161.2770538330078,94.33085632324219,109.25,95.68252563476562,74.72000122070312
2016-02-04,161.52996826171875,94.3215560913086,110.56999969482422,96.14620971679688,72.95999908447266
2016-02-05,158.45274353027344,91.04608917236328,112.31999969482422,96.2583236694336,71.27999877929688
2016-02-08,156.3198699951172,89.65422058105469,113.83000183105469,98.32976531982422,69.12000274658203
2016-02-09,156.3282470703125,89.37583923339844,113.58000183105469,98.43448638916016,65.44000244140625
2016-02-10,156.1934051513672,89.71917724609375,114.45999908447266,99.30186462402344,63.68000030517578
2016-02-11,154.16160583496094,89.58927154541016,119.05999755859375,99.99736785888672,63.91999816894531
2016-02-12,157.3399658203125,90.95328521728516,118.36000061035156,98.33724975585938,66.63999938964844
2016-02-16,159.9955596923828,93.00395965576172,114.7699966430664,97.29776763916016,66.4800033569336
2016-02-17,162.60906982421875,95.11028289794922,115.4800033569336,96.69955444335938,70.23999786376953
2016-02-18,161.94300842285156,94.02465057373047,118.29000091552734,97.88851928710938,69.27999877929688
2016-02-19,161.86715698242188,94.30300903320312,117.58000183105469,97.9708251953125,68.4000015258789
2016-02-22,164.21084594726562,95.83407592773438,115.48999786376953,97.91846466064453,71.27999877929688
2016-02-23,162.13694763183594,94.25663757324219,117.22000122070312,98.31478881835938,67.83999633789062
2016-02-24,162.87887573242188,95.15669250488281,117.61000061035156,98.12039947509766,68.72000122070312
2016-02-25,164.85162353515625,96.09387969970703,117.91999816894531,98.47187042236328,70.4000015258789
2016-02-26,164.47219848632812,95.97325134277344,117.11000061035156,97.52210235595703,70.23999786376953
2016-02-29,163.18235778808594,95.11028289794922,118.63999938964844,97.94841003417969,72.0
2016-03-01,167.01824951171875,98.16310119628906,117.7699966430664,96.22364807128906,73.19999694824219
2016-03-02,167.76853942871094,98.20023345947266,118.68000030517578,96.62074279785156,74.4000015258789
2016-03-03,168.4261932373047,98.01461029052734,120.7300033569336,96.97286224365234,74.0
2016-03-04,168.97415161132812,98.05175018310547,120.54000091552734,96.35101318359375,77.19999694824219
2016-03-07,169.1090545654297,97.44861602783203,121.13999938964844,96.32105255126953,80.87999725341797
2016-03-08,167.26280212402344,96.64134216308594,120.58000183105469,97.38495635986328,77.19999694824219
2016-03-09,168.0889129638672,97.26301574707031,119.58000183105469,96.7930908203125,81.19999694824219
2016-03-10,168.22381591796875,97.11456298828125,121.5,96.39596557617188,80.31999969482422
2016-03-11,170.93846130371094,98.81262969970703,119.41000366210938,95.4219970703125,81.5199966430664
2016-03-14,170.71932983398438,98.97966766357422,117.87000274658203,95.72164916992188,79.04000091552734
2016-03-15,170.44107055664062,98.9425277709961,117.95999908447266,95.81156158447266,77.5999984741211
2016-03-16,171.4274444580078,99.82405090332031,120.58999633789062,96.0962905883789,81.44000244140625
2016-03-17,172.51502990722656,99.76837921142578,120.12999725341797,96.49334716796875,84.4000015258789
2016-03-18,173.1929168701172,99.92474365234375,119.80000305175781,96.6956787109375,83.83999633789062
2016-03-21,173.43869018554688,100.31562805175781,118.95999908447266,95.95394134521484,84.72000122070312
2016-03-22,173.3455047607422,100.62271881103516,119.30999755859375,95.93143463134766,84.31999969482422
2016-03-23,172.20144653320312,99.79444885253906,116.61000061035156,97.01782989501953,80.87999725341797
2016-03-24,172.1251678466797,99.82237243652344,116.33000183105469,97.05529022216797,80.4800033569336
2016-03-28,172.22691345214844,99.6827621459961,116.5999984741211,97.18267822265625,80.08000183105469
2016-03-29,173.8199920654297,101.28350067138672,118.76000213623047,98.20160675048828,78.4000015258789
2016-03-30,174.58261108398438,101.77674102783203,117.0999984741211,97.16768646240234,77.83999633789062
2016-03-31,174.15892028808594,101.6278305053711,117.63999938964844,97.85698699951172,77.5999984741211
2016-04-01,175.3453369140625,102.70740509033203,116.93000030517578,98.11227416992188,74.63999938964844
2016-04-04,174.77757263183594,102.31652069091797,116.1500015258789,98.17231750488281,72.63999938964844
2016-04-05,173.03187561035156,101.33002471923828,117.66000366210938,99.24592590332031,73.04000091552734
2016-04-06,174.92166137695312,102.99588775634766,116.94000244140625,98.5251235961914,76.80000305175781
2016-04-07,172.8285369873047,101.51615142822266,118.61000061035156,99.74146270751953,76.08000183105469
2016-04-08,173.29461669921875,101.44172668457031,118.43000030517578,99.11078643798828,80.23999786376953
2016-04-11,172.8878936767578,101.06944274902344,120.02999877929688,98.98314666748047,82.23999786376953
2016-04-12,174.49790954589844,101.91633605957031,120.05000305175781,98.29994201660156,85.12000274658203
2016-04-13,176.26051330566406,103.2192611694336,118.7699966430664,98.64533996582031,84.08000183105469
2016-04-14,176.2689666748047,103.22855377197266,117.11000061035156,98.17231750488281,83.83999633789062
2016-04-15,176.07403564453125,102.96796417236328,117.91999816894531,99.01315307617188,82.0
2016-04-18,177.31126403808594,103.51707458496094,117.73999786376953,98.58519744873047,81.36000061035156
2016-04-19,177.87062072753906,102.88422393798828,119.58000183105469,98.27735137939453,83.5199966430664
2016-04-20,178.04005432128906,102.96796417236328,118.97000122070312,97.19631958007812,86.08000183105469
2016-04-21,177.08250427246094,102.977294921875,119.41999816894531,96.6181869506836,85.76000213623047
2016-04-22,177.08250427246094,101.42306518554688,117.88999938964844,96.37037658691406,86.08000183105469
2016-04-25,176.77743530273438,101.42306518554688,118.2300033569336,95.97250366210938,84.4000015258789
2016-04-26,177.04017639160156,100.92984008789062,118.69999694824219,95.53707122802734,86.4800033569336
2016-04-27,177.40455627441406,100.12017822265625,119.04000091552734,96.49053955078125,89.12000274658203
2016-04-28,175.7944793701172,98.91032409667969,121.29000091552734,96.88847351074219,89.76000213623047
2016-04-29,174.84535217285156,98.38912963867188,123.6500015258789,97.13623809814453,90.4000015258789
2016-05-02,176.235107421875,99.31979370117188,123.23999786376953,96.15821075439453,88.4000015258789
2016-05-03,174.7012939453125,98.39847564697266,122.95999908447266,97.36942291259766,85.91999816894531
2016-05-04,173.7267608642578,97.765625,122.20999908447266,97.90353393554688,86.31999969482422
2016-05-05,173.6929168701172,97.7376937866211,122.06999969482422,98.55804443359375,87.19999694824219
2016-05-06,174.3284149169922,98.25885009765625,123.18000030517578,98.13672637939453,87.68000030517578
2016-05-09,174.4724578857422,98.53805541992188,120.6500015258789,98.44524383544922,85.44000244140625
2016-05-10,176.64183044433594,99.88750457763672,120.9800033569336,98.45269775390625,87.91999816894531
2016-05-11,174.98944091796875,98.98475646972656,122.12000274658203,99.0094223022461,90.72000122070312
2016-05-12,175.0402374267578,98.54735565185547,121.16000366210938,98.55804443359375,91.5999984741211
2016-05-13,173.51487731933594,98.18441009521484,121.70999908447266,99.51346588134766,90.95999908447266
2016-05-16,175.2266845703125,99.41287994384766,121.80000305175781,98.65586853027344,94.08000183105469
2016-05-17,173.59117126464844,98.16578674316406,122.22000122070312,98.82137298583984,95.36000061035156
2016-05-18,173.6420440673828,98.51945495605469,120.0999984741211,97.41455841064453,93.5999984741211
2016-05-19,173.0404052734375,98.00757598876953,119.87000274658203,97.83584594726562,94.31999969482422
2016-05-20,174.13351440429688,99.087158203125,119.70999908447266,97.91107940673828,94.0
2016-05-23,173.896240234375,98.95685577392578,119.37000274658203,98.12925720214844,93.27999877929688
2016-05-24,176.150390625,100.93915557861328,117.30000305175781,97.69293975830078,94.55999755859375
2016-05-25,177.34518432617188,101.66504669189453,116.9800033569336,97.3243179321289,96.23999786376953
2016-05-26,177.3960418701172,101.96288299560547,116.58000183105469,97.82832336425781,95.5999984741211
2016-05-27,178.15872192382812,102.49335479736328,115.62000274658203,97.68537139892578,95.83999633789062
2016-05-31,177.8197021484375,102.68880462646484,116.05999755859375,97.91860961914062,94.95999908447266
2016-06-01,178.18408203125,102.69808197021484,115.94000244140625,98.31584930419922,95.44000244140625
2016-06-02,178.7264862060547,102.9121322631836,115.66999816894531,99.02449798583984,94.87999725341797
2016-06-03,178.192626953125,102.42819213867188,118.87999725341797,100.43415069580078,94.55999755859375
2016-06-06,179.09934997558594,102.80046081542969,118.91999816894531,99.68789672851562,96.31999969482422
2016-06-07,179.3789825439453,102.53987884521484,118.81999969482422,99.92914581298828,97.76000213623047
2016-06-08,179.9636688232422,102.71671295166016,120.58000183105469,100.46432495117188,99.44000244140625
2016-06-09,179.71791076660156,102.5491943359375,121.25,101.11261749267578,98.0
2016-06-10,178.0146026611328,101.38584899902344,121.73999786376953,101.60260772705078,94.95999908447266
2016-06-13,176.64183044433594,100.5389633178711,122.63999938964844,102.05489349365234,94.08000183105469
2016-06-14,176.29443359375,100.5389633178711,122.7699966430664,101.97953796386719,93.83999633789062
2016-06-15,176.04867553710938,100.25045013427734,123.68000030517578,102.37157440185547,91.76000213623047
2016-06-16,176.57406616210938,100.54826354980469,122.37999725341797,102.86907196044922,89.12000274658203
2016-06-17,175.91647338867188,99.36971282958984,123.94999694824219,102.22823333740234,93.27999877929688
2016-06-20,177.04940795898438,99.99492645263672,123.20999908447266,101.13523864746094,95.27999877929688
2016-06-21,177.5519256591797,100.31217193603516,120.83999633789062,100.66783905029297,95.12000274658203
2016-06-22,177.26234436035156,100.06957244873047,120.9000015258789,100.83367919921875,93.91999816894531
2016-06-23,179.57070922851562,101.49726867675781,120.11000061035156,99.68032836914062,95.83999633789062
2016-06-24,173.1225128173828,97.31682586669922,126.0,102.35643768310547,91.19999694824219
2016-06-27,170.02191162109375,95.38520050048828,126.68000030517578,104.9119644165039,89.5199966430664
2016-06-28,173.0884246826172,97.4754638671875,125.31999969482422,105.130615234375,91.76000213623047
2016-06-29,176.0356903076172,99.20173645019531,125.83999633789062,104.32400512695312,94.31999969482422
2016-06-30,178.4378204345703,100.34950256347656,126.47000122070312,104.70844268798828,92.55999755859375
2016-07-01,178.8126220703125,100.8533706665039,128.41000366210938,106.1622543334961,94.23999786376953
2016-07-05,177.52635192871094,100.23751831054688,129.47000122070312,107.49143981933594,89.44000244140625
2016-07-06,178.59120178222656,101.05868530273438,130.22999572753906,107.66517639160156,90.63999938964844
2016-07-07,178.48036193847656,101.3572998046875,129.74000549316406,107.6575927734375,86.55999755859375
2016-07-08,181.13807678222656,102.92496490478516,130.52000427246094,108.45063781738281,86.63999938964844
2016-07-11,181.77691650390625,103.51282501220703,129.2899932861328,107.4990005493164,85.19999694824219
2016-07-12,183.09722900390625,104.03539276123047,127.1500015258789,105.73178100585938,89.5199966430664
2016-07-13,183.0716552734375,103.78345489501953,128.32000732421875,106.9778823852539,86.0
2016-07-14,184.09385681152344,104.49263000488281,127.33000183105469,105.42211151123047,86.95999908447266
2016-07-15,183.84686279296875,104.3246841430664,126.83999633789062,104.51586151123047,87.91999816894531
2016-07-18,184.34092712402344,105.01519775390625,127.04000091552734,104.41764831542969,86.55999755859375
2016-07-19,184.1535186767578,104.63260650634766,127.20999908447266,105.00674438476562,85.5999984741211
2016-07-20,184.9201202392578,105.85501098632812,125.38999938964844,104.43278503417969,85.83999633789062
2016-07-21,184.22157287597656,105.61238861083984,127.30000305175781,104.64419555664062,83.91999816894531
2016-07-22,185.04794311523438,106.05096435546875,126.3499984741211,104.82551574707031,83.36000061035156
2016-07-25,184.5453338623047,106.06029510498047,125.47000122070312,104.74995422363281,81.04000091552734
2016-07-26,184.63050842285156,106.18160247802734,126.0,104.91612243652344,80.63999938964844
2016-07-27,184.43458557128906,106.91878509521484,128.02999877929688,106.22266387939453,79.19999694824219
2016-07-28,184.64759826660156,107.29206085205078,127.66000366210938,106.0263442993164,77.36000061035156
2016-07-29,184.9456787109375,107.52532196044922,128.97999572753906,106.90992736816406,78.08000183105469
2016-08-01,184.79238891601562,108.09454345703125,129.22000122070312,105.75082397460938,75.27999877929688
2016-08-02,183.60838317871094,107.27338409423828,130.27000427246094,104.66130065917969,74.63999938964844
2016-08-03,184.1449432373047,107.62796783447266,129.64999389648438,104.7218017578125,77.5199966430664
2016-08-04,184.34092712402344,107.93589782714844,129.8699951171875,105.5086669921875,78.72000122070312
2016-08-05,185.84857177734375,108.97171020507812,127.55000305175781,104.41163635253906,78.87999725341797
2016-08-08,185.7378387451172,108.85037994384766,127.44000244140625,104.60832214355469,80.80000305175781
2016-08-09,185.84857177734375,109.10232543945312,127.95999908447266,105.63729858398438,80.55999755859375
2016-08-10,185.3885955810547,108.82240295410156,128.55999755859375,106.04592895507812,78.16000366210938
2016-08-11,186.2489471435547,109.2889633178711,127.66999816894531,105.1001205444336,81.68000030517578
2016-08-12,186.08712768554688,109.36360931396484,127.4000015258789,105.9853744506836,84.0
2016-08-15,186.62376403808594,109.8301773071289,127.83999633789062,104.98667907714844,86.08000183105469
2016-08-16,185.6611785888672,109.22364044189453,128.47000122070312,104.7066879272461,87.36000061035156
2016-08-17,186.01046752929688,109.41960144042969,128.5,105.33465576171875,87.91999816894531
2016-08-18,186.42784118652344,109.44759368896484,129.11000061035156,105.50115966796875,90.4000015258789
2016-08-19,186.15530395507812,109.41960144042969,127.97000122070312,104.94880676269531,90.72000122070312
2016-08-22,186.14674377441406,109.50358581542969,127.77999877929688,105.83403015136719,87.76000213623047
2016-08-23,186.5215606689453,109.69954681396484,127.76000213623047,105.94754028320312,88.72000122070312
2016-08-24,185.56753540039062,108.9903793334961,126.33999633789062,105.69779205322266,86.55999755859375
2016-08-25,185.43972778320312,108.81307983398438,126.2300033569336,105.29681396484375,87.5999984741211
2016-08-26,185.0904998779297,108.97171020507812,126.05000305175781,104.6839828491211,87.5999984741211
2016-08-29,186.00193786621094,109.1209945678711,126.30000305175781,106.08372497558594,86.80000305175781
2016-08-30,185.69522094726562,108.76638793945312,125.02999877929688,105.6751708984375,85.83999633789062
2016-08-31,185.1671600341797,108.65444946289062,124.77999877929688,105.82644653320312,82.87999725341797
2016-09-01,185.1756591796875,108.93433380126953,125.29000091552734,105.9432144165039,80.4800033569336
2016-09-02,186.01046752929688,109.2889633178711,126.56999969482422,105.07915496826172,81.91999816894531
2016-09-06,186.57264709472656,109.97013854980469,128.7100067138672,105.84471893310547,83.12000274658203
2016-09-07,186.55563354492188,110.03546905517578,128.27000427246094,105.76889038085938,84.16000366210938
2016-09-08,186.12965393066406,109.3916015625,127.58999633789062,104.4423828125,87.68000030517578
2016-09-09,181.67469787597656,106.63884735107422,126.75,102.7218017578125,84.72000122070312
2016-09-12,184.2812957763672,108.55181121826172,126.58999633789062,102.77484130859375,85.12000274658203
2016-09-13,181.63209533691406,107.5813217163086,125.75,101.6075668334961,82.95999908447266
2016-09-14,181.56399536132812,108.09454345703125,126.18000030517578,101.75914001464844,80.72000122070312
2016-09-15,183.37838745117188,109.7741928100586,125.37000274658203,101.31949615478516,81.12000274658203
2016-09-16,182.66949462890625,109.72179412841797,125.05999755859375,102.13812255859375,80.0
2016-09-19,182.70372009277344,109.2447280883789,125.31999969482422,101.80464172363281,79.83999633789062
2016-09-20,182.7122802734375,109.45050811767578,125.44000244140625,102.16084289550781,80.55999755859375
2016-09-21,184.76702880859375,110.52632904052734,127.2699966430664,102.9870376586914,83.19999694824219
2016-09-22,185.9312744140625,111.40565490722656,127.56999969482422,103.80561828613281,84.23999786376953
2016-09-23,184.91250610351562,110.69469451904297,127.6500015258789,103.70713806152344,81.5199966430664
2016-09-26,183.41432189941406,109.7685546875,127.55000305175781,104.36660766601562,83.44000244140625
2016-09-27,184.55296325683594,110.85375213623047,126.62000274658203,105.13215637207031,81.19999694824219
2016-09-28,185.46896362304688,111.04084014892578,126.22000122070312,104.90475463867188,85.19999694824219
2016-09-29,183.79100036621094,110.2363052368164,126.06999969482422,105.17010498046875,86.95999908447266
2016-09-30,185.1779022216797,111.05953979492188,125.63999938964844,104.23020935058594,87.44000244140625
2016-10-03,184.7327423095703,110.90049743652344,125.31999969482422,103.88617706298828,88.80000305175781
2016-10-04,183.79100036621094,110.73210144042969,120.97000122070312,102.6712646484375,88.72000122070312
2016-10-05,184.6043243408203,111.12501525878906,120.77999877929688,102.19282531738281,90.80000305175781
2016-10-06,184.7327423095703,111.06888580322266,119.66000366210938,101.62328338623047,92.08000183105469
2016-10-07,184.09921264648438,110.82567596435547,119.73999786376953,101.69161987304688,90.63999938964844
2016-10-10,185.0580596923828,111.52727508544922,120.16000366210938,101.09183502197266,93.36000061035156
2016-10-11,182.72085571289062,109.93698120117188,119.55000305175781,100.86399841308594,92.63999938964844
2016-10-12,182.96054077148438,109.84341430664062,119.73999786376953,100.96269226074219,91.44000244140625
2016-10-13,182.3612823486328,109.45050811767578,120.02999877929688,101.34235382080078,91.91999816894531
2016-10-14,182.45542907714844,109.58149719238281,119.36000061035156,99.92239379882812,91.5199966430664
2016-10-17,181.8219451904297,109.28209686279297,119.68000030517578,100.56026458740234,90.95999908447266
2016-10-18,182.96054077148438,110.25502014160156,120.41999816894531,100.88672637939453,91.5999984741211
2016-10-19,183.44854736328125,110.24568939208984,121.11000061035156,100.9703140258789,93.27999877929688
2016-10-20,183.10606384277344,110.11469268798828,120.73999786376953,101.07658386230469,91.44000244140625
2016-10-21,183.19171142578125,110.52632904052734,120.83000183105469,101.22846984863281,91.83999633789062
2016-10-24,183.97076416015625,111.85466766357422,120.55999755859375,100.78805541992188,91.44000244140625
2016-10-25,183.35438537597656,111.49918365478516,121.47000122070312,101.0538330078125,89.91999816894531
2016-10-26,182.9862518310547,110.74147033691406,120.79000091552734,100.37039947509766,88.72000122070312
2016-10-27,182.4982452392578,110.2363052368164,121.01000213623047,99.2769775390625,89.68000030517578
2016-10-28,181.95889282226562,109.5440673828125,121.58000183105469,99.05670166015625,88.08000183105469
2016-10-31,181.96746826171875,109.44117736816406,121.94000244140625,99.66423797607422,84.23999786376953
2016-11-01,180.64907836914062,108.61791229248047,122.7300033569336,99.67179107666016,84.55999755859375
2016-11-02,179.561767578125,107.7479248046875,123.63999938964844,100.10549926757812,82.23999786376953
2016-11-03,178.73989868164062,106.69086456298828,124.30000305175781,99.33712768554688,80.63999938964844
2016-11-04,178.5430145263672,106.3166732788086,124.38999938964844,100.22718811035156,79.83999633789062
2016-11-07,182.4811248779297,108.84247589111328,122.1500015258789,99.37508392333984,81.27999877929688
2016-11-08,183.3030242919922,109.5534439086914,121.63999938964844,98.97188568115234,80.80000305175781
2016-11-09,185.2464141845703,110.0585708618164,121.55999755859375,94.7723159790039,82.23999786376953
2016-11-10,185.70864868164062,108.28118133544922,119.75,93.37244415283203,80.31999969482422
2016-11-11,185.28062438964844,108.32797241210938,117.0999984741211,92.84752655029297,78.16000366210938
2016-11-14,185.4262237548828,107.23343658447266,116.11000061035156,92.2921371459961,78.95999908447266
2016-11-15,186.87306213378906,108.72084045410156,117.12000274658203,92.74856567382812,82.72000122070312
2016-11-16,186.52200317382812,109.3663101196289,116.7699966430664,93.58543395996094,81.83999633789062
2016-11-17,187.48086547851562,110.16146850585938,116.16999816894531,92.20841979980469,81.04000091552734
2016-11-18,187.0613555908203,109.74986267089844,115.1500015258789,91.9421615600586,82.55999755859375
2016-11-21,188.47396850585938,110.8911361694336,115.58000183105469,92.17037200927734,86.16000366210938
2016-11-22,188.8420867919922,111.2279281616211,115.54000091552734,92.13993835449219,85.04000091552734
2016-11-23,188.94480895996094,110.77891540527344,113.25,91.78237915039062,85.36000061035156
2016-11-25,189.6468505859375,111.13436126708984,112.61000061035156,91.91931915283203,82.63999938964844
2016-11-28,188.75643920898438,110.88177490234375,113.80000305175781,92.59642791748047,83.5199966430664
2016-11-29,189.12460327148438,111.26534271240234,113.2699966430664,92.98441314697266,80.4800033569336
2016-11-30,188.6708526611328,109.91825103759766,111.75,91.47809600830078,87.44000244140625
2016-12-01,187.9774169921875,108.01923370361328,111.54000091552734,90.5121841430664,90.63999938964844
2016-12-02,188.07159423828125,108.23439025878906,112.13999938964844,91.17543029785156,91.83999633789062
2016-12-05,189.20162963867188,109.07632446289062,111.54000091552734,91.07628631591797,90.80000305175781
2016-12-06,189.80091857910156,109.3382568359375,111.43000030517578,91.0076904296875,90.31999969482422
2016-12-07,192.2836456298828,110.72276306152344,111.83000183105469,91.7852783203125,88.72000122070312
2016-12-08,192.75454711914062,110.91920471191406,111.56999969482422,90.7027816772461,90.4800033569336
2016-12-09,193.91885375976562,111.78922271728516,110.4000015258789,89.57449340820312,91.5199966430664
2016-12-12,193.69625854492188,111.28404998779297,110.81999969482422,89.7422103881836,92.95999908447266
2016-12-13,194.989013671875,112.687255859375,110.44999694824219,90.06240844726562,93.83999633789062
2016-12-14,193.37948608398438,112.45339965820312,108.83000183105469,89.05610656738281,90.55999755859375
2016-12-15,194.1757049560547,112.6311264038086,107.33999633789062,89.50590515136719,90.87999725341797
2016-12-16,193.79586791992188,112.21361541748047,108.05000305175781,89.30006408691406,92.4000015258789
2016-12-19,194.21788024902344,112.67335510253906,108.58999633789062,90.2606201171875,92.0
2016-12-20,194.96707153320312,113.10494995117188,107.79000091552734,89.81084442138672,92.95999908447266
2016-12-21,194.4246063232422,113.02050018310547,107.8499984741211,90.20722961425781,91.5199966430664
2016-12-22,194.08872985839844,112.7015151977539,107.58999633789062,90.04597473144531,91.68000030517578
2016-12-23,194.37294006347656,112.77655792236328,107.93000030517578,90.22943115234375,92.4800033569336
2016-12-27,194.85511779785156,113.3582534790039,108.55999755859375,89.93894958496094,93.83999633789062
2016-12-28,193.2447967529297,112.47631072998047,108.86000061035156,90.59628295898438,94.0
2016-12-29,193.20176696777344,112.31684112548828,110.29000091552734,90.91729736328125,93.76000213623047
2016-12-30,192.49557495117188,111.16280364990234,109.61000061035156,91.05489349365234,93.76000213623047
2017-01-03,193.96815490722656,112.15731811523438,110.47000122070312,91.4447021484375,91.5199966430664
2017-01-04,195.1221160888672,112.76716613769531,110.86000061035156,91.7962646484375,92.63999938964844
2017-01-05,194.96707153320312,113.40518951416016,112.58000183105469,93.23323059082031,93.5999984741211
2017-01-06,195.6646270751953,114.39971923828125,111.75,92.37718200683594,93.44000244140625
2017-01-09,195.01878356933594,114.77503967285156,112.66999816894531,93.11859130859375,90.4800033569336
2017-01-10,195.01878356933594,115.0283432006836,113.1500015258789,93.05743408203125,88.55999755859375
2017-01-11,195.56993103027344,115.33798217773438,113.5,93.37080383300781,90.95999908447266
2017-01-12,195.07907104492188,115.15967559814453,113.91000366210938,93.1644287109375,92.31999969482422
2017-01-13,195.52679443359375,115.55376434326172,114.20999908447266,92.72111511230469,91.27999877929688
2017-01-17,194.8379669189453,115.20659637451172,115.8499984741211,93.69183349609375,91.44000244140625
2017-01-18,195.26849365234375,115.44117736816406,114.87000274658203,92.4918212890625,89.27999877929688
2017-01-19,194.5451202392578,115.38487243652344,114.7699966430664,91.8574447631836,89.36000061035156
2017-01-20,195.25990295410156,115.63819122314453,115.05000305175781,91.67398071289062,91.12000274658203
2017-01-23,194.75181579589844,115.73200225830078,115.79000091552734,92.59123229980469,90.55999755859375
2017-01-24,196.00050354003906,116.51073455810547,115.2699966430664,91.95679473876953,90.95999908447266
2017-01-25,197.69700622558594,117.68354797363281,114.31999969482422,90.80266571044922,90.4800033569336
2017-01-26,197.49032592773438,117.8055419921875,113.26000213623047,91.10835266113281,92.23999786376953
2017-01-27,197.1802978515625,118.03072357177734,113.48999786376953,91.43706512451172,91.19999694824219
2017-01-30,195.95745849609375,117.11121368408203,113.97000122070312,91.16193389892578,90.23999786376953
2017-01-31,195.94020080566406,116.87664031982422,115.55000305175781,91.7962646484375,90.55999755859375
2017-02-01,196.01768493652344,117.68354797363281,115.19999694824219,91.22869873046875,91.83999633789062
2017-02-02,196.14686584472656,117.58036804199219,115.83999633789062,91.19036102294922,92.08000183105469
2017-02-03,197.4989013671875,117.9181137084961,116.12999725341797,91.15210723876953,92.31999969482422
2017-02-06,197.14585876464844,118.05886840820312,117.69999694824219,91.70359802246094,91.04000091552734
2017-02-07,197.15444946289062,118.4904556274414,117.45999908447266,92.3777084350586,89.5199966430664
2017-02-08,197.41282653808594,118.68748474121094,118.19000244140625,93.63385772705078,89.83999633789062
2017-02-09,198.583984375,119.11905670166016,117.29000091552734,92.55381774902344,90.80000305175781
2017-02-10,199.36761474609375,119.51313781738281,117.5999984741211,92.50022888183594,92.0
2017-02-13,200.4527130126953,120.18865966796875,116.80000305175781,92.2092056274414,90.55999755859375
2017-02-14,201.25355529785156,120.59208679199219,116.93000030517578,91.54277801513672,91.04000091552734
2017-02-15,202.30418395996094,121.3051528930664,117.44999694824219,91.12150573730469,90.87999725341797
2017-02-16,202.1319580078125,121.26765441894531,118.08000183105469,91.61930847167969,91.27999877929688
2017-02-17,202.4505615234375,121.79305267333984,117.68000030517578,92.16322326660156,91.12000274658203
2017-02-21,203.65618896484375,122.39349365234375,117.75,92.00232696533203,92.31999969482422
2017-02-22,203.4753875732422,122.44043731689453,117.91000366210938,92.1554946899414,90.87999725341797
2017-02-23,203.61314392089844,121.98069763183594,118.94000244140625,92.4312744140625,92.23999786376953
2017-02-24,203.87149047851562,122.21527099609375,119.69999694824219,93.45770263671875,91.68000030517578
2017-02-27,204.19012451171875,122.36539459228516,119.12000274658203,92.90618896484375,91.76000213623047
2017-02-28,203.63897705078125,121.99008178710938,119.2300033569336,93.2508773803711,91.5999984741211
2017-03-01,206.48948669433594,123.3224105834961,119.05999755859375,91.68832397460938,91.19999694824219
2017-03-02,205.1891326904297,122.70314025878906,117.58000183105469,91.35830688476562,89.36000061035156
2017-03-03,205.3181915283203,122.9283447265625,117.51000213623047,91.59626770019531,90.31999969482422
2017-03-06,204.7068634033203,122.65624237060547,116.72000122070312,91.15882873535156,90.23999786376953
2017-03-07,204.0953826904297,122.44979858398438,115.77999877929688,90.88253784179688,90.16000366210938
2017-03-08,203.7164764404297,122.6656494140625,115.05999755859375,90.391357421875,85.36000061035156
2017-03-09,203.97483825683594,122.75945281982422,114.47000122070312,89.66991424560547,84.23999786376953
2017-03-10,204.68960571289062,123.27546691894531,114.72000122070312,89.98458862304688,82.31999969482422
2017-03-13,204.79290771484375,123.48190307617188,114.73999786376953,89.41666412353516,82.23999786376953
2017-03-14,204.00930786132812,123.18162536621094,114.12000274658203,89.8464584350586,81.5199966430664
2017-03-15,205.77467346191406,123.9416275024414,116.25,90.94390106201172,83.04000091552734
2017-03-16,205.3699188232422,123.85718536376953,116.7300033569336,90.48345184326172,82.87999725341797
2017-03-17,205.00926208496094,123.8139419555664,116.98999786376953,91.05131530761719,82.63999938964844
2017-03-20,204.78439331054688,123.9267349243164,117.51000213623047,91.44275665283203,82.16000366210938
2017-03-21,202.15509033203125,122.04637908935547,118.54000091552734,92.20250701904297,80.87999725341797
2017-03-22,202.6307830810547,122.87374877929688,118.83000183105469,92.57095336914062,80.95999908447266
2017-03-23,202.41453552246094,122.56346130371094,118.66999816894531,92.44046020507812,80.08000183105469
2017-03-24,202.2675323486328,122.8173599243164,118.86000061035156,92.77046203613281,80.72000122070312
2017-03-27,202.05992126464844,123.0147933959961,119.52999877929688,93.19255828857422,80.31999969482422
2017-03-28,203.53030395507812,123.76691436767578,119.04000091552734,92.57095336914062,81.19999694824219
2017-03-29,203.7205352783203,124.34044647216797,119.33000183105469,93.12348937988281,82.95999908447266
2017-03-30,204.36924743652344,124.54727935791016,118.47000122070312,92.37140655517578,84.55999755859375
2017-03-31,203.8935089111328,124.46265411376953,118.72000122070312,92.64000701904297,85.12000274658203
2017-04-03,203.5389404296875,124.38742065429688,119.3499984741211,93.57447814941406,84.4000015258789
2017-04-04,203.66867065429688,124.58492279052734,119.62000274658203,93.06684112548828,85.68000030517578
2017-04-05,203.06321716308594,124.07717895507812,119.62000274658203,93.35137939453125,85.44000244140625
2017-04-06,203.6340789794922,124.14299011230469,119.18000030517578,93.21295166015625,86.87999725341797
2017-04-07,203.42645263671875,124.07717895507812,119.45999908447266,92.83612823486328,87.68000030517578
2017-04-10,203.547607421875,124.12421417236328,119.45999908447266,93.26680755615234,89.12000274658203
2017-04-11,203.305419921875,123.58830261230469,121.19000244140625,94.1512680053711,89.36000061035156
2017-04-12,202.41453552246094,123.08998107910156,122.0199966430664,94.66654968261719,88.87999725341797
2017-04-13,201.09986877441406,122.60108947753906,122.5999984741211,94.95879364013672,89.04000091552734
2017-04-17,202.88162231445312,123.61647033691406,122.23999786376953,94.66654968261719,88.4800033569336
2017-04-18,202.27610778808594,123.42845916748047,122.81999969482422,95.90475463867188,88.31999969482422
2017-04-19,201.9042510986328,123.62591552734375,121.7300033569336,95.38176727294922,84.95999908447266
2017-04-20,203.547607421875,124.6601333618164,121.95999908447266,95.01260375976562,84.31999969482422
2017-04-21,202.89883422851562,124.63192749023438,122.30999755859375,95.01260375976562,82.55999755859375
2017-04-24,205.13031005859375,126.13618469238281,121.4800033569336,94.54347229003906,82.0
2017-04-25,206.3239288330078,127.0482406616211,120.25,93.40522003173828,82.87999725341797
2017-04-26,206.1941680908203,126.86955261230469,120.83999633789062,93.9205093383789,82.08000183105469
2017-04-27,206.36717224121094,127.63108825683594,120.38999938964844,93.88975524902344,81.91999816894531
2017-04-28,205.9174346923828,127.85676574707031,120.7699966430664,94.09742736816406,81.91999816894531
2017-05-01,206.4363555908203,128.994384765625,119.66999816894531,93.3151626586914,81.19999694824219
2017-05-02,206.5142364501953,129.21066284179688,119.6500015258789,93.7929916381836,79.36000061035156
2017-05-03,206.26339721679688,128.79693603515625,117.9800033569336,93.85465240478516,79.44000244140625
2017-05-04,206.50558471679688,128.84396362304688,116.79000091552734,93.39221954345703,75.68000030517578
2017-05-05,207.3185272216797,129.31405639648438,117.01000213623047,93.47700500488281,77.27999877929688
2017-05-08,207.28399658203125,129.59605407714844,116.75,92.96832275390625,77.36000061035156
2017-05-09,207.09368896484375,130.04747009277344,116.05000305175781,92.96066284179688,76.55999755859375
2017-05-10,207.46556091308594,130.1226043701172,116.04000091552734,92.85272979736328,78.87999725341797
2017-05-11,207.04180908203125,130.0192108154297,116.5,92.85272979736328,79.5199966430664
2017-05-12,206.69586181640625,130.31068420410156,116.83000183105469,93.55408477783203,79.5999984741211
2017-05-15,207.8375244140625,130.72438049316406,117.13999938964844,93.29975891113281,81.36000061035156
2017-05-16,207.64723205566406,131.2696990966797,117.6500015258789,93.64654541015625,80.87999725341797
2017-05-17,203.96270751953125,127.93199157714844,119.79000091552734,95.01068115234375,81.5199966430664
2017-05-18,204.78439331054688,129.05081176757812,118.80999755859375,95.1185531616211,82.08000183105469
2017-05-19,206.11639404296875,129.59605407714844,119.4000015258789,95.34207916259766,83.83999633789062
2017-05-22,207.16287231445312,130.68675231933594,119.9000015258789,95.08006286621094,84.31999969482422
2017-05-23,207.6212921142578,130.81842041015625,119.13999938964844,94.44037628173828,85.12000274658203
2017-05-24,208.10568237304688,131.4200897216797,119.61000061035156,94.97212982177734,84.80000305175781
2017-05-25,209.10025024414062,132.53890991210938,119.4800033569336,95.0029296875,80.31999969482422
2017-05-26,209.0570068359375,132.77394104003906,120.54000091552734,95.164794921875,82.23999786376953
2017-05-30,208.87539672851562,132.8867950439453,120.13999938964844,95.63496398925781,81.91999816894531
2017-05-31,208.8235321044922,132.83981323242188,120.62000274658203,95.87384033203125,79.68000030517578
2017-06-01,210.48416137695312,133.35691833496094,120.72000122070312,95.8839111328125,79.27999877929688
2017-06-02,211.18472290039062,134.8800048828125,121.61000061035156,97.01924133300781,78.87999725341797
2017-06-05,211.02903747558594,134.85182189941406,121.7300033569336,96.41677856445312,78.4000015258789
2017-06-06,210.3544158935547,134.3158416748047,123.0999984741211,96.9419937133789,79.76000213623047
2017-06-07,210.74363708496094,134.84242248535156,122.44999694824219,96.47857666015625,75.68000030517578
2017-06-08,210.84738159179688,134.98342895507812,121.6500015258789,96.22372436523438,75.44000244140625
2017-06-09,210.52737426757812,131.60812377929688,120.54000091552734,96.07699584960938,75.91999816894531
2017-06-12,210.48416137695312,130.90301513671875,120.36000061035156,96.04609680175781,76.16000366210938
2017-06-13,211.5133819580078,131.96534729003906,120.4800033569336,96.06150817871094,76.80000305175781
2017-06-14,211.24526977539062,131.391845703125,119.81999969482422,97.54436492919922,73.83999633789062
2017-06-15,210.83876037597656,130.8090057373047,119.31999969482422,97.38995361328125,73.44000244140625
2017-06-16,210.88482666015625,130.24142456054688,119.33999633789062,97.58297729492188,73.91999816894531
2017-06-19,212.6404571533203,132.41920471191406,118.43000030517578,97.4439926147461,72.95999908447266
2017-06-20,211.2063751220703,131.3821563720703,118.18000030517578,98.31669616699219,71.5999984741211
2017-06-21,211.15423583984375,132.68321228027344,118.5199966430664,98.51752471923828,69.68000030517578
2017-06-22,211.05860900878906,132.6454315185547,118.91999816894531,98.73375701904297,70.23999786376953
2017-06-23,211.31068420410156,133.15455627441406,119.43000030517578,98.68739318847656,70.87999725341797
2017-06-26,211.4497528076172,132.53231811523438,118.36000061035156,99.05809783935547,71.44000244140625
2017-06-27,209.74624633789062,130.1282958984375,118.80999755859375,98.0000991821289,72.80000305175781
2017-06-28,211.62351989746094,132.00439453125,118.9000015258789,97.67570495605469,73.5999984741211
2017-06-29,209.7636260986328,129.7135009765625,118.31999969482422,96.85700988769531,73.68000030517578
2017-06-30,210.15476989746094,129.76065063476562,118.0199966430664,96.633056640625,76.0
2017-07-03,210.51112365722656,128.3936767578125,116.08999633789062,96.32189178466797,76.95999908447266
2017-07-05,210.99777221679688,129.6569061279297,116.5199966430664,96.34512329101562,74.0
2017-07-06,209.0683135986328,128.4879608154297,116.47000122070312,95.5479965209961,74.4800033569336
2017-07-07,210.42416381835938,129.87376403808594,115.27999877929688,94.9753189086914,72.80000305175781
2017-07-10,210.65016174316406,130.7222442626953,115.47000122070312,95.11461639404297,73.04000091552734
2017-07-11,210.49371337890625,131.08987426757812,115.62000274658203,95.27711486816406,74.16000366210938
2017-07-12,212.07553100585938,132.6454315185547,116.02999877929688,95.93496704101562,74.63999938964844
2017-07-13,212.4318084716797,132.9376983642578,115.81999969482422,95.33130645751953,75.76000213623047
2017-07-14,213.4226531982422,133.98411560058594,116.7699966430664,95.44741821289062,76.72000122070312
2017-07-17,213.39659118652344,134.0501251220703,117.29000091552734,95.71052551269531,75.5999984741211
2017-07-18,213.5095977783203,134.94577026367188,118.11000061035156,96.54632568359375,76.31999969482422
2017-07-19,214.66551208496094,135.7376708984375,118.08000183105469,96.58505249023438,77.5199966430664
2017-07-20,214.7611541748047,135.9168243408203,118.23999786376953,96.86366271972656,76.87999725341797
2017-07-21,214.56993103027344,135.8602752685547,119.26000213623047,97.2738265991211,74.72000122070312
2017-07-24,214.51776123046875,136.4824981689453,119.30999755859375,96.89463806152344,76.0
2017-07-25,215.0392303466797,136.13365173339844,118.91999816894531,95.6331558227539,78.4800033569336
2017-07-26,215.04788208007812,136.5767364501953,119.87999725341797,95.78790283203125,79.68000030517578
2017-07-27,214.84803771972656,135.7188262939453,119.79000091552734,95.31584930419922,80.4800033569336
2017-07-28,214.5960235595703,135.60565185546875,120.69000244140625,95.88082885742188,81.36000061035156
2017-07-31,214.4743194580078,135.03062438964844,120.75,95.99691009521484,82.23999786376953
2017-08-01,214.95228576660156,135.34173583984375,120.6500015258789,96.67086791992188,80.72000122070312
2017-08-02,215.05661010742188,135.70938110351562,120.4000015258789,96.72518920898438,81.12000274658203
2017-08-03,214.6394500732422,135.18148803710938,120.58999633789062,97.72574615478516,80.16000366210938
2017-08-04,215.03053283691406,135.42660522460938,119.6500015258789,96.89582061767578,81.04000091552734
2017-08-07,215.4303741455078,136.2845001220703,119.51000213623047,97.00438690185547,80.80000305175781
2017-08-08,214.9001922607422,136.0487823486328,119.86000061035156,96.65534973144531,80.4800033569336
2017-08-09,214.8914794921875,135.8696746826172,121.30999755859375,97.18281555175781,81.19999694824219
2017-08-10,211.85824584960938,132.95660400390625,122.20999908447266,98.01265716552734,79.27999877929688
2017-08-11,212.17108154296875,133.9652862548828,122.79000091552734,98.05921173095703,79.91999816894531
2017-08-14,214.2744140625,135.6905517578125,121.91999816894531,97.55509948730469,77.76000213623047
2017-08-15,214.24830627441406,135.7847900390625,120.9800033569336,97.14402770996094,78.0
2017-08-16,214.6220245361328,136.02049255371094,121.87000274658203,97.50079345703125,76.55999755859375
2017-08-17,211.27593994140625,133.23936462402344,122.48999786376953,98.22987365722656,76.95999908447266
2017-08-18,210.94566345214844,133.14517211914062,122.30000305175781,98.20658874511719,79.76000213623047
2017-08-21,211.11074829101562,132.97540283203125,122.76000213623047,98.4469985961914,77.68000030517578
2017-08-22,213.31834411621094,135.0023193359375,122.20999908447266,98.06698608398438,78.16000366210938
2017-08-23,212.5535125732422,134.5215301513672,122.66999816894531,98.73397064208984,79.04000091552734
2017-08-24,212.05816650390625,134.12557983398438,122.29000091552734,98.36947631835938,77.68000030517578
2017-08-25,212.5535125732422,133.84274291992188,122.73999786376953,98.74949645996094,78.0
2017-08-28,212.56222534179688,134.25750732421875,124.69000244140625,98.68740844726562,76.23999786376953
2017-08-29,212.80555725097656,134.78550720214844,124.41999816894531,99.00543975830078,75.68000030517578
2017-08-30,213.8137969970703,136.36924743652344,124.36000061035156,98.97438049316406,75.04000091552734
2017-08-31,215.10009765625,137.83059692382812,125.81999969482422,99.2691650390625,77.04000091552734
2017-09-01,215.40428161621094,137.6420440673828,126.05999755859375,98.50981903076172,77.36000061035156
2017-09-05,213.8572235107422,136.4070587158203,127.45999908447266,100.07200622558594,79.36000061035156
2017-09-06,214.58724975585938,136.82191467285156,126.80999755859375,99.45797729492188,80.31999969482422
2017-09-07,214.5612335205078,137.14236450195312,128.1300048828125,100.47612762451172,80.23999786376953
2017-09-08,214.30917358398438,135.9545135498047,127.97000122070312,100.25856018066406,77.83999633789062
2017-09-11,216.594970703125,137.5194854736328,126.19000244140625,99.0616455078125,78.55999755859375
2017-09-12,217.3250732421875,137.8494873046875,126.55999755859375,98.54094696044922,78.95999908447266
2017-09-13,217.42929077148438,138.03799438476562,125.61000061035156,98.15226745605469,80.55999755859375
2017-09-14,217.35980224609375,137.22718811035156,126.16000366210938,98.55644226074219,81.04000091552734
2017-09-15,217.65243530273438,137.69859313964844,125.52999877929688,98.59529876708984,81.5999984741211
2017-09-18,218.1153106689453,137.51815795898438,124.36000061035156,98.02796173095703,81.36000061035156
2017-09-19,218.33367919921875,137.75433349609375,124.62000274658203,97.78704071044922,80.87999725341797
2017-09-20,218.4123077392578,137.32920837402344,123.62000274658203,97.85697937011719,81.91999816894531
2017-09-21,217.8270721435547,136.48834228515625,122.68000030517578,97.8025894165039,82.0
2017-09-22,217.8707733154297,136.3560028076172,123.23999786376953,98.08235168457031,81.91999816894531
2017-09-25,217.4253387451172,134.9198760986328,124.52999877929688,98.69635772705078,84.4000015258789
2017-09-26,217.55636596679688,135.2694854736328,123.13999938964844,98.51761627197266,83.91999816894531
2017-09-27,218.40354919433594,136.48834228515625,121.9800033569336,97.03314208984375,84.16000366210938
2017-09-28,218.66561889648438,136.4410858154297,122.20999908447266,96.74561309814453,83.44000244140625
2017-09-29,219.43421936035156,137.4236297607422,121.58000183105469,96.96321105957031,83.44000244140625
2017-10-02,220.3862762451172,137.5465087890625,120.7699966430664,96.78559875488281,81.68000030517578
2017-10-03,220.8579864501953,137.83938598632812,120.83000183105469,96.87907409667969,81.44000244140625
2017-10-04,221.11996459960938,137.97164916992188,121.16999816894531,96.88687896728516,80.63999938964844
2017-10-05,222.43016052246094,139.32275390625,120.5199966430664,96.52085876464844,82.0
2017-10-06,222.17681884765625,139.51173400878906,121.08999633789062,96.248291015625,79.76000213623047
2017-10-09,221.80996704101562,139.35108947753906,122.08000183105469,96.5519790649414,80.0
2017-10-10,222.39517211914062,139.45504760742188,122.4000015258789,96.70777893066406,82.23999786376953
2017-10-11,222.74456787109375,139.87074279785156,122.79000091552734,96.89466857910156,82.87999725341797
2017-10-12,222.4126739501953,139.6156768798828,122.88999938964844,97.30743408203125,81.83999633789062
2017-10-13,222.68344116210938,140.15420532226562,123.81999969482422,98.00828552246094,82.95999908447266
2017-10-16,222.98040771484375,140.63604736328125,122.97000122070312,97.93822479248047,83.68000030517578
2017-10-17,223.1376495361328,140.81558227539062,122.12999725341797,98.06283569335938,83.91999816894531
2017-10-18,223.3559112548828,140.64552307128906,121.66999816894531,97.41642761230469,83.83999633789062
2017-10-19,223.41708374023438,140.12582397460938,122.38999938964844,97.5877914428711,82.80000305175781
2017-10-20,224.5700225830078,140.50376892089844,121.61000061035156,96.5519790649414,83.44000244140625
2017-10-23,223.69662475585938,139.58734130859375,121.80000305175781,96.72335815429688,83.36000061035156
2017-10-24,224.08966064453125,139.82354736328125,121.33000183105469,96.1236801147461,84.31999969482422
2017-10-25,222.98040771484375,139.29440307617188,121.3499984741211,95.66425323486328,83.83999633789062
2017-10-26,223.26858520507812,138.85032653808594,120.33000183105469,95.34492492675781,84.55999755859375
2017-10-27,225.09413146972656,142.89413452148438,120.9000015258789,95.97567749023438,86.72000122070312
2017-10-30,224.25558471679688,143.21542358398438,121.12999725341797,96.89466857910156,86.95999908447266
2017-10-31,224.60494995117188,143.75393676757812,120.66999816894531,96.92581939697266,87.44000244140625
2017-11-01,224.90191650390625,143.7067108154297,121.11000061035156,97.3573989868164,87.19999694824219
2017-11-02,224.98927307128906,143.4326934814453,121.19000244140625,97.78658294677734,87.91999816894531
2017-11-03,225.74044799804688,144.81214904785156,120.62000274658203,98.05196380615234,89.44000244140625
2017-11-06,226.08982849121094,145.3034210205078,121.6500015258789,98.41876220703125,92.08000183105469
2017-11-07,225.93267822265625,145.38845825195312,121.20999908447266,98.8323974609375,91.91999816894531
2017-11-08,226.31690979003906,145.97427368164062,121.62999725341797,98.61384582519531,91.27999877929688
2017-11-09,225.49594116210938,145.2089385986328,122.12999725341797,98.3328857421875,91.68000030517578
2017-11-10,225.42599487304688,145.1995086669922,121.12999725341797,96.85016632080078,91.36000061035156
2017-11-13,225.6356201171875,145.37899780273438,121.30999755859375,97.05302429199219,91.04000091552734
2017-11-14,225.11158752441406,144.84994506835938,121.55999755859375,97.70858764648438,89.04000091552734
2017-11-15,223.98484802246094,144.1696319580078,121.41000366210938,98.7699203491211,88.72000122070312
2017-11-16,225.888916015625,146.01206970214844,121.4000015258789,97.91150665283203,88.55999755859375
2017-11-17,225.2251434326172,145.45465087890625,122.86000061035156,98.63726806640625,90.80000305175781
2017-11-20,225.6094512939453,145.3412628173828,121.30999755859375,98.5982437133789,90.23999786376953
2017-11-21,227.0855255126953,146.9191131591797,121.51000213623047,98.9104232788086,91.19999694824219
2017-11-22,226.8846893310547,147.09860229492188,122.62999725341797,99.23041534423828,92.80000305175781
2017-11-24,227.40869140625,147.63710021972656,122.31999969482422,98.95724487304688,94.31999969482422
2017-11-27,227.2952117919922,147.57101440429688,122.83000183105469,98.81678009033203,92.72000122070312
2017-11-28,229.60104370117188,147.94894409179688,122.80999755859375,98.94945526123047,92.63999938964844
2017-11-29,229.46131896972656,145.36959838867188,122.04000091552734,97.97392272949219,91.76000213623047
2017-11-30,231.47024536132812,146.58836364746094,121.0999984741211,97.64615631103516,91.76000213623047
2017-12-01,230.9898223876953,145.96484375,121.58999633789062,98.96382904052734,93.36000061035156
2017-12-04,230.7103271484375,144.2830352783203,121.18000030517578,99.0107421875,91.91999816894531
2017-12-05,229.8805694580078,144.37753295898438,120.31999969482422,99.50343322753906,92.31999969482422
2017-12-06,229.92422485351562,145.02947998046875,120.06999969482422,99.84754180908203,89.5999984741211
2017-12-07,230.649169921875,145.52073669433594,118.48999786376953,99.06549072265625,90.63999938964844
2017-12-08,231.9069366455078,146.16319274902344,118.4800033569336,99.07334899902344,91.91999816894531
2017-12-11,232.60569763183594,147.29701232910156,118.01000213623047,98.86997985839844,92.80000305175781
2017-12-12,233.0161895751953,147.09860229492188,118.1500015258789,98.83090209960938,91.5199966430664
2017-12-13,232.99000549316406,147.38206481933594,119.16999816894531,99.57380676269531,90.63999938964844
2017-12-14,232.03799438476562,147.27810668945312,118.93000030517578,99.9961166381836,91.44000244140625
2017-12-15,233.97024536132812,148.95046997070312,119.18000030517578,100.37144470214844,91.68000030517578
2017-12-18,235.45388793945312,150.19927978515625,119.7300033569336,99.45655822753906,91.5199966430664
2017-12-19,234.5496368408203,149.30926513671875,119.81999969482422,98.16619110107422,92.08000183105469
2017-12-20,234.4267578125,149.14833068847656,120.13999938964844,97.07918548583984,92.87999725341797
2017-12-21,234.9096221923828,149.16722106933594,120.30999755859375,97.6449966430664,93.12000274658203
2017-12-22,234.84812927246094,148.99681091308594,120.94000244140625,97.77819061279297,93.27999877929688
2017-12-26,234.56719970703125,148.1920928955078,121.7699966430664,98.0682373046875,95.5999984741211
2017-12-27,234.6813507080078,148.21096801757812,122.2300033569336,99.34558868408203,95.36000061035156
2017-12-28,235.16416931152344,148.39088439941406,122.8499984741211,99.25936889648438,95.76000213623047
2017-12-29,234.27752685546875,147.47244262695312,123.6500015258789,99.41604614257812,96.08000183105469
2018-01-02,235.95436096191406,150.0572509765625,125.1500015258789,98.34247589111328,96.55999755859375
2018-01-03,237.4467315673828,151.51528930664062,124.81999969482422,98.81263732910156,98.72000122070312
2018-01-04,238.44754028320312,151.78038024902344,125.45999908447266,98.7969970703125,98.95999908447266
2018-01-05,240.03656005859375,153.30479431152344,125.33000183105469,98.5148696899414,98.4800033569336
2018-01-08,240.4754638671875,153.90122985839844,125.30999755859375,98.45219421386719,99.04000091552734
2018-01-09,241.01976013183594,153.91067504882812,124.7300033569336,97.1356430053711,100.55999755859375
2018-01-10,240.65113830566406,153.5509033203125,125.02999877929688,97.01807403564453,101.44000244140625
2018-01-11,242.4068603515625,154.601806640625,125.44000244140625,97.41773223876953,101.5999984741211
2018-01-12,243.9872283935547,155.73797607421875,126.95999908447266,97.5822982788086,102.95999908447266
2018-01-16,243.15313720703125,155.2930450439453,127.16999816894531,97.98979949951172,102.08000183105469
2018-01-17,245.47076416015625,156.96884155273438,126.13999938964844,97.85658264160156,102.23999786376953
2018-01-18,245.05819702148438,156.99720764160156,125.86000061035156,96.94752502441406,102.08000183105469
2018-01-19,246.17311096191406,157.4895477294922,126.41999816894531,96.43816375732422,101.76000213623047
2018-01-22,248.1746826171875,159.1748504638672,126.6500015258789,96.53218078613281,102.23999786376953
2018-01-23,248.7014923095703,160.49087524414062,127.27999877929688,96.94752502441406,103.76000213623047
2018-01-24,248.60482788085938,159.44943237304688,128.8300018310547,96.42247009277344,105.76000213623047
2018-01-25,248.7101593017578,159.39263916015625,127.97000122070312,97.21400451660156,104.4800033569336
2018-01-26,251.58987426757812,161.83534240722656,128.07000732421875,96.85348510742188,105.91999816894531
2018-01-29,249.9217529296875,161.04954528808594,127.3499984741211,96.17952728271484,104.87999725341797
2018-01-30,247.35826110839844,159.72402954101562,126.80000305175781,95.61530303955078,103.19999694824219
2018-01-31,247.48121643066406,160.38670349121094,127.6500015258789,96.17952728271484,103.83999633789062
2018-02-01,247.2001953125,159.02340698242188,128.07000732421875,94.7856216430664,105.91999816894531
2018-02-02,241.8186798095703,155.8516082763672,126.38999938964844,93.90613555908203,104.31999969482422
2018-02-05,231.7052459716797,149.70693969726562,126.70999908447266,94.79345703125,102.16000366210938
2018-02-06,236.27035522460938,153.6739959716797,125.37999725341797,94.20449829101562,101.5999984741211
2018-02-07,234.98863220214844,151.68572998046875,124.79000091552734,93.30926513671875,98.95999908447266
2018-02-08,226.1744384765625,145.285400390625,124.9800033569336,93.2071762084961,96.72000122070312
2018-02-09,229.5719451904297,147.79437255859375,124.7699966430664,92.61821746826172,94.87999725341797
2018-02-12,232.94308471679688,150.41705322265625,125.37000274658203,93.0265884399414,95.12000274658203
2018-02-13,233.5225372314453,151.19338989257812,126.08000183105469,93.44275665283203,94.95999908447266
2018-02-14,236.67413330078125,154.02430725097656,128.22999572753906,92.40619659423828,97.44000244140625
2018-02-15,239.6941680908203,156.88360595703125,128.3800048828125,92.72030639648438,98.63999938964844
2018-02-16,239.7643585205078,156.1829833984375,127.95999908447266,93.2228775024414,99.04000091552734
2018-02-20,238.26318359375,156.4954376220703,126.23999786376953,92.81453704833984,99.12000274658203
2018-02-21,237.0780029296875,156.0504608154297,125.66000366210938,91.67584991455078,98.31999969482422
2018-02-22,237.38526916503906,156.03155517578125,126.30000305175781,91.95072174072266,100.72000122070312
2018-02-23,241.16903686523438,159.2222137451172,126.13999938964844,92.7674331665039,102.16000366210938
2018-02-26,243.96954345703125,161.33352661132812,126.44999694824219,92.79883575439453,102.87999725341797
2018-02-27,240.9232635498047,159.33578491210938,125.12999725341797,92.66535186767578,101.19999694824219
2018-02-28,238.48263549804688,158.31324768066406,125.0,93.25431060791016,98.95999908447266
2018-03-01,235.01495361328125,155.72857666015625,124.72000122070312,93.89092254638672,98.80000305175781
2018-03-02,236.22647094726562,157.158203125,125.38999938964844,93.12761688232422,98.95999908447266
2018-03-05,238.95669555664062,158.90028381347656,125.18000030517578,92.87580871582031,100.72000122070312
2018-03-06,239.56248474121094,159.57252502441406,126.52999877929688,92.96237182617188,100.55999755859375
2018-03-07,239.4747314453125,159.94174194335938,125.72000122070312,92.86006927490234,98.80000305175781
2018-03-08,240.63351440429688,160.82225036621094,125.41999816894531,93.39517211914062,97.19999694824219
2018-03-09,244.8211669921875,163.9467010498047,125.54000091552734,92.78141784667969,99.76000213623047
2018-03-12,244.51388549804688,164.8177032470703,125.54000091552734,93.31646728515625,98.95999908447266
2018-03-13,242.93365478515625,162.57382202148438,125.77999877929688,93.7885971069336,97.91999816894531
2018-03-14,241.68698120117188,162.54544067382812,125.69999694824219,94.61482238769531,98.23999786376953
2018-03-15,241.42359924316406,162.40341186523438,124.9000015258789,94.61482238769531,98.72000122070312
2018-03-16,241.68540954589844,161.9205322265625,124.5999984741211,94.27643585205078,100.4000015258789
2018-03-19,238.4153594970703,158.46580505371094,124.87000274658203,93.97747039794922,100.4000015258789
2018-03-20,238.82080078125,158.98733520507812,124.30999755859375,93.59973907470703,102.4800033569336
2018-03-21,238.36248779296875,158.2951202392578,126.4800033569336,93.7020492553711,105.44000244140625
2018-03-22,232.40408325195312,154.3879852294922,125.9800033569336,94.63056945800781,103.5999984741211
2018-03-23,227.45050048828125,150.3196258544922,127.61000061035156,94.55976104736328,106.23999786376953
2018-03-26,233.67330932617188,155.90530395507812,128.27999877929688,94.19775390625,105.68000030517578
2018-03-27,229.69810485839844,150.8602294921875,127.48999786376953,95.2049789428711,104.63999938964844
2018-03-28,229.0193634033203,149.1247100830078,125.7300033569336,95.45677947998047,104.31999969482422
2018-03-29,231.94569396972656,151.85598754882812,125.79000091552734,95.92106628417969,104.72000122070312
2018-04-02,226.93922424316406,147.47462463378906,127.26000213623047,96.11029052734375,101.91999816894531
2018-04-03,229.8479461669922,149.1342315673828,126.30000305175781,95.36903381347656,102.4800033569336
2018-04-04,232.3070831298828,151.486083984375,126.44999694824219,95.17188262939453,102.55999755859375
2018-04-05,234.14048767089844,152.34909057617188,125.80000305175781,94.4621810913086,102.63999938964844
2018-04-06,228.9224853515625,148.5367889404297,126.38999938964844,95.49525451660156,100.08000183105469
2018-04-09,230.05068969726562,149.57992553710938,126.81999969482422,95.6529312133789,102.16000366210938
2018-04-10,233.70858764648438,152.880126953125,127.12000274658203,95.47943878173828,106.0
2018-04-11,232.48338317871094,151.99819946289062,128.11000061035156,95.81853485107422,107.5999984741211
2018-04-12,234.3960418701172,153.82846069335938,126.62000274658203,95.11673736572266,108.16000366210938
2018-04-13,233.70858764648438,153.03187561035156,127.44999694824219,95.3375244140625,108.4000015258789
2018-04-16,235.6300811767578,154.19833374023438,127.62999725341797,95.36903381347656,107.04000091552734
2018-04-17,238.1509246826172,157.5174560546875,127.75,95.6292495727539,107.27999877929688
2018-04-18,238.32723999023438,157.8398895263672,127.8499984741211,94.8643798828125,111.04000091552734
2018-04-19,237.005126953125,156.3889617919922,127.5999984741211,94.09160614013672,110.16000366210938
2018-04-20,234.99542236328125,153.91380310058594,126.62999725341797,93.41343688964844,110.0
2018-04-23,234.96022033691406,153.52496337890625,125.62000274658203,93.43704986572266,111.36000061035156
2018-04-24,231.79592895507812,150.272216796875,126.2300033569336,93.0112075805664,109.44000244140625
2018-04-25,232.3688507080078,150.45240783691406,125.41000366210938,92.38829040527344,109.76000213623047
2018-04-26,234.73104858398438,153.61985778808594,124.97000122070312,93.03487396240234,110.16000366210938
2018-04-27,234.951416015625,153.7146759033203,125.5,93.75247192382812,109.83999633789062
2018-04-30,233.14447021484375,152.6240692138672,124.58999633789062,93.91805267333984,110.4000015258789
2018-05-01,233.5587615966797,154.36898803710938,123.70999908447266,93.57984924316406,108.87999725341797
2018-05-02,231.98977661132812,153.45858764648438,123.6500015258789,93.47711181640625,109.36000061035156
2018-05-03,231.4785614013672,153.43972778320312,124.27999877929688,93.8959732055664,110.55999755859375
2018-05-04,234.4753875732422,156.35107421875,124.54000091552734,94.03819274902344,112.72000122070312
2018-05-07,235.2686767578125,157.65023803710938,124.56999969482422,93.8880844116211,112.80000305175781
2018-05-08,235.2686767578125,157.48902893066406,124.58999633789062,93.80115509033203,112.4800033569336
2018-05-09,237.542724609375,159.20545959472656,124.33000183105469,93.23995971679688,114.95999908447266
2018-05-10,239.76390075683594,160.8555908203125,125.18000030517578,93.99081420898438,115.27999877929688
2018-05-11,240.49549865722656,160.70382690429688,125.0,94.22789001464844,114.0
2018-05-14,240.6100616455078,160.9788360595703,124.48999786376953,93.72996520996094,115.04000091552734
2018-05-15,238.9530029296875,159.1959991455078,122.4800033569336,92.66310119628906,115.19999694824219
2018-05-16,239.9578399658203,160.2486572265625,122.29000091552734,92.30746459960938,115.68000030517578
2018-05-17,239.75511169433594,159.6322021484375,122.36000061035156,91.84114837646484,115.91999816894531
2018-05-18,239.15574645996094,158.80712890625,122.41000366210938,92.63147735595703,115.44000244140625
2018-05-21,240.95379638671875,159.69862365722656,122.4800033569336,92.67890930175781,117.36000061035156
2018-05-22,240.28396606445312,159.489990234375,122.41000366210938,92.5366439819336,116.4800033569336
2018-05-23,240.9450225830078,160.83660888671875,122.54000091552734,93.20836639404297,116.08000183105469
2018-05-24,240.45140075683594,160.78916931152344,123.58999633789062,93.9512939453125,114.31999969482422
2018-05-25,239.8784942626953,160.95046997070312,123.20999908447266,94.53608703613281,109.44000244140625
2018-05-29,237.11965942382812,160.23919677734375,123.19000244140625,96.60668182373047,108.08000183105469
2018-05-30,240.28396606445312,161.3866424560547,123.37000274658203,95.95863342285156,110.63999938964844
2018-05-31,238.8119659423828,161.2823486328125,123.0999984741211,95.80059051513672,108.4000015258789
2018-06-01,241.1566162109375,163.81439208984375,122.48999786376953,95.2944107055664,106.0
2018-06-04,242.3024139404297,165.29373168945312,122.37000274658203,94.60530853271484,104.95999908447266
2018-06-05,242.47874450683594,165.80584716796875,122.8499984741211,94.82703399658203,105.76000213623047
2018-06-06,244.5059356689453,166.77313232421875,122.91999816894531,94.05868530273438,105.27999877929688
2018-06-07,244.4795684814453,165.41705322265625,122.86000061035156,94.96965026855469,106.80000305175781
2018-06-08,245.2022705078125,165.4265594482422,123.01000213623047,94.68450164794922,106.16000366210938
2018-06-11,245.52847290039062,165.87225341796875,123.2300033569336,94.51017761230469,106.87999725341797
2018-06-12,245.84579467773438,166.74472045898438,122.81999969482422,94.53397369384766,107.19999694824219
2018-06-13,245.06121826171875,166.73524475097656,123.19000244140625,94.4864501953125,107.76000213623047
2018-06-14,245.6782989501953,168.4232177734375,123.37999725341797,95.27063751220703,108.16000366210938
2018-06-15,245.36485290527344,167.83529663085938,121.33999633789062,95.3578109741211,104.4000015258789
2018-06-18,244.86026000976562,167.73834228515625,121.11000061035156,95.27063751220703,106.31999969482422
2018-06-19,243.92164611816406,167.26316833496094,120.80000305175781,95.82514953613281,105.12000274658203
2018-06-20,244.33778381347656,168.45111083984375,120.26000213623047,94.9854965209961,106.23999786376953
2018-06-21,242.8061065673828,166.987548828125,120.05000305175781,95.4845199584961,106.4800033569336
2018-06-22,243.2488250732422,166.6168975830078,120.33999633789062,95.47661590576172,112.16000366210938
2018-06-25,239.93753051757812,162.86297607421875,119.88999938964844,95.69047546386719,110.16000366210938
2018-06-26,240.46873474121094,163.52825927734375,119.26000213623047,95.82514953613281,114.16000366210938
2018-06-27,238.47659301757812,161.30441284179688,118.58000183105469,96.72817993164062,117.19999694824219
2018-06-28,239.840087890625,162.6919403076172,118.22000122070312,96.7519302368164,118.87999725341797
2018-06-29,240.18536376953125,163.1291046142578,118.6500015258789,96.41928100585938,120.4800033569336
2018-07-02,240.6988983154297,164.22198486328125,117.45999908447266,96.34381866455078,119.68000030517578
2018-07-03,239.8489532470703,162.32131958007812,118.6500015258789,96.8598861694336,119.36000061035156
2018-07-05,241.80563354492188,164.33609008789062,119.05000305175781,97.13777923583984,118.23999786376953
2018-07-06,243.8507843017578,166.89247131347656,118.86000061035156,97.45532989501953,119.68000030517578
2018-07-09,246.04652404785156,168.3940887451172,119.1500015258789,96.828125,120.23999786376953
2018-07-10,246.9320068359375,168.5176239013672,118.93000030517578,96.82019805908203,120.55999755859375
2018-07-11,245.1257781982422,167.66229248046875,117.63999938964844,97.19330596923828,114.4800033569336
2018-07-12,247.34808349609375,170.55140686035156,118.12999725341797,97.1854476928711,115.12000274658203
2018-07-13,247.54286193847656,170.69398498535156,117.61000061035156,97.43152618408203,115.76000213623047
2018-07-16,247.32154846191406,170.28529357910156,117.55000305175781,97.02658081054688,111.5199966430664
2018-07-17,248.32203674316406,171.32119750976562,116.27999877929688,96.84398651123047,111.5999984741211
2018-07-18,248.8444061279297,170.99806213378906,116.30999755859375,96.45496368408203,112.80000305175781
2018-07-19,247.9058074951172,170.14276123046875,115.80999755859375,97.06629943847656,113.04000091552734
2018-07-20,247.62257385253906,170.10472106933594,116.55999755859375,95.87545013427734,113.19999694824219
2018-07-23,248.08294677734375,170.64646911621094,116.0,94.69242858886719,112.72000122070312
2018-07-24,249.3313446044922,171.3497314453125,116.04000091552734,95.01792907714844,113.83999633789062
2018-07-25,251.4562530517578,173.74461364746094,116.68000030517578,94.86709594726562,115.36000061035156
2018-07-26,250.86300659179688,171.1121063232422,115.7699966430664,94.68453216552734,115.76000213623047
2018-07-27,249.1631622314453,168.80276489257812,115.83000183105469,94.8432846069336,114.55999755859375
2018-07-30,247.86167907714844,166.4173583984375,115.6500015258789,94.51776123046875,116.31999969482422
2018-07-31,249.08346557617188,167.6907958984375,115.98999786376953,95.03385925292969,114.23999786376953
2018-08-01,248.66725158691406,168.3275909423828,115.13999938964844,94.25962829589844,112.72000122070312
2018-08-02,250.02195739746094,170.61793518066406,114.5199966430664,94.39488983154297,114.87999725341797
2018-08-03,251.09320068359375,171.14059448242188,114.91999816894531,94.86434936523438,114.16000366210938
2018-08-06,252.01402282714844,172.1480255126953,114.33000183105469,94.92007446289062,114.4800033569336
2018-08-07,252.84628295898438,172.77523803710938,114.58999633789062,94.42669677734375,114.87999725341797
2018-08-08,252.7400360107422,172.98434448242188,114.91000366210938,94.52217864990234,111.19999694824219
2018-08-09,252.3946990966797,172.87977600097656,114.73999786376953,95.31790924072266,111.04000091552734
2018-08-10,250.70361328125,171.5587921142578,114.69000244140625,96.01016998291016,112.63999938964844
2018-08-13,249.76507568359375,171.36875915527344,112.95999908447266,95.81124877929688,112.08000183105469
2018-08-14,251.35887145996094,172.44264221191406,113.06999969482422,95.59638214111328,111.91999816894531
2018-08-15,249.48182678222656,170.33282470703125,111.19000244140625,96.15341186523438,108.08000183105469
2018-08-16,251.50051879882812,170.89352416992188,111.0999984741211,96.14544677734375,109.04000091552734
2018-08-17,252.3858184814453,170.9315948486328,112.12999725341797,96.26480102539062,109.5199966430664
2018-08-20,252.9259796142578,170.7794647216797,112.69000244140625,96.90933227539062,110.08000183105469
2018-08-21,253.51918029785156,171.40675354003906,113.0199966430664,96.58306884765625,110.63999938964844
2018-08-22,253.36863708496094,172.07196044921875,113.2699966430664,96.96504974365234,114.16000366210938
2018-08-23,253.0322723388672,171.82485961914062,112.19999694824219,97.11621856689453,114.16000366210938
2018-08-24,254.55502319335938,173.42149353027344,114.16000366210938,97.30718994140625,115.44000244140625
2018-08-27,256.5649108886719,175.18919372558594,114.58999633789062,96.75017547607422,116.0
2018-08-28,256.6888427734375,175.44573974609375,113.68000030517578,96.16932678222656,115.44000244140625
2018-08-29,258.0699768066406,177.4700164794922,114.19999694824219,96.296630859375,117.27999877929688
2018-08-30,257.0252380371094,177.1564178466797,113.63999938964844,96.5035629272461,118.0
2018-08-31,257.0341796875,177.3844757080078,113.51000213623047,96.28072357177734,117.68000030517578
2018-09-04,256.5914306640625,176.6242218017578,112.93000030517578,95.72407531738281,116.63999938964844
2018-09-05,255.90084838867188,174.3433074951172,113.31999969482422,95.46885681152344,115.91999816894531
2018-09-06,255.13059997558594,172.7847442626953,113.54000091552734,95.81974792480469,114.4000015258789
2018-09-07,254.63482666015625,172.11949157714844,113.2300033569336,95.00630187988281,114.23999786376953
2018-09-10,255.07733154296875,172.69924926757812,113.1500015258789,95.35723114013672,113.68000030517578
2018-09-11,255.91844177246094,174.02972412109375,113.22000122070312,94.6314697265625,116.80000305175781
2018-09-12,255.9805450439453,173.51651000976562,114.16999816894531,94.8547592163086,118.23999786376953
2018-09-13,257.4944763183594,175.36976623535156,113.76000213623047,94.99832916259766,115.91999816894531
2018-09-14,257.538818359375,174.8565673828125,113.0199966430664,94.54375457763672,116.0
2018-09-17,256.1752624511719,172.3380584716797,113.61000061035156,94.54375457763672,115.76000213623047
2018-09-18,257.5653991699219,173.7635955810547,113.44000244140625,93.55486297607422,117.5199966430664
2018-09-19,257.8397216796875,173.63058471679688,113.87999725341797,92.99658203125,119.5199966430664
2018-09-20,259.92938232421875,175.55026245117188,114.2699966430664,93.42723846435547,118.4000015258789
2018-09-21,259.69189453125,174.59043884277344,113.48999786376953,93.38738250732422,119.68000030517578
2018-09-24,258.8292236328125,175.0760040283203,113.47000122070312,93.14814758300781,122.0
2018-09-25,258.5889587402344,175.3140106201172,113.6500015258789,93.05242156982422,122.16000366210938
2018-09-26,257.8152160644531,175.4378204345703,113.05000305175781,93.70639038085938,120.87999725341797
2018-09-27,258.5356140136719,176.92298889160156,112.05000305175781,93.77019500732422,122.08000183105469
2018-09-28,258.5623474121094,176.8849334716797,112.76000213623047,93.52294921875,124.16000366210938
2018-10-01,259.4605712890625,177.2467041015625,112.56999969482422,92.8364028930664,127.5999984741211
2018-10-02,259.3094482421875,176.84686279296875,113.87000274658203,93.40386199951172,126.95999908447266
2018-10-03,259.45166015625,177.03726196289062,113.41999816894531,91.78132629394531,128.63999938964844
2018-10-04,257.4238586425781,173.63839721679688,113.4800033569336,91.13388061523438,125.91999816894531
2018-10-05,255.98301696777344,171.51527404785156,113.80000305175781,90.35059356689453,125.5199966430664
2018-10-08,255.98301696777344,170.46800231933594,112.54000091552734,90.04689025878906,125.44000244140625
2018-10-09,255.6095428466797,171.02015686035156,112.5999984741211,90.95807647705078,126.55999755859375
2018-10-10,247.51617431640625,163.4988250732422,112.87999725341797,90.71028137207031,123.04000091552734
2018-10-11,242.06414794921875,161.4709014892578,115.77999877929688,91.81331634521484,119.5999984741211
2018-10-12,245.42613220214844,165.96469116210938,115.2300033569336,91.49356079101562,120.95999908447266
2018-10-15,244.047607421875,163.95582580566406,116.0,91.45360565185547,121.04000091552734
2018-10-16,249.3838653564453,168.72564697265625,115.80000305175781,91.66143798828125,121.5199966430664
2018-10-17,249.42831420898438,168.7923126220703,115.79000091552734,91.11796569824219,118.55999755859375
2018-10-18,245.8263397216797,164.8793182373047,115.91999816894531,91.08595275878906,116.4800033569336
2018-10-19,245.69293212890625,164.72702026367188,116.01000213623047,90.88611602783203,117.76000213623047
2018-10-22,244.59014892578125,165.57435607910156,115.70999908447266,90.7662353515625,117.91999816894531
2018-10-23,243.34490966796875,164.9649658203125,116.38999938964844,91.0539779663086,112.31999969482422
2018-10-24,235.97193908691406,157.4150848388672,116.66000366210938,91.74136352539062,112.4000015258789
2018-10-25,240.20535278320312,162.8609161376953,116.4000015258789,91.35771179199219,113.68000030517578
2018-10-26,235.9807586669922,158.67185974121094,116.7699966430664,91.90923309326172,114.63999938964844
2018-10-29,234.6733856201172,155.40626525878906,116.30999755859375,91.70137023925781,112.87999725341797
2018-10-30,238.15089416503906,157.96731567382812,115.80000305175781,91.24581146240234,112.23999786376953
2018-10-31,240.6945037841797,161.6803741455078,115.1500015258789,90.7822265625,110.31999969482422
2018-11-01,243.25599670410156,163.81304931640625,116.62999725341797,90.86631774902344,107.68000030517578
2018-11-02,241.81520080566406,161.26145935058594,116.6500015258789,89.73660278320312,106.4800033569336
2018-11-05,243.14927673339844,160.86160278320312,116.37000274658203,90.08917236328125,106.4000015258789
2018-11-06,244.68788146972656,162.0802459716797,116.04000091552734,90.0330581665039,105.44000244140625
2018-11-07,249.92637634277344,167.164306640625,116.02999877929688,90.15326690673828,104.4800033569336
2018-11-08,249.47271728515625,166.09799194335938,115.77999877929688,90.1452407836914,102.72000122070312
2018-11-09,247.03587341308594,163.2988739013672,114.4800033569336,90.81829833984375,101.5999984741211
2018-11-12,242.4199981689453,158.35765075683594,113.66000366210938,91.41116333007812,99.83999633789062
2018-11-13,241.96641540527344,158.49095153808594,113.69999694824219,91.35508728027344,93.5199966430664
2018-11-14,240.31211853027344,157.2817840576172,114.63999938964844,91.41116333007812,95.5999984741211
2018-11-15,242.8201904296875,160.0332794189453,114.7699966430664,91.37110137939453,95.83999633789062
2018-11-16,243.45159912109375,159.4715576171875,115.62000274658203,91.89991760253906,96.55999755859375
2018-11-19,239.33383178710938,154.2923126220703,115.66999816894531,92.15632629394531,97.12000274658203
2018-11-20,234.90464782714844,151.5312957763672,115.66999816894531,92.1883544921875,90.16000366210938
2018-11-21,235.7051239013672,152.6833038330078,115.86000061035156,92.15632629394531,92.16000366210938
2018-11-23,234.13088989257812,151.57894897460938,115.7699966430664,92.25250244140625,86.63999938964844
2018-11-26,237.91075134277344,155.08251953125,115.63999938964844,92.04414367675781,87.5199966430664
2018-11-27,238.71121215820312,155.6061248779297,114.94999694824219,92.1483154296875,87.5999984741211
2018-11-28,244.20767211914062,160.61404418945312,115.37999725341797,91.69959259033203,85.27999877929688
2018-11-29,243.67396545410156,160.0904083251953,115.73999786376953,92.06014251708984,86.95999908447266
2018-11-30,245.15933227539062,161.25192260742188,115.54000091552734,92.40475463867188,85.83999633789062
2018-12-03,248.40548706054688,164.070068359375,116.41000366210938,93.06082916259766,90.16000366210938
2018-12-04,240.35659790039062,157.77688598632812,117.12000274658203,94.61878204345703,89.44000244140625
2018-12-06,239.99192810058594,158.8908233642578,117.13999938964844,94.9159164428711,87.5199966430664
2018-12-07,234.41546630859375,153.64491271972656,118.08999633789062,95.09260559082031,88.87999725341797
2018-12-10,234.86019897460938,155.25387573242188,117.68000030517578,95.48611450195312,86.0
2018-12-11,234.91355895996094,155.76805114746094,117.54000091552734,95.47003936767578,87.5999984741211
2018-12-12,236.09640502929688,157.1389923095703,117.79000091552734,95.04442596435547,86.55999755859375
2018-12-13,236.01634216308594,157.18663024902344,117.52999877929688,94.8195571899414,89.68000030517578
2018-12-14,231.65841674804688,153.35923767089844,117.05999755859375,95.14878845214844,86.55999755859375
2018-12-17,227.11358642578125,149.88424682617188,117.87000274658203,95.70295715332031,83.5999984741211
2018-12-18,226.86459350585938,150.8267822265625,118.1500015258789,96.27606964111328,78.31999969482422
2018-12-19,223.4671173095703,147.12330627441406,117.43000030517578,97.54796600341797,80.16000366210938
2018-12-20,219.82955932617188,144.9906005859375,119.23999786376953,97.19376373291016,77.76000213623047
2018-12-21,215.3252716064453,140.49688720703125,118.72000122070312,97.17765808105469,76.55999755859375
2018-12-24,209.63580322265625,137.01284790039062,120.0199966430664,97.66065979003906,74.31999969482422
2018-12-26,220.2276153564453,145.56776428222656,119.66000366210938,96.61415100097656,79.19999694824219
2018-12-27,221.9184112548828,146.13108825683594,120.56999969482422,96.6302719116211,76.95999908447266
2018-12-28,221.63211059570312,146.05471801757812,121.05999755859375,97.44329071044922,76.23999786376953
2018-12-31,223.5733642578125,147.28636169433594,121.25,97.81361389160156,77.27999877929688
2019-01-02,223.80593872070312,147.87832641601562,121.33000183105469,98.32878875732422,78.80000305175781
2019-01-03,218.46534729003906,143.04710388183594,122.43000030517578,99.44773864746094,79.5999984741211
2019-01-04,225.78297424316406,149.1672821044922,121.44000244140625,98.29656982421875,81.44000244140625
2019-01-07,227.56320190429688,150.94322204589844,121.86000061035156,98.00679779052734,82.31999969482422
2019-01-08,229.70120239257812,152.30859375,121.52999877929688,97.74919128417969,84.0
2019-01-09,230.77471923828125,153.5497589111328,122.30999755859375,97.59627532958984,88.4000015258789
2019-01-10,231.58883666992188,153.98898315429688,121.58999633789062,96.9683609008789,88.80000305175781
2019-01-11,231.67828369140625,153.4256591796875,121.80000305175781,97.34671020507812,87.19999694824219
2019-01-14,230.26480102539062,152.06988525390625,122.08999633789062,96.98448944091797,85.5199966430664
2019-01-15,232.90380859375,155.03932189941406,121.87999725341797,96.6302719116211,88.0
2019-01-16,233.46742248535156,155.01060485839844,122.2699966430664,96.72689056396484,88.4800033569336
2019-01-17,235.23867797851562,156.23280334472656,122.11000061035156,96.75100708007812,88.23999786376953
2019-01-18,238.36964416503906,157.77955627441406,121.0199966430664,96.24388885498047,90.4800033569336
2019-01-22,235.14923095703125,154.6191864013672,121.44999694824219,96.89591217041016,88.95999908447266
2019-01-23,235.6412353515625,154.81964111328125,121.27999877929688,96.85568237304688,88.4000015258789
2019-01-24,235.76644897460938,155.82220458984375,121.08999633789062,97.49165344238281,89.36000061035156
2019-01-25,237.76138305664062,157.68402099609375,122.86000061035156,97.02474212646484,90.0
2019-01-28,235.95440673828125,155.73629760742188,123.29000091552734,96.92811584472656,87.5999984741211
2019-01-29,235.6412353515625,154.2659454345703,123.9800033569336,97.41915893554688,89.27999877929688
2019-01-30,239.3716278076172,158.19009399414062,124.69000244140625,97.34671020507812,91.19999694824219
2019-01-31,241.47390747070312,160.55795288085938,124.75,98.18392181396484,90.80000305175781
2019-02-01,241.59027099609375,159.88011169433594,124.5,97.59087371826172,93.04000091552734
2019-02-04,243.28993225097656,161.86602783203125,123.95999908447266,97.15521240234375,92.0
2019-02-05,244.30970764160156,163.2982940673828,124.27999877929688,97.5989761352539,90.31999969482422
2019-02-06,243.9876708984375,162.8113250732422,123.44000244140625,97.64735412597656,90.55999755859375
2019-02-07,241.66180419921875,160.62481689453125,123.73999786376953,98.29279327392578,88.55999755859375
2019-02-08,241.95697021484375,160.93995666503906,124.20999908447266,98.71235656738281,88.63999938964844
2019-02-11,242.09112548828125,160.787109375,123.5999984741211,98.32508850097656,88.08000183105469
2019-02-12,245.20437622070312,163.16452026367188,123.86000061035156,98.07496643066406,89.27999877929688
2019-02-13,246.00051879882812,163.2791748046875,123.37000274658203,97.70382690429688,90.72000122070312
2019-02-14,245.454833984375,163.47962951660156,124.05999755859375,98.26055145263672,91.83999633789062
2019-02-15,248.12962341308594,164.16714477539062,124.80000305175781,98.41378021240234,93.68000030517578
2019-02-19,248.55906677246094,164.4917449951172,126.69999694824219,98.66395568847656,94.23999786376953
2019-02-20,249.05987548828125,164.4630584716797,126.4800033569336,98.381591796875,95.44000244140625
2019-02-21,248.17433166503906,163.86155700683594,125.05000305175781,97.50215148925781,95.04000091552734
2019-02-22,249.7130584716797,165.0741424560547,125.5,98.08306121826172,95.5999984741211
2019-02-25,250.0529022216797,165.6756591796875,125.37000274658203,97.79258728027344,92.55999755859375
2019-02-26,249.87408447265625,165.84751892089844,125.58000183105469,98.27669525146484,93.04000091552734
2019-02-27,249.7667236328125,165.74252319335938,124.69000244140625,97.16331481933594,95.12000274658203
2019-02-28,249.30142211914062,165.36058044433594,123.98999786376953,96.83247375488281,95.5999984741211
2019-03-01,250.8581085205078,166.50634765625,121.87999725341797,95.9375,93.27999877929688
2019-03-04,249.94558715820312,166.5349884033203,121.55999755859375,96.68938446044922,94.4000015258789
2019-03-05,249.60562133789062,166.65911865234375,121.72000122070312,96.89152526855469,94.55999755859375
2019-03-06,248.0937957763672,165.71383666992188,121.61000061035156,97.24722290039062,94.0
2019-03-07,246.01837158203125,163.68016052246094,121.51000213623047,97.87789916992188,94.4800033569336
2019-03-08,245.5263214111328,163.43191528320312,122.83999633789062,98.29025268554688,93.83999633789062
2019-03-11,249.08682250976562,166.83099365234375,122.23999786376953,97.99919128417969,94.87999725341797
2019-03-12,250.0260467529297,167.74758911132812,122.9800033569336,98.68639373779297,95.12000274658203
2019-03-13,251.68106079101562,169.00791931152344,123.83999633789062,98.50044250488281,97.5199966430664
2019-03-14,251.52008056640625,168.7215118408203,122.41000366210938,97.78899383544922,97.76000213623047
2019-03-15,252.76268005371094,170.28732299804688,122.97000122070312,98.43577575683594,97.5999984741211
2019-03-18,253.67922973632812,170.69285583496094,123.04000091552734,98.3791732788086,98.4800033569336
2019-03-19,253.74200439453125,171.26683044433594,123.37999725341797,98.1608657836914,98.23999786376953
2019-03-20,252.97830200195312,171.94590759277344,124.18000030517578,99.18770599365234,100.0
2019-03-21,255.83560180664062,174.6338348388672,123.68000030517578,99.40599060058594,99.5199966430664
2019-03-22,250.91172790527344,170.7981414794922,123.97000122070312,100.95026397705078,97.83999633789062
2019-03-25,250.7230682373047,170.47291564941406,124.91999816894531,101.11190795898438,98.0
2019-03-26,252.59202575683594,171.26683044433594,124.30000305175781,101.03914642333984,99.76000213623047
2019-03-27,251.27114868164062,170.16680908203125,123.6500015258789,101.9689712524414,98.72000122070312
2019-03-28,252.22354125976562,170.5589599609375,121.9000015258789,102.32469940185547,98.80000305175781
2019-03-29,253.81394958496094,171.8502960205078,122.01000213623047,102.22766876220703,100.0
2019-04-01,256.82391357421875,174.12684631347656,121.52999877929688,100.77564239501953,102.55999755859375
2019-04-02,256.9498291015625,174.7868194580078,121.9800033569336,100.96199798583984,104.08000183105469
2019-04-03,257.35418701171875,175.7911834716797,121.80000305175781,100.08689880371094,103.91999816894531
2019-04-04,258.0370178222656,175.7242431640625,122.11000061035156,100.37045288085938,103.36000061035156
2019-04-05,259.2860107421875,176.63296508789062,121.9800033569336,100.5001449584961,105.19999694824219
2019-04-08,259.4836730957031,177.08253479003906,122.51000213623047,100.14358520507812,107.19999694824219
2019-04-09,258.1537780761719,176.4607696533203,123.1500015258789,100.45962524414062,106.63999938964844
2019-04-10,259.034423828125,177.4077606201172,123.52999877929688,100.70269775390625,107.27999877929688
2019-04-11,258.96246337890625,176.9868621826172,121.94999694824219,100.11123657226562,106.16000366210938
2019-04-12,260.714599609375,177.75209045410156,121.83000183105469,99.39815521240234,106.4000015258789
2019-04-15,260.5439453125,177.7808074951172,121.5999984741211,99.64936065673828,105.91999816894531
2019-04-16,260.714599609375,178.39297485351562,120.51000213623047,99.02543640136719,106.95999908447266
2019-04-17,260.07666015625,179.01470947265625,120.27999877929688,99.06593322753906,106.23999786376953
2019-04-18,260.5888366699219,179.24427795410156,120.37000274658203,99.58450317382812,106.55999755859375
2019-04-22,260.8133544921875,179.75123596191406,120.37000274658203,99.1064224243164,109.36000061035156
2019-04-23,263.1585693359375,182.03738403320312,120.12000274658203,99.31710815429688,110.31999969482422
2019-04-24,262.57452392578125,181.46343994140625,120.47000122070312,100.12737274169922,109.44000244140625
2019-04-25,262.4127502441406,182.19992065429688,120.56999969482422,99.98152923583984,108.23999786376953
2019-04-26,263.6347961425781,182.36257934570312,121.37000274658203,100.32189178466797,104.72000122070312
2019-04-29,264.048095703125,182.71646118164062,120.83000183105469,99.68175506591797,105.83999633789062
2019-04-30,264.1829528808594,181.3008270263672,121.19999694824219,100.19222259521484,106.31999969482422
2019-05-01,262.1971435546875,180.7173309326172,120.4000015258789,100.60555267333984,105.76000213623047
2019-05-02,261.6310729980469,179.93299865722656,119.94000244140625,100.12646484375,102.55999755859375
2019-05-03,264.1918640136719,182.8025665283203,120.6500015258789,100.41067504882812,102.95999908447266
2019-05-06,263.1046447753906,181.6834259033203,120.80999755859375,100.6867446899414,104.55999755859375
2019-05-07,258.71099853515625,178.14427185058594,121.20999908447266,101.45812225341797,101.83999633789062
2019-05-08,258.3514709472656,177.69471740722656,120.91000366210938,101.01964569091797,103.12000274658203
2019-05-09,257.56982421875,176.7381591796875,121.19999694824219,101.43375396728516,102.4800033569336
2019-05-10,258.8636169433594,176.95816040039062,121.43000030517578,101.29572296142578,102.72000122070312
2019-05-13,252.35833740234375,170.81727600097656,122.66999816894531,102.09146881103516,101.44000244140625
2019-05-14,254.64068603515625,172.69204711914062,122.45999908447266,101.79102325439453,102.95999908447266
2019-05-15,256.132080078125,175.13116455078125,122.38999938964844,102.4162368774414,103.76000213623047
2019-05-16,258.5043029785156,176.89120483398438,121.51000213623047,102.07524871826172,105.12000274658203
2019-05-17,256.8329772949219,175.08338928222656,120.6500015258789,102.30259704589844,104.63999938964844
2019-05-20,255.13482666015625,172.12770080566406,120.63999938964844,102.09146881103516,105.19999694824219
2019-05-21,257.43499755859375,173.92596435546875,120.36000061035156,101.92906188964844,105.04000091552734
2019-05-22,256.644287109375,173.15118408203125,120.23999786376953,102.51370239257812,101.91999816894531
2019-05-23,253.50848388671875,170.5015869140625,121.16999816894531,103.66674041748047,96.72000122070312
2019-05-24,254.08348083496094,170.41551208496094,121.30000305175781,103.75605773925781,97.83999633789062
2019-05-28,251.720458984375,169.77462768554688,120.83000183105469,104.50306701660156,97.83999633789062
2019-05-29,250.0311737060547,168.37808227539062,120.87000274658203,104.8197250366211,97.91999816894531
2019-05-30,250.71408081054688,169.08590698242188,121.69000244140625,105.72102355957031,94.08000183105469
2019-05-31,247.33567810058594,166.38853454589844,123.33000183105469,107.04460906982422,88.80000305175781
2019-06-03,246.7066192626953,162.7249755859375,125.11000061035156,107.76063537597656,87.91999816894531
2019-06-04,252.0618438720703,167.30679321289062,125.1500015258789,106.53199768066406,89.27999877929688
2019-06-05,254.24522399902344,168.55032348632812,125.47000122070312,105.92990112304688,86.16000366210938
2019-06-06,255.8984832763672,169.88938903808594,125.87999725341797,106.27162170410156,88.4800033569336
2019-06-07,258.45928955078125,173.1702880859375,126.58999633789062,107.19107818603516,89.83999633789062
2019-06-10,259.64532470703125,175.18858337402344,125.33000183105469,106.18217468261719,88.87999725341797
2019-06-11,259.58245849609375,175.427734375,125.18000030517578,106.24720764160156,88.87999725341797
2019-06-12,259.12420654296875,174.413818359375,125.83000183105469,106.3285903930664,85.12000274658203
2019-06-13,260.1935119628906,175.44688415527344,126.5999984741211,106.69477081298828,87.04000091552734
2019-06-14,259.90594482421875,174.7007598876953,126.55999755859375,106.96324157714844,87.5199966430664
2019-06-17,260.0047607421875,175.75296020507812,126.4800033569336,107.15039825439453,86.4800033569336
2019-06-18,262.72723388671875,178.30686950683594,127.12000274658203,107.68739318847656,90.0
2019-06-19,263.3202819824219,178.97645568847656,127.88999938964844,107.84196472167969,90.63999938964844
2019-06-20,265.8361511230469,180.6408233642578,131.11000061035156,108.12680053710938,94.80000305175781
2019-06-21,265.44976806640625,180.3729705810547,131.97999572753906,106.93882751464844,95.76000213623047
2019-06-24,265.124755859375,180.37876892089844,133.94000244140625,107.73623657226562,96.08000183105469
2019-06-25,262.5244140625,177.28231811523438,134.1999969482422,108.06983184814453,96.0
2019-06-26,262.2625427246094,178.1067657470703,132.97000122070312,107.37821197509766,98.31999969482422
2019-06-27,263.19244384765625,178.78741455078125,132.83999633789062,108.13489532470703,98.31999969482422
2019-06-28,264.5467834472656,179.0175018310547,133.1999969482422,108.06166076660156,96.31999969482422
2019-07-01,266.9485168457031,181.4332275390625,130.6199951171875,107.80896759033203,98.23999786376953
2019-07-02,267.6437683105469,182.15219116210938,133.41000366210938,108.64044952392578,93.5999984741211
2019-07-03,269.78363037109375,183.5231170654297,133.6300048828125,109.41500854492188,94.16000366210938
2019-07-05,269.47662353515625,183.1492462158203,132.13999938964844,107.96382141113281,95.5999984741211
2019-07-08,267.9958190917969,181.86465454101562,131.2899932861328,108.11062622070312,95.44000244140625
2019-07-09,268.3299255371094,182.77536010742188,131.75,108.06981658935547,96.31999969482422
2019-07-10,269.6120910644531,184.59681701660156,133.8300018310547,107.47467803955078,100.23999786376953
2019-07-11,270.2440490722656,184.4625701904297,132.6999969482422,106.03982543945312,100.4000015258789
2019-07-12,271.4538269042969,185.5266571044922,133.52999877929688,106.16214752197266,100.16000366210938
2019-07-15,271.5443115234375,186.12098693847656,133.52999877929688,106.77359008789062,98.4000015258789
2019-07-16,270.6684265136719,185.162353515625,132.39999389648438,106.45563507080078,96.55999755859375
2019-07-17,268.8265075683594,184.25167846679688,134.5800018310547,107.60517120361328,94.0
2019-07-18,269.8106384277344,184.4625701904297,136.47999572753906,107.61328125,92.4800033569336
2019-07-19,268.31182861328125,183.11087036132812,134.47000122070312,107.36054992675781,93.36000061035156
2019-07-22,268.97100830078125,184.56800842285156,134.4499969482422,107.56437683105469,93.44000244140625
2019-07-23,270.8941955566406,185.77593994140625,133.69000244140625,106.9773941040039,94.4800033569336
2019-07-24,272.167236328125,187.0796661376953,134.3699951171875,107.44208526611328,92.72000122070312
2019-07-25,270.86712646484375,185.30616760253906,133.4199981689453,106.92848205566406,92.80000305175781
2019-07-26,272.681884765625,187.21389770507812,133.63999938964844,107.1811752319336,93.19999694824219
2019-07-29,272.185302734375,186.5716094970703,134.52999877929688,107.21382141113281,94.55999755859375
2019-07-30,271.5171203613281,185.766357421875,134.97999572753906,107.47467803955078,96.63999938964844
2019-07-31,268.5466613769531,183.19720458984375,133.2100067138672,108.3388900756836,96.31999969482422
2019-08-01,266.2082214355469,182.28643798828125,136.41000366210938,110.49051666259766,90.4800033569336
2019-08-02,264.2037353515625,179.60223388671875,135.88999938964844,111.5116195678711,91.83999633789062
2019-08-05,256.2583312988281,173.25599670410156,137.7899932861328,113.439453125,90.95999908447266
2019-08-06,259.8517761230469,175.6813507080078,138.91000366210938,114.34611511230469,89.12000274658203
2019-08-07,260.0053405761719,176.63043212890625,141.02000427246094,114.38701629638672,86.72000122070312
2019-08-08,265.1065979003906,180.47463989257812,141.72999572753906,114.63204193115234,87.68000030517578
2019-08-09,263.3009033203125,178.7777862548828,141.25999450683594,114.40338134765625,90.23999786376953
2019-08-12,260.09564208984375,176.726318359375,142.6300048828125,116.7886734008789,90.87999725341797
2019-08-13,264.1405944824219,180.5991973876953,141.77999877929688,116.38836669921875,94.95999908447266
2019-08-14,256.3304443359375,175.20204162597656,142.75,119.01050567626953,91.5199966430664
2019-08-15,257.0076599121094,175.000732421875,143.6999969482422,120.3338394165039,90.80000305175781
2019-08-16,260.79986572265625,177.8095703125,142.77999877929688,119.36992645263672,91.19999694824219
2019-08-19,263.94183349609375,180.63755798339844,141.11000061035156,117.66266632080078,93.27999877929688
2019-08-20,261.9194641113281,179.23793029785156,142.2100067138672,118.87983703613281,93.04000091552734
2019-08-21,264.0502624511719,180.82928466796875,141.75999450683594,118.08740997314453,92.87999725341797
2019-08-22,263.9689636230469,180.24453735351562,141.39999389648438,117.30322265625,92.23999786376953
2019-08-23,257.18829345703125,174.5405731201172,144.1699981689453,119.23101806640625,89.5199966430664
2019-08-26,260.0323791503906,177.17684936523438,144.19000244140625,118.74913787841797,89.44000244140625
2019-08-27,259.0121154785156,176.80299377441406,145.57000732421875,120.57894134521484,91.36000061035156
2019-08-28,260.8360290527344,177.43568420410156,145.16000366210938,120.73412322998047,93.12000274658203
2019-08-29,264.1675109863281,180.14869689941406,144.1199951171875,120.27667999267578,94.23999786376953
2019-08-30,264.0502624511719,179.71730041503906,143.75,120.30937194824219,91.68000030517578
2019-09-03,262.5063171386719,177.9725341796875,145.75,120.46485900878906,89.76000213623047
2019-09-04,265.48590087890625,180.541748046875,146.66000366210938,120.64485931396484,93.68000030517578
2019-09-05,268.8988037109375,183.8490753173828,143.13999938964844,118.45991516113281,93.5999984741211
2019-09-06,269.1064758300781,183.6668701171875,141.9199981689453,119.30286407470703,94.16000366210938
2019-09-09,269.241943359375,183.28343200683594,141.38999938964844,117.18340301513672,96.63999938964844
2019-09-10,269.1786804199219,182.7561798095703,140.17999267578125,115.12939453125,95.83999633789062
2019-09-11,271.0927429199219,184.47216796875,141.02999877929688,114.92484283447266,93.44000244140625
2019-09-12,272.03179931640625,185.2390899658203,141.32000732421875,114.17196655273438,91.76000213623047
2019-09-13,271.8512878417969,184.57760620117188,140.14999389648438,111.73330688476562,91.5199966430664
2019-09-16,271.0115966796875,183.753173828125,141.32000732421875,113.15723419189453,102.63999938964844
2019-09-17,271.6976623535156,184.63511657714844,141.60000610351562,113.77098846435547,98.31999969482422
2019-09-18,271.86029052734375,184.55845642089844,140.7100067138672,114.25375366210938,96.80000305175781
2019-09-19,271.84222412109375,184.86514282226562,141.27999877929688,114.59745788574219,97.5199966430664
2019-09-20,270.55780029296875,182.90957641601562,142.9499969482422,116.11138916015625,97.5999984741211
2019-09-23,270.4942626953125,182.99024963378906,143.75,116.08682250976562,97.68000030517578
2019-09-24,268.3717956542969,180.5599822998047,144.50999450683594,117.48625183105469,95.19999694824219
2019-09-25,269.9590148925781,182.5868682861328,141.8300018310547,115.76768493652344,94.4000015258789
2019-09-26,269.3967590332031,181.91439819335938,141.7899932861328,116.51232147216797,94.4000015258789
2019-09-27,267.9454345703125,179.6570281982422,141.05999755859375,116.79877471923828,93.27999877929688
2019-09-30,269.1881408691406,181.36685180664062,138.8699951171875,117.08515930175781,90.72000122070312
2019-10-01,265.98626708984375,179.88760375976562,139.6300048828125,117.4376220703125,89.5199966430664
2019-10-02,261.2876892089844,176.7945098876953,141.25999450683594,117.72460174560547,87.83999633789062
2019-10-03,263.4283142089844,178.7349090576172,141.89999389648438,118.79847717285156,87.44000244140625
2019-10-04,266.9929504394531,181.36685180664062,141.89999389648438,119.6755599975586,88.31999969482422
2019-10-07,265.84112548828125,180.81935119628906,140.69000244140625,118.68372344970703,88.31999969482422
2019-10-08,261.7139587402344,178.11050415039062,141.9199981689453,119.0033950805664,87.12000274658203
2019-10-09,264.1992492675781,179.84913635253906,142.0500030517578,118.33120727539062,87.91999816894531
2019-10-10,265.98626708984375,181.24197387695312,140.80999755859375,116.56875610351562,89.5199966430664
2019-10-11,268.7436828613281,183.57623291015625,140.02999877929688,115.1259994506836,91.36000061035156
2019-10-14,268.4443664550781,183.55699157714844,140.58999633789062,115.96215057373047,89.44000244140625
2019-10-15,271.1019592285156,185.89122009277344,139.61000061035156,114.56035614013672,88.4800033569336
2019-10-16,270.6666564941406,185.4300994873047,140.41000366210938,114.69970703125,89.12000274658203
2019-10-17,271.4648132324219,185.92005920410156,140.61000061035156,114.42093658447266,90.23999786376953
2019-10-18,270.276611328125,184.13331604003906,140.4600067138672,114.42093658447266,89.76000213623047
2019-10-21,272.10888671875,185.76629638671875,139.7899932861328,113.56025695800781,89.68000030517578
2019-10-22,271.21990966796875,184.28700256347656,140.1999969482422,114.22422790527344,90.72000122070312
2019-10-23,272.00909423828125,184.6424560546875,140.52999877929688,114.33894348144531,93.19999694824219
2019-10-24,272.4535217285156,186.438720703125,141.52999877929688,114.10946655273438,93.83999633789062
2019-10-25,273.5692138671875,187.92759704589844,141.86000061035156,113.5520248413086,94.63999938964844
2019-10-28,275.1111755371094,189.78150939941406,140.63999938964844,112.5191421508789,93.19999694824219
2019-10-29,275.02960205078125,188.31185913085938,140.25,112.59293365478516,92.63999938964844
2019-10-30,275.8731689453125,189.22438049316406,141.02000427246094,114.24063873291016,91.76000213623047
2019-10-31,275.138427734375,189.31088256835938,142.42999267578125,115.78176879882812,90.4000015258789
2019-11-01,277.687255859375,191.03028869628906,142.55999755859375,115.42536163330078,93.5199966430664
2019-11-04,278.8030700683594,192.2117919921875,142.14999389648438,113.90621185302734,94.4800033569336
2019-11-05,278.4945373535156,192.3175048828125,139.85000610351562,112.6251449584961,95.44000244140625
2019-11-06,278.55804443359375,191.88522338867188,140.4499969482422,113.30672454833984,94.4800033569336
2019-11-07,279.53765869140625,192.52879333496094,138.27000427246094,111.2537841796875,95.04000091552734
2019-11-08,280.2270202636719,193.2972869873047,137.38999938964844,110.78569793701172,95.91999816894531
2019-11-11,279.6919860839844,193.0379180908203,137.05999755859375,110.859619140625,95.12000274658203
2019-11-12,280.2815246582031,193.59503173828125,137.42999267578125,111.36873626708984,94.95999908447266
2019-11-13,280.3721618652344,193.64308166503906,137.97999572753906,112.09140014648438,95.68000030517578
2019-11-14,280.7803039550781,193.48939514160156,138.55999755859375,113.249267578125,95.27999877929688
2019-11-15,282.8121643066406,194.9110107421875,138.2100067138672,113.12605285644531,96.63999938964844
2019-11-18,283.0207214355469,195.0647430419922,138.6199951171875,113.33135223388672,95.19999694824219
2019-11-19,282.93914794921875,195.3529052734375,138.69000244140625,114.27570343017578,92.55999755859375
2019-11-20,281.88690185546875,194.18096923828125,138.75999450683594,115.45822143554688,95.19999694824219
2019-11-21,281.4333801269531,193.74871826171875,138.0,114.73556518554688,97.5999984741211
2019-11-22,282.05926513671875,193.8735809326172,137.74000549316406,114.88336944580078,96.87999725341797
2019-11-25,284.2453918457031,196.16937255859375,137.0800018310547,115.2200698852539,96.87999725341797
2019-11-26,284.88934326171875,196.54403686523438,137.74000549316406,115.89344787597656,97.5199966430664
2019-11-27,286.1591491699219,197.9176483154297,137.00999450683594,115.5567398071289,97.12000274658203
2019-11-29,285.0979919433594,197.01470947265625,137.86000061035156,115.31039428710938,92.95999908447266
2019-12-02,282.6761169433594,194.9974822998047,137.7899932861328,113.77297973632812,93.36000061035156
2019-12-03,280.7803039550781,193.47018432617188,139.11000061035156,116.15852355957031,94.08000183105469
2019-12-04,282.5127868652344,194.44992065429688,138.9199981689453,114.99864959716797,97.5199966430664
2019-12-05,283.0207214355469,194.8341827392578,139.0,114.43927001953125,97.5199966430664
2019-12-06,285.60595703125,196.9186248779297,137.6199951171875,113.80587768554688,98.55999755859375
2019-12-09,284.70794677734375,196.02532958984375,137.5800018310547,114.05265808105469,98.63999938964844
2019-12-10,284.39044189453125,195.86199951171875,137.97000122070312,114.06089782714844,99.12000274658203
2019-12-11,285.1977844238281,196.8994140625,138.9199981689453,114.95748901367188,98.4000015258789
2019-12-12,287.6559143066406,198.36911010742188,138.42999267578125,113.0655517578125,98.95999908447266
2019-12-13,287.8282165527344,199.02227783203125,139.0500030517578,114.37348937988281,99.91999816894531
2019-12-16,289.8055725097656,201.02035522460938,139.0399932861328,113.34525299072266,100.72000122070312
2019-12-17,289.8690490722656,201.1355743408203,139.00999450683594,113.18892669677734,101.76000213623047
2019-12-18,289.88720703125,201.28929138183594,139.02000427246094,112.25941467285156,101.91999816894531
2019-12-19,291.07550048828125,202.54766845703125,139.3800048828125,112.43902587890625,102.23999786376953
2019-12-20,292.3515930175781,203.36412048339844,139.52000427246094,112.58731079101562,101.04000091552734
2019-12-23,292.79827880859375,203.9012908935547,139.9499969482422,112.42257690429688,101.5999984741211
2019-12-24,292.80743408203125,204.00717163085938,141.27000427246094,112.74383544921875,102.16000366210938
2019-12-26,294.3660583496094,205.80735778808594,142.3800048828125,113.01573944091797,103.12000274658203
2019-12-27,294.2931213378906,205.6340789794922,142.3300018310547,113.13934326171875,103.27999877929688
2019-12-30,292.670654296875,204.28634643554688,142.6300048828125,112.72736358642578,103.12000274658203
2019-12-31,293.38153076171875,204.6714324951172,142.89999389648438,111.62335968017578,102.4800033569336
2020-01-02,296.125244140625,208.08885192871094,143.9499969482422,112.88388061523438,102.4800033569336
2020-01-03,293.883056640625,206.1827850341797,145.86000061035156,114.62237548828125,105.44000244140625
2020-01-06,295.00408935546875,207.51126098632812,147.38999938964844,113.97148132324219,105.27999877929688
2020-01-07,294.1747131347656,207.48236083984375,147.97000122070312,113.41116333007812,105.04000091552734
2020-01-08,295.7425537109375,209.0418701171875,146.86000061035156,112.66148376464844,101.27999877929688
2020-01-09,297.7477722167969,210.8131866455078,146.02999877929688,113.05696868896484,99.91999816894531
2020-01-10,296.8908996582031,210.27410888671875,146.91000366210938,114.0621337890625,99.27999877929688
2020-01-13,298.93280029296875,212.7000274658203,145.82000732421875,113.7160873413086,97.5999984741211
2020-01-14,298.4770202636719,211.86251831054688,145.69000244140625,114.30098724365234,98.23999786376953
2020-01-15,299.15155029296875,211.94912719726562,146.5399932861328,115.05905151367188,97.44000244140625
2020-01-16,301.6399841308594,213.9803466796875,146.30999755859375,114.6965103149414,98.31999969482422
2020-01-17,302.578857421875,215.03929138183594,146.5800018310547,113.7160873413086,98.63999938964844
2020-01-21,301.98638916015625,214.9430389404297,146.74000549316406,114.9107437133789,97.91999816894531
2020-01-22,302.0228271484375,215.51100158691406,146.7899932861328,115.3144760131836,95.19999694824219
2020-01-23,302.3692626953125,216.2041015625,147.1199951171875,116.12189483642578,93.27999877929688
2020-01-24,299.6801452636719,214.3846893310547,147.97999572753906,117.06108093261719,91.44000244140625
2020-01-27,294.87652587890625,209.95640563964844,148.99000549316406,118.88199615478516,88.80000305175781
2020-01-28,297.9665832519531,213.1813201904297,147.66000366210938,117.95089721679688,90.0
2020-01-29,297.720458984375,213.5279083251953,148.4600067138672,119.1044692993164,89.27999877929688
2020-01-30,298.6866455078125,214.2883758544922,148.47000122070312,119.12091064453125,88.63999938964844
2020-01-31,293.2631530761719,210.8902130126953,149.3300018310547,120.20853424072266,86.72000122070312
2020-02-03,295.4416198730469,214.07659912109375,148.36000061035156,120.11113739013672,83.91999816894531
2020-02-04,299.9444885253906,218.97657775878906,146.42999267578125,118.49356842041016,83.5199966430664
2020-02-05,303.4082946777344,219.69859313964844,146.61000061035156,117.19789123535156,85.5999984741211
2020-02-06,304.42919921875,221.5950164794922,147.39999389648438,117.72600555419922,85.91999816894531
2020-02-07,302.8066711425781,220.64198303222656,147.7899932861328,119.19500732421875,84.63999938964844
2020-02-10,305.06732177734375,223.3085174560547,148.1699981689453,119.52515411376953,83.36000061035156
2020-02-11,305.5960388183594,223.34703063964844,147.66000366210938,118.9227523803711,84.0
2020-02-12,307.5648193359375,225.52267456054688,147.5399932861328,118.32024383544922,86.4800033569336
2020-02-13,307.23681640625,225.23390197753906,148.3800048828125,118.77418518066406,86.72000122070312
2020-02-14,307.7289123535156,225.87884521484375,149.0,119.29407501220703,87.5999984741211
2020-02-18,306.9359130859375,225.96551513671875,150.91000366210938,120.11113739013672,87.5999984741211
2020-02-19,308.4034423828125,228.13148498535156,151.7899932861328,120.10282135009766,89.44000244140625
2020-02-20,307.13641357421875,226.01358032226562,152.41000366210938,121.04369354248047,90.23999786376953
2020-02-21,303.9735412597656,221.67201232910156,154.6999969482422,122.17422485351562,89.27999877929688
2020-02-24,293.8921203613281,213.12355041503906,156.08999633789062,123.99818420410156,85.91999816894531
2020-02-25,284.98651123046875,207.32833862304688,153.3000030517578,124.658447265625,83.19999694824219
2020-02-26,283.9382629394531,208.39694213867188,153.97000122070312,123.99818420410156,81.5199966430664
2020-02-27,271.1861572265625,197.96165466308594,154.0,125.34337615966797,78.23999786376953
2020-02-28,270.04669189453125,198.11570739746094,148.3800048828125,128.17408752441406,75.5999984741211
2020-03-02,281.74151611328125,208.33917236328125,149.1999969482422,127.23114776611328,79.36000061035156
2020-03-03,273.6745910644531,201.6582794189453,153.88999938964844,129.2063446044922,79.12000274658203
2020-03-04,285.1779479980469,210.07196044921875,154.16000366210938,127.83436584472656,78.87999725341797
2020-03-05,275.6980895996094,203.6894989013672,157.49000549316406,131.01637268066406,76.87999725341797
2020-03-06,271.1404724121094,200.25282287597656,157.5500030517578,137.83499145507812,69.83999633789062
2020-03-09,249.96595764160156,186.34237670898438,157.80999755859375,141.57077026367188,52.15999984741211
2020-03-10,262.9004211425781,196.48880004882812,154.47999572753906,134.31410217285156,57.91999816894531
2020-03-11,250.08445739746094,187.93075561523438,153.92999267578125,129.37164306640625,55.52000045776367
2020-03-12,226.15704345703125,170.6990966796875,147.7899932861328,130.17340087890625,52.31999969482422
2020-03-13,245.4904327392578,185.1582794189453,143.27999877929688,127.23114776611328,55.68000030517578
2020-03-16,218.62791442871094,162.97857666015625,141.63999938964844,135.47122192382812,48.400001525878906
2020-03-17,230.43211364746094,175.339111328125,143.55999755859375,126.4376220703125,45.68000030517578
2020-03-18,218.76467895507812,170.0060272216797,140.6999969482422,119.30492401123047,37.68000030517578
2020-03-19,219.22950744628906,171.02639770507812,138.0399932861328,122.55307006835938,42.959999084472656
2020-03-20,209.78201293945312,164.32623291015625,140.11000061035156,131.76852416992188,39.52000045776367
2020-03-23,204.41827392578125,164.4449462890625,146.3000030517578,137.19863891601562,39.040000915527344
2020-03-24,222.93917846679688,177.1791534423828,153.39999389648438,134.64476013183594,39.84000015258789
2020-03-25,226.27662658691406,175.8671417236328,151.3000030517578,134.33892822265625,40.63999938964844
2020-03-26,239.4888458251953,185.12838745117188,153.24000549316406,135.0001220703125,38.63999938964844
2020-03-27,232.3555450439453,178.7613067626953,152.25,138.60374450683594,35.7599983215332
2020-03-30,239.9014892578125,185.263427734375,152.9199981689453,137.46315002441406,33.84000015258789
2020-03-31,236.32568359375,183.6813201904297,148.0500030517578,136.34727478027344,33.68000030517578
2020-04-01,225.68983459472656,175.87677001953125,149.4499969482422,138.25758361816406,35.040000915527344
2020-04-02,230.89772033691406,179.4462127685547,151.89999389648438,139.13497924804688,40.880001068115234
2020-04-03,227.56024169921875,176.89935302734375,152.64999389648438,139.46607971191406,47.20000076293945
2020-04-06,242.84466552734375,189.54678344726562,156.8800048828125,139.1018524169922,43.84000015258789
2020-04-07,243.0922393798828,189.4695587158203,156.0399932861328,137.64517211914062,40.720001220703125
2020-04-08,251.25254821777344,193.49244689941406,154.64999389648438,136.64361572265625,42.959999084472656
2020-04-09,255.0758819580078,193.77218627929688,158.69000244140625,136.89198303222656,39.84000015258789
2020-04-13,252.74700927734375,195.86566162109375,161.41000366210938,135.64207458496094,39.439998626708984
2020-04-14,260.2012023925781,204.38401794433594,162.67999267578125,135.60906982421875,37.279998779296875
2020-04-15,254.6724090576172,202.03981018066406,161.85000610351562,139.20120239257812,35.439998626708984
2020-04-16,255.90103149414062,205.72500610351562,161.7100067138672,140.7821044921875,34.880001068115234
2020-04-17,262.81427001953125,207.6930389404297,158.57000732421875,138.89491271972656,33.68000030517578
2020-04-20,258.1839294433594,205.2329864501953,159.6999969482422,140.0123291015625,30.0
2020-04-21,250.3448028564453,197.66000366210938,158.61000061035156,141.77529907226562,22.479999542236328
2020-04-22,255.90103149414062,203.5254669189453,161.72999572753906,140.3267822265625,20.079999923706055
2020-04-23,255.88265991210938,203.0913543701172,163.33999633789062,141.07176208496094,21.1200008392334
2020-04-24,259.4493408203125,206.29420471191406,162.63999938964844,141.40292358398438,20.559999465942383
2020-04-27,263.1901550292969,207.95350646972656,161.55999755859375,138.77076721191406,17.520000457763672
2020-04-28,261.97998046875,204.03675842285156,160.83999633789062,140.36827087402344,17.040000915527344
2020-04-29,268.83819580078125,211.27212524414062,161.72999572753906,139.639892578125,18.0
2020-04-30,266.3351135253906,211.18528747558594,158.8000030517578,138.00929260253906,19.1200008392334
2020-05-01,259.2842712402344,205.2329864501953,159.77999877929688,139.1910858154297,18.860000610351562
2020-05-04,259.9995422363281,207.62545776367188,160.33999633789062,138.5364990234375,19.670000076293945
2020-05-05,262.40167236328125,209.97940063476562,161.02000427246094,137.64962768554688,21.510000228881836
2020-05-06,260.6229553222656,211.27212524414062,158.9499969482422,135.4285430908203,20.850000381469727
2020-05-07,263.7677917480469,213.99258422851562,161.38999938964844,137.6910858154297,20.469999313354492
2020-05-08,268.1322326660156,216.92530822753906,160.4199981689453,135.90090942382812,21.469999313354492
2020-05-11,268.1872253417969,218.8643798828125,159.4199981689453,134.8401336669922,21.170000076293945
2020-05-12,262.8418273925781,214.28201293945312,160.0399932861328,136.22415161132812,20.969999313354492
2020-05-13,258.19317626953125,211.60009765625,161.5800018310547,137.1772918701172,20.600000381469727
2020-05-14,261.2830505371094,214.00225830078125,163.00999450683594,138.5198211669922,21.450000762939453
2020-05-15,262.48419189453125,215.3914794921875,163.92999267578125,138.1634521484375,22.389999389648438
2020-05-18,270.4793701171875,219.40457153320312,162.69000244140625,135.13015747070312,24.309999465942383
2020-05-19,267.7012939453125,218.854736328125,164.25999450683594,135.63580322265625,24.440000534057617
2020-05-20,272.2489929199219,223.2248992919922,164.64999389648438,136.0418243408203,25.34000015258789
2020-05-21,270.3694763183594,220.79380798339844,162.25,136.38156127929688,26.600000381469727
2020-05-22,270.8828125,221.55596923828125,163.2100067138672,137.20211791992188,25.56999969482422
2020-05-26,274.2203369140625,220.9578094482422,160.88999938964844,135.36224365234375,25.65999984741211
2020-05-27,278.3004150390625,222.16368103027344,161.17999267578125,135.11361694335938,25.0
2020-05-28,277.7869873046875,221.874267578125,161.72000122070312,134.6164093017578,25.030000686645508
2020-05-29,279.0246887207031,225.12539672851562,162.91000366210938,135.57772827148438,25.8799991607666
2020-06-01,280.1524353027344,225.80067443847656,163.66000366210938,134.66497802734375,26.219999313354492
2020-06-02,282.4721984863281,227.31527709960938,162.60000610351562,134.1753387451172,27.06999969482422
2020-06-03,286.23138427734375,228.33786010742188,159.60000610351562,132.3911895751953,27.1200008392334
2020-06-04,285.47955322265625,226.73643493652344,161.27999877929688,130.47422790527344,27.5
2020-06-05,292.7962341308594,231.23202514648438,158.00999450683594,129.5448760986328,28.8700008392334
2020-06-08,296.3353576660156,233.02638244628906,159.72000122070312,130.0427703857422,28.3700008392334
2020-06-09,294.1257629394531,234.7146453857422,161.25999450683594,131.51992797851562,28.420000076293945
2020-06-10,292.4844970703125,237.53158569335938,163.57000732421875,133.469970703125,28.43000030517578
2020-06-11,275.6231994628906,225.7620849609375,162.38999938964844,135.99270629882812,26.360000610351562
2020-06-12,278.9238586425781,227.55648803710938,162.6199951171875,134.68148803710938,26.43000030517578
2020-06-15,281.5278015136719,230.32521057128906,162.3300018310547,134.7562255859375,26.979999542236328
2020-06-16,286.9465637207031,234.280517578125,162.25,132.68994140625,27.639999389648438
2020-06-17,285.754638671875,235.02334594726562,162.55999755859375,133.23760986328125,27.280000686645508
2020-06-18,285.8646240234375,235.66006469726562,162.24000549316406,134.64828491210938,27.889999389648438
2020-06-19,284.2308654785156,235.62147521972656,164.02999877929688,134.7562255859375,28.229999542236328
2020-06-22,286.0543212890625,238.44720458984375,165.08999633789062,134.77276611328125,28.979999542236328
2020-06-23,287.3712158203125,240.4766082763672,166.47999572753906,133.85166931152344,28.719999313354492
2020-06-24,280.0406799316406,235.51902770996094,165.89999389648438,135.2872772216797,27.25
2020-06-25,283.04296875,237.7610321044922,165.8000030517578,135.6772918701172,27.940000534057617
2020-06-26,276.32025146484375,232.1463165283203,166.5399932861328,137.12953186035156,27.360000610351562
2020-06-29,280.3815002441406,234.67828369140625,166.6300048828125,136.69796752929688,28.270000457763672
2020-06-30,283.97308349609375,239.2782745361328,167.3699951171875,136.03411865234375,28.059999465942383
2020-07-01,285.9622497558594,242.0710906982422,166.6199951171875,135.76998901367188,28.350000381469727
2020-07-02,287.53704833984375,243.7139434814453,166.97999572753906,135.91116333007812,28.75
2020-07-06,291.9758605957031,249.70559692382812,167.97999572753906,135.3545684814453,28.959999084472656
2020-07-07,288.9644775390625,247.98541259765625,169.0399932861328,137.25711059570312,28.790000915527344
2020-07-08,291.1746520996094,251.2518768310547,170.08999633789062,136.70875549316406,29.18000030517578
2020-07-09,289.51702880859375,253.36817932128906,169.6300048828125,138.88540649414062,28.40999984741211
2020-07-10,292.4731750488281,255.09814453125,169.19000244140625,138.18760681152344,29.030000686645508
2020-07-13,289.9406433105469,249.85057067871094,169.39999389648438,138.64451599121094,28.5
2020-07-14,293.6978759765625,251.61907958984375,170.19000244140625,138.84388732910156,28.8799991607666
2020-07-15,296.3962707519531,252.1312713623047,170.33999633789062,138.1958770751953,29.290000915527344
2020-07-16,295.4200439453125,250.41104125976562,168.72999572753906,138.85226440429688,29.15999984741211
2020-07-17,296.2765197753906,250.70106506347656,170.1199951171875,138.56146240234375,29.100000381469727
2020-07-20,298.6708984375,257.8136291503906,170.94000244140625,138.90208435058594,29.1200008392334
2020-07-21,299.3062438964844,255.1271514892578,173.0,138.98509216308594,29.719999313354492
2020-07-22,301.0099792480469,256.0258483886719,175.6300048828125,139.40057373046875,29.75
2020-07-23,297.41851806640625,249.33834838867188,177.17999267578125,141.0289764404297,29.40999984741211
2020-07-24,295.5028991699219,246.97071838378906,178.6999969482422,141.0206298828125,29.440000534057617
2020-07-27,297.6578674316406,251.37741088867188,182.22999572753906,140.49720764160156,29.719999313354492
2020-07-28,295.77001953125,248.1787109375,183.75,141.46929931640625,29.350000381469727
2020-07-29,299.40753173828125,251.03921508789062,185.1300048828125,141.2283477783203,29.56999969482422
2020-07-30,298.3393249511719,252.35354614257812,183.75999450683594,142.1588134765625,28.93000030517578
2020-07-31,300.6968688964844,256.85687255859375,185.42999267578125,142.06741333007812,29.06999969482422
2020-08-03,302.7874450683594,260.32623291015625,185.63999938964844,141.35214233398438,29.34000015258789
2020-08-04,303.95684814453125,261.2926330566406,189.58999633789062,142.69947814941406,29.780000686645508
2020-08-05,305.84478759765625,261.9400939941406,191.35000610351562,141.4519805908203,30.229999542236328
2020-08-06,307.88922119140625,265.40948486328125,193.88999938964844,142.2421417236328,30.18000030517578
2020-08-07,308.1102294921875,262.3460388183594,190.80999755859375,141.29393005371094,29.850000381469727
2020-08-10,309.0311584472656,261.2250061035156,190.14999389648438,140.6618194580078,30.15999984741211
2020-08-11,306.480224609375,256.2770690917969,179.94000244140625,138.99002075195312,29.81999969482422
2020-08-12,310.7532653808594,262.722900390625,179.10000610351562,137.725830078125,30.559999465942383
2020-08-13,310.1915283203125,263.3220520019531,183.3300018310547,136.25357055664062,30.399999618530273
2020-08-14,310.2007141113281,263.01287841796875,182.5399932861328,135.72129821777344,30.329999923706055
2020-08-17,311.1861267089844,266.0665588378906,186.5,136.06240844726562,30.770000457763672
2020-08-18,311.8584289550781,268.6275939941406,188.17999267578125,137.0354766845703,30.600000381469727
2020-08-19,310.5598449707031,266.82037353515625,182.24000549316406,136.1787872314453,30.65999984741211
2020-08-20,311.5268249511719,270.5216064453125,183.5,137.40977478027344,30.520000457763672
2020-08-21,312.6319580078125,272.3964538574219,182.02999877929688,138.23316955566406,30.18000030517578
2020-08-24,315.7998962402344,274.09722900390625,181.0,138.00860595703125,30.350000381469727
2020-08-25,316.9049072265625,276.25238037109375,181.22000122070312,136.95233154296875,30.920000076293945
2020-08-26,320.08209228515625,282.1473693847656,183.36000061035156,136.4282989501953,30.93000030517578
2020-08-27,320.7820739746094,281.2679443359375,181.24000549316406,134.1078338623047,30.670000076293945
2020-08-28,322.8540344238281,282.6982116699219,184.38999938964844,134.0080108642578,30.719999313354492
2020-08-31,321.6844787597656,284.9692077636719,184.8300018310547,134.89794921875,30.579999923706055
2020-09-01,324.7142639160156,289.8398132324219,185.0500030517578,136.44088745117188,30.610000610351562
2020-09-02,329.4110107421875,292.5843200683594,182.6199951171875,137.73983764648438,29.860000610351562
2020-09-03,318.0744934082031,277.7503356933594,181.13999938964844,138.13119506835938,29.639999389648438
2020-09-04,315.4775390625,274.04901123046875,181.63999938964844,135.50828552246094,28.510000228881836
2020-09-08,306.8578186035156,260.8770446777344,181.2899932861328,136.34095764160156,26.75
2020-09-09,312.9174499511719,268.5405578613281,183.0500030517578,135.97457885742188,27.40999984741211
2020-09-10,307.4840087890625,263.1867980957031,182.4600067138672,136.66571044921875,26.790000915527344
2020-09-11,307.6405029296875,261.3603515625,182.4499969482422,136.9571533203125,27.040000915527344
2020-09-14,311.6925354003906,265.9120178222656,183.88999938964844,136.94879150390625,26.940000534057617
2020-09-15,313.2673645019531,269.6808776855469,183.4499969482422,136.61572265625,27.520000457763672
2020-09-16,312.0241394042969,265.3804626464844,183.97000122070312,136.20767211914062,28.700000762939453
2020-09-17,309.2797546386719,261.23455810546875,182.9600067138672,136.62408447265625,29.229999542236328
2020-09-18,305.7191467285156,257.9005432128906,183.1999969482422,136.19944763183594,29.059999465942383
2020-09-21,302.3166198730469,258.5191345214844,179.52000427246094,136.89053344726562,28.290000915527344
2020-09-22,305.3955078125,263.3220520019531,178.64999389648438,136.78231811523438,28.170000076293945
2020-09-23,298.3131103515625,255.28172302246094,174.7899932861328,136.96548461914062,28.030000686645508
2020-09-24,299.10821533203125,256.47039794921875,175.44000244140625,137.4900360107422,28.5
2020-09-25,303.9439392089844,262.4329833984375,174.94000244140625,137.4900360107422,28.350000381469727
2020-09-28,308.9922180175781,267.8834228515625,176.6999969482422,137.09866333007812,28.690000534057617
2020-09-29,307.3094482421875,266.67547607421875,178.19000244140625,137.25689697265625,27.700000762939453
2020-09-30,309.6394348144531,268.50189208984375,177.1199951171875,135.9412841796875,28.290000915527344
2020-10-01,311.6274719238281,272.76373291015625,178.6999969482422,136.1654510498047,27.510000228881836
2020-10-02,308.66864013671875,265.09063720703125,178.5399932861328,135.65708923339844,26.350000381469727
2020-10-05,314.142333984375,270.7439270019531,179.41000366210938,133.0063934326172,27.93000030517578
2020-10-06,309.67645263671875,265.9120178222656,177.3000030517578,133.72323608398438,28.389999389648438
2020-10-07,315.06695556640625,270.5120849609375,177.22000122070312,132.7480926513672,28.389999389648438
2020-10-08,317.8592224121094,271.95196533203125,177.85000610351562,133.46487426757812,29.139999389648438
2020-10-09,320.6976623535156,276.1073913574219,181.0800018310547,133.4398193359375,28.690000534057617
2020-10-12,325.8569641113281,284.6310119628906,180.55999755859375,133.86492919921875,28.06999969482422
2020-10-13,323.73028564453125,284.62127685546875,177.72000122070312,134.823486328125,28.459999084472656
2020-10-14,321.6962890625,282.2440185546875,178.27000427246094,135.13189697265625,28.979999542236328
2020-10-15,321.29864501953125,280.3498229980469,178.9199981689453,134.8985137939453,28.940000534057617
2020-10-16,321.1045227050781,278.81329345703125,178.3000030517578,134.5234375,28.719999313354492
2020-10-19,316.22265625,274.2615661621094,178.38999938964844,134.0149383544922,28.59000015258789
2020-10-20,317.4892883300781,274.85113525390625,179.25,132.7396697998047,29.049999237060547
2020-10-21,316.8883972167969,274.63848876953125,180.60000610351562,132.28126525878906,28.100000381469727
2020-10-22,318.6265563964844,274.6288146972656,178.8300018310547,130.90591430664062,28.510000228881836
2020-10-23,319.7083435058594,275.1700134277344,178.63999938964844,131.7061004638672,27.8799991607666
2020-10-26,313.80010986328125,271.04345703125,178.5500030517578,132.93138122558594,27.110000610351562
2020-10-27,312.7184143066406,273.1598815917969,179.02000427246094,133.82334899902344,27.690000534057617
2020-10-28,302.030029296875,262.5103454589844,176.1300048828125,133.94821166992188,26.309999465942383
2020-10-29,305.09967041015625,267.1006164550781,175.39999389648438,132.64797973632812,25.600000381469727
2020-10-30,301.9190979003906,260.32623291015625,176.1999969482422,131.3394012451172,25.25
2020-11-02,305.3031921386719,260.90606689453125,177.91000366210938,132.32315063476562,26.260000228881836
2020-11-03,310.6934814453125,265.41912841796875,178.9199981689453,131.555419921875,26.719999313354492
2020-11-04,317.63720703125,277.2671203613281,178.82000732421875,134.40914916992188,27.440000534057617
2020-11-05,323.83209228515625,284.4957275390625,182.92999267578125,134.64283752441406,27.15999984741211
2020-11-06,323.7581787109375,284.708251953125,183.19000244140625,133.01568603515625,26.469999313354492
2020-11-09,327.8263854980469,278.8905029296875,175.0800018310547,130.22042846679688,28.06999969482422
2020-11-10,327.3456115722656,273.8944091796875,175.66000366210938,129.46937561035156,28.90999984741211
2020-11-11,329.7772521972656,280.0213317871094,174.89999389648438,129.93667602539062,29.040000915527344
2020-11-12,326.57818603515625,278.70697021484375,175.9600067138672,132.1478729248047,28.65999984741211
2020-11-13,331.0994873046875,281.1519775390625,177.16000366210938,131.97268676757812,28.1299991607666
2020-11-16,335.232421875,283.3455810546875,177.14999389648438,131.65567016601562,28.809999465942383
2020-11-17,333.42950439453125,282.447021484375,176.5,132.5150604248047,28.8700008392334
2020-11-18,329.4166259765625,280.3594970703125,175.49000549316406,132.8988800048828,29.0
2020-11-19,330.8035888671875,282.55322265625,175.16000366210938,133.58314514160156,29.09000015258789
2020-11-20,328.5382995605469,280.6204528808594,175.69000244140625,134.7680206298828,29.270000457763672
2020-11-23,330.5076599121094,280.6300964355469,172.22999572753906,134.15052795410156,29.520000457763672
2020-11-24,335.8333435058594,284.5730285644531,169.58999633789062,132.81544494628906,30.799999237060547
2020-11-25,335.31561279296875,286.3221435546875,169.50999450683594,132.40658569335938,31.3700008392334
2020-11-27,336.24951171875,288.96038818359375,167.7899932861328,133.6915283203125,31.219999313354492
2020-11-30,334.7608642578125,289.5499267578125,166.6699981689453,133.524658203125,30.969999313354492
2020-12-01,338.4222717285156,293.2608642578125,170.17999267578125,131.55596923828125,30.6200008392334
2020-12-02,339.1342468261719,293.6377258300781,171.4600067138672,130.51185607910156,30.969999313354492
2020-12-03,339.0417785644531,294.0532531738281,172.80999755859375,131.56436157226562,31.25
2020-12-04,341.9634704589844,295.2516174316406,172.32000732421875,129.63482666015625,31.559999465942383
2020-12-07,341.2608337402344,296.9234619140625,174.88999938964844,130.80419921875,31.399999618530273
2020-12-08,342.2593688964844,297.9285583496094,175.5,131.4223175048828,31.40999984741211
2020-12-09,339.189697265625,291.1830749511719,172.5,130.9879608154297,31.34000015258789
2020-12-10,339.0787048339844,292.3524475097656,172.1699981689453,132.14898681640625,32.11000061035156
2020-12-11,338.6811828613281,291.7049255371094,172.49000549316406,132.6167449951172,31.940000534057617
2020-12-14,337.164794921875,293.8213195800781,171.5399932861328,132.249267578125,32.16999816894531
2020-12-15,341.7231140136719,296.962158203125,173.94000244140625,131.80653381347656,32.540000915527344
2020-12-16,342.2593688964844,298.59527587890625,174.89999389648438,131.45570373535156,32.7400016784668
2020-12-17,344.17327880859375,300.54742431640625,176.74000549316406,131.10787963867188,33.15999984741211
2020-12-18,342.7990417480469,299.6390380859375,176.44000244140625,130.7148895263672,33.47999954223633
2020-12-21,341.5733947753906,299.0784912109375,175.8800048828125,131.23326110839844,32.63999938964844
2020-12-22,340.9976501464844,299.8917236328125,174.49000549316406,131.91058349609375,32.09000015258789
2020-12-23,341.30419921875,298.3814697265625,175.64999389648438,130.9991912841797,32.75
2020-12-24,342.6319274902344,299.69805908203125,176.35000610351562,131.51760864257812,32.91999816894531
2020-12-28,345.57537841796875,302.7187194824219,175.7100067138672,131.57614135742188,32.59000015258789
2020-12-29,344.91607666015625,302.98974609375,176.35000610351562,131.40887451171875,32.779998779296875
2020-12-30,345.4083251953125,302.9994201660156,177.6999969482422,131.6931915283203,32.90999984741211
2020-12-31,347.1632080078125,303.7449035644531,178.36000061035156,131.88551330566406,33.0099983215332
2021-01-04,342.43695068359375,299.4560546875,182.3300018310547,131.7266082763672,32.380001068115234
2021-01-05,344.7954406738281,301.9246826171875,182.8699951171875,130.74839782714844,33.939998626708984
2021-01-06,346.8568115234375,297.7424011230469,179.89999389648438,128.0643768310547,34.11000061035156
2021-01-07,352.0102233886719,304.9453430175781,179.47999572753906,126.93551635742188,34.529998779296875
2021-01-08,354.0158386230469,308.8663635253906,173.33999633789062,126.52584838867188,35.43000030517578
2021-01-11,351.6294250488281,304.4032897949219,173.0,126.31672668457031,35.2599983215332
2021-01-12,351.7037658691406,303.91925048828125,174.1199951171875,126.21644592285156,35.900001525878906
2021-01-13,352.6509094238281,305.9716491699219,173.3699951171875,127.63789367675781,35.79999923706055
2021-01-14,351.41595458984375,304.33551025390625,173.27999877929688,126.44215393066406,36.2400016784668
2021-01-15,348.85321044921875,301.9246826171875,171.1300048828125,126.94392395019531,35.34000015258789
2021-01-19,351.59234619140625,306.3298645019531,172.5800018310547,127.35356140136719,35.75
2021-01-20,356.4578857421875,313.4554138183594,175.38999938964844,127.47904968261719,35.790000915527344
2021-01-21,356.7828674316406,315.962890625,175.27999877929688,126.58433532714844,35.7599983215332
2021-01-22,355.5199890136719,315.0528259277344,173.89999389648438,126.99404907226562,35.22999954223633
2021-01-25,356.9221496582031,317.6571044921875,174.0500030517578,128.49078369140625,35.59000015258789
2021-01-26,356.3651123046875,318.1217956542969,173.6199951171875,128.2483367919922,35.45000076293945
2021-01-27,347.65533447265625,309.25360107421875,172.52000427246094,128.5744171142578,35.5
2021-01-28,350.6452941894531,311.0834045410156,172.67999267578125,127.86366271972656,35.25
2021-01-29,343.62542724609375,304.538818359375,172.61000061035156,127.09439086914062,35.18000030517578
2021-02-01,349.34521484375,312.14837646484375,174.22999572753906,127.2417221069336,36.119998931884766
2021-02-02,354.28509521484375,317.2408447265625,172.11000061035156,126.42138671875,36.81999969482422
2021-02-03,354.563720703125,315.982177734375,171.85000610351562,125.29963684082031,37.439998626708984
2021-02-04,358.59356689453125,319.7191467285156,168.14999389648438,124.96476745605469,37.810001373291016
2021-02-05,360.0048828125,320.8035583496094,169.80999755859375,123.91838836669922,38.189998626708984
2021-02-08,362.6048889160156,322.9527893066406,171.52000427246094,124.4625015258789,38.939998626708984
2021-02-09,362.36346435546875,322.8851013183594,172.0800018310547,124.55459594726562,39.16999816894531
2021-02-10,362.20556640625,322.1492919921875,172.7100067138672,125.38337707519531,39.279998779296875
2021-02-11,362.79058837890625,323.9209899902344,171.2100067138672,124.69683837890625,38.970001220703125
2021-02-12,364.5826721191406,325.7314453125,170.69000244140625,123.14825439453125,39.939998626708984
2021-02-16,364.2669982910156,324.85040283203125,168.24000549316406,121.27310180664062,40.45000076293945
2021-02-17,364.3504943847656,323.2917175292969,166.3300018310547,122.04319763183594,40.88999938964844
2021-02-18,362.7999267578125,321.8782653808594,166.32000732421875,121.54933166503906,40.27000045776367
2021-02-19,362.15924072265625,320.47442626953125,167.00999450683594,119.93368530273438,39.68000030517578
2021-02-22,359.3735656738281,312.1677551269531,169.50999450683594,119.02122497558594,41.279998779296875
2021-02-23,359.8099365234375,311.2382507324219,169.1199951171875,118.67803955078125,41.619998931884766
2021-02-24,363.7748107910156,313.80389404296875,169.0,117.89946746826172,42.5
2021-02-25,355.0093688964844,302.8638916015625,165.82000732421875,115.97412109375,42.459999084472656
2021-02-26,353.1801452636719,304.1321716308594,161.80999755859375,119.80809020996094,41.310001373291016
2021-03-01,361.7413024902344,313.2810974121094,161.52999877929688,118.22576141357422,40.599998474121094
2021-03-02,358.91851806640625,308.2564392089844,162.41000366210938,118.23416137695312,40.06999969482422
2021-03-03,354.1644287109375,299.3108825683594,160.6199951171875,116.95178985595703,41.13999938964844
2021-03-04,349.78173828125,294.4119873046875,159.0399932861328,116.19751739501953,43.06999969482422
2021-03-05,356.21649169921875,298.8461608886719,159.13999938964844,116.42378234863281,44.439998626708984
2021-03-08,354.4429626464844,290.3845520019531,157.49000549316406,115.51863861083984,43.5
2021-03-09,359.5035705566406,301.83770751953125,160.83999633789062,117.11945343017578,43.11000061035156
2021-03-10,361.7413024902344,300.9761657714844,161.66000366210938,117.35411071777344,43.7400016784668
2021-03-11,365.4090576171875,307.90789794921875,161.52000427246094,116.50758361816406,44.599998474121094
2021-03-12,365.9012145996094,305.4101257324219,161.49000549316406,114.03517150878906,44.349998474121094
2021-03-15,368.083251953125,308.67279052734375,162.1999969482422,114.70559692382812,44.2599983215332
2021-03-16,367.6189880371094,310.3670349121094,162.35000610351562,114.24467468261719,43.83000183105469
2021-03-17,368.87249755859375,311.6449279785156,163.50999450683594,113.38977813720703,43.81999969482422
2021-03-18,363.5054931640625,302.0990295410156,162.55999755859375,112.24153900146484,40.470001220703125
2021-03-19,362.8329162597656,303.1640625,163.24000549316406,112.93718719482422,41.77000045776367
2021-03-22,365.73016357421875,308.84930419921875,163.0,114.20277404785156,41.709999084472656
2021-03-23,362.8516540527344,307.5019226074219,161.80999755859375,115.2336654663086,39.369998931884766
2021-03-24,361.0070495605469,302.3157653808594,162.3699951171875,115.85389709472656,41.45000076293945
2021-03-25,363.0379333496094,301.79229736328125,161.77999877929688,114.94029235839844,39.88999938964844
2021-03-26,368.88818359375,306.3193359375,162.24000549316406,114.5380630493164,41.529998779296875
2021-03-29,368.701904296875,306.23211669921875,160.30999755859375,113.5657730102539,41.91999816894531
2021-03-30,367.7237243652344,304.6907653808594,157.57000732421875,114.1607894897461,41.16999816894531
2021-03-31,369.21429443359375,309.3534240722656,159.9600067138672,113.52389526367188,40.529998779296875
2021-04-01,373.2014465332031,314.62677001953125,161.97999572753906,115.40800476074219,41.84000015258789
2021-04-05,378.55804443359375,320.9081726074219,161.9199981689453,114.90444946289062,40.279998779296875
2021-04-06,378.3345031738281,320.685302734375,163.22000122070312,115.68502807617188,40.70000076293945
2021-04-07,378.7723083496094,321.4607849121094,162.75999450683594,114.87928771972656,40.86000061035156
2021-04-08,380.5702819824219,324.8147888183594,164.50999450683594,115.82769775390625,40.81999969482422
2021-04-09,383.3370666503906,326.7825622558594,163.27000427246094,115.40800476074219,40.63999938964844
2021-04-12,383.476806640625,326.35614013671875,162.27999877929688,115.3576889038086,40.900001525878906
2021-04-13,384.6133728027344,330.16571044921875,163.42999267578125,116.22213745117188,41.400001525878906
2021-04-14,383.2997741699219,326.2010498046875,162.72000122070312,115.85287475585938,43.040000915527344
2021-04-15,387.4174499511719,331.1447448730469,165.35000610351562,117.79158020019531,43.27000045776367
2021-04-16,388.71240234375,331.532470703125,166.35000610351562,116.87674713134766,43.18000030517578
2021-04-19,386.8025817871094,328.4983825683594,165.88999938964844,116.5410385131836,43.31999969482422
2021-04-20,383.9705810546875,326.10406494140625,166.47999572753906,117.07819366455078,42.7400016784668
2021-04-21,387.6037292480469,328.895751953125,168.1300048828125,117.31318664550781,41.77000045776367
2021-04-22,384.06378173828125,324.93115234375,167.0399932861328,117.82514953613281,42.09000015258789
2021-04-23,388.22784423828125,329.0218811035156,166.39999389648438,117.54814910888672,42.459999084472656
2021-04-26,389.038330078125,331.1641540527344,166.83999633789062,117.38036346435547,42.33000183105469
2021-04-27,388.95452880859375,329.72943115234375,166.4199981689453,116.35643768310547,43.11000061035156
2021-04-28,388.84283447265625,328.6147155761719,166.91000366210938,116.43190002441406,43.529998779296875
2021-04-29,391.3207702636719,329.7972717285156,166.22000122070312,116.08786010742188,44.2599983215332
2021-04-30,388.7496032714844,327.63568115234375,165.66000366210938,116.35643768310547,43.27000045776367
2021-05-03,389.5880126953125,325.8907775878906,167.80999755859375,116.4261703491211,43.97999954223633
2021-05-04,387.18450927734375,320.026123046875,166.5800018310547,117.21625518798828,44.869998931884766
2021-05-05,387.3056640625,318.9501647949219,167.27000427246094,117.4095458984375,44.65999984741211
2021-05-06,390.39849853515625,321.3541259765625,170.05999755859375,117.6028823852539,44.40999984741211
2021-05-07,393.2397766113281,323.9617614746094,171.58999633789062,117.0229263305664,44.43000030517578
2021-05-10,389.3458251953125,315.78033447265625,172.11000061035156,115.83779907226562,44.47999954223633
2021-05-11,385.8710021972656,315.3440246582031,172.13999938964844,115.18223571777344,44.869998931884766
2021-05-12,377.6730651855469,307.1820373535156,170.42999267578125,113.97193908691406,45.220001220703125
2021-05-13,382.2098388671875,309.55694580078125,171.1300048828125,114.14840698242188,43.810001373291016
2021-05-14,388.0788879394531,316.3909912109375,172.69000244140625,115.21586608886719,44.709999084472656
2021-05-17,387.0913391113281,314.4716796875,174.6999969482422,114.97209930419922,45.38999938964844
2021-05-18,383.7563781738281,312.3487548828125,175.0399932861328,114.6779556274414,44.84000015258789
2021-05-19,382.7502136230469,312.7074279785156,175.16000366210938,114.40058135986328,43.43000030517578
2021-05-20,386.8677062988281,318.7562255859375,175.9600067138672,115.3419189453125,42.47999954223633
2021-05-21,386.5511169433594,316.9919738769531,176.0399932861328,115.71176147460938,43.70000076293945
2021-05-24,390.4916687011719,322.323486328125,176.35000610351562,116.140380859375,45.02000045776367
2021-05-25,389.6252746582031,322.76947021484375,177.9499969482422,117.21625518798828,44.91999816894531
2021-05-26,390.39849853515625,323.8938903808594,177.63999938964844,117.01456451416016,45.20000076293945
2021-05-27,390.6034240722656,322.6822204589844,177.7100067138672,116.54379272460938,45.54999923706055
2021-05-28,391.30218505859375,323.7000427246094,178.3800048828125,116.35895538330078,45.41999816894531
2021-06-01,390.95745849609375,322.6239318847656,177.89999389648438,116.3328628540039,46.33000183105469
2021-06-02,391.5722961425781,323.254150390625,178.77000427246094,116.60221862792969,46.900001525878906
2021-06-03,390.1189880371094,319.89044189453125,175.27000427246094,116.16452026367188,46.970001220703125
2021-06-04,393.6869812011719,325.3189392089844,177.16000366210938,117.75528717041016,47.2599983215332
2021-06-07,393.3050842285156,326.288330078125,177.8699951171875,117.3934097290039,47.27000045776367
2021-06-08,393.3889465332031,326.4433288574219,177.32000732421875,118.21825408935547,47.880001068115234
2021-06-09,392.8020324707031,326.5208435058594,176.97999572753906,119.26197052001953,47.58000183105469
2021-06-10,394.6278991699219,329.92333984375,177.74000549316406,119.97747802734375,47.83000183105469
2021-06-11,395.27996826171875,330.7860412597656,175.74000549316406,119.78384399414062,48.06999969482422
2021-06-14,396.1650085449219,333.95587158203125,174.7100067138672,118.86637878417969,48.31999969482422
2021-06-15,395.43841552734375,331.77484130859375,174.0500030517578,118.72330474853516,48.97999954223633
2021-06-16,393.2304382324219,330.5631408691406,171.11000061035156,118.62228393554688,48.75
2021-06-17,393.1001281738281,334.7604675292969,165.85000610351562,120.39823913574219,48.040000915527344
2021-06-18,387.79705810546875,332.1335144042969,164.92999267578125,122.66248321533203,48.36000061035156
2021-06-21,393.3486328125,334.19769287109375,166.9499969482422,120.6087417602539,49.36000061035156
2021-06-22,395.4516296386719,337.31298828125,166.25,120.9032974243164,49.41999816894531
2021-06-23,394.97491455078125,337.47802734375,166.13999938964844,120.5919189453125,49.720001220703125
2021-06-24,397.31146240234375,339.5645751953125,166.0399932861328,120.78553771972656,49.84000015258789
2021-06-25,398.7227783203125,339.14715576171875,166.58999633789062,119.53131866455078,50.25
2021-06-28,399.52655029296875,343.2717590332031,166.5800018310547,120.76017761230469,49.540000915527344
2021-06-29,399.7415771484375,344.5140075683594,164.8300018310547,120.96227264404297,49.88999938964844
2021-06-30,400.0780029296875,343.9704895019531,165.6300048828125,121.50098419189453,49.880001068115234
2021-07-01,402.2930603027344,344.1064147949219,166.1999969482422,121.50763702392578,50.619998931884766
2021-07-02,405.3680725097656,348.0563049316406,167.2899932861328,122.24097442626953,50.93000030517578
2021-07-06,404.6297302246094,349.5605163574219,168.1199951171875,123.6736831665039,49.900001525878906
2021-07-07,406.0596008300781,350.298095703125,168.75999450683594,124.76935577392578,48.65999984741211
2021-07-08,402.7510681152344,348.18243408203125,168.64999389648438,125.2581787109375,49.52000045776367
2021-07-09,407.0503845214844,350.3563232421875,169.2100067138672,123.49671173095703,50.40999984741211
2021-07-12,408.5084228515625,351.7247314453125,169.0,123.3365478515625,50.310001373291016
2021-07-13,407.11578369140625,351.7247314453125,169.22000122070312,122.392578125,51.150001525878906
2021-07-14,407.72332763671875,352.35552978515625,171.0399932861328,123.78324890136719,49.70000076293945
2021-07-15,406.3306884765625,349.8807373046875,171.07000732421875,125.14859771728516,49.040000915527344
2021-07-16,403.1436767578125,347.0470275878906,169.41000366210938,124.91264343261719,49.13999938964844
2021-07-19,397.1900329589844,344.2034912109375,169.61000061035156,127.65182495117188,45.84000015258789
2021-07-20,402.88189697265625,348.2018737792969,169.38999938964844,126.42123413085938,46.5099983215332
2021-07-21,406.14373779296875,350.8901062011719,168.75999450683594,124.81993865966797,48.27000045776367
2021-07-22,406.994384765625,353.2096252441406,169.08999633789062,125.9998779296875,49.16999816894531
2021-07-23,411.18145751953125,357.33416748046875,168.55999755859375,125.15702056884766,49.470001220703125
2021-07-26,412.1907653808594,357.6155700683594,168.16000366210938,124.78621673583984,49.66999816894531
2021-07-27,410.31219482421875,353.67547607421875,168.44000244140625,126.11780548095703,49.470001220703125
2021-07-28,410.1440124511719,355.0340881347656,169.2899932861328,126.12627410888672,49.720001220703125
2021-07-29,411.8449401855469,355.6649475097656,171.1699981689453,125.42671203613281,50.63999938964844
2021-07-30,409.8448486328125,353.81134033203125,169.82000732421875,126.01673126220703,50.65999984741211
2021-08-02,408.98504638671875,353.8404541015625,169.61000061035156,127.14068603515625,49.18000030517578
2021-08-03,412.31231689453125,355.98516845703125,169.49000549316406,127.2082290649414,48.849998474121094
2021-08-04,410.28424072265625,356.49957275390625,169.52999877929688,127.46979522705078,47.20000076293945
2021-08-05,412.8824768066406,358.7607727050781,168.86000061035156,126.82008361816406,48.099998474121094
2021-08-06,413.5647888183594,357.1885986328125,164.63999938964844,124.70201873779297,47.56999969482422
2021-08-09,413.22833251953125,357.8485412597656,161.72000122070312,124.25479888916016,46.599998474121094
2021-08-10,413.7423095703125,356.0143127441406,161.77000427246094,123.68096160888672,47.68000030517578
2021-08-11,414.77044677734375,355.40289306640625,164.0,123.60502624511719,48.29999923706055
2021-08-12,416.0133972167969,356.68389892578125,164.0399932861328,123.4024887084961,48.099998474121094
2021-08-13,416.7705078125,357.9359130859375,166.38999938964844,125.35175323486328,47.43000030517578
2021-08-16,417.7519226074219,358.0911560058594,167.22000122070312,125.65553283691406,47.040000915527344
2021-08-17,415.0135192871094,354.9370422363281,166.97000122070312,125.60488891601562,46.58000183105469
2021-08-18,410.4711608886719,351.5208740234375,167.10000610351562,126.02685546875,45.400001525878906
2021-08-19,411.106689453125,353.21923828125,166.61000061035156,126.95504760742188,44.77000045776367
2021-08-20,414.37786865234375,356.8780517578125,166.6999969482422,127.03946685791016,43.43000030517578
2021-08-23,418.02301025390625,362.2157897949219,168.72999572753906,126.95504760742188,45.849998474121094
2021-08-24,418.6865234375,363.32208251953125,168.64999389648438,125.96773529052734,47.369998931884766
2021-08-25,419.5651550292969,363.7393493652344,167.47999572753906,124.92139434814453,47.810001373291016
2021-08-26,417.08837890625,361.42962646484375,167.6699981689453,125.26737213134766,47.47999954223633
2021-08-27,420.8174743652344,364.94281005859375,170.19000244140625,126.11966705322266,48.150001525878906
2021-08-30,422.6680603027344,369.0382995605469,169.35000610351562,126.44879913330078,48.400001525878906
2021-08-31,422.0418701171875,368.73736572265625,169.69000244140625,125.58805084228516,48.040000915527344
2021-09-01,422.26617431640625,369.3487548828125,169.6999969482422,125.7984390258789,47.93000030517578
2021-09-02,423.5652770996094,369.1741638183594,169.25,126.34759521484375,48.95000076293945
2021-09-03,423.4625549316406,370.3096008300781,171.05999755859375,125.19854736328125,48.65999984741211
2021-09-07,421.94842529296875,370.8337097167969,167.7100067138672,124.142333984375,48.040000915527344
2021-09-08,421.4343566894531,369.54290771484375,167.2899932861328,124.98731231689453,48.59000015258789
2021-09-09,419.6305236816406,368.2715148925781,168.02999877929688,126.49968719482422,47.75
2021-09-10,416.32183837890625,365.4765319824219,167.17999267578125,125.3844223022461,48.79999923706055
2021-09-13,417.3873596191406,365.2242126464844,167.74000549316406,126.14486694335938,49.47999954223633
2021-09-14,415.13494873046875,364.18585205078125,168.82000732421875,127.6740951538086,49.310001373291016
2021-09-15,418.60235595703125,366.8935546875,167.8300018310547,127.22636413574219,50.689998626708984
2021-09-16,417.9388732910156,367.1458740234375,164.02999877929688,126.64336395263672,50.70000076293945
2021-09-17,413.86773681640625,362.79803466796875,163.77000427246094,126.03497314453125,50.31999969482422
2021-09-20,406.96673583984375,355.30145263671875,164.94000244140625,127.59808349609375,49.599998474121094
2021-09-21,406.5823059082031,355.7386474609375,166.0399932861328,127.48824310302734,49.58000183105469
2021-09-22,410.5484619140625,359.0614318847656,165.4199981689453,128.24864196777344,50.47999954223633
2021-09-23,415.53662109375,362.3743896484375,163.50999450683594,125.35059356689453,51.380001068115234
2021-09-24,416.2210998535156,362.7144470214844,163.3000030517578,124.12549591064453,51.81999969482422
2021-09-27,415.0303039550781,359.8191223144531,163.63999938964844,123.66924285888672,52.90999984741211
2021-09-28,406.666748046875,349.6371765136719,162.0500030517578,121.7428207397461,52.400001525878906
2021-09-29,407.35113525390625,349.0639343261719,161.32000732421875,121.95411682128906,52.31999969482422
2021-09-30,402.3724365234375,347.781494140625,164.22000122070312,121.93714904785156,52.560001373291016
2021-10-01,407.1542053222656,349.9383850097656,164.58999633789062,122.96334838867188,53.2599983215332
2021-10-04,401.9035949707031,342.59332275390625,165.36000061035156,122.65039825439453,54.4900016784668
2021-10-05,406.0854187011719,347.2179870605469,164.58999633789062,121.46595764160156,55.630001068115234
2021-10-06,407.77313232421875,349.44293212890625,165.02999877929688,122.15126037597656,54.15999984741211
2021-10-07,411.29864501953125,352.6490783691406,164.16000366210938,120.8738021850586,55.36000061035156
2021-10-08,410.5484619140625,350.8905029296875,164.22999572753906,120.02781677246094,55.470001220703125
2021-10-11,407.57623291015625,348.1993103027344,163.9199981689453,119.7232437133789,56.18000030517578
2021-10-12,406.5728759765625,346.9848327636719,164.66000366210938,121.77053833007812,56.11000061035156
2021-10-13,408.0356750488281,349.76348876953125,167.58999633789062,122.95481872558594,56.15999984741211
2021-10-14,414.8990783691406,356.2049865722656,168.0,123.41171264648438,56.810001373291016
2021-10-15,418.0588684082031,358.4492492675781,165.3300018310547,122.69265747070312,57.150001525878906
2021-10-18,419.2964782714844,362.0538330078125,164.9199981689453,123.26789093017578,56.959999084472656
2021-10-19,422.53131103515625,364.7936706542969,165.4499969482422,121.56753540039062,57.41999816894531
2021-10-20,424.19097900390625,364.3175354003906,166.89999389648438,120.74686431884766,58.119998931884766
2021-10-21,425.29730224609375,366.54241943359375,166.75,120.60303497314453,57.40999984741211
2021-10-22,424.8566589355469,363.462646484375,167.77000427246094,121.93123626708984,58.029998779296875
2021-10-25,427.1351013183594,367.1836853027344,168.92999267578125,121.74518585205078,57.83000183105469
2021-10-26,427.51947021484375,368.3398132324219,167.67999267578125,122.7519302368164,58.45000076293945
2021-10-27,425.6254577636719,369.1948547363281,168.1199951171875,124.98529052734375,56.900001525878906
2021-10-28,429.7322692871094,373.2948303222656,168.0800018310547,124.56224822998047,57.400001525878906
2021-10-29,430.6043395996094,375.13104248046875,166.64999389648438,124.94297790527344,57.150001525878906
2021-11-01,431.3450012207031,376.4135437011719,167.52000427246094,124.04341888427734,57.529998779296875
2021-11-02,433.0890197753906,377.9874572753906,167.16000366210938,124.59400939941406,57.529998779296875
2021-11-03,435.7330627441406,382.0000305175781,165.77000427246094,123.30644226074219,55.34000015258789
2021-11-04,437.78643798828125,386.89678955078125,167.64999389648438,124.60244750976562,54.91999816894531
2021-11-05,439.305419921875,387.2658996582031,169.83999633789062,126.46598815917969,56.54999923706055
2021-11-08,439.680419921875,386.7412414550781,170.4499969482422,126.22883605957031,57.09000015258789
2021-11-09,438.2272033691406,384.0792236328125,171.2899932861328,127.87211608886719,57.970001220703125
2021-11-10,434.7016296386719,378.43438720703125,173.14999389648438,125.53414916992188,56.31999969482422
2021-11-11,434.84228515625,379.4836730957031,174.1199951171875,125.34783935546875,56.220001220703125
2021-11-12,438.1240234375,383.476806640625,174.4499969482422,124.79724884033203,55.97999954223633
2021-11-15,438.2740478515625,383.3894348144531,174.17999267578125,123.23017883300781,56.06999969482422
2021-11-16,440.0086669921875,386.11944580078125,172.9199981689453,122.91680908203125,56.20000076293945
2021-11-17,438.93975830078125,386.323486328125,174.5,123.890869140625,55.0
2021-11-18,440.4306335449219,390.3263244628906,173.94000244140625,124.35675048828125,55.54999923706055
2021-11-19,439.6429748535156,392.5025634765625,172.61000061035156,125.66973114013672,53.779998779296875
2021-11-22,438.40533447265625,387.94598388671875,168.74000549316406,124.19585418701172,54.45000076293945
2021-11-23,438.98663330078125,386.17779541015625,167.27999877929688,122.40007781982422,56.20000076293945
2021-11-24,440.15869140625,387.4214172363281,167.1199951171875,124.3652572631836,55.880001068115234
2021-11-26,430.3417663574219,380.076416015625,166.85000610351562,127.50789642333984,49.630001068115234
2021-11-29,435.62060546875,388.32489013671875,166.6199951171875,126.48290252685547,50.16999816894531
2021-11-30,427.14447021484375,382.6218566894531,165.5,128.40574645996094,47.90999984741211
2021-12-01,422.40008544921875,376.1123962402344,166.16000366210938,129.19781494140625,47.040000915527344
2021-12-02,428.8695983886719,378.8230285644531,165.24000549316406,129.3590087890625,48.290000915527344
2021-12-03,425.13800048828125,372.2358093261719,166.6300048828125,130.9025421142578,48.0
2021-12-06,430.1730041503906,375.2184753417969,166.22000122070312,129.10458374023438,50.5099983215332
2021-12-07,439.071044921875,386.5177917480469,166.80999755859375,128.0614471435547,51.59000015258789
2021-12-08,440.23370361328125,388.2471923828125,166.89999389648438,125.84791564941406,52.41999816894531
2021-12-09,437.2613830566406,382.5343322753906,165.8800048828125,126.55183410644531,51.02000045776367
2021-12-10,441.3775329589844,386.69268798828125,166.5800018310547,126.24645233154297,52.029998779296875
2021-12-13,437.4678039550781,381.1061706542969,167.0,128.11228942871094,51.439998626708984
2021-12-14,434.4579772949219,377.1616516113281,165.44000244140625,127.80693054199219,50.91999816894531
2021-12-15,441.24627685546875,385.7600402832031,166.14999389648438,126.57720947265625,51.619998931884766
2021-12-16,437.3551330566406,375.8403015136719,168.16000366210938,126.62649536132812,51.869998931884766
2021-12-17,432.70050048828125,373.9651794433594,167.8000030517578,128.06143188476562,50.779998779296875
2021-12-20,428.09942626953125,370.3375549316406,167.08999633789062,127.10196685791016,49.900001525878906
2021-12-21,435.7020568847656,378.62591552734375,167.02000427246094,126.61802673339844,51.56999969482422
2021-12-22,440.0584411621094,383.2369689941406,168.58999633789062,127.20389556884766,52.47999954223633
2021-12-23,442.79644775390625,386.126220703125,168.97000122070312,126.10010528564453,53.130001068115234
2021-12-27,449.0630798339844,392.5078430175781,169.3699951171875,126.40571594238281,54.52000045776367
2021-12-28,448.69610595703125,390.688720703125,168.63999938964844,125.90482330322266,54.66999816894531
2021-12-29,449.27001953125,390.6303405761719,168.58999633789062,124.52935791015625,55.08000183105469
2021-12-30,448.0279846191406,389.46295166015625,169.8000030517578,125.57369232177734,55.099998474121094
2021-12-31,446.8988952636719,387.03094482421875,170.9600067138672,125.81990814208984,54.36000061035156
2022-01-03,449.4864807128906,390.75689697265625,168.3300018310547,122.51716613769531,54.83000183105469
2022-01-04,449.33587646484375,385.6884460449219,169.57000732421875,122.00770568847656,55.59000015258789
2022-01-05,440.7076721191406,373.8396301269531,169.05999755859375,121.34542846679688,55.43000030517578
2022-01-06,440.2937316894531,373.5770263671875,166.99000549316406,121.65957641601562,56.88999938964844
2022-01-07,438.55291748046875,369.5301513671875,167.75,120.7850341796875,56.66999816894531
2022-01-10,438.00726318359375,369.7733459472656,168.25999450683594,121.08226776123047,56.15999984741211
2022-01-11,441.99676513671875,375.32806396484375,170.2899932861328,121.88883209228516,58.15999984741211
2022-01-12,443.1916198730469,376.81646728515625,170.74000549316406,121.42181396484375,58.90999984741211
2022-01-13,437.0851745605469,367.3899841308594,170.16000366210938,122.50017547607422,58.27000045776367
2022-01-14,437.2638854980469,369.6761169433594,169.6699981689453,120.64923095703125,59.970001220703125
2022-01-18,429.5201416015625,360.4732666015625,169.38999938964844,118.9511947631836,60.970001220703125
2022-01-19,425.0601806640625,356.51397705078125,172.0800018310547,119.77472686767578,61.04999923706055
2022-01-20,420.35565185546875,351.88348388671875,171.64999389648438,120.51341247558594,60.65999984741211
2022-01-21,412.10382080078125,342.12615966796875,171.08999633789062,121.94824981689453,60.779998779296875
2022-01-24,413.8538513183594,343.6924133300781,172.02999877929688,120.94639587402344,60.11000061035156
2022-01-25,408.80108642578125,335.7251281738281,172.5800018310547,120.75108337402344,60.970001220703125
2022-01-26,407.7755126953125,335.1997985839844,169.7899932861328,119.29073333740234,61.68000030517578
2022-01-27,405.761962890625,331.8241882324219,167.60000610351562,121.4813003540039,61.86000061035156
2022-01-28,415.8392639160156,342.2331848144531,167.10000610351562,121.52375793457031,61.970001220703125
2022-01-31,423.328857421875,353.1772155761719,168.08999633789062,120.89541625976562,62.47999954223633
2022-02-01,426.1893005371094,355.5800476074219,168.22999572753906,120.49417114257812,62.529998779296875
2022-02-02,430.32940673828125,358.4693298339844,168.83999633789062,120.90225982666016,62.52000045776367
2022-02-03,420.2144470214844,343.9356384277344,168.60000610351562,119.9585189819336,63.5099983215332
2022-02-04,422.19036865234375,348.27435302734375,168.86000061035156,118.19001770019531,64.91000366210938
2022-02-07,420.83551025390625,345.4726257324219,170.11000061035156,118.26654815673828,64.68000030517578
2022-02-08,424.2980041503906,349.35418701171875,170.6300048828125,117.4758071899414,63.619998931884766
2022-02-09,430.5080871582031,356.7572021484375,171.2100067138672,117.69688415527344,64.16999816894531
2022-02-10,422.7737731933594,348.6829833984375,170.55999755859375,115.82638549804688,63.959999084472656
2022-02-11,414.437255859375,337.62213134765625,173.80999755859375,117.54385375976562,65.73999786376953
2022-02-14,413.0822448730469,338.0403747558594,174.74000549316406,116.08145141601562,66.36000061035156
2022-02-15,419.7439880371094,346.4454345703125,173.0800018310547,114.76361083984375,64.27999877929688
2022-02-16,420.2144470214844,346.3580017089844,174.86000061035156,115.4438247680664,63.540000915527344
2022-02-17,411.2380676269531,336.0559387207031,177.25,116.3025131225586,64.16999816894531
2022-02-18,408.5753173828125,332.22308349609375,177.1199951171875,117.52684783935547,64.73999786376953
2022-02-22,404.1905822753906,328.8863220214844,177.49000549316406,117.83292388916016,65.54000091552734
2022-02-23,397.0208435058594,320.4618225097656,178.2899932861328,116.2090072631836,66.23999786376953
2022-02-24,402.99560546875,331.2308044433594,177.13999938964844,116.28550720214844,66.33999633789062
2022-02-25,411.8872985839844,336.36724853515625,176.5500030517578,116.37053680419922,65.80000305175781
2022-02-28,410.83355712890625,337.369140625,178.3800048828125,118.92121887207031,67.4800033569336
2022-03-01,404.5763244628906,332.2034912109375,181.6199951171875,120.29615020751953,71.81999969482422
2022-03-02,412.01910400390625,337.77777099609375,179.72999572753906,116.1841049194336,75.41999816894531
2022-03-03,409.9678955078125,332.9526672363281,180.8000030517578,117.36753845214844,74.52999877929688
2022-03-04,406.63702392578125,328.12750244140625,183.67999267578125,119.39371490478516,79.45999908447266
2022-03-07,394.6497497558594,316.02581787109375,186.41000366210938,118.48278045654297,82.37000274658203
2022-03-08,391.6575927734375,314.55682373046875,191.50999450683594,117.2908706665039,85.43000030517578
2022-03-09,402.1582946777344,325.8802795410156,185.82000732421875,116.14153289794922,75.47000122070312
2022-03-10,400.3422546386719,322.2615051269531,186.39999389648438,114.47294616699219,74.05999755859375
2022-03-11,395.25189208984375,315.5783386230469,185.08999633789062,114.85599517822266,76.4000015258789
2022-03-14,392.3632507324219,309.51776123046875,182.3000030517578,112.17425537109375,72.83999633789062
2022-03-15,400.991455078125,319.226318359375,178.88999938964844,111.97844696044922,68.62999725341797
2022-03-16,409.8831787109375,331.0654296875,180.00999450683594,113.0766830444336,68.27999877929688
2022-03-17,415.0111389160156,335.0733337402344,180.88999938964844,112.23384094238281,73.68000030517578
2022-03-18,419.55670166015625,341.9317321777344,179.3000030517578,113.60453033447266,74.63999938964844
2022-03-21,419.43408203125,340.9809265136719,180.6699981689453,110.97388458251953,79.54000091552734
2022-03-22,424.342041015625,347.6822204589844,179.36000061035156,109.55208587646484,78.55999755859375
2022-03-23,418.87713623046875,342.6855163574219,181.80999755859375,111.9529037475586,81.94999694824219
2022-03-24,425.1914367675781,350.30230712890625,183.1300048828125,111.07599639892578,79.75
2022-03-25,427.2679138183594,350.0101013183594,182.3800048828125,109.53506469726562,80.73999786376953
2022-03-28,430.30712890625,355.42559814453125,179.05999755859375,110.47156524658203,74.52999877929688
2022-03-29,435.6304016113281,361.5423278808594,179.13999938964844,111.30587005615234,76.1500015258789
2022-03-30,432.9403991699219,357.54888916015625,180.5800018310547,112.17425537109375,77.91000366210938
2022-03-31,426.2768249511719,353.1171875,180.64999389648438,112.44668579101562,74.12000274658203
2022-04-01,427.4849548339844,352.44512939453125,179.5,112.87474822998047,74.16999816894531
2022-04-04,431.1470947265625,359.7014465332031,180.3699951171875,112.09028625488281,76.86000061035156
2022-04-05,425.701171875,351.7146301269531,179.24000549316406,109.55790710449219,74.80000305175781
2022-04-06,421.4444580078125,344.0784606933594,179.66000366210938,108.67109680175781,73.05000305175781
2022-04-07,423.5680236816406,344.8965759277344,180.33999633789062,107.85255432128906,73.11000061035156
2022-04-08,422.43548583984375,340.0751953125,181.47000122070312,106.6844482421875,74.11000061035156
2022-04-11,415.215087890625,332.0299377441406,182.3699951171875,104.99617004394531,72.30000305175781
2022-04-12,413.6766357421875,330.6273498535156,183.77000427246094,104.85124206542969,75.9800033569336
2022-04-13,418.4146728515625,337.34796142578125,184.64999389648438,105.06438446044922,78.41999816894531
2022-04-14,413.20465087890625,329.6337890625,184.0399932861328,102.95832824707031,79.56999969482422
2022-04-18,413.37457275390625,329.8870544433594,184.61000061035156,102.44672393798828,80.41000366210938
2022-04-19,420.04754638671875,337.26031494140625,181.82000732421875,101.67933654785156,76.86000061035156
2022-04-20,419.73602294921875,332.34149169921875,182.7100067138672,103.72571563720703,77.23999786376953
2022-04-21,413.4595031738281,325.465087890625,182.05999755859375,102.95832824707031,78.12000274658203
2022-04-22,402.1145324707031,316.9424743652344,180.2899932861328,102.310302734375,76.30999755859375
2022-04-25,404.4458312988281,321.0138244628906,177.0500030517578,103.33349609375,74.6500015258789
2022-04-26,392.73272705078125,308.897216796875,177.32000732421875,104.37374114990234,76.45999908447266
2022-04-27,393.83697509765625,308.527099609375,175.97999572753906,103.0350570678711,76.37000274658203
2022-04-28,403.7850646972656,319.4847412109375,176.92999267578125,103.18854522705078,78.08000183105469
2022-04-29,388.8629455566406,305.1082763671875,176.91000366210938,101.84984588623047,77.16000366210938
2022-05-02,391.2037658691406,310.202392578125,173.6300048828125,100.0844497680664,78.37999725341797
2022-05-03,392.9969787597656,310.533447265625,174.08999633789062,100.75919342041016,76.69000244140625
2022-05-04,404.9648742675781,321.03338623046875,175.8000030517578,101.31433868408203,80.22000122070312
2022-05-05,390.57135009765625,304.8647766113281,175.1300048828125,98.53848266601562,80.4800033569336
2022-05-06,388.2400817871094,301.21221923828125,175.4199981689453,97.08647918701172,82.12999725341797
2022-05-09,375.8096923828125,289.4267272949219,172.8800048828125,97.94061279296875,76.56999969482422
2022-05-10,376.6779479980469,292.9429626464844,171.4199981689453,98.82890319824219,74.52999877929688
2022-05-11,370.6940002441406,284.2547607421875,172.82000732421875,100.7335433959961,78.18000030517578
2022-05-12,370.3070373535156,283.5826110839844,170.1699981689453,100.54566192626953,79.2300033569336
2022-05-13,379.1602478027344,294.09222412109375,168.7899932861328,99.05948638916016,81.27999877929688
2022-05-16,377.62176513671875,290.6832580566406,170.39999389648438,98.95698547363281,83.11000061035156
2022-05-17,385.38958740234375,298.21234130859375,169.3300018310547,97.7612533569336,81.11000061035156
2022-05-18,369.85400390625,283.5729675292969,169.4199981689453,99.8452377319336,79.29000091552734
2022-05-19,367.5887145996094,282.0534362792969,171.91000366210938,100.0844497680664,80.58000183105469
2022-05-20,367.74920654296875,281.1769104003906,172.02999877929688,101.22040557861328,81.6500015258789
2022-05-23,374.6298522949219,285.8521423339844,172.8300018310547,99.55490112304688,81.97000122070312
2022-05-24,371.77008056640625,279.7742614746094,174.1300048828125,101.51931762695312,82.0
2022-05-25,375.0545654296875,283.6898498535156,173.0800018310547,101.9207763671875,82.4800033569336
2022-05-26,382.5486755371094,291.55010986328125,172.75999450683594,101.45954132080078,84.58999633789062
2022-05-27,391.9399108886719,301.0661315917969,172.85000610351562,101.70724487304688,85.45999908447266
2022-05-31,389.7408447265625,300.2674560546875,171.13999938964844,99.55490112304688,85.47000122070312
2022-06-01,386.58831787109375,298.0467224121094,172.22999572753906,99.44107818603516,85.54000091552734
2022-06-02,393.9502868652344,306.2089538574219,174.35000610351562,99.49241638183594,87.25
2022-06-03,387.4849548339844,298.2415771484375,172.5800018310547,99.27850341796875,89.47000122070312
2022-06-06,388.6647644042969,299.2350158691406,171.82000732421875,97.44746398925781,88.38999938964844
2022-06-07,392.3929443359375,301.8161315917969,172.94000244140625,98.49988555908203,90.04000091552734
2022-06-08,388.1268005371094,299.6441650390625,172.77999877929688,97.62716674804688,91.98999786376953
2022-06-09,378.89599609375,291.61822509765625,172.22999572753906,97.95228576660156,91.08000183105469
2022-06-10,367.90966796875,281.3326721191406,174.5399932861328,97.34480285644531,90.12999725341797
2022-06-13,353.94085693359375,268.2518005371094,169.92999267578125,94.29020690917969,90.36000061035156
2022-06-14,352.874267578125,268.7388610839844,168.57000732421875,93.10091400146484,88.44999694824219
2022-06-15,357.9049377441406,275.4497375488281,170.77000427246094,94.83781433105469,86.93000030517578
2022-06-16,346.05975341796875,264.3362121582031,172.69000244140625,95.59076690673828,87.66000366210938
2022-06-17,346.80572509765625,267.5504150390625,171.27000427246094,95.89877319335938,83.33999633789062
2022-06-21,355.53607177734375,274.30072021484375,170.6300048828125,94.2730712890625,84.05000305175781
2022-06-22,354.89154052734375,273.9005432128906,171.30999755859375,96.8656234741211,80.87999725341797
2022-06-23,358.3703308105469,277.9797668457031,170.25999450683594,97.66138458251953,78.9800033569336
2022-06-24,369.76434326171875,287.5043029785156,170.08999633789062,96.30948638916016,81.2699966430664
2022-06-27,368.3519592285156,285.3965148925781,169.89999389648438,95.48809051513672,82.93000030517578
2022-06-28,360.8254699707031,276.7012939453125,169.6199951171875,95.93302154541016,84.72000122070312
2022-06-29,360.5316162109375,276.95501708984375,169.49000549316406,97.43034362792969,82.94999694824219
2022-06-30,357.6025695800781,273.51995849609375,168.4600067138672,98.28598022460938,80.3499984741211
2022-07-01,361.3847351074219,275.3253479003906,168.32000732421875,99.29505920410156,81.66999816894531
2022-07-05,362.06719970703125,280.03887939453125,164.75,100.07524108886719,74.77999877929688
2022-07-06,363.2900390625,281.83447265625,162.13999938964844,98.39485931396484,73.66999816894531
2022-07-07,368.7311096191406,287.8653869628906,162.22999572753906,97.52897644042969,76.55000305175781
2022-07-08,368.4278259277344,288.2265319824219,162.3000030517578,96.4487533569336,78.54000091552734
2022-07-11,364.2190856933594,282.06866455078125,161.42999267578125,98.11194610595703,78.2300033569336
2022-07-12,360.9960632324219,279.3361511230469,160.8300018310547,98.6949234008789,72.80999755859375
2022-07-13,359.1001892089844,278.760498046875,161.60000610351562,99.82659149169922,73.19000244140625
2022-07-14,358.2281188964844,279.75592041015625,159.3300018310547,99.01213073730469,72.8499984741211
2022-07-15,365.0721740722656,284.83038330078125,159.00999450683594,99.56936645507812,73.73999786376953
2022-07-18,362.0577697753906,282.41998291015625,159.16000366210938,98.53203582763672,76.80999755859375
2022-07-19,371.8403015136719,291.1053771972656,159.5399932861328,98.00048065185547,78.05000305175781
2022-07-20,374.2100524902344,295.7212829589844,158.0399932861328,98.2577133178711,77.63999938964844
2022-07-21,378.0207214355469,299.9663391113281,160.27000427246094,99.95516204833984,75.48999786376953
2022-07-22,374.51336669921875,294.70635986328125,160.6699981689453,101.63554382324219,74.52999877929688
2022-07-25,374.9683837890625,293.02783203125,160.22999572753906,100.64104461669922,76.22000122070312
2022-07-26,370.5321960449219,287.2701110839844,160.0399932861328,100.71821594238281,75.16000366210938
2022-07-27,380.153564453125,299.41015625,161.6699981689453,100.15234375,77.87000274658203
2022-07-28,384.921630859375,302.3377685546875,163.63999938964844,100.94966125488281,77.12999725341797
2022-07-29,390.5332336425781,307.8514404296875,164.10000610351562,100.67533111572266,78.05000305175781
2022-08-01,389.37677001953125,307.6659851074219,165.02999877929688,103.0999526977539,75.12999725341797
2022-08-02,386.80792236328125,306.7486877441406,164.0500030517578,100.91838836669922,75.93000030517578
2022-08-03,392.8652038574219,315.102294921875,164.4499969482422,102.50733184814453,73.52999877929688
2022-08-04,392.5997314453125,316.5758361816406,167.1699981689453,102.47295379638672,71.52999877929688
2022-08-05,391.9361877441406,313.98974609375,165.2899932861328,100.03375244140625,71.54000091552734
2022-08-08,391.481201171875,312.9748229980469,166.69000244140625,101.64845275878906,73.54000091552734
2022-08-09,389.9266357421875,309.432373046875,167.1999969482422,101.25335693359375,73.44999694824219
2022-08-10,398.1165771484375,318.0689392089844,166.77999877929688,100.59202575683594,74.31999969482422
2022-08-11,398.1165771484375,316.26348876953125,166.33999633789062,98.24726104736328,76.27999877929688
2022-08-12,404.8562927246094,322.4214172363281,167.8699951171875,99.24359130859375,74.9800033569336
2022-08-15,406.524658203125,325.0269775390625,165.7100067138672,99.1576919555664,72.87999725341797
2022-08-16,407.3208923339844,324.26580810546875,165.4199981689453,99.5699691772461,71.23999786376953
2022-08-17,404.4297180175781,320.56719970703125,164.35000610351562,98.53071594238281,72.05000305175781
2022-08-18,405.60516357421875,321.338134765625,163.9199981689453,98.67671966552734,74.20999908447266
2022-08-19,400.15460205078125,315.072998046875,162.72000122070312,97.08778381347656,74.05999755859375
2022-08-22,391.8224182128906,306.7779541015625,161.63999938964844,96.76140594482422,74.68000030517578
2022-08-23,390.8744812011719,306.5242614746094,162.77000427246094,96.22895050048828,76.83000183105469
2022-08-24,392.1258239746094,307.412353515625,163.25,95.52462005615234,78.04000091552734
2022-08-25,397.6615905761719,312.84796142578125,163.75,96.85588073730469,76.5
2022-08-26,384.2011413574219,300.0248718261719,161.75999450683594,97.58594512939453,75.8499984741211
2022-08-29,381.6607666015625,297.0680236816406,161.86000061035156,96.77859497070312,78.69000244140625
2022-08-30,377.47088623046875,293.759765625,160.50999450683594,97.01908874511719,75.47000122070312
2022-08-31,374.5987243652344,292.0519714355469,159.27000427246094,96.09148406982422,73.11000061035156
2022-09-01,375.774169921875,292.1788024902344,157.8699951171875,94.3322525024414,70.94999694824219
2022-09-02,371.81182861328125,288.0508728027344,159.25999450683594,94.86585998535156,71.43000030517578
2022-09-06,370.4089660644531,285.98199462890625,158.3300018310547,92.51617431640625,71.41999816894531
2022-09-07,377.0633850097656,291.7591552734375,159.94000244140625,93.97933197021484,67.62000274658203
2022-09-08,379.5279235839844,293.2718505859375,158.97999572753906,93.01536560058594,68.08999633789062
2022-09-09,385.4239501953125,299.6833801269531,159.82000732421875,93.2219467163086,71.0999984741211
2022-09-12,389.5663757324219,303.2452697753906,160.6300048828125,92.45592498779297,72.37000274658203
2022-09-13,372.6270751953125,286.6163635253906,158.5399932861328,92.67109680175781,72.01000213623047
2022-09-14,374.0489807128906,288.89007568359375,157.92999267578125,92.98954772949219,72.7300033569336
2022-09-15,369.8022766113281,284.07904052734375,154.97999572753906,92.92931365966797,69.76000213623047
2022-09-16,366.9810485839844,282.3418884277344,155.83999633789062,92.1546630859375,69.9000015258789
2022-09-19,369.8269958496094,284.5406494140625,155.9600067138672,92.36984252929688,70.05000305175781
2022-09-20,365.58197021484375,282.2725524902344,155.07000732421875,91.44889068603516,69.22000122070312
2022-09-21,359.20477294921875,277.2181701660156,155.7899932861328,92.9809341430664,68.68000030517578
2022-09-22,356.1875,273.80621337890625,155.6999969482422,90.60543823242188,68.97000122070312
2022-09-23,350.21966552734375,269.3482666015625,153.00999450683594,90.97549438476562,65.31999969482422
2022-09-26,346.75506591796875,268.23370361328125,151.22999572753906,89.23693084716797,63.20000076293945
2022-09-27,345.869873046875,268.3412170410156,151.5399932861328,86.88719940185547,64.41999816894531
2022-09-28,352.6753234863281,273.6791076660156,154.69000244140625,89.79638671875,67.12999725341797
2022-09-29,345.3083190917969,265.78961181640625,154.66000366210938,89.33157348632812,66.7699966430664
2022-09-30,339.9686279296875,261.2826843261719,154.6699981689453,88.17826843261719,65.27999877929688
2022-10-03,348.9442443847656,267.4124755859375,158.42999267578125,89.57935333251953,67.88999938964844
2022-10-04,359.7568664550781,275.82012939453125,160.6999969482422,89.3291244506836,70.27999877929688
2022-10-05,358.91925048828125,275.6734619140625,159.80999755859375,88.47505187988281,71.94000244140625
2022-10-06,355.2167053222656,273.50311279296875,159.6300048828125,87.98328399658203,72.98999786376953
2022-10-07,345.3083190917969,263.0816345214844,157.8800048828125,87.12914276123047,75.0999984741211
2022-10-10,342.6717529296875,260.4516906738281,155.47999572753906,85.77465057373047,73.77999877929688
2022-10-11,340.50164794921875,256.8735656738281,155.16000366210938,86.15423583984375,71.75
2022-10-12,339.37847900390625,256.7856140136719,155.99000549316406,86.57701873779297,70.93000030517578
2022-10-13,348.3350830078125,262.8077697753906,154.91000366210938,85.74876403808594,72.5199966430664
2022-10-14,340.39691162109375,254.90847778320312,152.97999572753906,85.0412826538086,70.16999816894531
2022-10-17,349.1441345214844,263.325927734375,153.4199981689453,84.62715911865234,70.12999725341797
2022-10-18,353.2464294433594,265.4083557128906,153.75,84.82561492919922,68.69999694824219
2022-10-19,350.7431335449219,264.4404602050781,151.69000244140625,83.2812728881836,70.04000091552734
2022-10-20,347.8020324707031,263.09130859375,151.4499969482422,81.85771942138672,70.18000030517578
2022-10-21,356.2541198730469,269.2602233886719,154.14999389648438,80.3824234008789,70.56999969482422
2022-10-24,360.6134338378906,272.22235107421875,153.64999389648438,79.71812438964844,70.37999725341797
2022-10-25,366.3719177246094,277.85357666015625,154.0,82.0389175415039,70.61000061035156
2022-10-26,363.61163330078125,271.71405029296875,154.97999572753906,83.22090148925781,72.97000122070312
2022-10-27,361.66998291015625,266.7672119140625,154.74000549316406,84.09228515625,73.62000274658203
2022-10-28,370.2743225097656,274.93048095703125,153.16000366210938,83.51423645019531,72.81999969482422
2022-10-31,367.5997314453125,271.73370361328125,151.91000366210938,82.91891479492188,71.52999877929688
2022-11-01,365.9911804199219,268.9571228027344,153.4600067138672,83.69384765625,73.12000274658203
2022-11-02,356.8061828613281,259.738037109375,152.38999938964844,83.33061218261719,74.08000183105469
2022-11-03,353.1322021484375,254.6641082763672,151.80999755859375,82.88087463378906,73.29000091552734
2022-11-04,358.21490478515625,258.7603759765625,156.47000122070312,81.48841094970703,76.81999969482422
2022-11-07,361.64141845703125,261.6053161621094,155.85000610351562,80.67546081542969,76.55999755859375
2022-11-08,363.59259033203125,263.51171875,159.4499969482422,81.55760955810547,74.47000122070312
2022-11-09,356.1018371582031,257.43084716796875,158.64999389648438,81.8257064819336,71.66999816894531
2022-11-10,375.67108154296875,276.4262390136719,163.47999572753906,84.973876953125,72.23999786376953
2022-11-11,379.30706787109375,281.5196838378906,164.55999755859375,84.66251373291016,74.37999725341797
2022-11-14,376.0804138183594,279.05609130859375,164.9199981689453,84.45494842529297,71.91000366210938
2022-11-15,379.2879943847656,282.9177551269531,165.5,85.82144165039062,73.25
2022-11-16,376.39459228515625,279.05609130859375,165.1199951171875,87.6982192993164,72.04000091552734
2022-11-17,375.2427673339844,278.4402160644531,163.9199981689453,86.77281951904297,70.13999938964844
2022-11-18,376.94659423828125,278.4498596191406,162.7899932861328,86.17607879638672,69.02999877929688
2022-11-21,375.57598876953125,275.5855407714844,161.8800048828125,86.5392837524414,69.02999877929688
2022-11-22,380.63006591796875,279.5546569824219,162.07000732421875,87.76742553710938,69.9800033569336
2022-11-23,383.02862548828125,282.3605041503906,163.0800018310547,89.29826354980469,67.41000366210938
2022-11-25,382.9430236816406,280.50299072265625,163.22000122070312,88.99554443359375,66.95999908447266
2022-11-28,376.83233642578125,276.3871765136719,161.92999267578125,89.24633026123047,66.87999725341797
2022-11-29,376.1851806640625,274.2950134277344,162.72999572753906,88.19985961914062,68.33999633789062
2022-11-30,388.03521728515625,286.7989501953125,164.80999755859375,88.84849548339844,70.2300033569336
2022-12-01,387.7496032714844,287.15093994140625,167.83999633789062,91.68683624267578,70.44999694824219
2022-12-02,387.30230712890625,286.007080078125,167.25999450683594,92.83988189697266,69.83999633789062
2022-12-05,380.3350524902344,281.2069091796875,164.38999938964844,91.53948974609375,67.72000122070312
2022-12-06,374.8526306152344,275.38018798828125,164.83999633789062,92.71847534179688,65.2300033569336
2022-12-07,374.21484375,274.2558898925781,166.3300018310547,94.90315246582031,63.650001525878906
2022-12-08,377.1464538574219,277.5017395019531,166.47000122070312,94.64308166503906,62.709999084472656
2022-12-09,374.3290710449219,275.7320556640625,167.05999755859375,92.1810073852539,62.849998474121094
2022-12-12,379.7258605957031,279.1929931640625,165.67999267578125,92.47575378417969,64.41000366210938
2022-12-13,382.600341796875,282.19427490234375,168.50999450683594,93.36869049072266,65.86000061035156
2022-12-14,380.1541748046875,280.1021728515625,168.10000610351562,93.76749420166016,67.36000061035156
2022-12-15,370.85498046875,270.6973571777344,165.35000610351562,94.13336181640625,66.1500015258789
2022-12-16,366.4765930175781,268.1163024902344,166.7899932861328,93.0818099975586,64.9000015258789
2022-12-19,363.3690185546875,264.3483581542969,166.32000732421875,91.51758575439453,66.06999969482422
2022-12-20,363.8662414550781,264.142578125,169.0800018310547,89.89248657226562,66.22000122070312
2022-12-21,369.3069152832031,267.9742736816406,168.8000030517578,90.11845397949219,68.05999755859375
2022-12-22,364.038330078125,261.4182434082031,166.75999450683594,90.10106658935547,67.69999694824219
2022-12-23,366.13238525390625,262.00616455078125,167.25999450683594,88.78014373779297,69.31999969482422
2022-12-27,364.68853759765625,258.30194091796875,168.6699981689453,87.0246810913086,69.52999877929688
2022-12-28,360.1562194824219,254.89157104492188,167.91000366210938,86.511962890625,68.58000183105469
2022-12-29,366.6391906738281,261.1046447753906,168.85000610351562,87.49394989013672,68.52999877929688
2022-12-30,365.67333984375,260.9479064941406,169.63999938964844,86.52064514160156,70.11000061035156
2023-01-03,364.1338806152344,259.18389892578125,171.05999755859375,88.17179107666016,67.63999938964844
2023-01-04,366.9451904296875,260.4186706542969,172.6699981689453,89.37976837158203,64.30000305175781
2023-01-05,362.7570495605469,256.3420715332031,170.52000427246094,89.75342559814453,64.77999877929688
2023-01-06,371.0758056640625,263.4173889160156,173.7100067138672,91.40462493896484,64.83000183105469
2023-01-09,370.865478515625,265.1225280761719,174.10000610351562,91.89126586914062,65.87999725341797
2023-01-10,373.46630859375,267.36663818359375,174.74000549316406,90.37042999267578,65.9000015258789
2023-01-11,378.1898193359375,271.9921569824219,174.6199951171875,91.839111328125,68.05000305175781
2023-01-12,379.5667419433594,273.4621887207031,176.63999938964844,93.64672088623047,68.61000061035156
2023-01-13,381.0392761230469,275.34368896484375,178.75999450683594,92.76897430419922,70.05000305175781
2023-01-17,380.3412780761719,275.90228271484375,177.58999633789062,92.16934967041016,70.86000061035156
2023-01-18,374.3364562988281,272.3155517578125,177.0800018310547,94.40274810791016,69.51000213623047
2023-01-19,371.61138916015625,269.64019775390625,179.88999938964844,93.81182861328125,70.58999633789062
2023-01-20,378.5340881347656,277.01947021484375,179.2899932861328,92.291015625,71.55000305175781
2023-01-23,383.0760192871094,283.17364501953125,179.6300048828125,91.8564682006836,71.5
2023-01-24,382.664794921875,282.5954895019531,180.27999877929688,93.17741394042969,70.22000122070312
2023-01-25,382.8082580566406,281.9683532714844,181.11000061035156,93.40335083007812,70.51000213623047
2023-01-26,387.01544189453125,287.46600341796875,179.47000122070312,92.9688491821289,70.93000030517578
2023-01-27,387.9046630859375,290.3275146484375,179.22000122070312,92.7342300415039,69.5
2023-01-30,383.03765869140625,284.4574279785156,178.75999450683594,92.39527893066406,68.0999984741211
2023-01-31,388.6696472167969,288.72039794921875,179.41000366210938,93.13395690917969,69.31999969482422
2023-02-01,392.8003234863281,294.8941650390625,181.6699981689453,94.25354766845703,67.36000061035156
2023-02-02,398.518310546875,305.4779052734375,177.89999389648438,94.37551879882812,66.56999969482422
2023-02-03,394.2824401855469,300.0489196777344,173.4600067138672,92.96405029296875,64.4000015258789
2023-02-06,391.8728332519531,297.5107116699219,173.82000732421875,92.27580261230469,65.5
2023-02-07,396.9980163574219,303.67486572265625,173.97999572753906,91.53520965576172,67.76000213623047
2023-02-08,392.6568908691406,298.27508544921875,174.41000366210938,91.97081756591797,68.68000030517578
2023-02-09,389.2529296875,295.6390075683594,173.02999877929688,91.09955596923828,67.91999816894531
2023-02-10,390.1612854003906,293.6986999511719,173.36000061035156,90.0801773071289,69.87000274658203
2023-02-13,394.7413635253906,298.4025573730469,172.47999572753906,90.83819580078125,69.5
2023-02-14,394.55975341796875,300.6074523925781,172.61000061035156,90.62908935546875,69.4000015258789
2023-02-15,395.84100341796875,302.910400390625,170.88999938964844,89.78395080566406,69.0199966430664
2023-02-16,390.39080810546875,297.2265625,170.75,88.51192474365234,68.44999694824219
2023-02-17,389.4154968261719,295.1294250488281,171.25999450683594,89.2002182006836,67.0199966430664
2023-02-21,381.60345458984375,288.1421813964844,170.6199951171875,87.46638488769531,66.69000244140625
2023-02-22,381.0775146484375,288.3577880859375,169.66000366210938,88.2679443359375,64.91999816894531
2023-02-23,383.1046447753906,290.8763732910156,169.57000732421875,89.13050842285156,66.37999725341797
2023-02-24,379.0121154785156,286.00579833984375,168.35000610351562,87.97171783447266,67.0999984741211
2023-02-27,380.30303955078125,288.0539855957031,169.00999450683594,88.21569061279297,66.25
2023-02-28,378.8974609375,287.6816101074219,169.77999877929688,88.61644744873047,67.20999908447266
2023-03-01,377.444091796875,285.3688659667969,170.75999450683594,87.66443634033203,68.06999969482422
2023-03-02,380.3795166015625,287.7305603027344,170.66000366210938,86.88710021972656,68.30000305175781
2023-03-03,386.47991943359375,293.67901611328125,172.49000549316406,88.99200439453125,69.86000061035156
2023-03-06,386.74774169921875,294.01220703125,171.6199951171875,88.30203247070312,70.48999786376953
2023-03-07,380.8193359375,290.4059143066406,168.6199951171875,88.84353637695312,67.8499984741211
2023-03-08,381.44091796875,291.8563232421875,168.5399932861328,88.93087768554688,67.0999984741211
2023-03-09,374.4033203125,286.799560546875,170.1999969482422,89.14923858642578,66.23999786376953
2023-03-10,369.0009460449219,282.7719421386719,173.8699951171875,92.2236557006836,67.13999938964844
2023-03-13,368.4749755859375,284.869140625,177.86000061035156,92.43326568603516,65.25
2023-03-14,374.5659484863281,291.4153137207031,176.8300018310547,90.91352844238281,62.93000030517578
2023-03-15,372.2232971191406,292.944091796875,178.2100067138672,92.6690902709961,60.02000045776367
2023-03-16,378.7540283203125,300.66619873046875,178.57000732421875,91.94415283203125,60.04999923706055
2023-03-17,374.3253173828125,299.24530029296875,183.77000427246094,93.32415008544922,58.65999984741211
2023-03-20,377.92474365234375,300.3072509765625,183.83999633789062,92.50316619873047,59.790000915527344
2023-03-21,382.88702392578125,304.59637451171875,180.3699951171875,91.70832824707031,61.22999954223633
2023-03-22,376.3601989746094,300.45452880859375,183.44000244140625,92.93110656738281,61.61000061035156
2023-03-23,377.37762451171875,304.01727294921875,185.74000549316406,92.93110656738281,60.9900016784668
2023-03-24,379.8539733886719,305.1362609863281,183.64999389648438,93.32415008544922,60.959999084472656
2023-03-27,380.56427001953125,303.04559326171875,181.9499969482422,91.13188171386719,64.1500015258789
2023-03-28,379.71002197265625,301.43603515625,183.44000244140625,91.2978515625,64.55000305175781
2023-03-29,385.2290344238281,306.9323425292969,182.52999877929688,91.11441802978516,64.1500015258789
2023-03-30,387.48468017578125,309.8375549316406,184.17999267578125,91.5336685180664,65.31999969482422
2023-03-31,392.9461669921875,314.99041748046875,183.22000122070312,92.90491485595703,66.44000244140625
2023-04-03,394.4434509277344,314.2248229980469,184.5399932861328,93.34185791015625,70.2699966430664
2023-04-04,392.2550354003906,313.16485595703125,187.97999572753906,93.8059310913086,70.2699966430664
2023-04-05,391.22802734375,310.0731506347656,187.8300018310547,94.7866439819336,70.23999786376953
2023-04-06,392.75408935546875,312.1636962890625,186.49000549316406,95.03181457519531,70.26000213623047
2023-04-10,393.15728759765625,311.9870910644531,185.11000061035156,93.49945068359375,69.76000213623047
2023-04-11,393.2628173828125,309.9847412109375,186.27999877929688,93.6921157836914,71.06999969482422
2023-04-12,391.6599426269531,307.24639892578125,187.19000244140625,93.59578704833984,72.43000030517578
2023-04-13,396.8622131347656,313.2629699707031,189.72000122070312,92.86024475097656,71.80000305175781
2023-04-14,395.892822265625,312.67413330078125,186.36000061035156,92.01090240478516,72.08999633789062
2023-04-17,397.3133544921875,312.9390563964844,185.52999877929688,90.91635131835938,70.83999633789062
2023-04-18,397.5724792480469,312.9587097167969,186.25,91.24036407470703,70.7300033569336
2023-04-19,397.5052795410156,312.81146240234375,185.36000061035156,91.15278625488281,69.30000305175781
2023-04-20,395.33612060546875,310.4264221191406,186.08999633789062,91.93209838867188,67.5999984741211
2023-04-21,395.64324951171875,310.7503662109375,184.25,91.41548156738281,68.20999908447266
2023-04-24,396.0559997558594,310.1025390625,184.80999755859375,92.29985046386719,69.25
2023-04-25,389.7690124511719,304.2529296875,185.75,93.65709686279297,67.62000274658203
2023-04-26,388.11810302734375,306.0980529785156,184.74000549316406,92.65887451171875,65.36000061035156
2023-04-27,395.8448181152344,314.4211730957031,184.75,91.73947143554688,65.80999755859375
2023-04-28,399.2233581542969,316.59027099609375,184.8000030517578,93.21927642822266,67.5
2023-05-01,398.8202819824219,316.2270812988281,183.97000122070312,90.53131103515625,66.55000305175781
2023-05-02,394.337890625,313.4691162109375,187.52000427246094,92.78733825683594,63.04999923706055
2023-05-03,391.6310729980469,311.41778564453125,189.11000061035156,93.30528259277344,60.310001373291016
2023-05-04,388.85723876953125,310.3184814453125,190.44000244140625,92.38358306884766,60.70000076293945
2023-05-05,396.0559997558594,316.9141540527344,187.4600067138672,92.07630920410156,63.029998779296875
2023-05-08,396.16156005859375,317.69927978515625,187.69000244140625,90.78591918945312,64.26000213623047
2023-05-09,394.4242248535156,315.6872253417969,189.02000427246094,90.46111297607422,64.87000274658203
2023-05-10,396.2671813964844,319.12255859375,188.75,91.33895111083984,64.38999938964844
2023-05-11,395.5760498046875,320.1628112792969,187.1300048828125,92.30457305908203,63.25
2023-05-12,395.0577392578125,319.0145263671875,186.80999755859375,91.53201293945312,62.06999969482422
2023-05-15,396.42071533203125,320.741943359375,187.2100067138672,90.58399200439453,62.9900016784668
2023-05-16,393.77154541015625,321.1050720214844,184.8699951171875,90.31185913085938,62.540000915527344
2023-05-17,398.55157470703125,324.9918518066406,184.22999572753906,90.04854583740234,64.5999984741211
2023-05-18,402.390869140625,331.0279235839844,181.83999633789062,89.38136291503906,64.04000091552734
2023-05-19,401.8053894042969,330.28204345703125,183.63999938964844,88.74930572509766,63.900001525878906
2023-05-22,401.9685974121094,331.39117431640625,183.2100067138672,88.43330383300781,63.90999984741211
2023-05-23,397.4573059082031,327.1903076171875,183.42999267578125,88.68785858154297,64.87000274658203
2023-05-24,394.57781982421875,325.511962890625,181.9499969482422,88.24894714355469,65.66000366210938
2023-05-25,397.9948425292969,333.4326477050781,180.1999969482422,88.0295181274414,64.08999633789062
2023-05-26,403.149169921875,341.9519958496094,180.9199981689453,88.74052429199219,64.80000305175781
2023-05-30,403.3027038574219,343.50274658203125,182.0399932861328,89.62716674804688,62.29999923706055
2023-05-31,401.0663146972656,341.549560546875,182.32000732421875,90.40843200683594,60.630001068115234
2023-06-01,404.8768615722656,345.4952392578125,183.75999450683594,90.76313781738281,62.54999923706055
2023-06-02,410.7317810058594,348.0863342285156,181.0500030517578,89.7685546875,64.1500015258789
2023-06-05,409.94476318359375,348.3316650390625,182.13999938964844,89.601318359375,64.02999877929688
2023-06-06,410.8373718261719,348.2727966308594,182.33999633789062,90.12943267822266,63.790000915527344
2023-06-07,409.41680908203125,342.3642578125,180.14999389648438,88.79153442382812,64.70999908447266
2023-06-08,411.8932800292969,346.61407470703125,182.52999877929688,89.83015441894531,63.459999084472656
2023-06-09,412.63232421875,347.93914794921875,182.0399932861328,89.70697021484375,62.93000030517578
2023-06-12,416.3756408691406,353.8182067871094,181.8800048828125,89.97098541259766,60.2400016784668
2023-06-13,419.1207580566406,356.5369873046875,180.5399932861328,89.0820083618164,62.13999938964844
2023-06-14,419.6199035644531,359.12811279296875,180.63999938964844,89.79496765136719,61.83000183105469
2023-06-15,424.8221435546875,363.407470703125,181.91000366210938,90.65751647949219,63.40999984741211
2023-06-16,423.37518310546875,361.12054443359375,181.6300048828125,90.30542755126953,64.3499984741211
2023-06-20,421.17864990234375,360.6036071777344,179.75,90.93036651611328,63.91999816894531
2023-06-21,419.02056884765625,355.6893615722656,179.49000549316406,91.15043640136719,65.04000091552734
2023-06-22,420.5331115722656,359.88616943359375,177.7100067138672,90.05020141601562,62.52000045776367
2023-06-23,417.3539123535156,356.3183898925781,178.1999969482422,90.94796752929688,62.41999816894531
2023-06-26,415.6487121582031,351.5418395996094,178.50999450683594,91.04479217529297,62.72999954223633
2023-06-27,420.20556640625,357.5862731933594,177.69000244140625,90.80715942382812,61.29999923706055
2023-06-28,420.4175720214844,358.2840881347656,177.27999877929688,91.19441986083984,62.52000045776367
2023-06-29,422.0744934082031,357.5665588378906,177.08999633789062,89.54851531982422,62.959999084472656
2023-06-30,427.0553283691406,363.080322265625,178.27000427246094,90.60470581054688,63.54999923706055
2023-07-03,427.54669189453125,363.9353942871094,178.47000122070312,90.09105682373047,63.38999938964844
2023-07-05,426.9107971191406,363.92559814453125,177.83999633789062,89.2349853515625,64.62999725341797
2023-07-06,423.56781005859375,361.1539611816406,177.30999755859375,87.97294616699219,64.44000244140625
2023-07-07,422.4985046386719,359.95489501953125,178.63999938964844,87.44338989257812,65.8499984741211
2023-07-10,423.56781005859375,360.07281494140625,178.77999877929688,87.55810546875,65.54000091552734
2023-07-11,426.26531982421875,361.851806640625,179.4499969482422,88.00823974609375,67.02999877929688
2023-07-12,429.69500732421875,366.4220275878906,181.8800048828125,88.98786926269531,67.87000274658203
2023-07-13,433.10552978515625,372.6433410644531,182.00999450683594,89.92338562011719,69.08999633789062
2023-07-14,432.835693359375,372.5647277832031,181.42999267578125,89.39385986328125,67.47000122070312
2023-07-17,434.3385925292969,376.0439758300781,181.55999755859375,89.43795776367188,66.58000183105469
2023-07-18,437.56597900390625,379.12030029296875,183.63999938964844,89.8439712524414,67.95999908447266
2023-07-19,438.5390625,379.03173828125,183.6699981689453,90.85889434814453,67.69000244140625
2023-07-20,435.62957763671875,370.29437255859375,182.74000549316406,89.75569915771484,68.05000305175781
2023-07-21,435.62957763671875,369.1837158203125,182.17999267578125,89.78215789794922,68.98999786376953
2023-07-24,437.57568359375,369.7734375,181.39999389648438,89.45563507080078,70.69000244140625
2023-07-25,438.770263671875,372.2797546386719,182.41000366210938,89.28793334960938,71.16000366210938
2023-07-26,438.8376770019531,371.0412902832031,183.3000030517578,89.3761978149414,70.66000366210938
2023-07-27,435.92822265625,370.15679931640625,180.4199981689453,87.63755798339844,71.43000030517578
2023-07-28,440.1961364746094,376.8990478515625,181.86000061035156,88.087646484375,72.08999633789062
2023-07-31,441.03424072265625,377.0955810546875,182.35000610351562,88.29947662353516,73.16999816894531
2023-08-01,439.772216796875,376.2209167480469,180.4600067138672,86.85250091552734,72.95999908447266
2023-08-02,433.65460205078125,367.9650573730469,179.60000610351562,85.92330169677734,71.4800033569336
2023-08-03,432.4117736816406,367.3753356933594,179.5399932861328,83.94091796875,73.13999938964844
2023-08-04,430.45611572265625,365.6553649902344,180.19000244140625,85.42770385742188,73.79000091552734
2023-08-07,434.21337890625,368.7513122558594,179.77999877929688,84.58695983886719,73.81999969482422
2023-08-08,432.3251037597656,365.61602783203125,178.63999938964844,85.56929779052734,74.05999755859375
2023-08-09,429.4349365234375,361.5962219238281,177.7899932861328,86.01180267333984,75.0999984741211
2023-08-10,429.58905029296875,362.2645568847656,177.60000610351562,84.59581756591797,74.19999694824219
2023-08-11,429.33856201171875,359.95489501953125,177.60000610351562,84.40113067626953,74.25
2023-08-14,431.7085266113281,363.994384765625,177.05999755859375,84.21525573730469,73.80999755859375
2023-08-15,426.6795959472656,360.13189697265625,176.58999633789062,83.70196533203125,72.62000274658203
2023-08-16,423.548583984375,356.3183898925781,175.57000732421875,83.0470962524414,71.37000274658203
2023-08-17,420.3211364746094,352.42633056640625,175.3000030517578,82.69309997558594,71.9800033569336
2023-08-18,420.52349853515625,351.9841003417969,175.3300018310547,82.98513793945312,72.79000091552734
2023-08-21,423.259521484375,357.6550598144531,175.80999755859375,81.87890625,72.58000183105469
2023-08-22,422.11309814453125,357.14398193359375,176.10000610351562,82.50727081298828,72.27999877929688
2023-08-23,426.814453125,362.7756042480469,177.88999938964844,84.55158996582031,71.36000061035156
2023-08-24,420.89923095703125,355.0209655761719,177.85000610351562,83.99402618408203,71.41000366210938
2023-08-25,423.866455078125,357.77301025390625,177.6199951171875,84.26836395263672,72.44999694824219
2023-08-28,426.55438232421875,360.4660339355469,178.1300048828125,84.35684967041016,72.41000366210938
2023-08-29,432.72015380859375,368.3385009765625,179.8699951171875,85.23298645019531,73.31999969482422
2023-08-30,434.50244140625,370.39263916015625,180.32000732421875,85.14450073242188,73.66000366210938
2023-08-31,433.8665771484375,371.50323486328125,180.02000427246094,85.5250473022461,75.05999755859375
2023-09-01,434.67578125,371.1101379394531,180.11000061035156,84.19270324707031,76.91999816894531
2023-09-05,432.7971496582031,371.5819091796875,178.63999938964844,83.01212310791016,77.76000213623047
2023-09-06,429.88775634765625,368.30908203125,177.8300018310547,83.21629333496094,78.5199966430664
2023-09-07,428.56787109375,365.67498779296875,178.02000427246094,83.44710540771484,77.94999694824219
2023-09-08,429.2133483886719,366.18609619140625,178.0800018310547,83.76664733886719,78.30000305175781
2023-09-11,432.03607177734375,370.5007629394531,178.41000366210938,83.16304016113281,78.37000274658203
2023-09-12,429.6661376953125,366.39251708984375,177.49000549316406,83.6423568725586,79.69999694824219
2023-09-13,430.1671142578125,367.7881774902344,177.0800018310547,83.6246109008789,79.68000030517578
2023-09-14,433.87615966796875,370.795654296875,177.1699981689453,83.02099609375,81.12000274658203
2023-09-15,428.64874267578125,364.44647216796875,178.33999633789062,82.51506042480469,81.29000091552734
2023-09-18,428.9000244140625,364.826416015625,179.38999938964844,82.98548889160156,81.44999694824219
2023-09-19,428.0106201171875,364.0488586425781,179.22000122070312,82.37303161621094,81.5
2023-09-20,424.0757751464844,358.802734375,179.35000610351562,82.63044738769531,80.13999938964844
2023-09-21,417.0665283203125,352.2278747558594,178.0500030517578,80.50899505615234,80.41000366210938
2023-09-22,416.128662109375,352.2770690917969,178.6199951171875,81.15696716308594,80.62999725341797
2023-09-25,417.87860107421875,353.9503479003906,177.6999969482422,79.15978240966797,80.38999938964844
2023-09-26,411.7394714355469,348.63531494140625,176.27999877929688,78.88461303710938,80.87999725341797
2023-09-27,411.9037780761719,349.4523010253906,174.10000610351562,78.4762954711914,82.9000015258789
2023-09-28,414.2917175292969,352.37554931640625,173.22999572753906,78.71595001220703,81.56999969482422
2023-09-29,413.28631591796875,352.63140869140625,171.4499969482422,78.7248306274414,80.86000061035156
2023-10-02,413.1219787597656,355.5743713378906,169.64999389648438,77.40697479248047,79.38999938964844
2023-10-03,407.59185791015625,349.3341369628906,169.16000366210938,75.7418441772461,79.93000030517578
2023-10-04,410.5599365234375,354.0881042480469,169.13999938964844,76.81034088134766,75.58999633789062
2023-10-05,410.40521240234375,353.0447998046875,168.8300018310547,76.42748260498047,73.98999786376953
2023-10-06,415.27789306640625,358.96026611328125,169.6999969482422,75.50139617919922,74.16000366210938
2023-10-09,417.9366455078125,360.7908630371094,172.82000732421875,77.27340698242188,77.12999725341797
2023-10-10,420.11187744140625,362.7889709472656,172.52999877929688,77.16654968261719,76.70999908447266
2023-10-11,421.83282470703125,365.3776550292969,173.7899932861328,78.77825927734375,75.66999816894531
2023-10-12,419.26104736328125,364.1078796386719,173.25999450683594,76.64115142822266,75.41999816894531
2023-10-13,417.1728515625,359.53106689453125,178.8300018310547,78.01245880126953,78.98999786376953
2023-10-16,421.56207275390625,363.5960998535156,177.9600067138672,76.75691986083984,78.38999938964844
2023-10-17,421.5427551269531,362.4051208496094,178.2899932861328,75.91102600097656,78.80000305175781
2023-10-18,415.9256591796875,357.6511535644531,180.8699951171875,75.2431640625,79.83999633789062
2023-10-19,412.2712097167969,354.3046569824219,183.08999633789062,73.70269012451172,81.68000030517578
2023-10-20,407.2051696777344,349.01922607421875,183.58999633789062,74.12117767333984,80.69999694824219
2023-10-23,406.4993896484375,350.0723571777344,182.97000122070312,75.01165008544922,78.88999938964844
2023-10-24,409.56414794921875,353.4778747558594,182.9499969482422,76.00006103515625,76.93000030517578
2023-10-25,403.68597412109375,344.82623291015625,183.72000122070312,74.30819702148438,78.45999908447266
2023-10-26,398.8520202636719,338.2513427734375,184.00999450683594,75.44796752929688,76.88999938964844
2023-10-27,397.04412841796875,339.8753356933594,186.14999389648438,75.12740325927734,78.36000061035156
2023-10-30,401.7911071777344,343.7041320800781,185.10000610351562,74.78901672363281,76.05000305175781
2023-10-31,404.3144226074219,345.347900390625,184.08999633789062,74.4239501953125,75.0199966430664
2023-11-01,408.62628173828125,351.3420104980469,183.50999450683594,76.03763580322266,74.75
2023-11-02,416.4574279785156,357.719970703125,184.1199951171875,77.77104187011719,76.18000030517578
2023-11-03,420.2569274902344,361.9228515625,184.7899932861328,78.29821014404297,74.8499984741211
2023-11-06,421.2237548828125,363.39923095703125,183.35000610351562,77.53873443603516,74.91000366210938
2023-11-07,422.4225769042969,366.83428955078125,182.58999633789062,78.68238830566406,71.80000305175781
2023-11-08,422.7319030761719,367.0705261230469,180.77000427246094,80.02268981933594,70.19000244140625
2023-11-09,419.43511962890625,364.2456359863281,181.49000549316406,78.18208312988281,70.25
2023-11-10,425.9803161621094,372.4348449707031,179.50999450683594,78.619873046875,71.79000091552734
2023-11-13,425.57427978515625,371.2733154296875,180.50999450683594,78.441162109375,72.91999816894531
2023-11-14,433.8307800292969,379.26556396484375,182.1199951171875,80.21923065185547,72.69000244140625
2023-11-15,434.74920654296875,379.5509338378906,181.63999938964844,79.09344482421875,71.33999633789062
2023-11-16,435.28094482421875,379.8758239746094,183.69000244140625,80.0762710571289,68.05000305175781
2023-11-17,435.8223876953125,379.9643249511719,183.6699981689453,80.45158386230469,70.75
2023-11-20,439.1771240234375,384.59039306640625,183.3699951171875,80.94297790527344,72.30000305175781
2023-11-21,438.219970703125,382.3561096191406,185.35000610351562,80.90727233886719,72.52999877929688
2023-11-22,439.911865234375,383.9211120605469,184.55999755859375,81.19319152832031,71.61000061035156
2023-11-24,440.18255615234375,383.37969970703125,185.52000427246094,80.23712921142578,70.81999969482422
2023-11-27,439.38983154296875,383.04510498046875,186.77000427246094,81.57738494873047,69.95999908447266
2023-11-28,439.82489013671875,384.0489807128906,189.25999450683594,81.73820495605469,71.26000213623047
2023-11-29,439.5154724121094,383.675048828125,189.5399932861328,82.76577758789062,72.5199966430664
2023-11-30,441.24603271484375,382.71038818359375,188.75,81.80970764160156,70.13999938964844
2023-12-01,443.85638427734375,383.80303955078125,192.00999450683594,83.35050201416016,69.23999786376953
2023-12-04,441.5264587402344,380.23992919921875,187.86000061035156,83.01888275146484,68.47000122070312
2023-12-05,441.439453125,381.1946716308594,187.14999389648438,84.80258178710938,67.58000183105469
2023-12-06,439.6605224609375,378.9898986816406,187.83999633789062,85.93194580078125,64.76000213623047
2023-12-07,443.01531982421875,384.28521728515625,188.14999389648438,85.43896484375,65.11000061035156
2023-12-08,444.9198913574219,385.9978942871094,185.63999938964844,84.73981475830078,66.52999877929688
2023-12-11,446.6504821777344,389.29510498046875,183.58999633789062,84.56056213378906,66.80000305175781
2023-12-12,448.69036865234375,392.3956298828125,183.49000549316406,84.81153869628906,64.25
2023-12-13,454.87786865234375,397.38580322265625,187.6300048828125,86.80138397216797,65.33000183105469
2023-12-14,456.3377990722656,397.0412902832031,188.72999572753906,89.05937194824219,67.16000366210938
2023-12-15,455.58636474609375,398.9605712890625,187.0,89.15830993652344,67.1500015258789
2023-12-18,458.1491394042969,401.4735107421875,187.85000610351562,88.44790649414062,68.08999633789062
2023-12-19,460.9350891113281,403.52484130859375,189.1300048828125,88.92447662353516,69.36000061035156
2023-12-20,454.54779052734375,397.5285949707031,188.10000610351562,89.5269775390625,68.79000091552734
2023-12-21,458.8577575683594,402.15399169921875,189.42999267578125,88.96045684814453,69.02999877929688
2023-12-22,459.7799377441406,402.755615234375,190.27000427246094,88.55579376220703,68.69000244140625
2023-12-26,461.7213134765625,405.2212219238281,191.72000122070312,88.80758666992188,70.20999908447266
2023-12-27,462.5561828613281,406.04608154296875,192.58999633789062,90.38125610351562,68.91999816894531
2023-12-28,462.7309265136719,405.8487243652344,191.47000122070312,89.72481536865234,67.18000030517578
2023-12-29,461.3913269042969,404.0923767089844,191.1699981689453,88.9155044555664,66.6500015258789
2024-01-02,458.8092346191406,397.25421142578125,190.72000122070312,88.40291595458984,65.7699966430664
2024-01-03,455.0622253417969,393.0506591796875,189.1300048828125,88.77162170410156,68.19000244140625
2024-01-04,453.5964660644531,391.0278015136719,189.32000732421875,87.42277526855469,67.56999969482422
2024-01-05,454.2177429199219,391.4915771484375,189.35000610351562,86.58650207519531,69.02999877929688
2024-01-08,460.7021179199219,399.5829162597656,187.8699951171875,87.44076538085938,66.4000015258789
2024-01-09,460.0031433105469,400.372314453125,187.92999267578125,86.88325500488281,67.38999938964844
2024-01-10,462.6047668457031,403.0859069824219,187.5,86.47857666015625,66.55999755859375
2024-01-11,462.4008483886719,403.92462158203125,187.8699951171875,86.96417236328125,67.6500015258789
2024-01-12,462.7212219238281,404.13177490234375,189.7100067138672,86.7933349609375,68.0199966430664
2024-01-16,461.0224304199219,404.0923767089844,187.91000366210938,85.2646255493164,67.25
2024-01-17,458.45977783203125,401.81298828125,185.83999633789062,85.12974548339844,67.94000244140625
2024-01-18,462.5367736816406,407.5163269042969,187.3699951171875,84.33844757080078,69.05999755859375
2024-01-19,468.30279541015625,415.5977783203125,187.92999267578125,84.60820770263672,68.81999969482422
2024-01-22,469.29302978515625,416.1405334472656,187.22000122070312,85.11175537109375,69.69000244140625
2024-01-23,470.66162109375,417.8673095703125,187.9499969482422,84.43733978271484,69.66000366210938
2024-01-24,471.1761474609375,420.1861267089844,186.39999389648438,83.94275665283203,70.54000091552734
2024-01-25,473.7388610839844,420.69927978515625,187.13999938964844,84.49129486083984,72.2300033569336
2024-01-26,473.1369934082031,418.19293212890625,187.00999450683594,84.32942962646484,73.0999984741211
2024-01-29,476.88397216796875,422.4754638671875,188.3300018310547,85.30059051513672,72.05000305175781
2024-01-30,476.51513671875,419.6632080078125,188.58999633789062,86.07393646240234,72.80999755859375
2024-01-31,468.7396545410156,411.443603515625,188.4499969482422,86.91922760009766,70.91999816894531
2024-02-01,474.8746032714844,416.28851318359375,190.41000366210938,88.62420654296875,69.06999969482422
2024-02-02,479.873779296875,423.32403564453125,188.61000061035156,86.6666259765625,67.51000213623047
2024-02-05,478.12646484375,422.7714538574219,187.57000732421875,84.91649627685547,68.18000030517578
2024-02-06,479.5146484375,421.9228515625,188.5500030517578,85.74646759033203,68.80999755859375
2024-02-07,483.51397705078125,426.2645263671875,188.5,85.33147430419922,69.41999816894531
2024-02-08,483.7275085449219,427.0539855957031,188.3300018310547,84.8353042602539,71.5199966430664
2024-02-09,486.5231628417969,431.2574157714844,187.60000610351562,84.6639175415039,71.66999816894531
2024-02-12,486.30963134765625,429.5701599121094,187.11000061035156,84.76313781738281,72.11000061035156
2024-02-13,479.61163330078125,422.8700866699219,184.52999877929688,83.31071472167969,72.6500015258789
2024-02-14,483.97021484375,427.478271484375,184.4199981689453,83.73472595214844,71.55000305175781
2024-02-15,487.3094787597656,428.7511291503906,185.66000366210938,84.1677474975586,72.83999633789062
2024-02-16,484.8826599121094,424.86334228515625,186.33999633789062,83.68058776855469,73.41000366210938
2024-02-20,482.2131652832031,421.65643310546875,187.47000122070312,83.75277709960938,72.41999816894531
2024-02-21,482.6500244140625,419.9691162109375,187.47999572753906,83.1573715209961,73.19999694824219
2024-02-22,492.63873291015625,432.2639465332031,187.55999755859375,83.56330871582031,73.5999984741211
2024-02-23,492.9783935546875,430.9910583496094,188.6199951171875,84.68197631835938,71.91999816894531
2024-02-26,491.1728820800781,430.76409912109375,188.1999969482422,84.42935943603516,72.79000091552734
2024-02-27,492.0853576660156,431.8001708984375,188.0,83.8339614868164,73.8499984741211
2024-02-28,491.43499755859375,429.5010681152344,188.33999633789062,84.36621856689453,73.62000274658203
2024-02-29,493.2016906738281,433.1816101074219,189.30999755859375,84.96161651611328,73.36000061035156
2024-03-01,497.83197021484375,439.70391845703125,192.88999938964844,85.49102783203125,74.95999908447266
2024-03-04,497.2981262207031,438.13507080078125,196.00999450683594,85.1471176147461,74.01000213623047
2024-03-05,492.3280334472656,430.27069091796875,197.19000244140625,86.35975646972656,73.44999694824219
2024-03-06,494.82281494140625,432.9743957519531,198.80999755859375,86.86653900146484,74.33999633789062
2024-03-07,499.7346496582031,439.546142578125,199.94000244140625,86.78511047363281,74.2300033569336
2024-03-08,496.7351379394531,433.2013244628906,201.6300048828125,86.63124084472656,73.36000061035156
2024-03-11,496.3079833984375,431.5929870605469,202.0,86.58599853515625,73.62000274658203
2024-03-12,501.64691162109375,437.77984619140625,199.7899932861328,85.86204528808594,73.3499984741211
2024-03-13,500.8606262207031,434.41510009765625,201.19000244140625,85.44576263427734,75.08999633789062
2024-03-14,499.8705139160156,433.31976318359375,200.35000610351562,84.13358306884766,76.30000305175781
2024-03-15,496.4381408691406,428.16900634765625,199.7100067138672,84.10643005371094,76.33000183105469
2024-03-18,499.38848876953125,432.2525939941406,200.02999877929688,83.85305786132812,77.9800033569336
2024-03-19,502.16375732421875,433.3295593261719,199.8000030517578,84.08833312988281,78.43000030517578
2024-03-20,506.8084411621094,438.4674072265625,202.17999267578125,84.0611801147461,77.25
2024-03-21,508.4831848144531,440.5423278808594,201.97000122070312,84.24217224121094,76.81999969482422
2024-03-22,507.51922607421875,441.0462341308594,200.35000610351562,85.04759216308594,76.68000030517578
2024-03-25,506.1170654296875,439.445556640625,200.99000549316406,84.62226104736328,77.76000213623047
2024-03-26,505.1822204589844,438.0228271484375,201.63999938964844,84.85755157470703,77.29000091552734
2024-03-27,509.4277038574219,439.5147399902344,203.10000610351562,85.69914245605469,77.51000213623047
2024-03-28,509.33038330078125,438.7045593261719,205.72000122070312,85.62677001953125,78.7300033569336
2024-04-01,508.4442443847656,439.6333312988281,207.82000732421875,84.03057098388672,79.66999816894531
2024-04-02,505.2114562988281,435.83917236328125,210.88999938964844,83.5675277709961,80.79000091552734
2024-04-03,505.7664489746094,436.8173522949219,212.74000549316406,83.54936218261719,81.25
2024-04-04,499.593017578125,430.13818359375,211.52000427246094,84.14862060546875,82.2699966430664
2024-04-05,504.812255859375,435.20684814453125,215.13999938964844,82.97737121582031,82.4000015258789
2024-04-08,505.09466552734375,435.3353271484375,216.47999572753906,82.9682846069336,82.19999694824219
2024-04-09,505.6788330078125,436.9458312988281,217.6699981689453,83.74004364013672,81.1500015258789
2024-04-10,500.6154479980469,433.1319580078125,215.61000061035156,81.91504669189453,82.08999633789062
2024-04-11,504.39349365234375,440.04827880859375,219.8000030517578,81.54280853271484,81.55000305175781
2024-04-12,497.4313659667969,433.03314208984375,216.88999938964844,81.97862243652344,81.52999877929688
2024-04-15,491.199462890625,425.9093322753906,220.9499969482422,80.70747375488281,81.6500015258789
2024-04-16,490.3035888671875,425.9488220214844,221.22000122070312,80.17181396484375,81.33000183105469
2024-04-17,487.40185546875,420.751708984375,219.58999633789062,81.06159210205078,78.91000366210938
2024-04-18,486.3989562988281,418.3507080078125,220.33999633789062,80.65302276611328,78.77999877929688
2024-04-19,482.1534423828125,409.6954040527344,221.02999877929688,80.94357299804688,78.8499984741211
2024-04-22,486.5937194824219,413.8155212402344,215.57000732421875,80.80735778808594,78.77999877929688
2024-04-23,492.3679504394531,419.9908752441406,215.0399932861328,80.8346176147461,79.9800033569336
2024-04-24,492.13427734375,421.4136657714844,214.63999938964844,80.26261901855469,79.63999938964844
2024-04-25,490.26470947265625,419.37823486328125,215.9199981689453,79.6996841430664,80.44000244140625
2024-04-26,494.90936279296875,425.8499450683594,216.6199951171875,80.11732482910156,80.38999938964844
2024-04-29,496.6620788574219,427.5791320800781,216.17999267578125,80.7891845703125,79.5
2024-04-30,488.7943420410156,419.5165710449219,211.8699951171875,80.09915924072266,78.37999725341797
2024-05-01,487.2071838378906,416.4832458496094,213.7899932861328,80.68956756591797,75.93000030517578
2024-05-02,491.7641906738281,421.7989501953125,213.1300048828125,81.0357894897461,75.93000030517578
2024-05-03,497.85980224609375,430.2765197753906,212.9600067138672,81.85580444335938,75.12999725341797
2024-05-06,503.00103759765625,434.989501953125,215.1999969482422,82.17471313476562,75.66000366210938
2024-05-07,503.55609130859375,435.0586242675781,214.2100067138672,82.67584991455078,75.5
2024-05-08,503.60479736328125,434.8017578125,213.5800018310547,82.17471313476562,76.11000061035156
2024-05-09,506.5065612792969,435.7502746582031,216.9499969482422,82.57559204101562,76.5199966430664
2024-05-10,507.1590270996094,436.77789306640625,218.7100067138672,82.1109619140625,75.30000305175781
2024-05-13,507.22705078125,437.78564453125,216.25999450683594,82.32050323486328,76.12999725341797
2024-05-14,509.5543212890625,440.60162353515625,218.08999633789062,82.78515625,75.20999908447266
2024-05-15,515.8640747070312,447.48834228515625,220.88999938964844,83.91498565673828,75.87999725341797
2024-05-16,514.8027954101562,446.579345703125,220.02999877929688,83.83296203613281,76.25
2024-05-17,515.5428466796875,446.3619384765625,223.66000366210938,83.26808166503906,76.97000122070312
2024-05-20,516.1368408203125,449.4742736816406,224.55999755859375,83.0220718383789,76.7300033569336
2024-05-21,517.4026489257812,450.3536682128906,224.22999572753906,83.4502944946289,76.16000366210938
2024-05-22,515.912841796875,450.26470947265625,220.11000061035156,83.550537109375,74.87000274658203
2024-05-23,512.14453125,448.2392883300781,215.72000122070312,83.01296997070312,74.44999694824219
2024-05-24,515.532958984375,452.47802734375,215.9199981689453,83.25895690917969,75.3499984741211
2024-05-28,515.8933715820312,454.18731689453125,218.19000244140625,82.06536865234375,77.66000366210938
2024-05-29,512.2807006835938,450.9860534667969,216.16000366210938,81.07223510742188,76.56999969482422
2024-05-30,508.88238525390625,446.1544189453125,216.57000732421875,81.85580444335938,75.52999877929688
2024-05-31,513.5174560546875,445.32452392578125,215.3000030517578,82.41161346435547,74.81999969482422
2024-06-03,513.9361572265625,447.715576171875,217.22000122070312,83.74457550048828,71.83000183105469
2024-06-04,514.5106201171875,448.94073486328125,215.27000427246094,84.72283172607422,71.08999633789062
2024-06-05,520.6256103515625,457.9913330078125,217.82000732421875,85.3445053100586,71.88999938964844
2024-06-06,520.6159057617188,457.83319091796875,219.42999267578125,85.21648406982422,73.26000213623047
2024-06-07,519.9829711914062,457.4281005859375,211.60000610351562,83.65316009521484,73.0199966430664
2024-06-10,521.5896606445312,459.2757263183594,213.5399932861328,83.09546661376953,75.45999908447266
2024-06-11,522.8458251953125,462.4276428222656,214.14999389648438,83.95486450195312,75.51000213623047
2024-06-12,527.139892578125,468.4844055175781,214.72000122070312,84.58567810058594,75.9800033569336
2024-06-13,528.2012939453125,471.0237121582031,212.97000122070312,85.82904052734375,75.73999786376953
2024-06-14,528.522705078125,473.4642028808594,215.72999572753906,86.55130767822266,76.08000183105469
2024-06-17,532.72900390625,479.2640380859375,214.61000061035156,85.69193267822266,77.79000091552734
2024-06-18,534.0827026367188,479.4122314453125,215.47000122070312,86.4781723022461,78.66999816894531
2024-06-20,532.6318359375,475.7169189453125,218.16000366210938,85.90219116210938,79.41000366210938
2024-06-21,531.9176635742188,474.4423522949219,214.77999877929688,85.90219116210938,78.6500015258789
2024-06-24,530.1885986328125,469.041015625,215.6300048828125,86.24960327148438,79.69999694824219
2024-06-25,532.2302856445312,474.40478515625,214.55999755859375,86.39588165283203,78.9000015258789
2024-06-26,532.8945922851562,475.384521484375,212.5800018310547,85.16165161132812,78.75
2024-06-27,533.7345581054688,476.61163330078125,214.99000549316406,85.49993133544922,79.91999816894531
2024-06-28,531.6343383789062,474.1375427246094,215.00999450683594,83.90914154052734,79.58999633789062
2024-07-01,532.728515625,476.91839599609375,215.57000732421875,82.4609603881836,81.54000091552734
2024-07-02,536.3135375976562,481.9259033203125,215.55999755859375,83.10296630859375,81.11000061035156
2024-07-03,538.7069702148438,485.9437255859375,217.99000549316406,84.19438171386719,81.2699966430664
2024-07-05,541.8134155273438,491.0105895996094,220.92999267578125,84.89140319824219,81.30999755859375
2024-07-08,542.4385986328125,492.1783447265625,218.19000244140625,85.0748291015625,80.41999816894531
2024-07-09,542.9661254882812,492.6039123535156,218.55999755859375,84.69881439208984,79.7699966430664
2024-07-10,548.3389892578125,497.7400207519531,219.36000061035156,84.96475982666016,80.4800033569336
2024-07-11,543.61083984375,486.8244934082031,223.25,85.79022216796875,80.94000244140625
2024-07-12,547.0397338867188,489.6844787597656,223.11000061035156,86.15707397460938,80.25
2024-07-15,548.5441284179688,491.0007019042969,223.8300018310547,85.16656494140625,80.12000274658203
2024-07-16,551.797119140625,491.1887512207031,228.2899932861328,86.3680191040039,79.05999755859375
2024-07-17,544.0602416992188,476.76995849609375,227.22999572753906,86.38636779785156,80.62000274658203
2024-07-18,539.8790893554688,474.5136413574219,225.77999877929688,85.72602844238281,79.9000015258789
2024-07-19,536.2940063476562,470.3077087402344,221.72999572753906,85.22156524658203,78.0
2024-07-22,541.8231811523438,477.3142395019531,221.8000030517578,84.97396087646484,77.62000274658203
2024-07-23,540.9732666015625,475.6318664550781,222.5800018310547,84.85470581054688,76.62000274658203
2024-07-24,528.7135009765625,458.5708312988281,221.8000030517578,83.93758392333984,76.80999755859375
2024-07-25,525.958740234375,453.51385498046875,218.3300018310547,84.62543487548828,77.45999908447266
2024-07-26,531.8493041992188,458.1650390625,220.6300048828125,85.2857666015625,76.11000061035156
2024-07-29,532.1619262695312,459.08538818359375,220.32000732421875,85.74434661865234,75.19000244140625
2024-07-30,529.4658203125,452.78155517578125,222.52000427246094,86.07453155517578,74.45999908447266
2024-07-31,538.072021484375,466.1810302734375,226.5500030517578,86.95499420166016,77.73999786376953
2024-08-01,530.452392578125,454.8894348144531,225.77000427246094,87.70497131347656,76.29000091552734
2024-08-02,520.5762329101562,444.0926818847656,225.33999633789062,90.43798065185547,73.38999938964844
2024-08-05,505.4151306152344,430.85150146484375,222.47999572753906,90.9164810180664,73.22000122070312
2024-08-06,510.0747985839844,434.9684143066406,220.6999969482422,88.88284301757812,72.44999694824219
2024-08-07,506.66546630859375,430.2577209472656,220.5500030517578,88.25708770751953,74.69000244140625
2024-08-08,518.3782348632812,443.41973876953125,224.00999450683594,87.71417236328125,75.36000061035156
2024-08-09,520.6641235351562,445.73541259765625,224.55999755859375,88.57917785644531,76.22000122070312
2024-08-12,520.937744140625,446.6953430175781,228.41000366210938,88.9012222290039,78.62999725341797
2024-08-13,529.5048828125,457.77911376953125,228.05999755859375,89.51777648925781,77.63999938964844
2024-08-14,531.1751708984375,457.9275817871094,226.1999969482422,90.0791015625,76.58999633789062
2024-08-15,540.2797241210938,469.4962463378906,226.91000366210938,89.35213470458984,77.41000366210938
2024-08-16,541.4910888671875,470.0999450683594,231.99000549316406,89.66500854492188,76.31999969482422
2024-08-19,546.6685180664062,476.275146484375,231.61000061035156,90.0791015625,74.37999725341797
2024-08-20,545.779541015625,475.275634765625,232.4600067138672,90.79688262939453,73.83000183105469
2024-08-21,547.6550903320312,477.4923400878906,232.14999389648438,90.85208129882812,72.5999984741211
2024-08-22,543.3568115234375,469.9217529296875,229.3699951171875,89.95028686523438,73.58000183105469
2024-08-23,549.1301879882812,475.018310546875,232.02000427246094,90.53919219970703,75.55000305175781
2024-08-26,547.8212280273438,470.40667724609375,232.75999450683594,90.30914306640625,77.83000183105469
2024-08-27,548.5734252929688,471.8119812011719,233.38999938964844,90.15272521972656,76.48999786376953
2024-08-28,545.3888549804688,466.45806884765625,231.75,90.04228973388672,75.4800033569336
2024-08-29,545.4375610351562,465.7752685546875,232.9499969482422,89.74784088134766,76.7699966430664
2024-08-30,550.6444091796875,471.3270263671875,231.2899932861328,88.79081726074219,74.33999633789062
2024-09-03,539.3126220703125,457.0171203613281,230.2899932861328,90.2430191040039,71.08999633789062
2024-09-04,538.2088012695312,455.82952880859375,230.42999267578125,91.40624237060547,69.61000061035156
2024-09-05,536.8997802734375,456.25506591796875,232.35000610351562,91.9232406616211,69.88999938964844
2024-09-06,527.8635864257812,444.0332336425781,230.6300048828125,91.91400909423828,68.93000030517578
2024-09-09,533.7736206054688,449.7434387207031,231.60000610351562,92.31095886230469,69.2699966430664
2024-09-10,536.0986938476562,453.8997802734375,232.6199951171875,92.95720672607422,66.95999908447266
2024-09-11,541.5986328125,463.7564697265625,232.25,92.88333892822266,67.8499984741211
2024-09-12,546.1605834960938,468.3086853027344,236.3300018310547,92.449462890625,69.88999938964844
2024-09-13,549.0130615234375,470.40667724609375,238.67999267578125,92.69872283935547,69.83999633789062
2024-09-16,549.8238525390625,468.3284606933594,238.66000366210938,93.5480728149414,70.87999725341797
2024-09-17,550.0485229492188,468.5758361816406,237.33999633789062,93.095703125,71.72000122070312
2024-09-18,548.4171752929688,466.5472106933594,235.50999450683594,91.94168090820312,70.66000366210938
2024-09-19,557.7755737304688,478.34344482421875,239.1699981689453,91.63705444335938,72.75
2024-09-20,556.8113403320312,477.4330139160156,242.2100067138672,91.28620910644531,72.91999816894531
2024-09-23,558.2026977539062,478.69854736328125,242.67999267578125,91.09236907958984,72.25
2024-09-24,559.7999267578125,481.0075988769531,246.07000732421875,91.07390594482422,73.29000091552734
2024-09-25,558.5653076171875,481.45355224609375,245.72999572753906,90.31686401367188,71.4800033569336
2024-09-26,560.7798461914062,485.07073974609375,246.97999572753906,90.52919006347656,69.01000213623047
2024-09-27,559.966552734375,482.3752136230469,245.02000427246094,91.0000228881836,70.2699966430664
2024-09-30,562.2105102539062,483.68328857421875,243.05999755859375,90.56612396240234,69.91999816894531
2024-10-01,557.1738891601562,476.94439697265625,245.61000061035156,91.22002410888672,72.11000061035156
2024-10-02,557.4090576171875,477.61834716796875,245.66000366210938,90.4512710571289,72.76000213623047
2024-10-03,556.3900756835938,477.2615661621094,245.49000549316406,89.59918975830078,75.7300033569336
2024-10-04,561.4461059570312,482.9400634765625,245.0,88.49703979492188,76.3499984741211
2024-10-07,556.3703002929688,477.7669677734375,244.1699981689453,87.83016967773438,79.19999694824219
2024-10-08,561.6322631835938,484.90228271484375,242.3699951171875,87.97835540771484,75.79000091552734
2024-10-09,565.5224609375,488.7176513671875,241.0500030517578,87.47821044921875,75.25
2024-10-10,564.53271484375,488.1626892089844,242.82000732421875,87.1355209350586,77.7699966430664
2024-10-11,567.913330078125,488.9257507324219,245.47000122070312,86.78357696533203,77.48999786376953
2024-10-14,572.557861328125,493.028564453125,245.07000732421875,86.8484115600586,75.93000030517578
2024-10-15,568.1092529296875,486.4383239746094,245.9199981689453,87.90425872802734,72.76000213623047
2024-10-16,570.5785522460938,486.4977722167969,247.14999389648438,88.27474975585938,72.4000015258789
2024-10-17,570.6275024414062,486.8346862792969,248.6300048828125,86.8761978149414,72.62000274658203
2024-10-18,572.822509765625,490.02581787109375,251.27000427246094,86.9410400390625,71.37999725341797
2024-10-21,571.8817749023438,490.96722412109375,251.22000122070312,85.422119140625,72.26000213623047
2024-10-22,571.5779418945312,491.50238037109375,253.92999267578125,85.50543975830078,73.9800033569336
2024-10-23,566.355224609375,483.9706726074219,250.8699951171875,85.27391052246094,73.55000305175781
2024-10-24,567.5801391601562,487.8951110839844,252.8000030517578,85.82035827636719,73.05999755859375
2024-10-25,567.3840942382812,490.8681640625,253.32000732421875,85.3387451171875,74.2300033569336
2024-10-28,569.13818359375,490.9474182128906,253.3300018310547,85.10718536376953,70.43000030517578
2024-10-29,570.0592041015625,495.6646423339844,256.0899963378906,85.23685455322266,69.66000366210938
2024-10-30,568.3346557617188,491.9186706542969,257.5,85.4869384765625,71.36000061035156
2024-10-31,557.1935424804688,479.5012512207031,253.50999450683594,85.62583923339844,73.08000183105469
2024-11-01,559.5451049804688,483.0490417480469,252.47000122070312,84.41866302490234,72.0199966430664
2024-11-04,558.33984375,481.6418151855469,252.8300018310547,85.72901916503906,74.29000091552734
2024-11-05,565.09130859375,487.7861022949219,253.39999389648438,86.1843490600586,74.7300033569336
2024-11-06,579.142578125,501.03594970703125,245.6999969482422,83.82390594482422,74.54000091552734
2024-11-07,583.6205444335938,508.9244384765625,249.64999389648438,84.8740463256836,74.66000366210938
2024-11-08,586.1487426757812,509.51898193359375,247.9600067138672,85.9520263671875,73.12999725341797
2024-11-11,586.7071533203125,509.22174072265625,242.13999938964844,85.53385925292969,70.94000244140625
2024-11-12,584.8845825195312,508.300048828125,240.0500030517578,84.25140380859375,70.69000244140625
2024-11-13,585.1688232421875,507.64599609375,237.6300048828125,83.45220184326172,70.7300033569336
2024-11-14,581.4060668945312,504.1180419921875,237.00999450683594,83.93544006347656,71.29000091552734
2024-11-15,573.9590454101562,492.1069641113281,236.58999633789062,83.71238708496094,69.75
2024-11-18,576.310791015625,495.5259094238281,241.08999633789062,83.86107635498047,72.06999969482422
2024-11-19,578.4174194335938,498.9349670410156,243.25,84.28856658935547,72.30999755859375
2024-11-20,578.6135864257812,498.6476135253906,244.6199951171875,84.01907348632812,72.0199966430664
2024-11-21,581.7196044921875,500.44134521484375,246.66000366210938,83.95402526855469,73.19999694824219
2024-11-22,583.5225830078125,501.2440490722656,249.83999633789062,84.00048828125,74.25
2024-11-25,585.5020141601562,502.036865234375,242.47999572753906,86.17508697509766,72.0999984741211
2024-11-26,588.55908203125,504.7323303222656,242.9499969482422,85.84053039550781,71.61000061035156
2024-11-27,586.7756958007812,500.7584533691406,243.49000549316406,86.43527221679688,71.72000122070312
2024-11-29,590.4207763671875,505.1585388183594,245.58999633789062,87.32743072509766,71.61000061035156
2024-12-02,591.4790649414062,510.65869140625,243.44000244140625,87.53724670410156,71.04000091552734
2024-12-03,591.7534790039062,512.224365234375,243.92999267578125,86.78189086914062,73.04000091552734
2024-12-04,595.4279174804688,518.55712890625,244.6699981689453,87.71443176269531,71.87999725341797
2024-12-05,594.4481201171875,517.1199951171875,242.86000061035156,87.8916015625,71.47000122070312
2024-12-06,595.5750122070312,521.748046875,242.9499969482422,88.02215576171875,70.23999786376953
2024-12-09,592.5079956054688,517.6849365234375,245.36000061035156,87.21086120605469,71.16999816894531
2024-12-10,590.6658325195312,515.9208984375,248.58999633789062,86.80054473876953,71.4000015258789
2024-12-11,595.2320556640625,525.1571044921875,250.9600067138672,85.97988891601562,73.33000183105469
2024-12-12,592.1651000976562,521.7679443359375,247.27999877929688,84.93547058105469,73.20999908447266
2024-12-13,592.0475463867188,525.7617797851562,244.2899932861328,84.06822967529297,74.20999908447266
2024-12-16,594.575439453125,533.3329467773438,244.8800048828125,84.31998443603516,73.69999694824219
2024-12-17,592.1258544921875,530.984375,243.94000244140625,84.52513885498047,73.30000305175781
2024-12-18,574.4784545898438,511.8280334472656,239.25999450683594,83.46823120117188,72.94000244140625
2024-12-19,574.302001953125,509.5487060546875,239.60000610351562,82.20440673828125,72.61000061035156
2024-12-20,581.199951171875,513.9983520507812,242.10000610351562,82.67250061035156,73.0999984741211
2024-12-23,584.6803588867188,519.0060424804688,240.9600067138672,81.91417694091797,73.05999755859375
2024-12-24,591.1790771484375,526.0438232421875,241.44000244140625,82.26058197021484,73.6500015258789
2024-12-26,591.2184448242188,525.686279296875,243.07000732421875,82.2137680053711,73.12999725341797
2024-12-27,584.9949340820312,518.6983642578125,241.39999389648438,81.53971099853516,73.8499984741211
2024-12-30,578.3192138671875,511.7996826171875,240.6300048828125,82.1950454711914,74.81999969482422
2024-12-31,576.2152709960938,507.4521179199219,242.1300048828125,81.75504302978516,75.55000305175781
2025-01-02,574.7996215820312,506.45953369140625,245.4199981689453,81.97970581054688,76.93000030517578
2025-01-03,581.9865112304688,514.747802734375,243.49000549316406,81.71759033203125,77.91999816894531
2025-01-06,585.3390502929688,520.6637573242188,243.19000244140625,81.35249328613281,77.30000305175781
2025-01-07,578.722412109375,511.37286376953125,244.55999755859375,80.43505859375,78.16999816894531
2025-01-08,579.5678100585938,511.4622802734375,245.86000061035156,80.53800964355469,77.30000305175781
2025-01-10,570.7192993164062,503.4419860839844,248.2100067138672,80.00443267822266,80.63999938964844
2025-01-13,571.604248046875,501.82403564453125,245.74000549316406,79.97635650634766,82.2300033569336
2025-01-14,572.3907470703125,501.3475036621094,247.02999877929688,79.84527587890625,81.66999816894531
2025-01-15,582.8026123046875,512.8817138671875,248.8800048828125,81.22142791748047,84.33999633789062
2025-01-16,581.6817626953125,509.2884216308594,250.60000610351562,81.48355865478516,82.94000244140625
2025-01-17,587.5217895507812,517.8844604492188,249.27000427246094,81.62398529052734,82.5199966430664
2025-01-21,592.8995971679688,520.9218139648438,253.1300048828125,82.35418701171875,81.11000061035156
2025-01-22,596.2326049804688,527.582275390625,254.42999267578125,81.92357635498047,80.43000030517578
2025-01-23,599.4869384765625,528.7039794921875,254.07000732421875,81.2869644165039,79.20999908447266
2025-01-24,597.7367553710938,525.7161254882812,255.64999389648438,81.6520767211914,79.5999984741211
2025-01-27,589.2816162109375,510.41009521484375,252.99000549316406,82.61631774902344,77.93000030517578
2025-01-28,594.3449096679688,517.953857421875,255.17999267578125,82.56015014648438,78.86000061035156
2025-01-29,591.6804809570312,516.9812622070312,254.1999969482422,82.39164733886719,77.77999877929688
2025-01-30,594.8560791015625,519.1847534179688,258.04998779296875,82.7005844116211,77.75
2025-01-31,591.6903076171875,518.4303588867188,258.55999755859375,82.15760803222656,78.0199966430664
2025-02-03,587.70849609375,514.28125,259.94000244140625,82.8265151977539,77.81999969482422
2025-02-04,591.6510009765625,520.59423828125,262.5,83.08018493652344,77.51000213623047
2025-02-05,594.0499267578125,522.9566650390625,264.1300048828125,84.45185852050781,76.08999633789062
2025-02-06,596.1145629882812,525.686279296875,263.42999267578125,84.4142837524414,75.44999694824219
2025-02-07,590.6580200195312,519.0557250976562,263.8999938964844,83.86937713623047,75.86000061035156
2025-02-10,594.6693115234375,525.3389282226562,268.3699951171875,83.61568450927734,77.4000015258789
2025-02-11,595.12158203125,524.0883178710938,267.3900146484375,83.08018493652344,78.2699966430664
2025-02-12,593.204345703125,524.3959350585938,267.6700134277344,81.95278930664062,76.31999969482422
2025-02-13,599.46728515625,531.9397583007812,270.30999755859375,83.31507110595703,76.38999938964844
2025-02-14,599.4376831054688,534.1732177734375,266.2900085449219,83.75662994384766,75.81999969482422
2025-02-18,601.197509765625,535.3841552734375,270.70001220703125,82.77014923095703,76.95999908447266
2025-02-19,602.61328125,535.5331420898438,270.8500061035156,82.87348937988281,77.44999694824219
2025-02-20,600.1062622070312,533.260009765625,270.989990234375,83.18352508544922,77.76000213623047
2025-02-21,589.842041015625,522.1923828125,270.739990234375,84.18881225585938,75.3499984741211
2025-02-24,587.157958984375,516.0281982421875,272.2099914550781,84.43306732177734,75.97000122070312
2025-02-25,584.2378540039062,509.5266418457031,268.6199951171875,85.88929748535156,74.12999725341797
2025-02-26,584.5328369140625,510.7574768066406,269.0299987792969,86.39663696289062,73.8499984741211
2025-02-27,575.2025756835938,496.5730895996094,264.92999267578125,85.78594970703125,75.27999877929688
2025-02-28,584.1788940429688,504.41473388671875,263.2699890136719,86.83819580078125,75.22000122070312
2025-03-03,573.9441528320312,493.3768310546875,266.739990234375,87.24346923828125,73.31999969482422
2025-03-04,567.1504516601562,491.8879699707031,269.05999755859375,86.16905212402344,73.30999755859375
2025-03-05,573.24609375,498.3002624511719,269.6199951171875,85.4810562133789,71.41999816894531
2025-03-06,563.0703125,484.5923156738281,268.25,85.19831085205078,71.12999725341797
2025-03-07,566.2262573242188,488.15576171875,268.3900146484375,84.92500305175781,72.08999633789062
2025-03-10,551.14453125,469.2366638183594,266.0400085449219,85.81092071533203,70.88999938964844
2025-03-11,546.5628662109375,468.1149597167969,269.1600036621094,85.19831085205078,71.44999694824219
2025-03-12,549.4631958007812,473.3956604003906,270.3299865722656,84.68938446044922,72.80000305175781
2025-03-13,542.138671875,464.8790588378906,275.1300048828125,85.43392944335938,71.62000274658203
2025-03-14,553.3369140625,476.1154479980469,275.239990234375,84.9815444946289,72.27999877929688
2025-03-17,557.6039428710938,479.202392578125,276.7300109863281,85.4056625366211,72.70999908447266
2025-03-18,551.5770874023438,471.0332336425781,279.9599914550781,85.49047088623047,72.20999908447266
2025-03-19,557.584228515625,477.3363342285156,281.1099853515625,85.93344116210938,72.41999816894531
2025-03-20,555.971923828125,475.7183532714844,280.75,85.9899673461914,73.7300033569336
2025-03-21,556.1553344726562,477.28668212890625,278.489990234375,85.4810562133789,73.79000091552734
2025-03-24,566.1151733398438,487.76043701171875,277.25,84.60458374023438,74.87999725341797
2025-03-25,567.4759521484375,490.5438537597656,278.4700012207031,84.59514617919922,74.81999969482422
2025-03-26,560.7012939453125,481.51751708984375,278.239990234375,84.03910064697266,75.41999816894531
2025-03-27,559.2122192382812,478.7738342285156,281.9700012207031,83.7940673828125,75.4800033569336
2025-03-28,547.95068359375,466.1687927246094,284.05999755859375,84.95328521728516,74.7699966430664
2025-03-31,551.6289672851562,466.1488952636719,288.1400146484375,85.79206848144531,77.33000183105469
2025-04-01,553.1870727539062,469.9065856933594,287.57000732421875,86.53549194335938,77.08000183105469
2025-04-02,556.6878051757812,473.3361511230469,288.1600036621094,86.47874450683594,77.73999786376953
2025-04-03,529.2538452148438,447.9967956542969,286.4200134277344,86.87599182128906,72.25
2025-04-04,498.2696838378906,420.1722412109375,279.7200012207031,87.82185363769531,67.91999816894531
2025-04-07,497.3821716308594,421.18621826171875,273.7099914550781,85.1734848022461,65.9800033569336
2025-04-08,489.5918273925781,413.60125732421875,275.20001220703125,83.5655517578125,63.34000015258789
2025-04-09,541.0084228515625,463.24615478515625,285.3800048828125,84.0573959350586,67.58000183105469
2025-04-10,517.3018798828125,443.5432434082031,292.3500061035156,81.74005889892578,65.31999969482422
2025-04-11,526.531982421875,451.7147216796875,297.92999267578125,82.18461608886719,66.45999908447266
2025-04-14,531.64013671875,454.7764892578125,296.2300109863281,82.77102661132812,66.66000366210938
2025-04-15,530.151123046875,455.283447265625,297.7799987792969,83.06423950195312,66.4800033569336
2025-04-16,518.366943359375,441.5550842285156,307.4700012207031,83.5277099609375,67.75
2025-04-17,519.1065063476562,441.4755859375,306.1199951171875,82.78993225097656,69.4800033569336
2025-04-21,506.7503662109375,430.55047607421875,315.5899963378906,81.34280395507812,68.62000274658203
2025-04-22,519.9348754882812,441.8533630371094,311.1099853515625,81.79681396484375,69.37000274658203
2025-04-23,527.991455078125,451.8737487792969,303.6499938964844,82.59131622314453,68.05000305175781
2025-04-24,539.1051635742188,464.5881652832031,308.07000732421875,83.46150207519531,68.45999908447266
2025-04-25,543.0003662109375,469.76739501953125,304.7300109863281,84.07630157470703,69.02999877929688
2025-04-28,543.2073974609375,469.6182861328125,309.07000732421875,84.60597229003906,67.76000213623047
2025-04-29,546.6292724609375,472.7198181152344,306.05999755859375,85.31536102294922,65.8499984741211
2025-04-30,546.8462524414062,472.66015625,303.7699890136719,84.6249008178711,63.560001373291016
2025-05-01,550.7216796875,478.8334655761719,297.4599914550781,84.19580078125,64.5199966430664
2025-05-02,558.8966674804688,485.9411926269531,297.9800109863281,83.28446197509766,64.01000213623047
2025-05-05,555.6918334960938,483.0583801269531,306.8800048828125,82.81928253173828,62.369998931884766
2025-05-06,551.047119140625,478.56512451171875,315.4800109863281,83.0945816040039,64.5999984741211
2025-05-07,553.3645629882812,480.4438781738281,310.75,83.44583129882812,63.5099983215332
2025-05-08,557.2203369140625,485.4044189453125,304.6300048828125,82.5155029296875,65.5999984741211
2025-05-09,556.51025390625,485.0863342285156,306.8399963378906,82.63890075683594,66.61000061035156
2025-05-12,574.9015502929688,504.84881591796875,298.19000244140625,81.86994171142578,67.5999984741211
2025-05-13,578.6981201171875,512.5431518554688,299.4599914550781,81.53768157958984,69.58999633789062
2025-05-14,579.437744140625,515.6148071289062,293.1600036621094,80.99656677246094,68.7300033569336
2025-05-15,582.2678833007812,516.1814575195312,297.8399963378906,81.70857238769531,67.58999633789062
2025-05-16,585.9559326171875,518.4281616210938,294.239990234375,81.9269027709961,68.0999984741211
2025-05-19,586.5969848632812,518.9251708984375,298.0299987792969,81.68958282470703,68.51000213623047
2025-05-20,584.624755859375,517.1954956054688,303.5799865722656,81.10099792480469,68.66000366210938
2025-05-21,574.7733764648438,510.00811767578125,305.82000732421875,79.71497344970703,67.58999633789062
2025-05-22,575.0001831054688,510.9624938964844,303.1099853515625,80.1326904296875,67.13999938964844
2025-05-23,571.0753173828125,506.2306213378906,309.75,80.26557159423828,67.98999786376953
2025-05-27,582.9483642578125,518.1398315429688,304.5,81.38578796386719,67.27999877929688
2025-05-28,579.5758056640625,515.8433837890625,303.80999755859375,81.03453063964844,67.88999938964844
2025-05-29,581.8636474609375,516.857421875,305.6099853515625,81.7845230102539,67.19000244140625
2025-05-30,581.2127685546875,516.0422973632812,303.6000061035156,81.90792846679688,67.1500015258789
2025-06-02,584.4866333007812,520.1181030273438,311.6700134277344,81.1456527709961,69.55000305175781
2025-06-03,587.8197631835938,524.183837890625,308.9100036621094,81.0027084350586,69.88999938964844
2025-06-04,587.6619873046875,525.6452026367188,310.8999938964844,82.3176498413086,69.33999633789062
2025-06-05,584.8219604492188,521.6886596679688,309.3299865722656,82.37481689453125,69.93000030517578
2025-06-06,590.827392578125,526.788330078125,305.17999267578125,81.32666015625,71.37999725341797
2025-06-09,591.3599853515625,527.5638427734375,306.6199951171875,81.41242218017578,72.05000305175781
2025-06-10,594.7127685546875,531.0530395507812,306.7099914550781,81.83168029785156,71.5999984741211
2025-06-11,593.0167236328125,529.263671875,308.3699951171875,82.07943725585938,74.81999969482422
2025-06-12,595.3734741210938,530.5062255859375,312.20001220703125,83.06087493896484,75.05000305175781
2025-06-13,588.7171020507812,523.8458862304688,316.2900085449219,82.26048278808594,80.22000122070312
2025-06-16,594.3182983398438,531.132568359375,311.7799987792969,81.43148803710938,78.58999633789062
2025-06-17,589.2399291992188,525.953369140625,311.94000244140625,82.42245483398438,82.30000305175781
2025-06-18,589.1510009765625,525.8638916015625,310.260009765625,82.56539916992188,82.2699966430664
2025-06-20,587.7673950195312,523.7166748046875,310.1300048828125,82.41293334960938,83.12000274658203
2025-06-23,593.5730590820312,529.1017456054688,311.0799865722656,82.67973327636719,76.41000366210938
2025-06-24,600.13037109375,537.1928100585938,306.19000244140625,83.28003692626953,73.0
2025-06-25,600.4666137695312,538.5661010742188,307.1199951171875,83.38485717773438,73.30999755859375
2025-06-26,605.1646118164062,543.6018676757812,306.7799987792969,83.8041000366211,73.58999633789062
2025-06-27,608.1712036132812,545.4629516601562,301.2200012207031,83.27049255371094,73.27999877929688
2025-06-30,611.0790405273438,548.9959106445312,304.8299865722656,84.08995056152344,73.11000061035156
2025-07-01,610.8812866210938,544.3682250976562,307.54998779296875,84.29847717285156,73.93000030517578
2025-07-02,613.650634765625,548.159912109375,309.25,83.76287841796875,75.58999633789062
2025-07-03,618.4869995117188,553.5538940429688,307.1400146484375,83.17945861816406,75.19000244140625
2025-07-07,613.8779907226562,549.3840942382812,307.3699951171875,82.3856430053711,76.4800033569336
2025-07-08,613.5418090820312,549.692626953125,304.1600036621094,82.2804183959961,76.95999908447266
2025-07-09,617.2210083007812,553.5838623046875,305.5199890136719,83.14122009277344,76.93000030517578
2025-07-10,618.9617309570312,552.7876586914062,306.20001220703125,83.19859313964844,75.38999938964844
2025-07-11,616.785888671875,551.5436401367188,309.1400146484375,82.05089569091797,77.29000091552734
2025-07-14,617.9627685546875,553.5440673828125,308.010009765625,81.87873077392578,75.62000274658203
2025-07-15,615.3220825195312,554.051513671875,306.7300109863281,81.30489349365234,75.26000213623047
2025-07-16,617.3792114257812,554.6187744140625,308.260009765625,81.41966247558594,75.19000244140625
2025-07-17,621.1573486328125,559.107177734375,307.5899963378906,81.4005355834961,76.16000366210938
2025-07-18,620.7024536132812,558.56982421875,308.3900146484375,81.52486419677734,75.93000030517578
2025-07-21,621.87939453125,561.4658813476562,313.1300048828125,82.25173950195312,75.58999633789062
2025-07-22,621.9684448242188,558.5598754882812,316.1000061035156,82.74907684326172,75.3499984741211
2025-07-23,627.259765625,561.1076049804688,312.17999267578125,82.28999328613281,75.27999877929688
2025-07-24,627.4674072265625,562.3018188476562,310.2699890136719,82.14653015136719,76.08999633789062
2025-07-25,630.1181030273438,563.6552734375,307.3999938964844,82.66300964355469,74.8499984741211
2025-07-28,629.9598999023438,565.4168701171875,305.4100036621094,82.12741088867188,77.16999816894531
2025-07-29,628.29833984375,564.5410766601562,306.25,83.51421356201172,79.80000305175781
2025-07-30,627.507080078125,565.2974243164062,300.9599914550781,83.08381652832031,81.04000091552734
2025-07-31,625.1531372070312,562.3018188476562,302.9599914550781,83.13165283203125,79.58999633789062
2025-08-01,614.9066162109375,551.2252197265625,309.1099853515625,84.3134765625,77.45999908447266
2025-08-04,624.2531127929688,561.3961791992188,310.9100036621094,84.5439224243164,76.11000061035156
2025-08-05,621.088134765625,557.5845947265625,311.1600036621094,84.80313110351562,75.0199966430664
2025-08-06,625.845458984375,564.6007690429688,310.5,84.3134765625,73.79000091552734
2025-08-07,625.3212280273438,566.5115356445312,313.1199951171875,84.16947937011719,73.41999816894531
2025-08-08,630.1972045898438,571.796142578125,313.04998779296875,83.80464172363281,73.30000305175781
2025-08-11,628.9510498046875,570.104248046875,308.54998779296875,83.9006576538086,73.80000305175781
2025-08-12,635.6468505859375,577.2696533203125,308.2699890136719,83.47822570800781,72.94999694824219
2025-08-13,637.8228149414062,577.558349609375,309.2099914550781,84.16947937011719,72.45999908447266
2025-08-14,637.882080078125,577.110595703125,307.25,83.54542541503906,73.73999786376953
2025-08-15,636.388671875,574.57275390625,307.42999267578125,82.95018768310547,72.80000305175781
2025-08-18,636.2501220703125,574.3438110351562,306.95001220703125,82.71017456054688,73.16999816894531
2025-08-19,632.7984008789062,566.5513305664062,305.2699890136719,83.19021606445312,72.30000305175781
2025-08-20,631.1170043945312,563.1876220703125,308.3599853515625,83.37261199951172,73.5199966430664
2025-08-21,628.5851440429688,560.5802001953125,307.2900085449219,82.95980072021484,74.12999725341797
2025-08-22,638.2381591796875,569.2284545898438,310.5799865722656,83.57423400878906,74.63999938964844
2025-08-25,635.4292602539062,567.58642578125,309.8299865722656,83.33422088623047,75.75
2025-08-26,638.0897827148438,569.8654174804688,312.0799865722656,83.28621673583984,74.05000305175781
2025-08-27,639.543701171875,570.7412719726562,312.7099914550781,83.19021606445312,74.68000030517578
2025-08-28,641.8085327148438,574.3140258789062,315.0299987792969,83.7374496459961,75.23999786376953
2025-08-29,637.9810180664062,567.666015625,318.07000732421875,83.14220428466797,74.83999633789062
2025-09-02,633.25341796875,562.9089965820312,325.5899963378906,82.52349853515625,76.76000213623047
2025-09-03,636.6853637695312,567.3375854492188,328.1400146484375,83.42938232421875,74.83000183105469
2025-09-04,642.00634765625,572.472900390625,326.69000244140625,84.06543731689453,74.18000030517578
2025-09-05,640.14697265625,573.2988891601562,331.04998779296875,85.34719848632812,72.62999725341797
2025-09-08,641.7195434570312,576.0953979492188,334.82000732421875,86.484375,73.04000091552734
2025-09-09,643.203125,577.7276000976562,334.05999755859375,85.99288940429688,73.38999938964844
2025-09-10,645.0625,577.9166870117188,335.260009765625,86.484375,74.70999908447266
2025-09-11,650.4231567382812,581.2803955078125,334.760009765625,87.0626220703125,73.0
2025-09-12,650.2055053710938,583.8480224609375,335.4200134277344,86.68675994873047,73.30999755859375
2025-09-15,653.6671752929688,588.843994140625,338.9100036621094,86.88916015625,74.2300033569336
2025-09-16,652.76708984375,588.346435546875,339.5899963378906,87.07225799560547,75.66999816894531
2025-09-17,651.9561157226562,587.1720581054688,336.9700012207031,86.8505859375,74.97000122070312
2025-09-18,655.0023803710938,592.4666137695312,335.6199951171875,85.954345703125,74.69000244140625
2025-09-19,658.2465209960938,596.4771728515625,339.17999267578125,85.79048919677734,73.5199966430664
2025-09-22,661.3606567382812,600.0083618164062,345.04998779296875,85.48212432861328,73.44999694824219
2025-09-23,657.7606201171875,596.02294921875,346.4599914550781,86.07962036132812,75.05000305175781
2025-09-24,655.6677856445312,593.9305419921875,343.32000732421875,85.75196075439453,76.38999938964844
2025-09-25,652.6429443359375,591.3699340820312,344.75,85.75196075439453,76.98999786376953
2025-09-26,656.3819580078125,593.801025390625,346.739990234375,85.67487335205078,77.0199966430664
2025-09-29,658.2266845703125,596.5509643554688,352.4599914550781,86.37837982177734,74.58999633789062
2025-09-30,660.7061157226562,598.18505859375,355.4700012207031,86.12782287597656,73.75
2025-10-01,662.95751953125,601.0545043945312,356.0299987792969,86.3502426147461,73.13999938964844
2025-10-02,663.7210693359375,603.5254516601562,354.7900085449219,86.60167694091797,71.54000091552734
2025-10-03,663.7112426757812,600.9848022460938,357.6400146484375,86.4372787475586,71.70999908447266
2025-10-06,666.0914916992188,605.498291015625,364.3800048828125,85.75064849853516,72.87000274658203
2025-10-07,663.6219482421875,602.3099365234375,366.260009765625,86.2438735961914,73.19999694824219
2025-10-08,667.5791625976562,609.2147827148438,372.29998779296875,86.31155395507812,73.52999877929688
2025-10-09,665.6452026367188,608.4774169921875,365.42999267578125,86.2438735961914,72.51000213623047
2025-10-10,647.6542358398438,587.3546142578125,369.1199951171875,87.6364517211914,69.38999938964844
2025-10-13,657.5919189453125,599.8190307617188,378.0899963378906,87.58810424804688,70.27999877929688
2025-10-14,656.78857421875,595.8236083984375,380.7900085449219,87.8685531616211,69.0
2025-10-15,659.7044067382812,600.0281982421875,387.3900146484375,87.67514038085938,68.98999786376953
2025-10-16,655.2117309570312,597.8063354492188,396.45001220703125,88.3327407836914,67.80999755859375
2025-10-17,658.9308471679688,601.7320556640625,388.989990234375,88.19734191894531,67.9800033569336
2025-10-20,665.7840576171875,609.3142700195312,403.1499938964844,88.53583526611328,67.83000183105469
2025-10-21,665.7741088867188,609.1549682617188,377.239990234375,88.97101593017578,68.2699966430664
2025-10-22,662.3128051757812,603.286376953125,377.2799987792969,89.02903747558594,70.62999725341797
2025-10-23,666.2402954101562,608.3578491210938,378.7900085449219,88.41978454589844,73.29000091552734
2025-10-24,671.6851806640625,614.8540649414062,377.5199890136719,88.4584732055664,73.18000030517578
2025-10-27,679.6094970703125,625.8041381835938,367.010009765625,88.75827026367188,73.12000274658203
2025-10-28,681.41455078125,630.6165771484375,364.3800048828125,88.9903564453125,71.38999938964844
2025-10-29,681.7418823242188,633.4562377929688,363.0,88.09097290039062,71.80000305175781
2025-10-30,674.2439575195312,623.7715454101562,370.1300048828125,87.57843017578125,71.70999908447266
2025-10-31,676.4556274414062,626.7805786132812,368.1199951171875,87.31732940673828,72.55999755859375
2025-11-03,677.7251586914062,629.7796020507812,368.7799987792969,87.09893798828125,72.73999786376953
2025-11-04,669.6917114257812,616.996337890625,362.32000732421875,87.29305267333984,71.93000030517578
2025-11-05,672.0125122070312,621.01171875,366.510009765625,86.34190368652344,71.02999877929688
2025-11-06,664.8021850585938,609.4439086914062,366.07000732421875,87.11834716796875,70.87999725341797
2025-11-07,665.4567260742188,607.5209350585938,368.30999755859375,86.93395233154297,71.26000213623047
2025-11-10,675.8407592773438,620.9618530273438,378.3800048828125,86.91453552246094,71.68000030517578
2025-11-11,677.3878784179688,619.307861328125,379.8699951171875,87.31245422363281,72.72000122070312
2025-11-12,677.7647705078125,618.8196411132812,385.989990234375,87.46774291992188,69.79000091552734
2025-11-13,666.5179443359375,606.1858520507812,382.8699951171875,86.7495346069336,69.8499984741211
2025-11-14,666.408935546875,606.6441040039062,375.9599914550781,86.2545394897461,71.37999725341797
2025-11-17,660.2002563476562,601.4630737304688,371.6499938964844,86.46807098388672,71.30000305175781
2025-11-18,654.65625,594.1397705078125,374.3500061035156,86.43894958496094,72.5
2025-11-19,657.185302734375,597.6868896484375,374.9599914550781,86.2642593383789,70.87999725341797
2025-11-20,647.1683349609375,583.5385131835938,374.8500061035156,86.60394287109375,70.1500015258789
2025-11-21,653.6148681640625,587.9224853515625,374.2699890136719,86.86600494384766,69.30000305175781
2025-11-24,663.2351684570312,602.9575805664062,380.20001220703125,87.36100006103516,70.41999816894531
2025-11-25,669.4734497070312,606.6740112304688,380.0799865722656,87.58422088623047,69.25
2025-11-26,674.09521484375,612.034423828125,383.1199951171875,87.97244262695312,70.04000091552734
2025-11-28,677.7747192382812,616.996337890625,387.8800048828125,87.55509948730469,71.06999969482422
2025-12-01,674.6803588867188,614.923828125,389.75,86.46514892578125,71.05999755859375
2025-12-02,675.9300537109375,619.736328125,387.239990234375,86.50410461425781,70.19999694824219
2025-12-03,678.2706298828125,621.2507934570312,386.8800048828125,86.74762725830078,70.66000366210938
2025-12-04,678.7665405273438,620.6729125976562,387.1300048828125,86.28009796142578,71.38999938964844
2025-12-05,680.0557861328125,623.20361328125,386.44000244140625,85.8807373046875,71.91999816894531
2025-12-08,678.0127563476562,622.008056640625,385.4200134277344,85.59825897216797,70.48999786376953
2025-12-09,677.4275512695312,622.7752075195312,387.3999938964844,85.6859359741211,69.86000061035156
2025-12-10,681.92041015625,625.3258666992188,389.04998779296875,86.01709747314453,70.54000091552734
2025-12-11,683.5072021484375,623.3032836914062,393.239990234375,85.90022277832031,69.25
2025-12-12,676.1580810546875,611.3868408203125,395.44000244140625,85.07228088378906,68.80999755859375
2025-12-15,675.1365356445312,608.3179931640625,395.79998779296875,85.13072967529297,67.88999938964844
2025-12-16,673.2918701171875,609.5235595703125,395.8900146484375,85.59825897216797,66.16999816894531
2025-12-17,665.8832397460938,598.224853515625,399.2900085449219,85.52034759521484,67.9800033569336
2025-12-18,670.9114990234375,606.8932495117188,398.57000732421875,85.92943572998047,67.19000244140625
2025-12-19,676.9923095703125,614.8042602539062,399.0199890136719,85.60871124267578,68.02999877929688
2025-12-22,681.2098388671875,617.7513427734375,408.2300109863281,85.42292022705078,69.7300033569336
2025-12-23,684.3233032226562,620.6444702148438,413.6400146484375,85.55982208251953,70.30000305175781
2025-12-24,686.7305297851562,622.4602661132812,411.92999267578125,86.07807159423828,70.19999694824219
2025-12-26,686.660888671875,622.4202880859375,416.739990234375,85.79449462890625,68.4800033569336
2025-12-29,684.2138671875,619.4074096679688,398.6000061035156,86.11717987060547,69.61000061035156
2025-12-30,683.3782958984375,617.9707641601562,398.8900146484375,85.91183471679688,69.73999786376953
2025-12-31,678.3152465820312,612.8628540039062,396.30999755859375,85.22736358642578,69.16000366210938
