market,participation,similarity,shock,safeguard,normalised_liquidity_deterioration_mean,normalised_liquidity_deterioration_std,normalised_liquidity_deterioration_count,shock_minus_pre_volatility_mean,shock_minus_pre_volatility_std,shock_minus_pre_volatility_count,recovery_minus_pre_volatility_mean,recovery_minus_pre_volatility_std,recovery_minus_pre_volatility_count,shock_minus_pre_correlation_mean,shock_minus_pre_correlation_std,shock_minus_pre_correlation_count,recovery_minus_pre_correlation_mean,recovery_minus_pre_correlation_std,recovery_minus_pre_correlation_count,shock_liquidity_deterioration_mean,shock_liquidity_deterioration_std,shock_liquidity_deterioration_count,recovery_liquidity_deterioration_mean,recovery_liquidity_deterioration_std,recovery_liquidity_deterioration_count
amm,0.0,0.0,fundamental,all,0.00935847741000468,0.0030506123150149363,10,0.005429988841423721,0.0022054216801483035,10,-0.00019690676504204968,0.0021144439017430025,10,-0.029701382238766817,0.11344167410459138,10,-0.030801303065273927,0.19000345268743543,10,0.009370612966304936,0.0031754377168809423,10,0.019939711561117412,0.005064565060742158,10
amm,0.0,0.0,fundamental,circuit_breaker,0.00935847741000468,0.0030506123150149363,10,0.005429988841423721,0.0022054216801483035,10,-0.00019690676504204968,0.0021144439017430025,10,-0.029701382238766817,0.11344167410459138,10,-0.030801303065273927,0.19000345268743543,10,0.009370612966304936,0.0031754377168809423,10,0.019939711561117412,0.005064565060742158,10
amm,0.0,0.0,fundamental,execution_delay,0.00935847741000468,0.0030506123150149363,10,0.005429988841423721,0.0022054216801483035,10,-0.00019690676504204968,0.0021144439017430025,10,-0.029701382238766817,0.11344167410459138,10,-0.030801303065273927,0.19000345268743543,10,0.009370612966304936,0.0031754377168809423,10,0.019939711561117412,0.005064565060742158,10
amm,0.0,0.0,fundamental,liquidity_buffer,0.00935847741000468,0.0030506123150149363,10,0.005429988841423721,0.0022054216801483035,10,-0.00019690676504204968,0.0021144439017430025,10,-0.029701382238766817,0.11344167410459138,10,-0.030801303065273927,0.19000345268743543,10,0.009370612966304936,0.0031754377168809423,10,0.019939711561117412,0.005064565060742158,10
amm,0.0,0.0,fundamental,none,0.00935847741000468,0.0030506123150149363,10,0.005429988841423721,0.0022054216801483035,10,-0.00019690676504204968,0.0021144439017430025,10,-0.029701382238766817,0.11344167410459138,10,-0.030801303065273927,0.19000345268743543,10,0.009370612966304936,0.0031754377168809423,10,0.019939711561117412,0.005064565060742158,10
amm,0.0,0.0,fundamental,position_limit,0.00935847741000468,0.0030506123150149363,10,0.005429988841423721,0.0022054216801483035,10,-0.00019690676504204968,0.0021144439017430025,10,-0.029701382238766817,0.11344167410459138,10,-0.030801303065273927,0.19000345268743543,10,0.009370612966304936,0.0031754377168809423,10,0.019939711561117412,0.005064565060742158,10
amm,0.0,0.0,liquidity,all,0.2548251671042735,0.0022442601342314676,10,-0.00019944273690802986,0.0024005057838542183,10,-0.00015500253396451982,0.0022722175833308042,10,-0.0014623696024447547,0.11034292308889519,10,-0.005814004638172334,0.18868767623719893,10,0.2548343341253689,0.0023265256553874564,10,0.4526296805886882,0.002791980721784768,10
amm,0.0,0.0,liquidity,circuit_breaker,0.2548251671042735,0.0022442601342314676,10,-0.00019944273690802986,0.0024005057838542183,10,-0.00015500253396451982,0.0022722175833308042,10,-0.0014623696024447547,0.11034292308889519,10,-0.005814004638172334,0.18868767623719893,10,0.2548343341253689,0.0023265256553874564,10,0.4526296805886882,0.002791980721784768,10
amm,0.0,0.0,liquidity,execution_delay,0.2548251671042735,0.0022442601342314676,10,-0.00019944273690802986,0.0024005057838542183,10,-0.00015500253396451982,0.0022722175833308042,10,-0.0014623696024447547,0.11034292308889519,10,-0.005814004638172334,0.18868767623719893,10,0.2548343341253689,0.0023265256553874564,10,0.4526296805886882,0.002791980721784768,10
amm,0.0,0.0,liquidity,liquidity_buffer,0.2548251671042735,0.0022442601342314676,10,-0.00019944273690802986,0.0024005057838542183,10,-0.00015500253396451982,0.0022722175833308042,10,-0.0014623696024447547,0.11034292308889519,10,-0.005814004638172334,0.18868767623719893,10,0.2548343341253689,0.0023265256553874564,10,0.4526296805886882,0.002791980721784768,10
amm,0.0,0.0,liquidity,none,0.2548251671042735,0.0022442601342314676,10,-0.00019944273690802986,0.0024005057838542183,10,-0.00015500253396451982,0.0022722175833308042,10,-0.0014623696024447547,0.11034292308889519,10,-0.005814004638172334,0.18868767623719893,10,0.2548343341253689,0.0023265256553874564,10,0.4526296805886882,0.002791980721784768,10
amm,0.0,0.0,liquidity,position_limit,0.2548251671042735,0.0022442601342314676,10,-0.00019944273690802986,0.0024005057838542183,10,-0.00015500253396451982,0.0022722175833308042,10,-0.0014623696024447547,0.11034292308889519,10,-0.005814004638172334,0.18868767623719893,10,0.2548343341253689,0.0023265256553874564,10,0.4526296805886882,0.002791980721784768,10
amm,0.0,0.0,volatility,all,-0.0004561233274226,0.005617775909921763,10,0.00561354042703051,0.002376803914844326,10,0.00020973929865517995,0.002188308792594703,10,-0.025928495612842883,0.19371972717742442,10,-0.01567192147152085,0.19784936712411794,10,-0.00044255077998462956,0.005422111262415338,10,0.0006049187508870401,0.0068429309789093265,10
amm,0.0,0.0,volatility,circuit_breaker,-0.0004561233274226,0.005617775909921763,10,0.00561354042703051,0.002376803914844326,10,0.00020973929865517995,0.002188308792594703,10,-0.025928495612842883,0.19371972717742442,10,-0.01567192147152085,0.19784936712411794,10,-0.00044255077998462956,0.005422111262415338,10,0.0006049187508870401,0.0068429309789093265,10
amm,0.0,0.0,volatility,execution_delay,-0.0004561233274226,0.005617775909921763,10,0.00561354042703051,0.002376803914844326,10,0.00020973929865517995,0.002188308792594703,10,-0.025928495612842883,0.19371972717742442,10,-0.01567192147152085,0.19784936712411794,10,-0.00044255077998462956,0.005422111262415338,10,0.0006049187508870401,0.0068429309789093265,10
amm,0.0,0.0,volatility,liquidity_buffer,-0.0004561233274226,0.005617775909921763,10,0.00561354042703051,0.002376803914844326,10,0.00020973929865517995,0.002188308792594703,10,-0.025928495612842883,0.19371972717742442,10,-0.01567192147152085,0.19784936712411794,10,-0.00044255077998462956,0.005422111262415338,10,0.0006049187508870401,0.0068429309789093265,10
amm,0.0,0.0,volatility,none,-0.0004561233274226,0.005617775909921763,10,0.00561354042703051,0.002376803914844326,10,0.00020973929865517995,0.002188308792594703,10,-0.025928495612842883,0.19371972717742442,10,-0.01567192147152085,0.19784936712411794,10,-0.00044255077998462956,0.005422111262415338,10,0.0006049187508870401,0.0068429309789093265,10
amm,0.0,0.0,volatility,position_limit,-0.0004561233274226,0.005617775909921763,10,0.00561354042703051,0.002376803914844326,10,0.00020973929865517995,0.002188308792594703,10,-0.025928495612842883,0.19371972717742442,10,-0.01567192147152085,0.19784936712411794,10,-0.00044255077998462956,0.005422111262415338,10,0.0006049187508870401,0.0068429309789093265,10
amm,0.0,0.5,fundamental,all,0.00935847741000468,0.0030506123150149363,10,0.005429988841423721,0.0022054216801483035,10,-0.00019690676504204968,0.0021144439017430025,10,-0.029701382238766817,0.11344167410459138,10,-0.030801303065273927,0.19000345268743543,10,0.009370612966304936,0.0031754377168809423,10,0.019939711561117412,0.005064565060742158,10
amm,0.0,0.5,fundamental,circuit_breaker,0.00935847741000468,0.0030506123150149363,10,0.005429988841423721,0.0022054216801483035,10,-0.00019690676504204968,0.0021144439017430025,10,-0.029701382238766817,0.11344167410459138,10,-0.030801303065273927,0.19000345268743543,10,0.009370612966304936,0.0031754377168809423,10,0.019939711561117412,0.005064565060742158,10
amm,0.0,0.5,fundamental,execution_delay,0.00935847741000468,0.0030506123150149363,10,0.005429988841423721,0.0022054216801483035,10,-0.00019690676504204968,0.0021144439017430025,10,-0.029701382238766817,0.11344167410459138,10,-0.030801303065273927,0.19000345268743543,10,0.009370612966304936,0.0031754377168809423,10,0.019939711561117412,0.005064565060742158,10
amm,0.0,0.5,fundamental,liquidity_buffer,0.00935847741000468,0.0030506123150149363,10,0.005429988841423721,0.0022054216801483035,10,-0.00019690676504204968,0.0021144439017430025,10,-0.029701382238766817,0.11344167410459138,10,-0.030801303065273927,0.19000345268743543,10,0.009370612966304936,0.0031754377168809423,10,0.019939711561117412,0.005064565060742158,10
amm,0.0,0.5,fundamental,none,0.00935847741000468,0.0030506123150149363,10,0.005429988841423721,0.0022054216801483035,10,-0.00019690676504204968,0.0021144439017430025,10,-0.029701382238766817,0.11344167410459138,10,-0.030801303065273927,0.19000345268743543,10,0.009370612966304936,0.0031754377168809423,10,0.019939711561117412,0.005064565060742158,10
amm,0.0,0.5,fundamental,position_limit,0.00935847741000468,0.0030506123150149363,10,0.005429988841423721,0.0022054216801483035,10,-0.00019690676504204968,0.0021144439017430025,10,-0.029701382238766817,0.11344167410459138,10,-0.030801303065273927,0.19000345268743543,10,0.009370612966304936,0.0031754377168809423,10,0.019939711561117412,0.005064565060742158,10
amm,0.0,0.5,liquidity,all,0.2548251671042735,0.0022442601342314676,10,-0.00019944273690802986,0.0024005057838542183,10,-0.00015500253396451982,0.0022722175833308042,10,-0.0014623696024447547,0.11034292308889519,10,-0.005814004638172334,0.18868767623719893,10,0.2548343341253689,0.0023265256553874564,10,0.4526296805886882,0.002791980721784768,10
amm,0.0,0.5,liquidity,circuit_breaker,0.2548251671042735,0.0022442601342314676,10,-0.00019944273690802986,0.0024005057838542183,10,-0.00015500253396451982,0.0022722175833308042,10,-0.0014623696024447547,0.11034292308889519,10,-0.005814004638172334,0.18868767623719893,10,0.2548343341253689,0.0023265256553874564,10,0.4526296805886882,0.002791980721784768,10
amm,0.0,0.5,liquidity,execution_delay,0.2548251671042735,0.0022442601342314676,10,-0.00019944273690802986,0.0024005057838542183,10,-0.00015500253396451982,0.0022722175833308042,10,-0.0014623696024447547,0.11034292308889519,10,-0.005814004638172334,0.18868767623719893,10,0.2548343341253689,0.0023265256553874564,10,0.4526296805886882,0.002791980721784768,10
amm,0.0,0.5,liquidity,liquidity_buffer,0.2548251671042735,0.0022442601342314676,10,-0.00019944273690802986,0.0024005057838542183,10,-0.00015500253396451982,0.0022722175833308042,10,-0.0014623696024447547,0.11034292308889519,10,-0.005814004638172334,0.18868767623719893,10,0.2548343341253689,0.0023265256553874564,10,0.4526296805886882,0.002791980721784768,10
amm,0.0,0.5,liquidity,none,0.2548251671042735,0.0022442601342314676,10,-0.00019944273690802986,0.0024005057838542183,10,-0.00015500253396451982,0.0022722175833308042,10,-0.0014623696024447547,0.11034292308889519,10,-0.005814004638172334,0.18868767623719893,10,0.2548343341253689,0.0023265256553874564,10,0.4526296805886882,0.002791980721784768,10
amm,0.0,0.5,liquidity,position_limit,0.2548251671042735,0.0022442601342314676,10,-0.00019944273690802986,0.0024005057838542183,10,-0.00015500253396451982,0.0022722175833308042,10,-0.0014623696024447547,0.11034292308889519,10,-0.005814004638172334,0.18868767623719893,10,0.2548343341253689,0.0023265256553874564,10,0.4526296805886882,0.002791980721784768,10
amm,0.0,0.5,volatility,all,-0.0004561233274226,0.005617775909921763,10,0.00561354042703051,0.002376803914844326,10,0.00020973929865517995,0.002188308792594703,10,-0.025928495612842883,0.19371972717742442,10,-0.01567192147152085,0.19784936712411794,10,-0.00044255077998462956,0.005422111262415338,10,0.0006049187508870401,0.0068429309789093265,10
amm,0.0,0.5,volatility,circuit_breaker,-0.0004561233274226,0.005617775909921763,10,0.00561354042703051,0.002376803914844326,10,0.00020973929865517995,0.002188308792594703,10,-0.025928495612842883,0.19371972717742442,10,-0.01567192147152085,0.19784936712411794,10,-0.00044255077998462956,0.005422111262415338,10,0.0006049187508870401,0.0068429309789093265,10
amm,0.0,0.5,volatility,execution_delay,-0.0004561233274226,0.005617775909921763,10,0.00561354042703051,0.002376803914844326,10,0.00020973929865517995,0.002188308792594703,10,-0.025928495612842883,0.19371972717742442,10,-0.01567192147152085,0.19784936712411794,10,-0.00044255077998462956,0.005422111262415338,10,0.0006049187508870401,0.0068429309789093265,10
amm,0.0,0.5,volatility,liquidity_buffer,-0.0004561233274226,0.005617775909921763,10,0.00561354042703051,0.002376803914844326,10,0.00020973929865517995,0.002188308792594703,10,-0.025928495612842883,0.19371972717742442,10,-0.01567192147152085,0.19784936712411794,10,-0.00044255077998462956,0.005422111262415338,10,0.0006049187508870401,0.0068429309789093265,10
amm,0.0,0.5,volatility,none,-0.0004561233274226,0.005617775909921763,10,0.00561354042703051,0.002376803914844326,10,0.00020973929865517995,0.002188308792594703,10,-0.025928495612842883,0.19371972717742442,10,-0.01567192147152085,0.19784936712411794,10,-0.00044255077998462956,0.005422111262415338,10,0.0006049187508870401,0.0068429309789093265,10
amm,0.0,0.5,volatility,position_limit,-0.0004561233274226,0.005617775909921763,10,0.00561354042703051,0.002376803914844326,10,0.00020973929865517995,0.002188308792594703,10,-0.025928495612842883,0.19371972717742442,10,-0.01567192147152085,0.19784936712411794,10,-0.00044255077998462956,0.005422111262415338,10,0.0006049187508870401,0.0068429309789093265,10
amm,0.0,0.9,fundamental,all,0.00935847741000468,0.0030506123150149363,10,0.005429988841423721,0.0022054216801483035,10,-0.00019690676504204968,0.0021144439017430025,10,-0.029701382238766817,0.11344167410459138,10,-0.030801303065273927,0.19000345268743543,10,0.009370612966304936,0.0031754377168809423,10,0.019939711561117412,0.005064565060742158,10
amm,0.0,0.9,fundamental,circuit_breaker,0.00935847741000468,0.0030506123150149363,10,0.005429988841423721,0.0022054216801483035,10,-0.00019690676504204968,0.0021144439017430025,10,-0.029701382238766817,0.11344167410459138,10,-0.030801303065273927,0.19000345268743543,10,0.009370612966304936,0.0031754377168809423,10,0.019939711561117412,0.005064565060742158,10
amm,0.0,0.9,fundamental,execution_delay,0.00935847741000468,0.0030506123150149363,10,0.005429988841423721,0.0022054216801483035,10,-0.00019690676504204968,0.0021144439017430025,10,-0.029701382238766817,0.11344167410459138,10,-0.030801303065273927,0.19000345268743543,10,0.009370612966304936,0.0031754377168809423,10,0.019939711561117412,0.005064565060742158,10
amm,0.0,0.9,fundamental,liquidity_buffer,0.00935847741000468,0.0030506123150149363,10,0.005429988841423721,0.0022054216801483035,10,-0.00019690676504204968,0.0021144439017430025,10,-0.029701382238766817,0.11344167410459138,10,-0.030801303065273927,0.19000345268743543,10,0.009370612966304936,0.0031754377168809423,10,0.019939711561117412,0.005064565060742158,10
amm,0.0,0.9,fundamental,none,0.00935847741000468,0.0030506123150149363,10,0.005429988841423721,0.0022054216801483035,10,-0.00019690676504204968,0.0021144439017430025,10,-0.029701382238766817,0.11344167410459138,10,-0.030801303065273927,0.19000345268743543,10,0.009370612966304936,0.0031754377168809423,10,0.019939711561117412,0.005064565060742158,10
amm,0.0,0.9,fundamental,position_limit,0.00935847741000468,0.0030506123150149363,10,0.005429988841423721,0.0022054216801483035,10,-0.00019690676504204968,0.0021144439017430025,10,-0.029701382238766817,0.11344167410459138,10,-0.030801303065273927,0.19000345268743543,10,0.009370612966304936,0.0031754377168809423,10,0.019939711561117412,0.005064565060742158,10
amm,0.0,0.9,liquidity,all,0.2548251671042735,0.0022442601342314676,10,-0.00019944273690802986,0.0024005057838542183,10,-0.00015500253396451982,0.0022722175833308042,10,-0.0014623696024447547,0.11034292308889519,10,-0.005814004638172334,0.18868767623719893,10,0.2548343341253689,0.0023265256553874564,10,0.4526296805886882,0.002791980721784768,10
amm,0.0,0.9,liquidity,circuit_breaker,0.2548251671042735,0.0022442601342314676,10,-0.00019944273690802986,0.0024005057838542183,10,-0.00015500253396451982,0.0022722175833308042,10,-0.0014623696024447547,0.11034292308889519,10,-0.005814004638172334,0.18868767623719893,10,0.2548343341253689,0.0023265256553874564,10,0.4526296805886882,0.002791980721784768,10
amm,0.0,0.9,liquidity,execution_delay,0.2548251671042735,0.0022442601342314676,10,-0.00019944273690802986,0.0024005057838542183,10,-0.00015500253396451982,0.0022722175833308042,10,-0.0014623696024447547,0.11034292308889519,10,-0.005814004638172334,0.18868767623719893,10,0.2548343341253689,0.0023265256553874564,10,0.4526296805886882,0.002791980721784768,10
amm,0.0,0.9,liquidity,liquidity_buffer,0.2548251671042735,0.0022442601342314676,10,-0.00019944273690802986,0.0024005057838542183,10,-0.00015500253396451982,0.0022722175833308042,10,-0.0014623696024447547,0.11034292308889519,10,-0.005814004638172334,0.18868767623719893,10,0.2548343341253689,0.0023265256553874564,10,0.4526296805886882,0.002791980721784768,10
amm,0.0,0.9,liquidity,none,0.2548251671042735,0.0022442601342314676,10,-0.00019944273690802986,0.0024005057838542183,10,-0.00015500253396451982,0.0022722175833308042,10,-0.0014623696024447547,0.11034292308889519,10,-0.005814004638172334,0.18868767623719893,10,0.2548343341253689,0.0023265256553874564,10,0.4526296805886882,0.002791980721784768,10
amm,0.0,0.9,liquidity,position_limit,0.2548251671042735,0.0022442601342314676,10,-0.00019944273690802986,0.0024005057838542183,10,-0.00015500253396451982,0.0022722175833308042,10,-0.0014623696024447547,0.11034292308889519,10,-0.005814004638172334,0.18868767623719893,10,0.2548343341253689,0.0023265256553874564,10,0.4526296805886882,0.002791980721784768,10
amm,0.0,0.9,volatility,all,-0.0004561233274226,0.005617775909921763,10,0.00561354042703051,0.002376803914844326,10,0.00020973929865517995,0.002188308792594703,10,-0.025928495612842883,0.19371972717742442,10,-0.01567192147152085,0.19784936712411794,10,-0.00044255077998462956,0.005422111262415338,10,0.0006049187508870401,0.0068429309789093265,10
amm,0.0,0.9,volatility,circuit_breaker,-0.0004561233274226,0.005617775909921763,10,0.00561354042703051,0.002376803914844326,10,0.00020973929865517995,0.002188308792594703,10,-0.025928495612842883,0.19371972717742442,10,-0.01567192147152085,0.19784936712411794,10,-0.00044255077998462956,0.005422111262415338,10,0.0006049187508870401,0.0068429309789093265,10
amm,0.0,0.9,volatility,execution_delay,-0.0004561233274226,0.005617775909921763,10,0.00561354042703051,0.002376803914844326,10,0.00020973929865517995,0.002188308792594703,10,-0.025928495612842883,0.19371972717742442,10,-0.01567192147152085,0.19784936712411794,10,-0.00044255077998462956,0.005422111262415338,10,0.0006049187508870401,0.0068429309789093265,10
amm,0.0,0.9,volatility,liquidity_buffer,-0.0004561233274226,0.005617775909921763,10,0.00561354042703051,0.002376803914844326,10,0.00020973929865517995,0.002188308792594703,10,-0.025928495612842883,0.19371972717742442,10,-0.01567192147152085,0.19784936712411794,10,-0.00044255077998462956,0.005422111262415338,10,0.0006049187508870401,0.0068429309789093265,10
amm,0.0,0.9,volatility,none,-0.0004561233274226,0.005617775909921763,10,0.00561354042703051,0.002376803914844326,10,0.00020973929865517995,0.002188308792594703,10,-0.025928495612842883,0.19371972717742442,10,-0.01567192147152085,0.19784936712411794,10,-0.00044255077998462956,0.005422111262415338,10,0.0006049187508870401,0.0068429309789093265,10
amm,0.0,0.9,volatility,position_limit,-0.0004561233274226,0.005617775909921763,10,0.00561354042703051,0.002376803914844326,10,0.00020973929865517995,0.002188308792594703,10,-0.025928495612842883,0.19371972717742442,10,-0.01567192147152085,0.19784936712411794,10,-0.00044255077998462956,0.005422111262415338,10,0.0006049187508870401,0.0068429309789093265,10
amm,0.25,0.0,fundamental,all,0.01155815352684646,0.0045869092787458226,10,0.00492654833552907,0.002191451603486749,10,-0.0008426829178702,0.0024168510796927114,10,-0.0139402515512695,0.16766657470759608,10,-0.015298327134730444,0.15144692880108035,10,0.011509503897060703,0.005039448036192889,10,0.024594345077827307,0.0061130399804040884,10
amm,0.25,0.0,fundamental,circuit_breaker,0.01082786665129325,0.0035923003200824368,10,0.00614268953974306,0.0007287522340533663,10,0.0008159289745229496,0.001345558137228279,10,0.014444803783558205,0.11171912332120941,10,0.010986693900510682,0.13667150898727043,10,0.01112698775663613,0.004085835894968575,10,0.021523934425545767,0.005982077834515778,10
amm,0.25,0.0,fundamental,execution_delay,0.011563809683332819,0.00458662445412963,10,0.00492582803518787,0.0021913375962570236,10,-0.00084259462991263,0.0024167646697544815,10,-0.01392066315020563,0.1677242306950671,10,-0.015254872407163406,0.15145428750891396,10,0.011515523922504411,0.005039303323263011,10,0.02460486283587271,0.006112339957791196,10
amm,0.25,0.0,fundamental,liquidity_buffer,0.01082786665129325,0.0035923003200824368,10,0.00614268953974306,0.0007287522340533663,10,0.0008159289745229496,0.001345558137228279,10,0.014444803783558205,0.11171912332120941,10,0.010986693900510682,0.13667150898727043,10,0.01112698775663613,0.004085835894968575,10,0.021523934425545767,0.005982077834515778,10
amm,0.25,0.0,fundamental,none,0.01082786665129325,0.0035923003200824368,10,0.00614268953974306,0.0007287522340533663,10,0.0008159289745229496,0.001345558137228279,10,0.014444803783558205,0.11171912332120941,10,0.010986693900510682,0.13667150898727043,10,0.01112698775663613,0.004085835894968575,10,0.021523934425545767,0.005982077834515778,10
amm,0.25,0.0,fundamental,position_limit,0.01081689894330717,0.0035964722104273503,10,0.00614081986407067,0.0007352712052897624,10,0.0008179995454240998,0.0013427459515338814,10,0.013552064382621892,0.11159791533394083,10,0.010327645025538762,0.13732098211226137,10,0.011115513780228159,0.0040897712629138355,10,0.021506494279927103,0.0059818491712408245,10
amm,0.25,0.0,liquidity,all,0.2559702945410915,0.0034147814380025435,10,-0.0010579796256558298,0.0023544155482587495,10,-0.0007282777362191697,0.0025019020860594194,10,-0.0018843847056169386,0.17643874878503532,10,-0.016188700994437838,0.17540855485741658,10,0.2559336903682177,0.0037554005510549685,10,0.45470634031482227,0.00355173079174236,10
amm,0.25,0.0,liquidity,circuit_breaker,0.2555716150854054,0.002638662417569635,10,0.00033824819305232,0.0007865183903339144,10,0.0011678548100100502,0.0014752538990594117,10,0.018696991985828915,0.12162845939191792,10,-0.01729659771395366,0.14162825007643212,10,0.25579672980284907,0.0030173265147794043,10,0.4531511155765762,0.003245351518357773,10
amm,0.25,0.0,liquidity,execution_delay,0.25597223709054207,0.0034145830256160766,10,-0.0010590712820149001,0.0023545529564865594,10,-0.0007270326234983801,0.0025031529010779026,10,-0.001828450514010288,0.17648900468470657,10,-0.01581826855904219,0.17532969711167226,10,0.2559359066899804,0.003755311226095805,10,0.45471091542158903,0.003550758431083157,10
amm,0.25,0.0,liquidity,liquidity_buffer,0.2555716150854054,0.002638662417569635,10,0.00033824819305232,0.0007865183903339144,10,0.0011678548100100502,0.0014752538990594117,10,0.018696991985828915,0.12162845939191792,10,-0.01729659771395366,0.14162825007643212,10,0.25579672980284907,0.0030173265147794043,10,0.4531511155765762,0.003245351518357773,10
amm,0.25,0.0,liquidity,none,0.2555716150854054,0.002638662417569635,10,0.00033824819305232,0.0007865183903339144,10,0.0011678548100100502,0.0014752538990594117,10,0.018696991985828915,0.12162845939191792,10,-0.01729659771395366,0.14162825007643212,10,0.25579672980284907,0.0030173265147794043,10,0.4531511155765762,0.003245351518357773,10
amm,0.25,0.0,liquidity,position_limit,0.2555649806726733,0.0026383477613340506,10,0.0003413902676234002,0.000784039903535101,10,0.00116136842038878,0.0014817440311301684,10,0.017800476344103658,0.12138948004709871,10,-0.019766474454550407,0.14151812198710112,10,0.25578971587524685,0.003016708510936705,10,0.4531413318693847,0.0032419382164165797,10
amm,0.25,0.0,volatility,all,0.00119906854096502,0.005363186300331487,10,0.0053344141376479,0.0020253899435024496,10,-0.0008699588586547896,0.002738730945141297,10,0.05066443078457082,0.23820046760595268,10,0.006068301114206814,0.161334285178599,10,0.0011506661749771997,0.005615664032161769,10,0.001657578845917218,0.006423833862874231,10
amm,0.25,0.0,volatility,circuit_breaker,-0.00083472662514276,0.004520302077806108,10,0.00551169833699438,0.0019134717088398062,10,0.0007878088683471399,0.002007143286048151,10,-0.006736959007636873,0.07247368333542324,10,0.008933627424266928,0.07695118004389652,10,-0.0005321277549782289,0.004939495500986116,10,-0.0023487745402139713,0.012509161220951817,10
amm,0.25,0.0,volatility,execution_delay,0.0012010798661958202,0.00536308336115189,10,0.00533404743376984,0.002025094462864132,10,-0.0008657694899478301,0.0027417288709609506,10,0.05067906095230122,0.2381811939922961,10,0.006215321041493715,0.1610528977089173,10,0.0011530448179340458,0.0056157101001685335,10,0.0016630651931839214,0.006425082634008585,10
amm,0.25,0.0,volatility,liquidity_buffer,-0.00083472662514276,0.004520302077806108,10,0.00551169833699438,0.0019134717088398062,10,0.0007878088683471399,0.002007143286048151,10,-0.006736959007636873,0.07247368333542324,10,0.008933627424266928,0.07695118004389652,10,-0.0005321277549782289,0.004939495500986116,10,-0.0023487745402139713,0.012509161220951817,10
amm,0.25,0.0,volatility,none,-0.00083472662514276,0.004520302077806108,10,0.00551169833699438,0.0019134717088398062,10,0.0007878088683471399,0.002007143286048151,10,-0.006736959007636873,0.07247368333542324,10,0.008933627424266928,0.07695118004389652,10,-0.0005321277549782289,0.004939495500986116,10,-0.0023487745402139713,0.012509161220951817,10
amm,0.25,0.0,volatility,position_limit,-0.0008417201904571599,0.004519532361591927,10,0.00551290818876369,0.001910697408397897,10,0.0007803349647137501,0.0020115875757068906,10,-0.007576442743538875,0.07361728819929673,10,0.01023741368856016,0.07679935159193195,10,-0.0005396337852155541,0.004938785589987447,10,-0.0023648102918885196,0.012508770409782976,10
amm,0.25,0.5,fundamental,all,0.011570647223534859,0.0045940056420285405,10,0.00495957158784645,0.002133185064184818,10,-0.0007738472677937197,0.0023412921920262,10,-0.013873529453618472,0.1852928668454465,10,-0.012069235763153302,0.14598554589226148,10,0.01151563531802191,0.005038266674921847,10,0.024618908091304303,0.006112683718616433,10
amm,0.25,0.5,fundamental,circuit_breaker,0.01082911118905221,0.003596907110366114,10,0.00616358546561026,0.000762087816613674,10,0.0008566052321272001,0.001428092032709662,10,0.034892926751171296,0.09486740096389525,10,0.0166504434814723,0.09644823560921362,10,0.01112747246882918,0.004103426619620315,10,0.021493607093287192,0.006011958320434427,10
amm,0.25,0.5,fundamental,execution_delay,0.01157334696793726,0.004594405457784697,10,0.00495960309678359,0.002133019781551521,10,-0.0007741687213080999,0.0023410547870216345,10,-0.013882793551193961,0.1852912968477563,10,-0.012084986416000653,0.1459840710203348,10,0.011518280515815705,0.005038717473707481,10,0.024623683672772956,0.006112998854374618,10
amm,0.25,0.5,fundamental,liquidity_buffer,0.01082911118905221,0.003596907110366114,10,0.00616358546561026,0.000762087816613674,10,0.0008566052321272001,0.001428092032709662,10,0.034892926751171296,0.09486740096389525,10,0.0166504434814723,0.09644823560921362,10,0.01112747246882918,0.004103426619620315,10,0.021493607093287192,0.006011958320434427,10
amm,0.25,0.5,fundamental,none,0.01082911118905221,0.003596907110366114,10,0.00616358546561026,0.000762087816613674,10,0.0008566052321272001,0.001428092032709662,10,0.034892926751171296,0.09486740096389525,10,0.0166504434814723,0.09644823560921362,10,0.01112747246882918,0.004103426619620315,10,0.021493607093287192,0.006011958320434427,10
amm,0.25,0.5,fundamental,position_limit,0.01082453741461826,0.0035967852351701905,10,0.006160347292032779,0.0007615072102886276,10,0.00084939349324147,0.0014292043846784277,10,0.03527656095522724,0.09477738293922944,10,0.01716705491851797,0.09650725058884063,10,0.011123120230475547,0.004102814109029915,10,0.021486812037308158,0.006011815997444177,10
amm,0.25,0.5,liquidity,all,0.2559640487578066,0.00341219548866514,10,-0.0009895611948196998,0.0023109040267314854,10,-0.00033997992885845,0.0024241262097659797,10,0.00391434353043422,0.18562486141375145,10,-0.04092785627634552,0.15962017727373282,10,0.25592266184291634,0.0037456516153647926,10,0.45472983133053047,0.003538168871703248,10
amm,0.25,0.5,liquidity,circuit_breaker,0.25555867562209456,0.0026480265887301145,10,0.0009884449995900802,0.0008803229384252111,10,0.0022277835755265805,0.0015054476802582107,10,0.004994938902833661,0.09056641421179831,10,-0.05333889553052708,0.10006031918759235,10,0.2557832113169113,0.0030389995507687376,10,0.45310296182100834,0.003287604903756164,10
amm,0.25,0.5,liquidity,execution_delay,0.25596412178844524,0.0034124868369192767,10,-0.00099023619301017,0.0023106111825105797,10,-0.00034097812457850997,0.0024238987306594013,10,0.003943126591565242,0.18561931728922013,10,-0.040198463381309876,0.15991536932860764,10,0.2559226937115383,0.0037459827808225426,10,0.45472922563693974,0.0035376153866740812,10
amm,0.25,0.5,liquidity,liquidity_buffer,0.25555867562209456,0.0026480265887301145,10,0.0009884449995900802,0.0008803229384252111,10,0.0022277835755265805,0.0015054476802582107,10,0.004994938902833661,0.09056641421179831,10,-0.05333889553052708,0.10006031918759235,10,0.2557832113169113,0.0030389995507687376,10,0.45310296182100834,0.003287604903756164,10
amm,0.25,0.5,liquidity,none,0.25555867562209456,0.0026480265887301145,10,0.0009884449995900802,0.0008803229384252111,10,0.0022277835755265805,0.0015054476802582107,10,0.004994938902833661,0.09056641421179831,10,-0.05333889553052708,0.10006031918759235,10,0.2557832113169113,0.0030389995507687376,10,0.45310296182100834,0.003287604903756164,10
amm,0.25,0.5,liquidity,position_limit,0.2555588505442812,0.0026475436125026823,10,0.0009983503339267299,0.0008917188184074205,10,0.0022239064063838197,0.0015117050238193798,10,0.0064193776147116,0.09001452682885992,10,-0.05413872836506968,0.10173689952651098,10,0.2557835513343593,0.003038335837396798,10,0.45310246753511035,0.003287401072428791,10
amm,0.25,0.5,volatility,all,0.0012042033396489399,0.005369892824149423,10,0.00537597136207009,0.0020274874089172418,10,-0.0007954417872149901,0.0027368221083443126,10,0.05239426443447641,0.23880705559278026,10,0.0041387330504969256,0.15532765583585276,10,0.0011493735351829737,0.005614703060354692,10,0.0016547944351644305,0.0064355279705636415,10
amm,0.25,0.5,volatility,circuit_breaker,-0.0008414155368132601,0.004504792849379839,10,0.0052873104653944295,0.0019108862246093265,10,0.0006942834342096003,0.001903233954441222,10,0.03567996819221756,0.04425536863295173,10,0.02296789941204269,0.06410926852361791,10,-0.0005395842586967791,0.004937094271939821,10,-0.0023635347935689554,0.01250314414804966,10
amm,0.25,0.5,volatility,execution_delay,0.00120432373761695,0.005369973935100157,10,0.005375908798240811,0.00202738774094615,10,-0.0007942040952037998,0.002737960033347684,10,0.05237679374614569,0.2388019660879918,10,0.004296243809764276,0.15537399779182176,10,0.0011494389159823703,0.005614812642272354,10,0.0016560663321174228,0.006434635152890647,10
amm,0.25,0.5,volatility,liquidity_buffer,-0.0008414155368132601,0.004504792849379839,10,0.0052873104653944295,0.0019108862246093265,10,0.0006942834342096003,0.001903233954441222,10,0.03567996819221756,0.04425536863295173,10,0.02296789941204269,0.06410926852361791,10,-0.0005395842586967791,0.004937094271939821,10,-0.0023635347935689554,0.01250314414804966,10
amm,0.25,0.5,volatility,none,-0.0008414155368132601,0.004504792849379839,10,0.0052873104653944295,0.0019108862246093265,10,0.0006942834342096003,0.001903233954441222,10,0.03567996819221756,0.04425536863295173,10,0.02296789941204269,0.06410926852361791,10,-0.0005395842586967791,0.004937094271939821,10,-0.0023635347935689554,0.01250314414804966,10
amm,0.25,0.5,volatility,position_limit,-0.0008420329368560998,0.0045043166953997365,10,0.005284051368251,0.0019146922481175044,10,0.0006945402768436396,0.0018925430633019906,10,0.03608959949507777,0.04475161032266521,10,0.024836133349090992,0.06503543113041617,10,-0.0005399800550093592,0.0049365269436100105,10,-0.0023658593947385232,0.01250326435976205,10
amm,0.25,0.9,fundamental,all,0.01156028074780022,0.004599619564103927,10,0.00489626347259777,0.0021329020604798333,10,-0.0007433467360143201,0.0022903878216813164,10,-0.012418856317014358,0.17642893160641882,10,-0.016499988262493392,0.13963589072572663,10,0.011505581289029764,0.0050496512597857385,10,0.024622986500400113,0.0061129434672710335,10
amm,0.25,0.9,fundamental,circuit_breaker,0.0108016226523104,0.003557744348250628,10,0.0060400794475744205,0.0008082889386779197,10,0.0005999607393446801,0.001369889294034699,10,0.041060803508610175,0.08019541850823828,10,0.0399146501238941,0.08662677144123171,10,0.01110648786441738,0.004066474479070405,10,0.02146763211612267,0.005981264319586842,10
amm,0.25,0.9,fundamental,execution_delay,0.01156640597446886,0.004604371173132177,10,0.0048931579038637395,0.002134710453873587,10,-0.00074428424184615,0.0022898020705149295,10,-0.012306554154368276,0.17652231958773498,10,-0.016489649246503327,0.13919123502351408,10,0.011512776258510127,0.005054828084348099,10,0.02463276925122141,0.006116431767716943,10
amm,0.25,0.9,fundamental,liquidity_buffer,0.0108016226523104,0.003557744348250628,10,0.0060400794475744205,0.0008082889386779197,10,0.0005999607393446801,0.001369889294034699,10,0.041060803508610175,0.08019541850823828,10,0.0399146501238941,0.08662677144123171,10,0.01110648786441738,0.004066474479070405,10,0.02146763211612267,0.005981264319586842,10
amm,0.25,0.9,fundamental,none,0.0108016226523104,0.003557744348250628,10,0.0060400794475744205,0.0008082889386779197,10,0.0005999607393446801,0.001369889294034699,10,0.041060803508610175,0.08019541850823828,10,0.0399146501238941,0.08662677144123171,10,0.01110648786441738,0.004066474479070405,10,0.02146763211612267,0.005981264319586842,10
amm,0.25,0.9,fundamental,position_limit,0.01079463652789386,0.0035573719848460304,10,0.00602234224771294,0.0008094761929856094,10,0.00060700006954063,0.001376335579540262,10,0.04271963466371384,0.07585117691930231,10,0.04299786308822838,0.08960423212018317,10,0.011100202156761973,0.004065165760539815,10,0.021458362550527965,0.00598296566119967,10
amm,0.25,0.9,liquidity,all,0.25596162651439885,0.0034364852288779665,10,-0.0007055274840120598,0.002286683066211346,10,0.00026470113178193,0.0023891033144721216,10,-0.02062904791900332,0.1787485665711377,10,-0.07158322627042077,0.1507260623496037,10,0.25592046548006075,0.003774635948733109,10,0.45471991313424853,0.003545626807079565,10
amm,0.25,0.9,liquidity,circuit_breaker,0.2555511608318932,0.0026239784590888185,10,0.0016167297483235799,0.0010586189153110588,10,0.0036552177303860595,0.0014542672771589102,10,0.000356278666775732,0.07540461580736366,10,-0.04718473905816141,0.07410831144587285,10,0.2557805844747339,0.0030168068146633046,10,0.453086788767879,0.003244600431813193,10
amm,0.25,0.9,liquidity,execution_delay,0.25596401270984714,0.0034395670213801005,10,-0.00070780233878174,0.002286830802250777,10,0.00026721776915865,0.0023873726726161403,10,-0.02063840653473599,0.17886679631991853,10,-0.07072168968286012,0.1501650221615272,10,0.25592365710272186,0.0037780199443788465,10,0.4547232842506432,0.003546579799567429,10
amm,0.25,0.9,liquidity,liquidity_buffer,0.2555511608318932,0.0026239784590888185,10,0.0016167297483235799,0.0010586189153110588,10,0.0036552177303860595,0.0014542672771589102,10,0.000356278666775732,0.07540461580736366,10,-0.04718473905816141,0.07410831144587285,10,0.2557805844747339,0.0030168068146633046,10,0.453086788767879,0.003244600431813193,10
amm,0.25,0.9,liquidity,none,0.2555511608318932,0.0026239784590888185,10,0.0016167297483235799,0.0010586189153110588,10,0.0036552177303860595,0.0014542672771589102,10,0.000356278666775732,0.07540461580736366,10,-0.04718473905816141,0.07410831144587285,10,0.2557805844747339,0.0030168068146633046,10,0.453086788767879,0.003244600431813193,10
amm,0.25,0.9,liquidity,position_limit,0.255548760609455,0.0026228492514314586,10,0.0016180561741429597,0.0010788852859283107,10,0.00365624207096524,0.0014739545034664326,10,0.002344192984944889,0.07174146840468208,10,-0.04461683252767285,0.07889311168851243,10,0.25577871096465626,0.003014939364059989,10,0.45308146149174566,0.0032465865630068418,10
amm,0.25,0.9,volatility,all,0.001204559877379,0.005364793159274377,10,0.00532957827707076,0.0019422647136287756,10,-0.0007592733731525998,0.0027172839087992308,10,0.05725266113333298,0.22960266913375058,10,-0.00196586111929098,0.14207661722079076,10,0.0011501000976067766,0.005604987263864925,10,0.0016456238574668268,0.0064350189725994374,10
amm,0.25,0.9,volatility,circuit_breaker,-0.0008482021708240901,0.004494282377271007,10,0.0047170096685425,0.001756016106415648,10,0.0005418164699450299,0.0017809501001466144,10,0.0765321427938927,0.04838225086162341,10,0.02360250436069434,0.07698438275631919,10,-0.0005397793615051771,0.004921319801105224,10,-0.002390954243415766,0.012520913757808278,10
amm,0.25,0.9,volatility,execution_delay,0.0012101128251946,0.005367994602801161,10,0.00533073696434926,0.0019413592426261522,10,-0.0007641889497690001,0.0027195967633217417,10,0.05698015808485537,0.22884448705577728,10,-0.0021788086123535207,0.14124442039130153,10,0.0011567317095542817,0.005609286363210275,10,0.0016527602126912844,0.006435992922555063,10
amm,0.25,0.9,volatility,liquidity_buffer,-0.0008482021708240901,0.004494282377271007,10,0.0047170096685425,0.001756016106415648,10,0.0005418164699450299,0.0017809501001466144,10,0.0765321427938927,0.04838225086162341,10,0.02360250436069434,0.07698438275631919,10,-0.0005397793615051771,0.004921319801105224,10,-0.002390954243415766,0.012520913757808278,10
amm,0.25,0.9,volatility,none,-0.0008482021708240901,0.004494282377271007,10,0.0047170096685425,0.001756016106415648,10,0.0005418164699450299,0.0017809501001466144,10,0.0765321427938927,0.04838225086162341,10,0.02360250436069434,0.07698438275631919,10,-0.0005397793615051771,0.004921319801105224,10,-0.002390954243415766,0.012520913757808278,10
amm,0.25,0.9,volatility,position_limit,-0.0008545268642673901,0.004493355449867752,10,0.00470494029091156,0.0017536119909338417,10,0.0005387063511765297,0.0017981159724817755,10,0.08030483529031991,0.048291395954843434,10,0.02681283869403443,0.07506446185158239,10,-0.0005453970099137173,0.004919950127194199,10,-0.0024019240238259522,0.012518571462084831,10
amm,0.5,0.0,fundamental,all,0.01091946154760334,0.004142351699829246,10,0.007614223397324771,0.002474969058003173,10,0.0015739371229547398,0.0023175108848034758,10,-0.02429230642489425,0.14348524292373793,10,-0.0010056005835146127,0.18187492564157173,10,0.01111096121549281,0.004459061589315552,10,0.02393402146240652,0.00477647559017702,10
amm,0.5,0.0,fundamental,circuit_breaker,0.00950995452701971,0.003134621657217113,10,0.0063793691904572205,0.002315890087544427,10,0.0011936435433472098,0.0019428472743713934,10,0.05267704198309721,0.09897695318730994,10,0.0224924072098055,0.15142255003676125,10,0.009476711062328813,0.0034406739520849742,10,0.02116362095422939,0.006564074134244042,10
amm,0.5,0.0,fundamental,execution_delay,0.01093008494949982,0.004143330156976555,10,0.007604469372438989,0.0024665769975202776,10,0.0015630804664591301,0.0023013408540985183,10,-0.01967208343156985,0.14448538631860225,10,0.0017367806507211981,0.17910229673503017,10,0.011123563355289422,0.00445727306417769,10,0.023952416377063735,0.0047728164308754924,10
amm,0.5,0.0,fundamental,liquidity_buffer,0.00950995452701971,0.003134621657217113,10,0.0063793691904572205,0.002315890087544427,10,0.0011936435433472098,0.0019428472743713934,10,0.05267704198309721,0.09897695318730994,10,0.0224924072098055,0.15142255003676125,10,0.009476711062328813,0.0034406739520849742,10,0.02116362095422939,0.006564074134244042,10
amm,0.5,0.0,fundamental,none,0.00950995452701971,0.003134621657217113,10,0.0063793691904572205,0.002315890087544427,10,0.0011936435433472098,0.0019428472743713934,10,0.05267704198309721,0.09897695318730994,10,0.0224924072098055,0.15142255003676125,10,0.009476711062328813,0.0034406739520849742,10,0.02116362095422939,0.006564074134244042,10
amm,0.5,0.0,fundamental,position_limit,0.00949158950165593,0.0031369848174080273,10,0.00639681559143742,0.0023174627212958687,10,0.00120805787958982,0.0019450538608762032,10,0.05205873148561728,0.09957590319376035,10,0.020635377796538335,0.14981819428646845,10,0.00945511341155878,0.003442928272586652,10,0.021129725315164972,0.006572869061838648,10
amm,0.5,0.0,liquidity,all,0.25520662496235386,0.0030209535133650816,10,0.00187709248788038,0.0027379312513644135,10,0.00203614244492887,0.0023005799227189317,10,-0.029136162072816062,0.14397947529092134,10,-0.03880637550210723,0.1617554066868707,10,0.2553508496162839,0.0032610031158023262,10,0.45396330275486535,0.00272827071686864,10
amm,0.5,0.0,liquidity,circuit_breaker,0.2542391854987452,0.002255053196183945,10,0.0007960105737631999,0.002333419731232546,10,0.00260062680819859,0.0019001945923662333,10,0.036991807540607456,0.11315656378477434,10,-0.015918221747863857,0.12409063943779997,10,0.25421414446951074,0.0024991225067593314,10,0.45242417286465253,0.0036628098449761,10
amm,0.5,0.0,liquidity,execution_delay,0.2552098744520423,0.0030223058430586228,10,0.0018619554919284,0.0027282965365511293,10,0.002027912554483,0.0022846233327091883,10,-0.025557983376732422,0.14499367315631556,10,-0.035595832892632115,0.15919443863560773,10,0.25535558996025964,0.0032601919392025412,10,0.45397460510382526,0.002725190921869004,10
amm,0.5,0.0,liquidity,liquidity_buffer,0.2542391854987452,0.002255053196183945,10,0.0007960105737631999,0.002333419731232546,10,0.00260062680819859,0.0019001945923662333,10,0.036991807540607456,0.11315656378477434,10,-0.015918221747863857,0.12409063943779997,10,0.25421414446951074,0.0024991225067593314,10,0.45242417286465253,0.0036628098449761,10
amm,0.5,0.0,liquidity,none,0.2542391854987452,0.002255053196183945,10,0.0007960105737631999,0.002333419731232546,10,0.00260062680819859,0.0019001945923662333,10,0.036991807540607456,0.11315656378477434,10,-0.015918221747863857,0.12409063943779997,10,0.25421414446951074,0.0024991225067593314,10,0.45242417286465253,0.0036628098449761,10
amm,0.5,0.0,liquidity,position_limit,0.2542262283199861,0.0022519121304443025,10,0.0007991850124256901,0.0023133352660274103,10,0.0026748986757953,0.0019315174210727355,10,0.03892499797854625,0.11558320179751586,10,-0.01805768127597638,0.12412881039084495,10,0.25419875431028566,0.002496068339917671,10,0.4523986710782448,0.0036627583688303065,10
amm,0.5,0.0,volatility,all,-0.0009973621023409598,0.005149626189807688,10,0.00705138198639175,0.0019440788004388564,10,0.00115206546134524,0.0027441780236212546,10,0.046232932940752335,0.16983463554694542,10,0.03743994718818619,0.13524921522411823,10,-0.0008036347561614421,0.005428785608898498,10,0.0035672996707101666,0.009268400285642546,10
amm,0.5,0.0,volatility,circuit_breaker,-0.00050074917793111,0.008010648024592178,10,0.00683441697841395,0.0025539103275844114,10,0.0011486489575949995,0.0021540716634442835,10,0.032818437209039444,0.1473637325798102,10,-0.01579497672689799,0.10665653332881232,10,-0.0005352941260846955,0.008270083416980394,10,-0.0007893755760558952,0.012678701408509378,10
amm,0.5,0.0,volatility,execution_delay,-0.00099052152793068,0.005149786618938673,10,0.00704391916559044,0.001951459738017169,10,0.00114187449659524,0.00274893465759983,10,0.04951531186844579,0.17345847369344147,10,0.0415223555437053,0.1347335831029936,10,-0.0007947962099130624,0.005427773568011699,10,0.003581357394564022,0.009269074182061528,10
amm,0.5,0.0,volatility,liquidity_buffer,-0.00050074917793111,0.008010648024592178,10,0.00683441697841395,0.0025539103275844114,10,0.0011486489575949995,0.0021540716634442835,10,0.032818437209039444,0.1473637325798102,10,-0.01579497672689799,0.10665653332881232,10,-0.0005352941260846955,0.008270083416980394,10,-0.0007893755760558952,0.012678701408509378,10
amm,0.5,0.0,volatility,none,-0.00050074917793111,0.008010648024592178,10,0.00683441697841395,0.0025539103275844114,10,0.0011486489575949995,0.0021540716634442835,10,0.032818437209039444,0.1473637325798102,10,-0.01579497672689799,0.10665653332881232,10,-0.0005352941260846955,0.008270083416980394,10,-0.0007893755760558952,0.012678701408509378,10
amm,0.5,0.0,volatility,position_limit,-0.0005143983602518698,0.008007917798237833,10,0.006846182890145059,0.0025586750802486353,10,0.0011539679553775697,0.0021490672188498594,10,0.031364164432791615,0.1464956154660474,10,-0.0179693083091984,0.10464217503207487,10,-0.0005522067515825957,0.008267272329847681,10,-0.0008247346756016128,0.012678427943869792,10
amm,0.5,0.5,fundamental,all,0.01094543143555504,0.004113555436408611,10,0.00753726639090851,0.0022376006641478064,10,0.0013299734618658395,0.0022676817151869953,10,-0.0336116805504919,0.1402440965100121,10,0.011930743468161364,0.17801885212046642,10,0.011134957479338048,0.004427758656686675,10,0.023947169996082117,0.00478475310369298,10
amm,0.5,0.5,fundamental,circuit_breaker,0.00950700059240637,0.003181970199859853,10,0.0061037568390712605,0.0021330567114475414,10,0.0009211291454636801,0.0017384705006559468,10,0.04184612680573071,0.06375785464068622,10,0.031632209625136555,0.11074476995143209,10,0.009474231670182265,0.003486191657552964,10,0.021147428600708385,0.006632251532275049,10
amm,0.5,0.5,fundamental,execution_delay,0.010956945503998,0.004120229924820203,10,0.00752963737179652,0.002244190397279937,10,0.0013260841239682401,0.0022663544129440825,10,-0.03742836108575898,0.14168149595246074,10,0.010029600068371692,0.1744490722650894,10,0.011146319267434878,0.004434750574491447,10,0.023960080619287505,0.004787685988147267,10
amm,0.5,0.5,fundamental,liquidity_buffer,0.00950700059240637,0.003181970199859853,10,0.0061037568390712605,0.0021330567114475414,10,0.0009211291454636801,0.0017384705006559468,10,0.04184612680573071,0.06375785464068622,10,0.031632209625136555,0.11074476995143209,10,0.009474231670182265,0.003486191657552964,10,0.021147428600708385,0.006632251532275049,10
amm,0.5,0.5,fundamental,none,0.00950700059240637,0.003181970199859853,10,0.0061037568390712605,0.0021330567114475414,10,0.0009211291454636801,0.0017384705006559468,10,0.04184612680573071,0.06375785464068622,10,0.031632209625136555,0.11074476995143209,10,0.009474231670182265,0.003486191657552964,10,0.021147428600708385,0.006632251532275049,10
amm,0.5,0.5,fundamental,position_limit,0.0095035992389785,0.0031815637809085658,10,0.00611328731156408,0.0021395699698026197,10,0.0009249298851320897,0.0017243182966292575,10,0.04184482506514421,0.06362038724201245,10,0.033010879551407774,0.1098225574683571,10,0.009467655211323766,0.0034840481918823846,10,0.021133771820718728,0.00663202500197348,10
amm,0.5,0.5,liquidity,all,0.255218041615501,0.00299375869856469,10,0.00233752231840058,0.0024956016105187116,10,0.00264087629945587,0.0022090278641619956,10,-0.061123765610679746,0.1325003889595102,10,-0.06388885851065787,0.1642220753578318,10,0.25536078575646337,0.0032312413645903754,10,0.4539641318130222,0.002722052263394925,10
amm,0.5,0.5,liquidity,circuit_breaker,0.25422103561083687,0.0022930681328914996,10,0.00195213514176322,0.0020911564140712914,10,0.00490160182750269,0.0018827268660955025,10,-0.009641074877336408,0.07512508334532295,10,-0.0706789451955365,0.09402343969881227,10,0.2541963514705948,0.002535271193984205,10,0.452407259625243,0.0036793168632641734,10
amm,0.5,0.5,liquidity,execution_delay,0.2552139062334152,0.0029965836230718733,10,0.002351495597218,0.0025142622149174052,10,0.00264004174546177,0.0021900240521727904,10,-0.06223585138051986,0.1338547976565081,10,-0.06866545576607523,0.1588709745772098,10,0.25535654174848876,0.0032335583275792433,10,0.4539656546565574,0.002723757654913261,10
amm,0.5,0.5,liquidity,liquidity_buffer,0.25422103561083687,0.0022930681328914996,10,0.00195213514176322,0.0020911564140712914,10,0.00490160182750269,0.0018827268660955025,10,-0.009641074877336408,0.07512508334532295,10,-0.0706789451955365,0.09402343969881227,10,0.2541963514705948,0.002535271193984205,10,0.452407259625243,0.0036793168632641734,10
amm,0.5,0.5,liquidity,none,0.25422103561083687,0.0022930681328914996,10,0.00195213514176322,0.0020911564140712914,10,0.00490160182750269,0.0018827268660955025,10,-0.009641074877336408,0.07512508334532295,10,-0.0706789451955365,0.09402343969881227,10,0.2541963514705948,0.002535271193984205,10,0.452407259625243,0.0036793168632641734,10
amm,0.5,0.5,liquidity,position_limit,0.254221464132436,0.0022940299301381284,10,0.0019732419917121297,0.0020916066432955208,10,0.00495628924096745,0.0018666457592786687,10,-0.008504716255609269,0.07445363288098743,10,-0.07107861996476467,0.091585761407189,10,0.2541943905316139,0.002534404990095047,10,0.4524078656525428,0.0036777412167198153,10
amm,0.5,0.5,volatility,all,-0.0009852921956569002,0.005136194529711349,10,0.00681134652517418,0.0018662551100538903,10,0.0010840141960536801,0.0025715489928099427,10,0.05780726504548931,0.178992308479824,10,0.030500646038868727,0.13555745154402193,10,-0.0007935472154532053,0.005409743145848889,10,0.003558520651836772,0.009260080760559454,10
amm,0.5,0.5,volatility,circuit_breaker,-0.00053592916288275,0.008028850386934402,10,0.005824012323337011,0.0021922975452841223,10,0.0010169619052819697,0.002086133768911612,10,0.08503799857994357,0.10308469223135541,10,-0.024166149653050906,0.0766294265238384,10,-0.0005700157901061375,0.008291463756415497,10,-0.0008193115912248361,0.012737193780028496,10
amm,0.5,0.5,volatility,execution_delay,-0.00098285164561123,0.005140081149284918,10,0.00680692159829802,0.001861491987523574,10,0.0010896970480656297,0.0025605293263347905,10,0.05511641987385354,0.17923066474087007,10,0.02668543060149111,0.13765430036521226,10,-0.0007912519352338609,0.005412654171776599,10,0.0035615962541430623,0.009256286392159703,10
amm,0.5,0.5,volatility,liquidity_buffer,-0.00053592916288275,0.008028850386934402,10,0.005824012323337011,0.0021922975452841223,10,0.0010169619052819697,0.002086133768911612,10,0.08503799857994357,0.10308469223135541,10,-0.024166149653050906,0.0766294265238384,10,-0.0005700157901061375,0.008291463756415497,10,-0.0008193115912248361,0.012737193780028496,10
amm,0.5,0.5,volatility,none,-0.00053592916288275,0.008028850386934402,10,0.005824012323337011,0.0021922975452841223,10,0.0010169619052819697,0.002086133768911612,10,0.08503799857994357,0.10308469223135541,10,-0.024166149653050906,0.0766294265238384,10,-0.0005700157901061375,0.008291463756415497,10,-0.0008193115912248361,0.012737193780028496,10
amm,0.5,0.5,volatility,position_limit,-0.0005322402329162699,0.008022063059509156,10,0.0058191392711741,0.002204849133644981,10,0.0010243536382421997,0.002124925225822157,10,0.08499254742048179,0.10341148650543171,10,-0.023871682091422368,0.07968776732227796,10,-0.0005695393129880432,0.008284873221077774,10,-0.0008191166314854281,0.012731466643282084,10
amm,0.5,0.9,fundamental,all,0.01094692852230279,0.004145467827955796,10,0.00720055670978729,0.002010652148711643,10,0.0009199605245595003,0.002032709434036834,10,-0.02933919500626835,0.12290505006453126,10,0.024058929324818817,0.1458566955776625,10,0.01112681038622646,0.0044584753749222095,10,0.023936142929618775,0.004790076902584013,10
amm,0.5,0.9,fundamental,circuit_breaker,0.00950898317640125,0.0031876655662778385,10,0.005678590081037179,0.001963643631640593,10,0.0005238273115127602,0.001868582489397574,10,0.032215424260287964,0.04940940228509043,10,0.0285166655471427,0.07693573648843258,10,0.00946029340572988,0.003498021504250001,10,0.021092574918391626,0.006665005755945223,10
amm,0.5,0.9,fundamental,execution_delay,0.01095383993489719,0.004147309928170608,10,0.0072022152539859595,0.0020173093880519024,10,0.0009238463535059894,0.0020283132643276708,10,-0.029506093364003737,0.1232726685183658,10,0.024003648931803363,0.14612321894020688,10,0.011134634854131676,0.004462481472102442,10,0.023951334664464873,0.004790824493564758,10
amm,0.5,0.9,fundamental,liquidity_buffer,0.00950898317640125,0.0031876655662778385,10,0.005678590081037179,0.001963643631640593,10,0.0005238273115127602,0.001868582489397574,10,0.032215424260287964,0.04940940228509043,10,0.0285166655471427,0.07693573648843258,10,0.00946029340572988,0.003498021504250001,10,0.021092574918391626,0.006665005755945223,10
amm,0.5,0.9,fundamental,none,0.00950898317640125,0.0031876655662778385,10,0.005678590081037179,0.001963643631640593,10,0.0005238273115127602,0.001868582489397574,10,0.032215424260287964,0.04940940228509043,10,0.0285166655471427,0.07693573648843258,10,0.00946029340572988,0.003498021504250001,10,0.021092574918391626,0.006665005755945223,10
amm,0.5,0.9,fundamental,position_limit,0.00949192997870945,0.0031838799316420536,10,0.00568848699687077,0.001958612561203317,10,0.0005356912432297195,0.0018829923458500177,10,0.03282732574889746,0.050483864588989534,10,0.028316834602709322,0.07683448241239359,10,0.009441812656026283,0.003494270232534914,10,0.021067365822751826,0.006668688405447137,10
amm,0.5,0.9,liquidity,all,0.2552227262090693,0.003013092787158657,10,0.0028488186192251103,0.002138139186737476,10,0.00387991906949353,0.0019400213797228828,10,-0.05973230174896066,0.11507021728871997,10,-0.0737435161903021,0.11419037751350564,10,0.2553582131123361,0.003248508490556087,10,0.45396487896305915,0.0027138587301138977,10
amm,0.5,0.9,liquidity,circuit_breaker,0.2541972839770098,0.002278066284075239,10,0.00352985905786367,0.0020908851506590337,10,0.008280262292468771,0.0023063031177651887,10,-0.019097753513644143,0.04978693511000167,10,-0.05727329816395856,0.05991119504757592,10,0.2541606174547848,0.002524880505922014,10,0.45235439018492657,0.0036925612093473017,10
amm,0.5,0.9,liquidity,execution_delay,0.2552246238832673,0.003013823651720006,10,0.0028625943857298703,0.002139358714439159,10,0.0039062468034755703,0.0018877663800617001,10,-0.06162937387031804,0.11613067225373845,10,-0.07333837626966914,0.11273096527386862,10,0.2553607995110143,0.00325082830299239,10,0.4539687062128245,0.0027151560130486687,10
amm,0.5,0.9,liquidity,liquidity_buffer,0.2541972839770098,0.002278066284075239,10,0.00352985905786367,0.0020908851506590337,10,0.008280262292468771,0.0023063031177651887,10,-0.019097753513644143,0.04978693511000167,10,-0.05727329816395856,0.05991119504757592,10,0.2541606174547848,0.002524880505922014,10,0.45235439018492657,0.0036925612093473017,10
amm,0.5,0.9,liquidity,none,0.2541972839770098,0.002278066284075239,10,0.00352985905786367,0.0020908851506590337,10,0.008280262292468771,0.0023063031177651887,10,-0.019097753513644143,0.04978693511000167,10,-0.05727329816395856,0.05991119504757592,10,0.2541606174547848,0.002524880505922014,10,0.45235439018492657,0.0036925612093473017,10
amm,0.5,0.9,liquidity,position_limit,0.25419313778936176,0.0022722233288151837,10,0.003540203514111819,0.002082240941054618,10,0.008315306085297559,0.0023138837547675975,10,-0.017666668358991,0.0502304653358262,10,-0.057863745789773366,0.060040603509697726,10,0.2541553982124604,0.00251890821563136,10,0.45234408782307717,0.0036896703568701783,10
amm,0.5,0.9,volatility,all,-0.0009772479351993501,0.00514906413321285,10,0.00623562849024743,0.0015846703349589675,10,0.0008219573891702301,0.002237338568555347,10,0.0815851106999091,0.1627000534711467,10,0.0282619958231727,0.11882134569882621,10,-0.0007952929310453994,0.005428681232931055,10,0.003559095842778892,0.00927522933918651,10
amm,0.5,0.9,volatility,circuit_breaker,-0.00053629898403532,0.008017292925904015,10,0.00474069773007461,0.00203552731292886,10,0.0009993108665496497,0.0019203087398537786,10,0.10124496928802047,0.08472958460737952,10,-0.01858242665947405,0.06301563449092268,10,-0.0005865161303001409,0.008289620232513213,10,-0.0008385614324002644,0.012761695332135373,10
amm,0.5,0.9,volatility,execution_delay,-0.0009724243566699301,0.005143087072501848,10,0.00625610135491822,0.001573346005576403,10,0.00083076367048265,0.002231936853834306,10,0.08107077503131661,0.16248703617973886,10,0.02805502281072867,0.11841849396000272,10,-0.0007895441497231537,0.005424791202127094,10,0.0035696786625976306,0.009271908948320558,10
amm,0.5,0.9,volatility,liquidity_buffer,-0.00053629898403532,0.008017292925904015,10,0.00474069773007461,0.00203552731292886,10,0.0009993108665496497,0.0019203087398537786,10,0.10124496928802047,0.08472958460737952,10,-0.01858242665947405,0.06301563449092268,10,-0.0005865161303001409,0.008289620232513213,10,-0.0008385614324002644,0.012761695332135373,10
amm,0.5,0.9,volatility,none,-0.00053629898403532,0.008017292925904015,10,0.00474069773007461,0.00203552731292886,10,0.0009993108665496497,0.0019203087398537786,10,0.10124496928802047,0.08472958460737952,10,-0.01858242665947405,0.06301563449092268,10,-0.0005865161303001409,0.008289620232513213,10,-0.0008385614324002644,0.012761695332135373,10
amm,0.5,0.9,volatility,position_limit,-0.0005412808105295598,0.008011880913037893,10,0.00474210790059418,0.0020261160011896748,10,0.0010153684044286997,0.0019037542698140397,10,0.1013286410658529,0.08416159573199329,10,-0.018768996970586944,0.06334265066500144,10,-0.0005929358616439617,0.008283792568372193,10,-0.0008594451031458284,0.012755468907396818,10
amm,0.75,0.0,fundamental,all,0.010240476096068901,0.004337923291554462,10,0.00536150525827288,0.001380991282483896,10,0.0001269629134385301,0.0023740364913990624,10,0.05595031524260835,0.15618627492466616,10,0.04000004145740393,0.09705633364020405,10,0.010005254973819998,0.004520055568246994,10,0.022916653390601394,0.006477416505693442,10
amm,0.75,0.0,fundamental,circuit_breaker,0.00967515175995134,0.0036092508849155094,10,0.00555540195889652,0.002121469625233837,10,9.406550816619916e-06,0.0021306697996800596,10,0.0782081598465602,0.09461288400639173,10,0.03745801514664478,0.048121871662608916,10,0.009644469367247933,0.004005435219335421,10,0.02065905273578115,0.005956511190757886,10
amm,0.75,0.0,fundamental,execution_delay,0.0102532272396495,0.004338618053303496,10,0.00535903978097947,0.0013831334937674216,10,0.00012048521291358983,0.0023772716431987714,10,0.055985049928976016,0.15646067865167546,10,0.03991759791499404,0.09706860661378765,10,0.010020270016873533,0.00452059341735688,10,0.022945808672829048,0.00647629647857977,10
amm,0.75,0.0,fundamental,liquidity_buffer,0.00967515175995134,0.0036092508849155094,10,0.00555540195889652,0.002121469625233837,10,9.406550816619916e-06,0.0021306697996800596,10,0.0782081598465602,0.09461288400639173,10,0.03745801514664478,0.048121871662608916,10,0.009644469367247933,0.004005435219335421,10,0.02065905273578115,0.005956511190757886,10
amm,0.75,0.0,fundamental,none,0.00967515175995134,0.0036092508849155094,10,0.00555540195889652,0.002121469625233837,10,9.406550816619916e-06,0.0021306697996800596,10,0.0782081598465602,0.09461288400639173,10,0.03745801514664478,0.048121871662608916,10,0.009644469367247933,0.004005435219335421,10,0.02065905273578115,0.005956511190757886,10
amm,0.75,0.0,fundamental,position_limit,0.00963798295317235,0.0036072439902499424,10,0.005565095346190739,0.0021407170148727344,10,2.090818022353995e-05,0.0021464908257664266,10,0.07236229300046394,0.09602025891480304,10,0.03236200186831391,0.04779501949815457,10,0.009609334040960194,0.0040002660289902075,10,0.020603860513501982,0.005958524582064736,10
amm,0.75,0.0,liquidity,all,0.25427284060445726,0.003111114660644354,10,-0.0005661789200667298,0.0014085610502141534,10,0.0003029135507460202,0.0027500977587733124,10,0.047805710811293575,0.137159698833194,10,0.0029156366508076128,0.11826146462122625,10,0.25409563362974164,0.00325018452072546,10,0.45286135432428765,0.0036801900072980604,10
amm,0.75,0.0,liquidity,circuit_breaker,0.2539106976837018,0.0025374724936268788,10,0.0007790250456270101,0.0021004682270073264,10,0.00290583453781282,0.0029518774152366978,10,0.0329696911535299,0.08195004537752698,10,-0.03775965746551544,0.05316920707950359,10,0.2538876643983225,0.0028311348814689364,10,0.45164870551270575,0.0032760718003721485,10
amm,0.75,0.0,liquidity,execution_delay,0.25427561036515456,0.003114020430533414,10,-0.0005854345285597202,0.0014069507723141945,10,0.0003222204144554699,0.0027278410729017046,10,0.0478109985801937,0.13858262915795197,10,0.0050102347744252155,0.11902683419615162,10,0.254100106960197,0.003253003134792765,10,0.4528717638715104,0.003676786482832987,10
amm,0.75,0.0,liquidity,liquidity_buffer,0.2539106976837018,0.0025374724936268788,10,0.0007790250456270101,0.0021004682270073264,10,0.00290583453781282,0.0029518774152366978,10,0.0329696911535299,0.08195004537752698,10,-0.03775965746551544,0.05316920707950359,10,0.2538876643983225,0.0028311348814689364,10,0.45164870551270575,0.0032760718003721485,10
amm,0.75,0.0,liquidity,none,0.2539106976837018,0.0025374724936268788,10,0.0007790250456270101,0.0021004682270073264,10,0.00290583453781282,0.0029518774152366978,10,0.0329696911535299,0.08195004537752698,10,-0.03775965746551544,0.05316920707950359,10,0.2538876643983225,0.0028311348814689364,10,0.45164870551270575,0.0032760718003721485,10
amm,0.75,0.0,liquidity,position_limit,0.25389817715653473,0.0025390474690232044,10,0.0008042757300329696,0.0020753796719546135,10,0.0029480544418723094,0.0029783272464292015,10,0.02738468581194329,0.08082669447045036,10,-0.04245783512170272,0.049142502990458435,10,0.2538766752502307,0.0028301446689995013,10,0.4516171019770212,0.003281760686972479,10
amm,0.75,0.0,volatility,all,-0.0032425376617937402,0.005590929552363184,10,0.00584419815542451,0.0014149080657323305,10,-0.00040245705548496997,0.0012352359918154131,10,0.02102061707697883,0.12499324250531894,10,0.040444362237358214,0.1523174824007625,10,-0.0034806332859392275,0.005672898189469015,10,-0.006229288669479227,0.012601890350827944,10
amm,0.75,0.0,volatility,circuit_breaker,-9.549375174242015e-05,0.006773250058353606,10,0.00575596662959413,0.0020475755653808292,10,0.00024602584606696993,0.001183893918185139,10,0.03362784706313955,0.08483640476185517,10,0.0076700281836755545,0.15030892176989716,10,-0.00012643764988425898,0.0069891959872789705,10,0.00043526336964856417,0.008573612590052269,10
amm,0.75,0.0,volatility,execution_delay,-0.00323572720713214,0.005594426309420846,10,0.00584505720318972,0.0014197962179759269,10,-0.0004128876597718702,0.0012285944578729461,10,0.02141788556906549,0.12424642763975134,10,0.03703217418899161,0.14989513692416767,10,-0.0034715385316900216,0.005677996627014546,10,-0.006218417718020642,0.012603380456945297,10
amm,0.75,0.0,volatility,liquidity_buffer,-9.549375174242015e-05,0.006773250058353606,10,0.00575596662959413,0.0020475755653808292,10,0.00024602584606696993,0.001183893918185139,10,0.03362784706313955,0.08483640476185517,10,0.0076700281836755545,0.15030892176989716,10,-0.00012643764988425898,0.0069891959872789705,10,0.00043526336964856417,0.008573612590052269,10
amm,0.75,0.0,volatility,none,-9.549375174242015e-05,0.006773250058353606,10,0.00575596662959413,0.0020475755653808292,10,0.00024602584606696993,0.001183893918185139,10,0.03362784706313955,0.08483640476185517,10,0.0076700281836755545,0.15030892176989716,10,-0.00012643764988425898,0.0069891959872789705,10,0.00043526336964856417,0.008573612590052269,10
amm,0.75,0.0,volatility,position_limit,-0.00012035805183246004,0.006780667976203993,10,0.005768632737103529,0.0020732067494397457,10,0.0002698554619079099,0.00120536366897661,10,0.033130879393958965,0.08479505206948211,10,0.0008866374655637158,0.15122300456128535,10,-0.0001492535352639046,0.006995300422332422,10,0.00038427461216709034,0.008581000471889191,10
amm,0.75,0.5,fundamental,all,0.01026312466762177,0.004379559049598129,10,0.00541702813113853,0.0012560931527767312,10,-5.389014577129999e-05,0.002124676206420992,10,0.04455950245680089,0.11829248152721403,10,0.0552800940909076,0.10715431049912573,10,0.010035938180796889,0.004552940473640693,10,0.022924102308052398,0.006485092896425167,10
amm,0.75,0.5,fundamental,circuit_breaker,0.009646590253881229,0.003618350587914692,10,0.00569051728392985,0.00206337478008968,10,0.00012591486076528967,0.001510147562250649,10,0.0316389149442719,0.03971557207133424,10,0.033687063528081006,0.03512890327405516,10,0.009601611746602855,0.004032306057829188,10,0.0206117303661996,0.005915980851146469,10
amm,0.75,0.5,fundamental,execution_delay,0.010268192767569208,0.004379363299986564,10,0.00541528474991173,0.0012604933820726009,10,-4.6066335928649903e-05,0.0021164867637798956,10,0.044504679867591,0.11782610164307089,10,0.05450161606291072,0.10712402107919038,10,0.01004166551130784,0.004551670406253276,10,0.022945572221188825,0.006483904292804096,10
amm,0.75,0.5,fundamental,liquidity_buffer,0.009646590253881229,0.003618350587914692,10,0.00569051728392985,0.00206337478008968,10,0.00012591486076528967,0.001510147562250649,10,0.0316389149442719,0.03971557207133424,10,0.033687063528081006,0.03512890327405516,10,0.009601611746602855,0.004032306057829188,10,0.0206117303661996,0.005915980851146469,10
amm,0.75,0.5,fundamental,none,0.009646590253881229,0.003618350587914692,10,0.00569051728392985,0.00206337478008968,10,0.00012591486076528967,0.001510147562250649,10,0.0316389149442719,0.03971557207133424,10,0.033687063528081006,0.03512890327405516,10,0.009601611746602855,0.004032306057829188,10,0.0206117303661996,0.005915980851146469,10
amm,0.75,0.5,fundamental,position_limit,0.00963461745477737,0.0036124050393105235,10,0.00571830554630544,0.002020569021976172,10,0.00017209409393375996,0.0014770416758991276,10,0.030092745095653316,0.03737502432305111,10,0.03256680285355107,0.03609012272018553,10,0.009589901337332608,0.0040260285447848675,10,0.02059014923740434,0.00592426527519284,10
amm,0.75,0.5,liquidity,all,0.25425747760092343,0.0031614997548955054,10,0.0004941268279228797,0.0012879667224834927,10,0.0021459748111690795,0.0019265635677381359,10,-0.007883550623927702,0.11361559222298752,10,-0.0390266216194998,0.0875529497038974,10,0.2540863189526792,0.003292368944576566,10,0.4528633462791095,0.003714595790228299,10
amm,0.75,0.5,liquidity,circuit_breaker,0.25390049980439283,0.0025501024199838557,10,0.0032031668871117095,0.0021257240080669094,10,0.00920042900025657,0.0028966644881015034,10,-0.015477506153882853,0.035982948421701286,10,-0.05865459663002268,0.028788996333081258,10,0.2538667031165508,0.0028555025643545074,10,0.4516139329408501,0.003261184336619776,10
amm,0.75,0.5,liquidity,execution_delay,0.25425472524236137,0.0031642474700726586,10,0.0004908126384276802,0.0013068422819929619,10,0.00216340281071323,0.0019371889838100044,10,-0.005259190892493841,0.11738361778710664,10,-0.04085700146446634,0.08825478346052068,10,0.2540840608203327,0.003294409911779866,10,0.4528606670521313,0.003707800654598596,10
amm,0.75,0.5,liquidity,liquidity_buffer,0.25390049980439283,0.0025501024199838557,10,0.0032031668871117095,0.0021257240080669094,10,0.00920042900025657,0.0028966644881015034,10,-0.015477506153882853,0.035982948421701286,10,-0.05865459663002268,0.028788996333081258,10,0.2538667031165508,0.0028555025643545074,10,0.4516139329408501,0.003261184336619776,10
amm,0.75,0.5,liquidity,none,0.25390049980439283,0.0025501024199838557,10,0.0032031668871117095,0.0021257240080669094,10,0.00920042900025657,0.0028966644881015034,10,-0.015477506153882853,0.035982948421701286,10,-0.05865459663002268,0.028788996333081258,10,0.2538667031165508,0.0028555025643545074,10,0.4516139329408501,0.003261184336619776,10
amm,0.75,0.5,liquidity,position_limit,0.25390171748791274,0.0025537725350041254,10,0.0032130852421632604,0.002111433809978003,10,0.00927676500915782,0.0029369530420594314,10,-0.014396660065631834,0.03549374039921485,10,-0.059417351749391854,0.03091149238171468,10,0.25386811131191156,0.0028602365209089604,10,0.4516092041992349,0.0032697820440046733,10
amm,0.75,0.5,volatility,all,-0.00324785050088562,0.00560101682592147,10,0.00528181433913924,0.0013927105644913234,10,-0.00034241495851070015,0.001036750746733531,10,0.053293611504788896,0.12265899035930451,10,0.04338990538140497,0.1272246444803933,10,-0.003477924549660927,0.005699786333205366,10,-0.0062160499758937785,0.012627320430805077,10
amm,0.75,0.5,volatility,circuit_breaker,-9.038813224353012e-05,0.0067257988970565305,10,0.00457228119659999,0.0017356286783113144,10,0.0003113657269363097,0.0015342717165205666,10,0.07803183323306036,0.05083848086208676,10,-0.002189983521290788,0.0785205042327376,10,-0.000135707141135899,0.006944454983006025,10,0.0004068499739048548,0.008558485140000897,10
amm,0.75,0.5,volatility,execution_delay,-0.0032464957949051897,0.005601238550778412,10,0.00528902424906023,0.0013934102903562639,10,-0.00035174559993719995,0.0010489989205287157,10,0.053694499494277445,0.1234413495004582,10,0.043926566834472845,0.12763218206001445,10,-0.0034759027362211816,0.005699160948671842,10,-0.006216135820409985,0.012626612842192393,10
amm,0.75,0.5,volatility,liquidity_buffer,-9.038813224353012e-05,0.0067257988970565305,10,0.00457228119659999,0.0017356286783113144,10,0.0003113657269363097,0.0015342717165205666,10,0.07803183323306036,0.05083848086208676,10,-0.002189983521290788,0.0785205042327376,10,-0.000135707141135899,0.006944454983006025,10,0.0004068499739048548,0.008558485140000897,10
amm,0.75,0.5,volatility,none,-9.038813224353012e-05,0.0067257988970565305,10,0.00457228119659999,0.0017356286783113144,10,0.0003113657269363097,0.0015342717165205666,10,0.07803183323306036,0.05083848086208676,10,-0.002189983521290788,0.0785205042327376,10,-0.000135707141135899,0.006944454983006025,10,0.0004068499739048548,0.008558485140000897,10
amm,0.75,0.5,volatility,position_limit,-9.15963980355601e-05,0.006721112459014052,10,0.00458710539124242,0.0017367168499468448,10,0.0003730718374675,0.001548145097431666,10,0.07658637601437109,0.0483303599870197,10,-0.0036122832958284195,0.07719521249134084,10,-0.00013666086855345093,0.006941122470141825,10,0.0004030220153211084,0.008561390195204657,10
amm,0.75,0.9,fundamental,all,0.010245562529212859,0.004400598558714894,10,0.00544487552063248,0.0011279700035112129,10,-0.00023119250333403975,0.0017191384559656503,10,0.02424841691633836,0.10850056678929913,10,0.04211192890334138,0.07842107577195541,10,0.010008209531460477,0.0045685645615623615,10,0.022866632210422354,0.006484429746684675,10
amm,0.75,0.9,fundamental,circuit_breaker,0.00960419747829052,0.003637205438842789,10,0.005184786262836449,0.0022748772411818247,10,-0.00013581490500585956,0.001652444133674066,10,0.020842398909052644,0.037280811413405814,10,0.024963112489602982,0.03981968812553635,10,0.009545507600308922,0.004034222341522783,10,0.020496981998079145,0.005928291978077897,10
amm,0.75,0.9,fundamental,execution_delay,0.01026495595454672,0.00438525742111071,10,0.00542929210524436,0.001131569408787585,10,-0.00024046445116398998,0.0017271679919931792,10,0.023077642094696826,0.10901333313677851,10,0.04311674155061297,0.07914287585791865,10,0.010029528204855065,0.004554693884670341,10,0.02290301553435925,0.0064655276615852445,10
amm,0.75,0.9,fundamental,liquidity_buffer,0.00960419747829052,0.003637205438842789,10,0.005184786262836449,0.0022748772411818247,10,-0.00013581490500585956,0.001652444133674066,10,0.020842398909052644,0.037280811413405814,10,0.024963112489602982,0.03981968812553635,10,0.009545507600308922,0.004034222341522783,10,0.020496981998079145,0.005928291978077897,10
amm,0.75,0.9,fundamental,none,0.00960419747829052,0.003637205438842789,10,0.005184786262836449,0.0022748772411818247,10,-0.00013581490500585956,0.001652444133674066,10,0.020842398909052644,0.037280811413405814,10,0.024963112489602982,0.03981968812553635,10,0.009545507600308922,0.004034222341522783,10,0.020496981998079145,0.005928291978077897,10
amm,0.75,0.9,fundamental,position_limit,0.00957040601033778,0.003614588934053045,10,0.0051848819572956105,0.0022623338216404398,10,-0.0001192331944646798,0.001674843254601005,10,0.020878589140323513,0.038375437697736464,10,0.024385117738252738,0.041202750295441556,10,0.009512097623691628,0.004008640065334033,10,0.020446910744781267,0.005924586845347293,10
amm,0.75,0.9,liquidity,all,0.254263202405147,0.0031931371782292217,10,0.0019467208318964201,0.0011789175587836843,10,0.004790341694649871,0.001373122741701835,10,-0.03019887682997755,0.0962483151863224,10,-0.05314367734212322,0.06722393137810777,10,0.2540843790633355,0.0033213958850181807,10,0.45284507531229634,0.003710882697624996,10
amm,0.75,0.9,liquidity,circuit_breaker,0.25387012505444567,0.002576654409995439,10,0.00595629686695055,0.002458098069945367,10,0.01569499676564419,0.004214923224724057,10,-0.013442408878795326,0.029866356467704972,10,-0.031168133690119088,0.0364385673052007,10,0.25382599111784904,0.0028694632581289267,10,0.4514927589066047,0.0032872402515109773,10
amm,0.75,0.9,liquidity,execution_delay,0.2542743834652356,0.0031866455924210685,10,0.0019231224993509302,0.0011769693656089072,10,0.00478307276683129,0.0013797422814779824,10,-0.030196116516802173,0.0935836310080541,10,-0.053334989143517905,0.06881971877030839,10,0.25409701070751467,0.00331566030715497,10,0.45286292736083567,0.0036983122729386518,10
amm,0.75,0.9,liquidity,liquidity_buffer,0.25387012505444567,0.002576654409995439,10,0.00595629686695055,0.002458098069945367,10,0.01569499676564419,0.004214923224724057,10,-0.013442408878795326,0.029866356467704972,10,-0.031168133690119088,0.0364385673052007,10,0.25382599111784904,0.0028694632581289267,10,0.4514927589066047,0.0032872402515109773,10
amm,0.75,0.9,liquidity,none,0.25387012505444567,0.002576654409995439,10,0.00595629686695055,0.002458098069945367,10,0.01569499676564419,0.004214923224724057,10,-0.013442408878795326,0.029866356467704972,10,-0.031168133690119088,0.0364385673052007,10,0.25382599111784904,0.0028694632581289267,10,0.4514927589066047,0.0032872402515109773,10
amm,0.75,0.9,liquidity,position_limit,0.25385101399452725,0.002574174160747209,10,0.00597981362723256,0.002417875219765498,10,0.0156985893266715,0.004049671899152418,10,-0.013107053042462607,0.03158135095613534,10,-0.031978512076682376,0.03683395614798919,10,0.2538071625492363,0.002864623612325703,10,0.4514284464650423,0.003364598685846411,10
amm,0.75,0.9,volatility,all,-0.00320584880846365,0.005599020394565701,10,0.0045702931995038505,0.0015012208872977426,10,-0.0002418521557148898,0.001019327434552761,10,0.07618403531275239,0.1030435118517567,10,0.027761319212025126,0.09612538834951907,10,-0.003446232547184658,0.005697643478822333,10,-0.0062569526003886655,0.012646411943620943,10
amm,0.75,0.9,volatility,circuit_breaker,-0.0001341664017738999,0.0067513224826208935,10,0.0034020567856618603,0.0016735588898109351,10,0.00032296296651421023,0.0016955623400641427,10,0.06785906581116904,0.036038719740826584,10,0.0034713033633888336,0.04979321710672758,10,-0.00019323120035070752,0.006944465202852865,10,0.0003204384657326975,0.008552874009103224,10
amm,0.75,0.9,volatility,execution_delay,-0.00319982012314918,0.00560576332359328,10,0.004568030832875369,0.0014949426714402716,10,-0.0002597830309701404,0.0010046521174987713,10,0.07591078924483935,0.10353485920357794,10,0.026116661554386928,0.09686634639207604,10,-0.0034382566119213753,0.005705177037902831,10,-0.006242804840449934,0.012647674334014192,10
amm,0.75,0.9,volatility,liquidity_buffer,-0.0001341664017738999,0.0067513224826208935,10,0.0034020567856618603,0.0016735588898109351,10,0.00032296296651421023,0.0016955623400641427,10,0.06785906581116904,0.036038719740826584,10,0.0034713033633888336,0.04979321710672758,10,-0.00019323120035070752,0.006944465202852865,10,0.0003204384657326975,0.008552874009103224,10
amm,0.75,0.9,volatility,none,-0.0001341664017738999,0.0067513224826208935,10,0.0034020567856618603,0.0016735588898109351,10,0.00032296296651421023,0.0016955623400641427,10,0.06785906581116904,0.036038719740826584,10,0.0034713033633888336,0.04979321710672758,10,-0.00019323120035070752,0.006944465202852865,10,0.0003204384657326975,0.008552874009103224,10
amm,0.75,0.9,volatility,position_limit,-0.00016193794609072003,0.006723501578604436,10,0.0033927408435448303,0.0016986327153649828,10,0.00032479730316459026,0.0017334524513884398,10,0.06686308418337343,0.035628162827656795,10,0.0027113613984535213,0.05018503135999981,10,-0.00022060598734472415,0.006912593522354303,10,0.00028326452516500564,0.00851921039213929,10
traditional,0.0,0.0,fundamental,all,0.00309170411504776,0.0038664687259156723,10,0.00379551430181852,0.0029966095132748258,10,-0.0003549089123938504,0.003454586476728474,10,-0.04107917358980888,0.13238283984223978,10,-0.03146776441806694,0.08244710258428838,10,0.003738708857012829,0.003546228934173156,10,0.0038710106404325818,0.005822443974291832,10
traditional,0.0,0.0,fundamental,circuit_breaker,0.00309170411504776,0.0038664687259156723,10,0.00379551430181852,0.0029966095132748258,10,-0.0003549089123938504,0.003454586476728474,10,-0.04107917358980888,0.13238283984223978,10,-0.03146776441806694,0.08244710258428838,10,0.003738708857012829,0.003546228934173156,10,0.0038710106404325818,0.005822443974291832,10
traditional,0.0,0.0,fundamental,execution_delay,0.00309170411504776,0.0038664687259156723,10,0.00379551430181852,0.0029966095132748258,10,-0.0003549089123938504,0.003454586476728474,10,-0.04107917358980888,0.13238283984223978,10,-0.03146776441806694,0.08244710258428838,10,0.003738708857012829,0.003546228934173156,10,0.0038710106404325818,0.005822443974291832,10
traditional,0.0,0.0,fundamental,liquidity_buffer,0.00309170411504776,0.0038664687259156723,10,0.00379551430181852,0.0029966095132748258,10,-0.0003549089123938504,0.003454586476728474,10,-0.04107917358980888,0.13238283984223978,10,-0.03146776441806694,0.08244710258428838,10,0.003738708857012829,0.003546228934173156,10,0.0038710106404325818,0.005822443974291832,10
traditional,0.0,0.0,fundamental,none,0.00309170411504776,0.0038664687259156723,10,0.00379551430181852,0.0029966095132748258,10,-0.0003549089123938504,0.003454586476728474,10,-0.04107917358980888,0.13238283984223978,10,-0.03146776441806694,0.08244710258428838,10,0.003738708857012829,0.003546228934173156,10,0.0038710106404325818,0.005822443974291832,10
traditional,0.0,0.0,fundamental,position_limit,0.00309170411504776,0.0038664687259156723,10,0.00379551430181852,0.0029966095132748258,10,-0.0003549089123938504,0.003454586476728474,10,-0.04107917358980888,0.13238283984223978,10,-0.03146776441806694,0.08244710258428838,10,0.003738708857012829,0.003546228934173156,10,0.0038710106404325818,0.005822443974291832,10
traditional,0.0,0.0,liquidity,all,0.42764659753111456,0.0015939454692967204,10,-0.00143518253259538,0.0032000314548507667,10,-0.00034754992281071944,0.0034343285399911004,10,-0.03991191318063257,0.13328211834458506,10,-0.030929463184408756,0.08259763155745656,10,0.4280174395449456,0.0015967173926092401,10,0.11965326869596851,0.004461184879683542,10
traditional,0.0,0.0,liquidity,circuit_breaker,0.9634918749782135,0.00032977132587290724,10,0.06579985646346198,0.008061886775809417,10,0.0073756853093893005,0.0024698117762299143,10,0.011469388116264046,0.30834286938244315,10,-0.025484506796002115,0.14929213901083307,10,0.9635155240039059,0.0003304099479675845,10,0.3375384223864909,0.0038814633352020995,10
traditional,0.0,0.0,liquidity,execution_delay,0.9634943731699372,0.00032820652777824173,10,0.06511391857576616,0.008183474880817282,10,0.007039854167418889,0.002636447347472443,10,0.014216831899172866,0.30358585571190283,10,-0.03484317887303874,0.1323509984744014,10,0.9635180205687277,0.00032885129180361227,10,0.3368359974730943,0.004285716877141754,10
traditional,0.0,0.0,liquidity,liquidity_buffer,0.42764659753111456,0.0015939454692967204,10,-0.00143518253259538,0.0032000314548507667,10,-0.00034754992281071944,0.0034343285399911004,10,-0.03991191318063257,0.13328211834458506,10,-0.030929463184408756,0.08259763155745656,10,0.4280174395449456,0.0015967173926092401,10,0.11965326869596851,0.004461184879683542,10
traditional,0.0,0.0,liquidity,none,0.9634943731699372,0.00032820652777824173,10,0.06511391857576616,0.008183474880817282,10,0.007039854167418889,0.002636447347472443,10,0.014216831899172866,0.30358585571190283,10,-0.03484317887303874,0.1323509984744014,10,0.9635180205687277,0.00032885129180361227,10,0.3368359974730943,0.004285716877141754,10
traditional,0.0,0.0,liquidity,position_limit,0.9634943731699372,0.00032820652777824173,10,0.06511391857576616,0.008183474880817282,10,0.007039854167418889,0.002636447347472443,10,0.014216831899172866,0.30358585571190283,10,-0.03484317887303874,0.1323509984744014,10,0.9635180205687277,0.00032885129180361227,10,0.3368359974730943,0.004285716877141754,10
traditional,0.0,0.0,volatility,all,0.013439538404070181,0.005313140710007505,10,0.01124726994857512,0.002577467198121333,10,-0.0006140219281656197,0.0040778792015924254,10,-0.05526764110519818,0.11995761749792672,10,-0.022139412528716082,0.1235034927150187,10,0.014080387606140065,0.004966582854125992,10,0.013540070504040458,0.006428519284080479,10
traditional,0.0,0.0,volatility,circuit_breaker,0.013439538404070181,0.005313140710007505,10,0.01124726994857512,0.002577467198121333,10,-0.0006140219281656197,0.0040778792015924254,10,-0.05526764110519818,0.11995761749792672,10,-0.022139412528716082,0.1235034927150187,10,0.014080387606140065,0.004966582854125992,10,0.013540070504040458,0.006428519284080479,10
traditional,0.0,0.0,volatility,execution_delay,0.013439538404070181,0.005313140710007505,10,0.01124726994857512,0.002577467198121333,10,-0.0006140219281656197,0.0040778792015924254,10,-0.05526764110519818,0.11995761749792672,10,-0.022139412528716082,0.1235034927150187,10,0.014080387606140065,0.004966582854125992,10,0.013540070504040458,0.006428519284080479,10
traditional,0.0,0.0,volatility,liquidity_buffer,0.013439538404070181,0.005313140710007505,10,0.01124726994857512,0.002577467198121333,10,-0.0006140219281656197,0.0040778792015924254,10,-0.05526764110519818,0.11995761749792672,10,-0.022139412528716082,0.1235034927150187,10,0.014080387606140065,0.004966582854125992,10,0.013540070504040458,0.006428519284080479,10
traditional,0.0,0.0,volatility,none,0.013439538404070181,0.005313140710007505,10,0.01124726994857512,0.002577467198121333,10,-0.0006140219281656197,0.0040778792015924254,10,-0.05526764110519818,0.11995761749792672,10,-0.022139412528716082,0.1235034927150187,10,0.014080387606140065,0.004966582854125992,10,0.013540070504040458,0.006428519284080479,10
traditional,0.0,0.0,volatility,position_limit,0.013439538404070181,0.005313140710007505,10,0.01124726994857512,0.002577467198121333,10,-0.0006140219281656197,0.0040778792015924254,10,-0.05526764110519818,0.11995761749792672,10,-0.022139412528716082,0.1235034927150187,10,0.014080387606140065,0.004966582854125992,10,0.013540070504040458,0.006428519284080479,10
traditional,0.0,0.5,fundamental,all,0.00309170411504776,0.0038664687259156723,10,0.00379551430181852,0.0029966095132748258,10,-0.0003549089123938504,0.003454586476728474,10,-0.04107917358980888,0.13238283984223978,10,-0.03146776441806694,0.08244710258428838,10,0.003738708857012829,0.003546228934173156,10,0.0038710106404325818,0.005822443974291832,10
traditional,0.0,0.5,fundamental,circuit_breaker,0.00309170411504776,0.0038664687259156723,10,0.00379551430181852,0.0029966095132748258,10,-0.0003549089123938504,0.003454586476728474,10,-0.04107917358980888,0.13238283984223978,10,-0.03146776441806694,0.08244710258428838,10,0.003738708857012829,0.003546228934173156,10,0.0038710106404325818,0.005822443974291832,10
traditional,0.0,0.5,fundamental,execution_delay,0.00309170411504776,0.0038664687259156723,10,0.00379551430181852,0.0029966095132748258,10,-0.0003549089123938504,0.003454586476728474,10,-0.04107917358980888,0.13238283984223978,10,-0.03146776441806694,0.08244710258428838,10,0.003738708857012829,0.003546228934173156,10,0.0038710106404325818,0.005822443974291832,10
traditional,0.0,0.5,fundamental,liquidity_buffer,0.00309170411504776,0.0038664687259156723,10,0.00379551430181852,0.0029966095132748258,10,-0.0003549089123938504,0.003454586476728474,10,-0.04107917358980888,0.13238283984223978,10,-0.03146776441806694,0.08244710258428838,10,0.003738708857012829,0.003546228934173156,10,0.0038710106404325818,0.005822443974291832,10
traditional,0.0,0.5,fundamental,none,0.00309170411504776,0.0038664687259156723,10,0.00379551430181852,0.0029966095132748258,10,-0.0003549089123938504,0.003454586476728474,10,-0.04107917358980888,0.13238283984223978,10,-0.03146776441806694,0.08244710258428838,10,0.003738708857012829,0.003546228934173156,10,0.0038710106404325818,0.005822443974291832,10
traditional,0.0,0.5,fundamental,position_limit,0.00309170411504776,0.0038664687259156723,10,0.00379551430181852,0.0029966095132748258,10,-0.0003549089123938504,0.003454586476728474,10,-0.04107917358980888,0.13238283984223978,10,-0.03146776441806694,0.08244710258428838,10,0.003738708857012829,0.003546228934173156,10,0.0038710106404325818,0.005822443974291832,10
traditional,0.0,0.5,liquidity,all,0.42764659753111456,0.0015939454692967204,10,-0.00143518253259538,0.0032000314548507667,10,-0.00034754992281071944,0.0034343285399911004,10,-0.03991191318063257,0.13328211834458506,10,-0.030929463184408756,0.08259763155745656,10,0.4280174395449456,0.0015967173926092401,10,0.11965326869596851,0.004461184879683542,10
traditional,0.0,0.5,liquidity,circuit_breaker,0.9634918749782135,0.00032977132587290724,10,0.06579985646346198,0.008061886775809417,10,0.0073756853093893005,0.0024698117762299143,10,0.011469388116264046,0.30834286938244315,10,-0.025484506796002115,0.14929213901083307,10,0.9635155240039059,0.0003304099479675845,10,0.3375384223864909,0.0038814633352020995,10
traditional,0.0,0.5,liquidity,execution_delay,0.9634943731699372,0.00032820652777824173,10,0.06511391857576616,0.008183474880817282,10,0.007039854167418889,0.002636447347472443,10,0.014216831899172866,0.30358585571190283,10,-0.03484317887303874,0.1323509984744014,10,0.9635180205687277,0.00032885129180361227,10,0.3368359974730943,0.004285716877141754,10
traditional,0.0,0.5,liquidity,liquidity_buffer,0.42764659753111456,0.0015939454692967204,10,-0.00143518253259538,0.0032000314548507667,10,-0.00034754992281071944,0.0034343285399911004,10,-0.03991191318063257,0.13328211834458506,10,-0.030929463184408756,0.08259763155745656,10,0.4280174395449456,0.0015967173926092401,10,0.11965326869596851,0.004461184879683542,10
traditional,0.0,0.5,liquidity,none,0.9634943731699372,0.00032820652777824173,10,0.06511391857576616,0.008183474880817282,10,0.007039854167418889,0.002636447347472443,10,0.014216831899172866,0.30358585571190283,10,-0.03484317887303874,0.1323509984744014,10,0.9635180205687277,0.00032885129180361227,10,0.3368359974730943,0.004285716877141754,10
traditional,0.0,0.5,liquidity,position_limit,0.9634943731699372,0.00032820652777824173,10,0.06511391857576616,0.008183474880817282,10,0.007039854167418889,0.002636447347472443,10,0.014216831899172866,0.30358585571190283,10,-0.03484317887303874,0.1323509984744014,10,0.9635180205687277,0.00032885129180361227,10,0.3368359974730943,0.004285716877141754,10
traditional,0.0,0.5,volatility,all,0.013439538404070181,0.005313140710007505,10,0.01124726994857512,0.002577467198121333,10,-0.0006140219281656197,0.0040778792015924254,10,-0.05526764110519818,0.11995761749792672,10,-0.022139412528716082,0.1235034927150187,10,0.014080387606140065,0.004966582854125992,10,0.013540070504040458,0.006428519284080479,10
traditional,0.0,0.5,volatility,circuit_breaker,0.013439538404070181,0.005313140710007505,10,0.01124726994857512,0.002577467198121333,10,-0.0006140219281656197,0.0040778792015924254,10,-0.05526764110519818,0.11995761749792672,10,-0.022139412528716082,0.1235034927150187,10,0.014080387606140065,0.004966582854125992,10,0.013540070504040458,0.006428519284080479,10
traditional,0.0,0.5,volatility,execution_delay,0.013439538404070181,0.005313140710007505,10,0.01124726994857512,0.002577467198121333,10,-0.0006140219281656197,0.0040778792015924254,10,-0.05526764110519818,0.11995761749792672,10,-0.022139412528716082,0.1235034927150187,10,0.014080387606140065,0.004966582854125992,10,0.013540070504040458,0.006428519284080479,10
traditional,0.0,0.5,volatility,liquidity_buffer,0.013439538404070181,0.005313140710007505,10,0.01124726994857512,0.002577467198121333,10,-0.0006140219281656197,0.0040778792015924254,10,-0.05526764110519818,0.11995761749792672,10,-0.022139412528716082,0.1235034927150187,10,0.014080387606140065,0.004966582854125992,10,0.013540070504040458,0.006428519284080479,10
traditional,0.0,0.5,volatility,none,0.013439538404070181,0.005313140710007505,10,0.01124726994857512,0.002577467198121333,10,-0.0006140219281656197,0.0040778792015924254,10,-0.05526764110519818,0.11995761749792672,10,-0.022139412528716082,0.1235034927150187,10,0.014080387606140065,0.004966582854125992,10,0.013540070504040458,0.006428519284080479,10
traditional,0.0,0.5,volatility,position_limit,0.013439538404070181,0.005313140710007505,10,0.01124726994857512,0.002577467198121333,10,-0.0006140219281656197,0.0040778792015924254,10,-0.05526764110519818,0.11995761749792672,10,-0.022139412528716082,0.1235034927150187,10,0.014080387606140065,0.004966582854125992,10,0.013540070504040458,0.006428519284080479,10
traditional,0.0,0.9,fundamental,all,0.00309170411504776,0.0038664687259156723,10,0.00379551430181852,0.0029966095132748258,10,-0.0003549089123938504,0.003454586476728474,10,-0.04107917358980888,0.13238283984223978,10,-0.03146776441806694,0.08244710258428838,10,0.003738708857012829,0.003546228934173156,10,0.0038710106404325818,0.005822443974291832,10
traditional,0.0,0.9,fundamental,circuit_breaker,0.00309170411504776,0.0038664687259156723,10,0.00379551430181852,0.0029966095132748258,10,-0.0003549089123938504,0.003454586476728474,10,-0.04107917358980888,0.13238283984223978,10,-0.03146776441806694,0.08244710258428838,10,0.003738708857012829,0.003546228934173156,10,0.0038710106404325818,0.005822443974291832,10
traditional,0.0,0.9,fundamental,execution_delay,0.00309170411504776,0.0038664687259156723,10,0.00379551430181852,0.0029966095132748258,10,-0.0003549089123938504,0.003454586476728474,10,-0.04107917358980888,0.13238283984223978,10,-0.03146776441806694,0.08244710258428838,10,0.003738708857012829,0.003546228934173156,10,0.0038710106404325818,0.005822443974291832,10
traditional,0.0,0.9,fundamental,liquidity_buffer,0.00309170411504776,0.0038664687259156723,10,0.00379551430181852,0.0029966095132748258,10,-0.0003549089123938504,0.003454586476728474,10,-0.04107917358980888,0.13238283984223978,10,-0.03146776441806694,0.08244710258428838,10,0.003738708857012829,0.003546228934173156,10,0.0038710106404325818,0.005822443974291832,10
traditional,0.0,0.9,fundamental,none,0.00309170411504776,0.0038664687259156723,10,0.00379551430181852,0.0029966095132748258,10,-0.0003549089123938504,0.003454586476728474,10,-0.04107917358980888,0.13238283984223978,10,-0.03146776441806694,0.08244710258428838,10,0.003738708857012829,0.003546228934173156,10,0.0038710106404325818,0.005822443974291832,10
traditional,0.0,0.9,fundamental,position_limit,0.00309170411504776,0.0038664687259156723,10,0.00379551430181852,0.0029966095132748258,10,-0.0003549089123938504,0.003454586476728474,10,-0.04107917358980888,0.13238283984223978,10,-0.03146776441806694,0.08244710258428838,10,0.003738708857012829,0.003546228934173156,10,0.0038710106404325818,0.005822443974291832,10
traditional,0.0,0.9,liquidity,all,0.42764659753111456,0.0015939454692967204,10,-0.00143518253259538,0.0032000314548507667,10,-0.00034754992281071944,0.0034343285399911004,10,-0.03991191318063257,0.13328211834458506,10,-0.030929463184408756,0.08259763155745656,10,0.4280174395449456,0.0015967173926092401,10,0.11965326869596851,0.004461184879683542,10
traditional,0.0,0.9,liquidity,circuit_breaker,0.9634918749782135,0.00032977132587290724,10,0.06579985646346198,0.008061886775809417,10,0.0073756853093893005,0.0024698117762299143,10,0.011469388116264046,0.30834286938244315,10,-0.025484506796002115,0.14929213901083307,10,0.9635155240039059,0.0003304099479675845,10,0.3375384223864909,0.0038814633352020995,10
traditional,0.0,0.9,liquidity,execution_delay,0.9634943731699372,0.00032820652777824173,10,0.06511391857576616,0.008183474880817282,10,0.007039854167418889,0.002636447347472443,10,0.014216831899172866,0.30358585571190283,10,-0.03484317887303874,0.1323509984744014,10,0.9635180205687277,0.00032885129180361227,10,0.3368359974730943,0.004285716877141754,10
traditional,0.0,0.9,liquidity,liquidity_buffer,0.42764659753111456,0.0015939454692967204,10,-0.00143518253259538,0.0032000314548507667,10,-0.00034754992281071944,0.0034343285399911004,10,-0.03991191318063257,0.13328211834458506,10,-0.030929463184408756,0.08259763155745656,10,0.4280174395449456,0.0015967173926092401,10,0.11965326869596851,0.004461184879683542,10
traditional,0.0,0.9,liquidity,none,0.9634943731699372,0.00032820652777824173,10,0.06511391857576616,0.008183474880817282,10,0.007039854167418889,0.002636447347472443,10,0.014216831899172866,0.30358585571190283,10,-0.03484317887303874,0.1323509984744014,10,0.9635180205687277,0.00032885129180361227,10,0.3368359974730943,0.004285716877141754,10
traditional,0.0,0.9,liquidity,position_limit,0.9634943731699372,0.00032820652777824173,10,0.06511391857576616,0.008183474880817282,10,0.007039854167418889,0.002636447347472443,10,0.014216831899172866,0.30358585571190283,10,-0.03484317887303874,0.1323509984744014,10,0.9635180205687277,0.00032885129180361227,10,0.3368359974730943,0.004285716877141754,10
traditional,0.0,0.9,volatility,all,0.013439538404070181,0.005313140710007505,10,0.01124726994857512,0.002577467198121333,10,-0.0006140219281656197,0.0040778792015924254,10,-0.05526764110519818,0.11995761749792672,10,-0.022139412528716082,0.1235034927150187,10,0.014080387606140065,0.004966582854125992,10,0.013540070504040458,0.006428519284080479,10
traditional,0.0,0.9,volatility,circuit_breaker,0.013439538404070181,0.005313140710007505,10,0.01124726994857512,0.002577467198121333,10,-0.0006140219281656197,0.0040778792015924254,10,-0.05526764110519818,0.11995761749792672,10,-0.022139412528716082,0.1235034927150187,10,0.014080387606140065,0.004966582854125992,10,0.013540070504040458,0.006428519284080479,10
traditional,0.0,0.9,volatility,execution_delay,0.013439538404070181,0.005313140710007505,10,0.01124726994857512,0.002577467198121333,10,-0.0006140219281656197,0.0040778792015924254,10,-0.05526764110519818,0.11995761749792672,10,-0.022139412528716082,0.1235034927150187,10,0.014080387606140065,0.004966582854125992,10,0.013540070504040458,0.006428519284080479,10
traditional,0.0,0.9,volatility,liquidity_buffer,0.013439538404070181,0.005313140710007505,10,0.01124726994857512,0.002577467198121333,10,-0.0006140219281656197,0.0040778792015924254,10,-0.05526764110519818,0.11995761749792672,10,-0.022139412528716082,0.1235034927150187,10,0.014080387606140065,0.004966582854125992,10,0.013540070504040458,0.006428519284080479,10
traditional,0.0,0.9,volatility,none,0.013439538404070181,0.005313140710007505,10,0.01124726994857512,0.002577467198121333,10,-0.0006140219281656197,0.0040778792015924254,10,-0.05526764110519818,0.11995761749792672,10,-0.022139412528716082,0.1235034927150187,10,0.014080387606140065,0.004966582854125992,10,0.013540070504040458,0.006428519284080479,10
traditional,0.0,0.9,volatility,position_limit,0.013439538404070181,0.005313140710007505,10,0.01124726994857512,0.002577467198121333,10,-0.0006140219281656197,0.0040778792015924254,10,-0.05526764110519818,0.11995761749792672,10,-0.022139412528716082,0.1235034927150187,10,0.014080387606140065,0.004966582854125992,10,0.013540070504040458,0.006428519284080479,10
traditional,0.25,0.0,fundamental,all,0.0034088430185545498,0.004828815176448232,10,0.004599145474627661,0.00212802063917577,10,-0.0008707428119988795,0.003832935706244804,10,0.0004248224321190458,0.11891181075239303,10,-0.08684559875550014,0.127283274429642,10,0.003697105570440984,0.004655643474215626,10,0.004328371526455166,0.005471054518080456,10
traditional,0.25,0.0,fundamental,circuit_breaker,0.00304797620259068,0.005138057450414295,10,0.0070922646044094305,0.003603961594744846,10,0.003096154510028,0.002262902392363143,10,0.023881582765983983,0.09205442151347674,10,-0.035867423167591915,0.09482896542322486,10,0.002208274454156267,0.004996941874417651,10,0.004617152173696637,0.008088066546025695,10
traditional,0.25,0.0,fundamental,execution_delay,0.00339904349416575,0.004830979828125019,10,0.00459814850793602,0.002127295302626378,10,-0.0008706031974667593,0.003833034371272161,10,0.0004322342809372437,0.11891262115514868,10,-0.08684941110577178,0.12728544987292126,10,0.0036878602920696335,0.00465965028432099,10,0.00432058760158196,0.005472278154833136,10
traditional,0.25,0.0,fundamental,liquidity_buffer,0.00304797620259068,0.005138057450414295,10,0.0070922646044094305,0.003603961594744846,10,0.003096154510028,0.002262902392363143,10,0.023881582765983983,0.09205442151347674,10,-0.035867423167591915,0.09482896542322486,10,0.002208274454156267,0.004996941874417651,10,0.004617152173696637,0.008088066546025695,10
traditional,0.25,0.0,fundamental,none,0.00304797620259068,0.005138057450414295,10,0.0070922646044094305,0.003603961594744846,10,0.003096154510028,0.002262902392363143,10,0.023881582765983983,0.09205442151347674,10,-0.035867423167591915,0.09482896542322486,10,0.002208274454156267,0.004996941874417651,10,0.004617152173696637,0.008088066546025695,10
traditional,0.25,0.0,fundamental,position_limit,0.00305377025865965,0.005128510936199081,10,0.00709436509271809,0.0036036812723729637,10,0.00309592352998175,0.0022641234581009554,10,0.023889903754263475,0.09205909889644136,10,-0.035853797109913425,0.09483194477909083,10,0.002212768007589838,0.004986786306723705,10,0.0046195482967133165,0.008088169297280252,10
traditional,0.25,0.0,liquidity,all,0.4262750547167922,0.0030156248169786754,10,-0.000573523171270189,0.002013723500685541,10,-0.0008696892900078692,0.0038702430231980466,10,-0.0039798802044825445,0.1194829596397361,10,-0.08655140177475913,0.12758192747941063,10,0.4264426355801242,0.002542956382861949,10,0.11879777206038018,0.005454874710865034,10
traditional,0.25,0.0,liquidity,circuit_breaker,0.9666139537414141,0.0005518521299021998,10,0.12959803016116697,0.00808687965393633,10,0.02919221021152178,0.008973510392731074,10,0.415448903659131,0.0872136001060358,10,0.3928669249646552,0.3551971413328873,10,0.9665859358592442,0.0005436738416225548,10,0.381490234339824,0.0024371172396385104,10
traditional,0.25,0.0,liquidity,execution_delay,0.9668947938895365,0.0004945072907135957,10,0.1844275652965163,0.00878365007755455,10,0.013264036618849302,0.005254946836292282,10,-0.16745605253987536,0.13809964345281736,10,-0.1599032595084208,0.12211752450142095,10,0.9669043119469647,0.0004980957225356901,10,0.38352103732918735,0.011078940486874965,10
traditional,0.25,0.0,liquidity,liquidity_buffer,0.42775374921860826,0.0029724614958492723,10,0.0017980722133034803,0.004003975430584734,10,0.00310176891425515,0.002238159188910978,10,0.018502181591315874,0.09186520858574121,10,-0.03505727776741384,0.09530248371550996,10,0.4272716550903465,0.0029152759378843996,10,0.11943318552145121,0.0068729353828455575,10
traditional,0.25,0.0,liquidity,none,0.9696064465375539,0.0002804149182075026,10,0.2659239893968236,0.010627204397339812,10,0.02424928069089943,0.002236036466588657,10,0.2283446464488375,0.1485502559670673,10,-0.11619248218208345,0.13831075533905063,10,0.9695809278544798,0.00026813574425277233,10,0.39100850240298085,0.006948202989734021,10
traditional,0.25,0.0,liquidity,position_limit,0.9683193732800788,0.00034088307316814027,10,0.20090916629516845,0.010162786041811703,10,0.018837727980473888,0.0034428033933478056,10,0.08919828709487702,0.11346945496552069,10,-0.14381627354087737,0.09049241873650929,10,0.9682927446103943,0.00032857531481310983,10,0.3664041677130697,0.01071109229679993,10
traditional,0.25,0.0,volatility,all,0.012279084940486271,0.005671254022991573,10,0.01064864621165921,0.0026876314792536014,10,-0.0016163670750184301,0.0031965694674563347,10,0.016064968541035653,0.08346389050903454,10,-0.03331408993642547,0.13033450982806524,10,0.012564508910572602,0.005579922809414741,10,0.012374749906018567,0.00618889289611293,10
traditional,0.25,0.0,volatility,circuit_breaker,0.01596534620776526,0.005635513548872962,10,0.01429675391530406,0.0019255831768323819,10,0.002525952325708221,0.004249260799407913,10,-0.04030969503989632,0.09684287670985184,10,-0.008220519996165413,0.10112846509566263,10,0.015134817432526027,0.0058414033500742086,10,0.015253282685933501,0.00515023713072094,10
traditional,0.25,0.0,volatility,execution_delay,0.01227580934082633,0.005676547116940948,10,0.010649693454022691,0.00268753881969204,10,-0.0016159115547586399,0.003195631634610209,10,0.016072999443505775,0.08347292961186098,10,-0.03331371845232124,0.13033370373629521,10,0.012561783941057813,0.005586113703215318,10,0.01237290571406835,0.006185915723018627,10
traditional,0.25,0.0,volatility,liquidity_buffer,0.01596534620776526,0.005635513548872962,10,0.01429675391530406,0.0019255831768323819,10,0.002525952325708221,0.004249260799407913,10,-0.04030969503989632,0.09684287670985184,10,-0.008220519996165413,0.10112846509566263,10,0.015134817432526027,0.0058414033500742086,10,0.015253282685933501,0.00515023713072094,10
traditional,0.25,0.0,volatility,none,0.01596534620776526,0.005635513548872962,10,0.01429675391530406,0.0019255831768323819,10,0.002525952325708221,0.004249260799407913,10,-0.04030969503989632,0.09684287670985184,10,-0.008220519996165413,0.10112846509566263,10,0.015134817432526027,0.0058414033500742086,10,0.015253282685933501,0.00515023713072094,10
traditional,0.25,0.0,volatility,position_limit,0.0159613244375524,0.005636900526229295,10,0.014296461238761502,0.0019234348005277156,10,0.00252610271023499,0.004248661042774837,10,-0.04028042198621714,0.09682866905491525,10,-0.008190373678123941,0.10114985512684536,10,0.01512950423378121,0.005842384227018227,10,0.01525030348399079,0.005157444312461831,10
traditional,0.25,0.5,fundamental,all,0.00326965219570391,0.004023829248551243,10,0.00460339762598841,0.0020729017659068196,10,-0.0008356453715265803,0.003781046058269923,10,0.0014483204821546386,0.11484609064582539,10,-0.08650903606515511,0.12628193532304183,10,0.0034582827253979097,0.003846964668261224,10,0.004041648906193851,0.004812616409419213,10
traditional,0.25,0.5,fundamental,circuit_breaker,0.00253290856503311,0.0038078095724976653,10,0.00716807529859223,0.0034841655903265316,10,0.00306670980516838,0.0022019660203473463,10,0.020395159486118176,0.09201169805120527,10,-0.03132648972255653,0.10079422245809845,10,0.0017618773958347433,0.004052970492896087,10,0.003553379983203364,0.005961821834613526,10
traditional,0.25,0.5,fundamental,execution_delay,0.0032620377014213305,0.004023086959331669,10,0.0046019820297461805,0.0020721011223292477,10,-0.0008356632511980799,0.003781252454595094,10,0.0014512765785599415,0.11484911562185597,10,-0.08650872568189764,0.12628137207640863,10,0.0034506940069189305,0.003848229629601704,10,0.004038281929260479,0.0048108096865146326,10
traditional,0.25,0.5,fundamental,liquidity_buffer,0.00253290856503311,0.0038078095724976653,10,0.00716807529859223,0.0034841655903265316,10,0.00306670980516838,0.0022019660203473463,10,0.020395159486118176,0.09201169805120527,10,-0.03132648972255653,0.10079422245809845,10,0.0017618773958347433,0.004052970492896087,10,0.003553379983203364,0.005961821834613526,10
traditional,0.25,0.5,fundamental,none,0.00253290856503311,0.0038078095724976653,10,0.00716807529859223,0.0034841655903265316,10,0.00306670980516838,0.0022019660203473463,10,0.020395159486118176,0.09201169805120527,10,-0.03132648972255653,0.10079422245809845,10,0.0017618773958347433,0.004052970492896087,10,0.003553379983203364,0.005961821834613526,10
traditional,0.25,0.5,fundamental,position_limit,0.00253631457993219,0.0038043028512274334,10,0.00717029458560157,0.0034834837945619756,10,0.00306649943375186,0.002202990772245811,10,0.020389638874100086,0.09201802856035901,10,-0.031317496692890794,0.10080396024542237,10,0.0017640449778113631,0.004051351852345558,10,0.003547934753715576,0.005960714997453668,10
traditional,0.25,0.5,liquidity,all,0.42486446122662286,0.002846580879117579,10,-0.0005297927510979803,0.0019417234091023236,10,-0.0008202792962121507,0.0038129033528552987,10,-0.004039044847106622,0.11408245767682225,10,-0.08640302224762317,0.12662053446772417,10,0.4249747763363848,0.0023992086269748213,10,0.11843422683382113,0.0049242391028341366,10
traditional,0.25,0.5,liquidity,circuit_breaker,0.9665355383274825,0.0002835547033942633,10,0.13073320847244102,0.003336474274014255,10,0.023885198509918652,0.005761289108067805,10,0.4559710528150722,0.0705307065943121,10,0.37171770545361393,0.27539621463037883,10,0.9665096214946299,0.000294066436797753,10,0.3746855472203716,0.002966565851720847,10
traditional,0.25,0.5,liquidity,execution_delay,0.9669543597337551,0.0005450238391050274,10,0.18342229120793832,0.00961347088199802,10,0.012451019315537359,0.004498433986923995,10,-0.1307944173046602,0.18043602254744148,10,-0.14503501361255278,0.12153894767599178,10,0.9669605774485307,0.0005460212836160153,10,0.3786236968778517,0.008119517348441976,10
traditional,0.25,0.5,liquidity,liquidity_buffer,0.42317929427725137,0.0024353601102061664,10,0.0021568597064295205,0.0037851980075093196,10,0.0031036198180031697,0.002190347690435212,10,0.0023336279094565565,0.08995746369486916,10,-0.031107422565408983,0.10076308716259931,10,0.42273359587049086,0.002519652959931775,10,0.11826967683810992,0.005086393631551008,10
traditional,0.25,0.5,liquidity,none,0.969610091207582,0.00022943852266243736,10,0.2674894768323766,0.008346070436402411,10,0.02477104986368239,0.002429357542228174,10,0.2230378209653161,0.14982393029486474,10,-0.12438984692763555,0.16148415626764942,10,0.9695866595378094,0.00022466693832363715,10,0.3851424572027139,0.005292126478632493,10
traditional,0.25,0.5,liquidity,position_limit,0.9683579336358712,0.00027503350118408587,10,0.20483119534910416,0.007306978200030734,10,0.01929054298975103,0.0031994691038142492,10,0.08262828985280958,0.10360768183887907,10,-0.14013952588767792,0.10509421292141177,10,0.9683334311790054,0.00027936127598400024,10,0.36406720773695955,0.006046570170363754,10
traditional,0.25,0.5,volatility,all,0.01186445936655582,0.004814967944852242,10,0.010676427159008541,0.002650567395075906,10,-0.0015597545408953903,0.003173230223973149,10,0.01620015732767493,0.08186697121417374,10,-0.03572883132873471,0.1300899855338837,10,0.012051030608663027,0.004770490011801347,10,0.012192992862972785,0.005635121619580414,10
traditional,0.25,0.5,volatility,circuit_breaker,0.014073020230370641,0.0044363599183607485,10,0.01431138352987191,0.001871760277038645,10,0.0025511920574839103,0.004210916884930879,10,-0.03763498018873699,0.09702010039803377,10,-0.007313172879427493,0.10187912344351774,10,0.013310487753653299,0.0047446444489554285,10,0.014309550806018556,0.004440503935523477,10
traditional,0.25,0.5,volatility,execution_delay,0.0118628336968748,0.004817002312620913,10,0.01067684331378065,0.0026503713970198297,10,-0.0015596317689575499,0.003172292614182766,10,0.01620213177596751,0.08186778122686998,10,-0.035728007106731574,0.13008927236242943,10,0.01204943262718775,0.004773412642047817,10,0.012190450496215022,0.00563191200012833,10
traditional,0.25,0.5,volatility,liquidity_buffer,0.014073020230370641,0.0044363599183607485,10,0.01431138352987191,0.001871760277038645,10,0.0025511920574839103,0.004210916884930879,10,-0.03763498018873699,0.09702010039803377,10,-0.007313172879427493,0.10187912344351774,10,0.013310487753653299,0.0047446444489554285,10,0.014309550806018556,0.004440503935523477,10
traditional,0.25,0.5,volatility,none,0.014073020230370641,0.0044363599183607485,10,0.01431138352987191,0.001871760277038645,10,0.0025511920574839103,0.004210916884930879,10,-0.03763498018873699,0.09702010039803377,10,-0.007313172879427493,0.10187912344351774,10,0.013310487753653299,0.0047446444489554285,10,0.014309550806018556,0.004440503935523477,10
traditional,0.25,0.5,volatility,position_limit,0.014071928285871399,0.004435372747440432,10,0.014310456542706679,0.001870383864869165,10,0.0025510043855273288,0.004210353739480383,10,-0.037622065819697015,0.09702128640222363,10,-0.007312456671094409,0.1018788792277117,10,0.013308172637082704,0.0047441028154585575,10,0.01431154283911451,0.004441970954573765,10
traditional,0.25,0.9,fundamental,all,0.0029006882682798903,0.003772477157659461,10,0.00460297681182558,0.002034930191841864,10,-0.0008112246334578506,0.003737902119896397,10,0.0022095541457110416,0.11118580161402034,10,-0.08576735430543071,0.12507847419050142,10,0.0030302033872002367,0.003541543964184153,10,0.0033951176227581593,0.004407678367056135,10
traditional,0.25,0.9,fundamental,circuit_breaker,0.0019138856965476483,0.003406812703815849,10,0.0071851687354492905,0.0033378982059656887,10,0.0029872089511560292,0.0021374734120811353,10,0.020190339578088114,0.09112497787268681,10,-0.022743376579177098,0.1058750103187892,10,0.001149601564329028,0.0038731259593446153,10,0.0022282447791016403,0.004862553294148133,10
traditional,0.25,0.9,fundamental,execution_delay,0.00289382415372645,0.0037716293059908367,10,0.004601431043433939,0.002034693554894139,10,-0.0008117025005175197,0.0037380267629528604,10,0.002212833321546642,0.11118568690990897,10,-0.08575956111704604,0.1250711172698087,10,0.0030235881297740685,0.003542382640403285,10,0.0033929783831011195,0.004410214516576372,10
traditional,0.25,0.9,fundamental,liquidity_buffer,0.0019138856965476483,0.003406812703815849,10,0.0071851687354492905,0.0033378982059656887,10,0.0029872089511560292,0.0021374734120811353,10,0.020190339578088114,0.09112497787268681,10,-0.022743376579177098,0.1058750103187892,10,0.001149601564329028,0.0038731259593446153,10,0.0022282447791016403,0.004862553294148133,10
traditional,0.25,0.9,fundamental,none,0.0019138856965476483,0.003406812703815849,10,0.0071851687354492905,0.0033378982059656887,10,0.0029872089511560292,0.0021374734120811353,10,0.020190339578088114,0.09112497787268681,10,-0.022743376579177098,0.1058750103187892,10,0.001149601564329028,0.0038731259593446153,10,0.0022282447791016403,0.004862553294148133,10
traditional,0.25,0.9,fundamental,position_limit,0.0019173876951745134,0.00340911591112215,10,0.00718723569173763,0.0033391142095216928,10,0.00298753001023383,0.002138929378888608,10,0.02012204883575909,0.09116354921935155,10,-0.022778597358619042,0.10592721330756587,10,0.0011535748551193992,0.00387019828077264,10,0.0022254878093791453,0.004876072034286148,10
traditional,0.25,0.9,liquidity,all,0.42213454672562384,0.0027859107872666494,10,-0.00041610867748731044,0.0018978582094528154,10,-0.0007661629800773905,0.0037649197555705196,10,-0.007142896759001727,0.10916902261257208,10,-0.08635796421156894,0.12524826199072334,10,0.4222109155049193,0.0023473037090518036,10,0.11767326886428134,0.00462821523601694,10
traditional,0.25,0.9,liquidity,circuit_breaker,0.9663973539809669,0.0002969199703210877,10,0.13214103933155724,0.00363864548229109,10,0.023816471334693008,0.005985970147072415,10,0.4874535448353102,0.08734132949854116,10,0.2533891956427121,0.27235537257280273,10,0.9663716019180957,0.00030627644256867617,10,0.3673073357380678,0.002580561861536284,10
traditional,0.25,0.9,liquidity,execution_delay,0.9669657417623352,0.000602195535963413,10,0.18377614958389416,0.00878955304860153,10,0.011917082774986031,0.004347561857492894,10,-0.1485439001238112,0.12460709527750666,10,-0.13862307924656403,0.08953335368306824,10,0.9669701018203968,0.0005968661334568411,10,0.37650342438148937,0.00915510535686633,10
traditional,0.25,0.9,liquidity,liquidity_buffer,0.41635836206600363,0.0021686247706029283,10,0.0027235101896328695,0.0035283863452245184,10,0.00312708313123763,0.0021277762087029447,10,-0.017420626655820434,0.08787539177686703,10,-0.02542569698106706,0.10549801426871944,10,0.4159116992265527,0.002351043296302889,10,0.11647636313607261,0.004224050539189283,10
traditional,0.25,0.9,liquidity,none,0.9694397184617417,0.00020677725771256773,10,0.2664530892509244,0.010185183499127504,10,0.02579495783271778,0.0033422427050788725,10,0.2592731887812857,0.12647780029754271,10,-0.11734489569101617,0.1792893277924424,10,0.9694163688289045,0.00020604857605679844,10,0.3773712538580834,0.0047825478197482075,10
traditional,0.25,0.9,liquidity,position_limit,0.9681972139206072,0.00024681033327066083,10,0.20429166083814257,0.006198685543030623,10,0.02064664517573806,0.003237706219081937,10,0.11603964553393309,0.09974041345734708,10,-0.12471844628380782,0.12578251414554614,10,0.9681728344777847,0.00025955559036709957,10,0.3564355885090079,0.0050297034320186266,10
traditional,0.25,0.9,volatility,all,0.01112764033644123,0.004533502356690806,10,0.0106805156801146,0.0026224701940123084,10,-0.0015108782316820702,0.0031603351611935435,10,0.017336603380032817,0.0805983835160628,10,-0.0376530667233064,0.12964493923282341,10,0.011255667335217079,0.004450244980925279,10,0.011729930020237755,0.005275992865698189,10
traditional,0.25,0.9,volatility,circuit_breaker,0.01222084423817793,0.004218817863525058,10,0.014215751951504199,0.0018131826517256689,10,0.0025448107598783397,0.004137719624437721,10,-0.027189236720666237,0.09647547697609687,10,-0.0037239001886601093,0.10205575800163068,10,0.011464307803767703,0.004633199756392761,10,0.013333980780081111,0.004227082305546652,10
traditional,0.25,0.9,volatility,execution_delay,0.01112575927803371,0.004532857250725662,10,0.010681436403228429,0.00262291866752228,10,-0.0015112168959734201,0.0031602501337907804,10,0.01734845912546752,0.08059639069166326,10,-0.03764587338428581,0.1296427558061214,10,0.01125403669638313,0.004449899336107931,10,0.011730505111729728,0.005274344844855237,10
traditional,0.25,0.9,volatility,liquidity_buffer,0.01222084423817793,0.004218817863525058,10,0.014215751951504199,0.0018131826517256689,10,0.0025448107598783397,0.004137719624437721,10,-0.027189236720666237,0.09647547697609687,10,-0.0037239001886601093,0.10205575800163068,10,0.011464307803767703,0.004633199756392761,10,0.013333980780081111,0.004227082305546652,10
traditional,0.25,0.9,volatility,none,0.01222084423817793,0.004218817863525058,10,0.014215751951504199,0.0018131826517256689,10,0.0025448107598783397,0.004137719624437721,10,-0.027189236720666237,0.09647547697609687,10,-0.0037239001886601093,0.10205575800163068,10,0.011464307803767703,0.004633199756392761,10,0.013333980780081111,0.004227082305546652,10
traditional,0.25,0.9,volatility,position_limit,0.0122185528986089,0.004226088632124603,10,0.01421348324081532,0.0018121871203979978,10,0.0025448108005093804,0.004136481860966104,10,-0.027184115248195036,0.09646824652403363,10,-0.003756796375119631,0.10207622999707781,10,0.011462468542551629,0.004638147153117794,10,0.013332270109292998,0.0042231494240314495,10
traditional,0.5,0.0,fundamental,all,0.004749096496362749,0.0031943162287327064,10,0.00771254532288812,0.002510216509098332,10,0.0027201883884961906,0.0023803641330147804,10,0.02527161676054593,0.13512510389127558,10,-0.054340026754881046,0.14163517154646,10,0.003919059050270379,0.0037455729388289173,10,0.007712687325637036,0.005760024742719947,10
traditional,0.5,0.0,fundamental,circuit_breaker,0.006261616669063309,0.004385165835909426,10,0.006579874925718379,0.0028971957846218093,10,0.0006846914931637797,0.0024126669122973695,10,-0.033826999676704224,0.12362111344701637,10,-0.033727076247795806,0.08894242936286395,10,0.00587273157129582,0.004775936709053854,10,0.006455064990865978,0.00627415016523707,10
traditional,0.5,0.0,fundamental,execution_delay,0.0047313146083974595,0.0032078599604871915,10,0.007709033043548599,0.002509642620000311,10,0.00271921868514733,0.0023796009586533368,10,0.02527225620552953,0.13510414431354378,10,-0.05437239653176675,0.14165415953439195,10,0.003903036458026321,0.0037622709073741843,10,0.007696742932812706,0.00576700706692695,10
traditional,0.5,0.0,fundamental,liquidity_buffer,0.006261616669063309,0.004385165835909426,10,0.006579874925718379,0.0028971957846218093,10,0.0006846914931637797,0.0024126669122973695,10,-0.033826999676704224,0.12362111344701637,10,-0.033727076247795806,0.08894242936286395,10,0.00587273157129582,0.004775936709053854,10,0.006455064990865978,0.00627415016523707,10
traditional,0.5,0.0,fundamental,none,0.006261616669063309,0.004385165835909426,10,0.006579874925718379,0.0028971957846218093,10,0.0006846914931637797,0.0024126669122973695,10,-0.033826999676704224,0.12362111344701637,10,-0.033727076247795806,0.08894242936286395,10,0.00587273157129582,0.004775936709053854,10,0.006455064990865978,0.00627415016523707,10
traditional,0.5,0.0,fundamental,position_limit,0.00626805845237473,0.004374022920869153,10,0.00658439619062508,0.002898850242279046,10,0.00068558203776764,0.002413289942271912,10,-0.03381440799918363,0.12363545748831432,10,-0.03369615759966751,0.08894316294517501,10,0.005876741744631186,0.0047652679190726445,10,0.006461897807084616,0.0062730982007593175,10
traditional,0.5,0.0,liquidity,all,0.4273312857592736,0.003219462202819462,10,0.0022797741974094005,0.0028462758278371384,10,0.00269409531415881,0.0023967052236695237,10,0.020879529818332715,0.1355494392791198,10,-0.05389235948088385,0.14168335662574125,10,0.42685377529179525,0.0033940781043696384,10,0.12091896469181976,0.004985075257332628,10
traditional,0.5,0.0,liquidity,circuit_breaker,0.9682828610584167,0.000363609183179004,10,0.13859431972373742,0.003295054492880512,10,0.054942465721804966,0.008415630894842811,10,0.5765959725104629,0.0943052353731346,10,0.7816306504117234,0.10096428705572125,10,0.9682705176010693,0.0003620318674400532,10,0.41403330561545804,0.007631891364339103,10
traditional,0.5,0.0,liquidity,execution_delay,0.9693305053107947,0.00015983361824616513,10,0.26632740965320095,0.009754113223720697,10,0.01803813724327681,0.0019779179490818947,10,0.29091981849521514,0.0879978182948753,10,-0.05591633040496895,0.12454693224002954,10,0.9693050314138361,0.0001606920736548408,10,0.3687871536897738,0.007880458108724482,10
traditional,0.5,0.0,liquidity,liquidity_buffer,0.4238170839702565,0.002912257763958337,10,0.0016639893902456397,0.0029333997513362434,10,0.0007550452288240403,0.0025145332176866025,10,-0.0450576681147437,0.12297437775178324,10,-0.03589845285483776,0.08772768944691958,10,0.423592334409349,0.0029585422619659084,10,0.11982388486666196,0.0051013425034658385,10
traditional,0.5,0.0,liquidity,none,0.9717730541868634,0.00011390295887508146,10,0.40807920779270945,0.018787755828456695,10,0.025007859726176262,0.007426237067421924,10,0.5506166676238342,0.09421831015181166,10,0.3592824206146005,0.19478213613488302,10,0.9717620247218826,0.00012168745886644228,10,0.38316420558253594,0.008374834206339747,10
traditional,0.5,0.0,liquidity,position_limit,0.9704223123150639,0.00015683816420661073,10,0.31400455343562694,0.0035578443739215436,10,0.02896566583208875,0.0056283313700847765,10,0.5032827148309813,0.09514423517691355,10,0.3367320570112543,0.1776919476342466,10,0.9704106782841478,0.0001640529284657297,10,0.38422382731864124,0.007519838848603153,10
traditional,0.5,0.0,volatility,all,0.0153803416928761,0.005860606508532877,10,0.01438044804247369,0.002598486224074427,10,0.00310645966700259,0.0030588541605239663,10,-0.005488488391142236,0.08576998101910972,10,-0.03876955933274599,0.131434848997276,10,0.014559983342738869,0.006028776847195952,10,0.017143749717004452,0.0078003683024332445,10
traditional,0.5,0.0,volatility,circuit_breaker,0.02014908912293399,0.00693402122072011,10,0.01346528500486493,0.0032718268532706896,10,0.0007308600722394793,0.0031575324012591824,10,-0.06690119321654794,0.11317717666684134,10,-0.00977227486847509,0.08888836609201817,10,0.019765730066006647,0.007166079416159645,10,0.017626381593022787,0.007400280012132919,10
traditional,0.5,0.0,volatility,execution_delay,0.0153739822504915,0.005854123685879099,10,0.01437991677616696,0.0025976484169298636,10,0.003105216940743499,0.003058839785678959,10,-0.005516330412612932,0.0857608276840871,10,-0.03880971956936826,0.13139611784683405,10,0.01455537378171401,0.0060255457209996005,10,0.017143879416042607,0.007806671137672449,10
traditional,0.5,0.0,volatility,liquidity_buffer,0.02014908912293399,0.00693402122072011,10,0.01346528500486493,0.0032718268532706896,10,0.0007308600722394793,0.0031575324012591824,10,-0.06690119321654794,0.11317717666684134,10,-0.00977227486847509,0.08888836609201817,10,0.019765730066006647,0.007166079416159645,10,0.017626381593022787,0.007400280012132919,10
traditional,0.5,0.0,volatility,none,0.02014908912293399,0.00693402122072011,10,0.01346528500486493,0.0032718268532706896,10,0.0007308600722394793,0.0031575324012591824,10,-0.06690119321654794,0.11317717666684134,10,-0.00977227486847509,0.08888836609201817,10,0.019765730066006647,0.007166079416159645,10,0.017626381593022787,0.007400280012132919,10
traditional,0.5,0.0,volatility,position_limit,0.02015473805215404,0.006926381616511879,10,0.013464183785164521,0.0032759310081974763,10,0.0007313270413156605,0.0031561971945159163,10,-0.06690736949481431,0.11313332702767434,10,-0.009756268872626149,0.08890775592822202,10,0.01976896802701954,0.0071604151818336435,10,0.017617013937392546,0.007401978817426488,10
traditional,0.5,0.5,fundamental,all,0.00385715737349131,0.003373861913469863,10,0.007735473272234769,0.0025109205403320628,10,0.0026505281748468498,0.002370766300604865,10,0.026832939659777583,0.13185645175107055,10,-0.0474633794684056,0.13745653877771716,10,0.003052164377689748,0.003897750846734181,10,0.006269090649896059,0.00502370939665387,10
traditional,0.5,0.5,fundamental,circuit_breaker,0.00443421062008581,0.0035123482163078364,10,0.00671953711991208,0.002786122330478449,10,0.0006743322009203703,0.0022736119201649005,10,-0.03717635094006515,0.1269116893059617,10,-0.035487339082043455,0.09551628494571576,10,0.003882951764712772,0.004093357172095134,10,0.0033549397287263695,0.0043658840822781335,10
traditional,0.5,0.5,fundamental,execution_delay,0.0038499166827741503,0.0033744990773707335,10,0.00773185055793144,0.0025106220281924524,10,0.00264995027405684,0.002370802786189879,10,0.026826572774992563,0.1318614707094162,10,-0.04747686115444081,0.13746553682048665,10,0.0030466475400723002,0.0038978520705649526,10,0.0062738828649754105,0.005024505431647663,10
traditional,0.5,0.5,fundamental,liquidity_buffer,0.00443421062008581,0.0035123482163078364,10,0.00671953711991208,0.002786122330478449,10,0.0006743322009203703,0.0022736119201649005,10,-0.03717635094006515,0.1269116893059617,10,-0.035487339082043455,0.09551628494571576,10,0.003882951764712772,0.004093357172095134,10,0.0033549397287263695,0.0043658840822781335,10
traditional,0.5,0.5,fundamental,none,0.00443421062008581,0.0035123482163078364,10,0.00671953711991208,0.002786122330478449,10,0.0006743322009203703,0.0022736119201649005,10,-0.03717635094006515,0.1269116893059617,10,-0.035487339082043455,0.09551628494571576,10,0.003882951764712772,0.004093357172095134,10,0.0033549397287263695,0.0043658840822781335,10
traditional,0.5,0.5,fundamental,position_limit,0.00443085471991354,0.0035000040871775305,10,0.006723213099322349,0.0027871436180204275,10,0.0006740521406916588,0.00227528124644108,10,-0.03715557381602661,0.12690665477371985,10,-0.03545422873774694,0.09551013477118896,10,0.0038776499127164965,0.004083159135406311,10,0.003340201272838772,0.004358381565997871,10
traditional,0.5,0.5,liquidity,all,0.42259463625691096,0.0027272107096924193,10,0.0025721943068172603,0.0028840763299355808,10,0.0026714114564945998,0.002378993200710504,10,0.012707187770023415,0.13268668679060308,10,-0.04835615804778294,0.13690842207266476,10,0.4221283010453153,0.002893727993529857,10,0.1193362378222754,0.00417159897296198,10
traditional,0.5,0.5,liquidity,circuit_breaker,0.9681376031880184,0.0002676853517068548,10,0.14137129853952501,0.004176838343427368,10,0.049958875052773584,0.0058429876509907535,10,0.6113037423912314,0.10787155071288625,10,0.7948288762560949,0.10145625166630466,10,0.9681200526709887,0.00026411367217799757,10,0.3977051317930017,0.004673336818583479,10
traditional,0.5,0.5,liquidity,execution_delay,0.9691780550172844,0.00025656791968745724,10,0.26302203620968145,0.00715793705114353,10,0.01703912493923218,0.00307998454644512,10,0.25680441423863776,0.10763816062963144,10,-0.052397059051392324,0.11980836888998987,10,0.9691532257331229,0.00026042710559247186,10,0.36606569961590446,0.007937938696256919,10
traditional,0.5,0.5,liquidity,liquidity_buffer,0.41239785367337733,0.0027785214167544495,10,0.00271200800519642,0.0026899794854185312,10,0.0009610329065255699,0.0022674942121542713,10,-0.07407937086450016,0.11911663390952444,10,-0.04600808424272995,0.09239253100112672,10,0.4120731202944613,0.0029041328262864913,10,0.11602782456107845,0.00361434487664521,10
traditional,0.5,0.5,liquidity,none,0.9714659423867316,0.00012688271681425464,10,0.40585064077773303,0.013126874299659034,10,0.02252771340025735,0.006140558475986207,10,0.5810134387634871,0.10335286446253689,10,0.2948610563060712,0.13580660864734792,10,0.9714501748060528,0.00013305673104549012,10,0.37169328371464283,0.008844056505893887,10
traditional,0.5,0.5,liquidity,position_limit,0.9700806456220121,0.00012921156203200701,10,0.3136836871565112,0.0029333834178287494,10,0.024731513034649377,0.005750236619924834,10,0.5482688952612056,0.11750446142316798,10,0.20870230551538899,0.14026446414811009,10,0.9700640516837936,0.0001364063868743742,10,0.3691994801453797,0.006362913647731733,10
traditional,0.5,0.5,volatility,all,0.0135773832963622,0.005000168503567677,10,0.014273440036255492,0.002578761449526595,10,0.00306279570358703,0.00303949861190835,10,0.0012360859239114812,0.08230048831939994,10,-0.03418276301009544,0.12493925044894656,10,0.01278078477563207,0.005250915251151332,10,0.015030259925299706,0.006636374273391919,10
traditional,0.5,0.5,volatility,circuit_breaker,0.01544373749583785,0.005921058784078624,10,0.01336605445474016,0.003308525146076608,10,0.0007124433331415099,0.0030321801440512585,10,-0.055067420386043384,0.1202262259813139,10,-0.01483966789475794,0.08012265807318178,10,0.014897745542816898,0.006418147566174236,10,0.01462718324796034,0.006828621034864803,10
traditional,0.5,0.5,volatility,execution_delay,0.01357593016397882,0.00499664513467562,10,0.01427241361884921,0.002577595649983103,10,0.0030610445528754795,0.0030391337974728042,10,0.001216959324779171,0.0823035223338024,10,-0.03419445799262582,0.1249480454746706,10,0.012781040547225564,0.005247784577817531,10,0.015031892201867935,0.0066384570459009345,10
traditional,0.5,0.5,volatility,liquidity_buffer,0.01544373749583785,0.005921058784078624,10,0.01336605445474016,0.003308525146076608,10,0.0007124433331415099,0.0030321801440512585,10,-0.055067420386043384,0.1202262259813139,10,-0.01483966789475794,0.08012265807318178,10,0.014897745542816898,0.006418147566174236,10,0.01462718324796034,0.006828621034864803,10
traditional,0.5,0.5,volatility,none,0.01544373749583785,0.005921058784078624,10,0.01336605445474016,0.003308525146076608,10,0.0007124433331415099,0.0030321801440512585,10,-0.055067420386043384,0.1202262259813139,10,-0.01483966789475794,0.08012265807318178,10,0.014897745542816898,0.006418147566174236,10,0.01462718324796034,0.006828621034864803,10
traditional,0.5,0.5,volatility,position_limit,0.015434539734343281,0.005910566708293008,10,0.013363903556975958,0.003311191929249897,10,0.0007118736677662601,0.0030315894738371057,10,-0.054980324605141614,0.12021578184690135,10,-0.014832765893453004,0.08009440181281449,10,0.014886604929078706,0.006411326644081922,10,0.01460288868421078,0.006827699655972984,10
traditional,0.5,0.9,fundamental,all,0.00320271561978423,0.0033706184124832426,10,0.00770269259863351,0.0025246671158980303,10,0.0025515734961734605,0.0023520517331359105,10,0.03048126014555631,0.12720677615328257,10,-0.03870614427752252,0.13263834986918555,10,0.0024104366870117853,0.0038520030490676424,10,0.0046372744313124105,0.0050185926434280015,10
traditional,0.5,0.9,fundamental,circuit_breaker,0.00269469498252583,0.003954034323560245,10,0.006655067182492961,0.002627894837324619,10,0.0005369324344352193,0.0021344666224801783,10,-0.03135426973148161,0.12101960215196739,10,-0.030377027575553762,0.08830123141620796,10,0.0020225531381204533,0.004718933515960748,10,0.0005528852412162944,0.00595736317489646,10
traditional,0.5,0.9,fundamental,execution_delay,0.0032022521798576896,0.003376424945020784,10,0.00770035315248818,0.0025236348965156806,10,0.0025494780959037606,0.002354378318664866,10,0.030460004700361764,0.12708374952190785,10,-0.038622810783950245,0.13265512117826816,10,0.0024126558807383235,0.0038577836566472466,10,0.0046446058219540955,0.005009603186084253,10
traditional,0.5,0.9,fundamental,liquidity_buffer,0.00269469498252583,0.003954034323560245,10,0.006655067182492961,0.002627894837324619,10,0.0005369324344352193,0.0021344666224801783,10,-0.03135426973148161,0.12101960215196739,10,-0.030377027575553762,0.08830123141620796,10,0.0020225531381204533,0.004718933515960748,10,0.0005528852412162944,0.00595736317489646,10
traditional,0.5,0.9,fundamental,none,0.00269469498252583,0.003954034323560245,10,0.006655067182492961,0.002627894837324619,10,0.0005369324344352193,0.0021344666224801783,10,-0.03135426973148161,0.12101960215196739,10,-0.030377027575553762,0.08830123141620796,10,0.0020225531381204533,0.004718933515960748,10,0.0005528852412162944,0.00595736317489646,10
traditional,0.5,0.9,fundamental,position_limit,0.0026807317953043896,0.003943937797045967,10,0.00666103327573106,0.0026256790575596833,10,0.0005395612711520991,0.002134770271014588,10,-0.031339381948881265,0.12090612472071319,10,-0.03037656068261166,0.08815827002363778,10,0.00200722690237789,0.004709159937917202,10,0.0005261579373140202,0.0059555235417348504,10
traditional,0.5,0.9,liquidity,all,0.41574415830275513,0.0023976491706415985,10,0.00304383169285281,0.0029258179798917266,10,0.0026851941267876196,0.002342109673776997,10,0.0002543529308096759,0.1277026597127132,10,-0.042797889985231416,0.13112337405106464,10,0.4152804304902863,0.0024693126935176313,10,0.11741069970248555,0.0037738138396281144,10
traditional,0.5,0.9,liquidity,circuit_breaker,0.967730623332028,0.00023294212075063655,10,0.1406068554274334,0.003269230715406792,10,0.0506891750454209,0.005897017437851099,10,0.6562191176699208,0.09910920142909677,10,0.8337223277806837,0.0950666376548959,10,0.9677090079609743,0.00022754328001931397,10,0.38331535640911923,0.005420296307186202,10
traditional,0.5,0.9,liquidity,execution_delay,0.9690418234559163,0.0002983984334035572,10,0.2605193458625589,0.01337085526327781,10,0.01796264556619282,0.0028313112074112965,10,0.29365414483035773,0.10400824458513322,10,0.006392806513275247,0.1512045952877619,10,0.9690173038306019,0.00030376732212309673,10,0.35683881405977724,0.00739799324351312,10
traditional,0.5,0.9,liquidity,liquidity_buffer,0.3974309959402179,0.0032006882334112887,10,0.0042684828714181595,0.002485187101935415,10,0.0012837732024842895,0.0020892926686215045,10,-0.09599041333945295,0.10899113653292047,10,-0.051234473555194074,0.08326238574659685,10,0.39702549956119915,0.0034398999850686848,10,0.11218446317011913,0.005057329614142675,10
traditional,0.5,0.9,liquidity,none,0.9710145046863612,0.00015748991903424012,10,0.3998471841039676,0.017093798865543033,10,0.02198019992644764,0.005173437854259024,10,0.6406410875495472,0.09192049524819229,10,0.2473840109627951,0.11354800568559613,10,0.9709950547065522,0.00015789490777888093,10,0.36055119980278094,0.010174890501891767,10
traditional,0.5,0.9,liquidity,position_limit,0.969634957176206,0.00015319331071754662,10,0.3115436425719048,0.003148102887863901,10,0.02272527975078717,0.005739529216489934,10,0.619484340634179,0.1065200410427601,10,0.22480013366914037,0.129259967363493,10,0.9696144906176857,0.000164060472131452,10,0.35381493575887835,0.0070461632471739526,10
traditional,0.5,0.9,volatility,all,0.01198069859204943,0.004142241395146034,10,0.014084595241230801,0.0025390002381055774,10,0.00298453032168707,0.0030120107339211633,10,0.01294270939380843,0.07877398822913996,10,-0.026969499745601654,0.1193605055776128,10,0.011196110707590945,0.004359355837486981,10,0.013405852860079837,0.005981269064462576,10
traditional,0.5,0.9,volatility,circuit_breaker,0.011916421215419911,0.00578537226999026,10,0.012917618541335479,0.0032643152418347695,10,0.0006613736430679401,0.0028179516881200253,10,-0.025771541138944355,0.1145311466122747,10,-0.014781763674260612,0.06853846027627877,10,0.01124933416294951,0.006520572266884646,10,0.011954182627023613,0.007695950727626809,10
traditional,0.5,0.9,volatility,execution_delay,0.01198978737473182,0.004124791127628964,10,0.014084725871083411,0.0025351743940413576,10,0.0029816251449278604,0.0030100428959638132,10,0.012942607255275351,0.07882735436135224,10,-0.026896337055925774,0.11942155919580126,10,0.011207847571740214,0.004348027322782081,10,0.013415755892710624,0.005975872301507147,10
traditional,0.5,0.9,volatility,liquidity_buffer,0.011916421215419911,0.00578537226999026,10,0.012917618541335479,0.0032643152418347695,10,0.0006613736430679401,0.0028179516881200253,10,-0.025771541138944355,0.1145311466122747,10,-0.014781763674260612,0.06853846027627877,10,0.01124933416294951,0.006520572266884646,10,0.011954182627023613,0.007695950727626809,10
traditional,0.5,0.9,volatility,none,0.011916421215419911,0.00578537226999026,10,0.012917618541335479,0.0032643152418347695,10,0.0006613736430679401,0.0028179516881200253,10,-0.025771541138944355,0.1145311466122747,10,-0.014781763674260612,0.06853846027627877,10,0.01124933416294951,0.006520572266884646,10,0.011954182627023613,0.007695950727626809,10
traditional,0.5,0.9,volatility,position_limit,0.01188121901899035,0.005764007105060992,10,0.01291139091034658,0.0032634955231675344,10,0.0006637322240902799,0.0028166553207039906,10,-0.02566080997415216,0.11442071181518074,10,-0.014806867437924923,0.06839565620382632,10,0.011212777899915705,0.006498907399140906,10,0.01192371113501467,0.007701641503225463,10
traditional,0.75,0.0,fundamental,all,0.0041584702343119995,0.005022642259818036,10,0.00540942451909232,0.0034138462694036083,10,0.0008909798286160002,0.003974932183945041,10,0.010505324104432119,0.102477803968728,10,0.03310249784987844,0.11054533059983515,10,0.004077664242837564,0.005119111306372219,10,0.004777224362681065,0.006051531822125736,10
traditional,0.75,0.0,fundamental,circuit_breaker,0.0059072692418058,0.0045032245882655995,10,0.00562754641397497,0.0034960340951068363,10,-0.00026708999183592055,0.003014510137851519,10,-0.03679665798098504,0.0885109160950701,10,-0.054345058905542365,0.07746110646277955,10,0.0053779943997937394,0.005042015898300296,10,0.004440283835344383,0.00714787025261442,10
traditional,0.75,0.0,fundamental,execution_delay,0.0041598641068235,0.005023980847631769,10,0.0054077869041142,0.0034157554476903673,10,0.0008914519994791898,0.003974269414463524,10,0.010532244347240219,0.10251924016900793,10,0.033100044835948174,0.11052883390140672,10,0.004077911171477444,0.0051218865727519864,10,0.004770540137413293,0.006039143627213766,10
traditional,0.75,0.0,fundamental,liquidity_buffer,0.0059072692418058,0.0045032245882655995,10,0.00562754641397497,0.0034960340951068363,10,-0.00026708999183592055,0.003014510137851519,10,-0.03679665798098504,0.0885109160950701,10,-0.054345058905542365,0.07746110646277955,10,0.0053779943997937394,0.005042015898300296,10,0.004440283835344383,0.00714787025261442,10
traditional,0.75,0.0,fundamental,none,0.0059072692418058,0.0045032245882655995,10,0.00562754641397497,0.0034960340951068363,10,-0.00026708999183592055,0.003014510137851519,10,-0.03679665798098504,0.0885109160950701,10,-0.054345058905542365,0.07746110646277955,10,0.0053779943997937394,0.005042015898300296,10,0.004440283835344383,0.00714787025261442,10
traditional,0.75,0.0,fundamental,position_limit,0.005893364529368361,0.0045149539274553716,10,0.00563097201756506,0.0034997103943576933,10,-0.00026448453513903004,0.0030177579893472355,10,-0.03678549551255928,0.08850743909979943,10,-0.0543829456603538,0.07750178136320471,10,0.005361536353735164,0.005051586285744752,10,0.004464237431463636,0.00715510440718951,10
traditional,0.75,0.0,liquidity,all,0.42494152044901695,0.0030170395884500335,10,0.00018219779160503005,0.003680098630068253,10,0.0009120826017407805,0.0039062950731136,10,0.003694062998064007,0.1032734199816984,10,0.03196073781230803,0.10818988628373903,10,0.424895220402572,0.0029943780134802306,10,0.11774170647289535,0.005194456859579448,10
traditional,0.75,0.0,liquidity,circuit_breaker,0.9692159085430607,0.00024903580076708544,10,0.14156267578627474,0.00372403272237449,10,0.0786076086658822,0.0050249728159415625,10,0.6032372423419945,0.06005186237660673,10,0.7951663751804472,0.05151983215985041,10,0.9691997016473117,0.00023357176545526419,10,0.44844188725616496,0.007385669841386536,10
traditional,0.75,0.0,liquidity,execution_delay,0.9706138823737802,0.0003034288691122102,10,0.3549548108124207,0.018705466144935855,10,0.014995244633498401,0.0027188617568924835,10,0.5575455586372584,0.07513473551540627,10,0.38217276070794665,0.1487565081905207,10,0.9706113251924622,0.000319428468810229,10,0.36397725240704804,0.005595445151219949,10
traditional,0.75,0.0,liquidity,liquidity_buffer,0.41679937365257,0.004010926576477142,10,0.0010806233328617997,0.003386111875282191,10,7.63228939261498e-05,0.0030638808016875923,10,-0.056503109903749495,0.08418442525248229,10,-0.06132742569114238,0.08280802132980845,10,0.4164918982175706,0.0037345741033949047,10,0.11913813340551656,0.007527289393338406,10
traditional,0.75,0.0,liquidity,none,0.9731735502705611,0.00027629139930887727,10,0.5554111873873644,0.030346447953042675,10,0.021398181592334788,0.00235588930891299,10,0.6401112389530563,0.09014315524970073,10,0.2912452099284124,0.10049387356428649,10,0.973159175904153,0.00029262242435850415,10,0.3804117496589616,0.0045928198428180815,10
traditional,0.75,0.0,liquidity,position_limit,0.9720676131149446,0.00012201484094508694,10,0.44819276850158535,0.007748123779996686,10,0.021661370815975182,0.0020622800216354106,10,0.6607808737023076,0.08213482829028139,10,0.39890085692635446,0.10263559150712741,10,0.9720527076801728,0.00012891670162262263,10,0.3840618640118159,0.004953026351874267,10
traditional,0.75,0.0,volatility,all,0.01580417549307369,0.006613339545905857,10,0.013025076499522592,0.0036166712912651623,10,0.00214125184335897,0.004254177573900233,10,0.026411466151204117,0.13188145917477923,10,0.00834290744942386,0.08526122858635957,10,0.015724554224582844,0.006644374201309848,10,0.017962371014439593,0.010262457306186813,10
traditional,0.75,0.0,volatility,circuit_breaker,0.01937829174320908,0.003359412277216785,10,0.012154354656176179,0.0020045424427797263,10,0.0006790758033704599,0.004844215512074842,10,-0.023844110612866315,0.10935774598253126,10,-0.054514902245453134,0.09465827063933044,10,0.01885933618944078,0.003075437706452989,10,0.016698176337749737,0.009742074814762644,10
traditional,0.75,0.0,volatility,execution_delay,0.01580690720523572,0.00661264071381726,10,0.01302732461912115,0.003617792729309757,10,0.00214101811670209,0.004254066554019152,10,0.02641896842478799,0.1318801927537032,10,0.008341249546420616,0.08527153066528383,10,0.015726149567164692,0.0066452619134298166,10,0.01795483544332388,0.010261781591260156,10
traditional,0.75,0.0,volatility,liquidity_buffer,0.01937829174320908,0.003359412277216785,10,0.012154354656176179,0.0020045424427797263,10,0.0006790758033704599,0.004844215512074842,10,-0.023844110612866315,0.10935774598253126,10,-0.054514902245453134,0.09465827063933044,10,0.01885933618944078,0.003075437706452989,10,0.016698176337749737,0.009742074814762644,10
traditional,0.75,0.0,volatility,none,0.01937829174320908,0.003359412277216785,10,0.012154354656176179,0.0020045424427797263,10,0.0006790758033704599,0.004844215512074842,10,-0.023844110612866315,0.10935774598253126,10,-0.054514902245453134,0.09465827063933044,10,0.01885933618944078,0.003075437706452989,10,0.016698176337749737,0.009742074814762644,10
traditional,0.75,0.0,volatility,position_limit,0.01940828671807735,0.003360147242777623,10,0.01215642248196654,0.002002200450820307,10,0.0006804992912633403,0.004846606763073899,10,-0.023829455279587998,0.1094262527253929,10,-0.05456849530290168,0.09466579817470525,10,0.01888681016793862,0.003083768472126237,10,0.016694571686254933,0.009728676880576596,10
traditional,0.75,0.5,fundamental,all,0.00314064724844,0.0038864269102250187,10,0.00539706267639578,0.0034175834888974985,10,0.0009319273903576009,0.004002386907254562,10,0.006061895575245034,0.08679260959883274,10,0.0320118053400955,0.1086650288050387,10,0.0029884325022678016,0.003971855297333105,10,0.002793110891955208,0.004878946707779405,10
traditional,0.75,0.5,fundamental,circuit_breaker,0.005773492061792169,0.005696895240979845,10,0.005492367886305799,0.0035369601159714204,10,-0.0005751293766328396,0.0032085451194194285,10,-0.01882798893029946,0.08729673207655762,10,-0.03143370618138549,0.07871500323246157,10,0.005812868504193968,0.005351232823496605,10,0.0012507800070016728,0.008072835349895557,10
traditional,0.75,0.5,fundamental,execution_delay,0.00313825798904947,0.0038808344732657253,10,0.005395813992882791,0.0034198430804861894,10,0.0009328640214078997,0.0040025687831232145,10,0.006081115705529517,0.08687804142879532,10,0.03199209456978962,0.108688397570415,10,0.0029873933424301668,0.00396831401648066,10,0.0028067577037174775,0.004882329082244064,10
traditional,0.75,0.5,fundamental,liquidity_buffer,0.005773492061792169,0.005696895240979845,10,0.005492367886305799,0.0035369601159714204,10,-0.0005751293766328396,0.0032085451194194285,10,-0.01882798893029946,0.08729673207655762,10,-0.03143370618138549,0.07871500323246157,10,0.005812868504193968,0.005351232823496605,10,0.0012507800070016728,0.008072835349895557,10
traditional,0.75,0.5,fundamental,none,0.005773492061792169,0.005696895240979845,10,0.005492367886305799,0.0035369601159714204,10,-0.0005751293766328396,0.0032085451194194285,10,-0.01882798893029946,0.08729673207655762,10,-0.03143370618138549,0.07871500323246157,10,0.005812868504193968,0.005351232823496605,10,0.0012507800070016728,0.008072835349895557,10
traditional,0.75,0.5,fundamental,position_limit,0.00577415357508661,0.0057020334599629,10,0.00549625942546577,0.0035379149776517895,10,-0.0005761078092956694,0.003212097102361742,10,-0.01877284358983054,0.08728973018500631,10,-0.03130338406321041,0.07871998076028093,10,0.00581024976296739,0.0053596451284826565,10,0.0012154613731261254,0.008107145087487314,10
traditional,0.75,0.5,liquidity,all,0.41676061144564736,0.0023547956574673343,10,0.0007713981084601304,0.003612390794328954,10,0.0011192660726661108,0.003948571364576494,10,-0.0203307740411005,0.07870027903500222,10,0.02603851456676738,0.10723828297553051,10,0.41667140719365536,0.002441713733558586,10,0.11604631159564696,0.004369427846235755,10
traditional,0.75,0.5,liquidity,circuit_breaker,0.9688122392561759,0.0002630773723322034,10,0.14136787481464658,0.002884122847067255,10,0.07840428034691521,0.005826276427976834,10,0.631122957803991,0.07014402082015218,10,0.848486619455495,0.06547925649078576,10,0.9688134672176988,0.00025669674779656035,10,0.4343122200441523,0.008753212672065342,10
traditional,0.75,0.5,liquidity,execution_delay,0.970467064503419,0.0002961091873947765,10,0.35288541271780194,0.020077735294630947,10,0.01504762470548641,0.00276931447160008,10,0.573529125892368,0.08121565587304384,10,0.40255138640547117,0.13769032296838765,10,0.9704625399645519,0.0003031666999873318,10,0.3540341049867931,0.0035629178400082575,10
traditional,0.75,0.5,liquidity,liquidity_buffer,0.3995431606201148,0.004460351901059079,10,0.0031004015175921606,0.003626670800982404,10,0.0003768771694093806,0.0032129139756922544,10,-0.0762777193511124,0.07373608683627952,10,-0.052226616285436234,0.0790653995597954,10,0.3995661835291372,0.004418999613694244,10,0.11432509244744357,0.008534216239005193,10
traditional,0.75,0.5,liquidity,none,0.9727334258097958,0.0002367882472783486,10,0.5511138390786934,0.026134515199088184,10,0.020409111979553883,0.0036146162416457505,10,0.6854321907355866,0.06756814734262905,10,0.2713467132529915,0.19545749413342337,10,0.9727344815268708,0.00023383294447480748,10,0.3610494423365089,0.0029252883245055165,10
traditional,0.75,0.5,liquidity,position_limit,0.9716027650292111,0.00013411208693889898,10,0.44505460632562566,0.007100860319684691,10,0.01924570844246899,0.003341423081640176,10,0.7136151066846921,0.0645296244860814,10,0.38209750264149384,0.18068661811166895,10,0.9716037479084362,0.0001339901569578764,10,0.3644961778367276,0.00404536299986443,10
traditional,0.75,0.5,volatility,all,0.01336298629634087,0.005615624237041699,10,0.012849196770757682,0.003372108383791878,10,0.00198088174854065,0.0041688049016576955,10,0.03397854067319435,0.1260363119555109,10,0.011814540785509062,0.08246139423562894,10,0.013212565539210708,0.005626956290341139,10,0.014831407128476703,0.007270742831899211,10
traditional,0.75,0.5,volatility,circuit_breaker,0.01443094484341186,0.005518915346520614,10,0.011597669849909911,0.0020505421221175785,10,0.0003151767020870406,0.004726799938011604,10,0.017755036595976232,0.11970606994472797,10,-0.03959798392152797,0.08468677092331496,10,0.014468730309768618,0.005429479080990641,10,0.012249263160341872,0.009257178652919277,10
traditional,0.75,0.5,volatility,execution_delay,0.013360265162948328,0.005608346945328722,10,0.01285203633973706,0.0033732902414280994,10,0.0019818090469341195,0.004169629027181373,10,0.03392375296643615,0.12607587410586701,10,0.011800068744159266,0.08248056722465516,10,0.013211183974261886,0.0056203611600784435,10,0.014829397938631106,0.007257490058944032,10
traditional,0.75,0.5,volatility,liquidity_buffer,0.01443094484341186,0.005518915346520614,10,0.011597669849909911,0.0020505421221175785,10,0.0003151767020870406,0.004726799938011604,10,0.017755036595976232,0.11970606994472797,10,-0.03959798392152797,0.08468677092331496,10,0.014468730309768618,0.005429479080990641,10,0.012249263160341872,0.009257178652919277,10
traditional,0.75,0.5,volatility,none,0.01443094484341186,0.005518915346520614,10,0.011597669849909911,0.0020505421221175785,10,0.0003151767020870406,0.004726799938011604,10,0.017755036595976232,0.11970606994472797,10,-0.03959798392152797,0.08468677092331496,10,0.014468730309768618,0.005429479080990641,10,0.012249263160341872,0.009257178652919277,10
traditional,0.75,0.5,volatility,position_limit,0.014439314861060901,0.005519362051368688,10,0.01159653327920346,0.0020473245059557483,10,0.00031511134598102006,0.004729234298821602,10,0.018032626153416793,0.11976352251773817,10,-0.039545612955621826,0.08465311696424367,10,0.014473852629972727,0.005431946566137332,10,0.012229998939911713,0.009291304354452884,10
traditional,0.75,0.9,fundamental,all,0.00225420240903673,0.0029733450097512537,10,0.005355884626793971,0.003409587303640512,10,0.0009159788214151702,0.0040017867271990686,10,0.0029873707002228108,0.07238658061673083,10,0.03303307834060913,0.10569247828005911,10,0.002059634439429281,0.0029464436889259696,10,0.0010998325183359525,0.005023398648399025,10
traditional,0.75,0.9,fundamental,circuit_breaker,0.00419026904501996,0.007465809901560976,10,0.0052636130224769494,0.003442603809661914,10,-0.0009162970247228501,0.0034455803477955803,10,-0.0023243949548360093,0.08041770043764936,10,-0.013091526453423059,0.07821801124254148,10,0.0042154941304851975,0.007297222758188155,10,-0.002175329877214194,0.01156443251870352,10
traditional,0.75,0.9,fundamental,execution_delay,0.0022581283377118002,0.0029609726443024565,10,0.005346688474138229,0.003422557501456931,10,0.0009111551362022601,0.004018855719808775,10,0.0030818225866774324,0.07226416448020236,10,0.03316953355938957,0.10588335322805435,10,0.0020684145358323856,0.002948680309176824,10,0.0011043940781645168,0.005026720467731953,10
traditional,0.75,0.9,fundamental,liquidity_buffer,0.00419026904501996,0.007465809901560976,10,0.0052636130224769494,0.003442603809661914,10,-0.0009162970247228501,0.0034455803477955803,10,-0.0023243949548360093,0.08041770043764936,10,-0.013091526453423059,0.07821801124254148,10,0.0042154941304851975,0.007297222758188155,10,-0.002175329877214194,0.01156443251870352,10
traditional,0.75,0.9,fundamental,none,0.00419026904501996,0.007465809901560976,10,0.0052636130224769494,0.003442603809661914,10,-0.0009162970247228501,0.0034455803477955803,10,-0.0023243949548360093,0.08041770043764936,10,-0.013091526453423059,0.07821801124254148,10,0.0042154941304851975,0.007297222758188155,10,-0.002175329877214194,0.01156443251870352,10
traditional,0.75,0.9,fundamental,position_limit,0.0041685368477689,0.0074647847651942946,10,0.0052617049743576404,0.0034224152321984933,10,-0.00091959920116143,0.0034331773006903567,10,-0.001937059662764072,0.08031013577878228,10,-0.012825849244809739,0.07817282731259059,10,0.004178010932707521,0.007280829558392749,10,-0.002232712826240946,0.011597290154151224,10
traditional,0.75,0.9,liquidity,all,0.40599061910285317,0.0020795406427975937,10,0.0018275938584806201,0.0035408937177583335,10,0.0013936494447002704,0.003976625681769901,10,-0.04687323953726836,0.06061947418448489,10,0.01979052023446312,0.1049897307558151,10,0.40587425878622874,0.002226159505385042,10,0.11381965769358626,0.0044024925501954795,10
traditional,0.75,0.9,liquidity,circuit_breaker,0.9681238471442377,0.0002726263498820991,10,0.13867025873160838,0.003907153495670033,10,0.07503181543941886,0.005658336459633654,10,0.7237121279480382,0.0690301662190788,10,0.9217801915749451,0.06384986252225949,10,0.9681247012466547,0.00026147009908566125,10,0.4106530422273387,0.009343432837052027,10
traditional,0.75,0.9,liquidity,execution_delay,0.97021307658402,0.00026806994956791037,10,0.35251689288930793,0.017780000603954432,10,0.013974080693662618,0.0033893559303404116,10,0.5877522862020157,0.10250310362576368,10,0.37633776543845615,0.13951454878019282,10,0.9702073319071486,0.00027782736022770695,10,0.3415351513355197,0.003466098138276591,10
traditional,0.75,0.9,liquidity,liquidity_buffer,0.37695604165559216,0.00550507199180632,10,0.00596856341803152,0.0036042627320065058,10,0.00115441490722746,0.0035455647931978977,10,-0.07801166125308012,0.07111737427811848,10,-0.04164082082494025,0.07400234785633085,10,0.37697186844911645,0.005411759558879094,10,0.10919056762497496,0.011748531666671058,10
traditional,0.75,0.9,liquidity,none,0.9721042393869178,0.00027545309016058814,10,0.5441928811391933,0.022123030871261783,10,0.01689523482182132,0.004337660277527902,10,0.7774510479573887,0.06895150439714036,10,0.2686606652920266,0.20816073030115562,10,0.9721048601422627,0.0002814323395845883,10,0.3349444032120264,0.0032066259357503967,10
traditional,0.75,0.9,liquidity,position_limit,0.9710007555781426,0.00022434896813174993,10,0.44314850828665187,0.006126667466184417,10,0.01561180325858684,0.004204858026146822,10,0.7960750040160608,0.0624009682976621,10,0.3605773235000592,0.1998404215990379,10,0.9710010030260114,0.00022339003515597824,10,0.33782131542208116,0.00410774948329479,10
traditional,0.75,0.9,volatility,all,0.01168847040874764,0.005165395552971262,10,0.01252902082327669,0.0031789229897091946,10,0.0018349936122243904,0.004060089416603777,10,0.04838268021743849,0.11916322870410027,10,0.015769282185126163,0.07729653086504364,10,0.011495470647772132,0.005207385793184948,10,0.012898850129727468,0.006155652320881399,10
traditional,0.75,0.9,volatility,circuit_breaker,0.01006824751837468,0.006771715675236666,10,0.010528350649958329,0.0020996140743570176,10,4.134589209491974e-05,0.004615971090753673,10,0.06616803657921425,0.11597805504255485,10,-0.02331756935835276,0.07022679214544149,10,0.010091384168851825,0.0069040586412643205,10,0.008773632640350647,0.010769764413344648,10
traditional,0.75,0.9,volatility,execution_delay,0.011704235960257539,0.005192177180481045,10,0.012525833273605961,0.003182399712200989,10,0.0018299072803994302,0.00407020071734808,10,0.04841056034579892,0.11938791170198546,10,0.015816498581971112,0.07730509708979033,10,0.01151601463973878,0.005248738474013876,10,0.012895526443678107,0.006154015974007973,10
traditional,0.75,0.9,volatility,liquidity_buffer,0.01006824751837468,0.006771715675236666,10,0.010528350649958329,0.0020996140743570176,10,4.134589209491974e-05,0.004615971090753673,10,0.06616803657921425,0.11597805504255485,10,-0.02331756935835276,0.07022679214544149,10,0.010091384168851825,0.0069040586412643205,10,0.008773632640350647,0.010769764413344648,10
traditional,0.75,0.9,volatility,none,0.01006824751837468,0.006771715675236666,10,0.010528350649958329,0.0020996140743570176,10,4.134589209491974e-05,0.004615971090753673,10,0.06616803657921425,0.11597805504255485,10,-0.02331756935835276,0.07022679214544149,10,0.010091384168851825,0.0069040586412643205,10,0.008773632640350647,0.010769764413344648,10
traditional,0.75,0.9,volatility,position_limit,0.010071831943742721,0.006787971958963895,10,0.01053310636662024,0.0020898070477149556,10,4.7328321778300136e-05,0.004589779998832487,10,0.06652692171343293,0.11581325554976919,10,-0.02324685555069115,0.06994888849269175,10,0.010079244543887778,0.006914323580011322,10,0.008748521858677638,0.010767655200409744,10
