Date,Adj Close,Close,High,Low,Open,Volume
2010-01-04,40.246551513671875,46.41999816894531,46.4900016784668,46.27000045776367,46.33000183105469,62822800
2010-01-05,40.246551513671875,46.41999816894531,46.5,46.15999984741211,46.38999938964844,62935600
2010-01-06,40.00379180908203,46.13999938964844,46.54999923706055,46.06999969482422,46.400001525878906,96033000
2010-01-07,40.02981185913086,46.16999816894531,46.27000045776367,45.91999816894531,46.209999084472656,77094100
2010-01-08,40.35926818847656,46.54999923706055,46.54999923706055,45.93000030517578,46.06999969482422,88886600
2010-01-11,40.194541931152344,46.36000061035156,46.63999938964844,46.119998931884766,46.61000061035156,104673400
2010-01-12,39.69167709350586,45.779998779296875,46.13999938964844,45.529998779296875,46.08000183105469,90673900
2010-01-13,40.18587875366211,46.349998474121094,46.4900016784668,45.61000061035156,45.91999816894531,100661000
2010-01-14,40.220542907714844,46.38999938964844,46.52000045776367,46.220001220703125,46.2599983215332,75209000
2010-01-15,39.752349853515625,45.849998474121094,46.54999923706055,45.650001525878906,46.470001220703125,126849300
2010-01-19,40.39393997192383,46.59000015258789,46.63999938964844,45.95000076293945,45.959999084472656,84388200
2010-01-20,39.81306457519531,45.91999816894531,46.599998474121094,45.43000030517578,46.2599983215332,145680000
2010-01-21,39.440250396728516,45.4900016784668,46.349998474121094,45.29999923706055,46.04999923706055,204939600
2010-01-22,38.2871208190918,44.15999984741211,45.47999954223633,44.040000915527344,45.34000015258789,171098700
2010-01-25,38.417144775390625,44.310001373291016,44.599998474121094,44.119998931884766,44.43000030517578,154218700
2010-01-26,38.45184326171875,44.349998474121094,44.88999938964844,44.04999923706055,44.2599983215332,140816500
2010-01-27,38.755313873291016,44.70000076293945,44.849998474121094,44.0099983215332,44.27000045776367,161632700
2010-01-28,37.75823974609375,43.54999923706055,44.43000030517578,43.31999969482422,44.400001525878906,221439800
2010-01-29,37.09931564331055,42.790000915527344,44.02000045776367,42.630001068115234,43.90999984741211,212099600
2010-02-01,37.506813049316406,43.2599983215332,43.279998779296875,42.880001068115234,42.900001525878906,136827100
2010-02-02,37.84494400024414,43.650001525878906,43.779998779296875,43.029998779296875,43.33000183105469,110727700
2010-02-03,38.053009033203125,43.88999938964844,43.970001220703125,43.41999816894531,43.439998626708984,93581600
2010-02-04,36.951934814453125,42.619998931884766,43.65999984741211,42.619998931884766,43.56999969482422,151652500
2010-02-05,37.2640495300293,42.97999954223633,43.02000045776367,42.119998931884766,42.72999954223633,213618600
2010-02-08,36.99528121948242,42.66999816894531,43.18000030517578,42.63999938964844,42.90999984741211,94354400
2010-02-09,37.376766204833984,43.11000061035156,43.5099983215332,42.7599983215332,43.18000030517578,118956000
2010-02-10,37.298736572265625,43.02000045776367,43.310001373291016,42.75,43.11000061035156,94102900
2010-02-11,37.86227798461914,43.66999816894531,43.790000915527344,42.7599983215332,43.029998779296875,93050800
2010-02-12,37.94031524658203,43.7599983215332,43.880001068115234,43.15999984741211,43.279998779296875,93938500
2010-02-16,38.42585372924805,44.31999969482422,44.349998474121094,43.849998474121094,44.08000183105469,83861400
2010-02-17,38.64259338378906,44.56999969482422,44.56999969482422,44.2599983215332,44.52000045776367,82691700
2010-02-18,38.885353088378906,44.849998474121094,44.93000030517578,44.45000076293945,44.540000915527344,65752600
2010-02-19,38.86802673339844,44.83000183105469,45.04999923706055,44.619998931884766,44.72999954223633,80416500
2010-02-22,38.78999328613281,44.7400016784668,45.029998779296875,44.560001373291016,45.0099983215332,72055000
2010-02-23,38.2871208190918,44.15999984741211,44.7400016784668,43.95000076293945,44.709999084472656,95814400
2010-02-24,38.67728042602539,44.61000061035156,44.790000915527344,44.31999969482422,44.38999938964844,86591000
2010-02-25,38.668601989746094,44.599998474121094,44.70000076293945,43.83000183105469,44.13999938964844,97961300
2010-02-26,38.80733108520508,44.7599983215332,44.86000061035156,44.400001525878906,44.59000015258789,66222400
2010-03-01,39.370880126953125,45.40999984741211,45.4900016784668,44.95000076293945,44.959999084472656,77290100
2010-03-02,39.49226379394531,45.54999923706055,45.849998474121094,45.45000076293945,45.56999969482422,76368500
2010-03-03,39.535621643066406,45.599998474121094,45.81999969482422,45.43000030517578,45.65999984741211,65735500
2010-03-04,39.665672302246094,45.75,45.810001373291016,45.400001525878906,45.630001068115234,54470900
2010-03-05,40.26390075683594,46.439998626708984,46.540000915527344,45.9900016784668,46.09000015258789,68136300
2010-03-08,40.34191131591797,46.529998779296875,46.63999938964844,46.439998626708984,46.459999084472656,58712400
2010-03-09,40.56736373901367,46.790000915527344,47.04999923706055,46.400001525878906,46.43000030517578,98002800
2010-03-10,40.896827697753906,47.16999816894531,47.279998779296875,46.79999923706055,46.81999969482422,102578900
2010-03-11,41.052886962890625,47.349998474121094,47.349998474121094,46.97999954223633,47.060001373291016,67510300
2010-03-12,41.06155014038086,47.36000061035156,47.529998779296875,47.099998474121094,47.5,64068300
2010-03-15,40.957515716552734,47.2400016784668,47.380001068115234,46.90999984741211,47.2599983215332,60150500
2010-03-16,41.21760559082031,47.540000915527344,47.61000061035156,47.22999954223633,47.38999938964844,74950600
2010-03-17,41.330318450927734,47.66999816894531,47.900001525878906,47.529998779296875,47.61000061035156,75643500
2010-03-18,41.46904373168945,47.83000183105469,47.880001068115234,47.599998474121094,47.709999084472656,77829400
2010-03-19,41.218204498291016,47.4900016784668,47.95000076293945,47.31999969482422,47.91999816894531,86337100
2010-03-22,41.5914192199707,47.91999816894531,48.11000061035156,47.25,47.29999923706055,71902800
2010-03-23,41.877838134765625,48.25,48.29999923706055,47.77000045776367,47.9900016784668,59182600
2010-03-24,41.67821502685547,48.02000045776367,48.16999816894531,47.90999984741211,48.16999816894531,62995700
2010-03-25,41.617469787597656,47.95000076293945,48.599998474121094,47.900001525878906,48.41999816894531,76294800
2010-03-26,41.660850524902344,48.0,48.33000183105469,47.7400016784668,48.150001525878906,78067900
2010-03-29,41.860469818115234,48.22999954223633,48.400001525878906,48.099998474121094,48.2400016784668,57993300
2010-03-30,41.999332427978516,48.38999938964844,48.54999923706055,48.060001373291016,48.380001068115234,49437300
2010-03-31,41.79972839355469,48.15999984741211,48.45000076293945,48.06999969482422,48.2400016784668,59947400
2010-04-01,41.79972839355469,48.15999984741211,48.70000076293945,47.790000915527344,48.36000061035156,83728600
2010-04-05,42.190303802490234,48.61000061035156,48.720001220703125,48.13999938964844,48.27000045776367,56220300
2010-04-06,42.31180191040039,48.75,48.900001525878906,48.38999938964844,48.5,54097100
2010-04-07,42.20765686035156,48.630001068115234,48.869998931884766,48.369998931884766,48.68000030517578,77211500
2010-04-08,42.30313491821289,48.7400016784668,48.81999969482422,48.2400016784668,48.4900016784668,68314300
2010-04-09,42.55482864379883,49.029998779296875,49.04999923706055,48.630001068115234,48.75,54227300
2010-04-12,42.589534759521484,49.06999969482422,49.20000076293945,48.939998626708984,49.04999923706055,44280600
2010-04-13,42.8065299987793,49.31999969482422,49.349998474121094,48.86000061035156,49.02000045776367,59376000
2010-04-14,43.31862258911133,49.90999984741211,49.91999816894531,49.5,49.58000183105469,69004800
2010-04-15,43.50956726074219,50.130001068115234,50.189998626708984,49.869998931884766,49.869998931884766,72254200
2010-04-16,42.98879623413086,49.529998779296875,50.119998931884766,49.20000076293945,49.95000076293945,127388000
2010-04-19,42.962745666503906,49.5,49.65999984741211,48.900001525878906,49.349998474121094,98251700
2010-04-20,43.17974090576172,49.75,49.880001068115234,49.43000030517578,49.77000045776367,69543700
2010-04-21,43.42277526855469,50.029998779296875,50.189998626708984,49.720001220703125,50.09000015258789,74748700
2010-04-22,43.665794372558594,50.310001373291016,50.36000061035156,49.2599983215332,49.54999923706055,110477200
2010-04-23,43.84805679321289,50.52000045776367,50.56999969482422,50.09000015258789,50.29999923706055,77205200
2010-04-26,43.7525749206543,50.40999984741211,50.650001525878906,50.29999923706055,50.56999969482422,67361000
2010-04-27,42.82389450073242,49.34000015258789,50.43000030517578,49.209999084472656,50.209999084472656,112608000
2010-04-28,42.84993362426758,49.369998931884766,49.630001068115234,48.97999954223633,49.599998474121094,130082100
2010-04-29,43.596343994140625,50.22999954223633,50.33000183105469,49.61000061035156,49.650001525878906,84180200
2010-04-30,42.737091064453125,49.2400016784668,50.290000915527344,49.20000076293945,50.209999084472656,110897000
2010-05-03,43.33597183227539,49.93000030517578,50.16999816894531,49.43000030517578,49.45000076293945,74169700
2010-05-04,42.03407287597656,48.43000030517578,49.31999969482422,48.08000183105469,49.31999969482422,141136500
2010-05-05,41.81709289550781,48.18000030517578,48.5,47.63999938964844,47.91999816894531,128560200
2010-05-06,40.41969299316406,46.56999969482422,48.31999969482422,42.63999938964844,47.849998474121094,274356800
2010-05-07,39.412906646728516,45.40999984741211,46.79999923706055,44.279998779296875,46.220001220703125,288200400
2010-05-10,41.46126174926758,47.77000045776367,47.79999923706055,47.310001373291016,47.43000030517578,136041600
2010-05-11,41.41783142089844,47.720001220703125,48.38999938964844,47.20000076293945,47.290000915527344,113016100
2010-05-12,42.19896697998047,48.619998931884766,48.65999984741211,47.900001525878906,47.97999954223633,85462400
2010-05-13,41.53066635131836,47.849998474121094,48.790000915527344,47.72999954223633,48.40999984741211,102844300
2010-05-14,40.732181549072266,46.93000030517578,47.52000045776367,46.380001068115234,47.4900016784668,147386100
2010-05-17,40.86235046386719,47.08000183105469,47.27000045776367,46.06999969482422,47.02000045776367,120969600
2010-05-18,40.2982063293457,46.43000030517578,47.58000183105469,46.220001220703125,47.47999954223633,153072100
2010-05-19,39.97707748413086,46.060001373291016,46.630001068115234,45.54999923706055,46.2599983215332,159000300
2010-05-20,38.49288558959961,44.349998474121094,45.279998779296875,44.25,45.15999984741211,189289800
2010-05-21,38.91817855834961,44.84000015258789,45.63999938964844,43.4900016784668,43.65999984741211,190631100
2010-05-24,38.761966705322266,44.65999984741211,45.33000183105469,44.63999938964844,44.81999969482422,113038000
2010-05-25,38.79667663574219,44.70000076293945,44.7599983215332,43.22999954223633,43.68000030517578,155643000
2010-05-26,38.362709045410156,44.20000076293945,45.56999969482422,44.119998931884766,45.0099983215332,140203200
2010-05-27,39.81214904785156,45.869998931884766,45.88999938964844,45.09000015258789,45.20000076293945,110671600
2010-05-28,39.57781982421875,45.599998474121094,45.9900016784668,45.20000076293945,45.95000076293945,128535300
2010-06-01,39.213294982910156,45.18000030517578,46.25,45.130001068115234,45.43000030517578,104242700
2010-06-02,40.141990661621094,46.25,46.279998779296875,45.130001068115234,45.439998626708984,97249300
2010-06-03,40.523868560791016,46.689998626708984,46.77000045776367,46.08000183105469,46.380001068115234,98928400
2010-06-04,39.13516616821289,45.09000015258789,46.290000915527344,44.939998626708984,45.70000076293945,112849900
2010-06-07,38.4234504699707,44.27000045776367,45.459999084472656,44.220001220703125,45.31999969482422,88436600
2010-06-08,38.35402297973633,44.189998626708984,44.47999954223633,43.59000015258789,44.349998474121094,133030100
2010-06-09,38.03287124633789,43.81999969482422,44.90999984741211,43.689998626708984,44.5,101949200
2010-06-10,39.11781311035156,45.06999969482422,45.119998931884766,44.2400016784668,44.36000061035156,76892300
2010-06-11,39.49101638793945,45.5,45.540000915527344,44.61000061035156,44.61000061035156,74346800
2010-06-14,39.48234939575195,45.4900016784668,46.2400016784668,45.40999984741211,45.91999816894531,68085000
2010-06-15,40.54120635986328,46.709999084472656,46.77000045776367,45.45000076293945,45.72999954223633,76332600
2010-06-16,40.70610809326172,46.900001525878906,47.13999938964844,46.5,46.58000183105469,78399700
2010-06-17,40.83631134033203,47.04999923706055,47.18000030517578,46.63999938964844,47.15999984741211,77111900
2010-06-18,40.870235443115234,47.0,47.34000015258789,46.86000061035156,47.04999923706055,75921400
2010-06-21,40.522396087646484,46.599998474121094,47.68000030517578,46.33000183105469,47.599998474121094,95488100
2010-06-22,40.2093391418457,46.2400016784668,47.13999938964844,46.150001525878906,46.79999923706055,94493400
2010-06-23,40.04413986206055,46.04999923706055,46.470001220703125,45.689998626708984,46.290000915527344,92397600
2010-06-24,39.43543243408203,45.349998474121094,45.9900016784668,45.20000076293945,45.849998474121094,114145900
2010-06-25,39.44326400756836,45.27000045776367,45.65999984741211,44.95000076293945,45.5099983215332,88740300
2010-06-28,39.303871154785156,45.11000061035156,45.54999923706055,44.810001373291016,45.27000045776367,71350000
2010-06-29,37.787837982177734,43.369998931884766,44.459999084472656,43.06999969482422,44.41999816894531,136384200
2010-06-30,37.2127571105957,42.709999084472656,43.66999816894531,42.63999938964844,43.22999954223633,101313200
2010-07-01,37.10820388793945,42.59000015258789,42.959999084472656,41.77000045776367,42.84000015258789,158695000
2010-07-02,37.003662109375,42.470001220703125,42.81999969482422,42.09000015258789,42.65999984741211,78565300
2010-07-06,37.11692428588867,42.599998474121094,43.369998931884766,42.25,43.099998474121094,88591900
2010-07-07,38.301876068115234,43.959999084472656,44.0099983215332,42.70000076293945,42.7400016784668,72448400
2010-07-08,38.510986328125,44.20000076293945,44.380001068115234,43.68000030517578,44.310001373291016,78264600
2010-07-09,38.87693405151367,44.619998931884766,44.630001068115234,44.08000183105469,44.18000030517578,47851200
2010-07-12,38.99020767211914,44.75,45.029998779296875,44.459999084472656,44.58000183105469,60927500
2010-07-13,39.49555969238281,45.33000183105469,45.5,44.79999923706055,45.13999938964844,93310500
2010-07-14,39.695953369140625,45.560001373291016,45.810001373291016,45.2400016784668,45.41999816894531,87687100
2010-07-15,39.730804443359375,45.599998474121094,45.7400016784668,44.9900016784668,45.470001220703125,95992500
2010-07-16,38.6329460144043,44.34000015258789,45.630001068115234,44.29999923706055,45.439998626708984,98831900
2010-07-19,38.96405029296875,44.720001220703125,44.810001373291016,44.099998474121094,44.470001220703125,81800800
2010-07-20,39.4345588684082,45.2599983215332,45.2599983215332,43.86000061035156,44.0,89061200
2010-07-21,38.89436340332031,44.63999938964844,45.7599983215332,44.560001373291016,45.7400016784668,83577000
2010-07-22,39.87891387939453,45.77000045776367,45.97999954223633,45.2400016784668,45.27000045776367,82890300
2010-07-23,40.131595611572266,46.060001373291016,46.099998474121094,45.380001068115234,45.459999084472656,81056100
2010-07-26,40.46268081665039,46.439998626708984,46.459999084472656,45.90999984741211,46.119998931884766,64850900
2010-07-27,40.445255279541016,46.41999816894531,46.720001220703125,46.209999084472656,46.63999938964844,67655600
2010-07-28,40.12287902832031,46.04999923706055,46.58000183105469,45.880001068115234,46.369998931884766,51988200
2010-07-29,39.82664108276367,45.709999084472656,46.40999984741211,45.25,46.31999969482422,85669500
2010-07-30,39.91376876831055,45.810001373291016,46.09000015258789,45.06999969482422,45.33000183105469,98958100
2010-08-02,40.6630744934082,46.66999816894531,46.790000915527344,46.209999084472656,46.38999938964844,68706800
2010-08-03,40.48879623413086,46.470001220703125,46.70000076293945,46.25,46.63999938964844,60856600
2010-08-04,40.89832305908203,46.939998626708984,46.9900016784668,46.5,46.68000030517578,43820600
2010-08-05,40.80248260498047,46.83000183105469,46.91999816894531,46.52000045776367,46.709999084472656,39150200
2010-08-06,40.74148941040039,46.7599983215332,46.849998474121094,46.04999923706055,46.31999969482422,71339200
2010-08-09,41.02030563354492,47.08000183105469,47.189998626708984,46.790000915527344,47.0,26927600
2010-08-10,40.6630744934082,46.66999816894531,46.95000076293945,46.279998779296875,46.70000076293945,86694500
2010-08-11,39.556541442871094,45.400001525878906,45.91999816894531,45.209999084472656,45.900001525878906,92219700
2010-08-12,39.242889404296875,45.040000915527344,45.2400016784668,44.45000076293945,44.529998779296875,66000200
2010-08-13,38.96405029296875,44.720001220703125,45.060001373291016,44.709999084472656,44.869998931884766,46387300
2010-08-16,39.03377151489258,44.79999923706055,45.11000061035156,44.29999923706055,44.5,55472900
2010-08-17,39.53038787841797,45.369998931884766,45.779998779296875,45.029998779296875,45.119998931884766,56927100
2010-08-18,39.687225341796875,45.54999923706055,45.81999969482422,45.11000061035156,45.279998779296875,61835400
2010-08-19,39.08605194091797,44.86000061035156,45.459999084472656,44.560001373291016,45.279998779296875,82969500
2010-08-20,39.1383171081543,44.91999816894531,45.029998779296875,44.540000915527344,44.790000915527344,65806700
2010-08-23,38.75494384765625,44.47999954223633,45.34000015258789,44.459999084472656,45.20000076293945,69612200
2010-08-24,38.03178787231445,43.650001525878906,44.119998931884766,43.470001220703125,43.970001220703125,79095800
2010-08-25,38.397735595703125,44.06999969482422,44.2599983215332,43.27000045776367,43.34000015258789,87247900
2010-08-26,37.935943603515625,43.540000915527344,44.31999969482422,43.5,44.220001220703125,91199000
2010-08-27,38.397735595703125,44.06999969482422,44.15999984741211,42.970001220703125,43.86000061035156,109568800
2010-08-30,37.99692153930664,43.61000061035156,44.25,43.599998474121094,43.86000061035156,49373200
2010-08-31,37.866241455078125,43.459999084472656,43.849998474121094,43.18000030517578,43.380001068115234,72066900
2010-09-01,38.99890899658203,44.7599983215332,44.90999984741211,44.06999969482422,44.099998474121094,83523100
2010-09-02,39.4345588684082,45.2599983215332,45.279998779296875,44.72999954223633,44.84000015258789,41816800
2010-09-03,40.0880241394043,46.0099983215332,46.02000045776367,45.54999923706055,45.7599983215332,64041100
2010-09-07,39.81793212890625,45.70000076293945,46.029998779296875,45.630001068115234,45.81999969482422,51195200
2010-09-08,40.29715347290039,46.25,46.45000076293945,45.81999969482422,45.83000183105469,66879800
2010-09-09,40.45397186279297,46.43000030517578,46.70000076293945,46.31999969482422,46.65999984741211,61476400
2010-09-10,40.60208511352539,46.599998474121094,46.66999816894531,46.25,46.47999954223633,66995700
2010-09-13,41.16841125488281,47.25,47.369998931884766,46.939998626708984,46.959999084472656,64523400
2010-09-14,41.342689514160156,47.45000076293945,47.70000076293945,47.08000183105469,47.189998626708984,91405800
2010-09-15,41.604061126708984,47.75,47.79999923706055,47.189998626708984,47.33000183105469,67108200
2010-09-16,41.769622802734375,47.939998626708984,47.97999954223633,47.540000915527344,47.65999984741211,66885800
2010-09-17,41.911109924316406,47.9900016784668,48.13999938964844,47.75,48.13999938964844,76372600
2010-09-20,42.644691467285156,48.83000183105469,48.93000030517578,48.11000061035156,48.16999816894531,84475000
2010-09-21,42.635948181152344,48.81999969482422,49.16999816894531,48.61000061035156,48.86000061035156,82272000
2010-09-22,42.52240753173828,48.689998626708984,49.02000045776367,48.41999816894531,48.619998931884766,88315900
2010-09-23,42.50495910644531,48.66999816894531,49.15999984741211,48.31999969482422,48.369998931884766,85040000
2010-09-24,43.36954879760742,49.65999984741211,49.689998626708984,49.150001525878906,49.220001220703125,79495900
2010-09-27,43.13374328613281,49.38999938964844,49.75,49.349998474121094,49.630001068115234,43859800
2010-09-28,43.11629104614258,49.369998931884766,49.540000915527344,48.59000015258789,49.5099983215332,104922900
2010-09-29,43.046424865722656,49.290000915527344,49.529998779296875,49.11000061035156,49.29999923706055,81679200
2010-09-30,42.85429382324219,49.06999969482422,49.84000015258789,48.75,49.540000915527344,122458600
2010-10-01,42.8018798828125,49.0099983215332,49.529998779296875,48.779998779296875,49.47999954223633,77675400
2010-10-04,42.33903121948242,48.47999954223633,49.04999923706055,48.20000076293945,48.869998931884766,71359900
2010-10-05,43.36954879760742,49.65999984741211,49.7599983215332,49.0,49.029998779296875,99301300
2010-10-06,42.99403762817383,49.22999954223633,49.709999084472656,48.90999984741211,49.599998474121094,81831200
2010-10-07,43.15122604370117,49.40999984741211,49.540000915527344,49.0,49.5099983215332,75693300
2010-10-08,43.44813919067383,49.75,49.869998931884766,49.08000183105469,49.43000030517578,83223900
2010-10-11,43.46562194824219,49.77000045776367,50.02000045776367,49.619998931884766,49.779998779296875,46880000
2010-10-12,43.76255416870117,50.11000061035156,50.209999084472656,49.2599983215332,49.689998626708984,88571700
2010-10-13,44.120609283447266,50.52000045776367,50.75,50.279998779296875,50.43000030517578,71122900
2010-10-14,44.03328323364258,50.41999816894531,50.63999938964844,50.16999816894531,50.54999923706055,68464000
2010-10-15,44.96775817871094,51.4900016784668,51.5,50.630001068115234,51.040000915527344,104654000
2010-10-18,44.80180358886719,51.29999923706055,51.720001220703125,51.29999923706055,51.5,72399400
2010-10-19,44.38262939453125,50.81999969482422,51.29999923706055,50.41999816894531,50.81999969482422,105739800
2010-10-20,44.70574188232422,51.189998626708984,51.56999969482422,50.869998931884766,50.959999084472656,80861400
2010-10-21,44.79308319091797,51.290000915527344,51.709999084472656,50.790000915527344,51.5099983215332,85885400
2010-10-22,45.098751068115234,51.63999938964844,51.689998626708984,51.209999084472656,51.29999923706055,47406900
2010-10-25,45.317081451416016,51.88999938964844,52.22999954223633,51.849998474121094,51.849998474121094,51413900
2010-10-26,45.4393424987793,52.029998779296875,52.150001525878906,51.41999816894531,51.630001068115234,60498300
2010-10-27,45.579063415527344,52.189998626708984,52.22999954223633,51.65999984741211,51.7599983215332,57483400
2010-10-28,45.67514419555664,52.29999923706055,52.45000076293945,51.84000015258789,52.40999984741211,61220000
2010-10-29,45.57034683227539,52.18000030517578,52.4900016784668,52.16999816894531,52.29999923706055,46668700
2010-11-01,45.60527801513672,52.220001220703125,52.75,51.97999954223633,52.369998931884766,60555600
2010-11-02,46.094337463378906,52.779998779296875,52.93000030517578,52.58000183105469,52.650001525878906,48137500
2010-11-03,46.30393981933594,53.02000045776367,53.040000915527344,52.36000061035156,52.83000183105469,126225800
2010-11-04,46.87160873413086,53.66999816894531,53.86000061035156,53.5,53.599998474121094,84201000
2010-11-05,46.87160873413086,53.66999816894531,53.810001373291016,53.5099983215332,53.70000076293945,77937100
2010-11-08,46.9327392578125,53.7400016784668,53.83000183105469,53.45000076293945,53.58000183105469,39623500
2010-11-09,46.67948913574219,53.45000076293945,54.040000915527344,53.209999084472656,53.95000076293945,66828700
2010-11-10,46.915279388427734,53.720001220703125,53.77000045776367,53.099998474121094,53.52000045776367,83553700
2010-11-11,46.61833190917969,53.380001068115234,53.47999954223633,52.65999984741211,52.90999984741211,85163600
2010-11-12,45.858551025390625,52.5099983215332,53.369998931884766,52.11000061035156,53.099998474121094,99164300
2010-11-15,45.68388366699219,52.310001373291016,52.880001068115234,52.290000915527344,52.779998779296875,56723400
2010-11-16,44.93281173706055,51.45000076293945,52.25,50.849998474121094,51.939998626708984,101097000
2010-11-17,45.063804626464844,51.599998474121094,51.869998931884766,51.349998474121094,51.47999954223633,77836200
2010-11-18,45.78867721557617,52.43000030517578,52.790000915527344,52.130001068115234,52.15999984741211,71488300
2010-11-19,45.823612213134766,52.470001220703125,52.59000015258789,52.13999938964844,52.36000061035156,54506100
2010-11-22,46.207889556884766,52.90999984741211,52.90999984741211,52.16999816894531,52.2599983215332,69918900
2010-11-23,45.47428894042969,52.06999969482422,52.45000076293945,51.77000045776367,52.369998931884766,76818300
2010-11-24,46.39126968383789,53.119998931884766,53.25,52.560001373291016,52.58000183105469,53444200
2010-11-26,46.08561706542969,52.77000045776367,53.130001068115234,52.66999816894531,52.779998779296875,23640300
2010-11-29,46.05066680908203,52.72999954223633,52.900001525878906,52.099998474121094,52.70000076293945,89269100
2010-11-30,45.49174880981445,52.09000015258789,52.7400016784668,51.880001068115234,52.18000030517578,118862100
2010-12-01,46.45241165161133,53.189998626708984,53.459999084472656,52.84000015258789,52.86000061035156,81758800
2010-12-02,46.924007415771484,53.72999954223633,53.810001373291016,53.209999084472656,53.27000045776367,56844600
2010-12-03,47.0462646484375,53.869998931884766,53.939998626708984,53.5,53.5,38014200
2010-12-06,47.02879333496094,53.849998474121094,53.95000076293945,53.68000030517578,53.880001068115234,39312000
2010-12-07,47.054996490478516,53.880001068115234,54.52000045776367,53.81999969482422,54.5,59067300
2010-12-08,47.22968673706055,54.08000183105469,54.150001525878906,53.689998626708984,54.02000045776367,48066900
2010-12-09,47.27333068847656,54.130001068115234,54.439998626708984,53.95000076293945,54.40999984741211,51679800
2010-12-10,47.587730407714844,54.4900016784668,54.54999923706055,54.09000015258789,54.290000915527344,44696200
2010-12-13,47.42179489135742,54.29999923706055,54.7400016784668,54.27000045776367,54.70000076293945,53110200
2010-12-14,47.50912094116211,54.400001525878906,54.619998931884766,54.22999954223633,54.439998626708984,69884800
2010-12-15,47.2995491027832,54.15999984741211,54.70000076293945,54.029998779296875,54.369998931884766,76951900
2010-12-16,47.66632843017578,54.58000183105469,54.65999984741211,54.060001373291016,54.209999084472656,65519400
2010-12-17,47.708335876464844,54.52000045776367,54.68000030517578,54.40999984741211,54.540000915527344,36844200
2010-12-20,47.743350982666016,54.560001373291016,54.7599983215332,54.15999984741211,54.619998931884766,48159600
2010-12-21,48.03208541870117,54.88999938964844,54.88999938964844,54.619998931884766,54.77000045776367,35775400
2010-12-22,48.023353576660156,54.880001068115234,54.959999084472656,54.790000915527344,54.869998931884766,35766500
2010-12-23,47.90085220336914,54.7400016784668,54.869998931884766,54.61000061035156,54.779998779296875,21664800
2010-12-27,47.92710494995117,54.77000045776367,54.86000061035156,54.209999084472656,54.58000183105469,29263700
2010-12-28,47.83958053588867,54.66999816894531,54.91999816894531,54.54999923706055,54.880001068115234,24160500
2010-12-29,47.944602966308594,54.790000915527344,54.900001525878906,54.72999954223633,54.81999969482422,24132700
2010-12-30,47.830867767333984,54.65999984741211,54.79999923706055,54.54999923706055,54.790000915527344,27553300
2010-12-31,47.65583419799805,54.459999084472656,54.619998931884766,54.209999084472656,54.59000015258789,38540100
2011-01-03,48.39964294433594,55.310001373291016,55.689998626708984,54.95000076293945,54.970001220703125,90994300
2011-01-04,48.36463165283203,55.27000045776367,55.54999923706055,54.91999816894531,55.5099983215332,43851500
2011-01-05,48.77591323852539,55.7400016784668,55.7599983215332,55.06999969482422,55.099998474121094,43787400
2011-01-06,48.93341827392578,55.91999816894531,55.959999084472656,55.68000030517578,55.79999923706055,46139600
2011-01-07,48.88966751098633,55.869998931884766,56.04999923706055,55.31999969482422,56.02000045776367,72261700
2011-01-10,49.07344436645508,56.08000183105469,56.18000030517578,55.58000183105469,55.75,55551800
2011-01-11,49.143436431884766,56.15999984741211,56.36000061035156,55.95000076293945,56.310001373291016,56663800
2011-01-12,49.493473052978516,56.560001373291016,56.560001373291016,56.20000076293945,56.43000030517578,51979300
2011-01-13,49.510982513427734,56.58000183105469,56.72999954223633,56.40999984741211,56.599998474121094,47364500
2011-01-14,49.87849044799805,57.0,57.02000045776367,56.459999084472656,56.599998474121094,43867400
2011-01-18,50.01849365234375,57.15999984741211,57.22999954223633,56.4900016784668,56.56999969482422,65805600
2011-01-19,49.44970703125,56.5099983215332,57.2599983215332,56.31999969482422,57.2599983215332,67767200
2011-01-20,49.09968948364258,56.11000061035156,56.349998474121094,55.68000030517578,56.27000045776367,92357800
2011-01-21,48.723419189453125,55.68000030517578,56.4900016784668,55.650001525878906,56.38999938964844,59673300
2011-01-24,49.397216796875,56.45000076293945,56.459999084472656,55.68000030517578,55.790000915527344,64103300
2011-01-25,49.46720504760742,56.529998779296875,56.54999923706055,56.04999923706055,56.16999816894531,55305100
2011-01-26,49.72971725463867,56.83000183105469,56.97999954223633,56.45000076293945,56.61000061035156,60547700
2011-01-27,50.036014556884766,57.18000030517578,57.349998474121094,56.91999816894531,57.0099983215332,53656100
2011-01-28,48.76716995239258,55.72999954223633,57.220001220703125,55.470001220703125,57.16999816894531,123359900
2011-01-31,49.00341033935547,56.0,56.15999984741211,55.38999938964844,55.810001373291016,70571300
2011-02-01,49.9222412109375,57.04999923706055,57.18000030517578,56.36000061035156,56.41999816894531,76952900
2011-02-02,49.84349822998047,56.959999084472656,57.16999816894531,56.84000015258789,56.93000030517578,48661000
2011-02-03,49.93100357055664,57.060001373291016,57.13999938964844,56.400001525878906,56.849998474121094,45341900
2011-02-04,50.21100997924805,57.380001068115234,57.41999816894531,56.900001525878906,57.04999923706055,47647800
2011-02-07,50.44727325439453,57.650001525878906,57.970001220703125,57.400001525878906,57.4900016784668,45627100
2011-02-08,50.77981948852539,58.029998779296875,58.06999969482422,57.560001373291016,57.66999816894531,38099900
2011-02-09,50.692283630371094,57.93000030517578,58.119998931884766,57.75,57.939998626708984,62540800
2011-02-10,50.771053314208984,58.02000045776367,58.099998474121094,57.4900016784668,57.54999923706055,70194700
2011-02-11,51.13856887817383,58.439998626708984,58.47999954223633,57.77000045776367,57.849998474121094,47853500
2011-02-14,51.261085510253906,58.58000183105469,58.65999984741211,58.380001068115234,58.439998626708984,48506100
2011-02-15,51.19108581542969,58.5,58.56999969482422,58.22999954223633,58.439998626708984,39723800
2011-02-16,51.52362060546875,58.880001068115234,59.040000915527344,58.630001068115234,58.650001525878906,53061700
2011-02-17,51.506107330322266,58.86000061035156,58.970001220703125,58.54999923706055,58.59000015258789,38361900
2011-02-18,51.39235305786133,58.72999954223633,58.970001220703125,58.5099983215332,58.86000061035156,44334300
2011-02-22,49.90475082397461,57.029998779296875,58.130001068115234,56.939998626708984,57.93000030517578,92598100
2011-02-23,49.493473052978516,56.560001373291016,57.22999954223633,56.130001068115234,57.029998779296875,97842900
2011-02-24,49.7559814453125,56.86000061035156,57.029998779296875,56.13999938964844,56.68000030517578,98716100
2011-02-25,50.44727325439453,57.650001525878906,57.720001220703125,57.119998931884766,57.18000030517578,54094600
2011-02-28,50.55229568481445,57.77000045776367,58.04999923706055,57.43000030517578,57.880001068115234,51402800
2011-03-01,49.73849105834961,56.84000015258789,58.02000045776367,56.70000076293945,58.02000045776367,91993900
2011-03-02,50.000972747802734,57.13999938964844,57.5099983215332,56.790000915527344,56.810001373291016,61552900
2011-03-03,50.98981857299805,58.27000045776367,58.369998931884766,57.66999816894531,57.66999816894531,64146600
2011-03-04,50.727294921875,57.970001220703125,58.2599983215332,57.59000015258789,58.25,62328400
2011-03-07,50.04475021362305,57.189998626708984,58.2599983215332,56.66999816894531,58.209999084472656,98470000
2011-03-08,50.246009826660156,57.41999816894531,57.68000030517578,56.77000045776367,57.119998931884766,62399100
2011-03-09,49.90475082397461,57.029998779296875,57.27000045776367,56.720001220703125,57.209999084472656,84764200
2011-03-10,49.125953674316406,56.13999938964844,56.52000045776367,55.90999984741211,56.38999938964844,102894400
2011-03-11,49.43220138549805,56.4900016784668,56.65999984741211,55.81999969482422,55.81999969482422,81679400
2011-03-14,49.25719451904297,56.290000915527344,56.59000015258789,55.86000061035156,56.18000030517578,73565800
2011-03-15,48.5571403503418,55.4900016784668,55.81999969482422,54.470001220703125,54.63999938964844,101276500
2011-03-16,47.384559631347656,54.150001525878906,55.34000015258789,53.77000045776367,55.029998779296875,176507700
2011-03-17,47.82209777832031,54.650001525878906,55.2400016784668,54.130001068115234,55.0099983215332,94434500
2011-03-18,47.71430969238281,54.45000076293945,55.220001220703125,54.40999984741211,55.220001220703125,94887200
2011-03-21,48.63441848754883,55.5,55.779998779296875,54.5,55.279998779296875,57423000
2011-03-22,48.54680633544922,55.400001525878906,55.61000061035156,55.279998779296875,55.58000183105469,36162100
2011-03-23,48.81844711303711,55.709999084472656,55.869998931884766,54.81999969482422,55.20000076293945,60365100
2011-03-24,49.685977935791016,56.70000076293945,56.81999969482422,55.81999969482422,56.130001068115234,69502400
2011-03-25,49.80866622924805,56.84000015258789,57.220001220703125,56.72999954223633,56.880001068115234,74131100
2011-03-28,49.53700637817383,56.529998779296875,57.099998474121094,56.5,57.09000015258789,37824000
2011-03-29,50.01896286010742,57.08000183105469,57.08000183105469,56.22999954223633,56.400001525878906,47994800
2011-03-30,50.25556564331055,57.349998474121094,57.43000030517578,57.08000183105469,57.36000061035156,44935900
2011-03-31,50.32566833496094,57.43000030517578,57.47999954223633,57.150001525878906,57.25,50004300
2011-04-01,50.351959228515625,57.459999084472656,57.900001525878906,57.290000915527344,57.720001220703125,68031800
2011-04-04,50.185462951660156,57.27000045776367,57.68000030517578,57.02000045776367,57.619998931884766,48659100
2011-04-05,50.05402374267578,57.119998931884766,57.4900016784668,57.0,57.15999984741211,55349400
2011-04-06,50.176700592041016,57.2599983215332,57.72999954223633,56.93000030517578,57.560001373291016,49532100
2011-04-07,50.14165496826172,57.220001220703125,57.599998474121094,56.810001373291016,57.2400016784668,60697000
2011-04-08,49.905059814453125,56.95000076293945,57.56999969482422,56.650001525878906,57.47999954223633,42782200
2011-04-11,49.73855209350586,56.7599983215332,57.290000915527344,56.560001373291016,57.16999816894531,42451700
2011-04-12,49.396785736083984,56.369998931884766,56.63999938964844,56.150001525878906,56.5,50422800
2011-04-13,49.81742477416992,56.849998474121094,57.0,56.400001525878906,56.790000915527344,49979800
2011-04-14,49.72978973388672,56.75,56.83000183105469,56.22999954223633,56.459999084472656,53544100
2011-04-15,49.642154693603516,56.650001525878906,56.869998931884766,56.279998779296875,56.529998779296875,68530000
2011-04-18,49.29164123535156,56.25,56.27000045776367,55.31999969482422,56.08000183105469,69065000
2011-04-19,49.59833908081055,56.599998474121094,56.599998474121094,56.099998474121094,56.400001525878906,38608400
2011-04-20,50.720008850097656,57.880001068115234,57.939998626708984,57.529998779296875,57.599998474121094,67397500
2011-04-21,51.12309265136719,58.34000015258789,58.470001220703125,58.15999984741211,58.439998626708984,43666800
2011-04-25,51.254547119140625,58.4900016784668,58.52000045776367,58.279998779296875,58.38999938964844,25376800
2011-04-26,51.5437126159668,58.81999969482422,59.029998779296875,58.5099983215332,58.63999938964844,49400000
2011-04-27,51.89423751831055,59.220001220703125,59.290000915527344,58.65999984741211,58.93000030517578,56465500
2011-04-28,51.81536102294922,59.130001068115234,59.22999954223633,58.880001068115234,59.040000915527344,48100000
2011-04-29,51.77156448364258,59.08000183105469,59.290000915527344,58.97999954223633,59.02000045776367,44831200
2011-05-02,51.675174713134766,58.970001220703125,59.34000015258789,58.81999969482422,59.16999816894531,48149400
2011-05-03,51.4297981262207,58.689998626708984,59.0,58.33000183105469,58.939998626708984,38100000
2011-05-04,51.350948333740234,58.599998474121094,58.869998931884766,58.11000061035156,58.720001220703125,53097200
2011-05-05,51.07052993774414,58.279998779296875,58.970001220703125,58.08000183105469,58.310001373291016,72200000
2011-05-06,51.23701858520508,58.470001220703125,59.20000076293945,58.310001373291016,58.86000061035156,72507000
2011-05-09,51.4297981262207,58.689998626708984,58.91999816894531,58.34000015258789,58.56999969482422,40022000
2011-05-10,51.867950439453125,59.189998626708984,59.279998779296875,58.779998779296875,58.86000061035156,38053600
2011-05-11,51.49113464355469,58.7599983215332,59.310001373291016,58.36000061035156,59.099998474121094,61900000
2011-05-12,51.79784393310547,59.11000061035156,59.189998626708984,58.2400016784668,58.58000183105469,66100000
2011-05-13,51.184444427490234,58.40999984741211,59.06999969482422,58.38999938964844,58.970001220703125,63506600
2011-05-16,50.29936981201172,57.400001525878906,58.31999969482422,57.27000045776367,58.13999938964844,73115300
2011-05-17,50.4395751953125,57.560001373291016,57.56999969482422,56.97999954223633,57.099998474121094,63136000
2011-05-18,50.8602180480957,58.040000915527344,58.13999938964844,57.40999984741211,57.47999954223633,42351100
2011-05-19,51.00918960571289,58.209999084472656,58.34000015258789,57.849998474121094,58.220001220703125,35015800
2011-05-20,50.62360763549805,57.77000045776367,58.209999084472656,57.689998626708984,58.150001525878906,44703300
2011-05-23,49.8787727355957,56.91999816894531,57.150001525878906,56.650001525878906,56.97999954223633,43700000
2011-05-24,49.57204818725586,56.56999969482422,57.06999969482422,56.560001373291016,57.060001373291016,39314800
2011-05-25,49.76483917236328,56.790000915527344,57.060001373291016,56.470001220703125,56.5,41369000
2011-05-26,50.07155227661133,57.13999938964844,57.29999923706055,56.61000061035156,56.619998931884766,40564100
2011-05-27,50.32566833496094,57.43000030517578,57.4900016784668,57.189998626708984,57.2400016784668,30127200
2011-05-31,51.14063262939453,58.36000061035156,58.36000061035156,57.66999816894531,57.970001220703125,47590100
2011-06-01,50.02772521972656,57.09000015258789,58.36000061035156,57.040000915527344,58.220001220703125,51795000
2011-06-02,50.132896423339844,57.209999084472656,57.40999984741211,56.88999938964844,57.20000076293945,50198100
2011-06-03,49.379276275634766,56.349998474121094,56.9900016784668,56.27000045776367,56.54999923706055,57773700
2011-06-06,48.976173400878906,55.88999938964844,56.529998779296875,55.86000061035156,56.220001220703125,50175600
2011-06-07,48.8885498046875,55.790000915527344,56.2599983215332,55.75,56.040000915527344,46311100
2011-06-08,48.538028717041016,55.38999938964844,55.77000045776367,55.22999954223633,55.66999816894531,46426400
2011-06-09,48.625667572021484,55.4900016784668,55.7599983215332,55.22999954223633,55.40999984741211,45307500
2011-06-10,47.88080596923828,54.63999938964844,55.34000015258789,54.59000015258789,55.22999954223633,53740600
2011-06-13,47.88080596923828,54.63999938964844,54.93000030517578,54.45000076293945,54.66999816894531,37736800
2011-06-14,48.494205474853516,55.34000015258789,55.470001220703125,55.029998779296875,55.060001373291016,40565300
2011-06-15,47.574100494384766,54.290000915527344,55.150001525878906,54.18000030517578,54.810001373291016,59022400
2011-06-16,47.39007568359375,54.08000183105469,54.5,53.619998931884766,54.31999969482422,66316200
2011-06-17,47.241668701171875,53.790000915527344,54.599998474121094,53.630001068115234,54.400001525878906,70337000
2011-06-20,47.48755645751953,54.06999969482422,54.22999954223633,53.63999938964844,53.63999938964844,37402900
2011-06-21,48.50635528564453,55.22999954223633,55.290000915527344,54.029998779296875,54.2599983215332,55892800
2011-06-22,48.15504837036133,54.83000183105469,55.31999969482422,54.81999969482422,55.0,36833300
2011-06-23,48.60295104980469,55.34000015258789,55.369998931884766,54.060001373291016,54.2400016784668,80743300
2011-06-24,47.75983810424805,54.380001068115234,55.130001068115234,54.27000045776367,55.08000183105469,56298300
2011-06-27,48.523902893066406,55.25,55.529998779296875,54.31999969482422,54.439998626708984,49968900
2011-06-28,49.24410629272461,56.06999969482422,56.08000183105469,55.290000915527344,55.369998931884766,47028800
2011-06-29,49.446083068847656,56.29999923706055,56.40999984741211,55.900001525878906,56.20000076293945,65407300
2011-06-30,50.10480499267578,57.04999923706055,57.09000015258789,56.470001220703125,56.5,50347200
2011-07-01,50.86009216308594,57.90999984741211,57.9900016784668,56.91999816894531,57.08000183105469,53203900
2011-07-05,51.114784240722656,58.20000076293945,58.2599983215332,57.83000183105469,57.970001220703125,43128800
2011-07-06,51.281673431396484,58.38999938964844,58.4900016784668,57.939998626708984,58.130001068115234,49282700
2011-07-07,51.98427200317383,59.189998626708984,59.36000061035156,58.7400016784668,58.83000183105469,54799800
2011-07-08,51.8437385559082,59.029998779296875,59.040000915527344,58.369998931884766,58.68000030517578,69519500
2011-07-11,50.903987884521484,57.959999084472656,58.709999084472656,57.7599983215332,58.40999984741211,52080800
2011-07-12,50.51758575439453,57.52000045776367,58.06999969482422,57.459999084472656,57.95000076293945,84000700
2011-07-13,50.72834777832031,57.7599983215332,58.34000015258789,57.54999923706055,57.939998626708984,82378100
2011-07-14,50.13991165161133,57.09000015258789,58.18000030517578,56.869998931884766,57.90999984741211,98774200
2011-07-15,50.80739974975586,57.849998474121094,57.849998474121094,57.310001373291016,57.72999954223633,68281500
2011-07-18,50.53512954711914,57.540000915527344,57.790000915527344,56.97999954223633,57.529998779296875,59512200
2011-07-19,51.685665130615234,58.849998474121094,58.900001525878906,58.09000015258789,58.09000015258789,73904600
2011-07-20,51.46609878540039,58.599998474121094,59.189998626708984,58.5,59.18000030517578,57085500
2011-07-21,51.808616638183594,58.9900016784668,59.31999969482422,58.34000015258789,58.65999984741211,70148800
2011-07-22,52.3443489074707,59.599998474121094,59.70000076293945,58.91999816894531,58.959999084472656,43620400
2011-07-25,52.23894500732422,59.47999954223633,59.810001373291016,59.02000045776367,59.130001068115234,48916100
2011-07-26,52.370704650878906,59.630001068115234,59.83000183105469,59.31999969482422,59.439998626708984,40918900
2011-07-27,51.018184661865234,58.09000015258789,59.290000915527344,57.939998626708984,59.2400016784668,83969500
2011-07-28,51.10599899291992,58.189998626708984,58.93000030517578,57.88999938964844,58.119998931884766,61031900
2011-07-29,50.93913650512695,58.0,58.61000061035156,57.439998626708984,57.720001220703125,82860500
2011-08-01,50.70201110839844,57.72999954223633,58.81999969482422,57.029998779296875,58.70000076293945,85421100
2011-08-02,49.419742584228516,56.27000045776367,57.720001220703125,56.209999084472656,57.459999084472656,90853300
2011-08-03,49.894004821777344,56.810001373291016,56.880001068115234,55.349998474121094,56.34000015258789,103612300
2011-08-04,47.57538986206055,54.16999816894531,56.09000015258789,54.16999816894531,56.0,132830000
2011-08-05,47.276790618896484,53.83000183105469,55.029998779296875,52.31999969482422,54.720001220703125,214111800
2011-08-08,44.431209564208984,50.59000015258789,53.119998931884766,50.59000015258789,52.18000030517578,204804500
2011-08-09,46.574180603027344,53.029998779296875,53.08000183105469,49.93000030517578,51.349998474121094,193707100
2011-08-10,44.6683464050293,50.86000061035156,53.040000915527344,50.79999923706055,51.83000183105469,205917900
2011-08-11,46.63566970825195,53.099998474121094,53.689998626708984,51.34000015258789,51.59000015258789,143825300
2011-08-12,47.048431396484375,53.56999969482422,53.900001525878906,52.880001068115234,53.43000030517578,90483300
2011-08-15,47.74227523803711,54.36000061035156,54.36000061035156,53.529998779296875,53.790000915527344,73554300
2011-08-16,47.33826446533203,53.900001525878906,54.349998474121094,53.18000030517578,53.83000183105469,89219200
2011-08-17,47.057228088378906,53.58000183105469,54.41999816894531,53.02000045776367,53.970001220703125,84416600
2011-08-18,44.74739456176758,50.95000076293945,52.13999938964844,50.47999954223633,52.130001068115234,130019400
2011-08-19,43.939388275146484,50.029998779296875,51.66999816894531,49.9900016784668,50.41999816894531,96674600
2011-08-22,44.09748840332031,50.209999084472656,51.2400016784668,50.060001373291016,51.22999954223633,77107700
2011-08-23,45.91547775268555,52.279998779296875,52.279998779296875,50.34000015258789,50.54999923706055,75688400
2011-08-24,46.275577545166016,52.689998626708984,52.790000915527344,51.709999084472656,52.130001068115234,80197700
2011-08-25,45.520263671875,51.83000183105469,52.900001525878906,51.650001525878906,52.65999984741211,93623700
2011-08-26,46.662010192871094,53.130001068115234,53.310001373291016,51.150001525878906,51.65999984741211,91573300
2011-08-29,47.96182632446289,54.61000061035156,54.66999816894531,53.63999938964844,53.65999984741211,45985800
2011-08-30,48.27800369262695,54.970001220703125,55.29999923706055,54.11000061035156,54.40999984741211,61617900
2011-08-31,48.357032775878906,55.060001373291016,55.7400016784668,54.599998474121094,55.29999923706055,60900400
2011-09-01,47.91791915893555,54.560001373291016,55.63999938964844,54.459999084472656,55.20000076293945,57158400
2011-09-02,46.79375076293945,53.279998779296875,54.61000061035156,52.9900016784668,53.58000183105469,58185700
2011-09-06,46.80252456665039,53.290000915527344,53.369998931884766,51.90999984741211,52.040000915527344,52992200
2011-09-07,47.98817443847656,54.63999938964844,54.650001525878906,53.900001525878906,54.04999923706055,48952200
2011-09-08,47.768619537353516,54.38999938964844,55.16999816894531,54.209999084472656,54.36000061035156,61422800
2011-09-09,46.7059211730957,53.18000030517578,54.2400016784668,52.849998474121094,54.0099983215332,63663500
2011-09-12,47.30313491821289,53.86000061035156,53.900001525878906,52.56999969482422,52.59000015258789,65973000
2011-09-13,47.93547058105469,54.58000183105469,54.689998626708984,53.79999923706055,54.060001373291016,59020000
2011-09-14,48.62052536010742,55.36000061035156,55.97999954223633,54.31999969482422,54.86000061035156,90757300
2011-09-15,49.3406982421875,56.18000030517578,56.279998779296875,55.38999938964844,55.959999084472656,83536100
2011-09-16,49.79296875,56.59000015258789,56.650001525878906,56.09000015258789,56.20000076293945,91902100
2011-09-19,49.81057357788086,56.61000061035156,56.90999984741211,55.43000030517578,55.88999938964844,73042900
2011-09-20,49.59059143066406,56.36000061035156,57.349998474121094,56.22999954223633,56.900001525878906,66570100
2011-09-21,48.7282829284668,55.380001068115234,56.93000030517578,55.369998931884766,56.650001525878906,79938000
2011-09-22,47.14450454711914,53.58000183105469,54.459999084472656,52.75,53.970001220703125,151885500
2011-09-23,47.64604187011719,54.150001525878906,54.380001068115234,53.09000015258789,53.130001068115234,85940600
2011-09-26,48.200374603271484,54.779998779296875,54.880001068115234,53.209999084472656,54.41999816894531,96261400
2011-09-27,48.701908111572266,55.349998474121094,56.20000076293945,54.97999954223633,55.709999084472656,81148600
2011-09-28,47.980369567871094,54.529998779296875,55.970001220703125,54.400001525878906,55.59000015258789,76757100
2011-09-29,47.408470153808594,53.880001068115234,55.43000030517578,52.970001220703125,55.36000061035156,116900200
2011-09-30,46.1854248046875,52.4900016784668,53.61000061035156,52.459999084472656,53.15999984741211,104870100
2011-10-03,44.99756622314453,51.13999938964844,52.849998474121094,51.11000061035156,52.02000045776367,99149500
2011-10-04,45.92143249511719,52.189998626708984,52.290000915527344,50.099998474121094,50.619998931884766,137013700
2011-10-05,47.10051345825195,53.529998779296875,53.68000030517578,51.65999984741211,52.060001373291016,108825700
2011-10-06,47.89240264892578,54.43000030517578,54.439998626708984,53.209999084472656,53.459999084472656,71939200
2011-10-07,47.575653076171875,54.06999969482422,54.65999984741211,53.720001220703125,54.400001525878906,72525200
2011-10-10,49.22104263305664,55.939998626708984,55.939998626708984,54.88999938964844,54.9900016784668,48230200
2011-10-11,49.55538558959961,56.31999969482422,56.459999084472656,55.70000076293945,55.790000915527344,66449100
2011-10-12,49.801753997802734,56.599998474121094,57.22999954223633,56.560001373291016,56.86000061035156,85627600
2011-10-13,50.259300231933594,57.119998931884766,57.189998626708984,56.43000030517578,56.4900016784668,63443700
2011-10-14,51.19198989868164,58.18000030517578,58.189998626708984,57.5099983215332,57.81999969482422,65643600
2011-10-17,50.40009689331055,57.279998779296875,58.09000015258789,56.970001220703125,57.90999984741211,65161300
2011-10-18,51.02481460571289,57.9900016784668,58.290000915527344,56.65999984741211,57.189998626708984,91434600
2011-10-19,50.03933334350586,56.869998931884766,57.849998474121094,56.68000030517578,57.66999816894531,67639400
2011-10-20,49.79296875,56.59000015258789,56.91999816894531,55.790000915527344,56.86000061035156,80378300
2011-10-21,50.417686462402344,57.29999923706055,57.65999984741211,56.779998779296875,57.189998626708984,60455800
2011-10-24,51.46476745605469,58.4900016784668,58.650001525878906,57.310001373291016,57.5099983215332,61449500
2011-10-25,50.452884674072266,57.34000015258789,58.31999969482422,57.220001220703125,58.29999923706055,65299200
2011-10-26,50.39128875732422,57.27000045776367,57.779998779296875,56.209999084472656,57.65999984741211,98193800
2011-10-27,51.78152084350586,58.849998474121094,59.20000076293945,58.029998779296875,58.63999938964844,104455500
2011-10-28,51.8607063293457,58.939998626708984,59.0099983215332,58.5,58.52000045776367,42950000
2011-10-31,50.989620208740234,57.95000076293945,58.63999938964844,57.90999984741211,58.43000030517578,60520200
2011-11-01,49.66097640991211,56.439998626708984,57.90999984741211,56.119998931884766,56.52000045776367,99933000
2011-11-02,50.08333206176758,56.91999816894531,57.15999984741211,56.380001068115234,57.029998779296875,65003800
2011-11-03,51.12158966064453,58.099998474121094,58.18000030517578,56.709999084472656,57.369998931884766,78994200
2011-11-04,50.85763168334961,57.79999923706055,58.04999923706055,57.220001220703125,57.81999969482422,61527800
2011-11-07,51.21839141845703,58.209999084472656,58.25,57.16999816894531,57.7599983215332,65559000
2011-11-08,51.80791473388672,58.880001068115234,58.97999954223633,57.970001220703125,58.630001068115234,62906900
2011-11-09,49.986549377441406,56.810001373291016,57.83000183105469,56.630001068115234,57.7400016784668,69539000
2011-11-10,49.96015167236328,56.779998779296875,57.41999816894531,56.22999954223633,57.369998931884766,66052400
2011-11-11,50.90162658691406,57.849998474121094,58.02000045776367,57.20000076293945,57.27000045776367,54471000
2011-11-14,50.584861755371094,57.4900016784668,58.0099983215332,57.279998779296875,57.689998626708984,44617600
2011-11-15,51.14800262451172,58.130001068115234,58.36000061035156,57.2599983215332,57.31999969482422,52203900
2011-11-16,50.30328369140625,57.16999816894531,58.15999984741211,57.060001373291016,57.709999084472656,68342800
2011-11-17,49.124237060546875,55.83000183105469,57.040000915527344,55.47999954223633,57.02000045776367,101706900
2011-11-18,48.74589920043945,55.400001525878906,55.900001525878906,55.29999923706055,55.84000015258789,60417000
2011-11-21,47.813201904296875,54.34000015258789,54.72999954223633,53.779998779296875,54.650001525878906,52283700
2011-11-22,47.97161102294922,54.52000045776367,54.68000030517578,53.869998931884766,54.20000076293945,51940100
2011-11-23,46.88932800292969,53.290000915527344,54.16999816894531,53.2599983215332,54.11000061035156,48437300
2011-11-25,46.528568267822266,52.880001068115234,53.66999816894531,52.869998931884766,53.060001373291016,25448100
2011-11-28,48.14757537841797,54.720001220703125,54.790000915527344,54.13999938964844,54.16999816894531,46710700
2011-11-29,47.84841537475586,54.380001068115234,55.099998474121094,54.220001220703125,54.689998626708984,52056700
2011-11-30,49.61697769165039,56.38999938964844,56.439998626708984,55.66999816894531,55.86000061035156,66918600
2011-12-01,49.96015167236328,56.779998779296875,56.93000030517578,56.349998474121094,56.380001068115234,45362200
2011-12-02,49.819366455078125,56.619998931884766,57.34000015258789,56.56999969482422,57.34000015258789,36938900
2011-12-05,50.364906311035156,57.2400016784668,57.619998931884766,56.91999816894531,57.470001220703125,40492200
2011-12-06,50.224117279052734,57.08000183105469,57.45000076293945,56.88999938964844,57.290000915527344,38670000
2011-12-07,50.224117279052734,57.08000183105469,57.34000015258789,56.349998474121094,56.91999816894531,44576200
2011-12-08,49.379425048828125,56.119998931884766,57.150001525878906,56.0099983215332,56.709999084472656,51692600
2011-12-09,50.17131805419922,57.02000045776367,57.189998626708984,56.2400016784668,56.2599983215332,55757900
2011-12-12,49.608192443847656,56.380001068115234,57.0099983215332,55.900001525878906,56.41999816894531,55411700
2011-12-13,49.062644958496094,55.7599983215332,56.97999954223633,55.529998779296875,56.75,68557700
2011-12-14,48.29714584350586,54.88999938964844,55.59000015258789,54.58000183105469,55.54999923706055,63682800
2011-12-15,48.1651611328125,54.7400016784668,55.41999816894531,54.65999984741211,55.36000061035156,58732900
2011-12-16,48.41313934326172,54.86000061035156,55.61000061035156,54.77000045776367,54.869998931884766,60978900
2011-12-19,47.936614990234375,54.31999969482422,55.20000076293945,54.16999816894531,55.06999969482422,46733900
2011-12-20,49.357398986816406,55.93000030517578,56.0,55.16999816894531,55.20000076293945,81758800
2011-12-21,48.65141296386719,55.130001068115234,55.63999938964844,54.4900016784668,55.599998474121094,78552300
2011-12-22,49.06620407104492,55.599998474121094,55.630001068115234,55.16999816894531,55.25,40334100
2011-12-23,49.48979187011719,56.08000183105469,56.08000183105469,55.58000183105469,55.709999084472656,26594600
2011-12-27,49.674381256103516,56.2400016784668,56.41999816894531,55.93000030517578,55.9900016784668,21443500
2011-12-28,49.10026168823242,55.59000015258789,56.2599983215332,55.439998626708984,56.16999816894531,38180100
2011-12-29,49.45356750488281,55.9900016784668,56.029998779296875,55.5,55.68000030517578,28077900
2011-12-30,49.31226348876953,55.83000183105469,56.119998931884766,55.81999969482422,55.869998931884766,21832400
2012-01-03,50.25732421875,56.900001525878906,57.189998626708984,56.75,56.90999984741211,39514100
2012-01-04,50.469303131103516,57.13999938964844,57.220001220703125,56.560001373291016,56.810001373291016,29403400
2012-01-05,50.884429931640625,57.61000061035156,57.65999984741211,56.79999923706055,57.02000045776367,41260600
2012-01-06,51.06109619140625,57.810001373291016,57.939998626708984,57.400001525878906,57.619998931884766,46325200
2012-01-09,50.89328384399414,57.619998931884766,57.97999954223633,57.43000030517578,57.959999084472656,39195500
2012-01-10,51.26424789428711,58.040000915527344,58.400001525878906,57.63999938964844,58.22999954223633,35949900
2012-01-11,51.37023162841797,58.15999984741211,58.290000915527344,57.810001373291016,58.029998779296875,37144100
2012-01-12,51.57337951660156,58.38999938964844,58.470001220703125,57.86000061035156,58.290000915527344,26188300
2012-01-13,51.38789749145508,58.18000030517578,58.20000076293945,57.68000030517578,58.08000183105469,35980400
2012-01-17,51.85602569580078,58.709999084472656,58.959999084472656,58.4900016784668,58.689998626708984,41790800
2012-01-18,52.544979095458984,59.4900016784668,59.4900016784668,58.68000030517578,58.81999969482422,48692700
2012-01-19,52.87177276611328,59.86000061035156,59.970001220703125,59.650001525878906,59.7599983215332,47774500
2012-01-20,52.792274475097656,59.77000045776367,59.79999923706055,59.560001373291016,59.599998474121094,41041700
2012-01-23,52.80995559692383,59.790000915527344,60.209999084472656,59.439998626708984,59.779998779296875,40958300
2012-01-24,52.71278381347656,59.68000030517578,59.84000015258789,59.40999984741211,59.52000045776367,38440200
2012-01-25,53.37521743774414,60.43000030517578,60.58000183105469,59.83000183105469,60.2599983215332,61591800
2012-01-26,53.18973922729492,60.220001220703125,60.79999923706055,59.93000030517578,60.689998626708984,37852700
2012-01-27,53.34872055053711,60.400001525878906,60.5099983215332,60.060001373291016,60.09000015258789,45532300
2012-01-30,53.392887115478516,60.45000076293945,60.540000915527344,59.65999984741211,59.88999938964844,42797800
2012-01-31,53.46354293823242,60.529998779296875,60.86000061035156,60.13999938964844,60.75,51449600
2012-02-01,53.89634704589844,61.02000045776367,61.2400016784668,60.65999984741211,60.880001068115234,46146700
2012-02-02,54.06416702270508,61.209999084472656,61.40999984741211,60.970001220703125,61.220001220703125,46373600
2012-02-03,54.80611038208008,62.04999923706055,62.119998931884766,61.68000030517578,61.779998779296875,36453800
2012-02-06,54.761932373046875,62.0,62.02000045776367,61.65999984741211,61.81999969482422,28541300
2012-02-07,54.87676239013672,62.130001068115234,62.25,61.66999816894531,61.95000076293945,37935700
2012-02-08,55.16824722290039,62.459999084472656,62.459999084472656,61.90999984741211,62.13999938964844,41171100
2012-02-09,55.565704345703125,62.90999984741211,62.97999954223633,62.31999969482422,62.70000076293945,46856400
2012-02-10,55.17706298828125,62.470001220703125,62.63999938964844,62.25,62.459999084472656,58090500
2012-02-13,55.68937683105469,63.04999923706055,63.130001068115234,62.650001525878906,62.939998626708984,36810200
2012-02-14,55.830684661865234,63.209999084472656,63.220001220703125,62.689998626708984,62.90999984741211,51648200
2012-02-15,55.442039489746094,62.77000045776367,63.86000061035156,62.66999816894531,63.5099983215332,105709100
2012-02-16,56.20164489746094,63.630001068115234,63.70000076293945,62.630001068115234,62.790000915527344,83642300
2012-02-17,56.024993896484375,63.43000030517578,63.689998626708984,63.150001525878906,63.63999938964844,76112300
2012-02-21,56.18399429321289,63.61000061035156,63.88999938964844,63.209999084472656,63.5,38141300
2012-02-22,55.9278450012207,63.31999969482422,63.68000030517578,63.22999954223633,63.4900016784668,43174700
2012-02-23,56.298805236816406,63.7400016784668,63.810001373291016,63.09000015258789,63.400001525878906,54250000
2012-02-24,56.493125915527344,63.959999084472656,64.06999969482422,63.79999923706055,63.91999816894531,41364900
2012-02-27,56.5726203918457,64.05000305175781,64.26000213623047,63.33000183105469,63.61000061035156,42678500
2012-02-28,57.146732330322266,64.69999694824219,64.69999694824219,64.02999877929688,64.11000061035156,43717500
2012-02-29,56.89059066772461,64.41000366210938,64.95999908447266,64.19999694824219,64.75,59784400
2012-03-01,57.341060638427734,64.91999816894531,64.9800033569336,64.45999908447266,64.6500015258789,67558900
2012-03-02,57.296897888183594,64.87000274658203,65.08000183105469,64.66000366210938,64.83000183105469,33358200
2012-03-05,56.705108642578125,64.19999694824219,64.91000366210938,63.9900016784668,64.83000183105469,45788800
2012-03-06,56.1486701965332,63.56999969482422,63.720001220703125,63.22999954223633,63.56999969482422,54638600
2012-03-07,56.581451416015625,64.05999755859375,64.20999908447266,63.77000045776367,63.869998931884766,42741800
2012-03-08,57.19090270996094,64.75,64.94000244140625,64.30000305175781,64.44000244140625,43711100
2012-03-09,57.42936325073242,65.0199966430664,65.13999938964844,64.81999969482422,64.86000061035156,43117200
2012-03-12,57.45588302612305,65.05000305175781,65.11000061035156,64.72000122070312,65.0,32687300
2012-03-13,58.52461242675781,66.26000213623047,66.26000213623047,65.2699966430664,65.4000015258789,61559100
2012-03-14,58.72775650024414,66.48999786376953,66.73999786376953,66.08000183105469,66.33000183105469,59926900
2012-03-15,58.89558410644531,66.68000030517578,66.81999969482422,66.3499984741211,66.69000244140625,65531200
2012-03-16,58.854007720947266,66.5199966430664,66.66999816894531,66.36000061035156,66.66999816894531,53023100
2012-03-19,59.269840240478516,66.98999786376953,67.1500015258789,66.44999694824219,66.62999725341797,60966200
2012-03-20,59.376007080078125,67.11000061035156,67.18000030517578,66.45999908447266,66.63999938964844,47290600
2012-03-21,59.38486099243164,67.12000274658203,67.48999786376953,67.02999877929688,67.12000274658203,39648100
2012-03-22,59.26099395751953,66.9800033569336,67.13999938964844,66.68000030517578,66.72000122070312,56953900
2012-03-23,59.22561264038086,66.94000244140625,67.08000183105469,66.55999755859375,67.05999755859375,45541700
2012-03-26,60.260765075683594,68.11000061035156,68.11000061035156,67.33000183105469,67.38999938964844,40855300
2012-03-27,60.3492431640625,68.20999908447266,68.48999786376953,68.12999725341797,68.16000366210938,37278200
2012-03-28,60.1103515625,67.94000244140625,68.51000213623047,67.54000091552734,68.25,44421900
2012-03-29,59.880332946777344,67.68000030517578,67.93000030517578,67.19999694824219,67.5999984741211,53975300
2012-03-30,59.76527404785156,67.55000305175781,68.0199966430664,67.27999877929688,67.9800033569336,39480900
2012-04-02,60.38462448120117,68.25,68.33999633789062,67.36000061035156,67.4800033569336,40031600
2012-04-03,60.3669548034668,68.2300033569336,68.55000305175781,67.8499984741211,68.30999755859375,45539900
2012-04-04,59.54410171508789,67.30000305175781,67.76000213623047,66.91000366210938,67.72000122070312,54088100
2012-04-05,59.91570281982422,67.72000122070312,67.77999877929688,67.12999725341797,67.18000030517578,42979900
2012-04-09,59.4644889831543,67.20999908447266,67.4800033569336,66.76000213623047,66.87999725341797,36908200
2012-04-10,58.50895690917969,66.12999725341797,67.44000244140625,65.91999816894531,67.18000030517578,69254200
2012-04-11,58.79207229614258,66.44999694824219,66.88999938964844,66.27999877929688,66.70999908447266,62950000
2012-04-12,59.4644889831543,67.20999908447266,67.27999877929688,66.4800033569336,66.58000183105469,57407400
2012-04-13,58.562042236328125,66.19000244140625,67.19999694824219,66.16000366210938,66.9800033569336,55227500
2012-04-16,57.90730667114258,65.44999694824219,66.55999755859375,65.23999786376953,66.5199966430664,57588000
2012-04-17,59.08402633666992,66.77999877929688,66.98999786376953,65.62999725341797,65.7300033569336,47362400
2012-04-18,58.93364715576172,66.61000061035156,67.0,66.41000366210938,66.58999633789062,42536100
2012-04-19,58.27003479003906,65.86000061035156,67.16999816894531,65.62000274658203,66.37000274658203,81110900
2012-04-20,58.110809326171875,65.68000030517578,66.51000213623047,65.58000183105469,66.22000122070312,59906900
2012-04-23,57.57994842529297,65.08000183105469,65.18000030517578,64.48999786376953,65.05999755859375,70514400
2012-04-24,57.27029037475586,64.7300033569336,65.2300033569336,64.44999694824219,64.95999908447266,49661500
2012-04-25,58.79207229614258,66.44999694824219,66.48999786376953,65.97000122070312,66.06999969482422,57526900
2012-04-26,59.13711166381836,66.83999633789062,66.98999786376953,66.3499984741211,66.44000244140625,41799500
2012-04-27,59.49103927612305,67.23999786376953,67.44999694824219,66.7699966430664,67.12000274658203,46003800
2012-04-30,59.06634521484375,66.76000213623047,67.16999816894531,66.70999908447266,67.04000091552734,37787700
2012-05-01,59.163658142089844,66.87000274658203,67.62999725341797,66.58999633789062,66.69000244140625,37643800
2012-05-02,59.33176803588867,67.05999755859375,67.11000061035156,66.37999725341797,66.54000091552734,38299300
2012-05-03,58.703590393066406,66.3499984741211,67.1500015258789,66.18000030517578,67.0999984741211,51297600
2012-05-04,57.243743896484375,64.69999694824219,66.3499984741211,64.69000244140625,65.73999786376953,107554000
2012-05-07,57.29683303833008,64.76000213623047,65.06999969482422,64.29000091552734,64.30999755859375,50267800
2012-05-08,57.08448028564453,64.5199966430664,64.73999786376953,63.47999954223633,64.3499984741211,72659700
2012-05-09,56.90753936767578,64.31999969482422,64.68000030517578,63.5099983215332,63.77000045776367,85715300
2012-05-10,56.79252243041992,64.19000244140625,64.62999725341797,63.95000076293945,64.61000061035156,49448900
2012-05-11,56.78368377685547,64.18000030517578,64.86000061035156,63.90999984741211,63.970001220703125,47099900
2012-05-14,56.2528190612793,63.58000183105469,64.08000183105469,63.47999954223633,63.630001068115234,46360000
2012-05-15,56.06702423095703,63.369998931884766,64.2699966430664,63.2599983215332,63.75,66908600
2012-05-16,55.68657302856445,62.939998626708984,63.779998779296875,62.810001373291016,63.59000015258789,52825900
2012-05-17,54.50985336303711,61.61000061035156,63.060001373291016,61.599998474121094,62.959999084472656,62253900
2012-05-18,53.80204772949219,60.810001373291016,61.959999084472656,60.7599983215332,61.79999923706055,79496500
2012-05-21,55.30613327026367,62.5099983215332,62.56999969482422,60.849998474121094,60.93000030517578,61473000
2012-05-22,55.244197845458984,62.439998626708984,62.95000076293945,61.9900016784668,62.689998626708984,62954800
2012-05-23,55.350364685058594,62.560001373291016,62.709999084472656,61.369998931884766,61.90999984741211,56951100
2012-05-24,54.987606048583984,62.150001525878906,62.709999084472656,61.689998626708984,62.650001525878906,83131200
2012-05-25,54.91684341430664,62.06999969482422,62.31999969482422,61.88999938964844,62.209999084472656,32078900
2012-05-29,55.61578369140625,62.86000061035156,63.150001525878906,62.279998779296875,62.650001525878906,44216700
2012-05-30,55.14686584472656,62.33000183105469,62.54999923706055,61.68000030517578,62.290000915527344,56431800
2012-05-31,54.907989501953125,62.060001373291016,62.40999984741211,61.59000015258789,62.25,55260100
2012-06-01,53.44814682006836,60.40999984741211,61.31999969482422,60.38999938964844,60.939998626708984,71430800
2012-06-04,53.85512161254883,60.869998931884766,60.959999084472656,60.040000915527344,60.58000183105469,74119500
2012-06-05,54.07631301879883,61.119998931884766,61.2400016784668,60.630001068115234,60.65999984741211,47916900
2012-06-06,55.314971923828125,62.52000045776367,62.56999969482422,61.52000045776367,61.58000183105469,58781800
2012-06-07,55.09379196166992,62.27000045776367,63.18000030517578,62.220001220703125,63.18000030517578,38414800
2012-06-08,55.624629974365234,62.869998931884766,62.95000076293945,61.959999084472656,62.16999816894531,39730800
2012-06-11,54.68680953979492,61.810001373291016,63.380001068115234,61.77000045776367,63.349998474121094,51008900
2012-06-12,55.350364685058594,62.560001373291016,62.59000015258789,61.68000030517578,62.099998474121094,48802600
2012-06-13,54.96992874145508,62.130001068115234,62.849998474121094,61.91999816894531,62.380001068115234,50840100
2012-06-14,55.17341995239258,62.36000061035156,62.61000061035156,61.79999923706055,62.119998931884766,65170600
2012-06-15,55.85890197753906,62.9900016784668,63.08000183105469,62.36000061035156,62.38999938964844,41536100
2012-06-18,56.38211441040039,63.58000183105469,63.7400016784668,62.630001068115234,62.72999954223633,32191200
2012-06-19,56.96739196777344,64.23999786376953,64.51000213623047,63.849998474121094,63.900001525878906,36476500
2012-06-20,57.01173400878906,64.29000091552734,64.56999969482422,63.810001373291016,64.37999725341797,51389700
2012-06-21,55.59286117553711,62.689998626708984,64.30999755859375,62.619998931884766,64.23999786376953,42492700
2012-06-22,56.17812728881836,63.349998474121094,63.43000030517578,62.72999954223633,62.900001525878906,29504200
2012-06-25,55.096275329589844,62.130001068115234,62.849998474121094,61.95000076293945,62.83000183105469,33136400
2012-06-26,55.44210433959961,62.52000045776367,62.70000076293945,62.060001373291016,62.34000015258789,30611100
2012-06-27,55.77909851074219,62.900001525878906,63.18000030517578,62.689998626708984,62.7599983215332,35705800
2012-06-28,55.1583366394043,62.20000076293945,62.470001220703125,61.540000915527344,62.43000030517578,49793400
2012-06-29,56.89644241333008,64.16000366210938,64.16000366210938,63.209999084472656,63.400001525878906,44761300
2012-07-02,57.06493377685547,64.3499984741211,64.37999725341797,63.869998931884766,64.25,33425600
2012-07-03,57.54380416870117,64.88999938964844,64.88999938964844,64.29000091552734,64.38999938964844,15895100
2012-07-05,57.579288482666016,64.93000030517578,65.25,64.4800033569336,64.83000183105469,37016200
2012-07-06,56.86096954345703,64.12000274658203,64.69000244140625,63.650001525878906,64.62999725341797,40684100
2012-07-09,56.75455856323242,64.0,64.26000213623047,63.68000030517578,64.05000305175781,35628300
2012-07-10,56.195884704589844,63.369998931884766,64.51000213623047,63.119998931884766,64.3499984741211,47365700
2012-07-11,55.885498046875,63.02000045776367,63.459999084472656,62.5,63.290000915527344,43432000
2012-07-12,55.36231231689453,62.43000030517578,62.689998626708984,61.86000061035156,62.52000045776367,57680400
2012-07-13,56.20476150512695,63.380001068115234,63.52000045776367,62.560001373291016,62.599998474121094,32357200
2012-07-16,56.04511642456055,63.20000076293945,63.52000045776367,62.95000076293945,63.2400016784668,27621400
2012-07-17,56.33778381347656,63.529998779296875,63.7400016784668,62.630001068115234,63.599998474121094,42467800
2012-07-18,57.10041809082031,64.38999938964844,64.58000183105469,63.38999938964844,63.40999984741211,44489700
2012-07-19,57.73003387451172,65.0999984741211,65.30999755859375,64.72000122070312,64.83999633789062,53017800
2012-07-20,56.96739196777344,64.23999786376953,65.0999984741211,64.20999908447266,65.08000183105469,40573100
2012-07-23,56.27570343017578,63.459999084472656,63.68000030517578,62.5099983215332,62.9900016784668,48657800
2012-07-24,55.83229064941406,62.959999084472656,63.65999984741211,62.54999923706055,63.56999969482422,57269700
2012-07-25,55.4598503112793,62.540000915527344,62.95000076293945,62.150001525878906,62.470001220703125,46264400
2012-07-26,56.195884704589844,63.369998931884766,63.72999954223633,62.970001220703125,63.439998626708984,41928200
2012-07-27,57.52608108520508,64.87000274658203,64.98999786376953,63.63999938964844,63.83000183105469,42621000
2012-07-30,57.48173904418945,64.81999969482422,65.30999755859375,64.5999984741211,65.02999877929688,37821300
2012-07-31,57.46400833129883,64.80000305175781,65.18000030517578,64.73999786376953,64.91999816894531,34588300
2012-08-01,57.29551315307617,64.61000061035156,65.27999877929688,64.3499984741211,65.26000213623047,30920200
2012-08-02,57.09152603149414,64.37999725341797,65.0199966430664,63.90999984741211,64.12000274658203,40534900
2012-08-03,58.17341613769531,65.5999984741211,65.87999725341797,65.19000244140625,65.41999816894531,42117400
2012-08-06,58.616825103759766,66.0999984741211,66.38999938964844,65.80000305175781,65.94000244140625,23523600
2012-08-07,59.10453796386719,66.6500015258789,66.91999816894531,66.27999877929688,66.37999725341797,28223300
2012-08-08,59.07795333862305,66.62000274658203,66.76000213623047,66.37000274658203,66.4800033569336,20723500
2012-08-09,59.25529479980469,66.81999969482422,66.91000366210938,66.48999786376953,66.61000061035156,20726200
2012-08-10,59.290802001953125,66.86000061035156,66.87999725341797,66.41000366210938,66.58000183105469,20312000
2012-08-13,59.432640075683594,67.0199966430664,67.02999877929688,66.5,66.83999633789062,19890300
2012-08-14,59.459285736083984,67.05000305175781,67.41000366210938,66.86000061035156,67.2699966430664,24218700
2012-08-15,59.610023498535156,67.22000122070312,67.31999969482422,66.98999786376953,67.0,29100400
2012-08-16,60.3194694519043,68.0199966430664,68.16999816894531,67.38999938964844,67.47000122070312,35699900
2012-08-17,60.58549880981445,68.31999969482422,68.33000183105469,68.01000213623047,68.16999816894531,22584800
2012-08-20,60.674156188964844,68.41999816894531,68.43000030517578,68.0,68.2699966430664,26924000
2012-08-21,60.43474578857422,68.1500015258789,68.87999725341797,67.87999725341797,68.5999984741211,41391000
2012-08-22,60.68302917480469,68.43000030517578,68.55999755859375,67.80999755859375,68.0,44555700
2012-08-23,60.18643569946289,67.87000274658203,68.33999633789062,67.69000244140625,68.12000274658203,28800400
2012-08-24,60.558895111083984,68.29000091552734,68.44999694824219,67.5999984741211,67.70999908447266,38384800
2012-08-27,60.656429290771484,68.4000015258789,68.66999816894531,68.25,68.58000183105469,20671400
2012-08-28,60.656429290771484,68.4000015258789,68.58999633789062,68.11000061035156,68.33999633789062,27337900
2012-08-29,60.656429290771484,68.4000015258789,68.56999969482422,68.11000061035156,68.4000015258789,26672400
2012-08-30,60.04456329345703,67.70999908447266,68.12999725341797,67.5999984741211,68.0999984741211,24425400
2012-08-31,60.44358825683594,68.16000366210938,68.44999694824219,67.47000122070312,68.19999694824219,42128000
2012-09-04,60.381507873535156,68.08999633789062,68.3499984741211,67.41999816894531,68.02999877929688,32017200
2012-09-05,60.3194694519043,68.0199966430664,68.3499984741211,67.83999633789062,68.05999755859375,26129300
2012-09-06,61.658504486083984,69.52999877929688,69.55000305175781,68.41999816894531,68.44000244140625,43100000
2012-09-07,61.56983184814453,69.43000030517578,69.55000305175781,69.2300033569336,69.37000274658203,32958600
2012-09-10,60.78057861328125,68.54000091552734,69.4000015258789,68.48999786376953,69.25,25490000
2012-09-11,60.68302917480469,68.43000030517578,68.81999969482422,68.31999969482422,68.55000305175781,29810100
2012-09-12,60.86039352416992,68.62999725341797,68.80999755859375,68.20999908447266,68.68000030517578,42203400
2012-09-13,61.68511199951172,69.55999755859375,69.86000061035156,68.62000274658203,68.69000244140625,45417800
2012-09-14,62.23493576049805,70.18000030517578,70.43000030517578,69.79000091552734,69.80999755859375,38880300
2012-09-17,62.261512756347656,70.20999908447266,70.23999786376953,69.95999908447266,70.22000122070312,31798400
2012-09-18,62.31473922729492,70.2699966430664,70.30000305175781,70.0199966430664,70.02999877929688,27169800
2012-09-19,62.43003845214844,70.4000015258789,70.58000183105469,70.05999755859375,70.26000213623047,36484600
2012-09-20,62.367942810058594,70.33000183105469,70.4000015258789,69.87000274658203,70.05999755859375,42520200
2012-09-21,62.38571548461914,70.1500015258789,70.54000091552734,70.08000183105469,70.4800033569336,23678500
2012-09-24,62.0211067199707,69.73999786376953,69.86000061035156,69.41999816894531,69.56999969482422,32341600
2012-09-25,61.14957046508789,68.76000213623047,70.08000183105469,68.7300033569336,69.91999816894531,41299600
2012-09-26,60.65154266357422,68.19999694824219,68.70999908447266,67.8499984741211,68.66999816894531,32770400
2012-09-27,61.48750686645508,69.13999938964844,69.30000305175781,68.25,68.37000274658203,25339500
2012-09-28,60.980587005615234,68.56999969482422,69.12000274658203,68.51000213623047,68.91000366210938,30112600
2012-10-01,60.891685485839844,68.47000122070312,69.33000183105469,68.25,68.9000015258789,37715300
2012-10-02,61.069549560546875,68.66999816894531,68.9800033569336,68.12999725341797,68.7699966430664,33254300
2012-10-03,61.46084976196289,69.11000061035156,69.23999786376953,68.58999633789062,68.86000061035156,38236000
2012-10-04,61.674293518066406,69.3499984741211,69.54000091552734,69.0,69.22000122070312,26128600
2012-10-05,61.3452262878418,68.9800033569336,69.80000305175781,68.80000305175781,69.69999694824219,25207900
2012-10-08,60.78493881225586,68.3499984741211,68.72000122070312,68.19000244140625,68.58000183105469,30911500
2012-10-09,59.815608978271484,67.26000213623047,68.33999633789062,67.0999984741211,68.16999816894531,67974000
2012-10-10,59.513221740722656,66.91999816894531,67.43000030517578,66.80000305175781,67.23999786376953,45134300
2012-10-11,59.326473236083984,66.70999908447266,67.47000122070312,66.66999816894531,67.41999816894531,30469400
2012-10-12,59.299781799316406,66.68000030517578,67.05999755859375,66.55000305175781,66.69999694824219,24891200
2012-10-15,59.73554992675781,67.16999816894531,67.26000213623047,66.52999877929688,66.93000030517578,22220100
2012-10-16,60.58039855957031,68.12000274658203,68.19999694824219,67.25,67.2699966430664,33960600
2012-10-17,60.544830322265625,68.08000183105469,68.30000305175781,67.68000030517578,67.7699966430664,33439400
2012-10-18,59.84227752685547,67.29000091552734,68.08000183105469,67.04000091552734,67.86000061035156,61707600
2012-10-19,58.410465240478516,65.68000030517578,67.2699966430664,65.5999984741211,67.20999908447266,75362600
2012-10-22,58.71284484863281,66.0199966430664,66.19000244140625,65.5,65.6500015258789,38621500
2012-10-23,58.15256881713867,65.38999938964844,65.94999694824219,65.19000244140625,65.4800033569336,52591200
2012-10-24,57.94803237915039,65.16000366210938,65.87000274658203,65.05999755859375,65.76000213623047,39872400
2012-10-25,57.94803237915039,65.16000366210938,65.72000122070312,64.97000122070312,65.61000061035156,52688700
2012-10-26,58.11698913574219,65.3499984741211,65.62000274658203,64.6500015258789,65.16000366210938,54213100
2012-10-31,57.76126480102539,64.94999694824219,65.38999938964844,64.7300033569336,65.2699966430664,38524500
2012-11-01,58.57945251464844,65.87000274658203,66.0,65.16999816894531,65.36000061035156,26945000
2012-11-02,57.9569091796875,65.16999816894531,66.20999908447266,65.11000061035156,66.16999816894531,44083000
2012-11-05,58.33932113647461,65.5999984741211,65.7300033569336,65.04000091552734,65.18000030517578,28094700
2012-11-06,58.446041107177734,65.72000122070312,66.16999816894531,65.45999908447266,65.70999908447266,29608400
2012-11-07,57.06757354736328,64.16999816894531,65.0999984741211,63.900001525878906,65.0199966430664,70737800
2012-11-08,56.169395446777344,63.15999984741211,64.5,63.15999984741211,64.3499984741211,58585800
2012-11-09,56.40950012207031,63.43000030517578,64.11000061035156,63.15999984741211,63.20000076293945,51542100
2012-11-12,56.40060806274414,63.41999816894531,63.869998931884766,63.25,63.79999923706055,32663700
2012-11-13,56.009307861328125,62.97999954223633,63.58000183105469,62.779998779296875,62.93000030517578,43288300
2012-11-14,55.351219177246094,62.2400016784668,63.36000061035156,62.13999938964844,63.290000915527344,82655300
2012-11-15,55.16444778442383,62.029998779296875,62.4900016784668,61.79999923706055,62.279998779296875,55124200
2012-11-16,55.40456771850586,62.29999923706055,62.47999954223633,61.310001373291016,62.08000183105469,70873100
2012-11-19,56.72077178955078,63.779998779296875,63.83000183105469,62.959999084472656,62.97999954223633,55306400
2012-11-20,56.73854446411133,63.79999923706055,63.88999938964844,63.189998626708984,63.7599983215332,52012700
2012-11-21,56.85417938232422,63.93000030517578,64.0199966430664,63.599998474121094,63.869998931884766,19611700
2012-11-23,57.71680450439453,64.9000015258789,64.91999816894531,64.25,64.29000091552734,16462900
2012-11-26,57.96580505371094,65.18000030517578,65.22000122070312,64.54000091552734,64.73999786376953,26430900
2012-11-27,57.77016830444336,64.95999908447266,65.4000015258789,64.8499984741211,65.16999816894531,25828600
2012-11-28,58.268184661865234,65.5199966430664,65.56999969482422,64.25,64.6500015258789,37295800
2012-11-29,58.61503982543945,65.91000366210938,66.13999938964844,65.58000183105469,65.87000274658203,41136100
2012-11-30,58.51719284057617,65.80000305175781,65.97000122070312,65.61000061035156,65.91999816894531,33497400
2012-12-03,58.40159606933594,65.66999816894531,66.37000274658203,65.63999938964844,66.30999755859375,28240000
2012-12-04,58.366004943847656,65.62999725341797,65.7699966430664,65.19999694824219,65.69999694824219,49584500
2012-12-05,57.71680450439453,64.9000015258789,65.54000091552734,64.55000305175781,65.52999877929688,54076200
2012-12-06,58.09031677246094,65.31999969482422,65.4800033569336,64.52999877929688,64.69999694824219,47512300
2012-12-07,57.74348831176758,64.93000030517578,65.70999908447266,64.70999908447266,65.63999938964844,30089400
2012-12-10,57.91244125366211,65.12000274658203,65.45999908447266,64.75,64.75,33219600
2012-12-11,58.66838836669922,65.97000122070312,66.33999633789062,65.5199966430664,65.56999969482422,40750800
2012-12-12,58.54387664794922,65.83000183105469,66.31999969482422,65.6500015258789,66.31999969482422,45917700
2012-12-13,58.08142852783203,65.30999755859375,66.16000366210938,65.02999877929688,65.69999694824219,45467700
2012-12-14,57.53004837036133,64.69000244140625,65.08000183105469,64.47000122070312,64.87000274658203,39630300
2012-12-17,58.29486846923828,65.55000305175781,65.56999969482422,64.66000366210938,64.75,42302900
2012-12-18,59.18418502807617,66.55000305175781,66.6500015258789,65.69999694824219,65.87999725341797,55596000
2012-12-19,58.92628479003906,66.26000213623047,66.76000213623047,66.22000122070312,66.73999786376953,34832500
2012-12-20,58.92628479003906,66.26000213623047,66.41000366210938,65.93000030517578,66.37999725341797,40754300
2012-12-21,58.30655288696289,65.19999694824219,65.27999877929688,64.5999984741211,64.87999725341797,51152900
2012-12-24,58.19028091430664,65.06999969482422,65.13999938964844,64.91999816894531,65.02999877929688,11418300
2012-12-26,57.680564880371094,64.5,65.18000030517578,64.29000091552734,65.12000274658203,21751300
2012-12-27,57.59111404418945,64.4000015258789,64.63999938964844,63.599998474121094,64.55999755859375,52933200
2012-12-28,57.03667449951172,63.779998779296875,64.43000030517578,63.75,63.90999984741211,33082100
2012-12-31,58.24393844604492,65.12999725341797,65.25,63.58000183105469,63.709999084472656,57544000
2013-01-02,60.095088958740234,67.19999694824219,67.2300033569336,66.4800033569336,66.7300033569336,70695900
2013-01-03,59.782081604003906,66.8499984741211,67.33999633789062,66.6500015258789,67.19999694824219,47366500
2013-01-04,59.58534240722656,66.62999725341797,66.87999725341797,66.47000122070312,66.87999725341797,33972500
2013-01-07,59.60325241088867,66.6500015258789,66.76000213623047,66.25,66.45999908447266,26766200
2013-01-08,59.48699188232422,66.5199966430664,66.81999969482422,66.16999816894531,66.63999938964844,28734900
2013-01-09,59.71055221557617,66.7699966430664,66.94999694824219,66.55000305175781,66.62000274658203,25600300
2013-01-10,60.06824493408203,67.16999816894531,67.2699966430664,66.55000305175781,67.2300033569336,37528000
2013-01-11,60.14875411987305,67.26000213623047,67.29000091552734,67.0,67.13999938964844,21158600
2013-01-14,59.88045120239258,66.95999908447266,67.1500015258789,66.66999816894531,66.91999816894531,36768500
2013-01-15,59.58534240722656,66.62999725341797,66.7300033569336,66.33000183105469,66.62999725341797,31675300
2013-01-16,59.82681655883789,66.9000015258789,67.12999725341797,66.5999984741211,66.72000122070312,33822300
2013-01-17,60.112945556640625,67.22000122070312,67.4800033569336,67.05999755859375,67.16999816894531,32024200
2013-01-18,59.978843688964844,67.06999969482422,67.13999938964844,66.7699966430664,67.0199966430664,31992000
2013-01-22,60.077205657958984,67.18000030517578,67.2300033569336,66.7300033569336,67.13999938964844,32123100
2013-01-23,60.44383239746094,67.58999633789062,67.79000091552734,67.45999908447266,67.55999755859375,31975700
2013-01-24,59.6121940612793,66.66000366210938,67.27999877929688,66.55999755859375,66.66000366210938,42596300
2013-01-25,59.91624069213867,67.0,67.19000244140625,66.73999786376953,66.87000274658203,39240100
2013-01-28,60.05037307739258,67.1500015258789,67.37999725341797,66.93000030517578,67.01000213623047,32926100
2013-01-29,60.059322357177734,67.16000366210938,67.30999755859375,66.62999725341797,67.06999969482422,35554700
2013-01-30,59.93411636352539,67.0199966430664,67.4800033569336,66.87000274658203,67.27999877929688,34445000
2013-01-31,59.799991607666016,66.87000274658203,67.3499984741211,66.80999755859375,66.98999786376953,34870500
2013-02-01,60.5064582824707,67.66000366210938,67.77999877929688,67.06999969482422,67.33999633789062,53120800
2013-02-04,59.451229095458984,66.4800033569336,67.45999908447266,66.45999908447266,67.2699966430664,48483700
2013-02-05,60.327613830566406,67.45999908447266,67.66999816894531,66.61000061035156,66.7699966430664,35120300
2013-02-06,60.13085174560547,67.23999786376953,67.55000305175781,67.04000091552734,67.23999786376953,43593200
2013-02-07,60.18450164794922,67.30000305175781,67.37000274658203,66.55999755859375,67.31999969482422,46017900
2013-02-08,60.80155563354492,67.98999786376953,68.12999725341797,67.62999725341797,67.63999938964844,39837200
2013-02-11,60.81944274902344,68.01000213623047,68.05999755859375,67.77999877929688,68.02999877929688,17650400
2013-02-12,60.56905746459961,67.7300033569336,68.05000305175781,67.66000366210938,67.91999816894531,22057900
2013-02-13,60.78367614746094,67.97000122070312,68.2300033569336,67.7699966430664,67.93000030517578,23494700
2013-02-14,60.76578140258789,67.94999694824219,68.05000305175781,67.62000274658203,67.66000366210938,24478800
2013-02-15,60.586936950683594,67.75,68.11000061035156,67.55999755859375,67.94000244140625,25333600
2013-02-19,61.025123596191406,68.23999786376953,68.26000213623047,67.86000061035156,67.87999725341797,23436500
2013-02-20,60.08613967895508,67.19000244140625,68.25,67.18000030517578,68.22000122070312,38200300
2013-02-21,59.442283630371094,66.47000122070312,67.01000213623047,66.2300033569336,66.94000244140625,45855600
2013-02-22,60.041412353515625,67.13999938964844,67.1500015258789,66.58999633789062,66.8499984741211,21968000
2013-02-25,59.2991943359375,66.30999755859375,67.80999755859375,66.25,67.56999969482422,40927600
2013-02-26,59.522762298583984,66.55999755859375,66.68000030517578,65.95999908447266,66.4000015258789,42088800
2013-02-27,60.13085174560547,67.23999786376953,67.6500015258789,66.47000122070312,66.55999755859375,36339500
2013-02-28,60.005653381347656,67.0999984741211,67.73999786376953,67.08999633789062,67.25,28557300
2013-03-01,60.25606918334961,67.37999725341797,67.5,66.54000091552734,66.87000274658203,31617200
2013-03-04,60.524356842041016,67.68000030517578,67.69000244140625,67.06999969482422,67.16000366210938,19380500
2013-03-05,61.418636322021484,68.68000030517578,68.7699966430664,68.08000183105469,68.08000183105469,35581900
2013-03-06,61.26656723022461,68.51000213623047,68.91000366210938,68.41999816894531,68.88999938964844,29071100
2013-03-07,61.427555084228516,68.69000244140625,68.80000305175781,68.44999694824219,68.58999633789062,21775900
2013-03-08,61.49908447265625,68.7699966430664,69.0199966430664,68.5,68.91999816894531,26159900
2013-03-11,61.67796325683594,68.97000122070312,68.98999786376953,68.47000122070312,68.68000030517578,23187900
2013-03-12,61.45438766479492,68.72000122070312,68.93000030517578,68.38999938964844,68.7699966430664,27575400
2013-03-13,61.3738899230957,68.62999725341797,68.88999938964844,68.38999938964844,68.80999755859375,34297300
2013-03-14,61.57958221435547,68.86000061035156,69.01000213623047,68.70999908447266,68.87000274658203,31530800
2013-03-15,61.408355712890625,68.51000213623047,68.79000091552734,68.33999633789062,68.75,30752600
2013-03-18,61.27393341064453,68.36000061035156,68.63999938964844,67.7300033569336,67.87999725341797,36163000
2013-03-19,61.15743637084961,68.2300033569336,68.69999694824219,67.62000274658203,68.56999969482422,33125100
2013-03-20,61.58766174316406,68.70999908447266,68.86000061035156,68.38999938964844,68.70999908447266,28035400
2013-03-21,60.88850402832031,67.93000030517578,68.25,67.7699966430664,68.08000183105469,30050800
2013-03-22,61.480079650878906,68.58999633789062,68.63999938964844,68.12999725341797,68.20999908447266,28837200
2013-03-25,61.25597381591797,68.33999633789062,68.95999908447266,68.01000213623047,68.80999755859375,24909800
2013-03-26,61.58766174316406,68.70999908447266,68.7300033569336,68.44999694824219,68.5999984741211,19725200
2013-03-27,61.6683464050293,68.80000305175781,68.8499984741211,68.13999938964844,68.23999786376953,22539500
2013-03-28,61.820709228515625,68.97000122070312,69.05999755859375,68.63999938964844,68.80000305175781,23662800
2013-04-01,61.3994255065918,68.5,69.08999633789062,68.30999755859375,69.0199966430664,28112800
2013-04-02,61.88343048095703,69.04000091552734,69.2699966430664,68.7699966430664,68.83000183105469,29431900
2013-04-03,61.31875228881836,68.41000366210938,69.18000030517578,68.23999786376953,69.08000183105469,35131200
2013-04-04,61.336666107177734,68.43000030517578,68.5999984741211,68.05999755859375,68.37999725341797,32287400
2013-04-05,60.82576370239258,67.86000061035156,67.95999908447266,67.19000244140625,67.3499984741211,55610800
2013-04-08,61.148433685302734,68.22000122070312,68.23999786376953,67.69000244140625,67.88999938964844,17891600
2013-04-09,61.5607795715332,68.68000030517578,68.95999908447266,68.08999633789062,68.4000015258789,30931400
2013-04-10,62.76183319091797,70.0199966430664,70.16999816894531,68.87999725341797,68.91999816894531,55271300
2013-04-11,62.7349739074707,69.98999786376953,70.1500015258789,69.7699966430664,69.8499984741211,37233600
2013-04-12,62.69013214111328,69.94000244140625,69.98999786376953,69.41000366210938,69.81999969482422,32783700
2013-04-15,61.45317077636719,68.55999755859375,69.79000091552734,68.4800033569336,69.68000030517578,48795800
2013-04-16,62.26884841918945,69.47000122070312,69.55000305175781,68.80999755859375,68.94999694824219,27682600
2013-04-17,61.049842834472656,68.11000061035156,68.88999938964844,67.70999908447266,68.87000274658203,60204800
2013-04-18,60.20726776123047,67.16999816894531,68.33000183105469,66.87999725341797,68.29000091552734,56798200
2013-04-19,61.03190231323242,68.08999633789062,68.2300033569336,67.19999694824219,67.30000305175781,43062800
2013-04-22,61.659332275390625,68.79000091552734,69.04000091552734,68.08000183105469,68.33000183105469,34412100
2013-04-23,62.25099182128906,69.44999694824219,69.69999694824219,68.81999969482422,69.18000030517578,53078300
2013-04-24,62.224029541015625,69.41999816894531,69.66999816894531,69.12000274658203,69.27999877929688,44500700
2013-04-25,62.555686950683594,69.79000091552734,70.05000305175781,69.58999633789062,69.5999984741211,26437100
2013-04-26,62.358489990234375,69.56999969482422,69.7699966430664,69.2699966430664,69.62000274658203,24079800
2013-04-29,62.932159423828125,70.20999908447266,70.4800033569336,69.76000213623047,69.79000091552734,31664000
2013-04-30,63.3892936706543,70.72000122070312,70.7300033569336,70.04000091552734,70.30000305175781,30135800
2013-05-01,63.09351348876953,70.38999938964844,70.8499984741211,70.25,70.73999786376953,28537200
2013-05-02,63.891239166259766,71.27999877929688,71.43000030517578,70.44999694824219,70.51000213623047,31744200
2013-05-03,64.6441879272461,72.12000274658203,72.33999633789062,71.91000366210938,71.97000122070312,34061700
2013-05-06,64.89513397216797,72.4000015258789,72.51000213623047,72.19000244140625,72.25,19244300
2013-05-07,64.8592758178711,72.36000061035156,72.56999969482422,72.08999633789062,72.5199966430664,25838100
2013-05-08,65.17298889160156,72.70999908447266,72.7699966430664,72.19999694824219,72.31999969482422,24252100
2013-05-09,65.08338928222656,72.61000061035156,73.0999984741211,72.47000122070312,72.56999969482422,29337200
2013-05-10,65.47779846191406,73.05000305175781,73.08000183105469,72.62999725341797,72.76000213623047,20663700
2013-05-13,65.55842590332031,73.13999938964844,73.31999969482422,72.86000061035156,72.93000030517578,29730100
2013-05-14,65.89904022216797,73.5199966430664,73.73999786376953,73.12999725341797,73.16000366210938,36009800
2013-05-15,66.03349304199219,73.66999816894531,73.73999786376953,73.19999694824219,73.37999725341797,27214400
2013-05-16,65.96177673339844,73.58999633789062,74.0999984741211,73.55000305175781,73.7300033569336,27253400
2013-05-17,66.59818267822266,74.30000305175781,74.33000183105469,73.7300033569336,73.97000122070312,31114500
2013-05-20,66.49962615966797,74.19000244140625,74.43000030517578,73.88999938964844,74.16000366210938,25132400
2013-05-21,66.5713119506836,74.2699966430664,74.54000091552734,73.88999938964844,74.1500015258789,25900000
2013-05-22,65.98868560791016,73.62000274658203,74.94999694824219,73.23999786376953,74.36000061035156,59843200
2013-05-23,65.83629608154297,73.44999694824219,73.69999694824219,72.83000183105469,72.97000122070312,48222100
2013-05-24,65.80046844482422,73.41000366210938,73.43000030517578,72.76000213623047,72.95999908447266,26430300
2013-05-28,66.23070526123047,73.88999938964844,74.54000091552734,73.66000366210938,74.2699966430664,27057100
2013-05-29,65.91696166992188,73.54000091552734,73.80000305175781,73.12000274658203,73.5999984741211,32090300
2013-05-30,66.26656341552734,73.93000030517578,74.27999877929688,73.55000305175781,73.56999969482422,32390500
2013-05-31,65.65699768066406,73.25,74.20999908447266,73.16999816894531,73.6500015258789,38347600
2013-06-03,65.77356719970703,73.37999725341797,73.4000015258789,72.43000030517578,73.26000213623047,47613100
2013-06-04,65.43294525146484,73.0,73.81999969482422,72.69999694824219,73.52999877929688,35251900
2013-06-05,64.58145141601562,72.05000305175781,73.04000091552734,71.98999786376953,72.76000213623047,48654200
2013-06-06,64.89513397216797,72.4000015258789,72.41000366210938,71.47000122070312,72.1500015258789,62524100
2013-06-07,65.78251647949219,73.38999938964844,73.47000122070312,72.5199966430664,72.69999694824219,31969800
2013-06-10,65.80943298339844,73.41999816894531,73.76000213623047,73.26000213623047,73.52999877929688,25390000
2013-06-11,65.15507507324219,72.69000244140625,73.33999633789062,72.44000244140625,72.69000244140625,40278900
2013-06-12,64.40216827392578,71.8499984741211,73.13999938964844,71.73999786376953,73.11000061035156,42081900
2013-06-13,65.21783447265625,72.76000213623047,72.91999816894531,71.55000305175781,71.75,28221500
2013-06-14,64.78760528564453,72.27999877929688,72.83999633789062,72.16999816894531,72.76000213623047,27690700
2013-06-17,65.41502380371094,72.9800033569336,73.4000015258789,72.5999984741211,72.8499984741211,32441900
2013-06-18,65.9528579711914,73.58000183105469,73.72000122070312,73.05999755859375,73.08000183105469,24853100
2013-06-19,65.21783447265625,72.76000213623047,73.68000030517578,72.68000030517578,73.5999984741211,43145100
2013-06-20,63.667137145996094,71.02999877929688,72.16000366210938,70.79000091552734,71.91999816894531,60908400
2013-06-21,63.3291015625,70.43000030517578,70.97000122070312,69.83999633789062,70.77999877929688,51558900
2013-06-24,62.699642181396484,69.7300033569336,70.2699966430664,69.1500015258789,69.8499984741211,41492300
2013-06-25,63.1582145690918,70.23999786376953,70.5199966430664,69.80999755859375,70.4000015258789,28897400
2013-06-26,63.72468566894531,70.87000274658203,71.0,70.58999633789062,70.83999633789062,23742300
2013-06-27,63.994483947753906,71.16999816894531,71.62000274658203,71.12999725341797,71.23999786376953,23545000
2013-06-28,64.0843734741211,71.2699966430664,71.69000244140625,70.79000091552734,70.94999694824219,28301100
2013-07-01,64.48004150390625,71.70999908447266,72.30000305175781,71.63999938964844,71.75,24942800
2013-07-02,64.50696563720703,71.73999786376953,72.18000030517578,71.3499984741211,71.68000030517578,23067900
2013-07-03,64.76774597167969,72.02999877929688,72.37000274658203,71.41999816894531,71.4800033569336,18847500
2013-07-05,65.26229858398438,72.58000183105469,72.61000061035156,71.86000061035156,72.44000244140625,28795900
2013-07-08,65.32526397705078,72.6500015258789,72.98999786376953,72.37999725341797,72.95999908447266,20558500
2013-07-09,65.72087097167969,73.08999633789062,73.25,72.6500015258789,72.98999786376953,26108600
2013-07-10,66.09854125976562,73.51000213623047,73.62000274658203,72.9800033569336,73.0199966430664,25598900
2013-07-11,67.41133880615234,74.97000122070312,75.02999877929688,74.25,74.30000305175781,47768900
2013-07-12,67.70809173583984,75.30000305175781,75.3499984741211,74.81999969482422,75.0199966430664,31412600
2013-07-15,67.86092376708984,75.47000122070312,75.5199966430664,75.16999816894531,75.37999725341797,19783600
2013-07-16,67.77101135253906,75.37000274658203,75.58999633789062,75.18000030517578,75.52999877929688,31747100
2013-07-17,67.94184875488281,75.55999755859375,75.73999786376953,75.3499984741211,75.5999984741211,24631500
2013-07-18,67.77101135253906,75.37000274658203,75.73999786376953,75.25,75.55000305175781,36278800
2013-07-19,67.06963348388672,74.58999633789062,74.73999786376953,74.37000274658203,74.72000122070312,37732400
2013-07-22,67.26748657226562,74.80999755859375,74.9800033569336,74.58000183105469,74.87000274658203,21135900
2013-07-23,66.77291870117188,74.26000213623047,74.95999908447266,74.19999694824219,74.94999694824219,24739500
2013-07-24,66.98871612548828,74.5,75.0199966430664,74.33000183105469,74.98999786376953,24426900
2013-07-25,67.41133880615234,74.97000122070312,75.05999755859375,74.45999908447266,74.8499984741211,23162200
2013-07-26,67.77101135253906,75.37000274658203,75.37999725341797,74.55000305175781,74.66999816894531,20885600
2013-07-29,67.64512634277344,75.2300033569336,75.54000091552734,75.02999877929688,75.22000122070312,20958400
2013-07-30,68.00479888916016,75.62999725341797,75.94999694824219,75.3499984741211,75.5,24104600
2013-07-31,68.13068389892578,75.7699966430664,76.20999908447266,75.62999725341797,75.77999877929688,25007600
2013-08-01,68.82305145263672,76.54000091552734,76.6500015258789,76.20999908447266,76.29000091552734,16880000
2013-08-02,69.20972442626953,76.97000122070312,76.98999786376953,76.37999725341797,76.55000305175781,18105300
2013-08-05,69.2546615600586,77.0199966430664,77.08000183105469,76.77999877929688,76.93000030517578,15462800
2013-08-06,68.84101867675781,76.55999755859375,76.98999786376953,76.25,76.91999816894531,23675400
2013-08-07,68.71512603759766,76.41999816894531,76.56999969482422,75.87000274658203,76.33999633789062,20281200
2013-08-08,69.05683135986328,76.80000305175781,76.9800033569336,76.30000305175781,76.83999633789062,19994000
2013-08-09,68.77808380126953,76.48999786376953,76.94000244140625,76.2699966430664,76.66999816894531,18558500
2013-08-12,68.93992614746094,76.66999816894531,76.80999755859375,76.19000244140625,76.19999694824219,20515900
2013-08-13,69.32659912109375,77.0999984741211,77.2699966430664,76.22000122070312,76.7699966430664,23917000
2013-08-14,69.0658187866211,76.80999755859375,77.18000030517578,76.69999694824219,77.06999969482422,29921000
2013-08-15,67.89689636230469,75.51000213623047,75.98999786376953,75.29000091552734,75.94999694824219,39406600
2013-08-16,67.86991119384766,75.4800033569336,75.87000274658203,75.3499984741211,75.5199966430664,23825000
2013-08-19,67.75301361083984,75.3499984741211,76.12999725341797,75.33000183105469,75.48999786376953,29586900
2013-08-20,68.04972076416016,75.68000030517578,76.02999877929688,75.43000030517578,75.48999786376953,18842800
2013-08-21,67.81596374511719,75.41999816894531,76.08999633789062,75.13999938964844,75.44000244140625,30705100
2013-08-22,68.48133850097656,76.16000366210938,76.20999908447266,75.70999908447266,75.75,17269500
2013-08-23,68.93992614746094,76.66999816894531,76.7699966430664,76.4000015258789,76.69999694824219,20697300
2013-08-26,68.97589111328125,76.70999908447266,77.27999877929688,76.55000305175781,76.7300033569336,27525500
2013-08-27,67.56420135498047,75.13999938964844,76.18000030517578,74.95999908447266,75.80000305175781,40068900
2013-08-28,67.82495880126953,75.43000030517578,75.75,75.05000305175781,75.05000305175781,20490400
2013-08-29,68.30152893066406,75.95999908447266,76.33999633789062,75.30000305175781,75.41000366210938,27287900
2013-08-30,67.86092376708984,75.47000122070312,76.04000091552734,75.19999694824219,76.04000091552734,26228500
2013-09-03,68.2475357055664,75.9000015258789,76.44000244140625,75.54000091552734,76.08999633789062,27241500
2013-09-04,68.97589111328125,76.70999908447266,76.83999633789062,75.93000030517578,76.16000366210938,27142900
2013-09-05,69.09278106689453,76.83999633789062,77.05999755859375,76.7300033569336,76.76000213623047,17809700
2013-09-06,69.1737289428711,76.93000030517578,77.33999633789062,76.05000305175781,77.0999984741211,27715100
2013-09-09,69.98299407958984,77.83000183105469,77.95999908447266,77.2300033569336,77.26000213623047,25161900
2013-09-10,70.32465362548828,78.20999908447266,78.31999969482422,77.91999816894531,78.27999877929688,27619400
2013-09-11,70.1897964477539,78.05999755859375,78.11000061035156,77.58999633789062,77.69000244140625,28132900
2013-09-12,70.14483642578125,78.01000213623047,78.25,77.8499984741211,78.08000183105469,18332700
2013-09-13,70.1897964477539,78.05999755859375,78.13999938964844,77.63999938964844,78.08999633789062,16932500
2013-09-16,70.0009536743164,77.8499984741211,78.72000122070312,77.66999816894531,78.72000122070312,25704300
2013-09-17,70.46853637695312,78.37000274658203,78.47000122070312,77.9800033569336,78.0199966430664,27174300
2013-09-18,71.31376647949219,79.30999755859375,79.47000122070312,78.33000183105469,78.48999786376953,31714700
2013-09-19,71.484619140625,79.5,79.69000244140625,79.36000061035156,79.55999755859375,26435700
2013-09-20,71.23928833007812,78.98999786376953,79.54000091552734,78.94999694824219,79.44999694824219,26328900
2013-09-23,71.09501647949219,78.83000183105469,79.41000366210938,78.45999908447266,79.31999969482422,30319400
2013-09-24,71.09501647949219,78.83000183105469,79.25,78.56999969482422,79.0,21871300
2013-09-25,70.85150146484375,78.55999755859375,79.0,78.4000015258789,78.88999938964844,22746400
2013-09-26,71.40161895751953,79.16999816894531,79.36000061035156,78.8499984741211,78.87999725341797,22421700
2013-09-27,71.31146240234375,79.06999969482422,79.20999908447266,78.58999633789062,78.70999908447266,25151600
2013-09-30,71.14007568359375,78.87999725341797,79.08999633789062,78.0,78.25,28031900
2013-10-01,71.86158752441406,79.68000030517578,79.72000122070312,78.8499984741211,78.88999938964844,33129700
2013-10-02,71.83454132080078,79.6500015258789,79.76000213623047,79.05999755859375,79.13999938964844,25503800
2013-10-03,70.99581146240234,78.72000122070312,79.72000122070312,78.30000305175781,79.55000305175781,42998200
2013-10-04,71.60908508300781,79.4000015258789,79.51000213623047,78.6500015258789,78.72000122070312,22852700
2013-10-07,71.01382446289062,78.73999786376953,79.3499984741211,78.66999816894531,78.69999694824219,20227100
2013-10-08,69.64302062988281,77.22000122070312,78.80999755859375,77.19000244140625,78.73999786376953,43660700
2013-10-09,69.4265365600586,76.9800033569336,77.44000244140625,76.3499984741211,77.4000015258789,64526700
2013-10-10,70.8965835571289,78.61000061035156,78.79000091552734,77.79000091552734,77.80999755859375,48062700
2013-10-11,71.45573425292969,79.2300033569336,79.29000091552734,78.4000015258789,78.41000366210938,25214100
2013-10-14,71.9607925415039,79.79000091552734,79.79000091552734,78.68000030517578,78.73999786376953,31471900
2013-10-15,71.68121337890625,79.4800033569336,80.11000061035156,79.37999725341797,79.7300033569336,38684000
2013-10-16,72.49290466308594,80.37999725341797,80.41999816894531,79.79000091552734,79.8499984741211,46735900
2013-10-17,72.90774536132812,80.83999633789062,80.87000274658203,79.94999694824219,80.0199966430664,32193500
2013-10-18,74.08921813964844,82.1500015258789,82.18000030517578,81.3499984741211,81.58000183105469,39628200
2013-10-21,74.2515869140625,82.33000183105469,82.54000091552734,82.06999969482422,82.33999633789062,31176900
2013-10-22,74.35982513427734,82.44999694824219,82.9000015258789,81.93000030517578,82.6500015258789,43944800
2013-10-23,73.90886688232422,81.94999694824219,82.19999694824219,81.55000305175781,82.05000305175781,38021300
2013-10-24,74.23355102539062,82.30999755859375,82.4800033569336,81.87999725341797,82.0,23155100
2013-10-25,74.7656478881836,82.9000015258789,83.27999877929688,82.5,83.08000183105469,35824500
2013-10-28,74.78366088867188,82.91999816894531,83.05000305175781,82.55000305175781,82.91000366210938,28618400
2013-10-29,74.90991973876953,83.05999755859375,83.26000213623047,82.69999694824219,83.19999694824219,36878100
2013-10-30,74.83781433105469,82.9800033569336,83.48999786376953,82.58000183105469,83.3499984741211,33535500
2013-10-31,74.66641998291016,82.79000091552734,83.30000305175781,82.4800033569336,82.7699966430664,31309900
2013-11-01,74.68449401855469,82.80999755859375,83.16999816894531,82.4000015258789,83.06999969482422,30867800
2013-11-04,74.79270935058594,82.93000030517578,83.06999969482422,82.63999938964844,83.05999755859375,16834000
2013-11-05,74.87385559082031,83.0199966430664,83.22000122070312,82.37000274658203,82.61000061035156,27975600
2013-11-06,74.85581970214844,83.0,83.4000015258789,82.7300033569336,83.37000274658203,25576800
2013-11-07,73.44891357421875,81.44000244140625,83.12999725341797,81.37000274658203,83.01000213623047,52173200
2013-11-08,74.44097137451172,82.54000091552734,82.55999755859375,81.51000213623047,81.73999786376953,31470500
2013-11-11,74.32369232177734,82.41000366210938,82.63999938964844,82.13999938964844,82.41999816894531,24822900
2013-11-12,74.44097137451172,82.54000091552734,82.66000366210938,82.12000274658203,82.16000366210938,20108500
2013-11-13,75.34286499023438,83.54000091552734,83.55000305175781,82.0,82.0,31345900
2013-11-14,75.57735443115234,83.80000305175781,83.86000061035156,83.13999938964844,83.31999969482422,31101200
2013-11-15,75.72163391113281,83.95999908447266,83.95999908447266,83.61000061035156,83.81999969482422,20511300
2013-11-18,74.98210906982422,83.13999938964844,84.11000061035156,82.9800033569336,83.94000244140625,31679600
2013-11-19,74.7656478881836,82.9000015258789,83.48999786376953,82.76000213623047,83.08999633789062,25545300
2013-11-20,74.58525085449219,82.69999694824219,83.43000030517578,82.45999908447266,83.12000274658203,32177400
2013-11-21,75.34286499023438,83.54000091552734,83.61000061035156,82.9800033569336,83.05000305175781,28125000
2013-11-22,75.74869537353516,83.98999786376953,84.0199966430664,83.62000274658203,83.68000030517578,25361300
2013-11-25,75.9290542602539,84.19000244140625,84.37999725341797,83.9800033569336,84.29000091552734,21695100
2013-11-26,76.325927734375,84.62999725341797,84.83999633789062,84.02999877929688,84.20999908447266,26621000
2013-11-27,76.85802459716797,85.22000122070312,85.23999786376953,84.7300033569336,84.80000305175781,21638100
2013-11-29,77.31793975830078,85.7300033569336,85.83999633789062,85.47000122070312,85.55999755859375,16708900
2013-12-02,77.09249114990234,85.4800033569336,85.95999908447266,85.3499984741211,85.83000183105469,26354600
2013-12-03,77.02935791015625,85.41000366210938,85.63999938964844,85.08000183105469,85.41999816894531,37147000
2013-12-04,77.10148620605469,85.48999786376953,85.7699966430664,84.77999877929688,85.05000305175781,37193200
2013-12-05,77.00230407714844,85.37999725341797,85.66000366210938,85.16999816894531,85.55999755859375,39829300
2013-12-06,77.56145477294922,86.0,86.18000030517578,85.58999633789062,86.0999984741211,36842900
2013-12-09,77.87711334228516,86.3499984741211,86.52999877929688,86.19999694824219,86.3499984741211,22590000
2013-12-10,77.8230209350586,86.29000091552734,86.44999694824219,86.12000274658203,86.20999908447266,26965900
2013-12-11,76.82192993164062,85.18000030517578,86.4000015258789,85.05999755859375,86.27999877929688,36830600
2013-12-12,76.62352752685547,84.95999908447266,85.41999816894531,84.9000015258789,85.20999908447266,33662600
2013-12-13,76.5242691040039,84.8499984741211,85.4000015258789,84.70999908447266,85.36000061035156,34072000
2013-12-16,76.9482192993164,85.31999969482422,85.80999755859375,85.20999908447266,85.2699966430664,24902500
2013-12-17,76.79487609863281,85.1500015258789,85.52999877929688,84.98999786376953,85.31999969482422,24454900
2013-12-18,77.68770599365234,86.13999938964844,86.22000122070312,84.05000305175781,85.25,68387200
2013-12-19,77.47126007080078,85.9000015258789,86.01000213623047,85.5199966430664,86.0,44964100
2013-12-20,78.26020812988281,86.5,86.68000030517578,85.7300033569336,85.79000091552734,40475400
2013-12-23,79.08352661132812,87.41000366210938,87.41000366210938,86.94999694824219,87.20999908447266,28181800
2013-12-24,79.11972045898438,87.44999694824219,87.51000213623047,87.2699966430664,87.43000030517578,13852500
2013-12-26,79.38208770751953,87.73999786376953,87.80999755859375,87.44000244140625,87.61000061035156,15241100
2013-12-27,79.18302917480469,87.5199966430664,87.9000015258789,87.41000366210938,87.8499984741211,15827400
2013-12-30,79.06542205810547,87.38999938964844,87.51000213623047,87.13999938964844,87.38999938964844,18983700
2013-12-31,79.58112335205078,87.95999908447266,87.95999908447266,87.5199966430664,87.55000305175781,24890500
2014-01-02,78.95685577392578,87.2699966430664,87.58000183105469,87.0199966430664,87.55000305175781,29177500
2014-01-03,78.38687896728516,86.63999938964844,87.3499984741211,86.62000274658203,87.2699966430664,35723700
2014-01-06,78.09737396240234,86.31999969482422,86.76000213623047,86.0,86.66000366210938,32073100
2014-01-07,78.82115936279297,87.12000274658203,87.25,86.55999755859375,86.72000122070312,25860600
2014-01-08,78.99303436279297,87.30999755859375,87.55000305175781,86.94999694824219,87.13999938964844,27197400
2014-01-09,78.73068237304688,87.0199966430664,87.63999938964844,86.72000122070312,87.62999725341797,23674700
2014-01-10,78.98399353027344,87.30000305175781,87.4000015258789,86.58000183105469,87.2300033569336,38008900
2014-01-13,77.81689453125,86.01000213623047,87.4800033569336,85.68000030517578,87.18000030517578,48842300
2014-01-14,79.30065155029297,87.6500015258789,87.72000122070312,86.30000305175781,86.30000305175781,37178900
2014-01-15,79.95206451416016,88.37000274658203,88.54000091552734,87.94000244140625,88.02999877929688,39835600
2014-01-16,79.96112060546875,88.37999725341797,88.51000213623047,88.16000366210938,88.30000305175781,31630100
2014-01-17,79.50872039794922,87.87999725341797,88.37000274658203,87.66999816894531,88.11000061035156,36895800
2014-01-21,80.11492919921875,88.55000305175781,88.58999633789062,87.80999755859375,88.44000244140625,26412700
2014-01-22,80.32301330566406,88.77999877929688,89.0,88.5199966430664,88.77999877929688,29376900
2014-01-23,80.05158996582031,88.4800033569336,88.5199966430664,87.86000061035156,88.51000213623047,35011900
2014-01-24,78.47735595703125,86.73999786376953,88.18000030517578,86.70999908447266,88.05000305175781,63974600
2014-01-27,77.71736907958984,85.9000015258789,86.88999938964844,85.25,86.73999786376953,63519300
2014-01-28,77.67212677001953,85.8499984741211,85.94000244140625,85.30999755859375,85.5,44378800
2014-01-29,76.83975982666016,84.93000030517578,85.73999786376953,84.76000213623047,85.11000061035156,51939300
2014-01-30,78.26020812988281,86.5,86.80000305175781,85.87999725341797,85.97000122070312,65833600
2014-01-31,78.05213928222656,86.2699966430664,86.68000030517578,85.44999694824219,85.54000091552734,45187000
2014-02-03,76.26072692871094,84.29000091552734,86.5,84.06999969482422,86.11000061035156,65596900
2014-02-04,76.82166290283203,84.91000366210938,85.25,84.45999908447266,84.72000122070312,37675500
2014-02-05,76.62264251708984,84.69000244140625,84.98999786376953,83.73999786376953,84.62999725341797,41721800
2014-02-06,77.59973907470703,85.7699966430664,85.87999725341797,84.91999816894531,84.94000244140625,32308600
2014-02-07,78.98399353027344,87.30000305175781,87.36000061035156,86.0,86.25,38359400
2014-02-10,79.4363784790039,87.80000305175781,87.83999633789062,87.20999908447266,87.2699966430664,30205400
2014-02-11,80.34114837646484,88.80000305175781,88.97000122070312,87.88999938964844,87.98999786376953,38635500
2014-02-12,80.49492645263672,88.97000122070312,89.16999816894531,88.69999694824219,88.9800033569336,32507200
2014-02-13,81.0920639038086,89.62999725341797,89.69999694824219,88.30000305175781,88.31999969482422,40454500
2014-02-14,81.25493621826172,89.80999755859375,90.01000213623047,89.33000183105469,89.5999984741211,33212400
2014-02-18,81.65300750732422,90.25,90.41999816894531,89.73999786376953,89.95999908447266,29546600
2014-02-19,81.0920639038086,89.62999725341797,90.29000091552734,89.44999694824219,90.08000183105469,41749900
2014-02-20,81.4720458984375,90.05000305175781,90.22000122070312,89.30999755859375,89.69000244140625,41814800
2014-02-21,81.36347198486328,89.93000030517578,90.47000122070312,89.81999969482422,90.33999633789062,31192200
2014-02-24,81.7977523803711,90.41000366210938,90.81999969482422,90.04000091552734,90.13999938964844,31500400
2014-02-25,81.70729064941406,90.30999755859375,90.72000122070312,90.0199966430664,90.54000091552734,26771700
2014-02-26,81.63491821289062,90.2300033569336,90.83999633789062,89.87000274658203,90.55000305175781,42953700
2014-02-27,82.16456604003906,90.44000244140625,90.52999877929688,89.7300033569336,89.87000274658203,28742400
2014-02-28,82.07367706298828,90.33999633789062,90.95999908447266,89.54000091552734,90.41999816894531,48609800
2014-03-03,81.46501159667969,89.66999816894531,89.91000366210938,88.87000274658203,89.48999786376953,38885700
2014-03-04,82.5007095336914,90.80999755859375,90.9800033569336,90.55999755859375,90.6500015258789,33189000
2014-03-05,82.72781372070312,91.05999755859375,91.22000122070312,90.7699966430664,90.95999908447266,27203300
2014-03-06,82.65520477294922,90.9800033569336,91.33999633789062,90.6500015258789,91.2699966430664,24063900
2014-03-07,82.246337890625,90.52999877929688,91.36000061035156,90.06999969482422,91.2699966430664,31167800
2014-03-10,82.31902313232422,90.61000061035156,90.66000366210938,90.02999877929688,90.4800033569336,18131700
2014-03-11,81.96468353271484,90.22000122070312,91.05999755859375,89.94999694824219,90.83000183105469,27484300
2014-03-12,82.2735824584961,90.55999755859375,90.61000061035156,89.4800033569336,89.80999755859375,27977200
2014-03-13,81.1106948852539,89.27999877929688,90.93000030517578,88.87000274658203,90.9000015258789,48542000
2014-03-14,80.55651092529297,88.66999816894531,89.37999725341797,88.62999725341797,88.98999786376953,38732300
2014-03-17,81.26512908935547,89.44999694824219,89.91000366210938,89.19000244140625,89.23999786376953,28467200
2014-03-18,82.246337890625,90.52999877929688,90.63999938964844,89.52999877929688,89.55999755859375,31250200
2014-03-19,81.80116271972656,90.04000091552734,90.66000366210938,89.44999694824219,90.55999755859375,40869400
2014-03-20,82.02825927734375,90.29000091552734,90.55999755859375,89.58000183105469,89.76000213623047,31634500
2014-03-21,81.04124450683594,89.0,90.6500015258789,88.83000183105469,90.5999984741211,62754000
2014-03-24,80.33096313476562,88.22000122070312,89.38999938964844,87.41000366210938,89.31999969482422,77735300
2014-03-25,80.59505462646484,88.51000213623047,89.25,87.7699966430664,88.68000030517578,41723300
2014-03-26,79.55699157714844,87.37000274658203,89.1500015258789,87.36000061035156,88.94999694824219,40930400
2014-03-27,79.11077880859375,86.87999725341797,87.63999938964844,86.4000015258789,87.25,64784500
2014-03-28,79.26560974121094,87.05000305175781,88.01000213623047,86.80999755859375,87.16000366210938,39895100
2014-03-31,79.83015441894531,87.66999816894531,88.26000213623047,87.62000274658203,87.7300033569336,33924300
2014-04-01,81.23243713378906,89.20999908447266,89.2699966430664,87.70999908447266,88.0999984741211,38683800
2014-04-02,81.4418716430664,89.44000244140625,89.68000030517578,89.04000091552734,89.58999633789062,34631600
2014-04-03,80.79537963867188,88.7300033569336,89.68000030517578,88.22000122070312,89.52999877929688,30319100
2014-04-04,78.64640808105469,86.37000274658203,89.41000366210938,86.13999938964844,89.31999969482422,131213200
2014-04-07,77.89972686767578,85.55000305175781,86.62999725341797,84.94999694824219,85.83000183105469,83995800
2014-04-08,78.61907196044922,86.33999633789062,86.45999908447266,85.3499984741211,85.6500015258789,51495700
2014-04-09,79.96674346923828,87.81999969482422,87.87000274658203,86.43000030517578,86.66000366210938,45685200
2014-04-10,77.48995208740234,85.0999984741211,87.87999725341797,84.86000061035156,87.87999725341797,73659600
2014-04-11,76.58850860595703,84.11000061035156,85.44000244140625,83.91000366210938,84.33999633789062,93657400
2014-04-14,77.18949890136719,84.7699966430664,85.22000122070312,83.98999786376953,84.8499984741211,46500700
2014-04-15,77.44446563720703,85.05000305175781,85.54000091552734,83.27999877929688,85.08000183105469,84631500
2014-04-16,78.473388671875,86.18000030517578,86.18000030517578,85.08999633789062,85.79000091552734,46970900
2014-04-17,78.4916000366211,86.19999694824219,86.62999725341797,85.62999725341797,85.8499984741211,53719500
2014-04-21,79.0743637084961,86.83999633789062,86.83999633789062,86.0,86.4000015258789,25947900
2014-04-22,79.70266723632812,87.52999877929688,87.75,86.98999786376953,87.13999938964844,38593400
2014-04-23,79.00155639648438,86.76000213623047,87.55999755859375,86.70999908447266,87.52999877929688,34376700
2014-04-24,79.75727844238281,87.58999633789062,88.20999908447266,86.6500015258789,88.19000244140625,48926300
2014-04-25,78.48249816894531,86.19000244140625,87.16999816894531,85.9800033569336,87.06999969482422,44334000
2014-04-28,78.73744201660156,86.47000122070312,87.11000061035156,85.11000061035156,86.5999984741211,58623800
2014-04-29,79.36576080322266,87.16000366210938,87.31999969482422,86.30999755859375,86.7300033569336,36742700
2014-04-30,79.57520294189453,87.38999938964844,87.4800033569336,86.54000091552734,86.76000213623047,38689400
2014-05-01,79.81195068359375,87.6500015258789,88.1500015258789,87.30999755859375,87.52999877929688,37127200
2014-05-02,79.66622924804688,87.48999786376953,88.11000061035156,87.27999877929688,87.94999694824219,40074200
2014-05-05,80.08511352539062,87.94999694824219,87.97000122070312,86.76000213623047,86.97000122070312,27924400
2014-05-06,79.04704284667969,86.80999755859375,87.86000061035156,86.7699966430664,87.80999755859375,33698500
2014-05-07,78.81942749023438,86.55999755859375,87.08000183105469,85.52999877929688,86.98999786376953,67489100
2014-05-08,78.74658203125,86.4800033569336,87.52999877929688,86.05000305175781,86.25,46556900
2014-05-09,79.03793334960938,86.80000305175781,86.86000061035156,85.8499984741211,86.43000030517578,35081500
2014-05-12,80.34007263183594,88.2300033569336,88.26000213623047,87.23999786376953,87.31999969482422,38951100
2014-05-13,80.39469909667969,88.29000091552734,88.61000061035156,88.12000274658203,88.30999755859375,30311900
2014-05-14,79.97584533691406,87.83000183105469,88.3499984741211,87.62000274658203,88.0199966430664,26483600
2014-05-15,79.34752655029297,87.13999938964844,87.95999908447266,86.58000183105469,87.80999755859375,59680300
2014-05-16,79.86659240722656,87.70999908447266,87.76000213623047,86.63999938964844,87.23999786376953,66804100
2014-05-19,80.42205047607422,88.31999969482422,88.45999908447266,87.30000305175781,87.44999694824219,32017000
2014-05-20,80.1306381225586,88.0,88.5999984741211,87.63999938964844,88.27999877929688,33716000
2014-05-21,80.8955078125,88.83999633789062,88.88999938964844,88.11000061035156,88.16000366210938,36837700
2014-05-22,81.25067138671875,89.2300033569336,89.4800033569336,88.80000305175781,88.94000244140625,30617100
2014-05-23,81.84251403808594,89.87999725341797,89.9000015258789,89.12000274658203,89.31999969482422,22687300
2014-05-27,82.86236572265625,91.0,91.0199966430664,90.19999694824219,90.27999877929688,29725200
2014-05-28,82.60742950439453,90.72000122070312,91.0999984741211,90.6500015258789,90.97000122070312,30468100
2014-05-29,83.13554382324219,91.30000305175781,91.30999755859375,90.86000061035156,91.04000091552734,33036100
2014-05-30,83.14463806152344,91.30999755859375,91.44999694824219,90.83000183105469,91.31999969482422,29906400
2014-06-02,83.06266784667969,91.22000122070312,91.44000244140625,90.63999938964844,91.41999816894531,30409900
2014-06-03,83.02626037597656,91.18000030517578,91.33000183105469,90.80000305175781,90.91999816894531,21774500
2014-06-04,83.33585357666016,91.5199966430664,91.66999816894531,90.80999755859375,90.94999694824219,20118300
2014-06-05,84.03701782226562,92.29000091552734,92.45999908447266,91.29000091552734,91.5999984741211,35583100
2014-06-06,84.51959991455078,92.81999969482422,92.81999969482422,92.44999694824219,92.62999725341797,22680600
2014-06-09,84.45588684082031,92.75,92.9800033569336,92.5,92.83999633789062,23399500
2014-06-10,84.60155487060547,92.91000366210938,92.95999908447266,92.55999755859375,92.66999816894531,20626000
2014-06-11,84.5833511352539,92.88999938964844,93.0199966430664,92.5,92.58999633789062,22878200
2014-06-12,83.8184585571289,92.05000305175781,92.79000091552734,91.7300033569336,92.69000244140625,35275900
2014-06-13,84.06434631347656,92.31999969482422,92.55000305175781,91.91999816894531,92.44999694824219,39447100
2014-06-16,84.1371841430664,92.4000015258789,92.66999816894531,91.95999908447266,92.16000366210938,25212300
2014-06-17,84.18269348144531,92.44999694824219,92.69999694824219,92.18000030517578,92.33000183105469,19977900
2014-06-18,84.65621185302734,92.97000122070312,93.0999984741211,91.9800033569336,92.54000091552734,34514000
2014-06-19,84.60155487060547,92.91000366210938,93.16999816894531,92.48999786376953,93.11000061035156,38422200
2014-06-20,84.70108795166016,92.7699966430664,92.87000274658203,92.52999877929688,92.69999694824219,25897500
2014-06-23,84.71932220458984,92.79000091552734,92.81999969482422,92.51000213623047,92.76000213623047,20837900
2014-06-24,84.63717651367188,92.69999694824219,93.56999969482422,92.43000030517578,92.77999877929688,31945800
2014-06-25,85.17583465576172,93.29000091552734,93.44999694824219,92.4800033569336,92.48999786376953,32818600
2014-06-26,85.22149658203125,93.33999633789062,93.36000061035156,92.62000274658203,93.3499984741211,22563900
2014-06-27,85.5958480834961,93.75,93.7699966430664,93.19000244140625,93.22000122070312,22877800
2014-06-30,85.74192810058594,93.91000366210938,94.13999938964844,93.66999816894531,93.7300033569336,19751900
2014-07-01,86.68234252929688,94.94000244140625,95.19000244140625,94.19999694824219,94.23999786376953,31862500
2014-07-02,86.82843780517578,95.0999984741211,95.23999786376953,94.91000366210938,95.0,18777300
2014-07-03,87.37625122070312,95.69999694824219,95.69999694824219,95.1500015258789,95.41000366210938,15291700
2014-07-07,87.11149597167969,95.41000366210938,95.70999908447266,95.2300033569336,95.58999633789062,23266400
2014-07-08,86.06149291992188,94.26000213623047,95.30000305175781,93.87000274658203,95.2300033569336,40612400
2014-07-09,86.70059204101562,94.95999908447266,95.06999969482422,94.23999786376953,94.51000213623047,29919000
2014-07-10,86.42667388916016,94.66000366210938,95.05000305175781,93.62999725341797,93.73999786376953,44245300
2014-07-11,86.98363494873047,95.2699966430664,95.2699966430664,94.61000061035156,94.9000015258789,19566300
2014-07-14,87.50407409667969,95.83999633789062,96.05999755859375,95.54000091552734,95.69999694824219,19579000
2014-07-15,87.20277404785156,95.51000213623047,96.12999725341797,94.83000183105469,95.98999786376953,39467500
2014-07-16,87.54971313476562,95.88999938964844,96.30000305175781,95.79000091552734,96.19999694824219,22052600
2014-07-17,86.39017486572266,94.62000274658203,95.97000122070312,94.31999969482422,95.62999725341797,43111500
2014-07-18,87.75971984863281,96.12000274658203,96.16999816894531,95.0,95.11000061035156,36682200
2014-07-21,87.650146484375,96.0,96.16000366210938,95.55000305175781,95.91999816894531,29750700
2014-07-22,88.20707702636719,96.61000061035156,96.76000213623047,96.3499984741211,96.44999694824219,25770400
2014-07-23,88.77318572998047,97.2300033569336,97.33999633789062,96.7699966430664,96.94999694824219,28947500
2014-07-24,88.6727523803711,97.12000274658203,97.51000213623047,96.9800033569336,97.4000015258789,24707200
2014-07-25,88.32579803466797,96.73999786376953,96.87000274658203,96.2300033569336,96.62000274658203,29898900
2014-07-28,88.3531494140625,96.7699966430664,97.0199966430664,96.0199966430664,96.83999633789062,25603400
2014-07-29,88.19799041748047,96.5999984741211,97.19999694824219,96.5199966430664,96.9800033569336,27022200
2014-07-30,88.54491424560547,96.9800033569336,97.31999969482422,96.5999984741211,97.13999938964844,35348500
2014-07-31,86.75535583496094,95.0199966430664,96.33999633789062,94.87999725341797,96.18000030517578,50047900
2014-08-01,86.43582916259766,94.66999816894531,95.33999633789062,94.04000091552734,94.81999969482422,60708000
2014-08-04,87.029296875,95.31999969482422,95.69000244140625,94.5199966430664,94.87000274658203,33230500
2014-08-05,86.3627700805664,94.58999633789062,95.20999908447266,94.1500015258789,94.94000244140625,50331100
2014-08-06,86.29888916015625,94.5199966430664,95.11000061035156,93.91999816894531,94.0,34431900
2014-08-07,86.02496337890625,94.22000122070312,95.13999938964844,93.88999938964844,94.95999908447266,33274700
2014-08-08,86.64584350585938,94.9000015258789,95.01000213623047,93.97000122070312,94.37000274658203,40236900
2014-08-11,87.15708923339844,95.45999908447266,95.76000213623047,95.19999694824219,95.2699966430664,28277500
2014-08-12,87.12057495117188,95.41999816894531,95.66999816894531,94.93000030517578,95.36000061035156,28152300
2014-08-13,88.04273223876953,96.43000030517578,96.47000122070312,95.76000213623047,95.80999755859375,27996500
2014-08-14,88.49925994873047,96.93000030517578,96.94999694824219,96.43000030517578,96.55999755859375,25006600
2014-08-15,88.9283676147461,97.4000015258789,97.62999725341797,96.4800033569336,97.48999786376953,55205500
2014-08-18,89.61312103271484,98.1500015258789,98.23999786376953,97.7699966430664,97.91000366210938,38938300
2014-08-19,90.11528015136719,98.69999694824219,98.76000213623047,98.31999969482422,98.37999725341797,21363400
2014-08-20,90.11528015136719,98.69999694824219,98.9000015258789,98.52999877929688,98.62000274658203,23435600
2014-08-21,90.2979507446289,98.9000015258789,98.94999694824219,98.5999984741211,98.75,19339500
2014-08-22,90.43486022949219,99.05000305175781,99.25,98.72000122070312,98.94000244140625,24692000
2014-08-25,90.75442504882812,99.4000015258789,99.68000030517578,99.16000366210938,99.5199966430664,24124700
2014-08-26,90.84575653076172,99.5,99.61000061035156,99.2699966430664,99.55000305175781,20100400
2014-08-27,90.86396789550781,99.5199966430664,99.63999938964844,99.30999755859375,99.52999877929688,15589100
2014-08-28,90.76358032226562,99.41000366210938,99.52999877929688,99.08000183105469,99.18000030517578,23563900
2014-08-29,91.10139465332031,99.77999877929688,99.91000366210938,99.2699966430664,99.62999725341797,17906300
2014-09-02,91.36615753173828,100.06999969482422,100.0999984741211,99.66000366210938,100.0199966430664,18326800
2014-09-03,90.82746887207031,99.4800033569336,100.33999633789062,99.30000305175781,100.33999633789062,25950700
2014-09-04,90.74530029296875,99.38999938964844,100.22000122070312,99.13999938964844,99.70999908447266,24663500
2014-09-05,91.20182037353516,99.88999938964844,99.94999694824219,99.02999877929688,99.54000091552734,30798200
2014-09-08,91.37528991699219,100.08000183105469,100.33000183105469,99.62000274658203,99.91999816894531,25571300
2014-09-09,90.61746978759766,99.25,100.45999908447266,99.05999755859375,100.08999633789062,36449200
2014-09-10,91.36615753173828,100.06999969482422,100.11000061035156,99.0999984741211,99.37999725341797,31080100
2014-09-11,91.29310607910156,99.98999786376953,100.04000091552734,99.23999786376953,99.63999938964844,28691900
2014-09-12,90.82746887207031,99.4800033569336,99.93000030517578,99.16999816894531,99.9000015258789,30444400
2014-09-15,89.95095825195312,98.5199966430664,99.5999984741211,98.22000122070312,99.58999633789062,32972200
2014-09-16,90.73615264892578,99.37999725341797,99.56999969482422,98.05000305175781,98.1500015258789,38166900
2014-09-17,90.87312316894531,99.52999877929688,100.0,98.93000030517578,99.36000061035156,37196500
2014-09-18,91.55786895751953,100.27999877929688,100.29000091552734,99.7300033569336,99.83999633789062,30196700
2014-09-19,91.50112915039062,99.9800033569336,100.55999755859375,99.58000183105469,100.45999908447266,46918000
2014-09-22,90.65000915527344,99.05000305175781,99.75,98.62000274658203,99.73999786376953,48658000
2014-09-23,90.40290069580078,98.77999877929688,99.22000122070312,98.58000183105469,98.6500015258789,33989600
2014-09-24,91.3730239868164,99.83999633789062,99.88999938964844,98.54000091552734,98.87999725341797,35959000
2014-09-25,89.45110321044922,97.73999786376953,99.6500015258789,97.69999694824219,99.5199966430664,68642500
2014-09-26,90.40290069580078,98.77999877929688,98.95999908447266,97.88999938964844,98.05999755859375,56106200
2014-09-29,90.28395080566406,98.6500015258789,98.91999816894531,97.75,97.80000305175781,33342700
2014-09-30,90.41205596923828,98.79000091552734,99.30000305175781,98.31999969482422,98.91999816894531,41834300
2014-10-01,88.96607208251953,97.20999908447266,98.61000061035156,96.9000015258789,98.51000213623047,58164900
2014-10-02,88.96607208251953,97.20999908447266,97.51000213623047,95.97000122070312,97.16999816894531,54501300
2014-10-03,89.84465026855469,98.16999816894531,98.56999969482422,97.44000244140625,97.77999877929688,41627800
2014-10-06,89.65245056152344,97.95999908447266,98.72000122070312,97.66000366210938,98.4800033569336,36038700
2014-10-07,88.38032531738281,96.56999969482422,97.77999877929688,96.55999755859375,97.5,45154000
2014-10-08,90.10089874267578,98.44999694824219,98.76000213623047,96.05999755859375,96.62000274658203,64931600
2014-10-09,88.6457290649414,96.86000061035156,98.56999969482422,96.70999908447266,98.31999969482422,62497100
2014-10-10,86.43094635009766,94.44000244140625,96.83000183105469,94.41999816894531,96.29000091552734,77579400
2014-10-13,85.07647705078125,92.95999908447266,94.98999786376953,92.87999725341797,94.2699966430664,80835900
2014-10-14,85.08563232421875,92.97000122070312,94.16999816894531,92.70999908447266,93.54000091552734,71814500
2014-10-15,84.5364990234375,92.37000274658203,92.76000213623047,90.23999786376953,91.56999969482422,108847800
2014-10-16,84.00570678710938,91.79000091552734,92.58000183105469,90.38999938964844,90.41999816894531,93165800
2014-10-17,85.11309051513672,93.0,93.88999938964844,92.45999908447266,93.0,69546700
2014-10-20,86.38519287109375,94.38999938964844,94.47000122070312,92.80000305175781,92.98999786376953,41479300
2014-10-21,88.65487670898438,96.87000274658203,96.87000274658203,95.31999969482422,95.55999755859375,53609800
2014-10-22,88.19730377197266,96.37000274658203,97.30000305175781,96.30999755859375,97.16999816894531,39178000
2014-10-23,89.52432250976562,97.81999969482422,98.36000061035156,97.16999816894531,97.33999633789062,48123800
2014-10-24,90.2564926147461,98.62000274658203,98.69000244140625,97.63999938964844,98.02999877929688,43157600
2014-10-27,90.32052612304688,98.69000244140625,98.87000274658203,98.0199966430664,98.43000030517578,29545700
2014-10-28,91.68416595458984,100.18000030517578,100.19999694824219,99.08000183105469,99.1500015258789,34495100
2014-10-29,91.34557342529297,99.80999755859375,100.12000274658203,99.0999984741211,99.8499984741211,40552800
2014-10-30,91.53773498535156,100.0199966430664,100.26000213623047,99.13999938964844,99.36000061035156,35935800
2014-10-31,92.80070495605469,101.4000015258789,101.75,101.06999969482422,101.68000030517578,54254100
2014-11-03,93.07527160644531,101.69999694824219,101.97000122070312,101.43000030517578,101.58000183105469,33481000
2014-11-04,92.76412963867188,101.36000061035156,101.62000274658203,100.66999816894531,101.37999725341797,22773300
2014-11-05,92.77324676513672,101.37000274658203,102.02999877929688,101.0199966430664,102.02999877929688,25818600
2014-11-06,93.06613159179688,101.69000244140625,101.72000122070312,100.91999816894531,101.36000061035156,24671900
2014-11-07,92.9837646484375,101.5999984741211,101.91000366210938,101.06999969482422,101.87000274658203,20931700
2014-11-10,93.31321716308594,101.95999908447266,102.08999633789062,101.37999725341797,101.6500015258789,20360000
2014-11-11,93.60607147216797,102.27999877929688,102.27999877929688,101.69999694824219,101.9800033569336,15454000
2014-11-12,93.77081298828125,102.45999908447266,102.56999969482422,101.87000274658203,101.87000274658203,22050300
2014-11-13,94.17351531982422,102.9000015258789,103.27999877929688,102.41999816894531,102.6500015258789,28027800
2014-11-14,94.46637725830078,103.22000122070312,103.22000122070312,102.52999877929688,102.87000274658203,19251300
2014-11-17,94.18267059326172,102.91000366210938,103.20999908447266,102.41999816894531,102.9800033569336,23361600
2014-11-18,94.88734436035156,103.68000030517578,103.81999969482422,102.98999786376953,103.0,26336800
2014-11-19,94.45722198486328,103.20999908447266,103.56999969482422,102.7300033569336,103.56999969482422,23760200
2014-11-20,94.87820434570312,103.66999816894531,103.76000213623047,102.69000244140625,102.7699966430664,22874000
2014-11-21,95.06126403808594,103.87000274658203,104.69000244140625,103.54000091552734,104.58999633789062,34049100
2014-11-24,95.80252838134766,104.68000030517578,104.7300033569336,104.05999755859375,104.1500015258789,17928300
2014-11-25,95.94898223876953,104.83999633789062,105.1500015258789,104.56999969482422,104.83999633789062,17526000
2014-11-26,96.57129669189453,105.5199966430664,105.58000183105469,104.83000183105469,104.94000244140625,18973800
2014-11-28,97.019775390625,106.01000213623047,106.25,105.7300033569336,105.80000305175781,17360400
2014-12-01,95.92152404785156,104.80999755859375,105.91999816894531,104.41999816894531,105.72000122070312,35969500
2014-12-02,96.30589294433594,105.2300033569336,105.41999816894531,104.69999694824219,104.91999816894531,26031300
2014-12-03,96.47977447509766,105.41999816894531,105.56999969482422,104.76000213623047,105.38999938964844,32974300
2014-12-04,96.43402099609375,105.37000274658203,105.77999877929688,104.93000030517578,105.31999969482422,31008800
2014-12-05,96.44318389892578,105.37999725341797,105.69999694824219,105.1500015258789,105.54000091552734,25622200
2014-12-08,95.75676727294922,104.62999725341797,105.56999969482422,104.08000183105469,105.11000061035156,32685800
2014-12-09,96.05876922607422,104.95999908447266,105.04000091552734,103.04000091552734,103.41000366210938,46035100
2014-12-10,94.54872131347656,103.30999755859375,105.02999877929688,103.12000274658203,104.7699966430664,39330100
2014-12-11,94.99718475341797,103.80000305175781,105.04000091552734,103.58999633789062,103.61000061035156,47576000
2014-12-12,93.96299743652344,102.66999816894531,103.98999786376953,102.66000366210938,102.80999755859375,46889400
2014-12-15,92.99292755126953,101.61000061035156,103.58000183105469,101.31999969482422,103.19999694824219,52968400
2014-12-16,91.50112915039062,99.9800033569336,102.47000122070312,99.95999908447266,100.97000122070312,65348600
2014-12-17,93.16679382324219,101.80000305175781,102.08999633789062,99.91999816894531,100.05000305175781,79715300
2014-12-18,95.40900421142578,104.25,104.26000213623047,102.9800033569336,103.26000213623047,49840900
2014-12-19,95.82881164550781,104.31999969482422,104.73999786376953,103.70999908447266,103.97000122070312,51419900
2014-12-22,96.06767272949219,104.58000183105469,104.61000061035156,104.0999984741211,104.1500015258789,33869200
2014-12-23,95.72779846191406,104.20999908447266,104.97000122070312,104.08999633789062,104.95999908447266,30156900
2014-12-24,95.81045532226562,104.30000305175781,104.69999694824219,104.2699966430664,104.33999633789062,14291300
2014-12-26,96.49022674560547,105.04000091552734,105.26000213623047,104.56999969482422,104.5999984741211,13924300
2014-12-29,96.47184753417969,105.0199966430664,105.25,104.87999725341797,104.94000244140625,17073800
2014-12-30,95.82881164550781,104.31999969482422,104.95999908447266,104.18000030517578,104.72000122070312,18604000
2014-12-31,94.84593963623047,103.25,104.91000366210938,103.0999984741211,104.5,24367100
2015-01-02,94.56114196777344,102.94000244140625,104.19999694824219,102.44000244140625,103.76000213623047,31314600
2015-01-05,93.17405700683594,101.43000030517578,102.61000061035156,101.13999938964844,102.48999786376953,36521300
2015-01-06,91.9247817993164,100.06999969482422,101.75,99.62000274658203,101.58000183105469,66205500
2015-01-07,93.10977172851562,101.36000061035156,101.5999984741211,100.48999786376953,100.7300033569336,37577400
2015-01-08,94.89186096191406,103.30000305175781,103.5,102.11000061035156,102.22000122070312,40212600
2015-01-09,94.2671890258789,102.62000274658203,103.6500015258789,102.0199966430664,103.62000274658203,41410100
2015-01-12,93.2843017578125,101.55000305175781,102.93000030517578,101.29000091552734,102.81999969482422,34129800
2015-01-13,93.25672912597656,101.5199966430664,103.62000274658203,100.69999694824219,102.54000091552734,56162300
2015-01-14,92.7422866821289,100.95999908447266,101.4800033569336,100.06999969482422,100.5,51354200
2015-01-15,91.53894805908203,99.6500015258789,101.58999633789062,99.52999877929688,101.43000030517578,51005400
2015-01-16,92.61371612548828,100.81999969482422,100.94999694824219,99.36000061035156,99.5199966430664,35362200
2015-01-20,93.34859466552734,101.62000274658203,101.87999725341797,100.29000091552734,101.43000030517578,30964100
2015-01-21,93.82622528076172,102.13999938964844,102.62000274658203,100.95999908447266,101.31999969482422,40128800
2015-01-22,95.56242370605469,104.02999877929688,104.13999938964844,101.63999938964844,102.54000091552734,40887200
2015-01-23,95.7737045288086,104.26000213623047,104.58000183105469,103.72000122070312,104.0199966430664,34783000
2015-01-26,95.6634521484375,104.13999938964844,104.33000183105469,103.61000061035156,104.13999938964844,19960900
2015-01-27,93.18326568603516,101.44000244140625,102.55999755859375,101.0999984741211,102.5,45253200
2015-01-28,92.70556640625,100.91999816894531,103.18000030517578,100.9000015258789,103.06999969482422,43591700
2015-01-29,93.59661865234375,101.88999938964844,102.08000183105469,99.95999908447266,100.83999633789062,46539700
2015-01-30,92.87093353271484,101.0999984741211,102.58000183105469,100.95999908447266,101.80000305175781,42927600
2015-02-02,93.67925262451172,101.9800033569336,102.06999969482422,99.75,101.33000183105469,43624700
2015-02-03,94.57952880859375,102.95999908447266,103.02999877929688,101.68000030517578,102.3499984741211,30750400
2015-02-04,94.49683380126953,102.87000274658203,103.55000305175781,102.30999755859375,102.54000091552734,34073200
2015-02-05,95.31439971923828,103.76000213623047,103.83000183105469,102.87000274658203,103.12999725341797,23605500
2015-02-06,94.73566436767578,103.12999725341797,104.16999816894531,102.76000213623047,103.91999816894531,34169300
2015-02-09,94.43254089355469,102.80000305175781,103.29000091552734,102.55000305175781,102.7300033569336,22604700
2015-02-10,95.90229797363281,104.4000015258789,104.54000091552734,103.20999908447266,103.37000274658203,23686500
2015-02-11,96.25138092041016,104.77999877929688,105.0199966430664,104.31999969482422,104.5199966430664,20303600
2015-02-12,97.3720932006836,106.0,106.04000091552734,105.30000305175781,105.45999908447266,22520300
2015-02-13,98.20804595947266,106.91000366210938,106.93000030517578,106.0999984741211,106.30000305175781,29030200
2015-02-17,98.29986572265625,107.01000213623047,107.08000183105469,106.63999938964844,106.91000366210938,17675300
2015-02-18,98.43766021728516,107.16000366210938,107.22000122070312,106.73999786376953,106.87999725341797,15149600
2015-02-19,98.92448425292969,107.69000244140625,107.76000213623047,107.05999755859375,107.08999633789062,19828100
2015-02-20,99.58589935302734,108.41000366210938,108.47000122070312,107.27999877929688,107.62000274658203,28336700
2015-02-23,99.68694305419922,108.5199966430664,108.55000305175781,108.11000061035156,108.3499984741211,17868000
2015-02-24,99.76046752929688,108.5999984741211,108.7300033569336,108.05000305175781,108.37999725341797,19745000
2015-02-25,99.51242065429688,108.33000183105469,108.86000061035156,108.08999633789062,108.44000244140625,19472300
2015-02-26,100.01766204833984,108.87999725341797,108.94000244140625,108.13999938964844,108.44000244140625,22255500
2015-02-27,99.57673645019531,108.4000015258789,108.91000366210938,108.2300033569336,108.83999633789062,27757600
2015-03-02,100.47695922851562,109.37999725341797,109.41999816894531,108.58999633789062,108.61000061035156,22988600
2015-03-03,100.00847625732422,108.87000274658203,109.16000366210938,108.18000030517578,109.05000305175781,20788900
2015-03-04,99.62264251708984,108.44999694824219,108.66999816894531,107.86000061035156,108.51000213623047,21007400
2015-03-05,99.79718017578125,108.63999938964844,108.97000122070312,108.19000244140625,108.7300033569336,15381000
2015-03-06,98.66732025146484,107.41000366210938,108.70999908447266,107.13999938964844,108.5,30990400
2015-03-09,98.95207214355469,107.72000122070312,107.98999786376953,107.19000244140625,107.62999725341797,26237100
2015-03-10,97.1148681640625,105.72000122070312,106.9800033569336,105.72000122070312,106.94999694824219,34234500
2015-03-11,96.55451965332031,105.11000061035156,106.01000213623047,105.06999969482422,105.87999725341797,25459700
2015-03-12,97.1883544921875,105.80000305175781,105.91999816894531,104.95999908447266,105.02999877929688,21473200
2015-03-13,96.76577758789062,105.33999633789062,106.12000274658203,104.68000030517578,105.69999694824219,42021100
2015-03-16,98.01509857177734,106.69999694824219,106.73999786376953,105.62000274658203,105.7300033569336,25674100
2015-03-17,98.1712646484375,106.87000274658203,107.04000091552734,106.16000366210938,106.41000366210938,19603800
2015-03-18,99.13578033447266,107.91999816894531,108.41000366210938,106.02999877929688,106.58000183105469,40622200
2015-03-19,99.28277587890625,108.08000183105469,108.37999725341797,107.87000274658203,108.02999877929688,31314000
2015-03-20,99.92544555664062,108.52999877929688,109.06999969482422,108.51000213623047,108.72000122070312,31761400
2015-03-23,99.7320556640625,108.31999969482422,108.7699966430664,108.27999877929688,108.47000122070312,17268500
2015-03-24,99.3730239868164,107.93000030517578,108.80999755859375,107.91000366210938,108.30999755859375,22445300
2015-03-25,97.09882354736328,105.45999908447266,108.19999694824219,105.41999816894531,108.0999984741211,41581400
2015-03-26,96.76736450195312,105.0999984741211,105.69999694824219,104.23999786376953,104.58999633789062,47846300
2015-03-27,97.15406036376953,105.5199966430664,105.7699966430664,104.91999816894531,105.08000183105469,33878400
2015-03-30,98.26814270019531,106.7300033569336,106.81999969482422,106.16000366210938,106.16000366210938,30570200
2015-03-31,97.22775268554688,105.5999984741211,106.6500015258789,105.56999969482422,106.43000030517578,30488100
2015-04-01,96.72135162353516,105.05000305175781,105.62000274658203,104.37000274658203,105.5999984741211,32970500
2015-04-02,96.78578186035156,105.12000274658203,105.45999908447266,104.77999877929688,105.1500015258789,19164200
2015-04-06,97.57762908935547,105.9800033569336,106.2699966430664,104.33999633789062,104.5,24451100
2015-04-07,97.411865234375,105.80000305175781,106.69999694824219,105.80000305175781,105.91999816894531,19379400
2015-04-08,98.18526458740234,106.63999938964844,106.79000091552734,105.83000183105469,105.83999633789062,25866900
2015-04-09,98.80216979980469,107.30999755859375,107.3499984741211,106.2300033569336,106.58999633789062,23114700
2015-04-10,99.20730590820312,107.75,107.76000213623047,107.02999877929688,107.2699966430664,17164300
2015-04-13,98.95869445800781,107.4800033569336,108.37999725341797,107.36000061035156,107.83000183105469,17783500
2015-04-14,98.67325592041016,107.16999816894531,107.68000030517578,106.55999755859375,107.37000274658203,23755700
2015-04-15,99.2901382446289,107.83999633789062,108.06999969482422,107.31999969482422,107.44999694824219,21128600
2015-04-16,99.15200805664062,107.69000244140625,107.87999725341797,107.4000015258789,107.55000305175781,16195300
2015-04-17,97.60523223876953,106.01000213623047,106.94999694824219,105.55000305175781,106.66000366210938,46514000
2015-04-20,99.06916046142578,107.5999984741211,107.79000091552734,106.5,106.54000091552734,28945900
2015-04-21,99.49269104003906,108.05999755859375,108.41000366210938,107.93000030517578,108.22000122070312,22759800
2015-04-22,100.0359115600586,108.6500015258789,108.83000183105469,107.63999938964844,108.33999633789062,21429200
2015-04-23,100.41339111328125,109.05999755859375,109.55000305175781,108.26000213623047,108.27999877929688,29473200
2015-04-24,101.7761001586914,110.54000091552734,110.69000244140625,110.02999877929688,110.20999908447266,32508100
2015-04-27,101.51829528808594,110.26000213623047,111.16000366210938,110.0199966430664,110.94999694824219,31121300
2015-04-28,101.31572723388672,110.04000091552734,110.55000305175781,109.11000061035156,110.33999633789062,36849200
2015-04-29,100.68041229248047,109.3499984741211,110.06999969482422,108.75,109.43000030517578,34043900
2015-04-30,99.09679412841797,107.62999725341797,109.16999816894531,107.05999755859375,108.7300033569336,44080500
2015-05-01,100.40421295166016,109.05000305175781,109.12000274658203,108.02999877929688,108.05000305175781,32874300
2015-05-04,100.56993865966797,109.2300033569336,109.91000366210938,109.16999816894531,109.4000015258789,23507300
2015-05-05,98.93104553222656,107.44999694824219,109.0,107.4000015258789,108.80000305175781,47843300
2015-05-06,98.2497329711914,106.70999908447266,107.94999694824219,106.0,107.63999938964844,42687200
2015-05-07,98.8389663696289,107.3499984741211,107.6500015258789,106.5999984741211,106.68000030517578,29335800
2015-05-08,100.0727310180664,108.69000244140625,108.91999816894531,108.30000305175781,108.45999908447266,33023300
2015-05-11,99.68603515625,108.2699966430664,108.9800033569336,108.19000244140625,108.76000213623047,19679300
2015-05-12,99.23491668701172,107.77999877929688,108.33000183105469,106.80000305175781,107.62999725341797,33665000
2015-05-13,99.43743133544922,108.0,108.80999755859375,107.83999633789062,108.25,20738400
2015-05-14,100.8921890258789,109.58000183105469,109.66999816894531,108.4800033569336,108.87999725341797,23904200
2015-05-15,100.8921890258789,109.58000183105469,110.01000213623047,109.30999755859375,109.86000061035156,23937400
2015-05-18,101.33411407470703,110.05999755859375,110.27999877929688,109.31999969482422,109.4000015258789,17631100
2015-05-19,101.22364807128906,109.94000244140625,110.3499984741211,109.76000213623047,110.18000030517578,14212900
2015-05-20,101.28810119628906,110.01000213623047,110.66999816894531,109.43000030517578,110.0199966430664,21131900
2015-05-21,101.81289672851562,110.58000183105469,110.7300033569336,109.66000366210938,109.81999969482422,16771800
2015-05-22,101.71161651611328,110.47000122070312,110.87000274658203,110.37999725341797,110.44999694824219,13543800
2015-05-26,100.54234313964844,109.19999694824219,110.37999725341797,108.76000213623047,110.2300033569336,25488400
2015-05-27,102.16280364990234,110.95999908447266,111.08000183105469,109.29000091552734,109.52999877929688,30572700
2015-05-28,101.93258666992188,110.70999908447266,111.01000213623047,110.37000274658203,110.75,17302400
2015-05-29,101.3249282836914,110.05000305175781,110.79000091552734,109.79000091552734,110.63999938964844,30383000
2015-06-01,101.66558074951172,110.41999816894531,110.72000122070312,109.5199966430664,110.63999938964844,24570200
2015-06-02,101.34333801269531,110.06999969482422,110.61000061035156,109.47000122070312,110.01000213623047,19449600
2015-06-03,101.64717864990234,110.4000015258789,110.80999755859375,110.12999725341797,110.56999969482422,20507200
2015-06-04,100.87378692626953,109.55999755859375,110.4800033569336,109.20999908447266,109.77999877929688,31374600
2015-06-05,100.63442993164062,109.30000305175781,109.69000244140625,108.62999725341797,109.43000030517578,22641700
2015-06-08,99.61238861083984,108.19000244140625,109.33000183105469,107.97000122070312,109.25,24549200
2015-06-09,99.44666290283203,108.01000213623047,108.4000015258789,107.19999694824219,107.93000030517578,27554600
2015-06-10,100.809326171875,109.48999786376953,109.80999755859375,108.26000213623047,108.37999725341797,30297900
2015-06-11,100.95665740966797,109.6500015258789,110.1500015258789,109.45999908447266,109.86000061035156,17593500
2015-06-12,100.12797546386719,108.75,109.30000305175781,108.5999984741211,109.06999969482422,27201800
2015-06-15,99.63079833984375,108.20999908447266,108.37999725341797,107.30999755859375,107.94000244140625,31238800
2015-06-16,100.17402648925781,108.80000305175781,108.9800033569336,108.05000305175781,108.0999984741211,16456900
2015-06-17,100.45025634765625,109.0999984741211,109.44999694824219,108.43000030517578,108.9800033569336,23296700
2015-06-18,101.9141845703125,110.69000244140625,110.87999725341797,109.44000244140625,109.5,43032400
2015-06-19,101.41031646728516,109.88999938964844,110.58000183105469,109.80999755859375,110.48999786376953,27877600
2015-06-22,102.15778350830078,110.69999694824219,111.02999877929688,110.44999694824219,110.69999694824219,19120900
2015-06-23,102.24089050292969,110.79000091552734,110.88999938964844,110.33000183105469,110.81999969482422,18127900
2015-06-24,101.7148666381836,110.22000122070312,111.12999725341797,110.19000244140625,110.66000366210938,15815900
2015-06-25,101.51182556152344,110.0,110.76000213623047,109.81999969482422,110.6500015258789,18326700
2015-06-26,100.83815002441406,109.2699966430664,110.2300033569336,108.86000061035156,109.9800033569336,32311700
2015-06-29,98.45724487304688,106.69000244140625,108.66000366210938,106.63999938964844,108.05999755859375,50874900
2015-06-30,98.80792999267578,107.06999969482422,107.72000122070312,106.73999786376953,107.48999786376953,34809900
2015-07-01,99.59231567382812,107.91999816894531,108.3499984741211,107.41999816894531,108.12999725341797,21293000
2015-07-02,99.62000274658203,107.94999694824219,108.31999969482422,107.62000274658203,108.2300033569336,20499400
2015-07-06,99.38932037353516,107.69999694824219,108.31999969482422,107.04000091552734,107.2699966430664,24311000
2015-07-07,99.63849639892578,107.97000122070312,108.06999969482422,105.83000183105469,107.81999969482422,44230800
2015-07-08,97.90355682373047,106.08999633789062,107.33000183105469,105.88999938964844,107.19999694824219,39691500
2015-07-09,97.8481674194336,106.02999877929688,107.5999984741211,106.0199966430664,107.5,28381000
2015-07-10,99.34317016601562,107.6500015258789,108.05000305175781,107.05000305175781,107.44000244140625,26415800
2015-07-13,101.08735656738281,109.54000091552734,109.62999725341797,108.56999969482422,108.58000183105469,25780700
2015-07-14,101.75177001953125,110.26000213623047,110.55999755859375,109.62999725341797,109.69000244140625,21977200
2015-07-15,101.86254119873047,110.37999725341797,110.80999755859375,110.06999969482422,110.47000122070312,28631500
2015-07-16,103.30216217041016,111.94000244140625,111.95999908447266,111.06999969482422,111.29000091552734,29838900
2015-07-17,104.82482147216797,113.58999633789062,113.58999633789062,112.6500015258789,112.83999633789062,35926800
2015-07-20,105.18473052978516,113.9800033569336,114.38999938964844,113.4800033569336,113.83000183105469,26539000
2015-07-21,105.12010955810547,113.91000366210938,114.19999694824219,113.58000183105469,114.0199966430664,35468900
2015-07-22,103.92967224121094,112.62000274658203,113.16999816894531,112.16999816894531,112.16999816894531,35575000
2015-07-23,103.54206085205078,112.19999694824219,113.0999984741211,111.91000366210938,112.7300033569336,25698300
2015-07-24,102.52693176269531,111.0999984741211,113.0,110.93000030517578,112.80000305175781,30844700
2015-07-27,101.6779556274414,110.18000030517578,110.94999694824219,109.94000244140625,110.47000122070312,35994800
2015-07-28,102.55463409423828,111.12999725341797,111.3499984741211,109.79000091552734,110.66999816894531,33553500
2015-07-29,102.94221496582031,111.55000305175781,111.79000091552734,110.94000244140625,111.37000274658203,26714100
2015-07-30,103.43133544921875,112.08000183105469,112.2699966430664,110.62000274658203,111.29000091552734,25438100
2015-07-31,103.31136322021484,111.94999694824219,112.48999786376953,111.72000122070312,112.43000030517578,22081700
2015-08-03,102.9883804321289,111.5999984741211,112.27999877929688,110.86000061035156,111.97000122070312,25001800
2015-08-04,102.79454040527344,111.38999938964844,111.75,110.93000030517578,111.55000305175781,22132300
2015-08-05,103.58822631835938,112.25,113.0,111.87999725341797,112.01000213623047,28989900
2015-08-06,101.92708587646484,110.44999694824219,112.5,109.94999694824219,112.3499984741211,42125400
2015-08-07,101.79790496826172,110.30999755859375,110.56999969482422,109.4000015258789,110.18000030517578,30006800
2015-08-10,102.96070098876953,111.56999969482422,111.80999755859375,111.0,111.01000213623047,21500800
2015-08-11,101.6410140991211,110.13999938964844,111.41000366210938,109.52999877929688,110.9800033569336,36123300
2015-08-12,101.9917221069336,110.5199966430664,110.73999786376953,108.22000122070312,109.37999725341797,41889000
2015-08-13,101.82557678222656,110.33999633789062,111.16000366210938,110.0999984741211,110.62999725341797,22510500
2015-08-14,101.98247528076172,110.51000213623047,110.66999816894531,109.86000061035156,110.08000183105469,17924900
2015-08-17,102.83148956298828,111.43000030517578,111.45999908447266,109.95999908447266,110.23999786376953,21224900
2015-08-18,102.30548858642578,110.86000061035156,111.37000274658203,110.70999908447266,111.27999877929688,13984400
2015-08-19,101.63179016113281,110.12999725341797,111.11000061035156,109.48999786376953,110.5199966430664,42511400
2015-08-20,98.81714630126953,107.08000183105469,109.45999908447266,107.06999969482422,109.11000061035156,57747300
2015-08-21,94.4982681274414,102.4000015258789,106.47000122070312,102.4000015258789,105.56999969482422,97763400
2015-08-24,90.86233520507812,98.45999908447266,102.52999877929688,84.73999786376953,94.2300033569336,150829900
2015-08-25,90.52085876464844,98.08999633789062,102.73999786376953,98.01000213623047,102.06999969482422,75088300
2015-08-26,95.07967376708984,103.02999877929688,103.2300033569336,98.93000030517578,100.95999908447266,104103800
2015-08-27,97.48825073242188,105.63999938964844,105.70999908447266,103.27999877929688,104.5199966430664,69377700
2015-08-28,97.46981811523438,105.62000274658203,106.0,104.8499984741211,105.08000183105469,49919600
2015-08-31,96.26091003417969,104.30999755859375,105.61000061035156,104.05000305175781,105.02999877929688,39549400
2015-09-01,93.2524642944336,101.05000305175781,103.29000091552734,100.62999725341797,101.70999908447266,73155500
2015-09-02,95.88255310058594,103.9000015258789,103.91999816894531,101.69999694824219,102.87999725341797,43963600
2015-09-03,95.41190338134766,103.38999938964844,105.0199966430664,103.0999984741211,104.30999755859375,45131800
2015-09-04,94.27681732177734,102.16000366210938,102.8499984741211,101.58999633789062,101.97000122070312,49379600
2015-09-08,96.93460083007812,105.04000091552734,105.16999816894531,103.69000244140625,104.12000274658203,37343500
2015-09-09,95.84563446044922,103.86000061035156,106.30999755859375,103.58999633789062,106.27999877929688,47146700
2015-09-10,96.88841247558594,104.98999786376953,105.68000030517578,103.62000274658203,103.73999786376953,47686700
2015-09-11,97.42366790771484,105.56999969482422,105.56999969482422,104.20999908447266,104.51000213623047,29106100
2015-09-14,97.12836456298828,105.25,105.9800033569336,104.8499984741211,105.95999908447266,19718800
2015-09-15,98.27267456054688,106.48999786376953,106.81999969482422,105.11000061035156,105.5,30020200
2015-09-16,98.8263931274414,107.08999633789062,107.19000244140625,106.13999938964844,106.51000213623047,31329100
2015-09-17,98.86331176757812,107.12999725341797,108.7300033569336,106.63999938964844,106.9800033569336,56139800
2015-09-18,97.4571762084961,105.3499984741211,106.5999984741211,105.16999816894531,105.2300033569336,48384000
2015-09-21,97.76245880126953,105.68000030517578,106.55000305175781,104.7300033569336,105.93000030517578,35772600
2015-09-22,96.30083465576172,104.0999984741211,104.41999816894531,103.12999725341797,104.05999755859375,47359700
2015-09-23,96.37483978271484,104.18000030517578,104.66000366210938,103.63999938964844,104.37999725341797,21775100
2015-09-24,96.02330017089844,103.80000305175781,104.19000244140625,102.2699966430664,103.16999816894531,38284300
2015-09-25,95.20922088623047,102.91999816894531,105.01000213623047,102.27999877929688,104.91000366210938,44700000
2015-09-28,92.49874877929688,99.98999786376953,102.55000305175781,99.69000244140625,102.4800033569336,44077500
2015-09-29,92.01773071289062,99.47000122070312,101.26000213623047,98.75,100.23999786376953,49315500
2015-09-30,94.13614654541016,101.76000213623047,101.87000274658203,100.5,100.88999938964844,41411400
2015-10-01,94.56169128417969,102.22000122070312,102.2300033569336,100.58999633789062,101.94000244140625,39339100
2015-10-02,96.21756744384766,104.01000213623047,104.01000213623047,100.4800033569336,100.80000305175781,59370900
2015-10-05,97.59595489501953,105.5,105.77999877929688,104.55000305175781,104.77999877929688,32853500
2015-10-06,97.13338470458984,105.0,105.5999984741211,104.18000030517578,105.25,33051500
2015-10-07,97.71620178222656,105.62999725341797,105.86000061035156,104.29000091552734,105.66000366210938,37389300
2015-10-08,98.10472869873047,106.05000305175781,106.2300033569336,104.20999908447266,105.2300033569336,50188900
2015-10-09,98.54875946044922,106.52999877929688,106.7300033569336,105.80999755859375,106.0999984741211,23916200
2015-10-12,98.78929138183594,106.79000091552734,106.98999786376953,106.3499984741211,106.7300033569336,16162000
2015-10-13,98.15098571777344,106.0999984741211,107.26000213623047,106.0,106.18000030517578,26999600
2015-10-14,97.99372863769531,105.93000030517578,106.62999725341797,105.48999786376953,106.0999984741211,30902600
2015-10-15,99.60337829589844,107.66999816894531,107.68000030517578,106.18000030517578,106.31999969482422,38393800
2015-10-16,100.01966094970703,108.12000274658203,108.18000030517578,107.37999725341797,107.9000015258789,27091100
2015-10-19,100.59320068359375,108.73999786376953,108.80999755859375,107.73999786376953,107.9800033569336,23776300
2015-10-20,100.07513427734375,108.18000030517578,108.77999877929688,107.80999755859375,108.55000305175781,23404700
2015-10-21,99.46458435058594,107.5199966430664,108.83999633789062,107.4800033569336,108.7300033569336,30195200
2015-10-22,101.49052429199219,109.70999908447266,109.80000305175781,108.16999816894531,108.4800033569336,42778700
2015-10-23,104.33052062988281,112.77999877929688,113.23999786376953,112.06999969482422,112.66000366210938,53170900
2015-10-26,104.3952865600586,112.8499984741211,113.06999969482422,112.2699966430664,112.69999694824219,25918000
2015-10-27,104.6080322265625,113.08000183105469,113.23999786376953,112.5199966430664,112.55000305175781,31390500
2015-10-28,105.47758483886719,114.0199966430664,114.0199966430664,112.33999633789062,113.25,42221900
2015-10-29,105.31108856201172,113.83999633789062,114.02999877929688,113.37999725341797,113.5,24913300
2015-10-30,104.83930969238281,113.33000183105469,114.08000183105469,113.30000305175781,113.88999938964844,27199200
2015-11-02,106.0234146118164,114.61000061035156,114.75,113.38999938964844,113.62999725341797,22176900
2015-11-03,106.39347839355469,115.01000213623047,115.41999816894531,114.20999908447266,114.37999725341797,20418400
2015-11-04,106.4026870727539,115.0199966430664,115.47000122070312,114.54000091552734,115.38999938964844,28633000
2015-11-05,106.11591339111328,114.70999908447266,115.4000015258789,114.11000061035156,115.12000274658203,25004100
2015-11-06,106.18993377685547,114.79000091552734,114.91999816894531,113.76000213623047,114.48999786376953,29924900
2015-11-09,105.06133270263672,113.56999969482422,114.51000213623047,112.87000274658203,114.36000061035156,33479800
2015-11-10,104.79305267333984,113.27999877929688,113.38999938964844,112.62999725341797,112.97000122070312,35452100
2015-11-11,104.66353607177734,113.13999938964844,114.13999938964844,112.94999694824219,113.58999633789062,22748800
2015-11-12,103.64595031738281,112.04000091552734,113.2300033569336,111.95999908447266,112.68000030517578,31196900
2015-11-13,101.61080169677734,109.83999633789062,111.69000244140625,109.77999877929688,111.56999969482422,52836000
2015-11-16,103.0724105834961,111.41999816894531,111.44000244140625,109.4800033569336,109.7300033569336,33980600
2015-11-17,103.13716125488281,111.48999786376953,112.29000091552734,111.20999908447266,111.61000061035156,30579500
2015-11-18,105.1168441772461,113.62999725341797,113.73999786376953,111.83000183105469,111.94000244140625,32966500
2015-11-19,105.19083404541016,113.70999908447266,114.2300033569336,113.48999786376953,113.69000244140625,26188100
2015-11-20,105.90314483642578,114.4800033569336,114.56999969482422,114.13999938964844,114.25,22727600
2015-11-23,105.59786224365234,114.1500015258789,114.94000244140625,113.66000366210938,114.5199966430664,20696200
2015-11-24,105.50538635253906,114.05000305175781,114.31999969482422,112.83999633789062,113.41000366210938,26374400
2015-11-25,105.59786224365234,114.1500015258789,114.36000061035156,113.91000366210938,114.22000122070312,14159900
2015-11-27,105.74588012695312,114.30999755859375,114.54000091552734,113.91999816894531,114.4000015258789,8828000
2015-11-30,105.47758483886719,114.0199966430664,114.6500015258789,113.6500015258789,114.6500015258789,25041600
2015-12-01,106.5322036743164,115.16000366210938,115.16000366210938,114.33999633789062,114.4800033569336,28639400
2015-12-02,105.87537384033203,114.44999694824219,115.75,114.27999877929688,115.25,22395500
2015-12-03,104.08075714111328,112.51000213623047,114.95999908447266,111.83999633789062,114.76000213623047,42754300
2015-12-04,106.51373291015625,115.13999938964844,115.33000183105469,112.62000274658203,112.8499984741211,40037300
2015-12-07,106.03267669677734,114.62000274658203,115.29000091552734,114.06999969482422,115.22000122070312,25892100
2015-12-08,106.04193115234375,114.62999725341797,115.0,113.37999725341797,113.41999816894531,30792600
2015-12-09,104.43228912353516,112.88999938964844,114.76000213623047,112.19999694824219,114.12999725341797,48509200
2015-12-10,104.90409851074219,113.4000015258789,114.16000366210938,112.80999755859375,113.1500015258789,30154600
2015-12-11,102.4896240234375,110.79000091552734,112.38999938964844,110.72000122070312,112.08999633789062,56022200
2015-12-14,103.26669311523438,111.62999725341797,111.68000030517578,109.37999725341797,110.94000244140625,53098500
2015-12-15,103.8957290649414,112.30999755859375,113.27999877929688,112.16999816894531,112.66000366210938,48428000
2015-12-16,105.44063568115234,113.9800033569336,114.16999816894531,111.88999938964844,113.06999969482422,44944100
2015-12-17,103.90499114990234,112.31999969482422,114.4800033569336,112.30000305175781,114.4800033569336,45668800
2015-12-18,101.91183471679688,109.83000183105469,111.87999725341797,109.83000183105469,111.62999725341797,53746100
2015-12-21,103.04389953613281,111.05000305175781,111.06999969482422,110.05000305175781,110.87000274658203,26432800
2015-12-22,103.72122955322266,111.77999877929688,111.94000244140625,111.05000305175781,111.63999938964844,26540300
2015-12-23,104.49141693115234,112.61000061035156,112.69000244140625,112.16000366210938,112.36000061035156,25656900
2015-12-24,104.4728775024414,112.58999633789062,112.9000015258789,112.54000091552734,112.61000061035156,11468600
2015-12-28,104.41717529296875,112.52999877929688,112.55000305175781,111.51000213623047,112.31999969482422,19183600
2015-12-29,106.05961608886719,114.30000305175781,114.55000305175781,113.12999725341797,113.19999694824219,27725700
2015-12-30,105.10385131835938,113.2699966430664,114.23999786376953,113.25,114.19999694824219,19520100
2015-12-31,103.79547882080078,111.86000061035156,113.08000183105469,111.83999633789062,112.87000274658203,29886800
2016-01-04,101.60562133789062,109.5,109.5999984741211,108.12000274658203,109.44999694824219,50807600
2016-01-05,101.4293441772461,109.30999755859375,110.18000030517578,108.80000305175781,110.04000091552734,38795200
2016-01-06,100.45503234863281,108.26000213623047,108.88999938964844,107.41000366210938,107.41000366210938,41891100
2016-01-07,97.30944061279297,104.87000274658203,107.29000091552734,104.80999755859375,105.94999694824219,61386300
2016-01-08,96.51140594482422,104.01000213623047,106.29000091552734,103.9000015258789,105.62999725341797,69344000
2016-01-11,96.8083724975586,104.33000183105469,105.05999755859375,102.7300033569336,104.75,50024100
2016-01-12,97.93115997314453,105.54000091552734,106.08000183105469,104.08000183105469,105.33000183105469,46734200
2016-01-13,94.55352783203125,101.9000015258789,106.2300033569336,101.73999786376953,105.97000122070312,69870700
2016-01-14,96.56710815429688,104.06999969482422,104.9800033569336,100.66999816894531,102.30000305175781,78445700
2016-01-15,93.56997680664062,100.83999633789062,101.94000244140625,99.51000213623047,100.62000274658203,91443900
2016-01-19,93.77408599853516,101.05999755859375,102.37000274658203,99.87999725341797,102.20999908447266,56563800
2016-01-20,93.4864730834961,100.75,101.83000183105469,97.25,99.47000122070312,86675000
2016-01-21,93.57923126220703,100.8499984741211,102.3499984741211,99.81999969482422,101.18000030517578,61660100
2016-01-22,96.28874969482422,103.7699966430664,103.80999755859375,102.52999877929688,102.87999725341797,42229800
2016-01-25,94.85974884033203,102.2300033569336,103.98999786376953,102.13999938964844,103.4000015258789,38881500
2016-01-26,95.71343994140625,103.1500015258789,103.58999633789062,101.76000213623047,102.66000366210938,36143900
2016-01-27,93.32872772216797,100.58000183105469,102.98999786376953,100.1500015258789,102.55000305175781,54524700
2016-01-28,94.6463394165039,102.0,102.29000091552734,100.26000213623047,102.25,47641500
2016-01-29,96.62275695800781,104.12999725341797,104.16999816894531,101.94000244140625,101.97000122070312,54245100
2016-02-01,96.88262939453125,104.41000366210938,104.80000305175781,103.2300033569336,103.62999725341797,32750300
2016-02-02,94.78553009033203,102.1500015258789,103.97000122070312,101.83999633789062,103.93000030517578,44928100
2016-02-03,94.33085632324219,101.66000366210938,102.83000183105469,99.87999725341797,102.83000183105469,61572900
2016-02-04,94.3215560913086,101.6500015258789,102.45999908447266,100.44000244140625,101.38999938964844,49321600
2016-02-05,91.04608917236328,98.12000274658203,101.33000183105469,97.72000122070312,101.29000091552734,70749900
2016-02-08,89.65422058105469,96.62000274658203,97.05000305175781,94.83999633789062,96.29000091552734,91673100
2016-02-09,89.37583923339844,96.31999969482422,97.77999877929688,95.18000030517578,95.33000183105469,73778400
2016-02-10,89.71917724609375,96.69000244140625,98.69000244140625,96.62000274658203,97.43000030517578,59421700
2016-02-11,89.58927154541016,96.55000305175781,97.31999969482422,95.19000244140625,95.45999908447266,76839200
2016-02-12,90.95328521728516,98.0199966430664,98.12000274658203,96.7300033569336,97.63999938964844,49186500
2016-02-16,93.00395965576172,100.2300033569336,100.2300033569336,98.8499984741211,99.47000122070312,40565900
2016-02-17,95.11028289794922,102.5,102.63999938964844,100.69999694824219,100.95999908447266,41766500
2016-02-18,94.02465057373047,101.33000183105469,102.83999633789062,101.19999694824219,102.81999969482422,38991500
2016-02-19,94.30300903320312,101.62999725341797,101.94000244140625,100.62000274658203,100.83999633789062,28257900
2016-02-22,95.83407592773438,103.27999877929688,103.37999725341797,102.4800033569336,102.58000183105469,23979100
2016-02-23,94.25663757324219,101.58000183105469,102.95999908447266,101.51000213623047,102.68000030517578,29869700
2016-02-24,95.15669250488281,102.55000305175781,102.68000030517578,99.7699966430664,100.38999938964844,40739100
2016-02-25,96.09387969970703,103.55999755859375,103.55999755859375,101.83999633789062,102.76000213623047,29389300
2016-02-26,95.97325134277344,103.43000030517578,104.37000274658203,103.18000030517578,104.3499984741211,30925000
2016-02-29,95.11028289794922,102.5,104.0999984741211,102.5,103.33000183105469,27553900
2016-03-01,98.16310119628906,105.79000091552734,105.79000091552734,103.16000366210938,103.4800033569336,37699800
2016-03-02,98.20023345947266,105.83000183105469,105.8499984741211,105.01000213623047,105.66000366210938,29209800
2016-03-03,98.01461029052734,105.62999725341797,105.75,104.87000274658203,105.72000122070312,25474600
2016-03-04,98.05175018310547,105.66999816894531,106.3499984741211,104.97000122070312,105.75,31655400
2016-03-07,97.44861602783203,105.0199966430664,105.73999786376953,104.2699966430664,105.12999725341797,25861200
2016-03-08,96.64134216308594,104.1500015258789,105.20999908447266,103.97000122070312,104.30000305175781,28898500
2016-03-09,97.26301574707031,104.81999969482422,104.83999633789062,103.95999908447266,104.54000091552734,31047400
2016-03-10,97.11456298828125,104.66000366210938,105.86000061035156,103.30999755859375,105.26000213623047,44236100
2016-03-11,98.81262969970703,106.48999786376953,106.48999786376953,105.45999908447266,105.79000091552734,31454000
2016-03-14,98.97966766357422,106.66999816894531,106.91999816894531,106.05999755859375,106.08999633789062,25374900
2016-03-15,98.9425277709961,106.62999725341797,106.75,105.94999694824219,106.29000091552734,26524600
2016-03-16,99.82405090332031,107.58000183105469,107.86000061035156,106.33999633789062,106.37000274658203,31693100
2016-03-17,99.76837921142578,107.5199966430664,107.7699966430664,106.87000274658203,107.2699966430664,29623700
2016-03-18,99.92474365234375,107.37000274658203,107.63999938964844,106.80000305175781,107.45999908447266,37682300
2016-03-21,100.31562805175781,107.79000091552734,107.88999938964844,107.12000274658203,107.18000030517578,17288600
2016-03-22,100.62271881103516,108.12000274658203,108.37000274658203,107.16000366210938,107.18000030517578,18840300
2016-03-23,99.79444885253906,107.2300033569336,107.98999786376953,106.98999786376953,107.91000366210938,20912900
2016-03-24,99.82237243652344,107.26000213623047,107.29000091552734,106.52999877929688,106.70999908447266,19017300
2016-03-28,99.6827621459961,107.11000061035156,107.58000183105469,106.91999816894531,107.55999755859375,13892300
2016-03-29,101.28350067138672,108.83000183105469,108.9000015258789,106.7300033569336,106.91000366210938,29963900
2016-03-30,101.77674102783203,109.36000061035156,110.04000091552734,109.12999725341797,109.4800033569336,23807200
2016-03-31,101.6278305053711,109.19999694824219,109.69000244140625,109.02999877929688,109.27999877929688,21447200
2016-04-01,102.70740509033203,110.36000061035156,110.4000015258789,108.38999938964844,108.54000091552734,26389000
2016-04-04,102.31652069091797,109.94000244140625,110.44000244140625,109.68000030517578,110.36000061035156,17163000
2016-04-05,101.33002471923828,108.87999725341797,109.5,108.73999786376953,109.08999633789062,20107900
2016-04-06,102.99588775634766,110.66999816894531,110.70999908447266,108.98999786376953,108.98999786376953,25056000
2016-04-07,101.51615142822266,109.08000183105469,110.2300033569336,108.61000061035156,110.02999877929688,28567200
2016-04-08,101.44172668457031,109.0,110.0199966430664,108.62000274658203,109.76000213623047,22898000
2016-04-11,101.06944274902344,108.5999984741211,110.0199966430664,108.58999633789062,109.47000122070312,25772100
2016-04-12,101.91633605957031,109.51000213623047,109.72000122070312,108.0199966430664,108.68000030517578,28564100
2016-04-13,103.2192611694336,110.91000366210938,111.08000183105469,110.20999908447266,110.3499984741211,25356700
2016-04-14,103.22855377197266,110.91999816894531,111.33000183105469,110.0,110.93000030517578,17199700
2016-04-15,102.96796417236328,110.63999938964844,111.05999755859375,110.36000061035156,110.83000183105469,21353300
2016-04-18,103.51707458496094,111.2300033569336,111.2699966430664,110.25,110.31999969482422,17126100
2016-04-19,102.88422393798828,110.55000305175781,111.44000244140625,109.87999725341797,111.44000244140625,42481400
2016-04-20,102.96796417236328,110.63999938964844,111.1500015258789,110.16999816894531,110.55000305175781,18078300
2016-04-21,102.977294921875,110.6500015258789,111.05000305175781,110.1500015258789,110.58000183105469,20216000
2016-04-22,101.42306518554688,108.9800033569336,109.72000122070312,108.12000274658203,109.20999908447266,39074000
2016-04-25,101.42306518554688,108.9800033569336,108.98999786376953,108.44999694824219,108.6500015258789,14351900
2016-04-26,100.92984008789062,108.44999694824219,109.38999938964844,108.12000274658203,109.20999908447266,19118300
2016-04-27,100.12017822265625,107.58000183105469,107.83000183105469,106.69000244140625,107.33999633789062,33059800
2016-04-28,98.91032409667969,106.27999877929688,108.33000183105469,106.06999969482422,107.69999694824219,29818200
2016-04-29,98.38912963867188,105.72000122070312,106.5,104.87999725341797,106.27999877929688,67502800
2016-05-02,99.31979370117188,106.72000122070312,106.87000274658203,105.55000305175781,105.98999786376953,24813800
2016-05-03,98.39847564697266,105.7300033569336,106.44000244140625,105.44999694824219,105.95999908447266,38569400
2016-05-04,97.765625,105.05000305175781,105.4800033569336,104.79000091552734,105.08999633789062,27474500
2016-05-05,97.7376937866211,105.0199966430664,105.66000366210938,104.80999755859375,105.43000030517578,20788100
2016-05-06,98.25885009765625,105.58000183105469,105.5999984741211,104.4000015258789,104.5,30758500
2016-05-09,98.53805541992188,105.87999725341797,106.37000274658203,105.54000091552734,105.58999633789062,19289600
2016-05-10,99.88750457763672,107.33000183105469,107.37999725341797,106.06999969482422,106.26000213623047,21178900
2016-05-11,98.98475646972656,106.36000061035156,107.48999786376953,106.33000183105469,107.16999816894531,20966300
2016-05-12,98.54735565185547,105.88999938964844,106.73999786376953,105.13999938964844,106.61000061035156,29196300
2016-05-13,98.18441009521484,105.5,106.44999694824219,105.29000091552734,105.80000305175781,21059300
2016-05-16,99.41287994384766,106.81999969482422,107.20999908447266,105.55999755859375,105.66000366210938,18311900
2016-05-17,98.16578674316406,105.4800033569336,107.04000091552734,105.19999694824219,106.7300033569336,29932700
2016-05-18,98.51945495605469,105.86000061035156,106.43000030517578,105.04000091552734,105.23999786376953,27524400
2016-05-19,98.00757598876953,105.30999755859375,105.70999908447266,104.54000091552734,105.44999694824219,27334600
2016-05-20,99.087158203125,106.47000122070312,106.9000015258789,105.66999816894531,105.7300033569336,29549600
2016-05-23,98.95685577392578,106.33000183105469,106.97000122070312,106.2300033569336,106.58999633789062,15729800
2016-05-24,100.93915557861328,108.45999908447266,108.58999633789062,106.88999938964844,106.91999816894531,29931300
2016-05-25,101.66504669189453,109.23999786376953,109.56999969482422,108.68000030517578,108.87000274658203,37951700
2016-05-26,101.96288299560547,109.55999755859375,109.69999694824219,109.08999633789062,109.3499984741211,21885900
2016-05-27,102.49335479736328,110.12999725341797,110.13999938964844,109.61000061035156,109.62999725341797,19870000
2016-05-31,102.68880462646484,110.33999633789062,110.51000213623047,109.77999877929688,110.27999877929688,24366100
2016-06-01,102.69808197021484,110.3499984741211,110.5999984741211,109.91000366210938,110.0,19571500
2016-06-02,102.9121322631836,110.58000183105469,110.58999633789062,109.52999877929688,110.12999725341797,15696600
2016-06-03,102.42819213867188,110.05999755859375,110.41999816894531,109.33999633789062,110.37000274658203,20269900
2016-06-06,102.80046081542969,110.45999908447266,110.75,110.06999969482422,110.26000213623047,12502400
2016-06-07,102.53987884521484,110.18000030517578,110.62999725341797,110.12999725341797,110.5199966430664,12184300
2016-06-08,102.71671295166016,110.37000274658203,110.5999984741211,109.95999908447266,110.37000274658203,14568700
2016-06-09,102.5491943359375,110.19000244140625,110.30999755859375,109.70999908447266,109.91999816894531,17571600
2016-06-10,101.38584899902344,108.94000244140625,109.4000015258789,108.55999755859375,109.19000244140625,32965000
2016-06-13,100.5389633178711,108.02999877929688,108.93000030517578,107.88999938964844,108.31999969482422,25154700
2016-06-14,100.5389633178711,108.02999877929688,108.41999816894531,107.23999786376953,107.73999786376953,24588500
2016-06-15,100.25045013427734,107.72000122070312,108.44000244140625,107.54000091552734,108.29000091552734,24605700
2016-06-16,100.54826354980469,108.04000091552734,108.13999938964844,106.5,107.19000244140625,32079900
2016-06-17,99.36971282958984,106.48999786376953,107.68000030517578,106.23999786376953,107.52999877929688,29208800
2016-06-20,99.99492645263672,107.16000366210938,108.23999786376953,107.08000183105469,107.7300033569336,20562800
2016-06-21,100.31217193603516,107.5,107.72000122070312,107.0999984741211,107.30000305175781,22804100
2016-06-22,100.06957244873047,107.23999786376953,108.19000244140625,107.1500015258789,107.55999755859375,22724200
2016-06-23,101.49726867675781,108.7699966430664,108.79000091552734,107.62000274658203,108.06999969482422,18714200
2016-06-24,97.31682586669922,104.29000091552734,106.5,104.05999755859375,104.9000015258789,68012700
2016-06-27,95.38520050048828,102.22000122070312,103.5999984741211,101.75,103.5999984741211,48222600
2016-06-28,97.4754638671875,104.45999908447266,104.51000213623047,103.30000305175781,103.3499984741211,28260600
2016-06-29,99.20173645019531,106.30999755859375,106.52999877929688,105.2300033569336,105.27999877929688,31356700
2016-06-30,100.34950256347656,107.54000091552734,107.61000061035156,106.12999725341797,106.48999786376953,36300800
2016-07-01,100.8533706665039,108.08000183105469,108.4800033569336,107.44999694824219,107.48999786376953,19902800
2016-07-05,100.23751831054688,107.41999816894531,107.66000366210938,106.83999633789062,107.51000213623047,21167900
2016-07-06,101.05868530273438,108.30000305175781,108.3499984741211,106.56999969482422,106.91000366210938,24579300
2016-07-07,101.3572998046875,108.62000274658203,108.86000061035156,108.11000061035156,108.4000015258789,19161700
2016-07-08,102.92496490478516,110.30000305175781,110.36000061035156,109.0199966430664,109.19999694824219,29457900
2016-07-11,103.51282501220703,110.93000030517578,111.33999633789062,110.66000366210938,110.66999816894531,20218500
2016-07-12,104.03539276123047,111.48999786376953,111.79000091552734,111.33999633789062,111.61000061035156,21906100
2016-07-13,103.78345489501953,111.22000122070312,111.81999969482422,111.20999908447266,111.75,21107800
2016-07-14,104.49263000488281,111.9800033569336,112.19000244140625,111.69999694824219,111.95999908447266,20871000
2016-07-15,104.3246841430664,111.80000305175781,112.30000305175781,111.55000305175781,112.23999786376953,17999300
2016-07-18,105.01519775390625,112.54000091552734,112.73999786376953,111.8499984741211,111.87000274658203,20713900
2016-07-19,104.63260650634766,112.12999725341797,112.4800033569336,111.93000030517578,112.1500015258789,18936700
2016-07-20,105.85501098632812,113.44000244140625,113.6500015258789,112.5999984741211,112.73999786376953,24997900
2016-07-21,105.61238861083984,113.18000030517578,113.73999786376953,112.87000274658203,113.5199966430664,18885400
2016-07-22,106.05096435546875,113.6500015258789,113.77999877929688,112.91000366210938,113.26000213623047,20003400
2016-07-25,106.06029510498047,113.66000366210938,113.69000244140625,113.27999877929688,113.55999755859375,12968100
2016-07-26,106.18160247802734,113.79000091552734,114.19999694824219,113.22000122070312,113.62000274658203,21223800
2016-07-27,106.91878509521484,114.58000183105469,114.87999725341797,114.0999984741211,114.75,27646100
2016-07-28,107.29206085205078,114.9800033569336,115.11000061035156,114.4000015258789,114.76000213623047,16939700
2016-07-29,107.52532196044922,115.2300033569336,115.54000091552734,114.87000274658203,115.23999786376953,22385300
2016-08-01,108.09454345703125,115.83999633789062,116.12999725341797,115.16999816894531,115.30999755859375,13990100
2016-08-02,107.27338409423828,114.95999908447266,115.7699966430664,114.22000122070312,115.66999816894531,21278400
2016-08-03,107.62796783447266,115.33999633789062,115.3499984741211,114.80000305175781,114.87000274658203,15011300
2016-08-04,107.93589782714844,115.66999816894531,115.77999877929688,115.02999877929688,115.30000305175781,12835300
2016-08-05,108.97171020507812,116.77999877929688,117.04000091552734,116.12999725341797,116.26000213623047,23196600
2016-08-08,108.85037994384766,116.6500015258789,116.87000274658203,116.27999877929688,116.83999633789062,12358200
2016-08-09,109.10232543945312,116.91999816894531,117.29000091552734,116.66999816894531,116.73999786376953,13276500
2016-08-10,108.82240295410156,116.62000274658203,117.0199966430664,116.30999755859375,116.98999786376953,14688400
2016-08-11,109.2889633178711,117.12000274658203,117.37000274658203,116.77999877929688,117.0199966430664,12969800
2016-08-12,109.36360931396484,117.19999694824219,117.20999908447266,116.79000091552734,116.91999816894531,19379000
2016-08-15,109.8301773071289,117.69999694824219,117.97000122070312,117.30999755859375,117.3499984741211,11777800
2016-08-16,109.22364044189453,117.05000305175781,117.48999786376953,117.02999877929688,117.4800033569336,14161400
2016-08-17,109.41960144042969,117.26000213623047,117.30000305175781,116.43000030517578,117.08000183105469,15980300
2016-08-18,109.44759368896484,117.29000091552734,117.45999908447266,116.94999694824219,117.1500015258789,10036300
2016-08-19,109.41960144042969,117.26000213623047,117.5199966430664,116.76000213623047,117.08000183105469,18743000
2016-08-22,109.50358581542969,117.3499984741211,117.55000305175781,116.87000274658203,117.08999633789062,14500600
2016-08-23,109.69954681396484,117.55999755859375,118.01000213623047,117.51000213623047,117.80999755859375,11997900
2016-08-24,108.9903793334961,116.80000305175781,117.63999938964844,116.41000366210938,117.4800033569336,17728700
2016-08-25,108.81307983398438,116.61000061035156,116.97000122070312,116.36000061035156,116.5,24266300
2016-08-26,108.97171020507812,116.77999877929688,117.54000091552734,116.08000183105469,116.6500015258789,23896000
2016-08-29,109.1209945678711,116.94000244140625,117.25,116.79000091552734,116.80999755859375,11184900
2016-08-30,108.76638793945312,116.55999755859375,117.08999633789062,116.16000366210938,116.75,19843300
2016-08-31,108.65444946289062,116.44000244140625,116.55999755859375,115.94999694824219,116.37999725341797,16169800
2016-09-01,108.93433380126953,116.73999786376953,116.87999725341797,115.91000366210938,116.4800033569336,20944700
2016-09-02,109.2889633178711,117.12000274658203,117.55999755859375,116.68000030517578,117.31999969482422,18088200
2016-09-06,109.97013854980469,117.8499984741211,117.8499984741211,117.05999755859375,117.31999969482422,18525200
2016-09-07,110.03546905517578,117.91999816894531,118.12000274658203,117.47000122070312,117.95999908447266,17546900
2016-09-08,109.3916015625,117.2300033569336,117.5999984741211,116.91999816894531,117.56999969482422,20125300
2016-09-09,106.63884735107422,114.27999877929688,116.51000213623047,114.26000213623047,116.25,50813300
2016-09-12,108.55181121826172,116.33000183105469,116.48999786376953,113.62999725341797,113.63999938964844,39646000
2016-09-13,107.5813217163086,115.29000091552734,116.08999633789062,114.7300033569336,115.75,45863900
2016-09-14,108.09454345703125,115.83999633789062,116.47000122070312,115.37999725341797,115.41000366210938,28221800
2016-09-15,109.7741928100586,117.63999938964844,117.81999969482422,115.86000061035156,115.87000274658203,38521400
2016-09-16,109.72179412841797,117.29000091552734,117.41000366210938,116.70999908447266,117.22000122070312,27596500
2016-09-19,109.2447280883789,116.77999877929688,117.94999694824219,116.55000305175781,117.58999633789062,16222900
2016-09-20,109.45050811767578,117.0,117.4800033569336,116.80000305175781,117.19999694824219,18078600
2016-09-21,110.52632904052734,118.1500015258789,118.31999969482422,116.80999755859375,117.5,31546800
2016-09-22,111.40565490722656,119.08999633789062,119.22000122070312,118.72000122070312,118.83999633789062,22614400
2016-09-23,110.69469451904297,118.33000183105469,119.0,118.16000366210938,119.0,22213400
2016-09-26,109.7685546875,117.33999633789062,117.80000305175781,117.16999816894531,117.66000366210938,16403900
2016-09-27,110.85375213623047,118.5,118.55999755859375,117.1500015258789,117.26000213623047,20238400
2016-09-28,111.04084014892578,118.69999694824219,118.7699966430664,118.08999633789062,118.6500015258789,14794300
2016-09-29,110.2363052368164,117.83999633789062,118.72000122070312,117.33000183105469,118.5,27207500
2016-09-30,111.05953979492188,118.72000122070312,119.06999969482422,118.02999877929688,118.1500015258789,25543200
2016-10-03,110.90049743652344,118.55000305175781,118.69999694824219,118.08999633789062,118.56999969482422,19216400
2016-10-04,110.73210144042969,118.37000274658203,119.16000366210938,117.91999816894531,118.9000015258789,21239700
2016-10-05,111.12501525878906,118.79000091552734,119.16999816894531,118.66999816894531,118.72000122070312,14481300
2016-10-06,111.06888580322266,118.7300033569336,118.9800033569336,118.1500015258789,118.63999938964844,11987100
2016-10-07,110.82567596435547,118.47000122070312,119.01000213623047,117.88999938964844,118.83999633789062,19984200
2016-10-10,111.52727508544922,119.22000122070312,119.4800033569336,119.02999877929688,119.08000183105469,19687300
2016-10-11,109.93698120117188,117.5199966430664,119.13999938964844,117.0,119.12000274658203,27774400
2016-10-12,109.84341430664062,117.41999816894531,117.81999969482422,117.05999755859375,117.62999725341797,14267800
2016-10-13,109.45050811767578,117.0,117.31999969482422,115.94000244140625,116.62000274658203,22821000
2016-10-14,109.58149719238281,117.13999938964844,118.05000305175781,117.06999969482422,117.58000183105469,21313300
2016-10-17,109.28209686279297,116.81999969482422,117.30000305175781,116.66999816894531,117.04000091552734,14182700
2016-10-18,110.25502014160156,117.86000061035156,118.41000366210938,117.80000305175781,118.20999908447266,19276700
2016-10-19,110.24568939208984,117.8499984741211,118.0199966430664,117.63999938964844,117.7699966430664,13702900
2016-10-20,110.11469268798828,117.70999908447266,117.97000122070312,117.02999877929688,117.7300033569336,18132200
2016-10-21,110.52632904052734,118.1500015258789,118.22000122070312,117.41000366210938,117.80000305175781,15707800
2016-10-24,111.85466766357422,119.56999969482422,119.6500015258789,118.88999938964844,118.91000366210938,19143000
2016-10-25,111.49918365478516,119.19000244140625,119.66000366210938,119.01000213623047,119.63999938964844,20341800
2016-10-26,110.74147033691406,118.37999725341797,119.02999877929688,118.02999877929688,118.41999816894531,20463700
2016-10-27,110.2363052368164,117.83999633789062,118.98999786376953,117.66999816894531,118.88999938964844,19099800
2016-10-28,109.5440673828125,117.0999984741211,118.11000061035156,116.73999786376953,117.5,35369300
2016-10-31,109.44117736816406,116.98999786376953,117.52999877929688,116.93000030517578,117.52999877929688,18749400
2016-11-01,108.61791229248047,116.11000061035156,117.20999908447266,115.0999984741211,117.19000244140625,23498700
2016-11-02,107.7479248046875,115.18000030517578,116.30000305175781,114.88999938964844,116.02999877929688,26960100
2016-11-03,106.69086456298828,114.05000305175781,115.37000274658203,113.91999816894531,114.98999786376953,36205200
2016-11-04,106.3166732788086,113.6500015258789,114.54000091552734,113.44999694824219,113.7699966430664,26997500
2016-11-07,108.84247589111328,116.3499984741211,116.47000122070312,115.30000305175781,115.48999786376953,26591200
2016-11-08,109.5534439086914,117.11000061035156,117.63999938964844,115.95999908447266,116.2300033569336,20777900
2016-11-09,110.0585708618164,117.6500015258789,117.83999633789062,115.5999984741211,115.73999786376953,70234400
2016-11-10,108.28118133544922,115.75,118.37999725341797,114.19999694824219,118.22000122070312,72825400
2016-11-11,108.32797241210938,115.80000305175781,116.05000305175781,114.83999633789062,115.25,41115200
2016-11-14,107.23343658447266,114.62999725341797,115.94000244140625,114.02999877929688,115.83000183105469,35906000
2016-11-15,108.72084045410156,116.22000122070312,116.62000274658203,115.33000183105469,115.5,31796600
2016-11-16,109.3663101196289,116.91000366210938,116.98999786376953,115.66999816894531,115.66999816894531,16538100
2016-11-17,110.16146850585938,117.76000213623047,117.77999877929688,116.61000061035156,116.8499984741211,20598600
2016-11-18,109.74986267089844,117.31999969482422,118.0999984741211,117.20999908447266,117.9000015258789,16428700
2016-11-21,110.8911361694336,118.54000091552734,118.6500015258789,117.56999969482422,117.61000061035156,20268500
2016-11-22,111.2279281616211,118.9000015258789,119.19000244140625,118.61000061035156,119.01000213623047,18850600
2016-11-23,110.77891540527344,118.41999816894531,118.63999938964844,117.9000015258789,118.51000213623047,22926000
2016-11-25,111.13436126708984,118.80000305175781,118.8499984741211,118.41999816894531,118.55999755859375,7162800
2016-11-28,110.88177490234375,118.52999877929688,119.08000183105469,118.41000366210938,118.6500015258789,13479000
2016-11-29,111.26534271240234,118.94000244140625,119.51000213623047,118.30000305175781,118.63999938964844,18553000
2016-11-30,109.91825103759766,117.5,119.12999725341797,117.45999908447266,119.08999633789062,30405300
2016-12-01,108.01923370361328,115.47000122070312,117.47000122070312,115.29000091552734,117.45999908447266,39796600
2016-12-02,108.23439025878906,115.69999694824219,116.16000366210938,115.22000122070312,115.54000091552734,32876800
2016-12-05,109.07632446289062,116.5999984741211,117.05999755859375,115.7699966430664,116.30000305175781,21419700
2016-12-06,109.3382568359375,116.87999725341797,117.08000183105469,116.38999938964844,116.93000030517578,27293300
2016-12-07,110.72276306152344,118.36000061035156,118.51000213623047,116.29000091552734,116.63999938964844,26622400
2016-12-08,110.91920471191406,118.56999969482422,118.87000274658203,118.18000030517578,118.41000366210938,18578400
2016-12-09,111.78922271728516,119.5,119.54000091552734,119.0,119.01000213623047,21863100
2016-12-12,111.28404998779297,118.95999908447266,119.20999908447266,118.47000122070312,118.97000122070312,23259300
2016-12-13,112.687255859375,120.45999908447266,121.11000061035156,119.31999969482422,119.31999969482422,54477900
2016-12-14,112.45339965820312,120.20999908447266,121.0,119.86000061035156,120.61000061035156,28746000
2016-12-15,112.6311264038086,120.4000015258789,121.11000061035156,120.08000183105469,120.37000274658203,22762300
2016-12-16,112.21361541748047,119.5999984741211,120.58000183105469,119.36000061035156,120.33999633789062,26283900
2016-12-19,112.67335510253906,120.08999633789062,120.83000183105469,119.55000305175781,119.72000122070312,21138700
2016-12-20,113.10494995117188,120.55000305175781,120.7699966430664,120.33000183105469,120.47000122070312,11461800
2016-12-21,113.02050018310547,120.45999908447266,120.68000030517578,120.19000244140625,120.5999984741211,7079300
2016-12-22,112.7015151977539,120.12000274658203,120.5,119.6500015258789,120.47000122070312,16645000
2016-12-23,112.77655792236328,120.19999694824219,120.25,119.80999755859375,119.91999816894531,9007500
2016-12-27,113.3582534790039,120.81999969482422,121.5199966430664,120.41000366210938,120.45999908447266,16110600
2016-12-28,112.47631072998047,119.87999725341797,121.19000244140625,119.80000305175781,121.08000183105469,17975200
2016-12-29,112.31684112548828,119.70999908447266,120.12999725341797,119.33000183105469,119.8499984741211,13267500
2016-12-30,111.16280364990234,118.4800033569336,119.94999694824219,118.13999938964844,119.94000244140625,41749000
2017-01-03,112.15731811523438,119.54000091552734,119.98999786376953,118.88999938964844,119.2699966430664,22307600
2017-01-04,112.76716613769531,120.19000244140625,120.41000366210938,119.66000366210938,119.66999816894531,19749100
2017-01-05,113.40518951416016,120.87000274658203,120.94999694824219,120.0999984741211,120.0999984741211,20644300
2017-01-06,114.39971923828125,121.93000030517578,122.25,120.69000244140625,121.0,24074300
2017-01-09,114.77503967285156,122.33000183105469,122.55000305175781,121.94999694824219,122.02999877929688,18909200
2017-01-10,115.0283432006836,122.5999984741211,122.97000122070312,122.0999984741211,122.37999725341797,16176600
2017-01-11,115.33798217773438,122.93000030517578,122.93000030517578,122.0199966430664,122.6500015258789,20686000
2017-01-12,115.15967559814453,122.73999786376953,122.81999969482422,121.5999984741211,122.48999786376953,19622500
2017-01-13,115.55376434326172,123.16000366210938,123.37000274658203,122.80000305175781,122.80000305175781,16930800
2017-01-17,115.20659637451172,122.79000091552734,123.02999877929688,122.43000030517578,122.83999633789062,14538500
2017-01-18,115.44117736816406,123.04000091552734,123.16000366210938,122.66000366210938,122.97000122070312,12499700
2017-01-19,115.38487243652344,122.9800033569336,123.6500015258789,122.72000122070312,123.22000122070312,12710700
2017-01-20,115.63819122314453,123.25,123.83000183105469,122.91999816894531,123.5199966430664,22091000
2017-01-23,115.73200225830078,123.3499984741211,123.52999877929688,122.56999969482422,123.16999816894531,17434200
2017-01-24,116.51073455810547,124.18000030517578,124.37000274658203,123.37999725341797,123.58999633789062,17640900
2017-01-25,117.68354797363281,125.43000030517578,125.45999908447266,124.8499984741211,124.95999908447266,15036200
2017-01-26,117.8055419921875,125.55999755859375,125.81999969482422,125.33999633789062,125.5999984741211,16052200
2017-01-27,118.03072357177734,125.80000305175781,125.91999816894531,125.38999938964844,125.83000183105469,15053000
2017-01-30,117.11121368408203,124.81999969482422,125.37999725341797,124.12999725341797,125.37999725341797,25006700
2017-01-31,116.87664031982422,124.56999969482422,124.5999984741211,123.8499984741211,124.37999725341797,19091100
2017-02-01,117.68354797363281,125.43000030517578,125.68000030517578,124.86000061035156,125.44999694824219,22861900
2017-02-02,117.58036804199219,125.31999969482422,125.69999694824219,124.86000061035156,125.20999908447266,15101400
2017-02-03,117.9181137084961,125.68000030517578,125.80999755859375,125.33000183105469,125.44999694824219,16957200
2017-02-06,118.05886840820312,125.83000183105469,125.8499984741211,125.3499984741211,125.47000122070312,11630100
2017-02-07,118.4904556274414,126.29000091552734,126.55000305175781,125.97000122070312,126.08999633789062,17541100
2017-02-08,118.68748474121094,126.5,126.68000030517578,125.87999725341797,126.12000274658203,12569100
2017-02-09,119.11905670166016,126.95999908447266,127.23999786376953,126.55999755859375,126.62999725341797,17542700
2017-02-10,119.51313781738281,127.37999725341797,127.55999755859375,127.0199966430664,127.23999786376953,13915700
2017-02-13,120.18865966796875,128.10000610351562,128.25999450683594,127.72000122070312,127.7699966430664,19120200
2017-02-14,120.59208679199219,128.52999877929688,128.5399932861328,127.73999786376953,128.14999389648438,16333500
2017-02-15,121.3051528930664,129.2899932861328,129.35000610351562,128.3699951171875,128.44000244140625,17891400
2017-02-16,121.26765441894531,129.25,129.6300048828125,128.9199981689453,129.3699951171875,15098300
2017-02-17,121.79305267333984,129.80999755859375,129.82000732421875,129.0399932861328,129.05999755859375,15563700
2017-02-21,122.39349365234375,130.4499969482422,130.52999877929688,129.99000549316406,130.05999755859375,18479600
2017-02-22,122.44043731689453,130.5,130.58999633789062,130.11000061035156,130.3300018310547,12110900
2017-02-23,121.98069763183594,130.00999450683594,130.6999969482422,129.49000549316406,130.6999969482422,17489000
2017-02-24,122.21527099609375,130.25999450683594,130.25999450683594,129.3800048828125,129.4199981689453,18624500
2017-02-27,122.36539459228516,130.4199981689453,130.42999267578125,129.8000030517578,130.02000427246094,12008700
2017-02-28,121.99008178710938,130.02000427246094,130.4499969482422,129.66000366210938,130.38999938964844,16598600
2017-03-01,123.3224105834961,131.44000244140625,131.67999267578125,130.60000610351562,130.85000610351562,25813800
2017-03-02,122.70314025878906,130.77999877929688,131.42999267578125,130.6199951171875,131.41000366210938,19951400
2017-03-03,122.9283447265625,131.02000427246094,131.05999755859375,130.33999633789062,130.69000244140625,13722700
2017-03-06,122.65624237060547,130.72999572753906,130.9499969482422,130.2100067138672,130.58999633789062,12026200
2017-03-07,122.44979858398438,130.50999450683594,131.0800018310547,130.27999877929688,130.47000122070312,15500900
2017-03-08,122.6656494140625,130.74000549316406,131.14999389648438,130.4600067138672,130.58999633789062,15776000
2017-03-09,122.75945281982422,130.83999633789062,131.02000427246094,130.13999938964844,130.7100067138672,20855300
2017-03-10,123.27546691894531,131.38999938964844,131.60000610351562,130.82000732421875,131.44000244140625,21922600
2017-03-13,123.48190307617188,131.61000061035156,131.63999938964844,131.27000427246094,131.33999633789062,10731600
2017-03-14,123.18162536621094,131.2899932861328,131.36000061035156,130.75999450683594,131.30999755859375,14019700
2017-03-15,123.9416275024414,132.10000610351562,132.41000366210938,131.13999938964844,131.55999755859375,22709100
2017-03-16,123.85718536376953,132.00999450683594,132.35000610351562,131.7100067138672,132.35000610351562,18457300
2017-03-17,123.8139419555664,131.69000244140625,132.0399932861328,131.6199951171875,131.89999389648438,21234500
2017-03-20,123.9267349243164,131.80999755859375,132.11000061035156,131.4600067138672,131.64999389648438,10105200
2017-03-21,122.04637908935547,129.80999755859375,132.42999267578125,129.72999572753906,132.30999755859375,35841900
2017-03-22,122.87374877929688,130.69000244140625,130.82000732421875,129.67999267578125,129.85000610351562,29177900
2017-03-23,122.56346130371094,130.36000061035156,130.8800048828125,130.13999938964844,130.52000427246094,20311700
2017-03-24,122.8173599243164,130.6300048828125,131.2899932861328,130.1300048828125,130.77999877929688,22967600
2017-03-27,123.0147933959961,130.83999633789062,131.07000732421875,129.39999389648438,129.6999969482422,18472400
2017-03-28,123.76691436767578,131.63999938964844,132.02999877929688,130.5500030517578,130.83999633789062,23721900
2017-03-29,124.34044647216797,132.25,132.3000030517578,131.58999633789062,131.72999572753906,13710000
2017-03-30,124.54727935791016,132.47000122070312,132.61000061035156,132.0800018310547,132.1999969482422,16092400
2017-03-31,124.46265411376953,132.3800048828125,132.74000549316406,132.1300048828125,132.27999877929688,19841400
2017-04-03,124.38742065429688,132.3000030517578,132.80999755859375,131.55999755859375,132.49000549316406,23700300
2017-04-04,124.58492279052734,132.50999450683594,132.52999877929688,131.8699951171875,131.9199981689453,13400000
2017-04-05,124.07717895507812,131.97000122070312,133.47999572753906,131.72000122070312,132.6999969482422,32011200
2017-04-06,124.14299011230469,132.0399932861328,132.38999938964844,131.6999969482422,132.10000610351562,18832200
2017-04-07,124.07717895507812,131.97000122070312,132.3699951171875,131.5,132.0,16743100
2017-04-10,124.12421417236328,132.02000427246094,132.57000732421875,131.66000366210938,132.10000610351562,15619300
2017-04-11,123.58830261230469,131.4499969482422,132.10000610351562,130.5,131.89999389648438,33778400
2017-04-12,123.08998107910156,130.9199981689453,131.5399932861328,130.77999877929688,131.42999267578125,15955200
2017-04-13,122.60108947753906,130.39999389648438,131.50999450683594,130.3800048828125,130.74000549316406,23683000
2017-04-17,123.61647033691406,131.47999572753906,131.5,130.72000122070312,130.77000427246094,13325500
2017-04-18,123.42845916748047,131.27999877929688,131.66000366210938,130.9499969482422,131.0399932861328,12841100
2017-04-19,123.62591552734375,131.49000549316406,132.2899932861328,131.30999755859375,131.85000610351562,17764800
2017-04-20,124.6601333618164,132.58999633789062,132.8800048828125,131.82000732421875,132.02000427246094,21977900
2017-04-21,124.63192749023438,132.55999755859375,132.75999450683594,132.22000122070312,132.7100067138672,22454900
2017-04-24,126.13618469238281,134.16000366210938,134.2899932861328,133.8000030517578,134.02999877929688,22469900
2017-04-25,127.0482406616211,135.1300048828125,135.3699951171875,134.47999572753906,134.60000610351562,19384400
2017-04-26,126.86955261230469,134.94000244140625,135.50999450683594,134.86000061035156,135.17999267578125,25398500
2017-04-27,127.63108825683594,135.75,135.75,135.19000244140625,135.27000427246094,16136500
2017-04-28,127.85676574707031,135.99000549316406,136.33999633789062,135.77000427246094,136.2899932861328,22771900
2017-05-01,128.994384765625,137.1999969482422,137.3800048828125,136.3800048828125,136.44000244140625,24815500
2017-05-02,129.21066284179688,137.42999267578125,137.49000549316406,137.02000427246094,137.3699951171875,18345100
2017-05-03,128.79693603515625,136.99000549316406,137.1699981689453,136.6199951171875,137.1199951171875,23827600
2017-05-04,128.84396362304688,137.0399932861328,137.42999267578125,136.55999755859375,136.97000122070312,14630100
2017-05-05,129.31405639648438,137.5399932861328,137.5399932861328,136.8800048828125,137.38999938964844,19330700
2017-05-08,129.59605407714844,137.83999633789062,137.83999633789062,137.3300018310547,137.61000061035156,13279900
2017-05-09,130.04747009277344,138.32000732421875,138.6300048828125,137.92999267578125,138.0500030517578,28426100
2017-05-10,130.1226043701172,138.39999389648438,138.4499969482422,137.91000366210938,138.39999389648438,20499400
2017-05-11,130.0192108154297,138.2899932861328,138.3300018310547,137.3800048828125,138.02000427246094,27232100
2017-05-12,130.31068420410156,138.60000610351562,138.6300048828125,138.22999572753906,138.35000610351562,19738600
2017-05-15,130.72438049316406,139.0399932861328,139.1199951171875,138.52999877929688,138.66000366210938,20481300
2017-05-16,131.2696990966797,139.6199951171875,139.63999938964844,138.99000549316406,139.39999389648438,21786000
2017-05-17,127.93199157714844,136.07000732421875,138.77000427246094,136.0500030517578,138.50999450683594,55642200
2017-05-18,129.05081176757812,137.25999450683594,137.72000122070312,135.8699951171875,136.02000427246094,41319900
2017-05-19,129.59605407714844,137.83999633789062,138.4199981689453,137.66000366210938,137.75,36730100
2017-05-22,130.68675231933594,139.0,139.07000732421875,138.10000610351562,138.14999389648438,19509700
2017-05-23,130.81842041015625,139.13999938964844,139.4199981689453,138.77999877929688,139.41000366210938,19687500
2017-05-24,131.4200897216797,139.77999877929688,139.85000610351562,139.1699981689453,139.55999755859375,15891900
2017-05-25,132.53890991210938,140.97000122070312,141.3300018310547,140.00999450683594,140.30999755859375,23928600
2017-05-26,132.77394104003906,141.22000122070312,141.27999877929688,140.80999755859375,141.0,13851600
2017-05-30,132.8867950439453,141.33999633789062,141.50999450683594,141.05999755859375,141.14999389648438,20306400
2017-05-31,132.83981323242188,141.2899932861328,141.83999633789062,140.57000732421875,141.83999633789062,33229400
2017-06-01,133.35691833496094,141.83999633789062,141.89999389648438,140.97999572753906,141.5800018310547,20120700
2017-06-02,134.8800048828125,143.4600067138672,143.49000549316406,142.11000061035156,142.33999633789062,37222900
2017-06-05,134.85182189941406,143.42999267578125,143.67999267578125,143.22999572753906,143.4499969482422,15727500
2017-06-06,134.3158416748047,142.86000061035156,143.72999572753906,142.64999389648438,143.25999450683594,22393000
2017-06-07,134.84242248535156,143.4199981689453,143.5399932861328,142.60000610351562,143.25999450683594,18842400
2017-06-08,134.98342895507812,143.57000732421875,143.8000030517578,142.7899932861328,143.74000549316406,25417400
2017-06-09,131.60812377929688,139.97999572753906,143.89999389648438,138.11000061035156,143.74000549316406,109783700
2017-06-12,130.90301513671875,139.22999572753906,139.47999572753906,137.47000122070312,138.8000030517578,104454000
2017-06-13,131.96534729003906,140.36000061035156,140.55999755859375,139.27999877929688,140.00999450683594,51193000
2017-06-14,131.391845703125,139.75,140.92999267578125,138.6199951171875,140.92999267578125,60093800
2017-06-15,130.8090057373047,139.1300048828125,139.27999877929688,137.49000549316406,138.33999633789062,55145200
2017-06-16,130.24142456054688,138.14999389648438,138.77999877929688,137.63999938964844,138.67999267578125,48087400
2017-06-19,132.41920471191406,140.4600067138672,140.58999633789062,139.27999877929688,139.49000549316406,39626500
2017-06-20,131.3821563720703,139.36000061035156,140.5,139.30999755859375,140.32000732421875,40935100
2017-06-21,132.68321228027344,140.74000549316406,140.80999755859375,139.58999633789062,139.67999267578125,35743400
2017-06-22,132.6454315185547,140.6999969482422,141.22000122070312,140.33999633789062,140.9600067138672,24099100
2017-06-23,133.15455627441406,141.24000549316406,141.4199981689453,140.14999389648438,140.5399932861328,21654300
2017-06-26,132.53231811523438,140.5800018310547,142.2899932861328,140.27000427246094,142.0500030517578,34411100
2017-06-27,130.1282958984375,138.02999877929688,140.22000122070312,138.02000427246094,140.0500030517578,65957800
2017-06-28,132.00439453125,140.02000427246094,140.13999938964844,137.74000549316406,138.5399932861328,57427200
2017-06-29,129.7135009765625,137.58999633789062,139.44000244140625,136.25,139.44000244140625,88769400
2017-06-30,129.76065063476562,137.63999938964844,138.6699981689453,137.19000244140625,137.97999572753906,68898300
2017-07-03,128.3936767578125,136.19000244140625,138.42999267578125,136.10000610351562,138.27000427246094,32797000
2017-07-05,129.6569061279297,137.52999877929688,137.89999389648438,136.16000366210938,136.6199951171875,42116600
2017-07-06,128.4879608154297,136.2899932861328,137.05999755859375,135.8000030517578,136.47999572753906,48430500
2017-07-07,129.87376403808594,137.75999450683594,138.1300048828125,136.74000549316406,136.75,36970400
2017-07-10,130.7222442626953,138.66000366210938,138.99000549316406,137.5,137.85000610351562,24853500
2017-07-11,131.08987426757812,139.0500030517578,139.22000122070312,137.94000244140625,138.4600067138672,31517700
2017-07-12,132.6454315185547,140.6999969482422,140.86000061035156,139.9600067138672,140.24000549316406,36045800
2017-07-13,132.9376983642578,141.00999450683594,141.35000610351562,140.60000610351562,140.8699951171875,31073600
2017-07-14,133.98411560058594,142.1199951171875,142.3000030517578,141.19000244140625,141.63999938964844,34544800
2017-07-17,134.0501251220703,142.19000244140625,142.69000244140625,141.9199981689453,142.27000427246094,25343200
2017-07-18,134.94577026367188,143.13999938964844,143.1699981689453,141.63999938964844,142.08999633789062,25748500
2017-07-19,135.7376708984375,143.97999572753906,144.19000244140625,143.5,143.55999755859375,33752300
2017-07-20,135.9168243408203,144.1699981689453,144.44000244140625,143.52000427246094,144.35000610351562,36139400
2017-07-21,135.8602752685547,144.11000061035156,144.11000061035156,143.35000610351562,143.63999938964844,39697100
2017-07-24,136.4824981689453,144.77000427246094,144.8699951171875,143.9199981689453,144.08999633789062,26712700
2017-07-25,136.13365173339844,144.39999389648438,144.74000549316406,144.00999450683594,144.2899932861328,28120900
2017-07-26,136.5767364501953,144.8699951171875,144.9499969482422,144.52999877929688,144.75999450683594,18610600
2017-07-27,135.7188262939453,143.9600067138672,145.9600067138672,142.3000030517578,145.82000732421875,80665900
2017-07-28,135.60565185546875,143.83999633789062,144.0800018310547,142.8699951171875,143.10000610351562,38013200
2017-07-31,135.03062438964844,143.22999572753906,144.42999267578125,142.9199981689453,144.25,33848600
2017-08-01,135.34173583984375,143.55999755859375,143.75999450683594,143.1199951171875,143.72000122070312,20149400
2017-08-02,135.70938110351562,143.9499969482422,144.52000427246094,142.61000061035156,144.49000549316406,41769700
2017-08-03,135.18148803710938,143.38999938964844,144.1699981689453,143.1300048828125,144.08999633789062,27112800
2017-08-04,135.42660522460938,143.64999389648438,143.97000122070312,143.05999755859375,143.7100067138672,29472900
2017-08-07,136.2845001220703,144.55999755859375,144.55999755859375,143.7100067138672,143.91000366210938,17933900
2017-08-08,136.0487823486328,144.30999755859375,145.47000122070312,143.89999389648438,144.27999877929688,30810400
2017-08-09,135.8696746826172,144.1199951171875,144.19000244140625,142.7899932861328,143.1199951171875,36169500
2017-08-10,132.95660400390625,141.02999877929688,143.39999389648438,140.88999938964844,143.3000030517578,63331700
2017-08-11,133.9652862548828,142.10000610351562,142.41000366210938,140.89999389648438,141.22000122070312,45862500
2017-08-14,135.6905517578125,143.92999267578125,144.14999389648438,143.19000244140625,143.22999572753906,34161000
2017-08-15,135.7847900390625,144.02999877929688,144.3000030517578,143.63999938964844,144.2899932861328,25509200
2017-08-16,136.02049255371094,144.27999877929688,144.9600067138672,143.8000030517578,144.38999938964844,31913000
2017-08-17,133.23936462402344,141.3300018310547,143.94000244140625,141.3300018310547,143.72000122070312,70191000
2017-08-18,133.14517211914062,141.22999572753906,142.1999969482422,140.64999389648438,141.41000366210938,60751900
2017-08-21,132.97540283203125,141.0500030517578,141.52999877929688,140.17999267578125,141.22000122070312,37111500
2017-08-22,135.0023193359375,143.1999969482422,143.35000610351562,141.75999450683594,141.80999755859375,36294200
2017-08-23,134.5215301513672,142.69000244140625,143.00999450683594,142.3800048828125,142.47999572753906,25702300
2017-08-24,134.12557983398438,142.27000427246094,143.1699981689453,141.47000122070312,143.00999450683594,38160800
2017-08-25,133.84274291992188,141.97000122070312,143.17999267578125,141.77999877929688,142.82000732421875,26380400
2017-08-28,134.25750732421875,142.41000366210938,142.74000549316406,141.9499969482422,142.39999389648438,15362100
2017-08-29,134.78550720214844,142.97000122070312,143.2100067138672,141.05999755859375,141.19000244140625,24498300
2017-08-30,136.36924743652344,144.64999389648438,144.88999938964844,143.0,143.08999633789062,33642700
2017-08-31,137.83059692382812,146.1999969482422,146.2100067138672,144.97999572753906,145.05999755859375,38480700
2017-09-01,137.6420440673828,146.0,146.58999633789062,145.61000061035156,146.38999938964844,22293600
2017-09-05,136.4070587158203,144.69000244140625,145.8800048828125,143.60000610351562,145.57000732421875,44794300
2017-09-06,136.82191467285156,145.1300048828125,145.4600067138672,144.0800018310547,145.05999755859375,30722700
2017-09-07,137.14236450195312,145.47000122070312,145.83999633789062,144.94000244140625,145.39999389648438,22721100
2017-09-08,135.9545135498047,144.2100067138672,145.35000610351562,144.05999755859375,145.27999877929688,27890100
2017-09-11,137.5194854736328,145.8699951171875,146.1199951171875,145.3000030517578,145.33999633789062,27126300
2017-09-12,137.8494873046875,146.22000122070312,146.41000366210938,145.52999877929688,146.27999877929688,30256700
2017-09-13,138.03799438476562,146.4199981689453,146.44000244140625,145.72999572753906,145.97000122070312,28450900
2017-09-14,137.22718811035156,145.55999755859375,146.2899932861328,145.47000122070312,145.85000610351562,35296400
2017-09-15,137.69859313964844,146.05999755859375,146.58999633789062,145.2899932861328,145.52999877929688,46422400
2017-09-18,137.51815795898438,145.5500030517578,146.3699951171875,145.11000061035156,145.91000366210938,24858200
2017-09-19,137.75433349609375,145.8000030517578,146.00999450683594,145.30999755859375,145.80999755859375,20871200
2017-09-20,137.32920837402344,145.35000610351562,145.91000366210938,144.22999572753906,145.75,34236200
2017-09-21,136.48834228515625,144.4600067138672,145.25999450683594,143.9499969482422,145.25,28841800
2017-09-22,136.3560028076172,144.32000732421875,144.52999877929688,143.85000610351562,144.0,21702400
2017-09-25,134.9198760986328,142.8000030517578,143.8300018310547,142.10000610351562,143.75,54947700
2017-09-26,135.2694854736328,143.1699981689453,143.8000030517578,142.6699981689453,143.52999877929688,29628800
2017-09-27,136.48834228515625,144.4600067138672,145.0,143.57000732421875,143.92999267578125,33249400
2017-09-28,136.4410858154297,144.41000366210938,144.55999755859375,143.77999877929688,144.11000061035156,24149400
2017-09-29,137.4236297607422,145.4499969482422,145.55999755859375,144.32000732421875,144.6999969482422,43102400
2017-10-02,137.5465087890625,145.5800018310547,146.1699981689453,144.92999267578125,145.6699981689453,27351300
2017-10-03,137.83938598632812,145.88999938964844,146.05999755859375,145.4499969482422,145.77000427246094,19715200
2017-10-04,137.97164916992188,146.02999877929688,146.33999633789062,145.47000122070312,145.61000061035156,26381100
2017-10-05,139.32275390625,147.4600067138672,147.5399932861328,146.41000366210938,146.55999755859375,31562400
2017-10-06,139.51173400878906,147.66000366210938,147.66000366210938,146.9600067138672,146.9600067138672,23561100
2017-10-09,139.35108947753906,147.49000549316406,148.00999450683594,147.3000030517578,147.85000610351562,13704800
2017-10-10,139.45504760742188,147.60000610351562,148.13999938964844,146.9499969482422,147.99000549316406,19223100
2017-10-11,139.87074279785156,148.0399932861328,148.07000732421875,147.33999633789062,147.52999877929688,12439100
2017-10-12,139.6156768798828,147.77000427246094,148.35000610351562,147.6199951171875,147.82000732421875,14513500
2017-10-13,140.15420532226562,148.33999633789062,148.50999450683594,147.77999877929688,148.3699951171875,18409900
2017-10-16,140.63604736328125,148.85000610351562,148.88999938964844,148.38999938964844,148.7100067138672,21809400
2017-10-17,140.81558227539062,149.0399932861328,149.05999755859375,148.57000732421875,148.8000030517578,13138200
2017-10-18,140.64552307128906,148.86000061035156,149.2100067138672,148.63999938964844,149.19000244140625,17218200
2017-10-19,140.12582397460938,148.30999755859375,148.3300018310547,147.27000427246094,147.99000549316406,27680300
2017-10-20,140.50376892089844,148.7100067138672,149.0399932861328,148.52999877929688,148.91000366210938,30173300
2017-10-23,139.58734130859375,147.74000549316406,149.02999877929688,147.52999877929688,149.02000427246094,29297100
2017-10-24,139.82354736328125,147.99000549316406,148.3000030517578,147.44000244140625,148.02999877929688,20289500
2017-10-25,139.29440307617188,147.42999267578125,148.17999267578125,146.3300018310547,147.6999969482422,36179100
2017-10-26,138.85032653808594,146.9600067138672,147.7100067138672,146.9199981689453,147.33999633789062,28230200
2017-10-27,142.89413452148438,151.24000549316406,151.52000427246094,149.1999969482422,149.42999267578125,60165100
2017-10-30,143.21542358398438,151.5800018310547,152.19000244140625,150.99000549316406,151.1300048828125,31733400
2017-10-31,143.75393676757812,152.14999389648438,152.3699951171875,151.6300048828125,152.07000732421875,26319300
2017-11-01,143.7067108154297,152.10000610351562,152.8300018310547,151.5,152.75999450683594,29481600
2017-11-02,143.4326934814453,151.80999755859375,151.99000549316406,150.77000427246094,151.92999267578125,31017400
2017-11-03,144.81214904785156,153.27000427246094,153.2899932861328,151.83999633789062,152.36000061035156,26199200
2017-11-06,145.3034210205078,153.7899932861328,153.85000610351562,153.10000610351562,153.14999389648438,28693900
2017-11-07,145.38845825195312,153.8800048828125,154.0800018310547,153.33999633789062,153.6699981689453,21333100
2017-11-08,145.97427368164062,154.5,154.5399932861328,153.6199951171875,153.8000030517578,17373500
2017-11-09,145.2089385986328,153.69000244140625,153.77000427246094,152.11000061035156,153.22999572753906,40594500
2017-11-10,145.1995086669922,153.67999267578125,153.8000030517578,153.05999755859375,153.3300018310547,20150800
2017-11-13,145.37899780273438,153.8699951171875,154.07000732421875,153.10000610351562,153.10000610351562,12522400
2017-11-14,144.84994506835938,153.30999755859375,153.5,152.57000732421875,153.3300018310547,25173800
2017-11-15,144.1696319580078,152.58999633789062,153.0,151.77999877929688,152.64999389648438,24808000
2017-11-16,146.01206970214844,154.5399932861328,154.88999938964844,153.3300018310547,153.36000061035156,34790600
2017-11-17,145.45465087890625,153.9499969482422,154.69000244140625,153.8000030517578,154.5800018310547,28725800
2017-11-20,145.3412628173828,153.8300018310547,154.1999969482422,153.61000061035156,154.05999755859375,21143900
2017-11-21,146.9191131591797,155.5,155.57000732421875,154.49000549316406,154.55999755859375,20147800
2017-11-22,147.09860229492188,155.69000244140625,155.83999633789062,155.33999633789062,155.63999938964844,17299000
2017-11-24,147.63710021972656,156.25999450683594,156.30999755859375,155.75999450683594,155.85000610351562,8280600
2017-11-27,147.57101440429688,156.19000244140625,156.55999755859375,155.8300018310547,156.2100067138672,22653400
2017-11-28,147.94894409179688,156.58999633789062,156.69000244140625,155.6999969482422,156.5399932861328,25227300
2017-11-29,145.36959838867188,153.86000061035156,156.4499969482422,153.1199951171875,156.41000366210938,71986300
2017-11-30,146.58836364746094,155.14999389648438,155.4499969482422,154.14999389648438,154.50999450683594,56595500
2017-12-01,145.96484375,154.49000549316406,155.24000549316406,152.25999450683594,154.1999969482422,59015800
2017-12-04,144.2830352783203,152.7100067138672,155.6300048828125,152.55999755859375,155.4600067138672,51319100
2017-12-05,144.37753295898438,152.80999755859375,154.5500030517578,152.10000610351562,152.67999267578125,40604200
2017-12-06,145.02947998046875,153.5,153.74000549316406,152.05999755859375,152.24000549316406,28647800
2017-12-07,145.52073669433594,154.02000427246094,154.4600067138672,153.3300018310547,153.49000549316406,32666200
2017-12-08,146.16319274902344,154.6999969482422,155.52999877929688,154.4600067138672,155.14999389648438,28081700
2017-12-11,147.29701232910156,155.89999389648438,155.9499969482422,154.75999450683594,154.77000427246094,20821500
2017-12-12,147.09860229492188,155.69000244140625,156.14999389648438,155.36000061035156,155.8300018310547,20310300
2017-12-13,147.38206481933594,155.99000549316406,156.49000549316406,155.75999450683594,156.32000732421875,24418500
2017-12-14,147.27810668945312,155.8800048828125,156.66000366210938,155.7100067138672,156.25999450683594,24594700
2017-12-15,148.95046997070312,157.64999389648438,157.82000732421875,156.22999572753906,156.49000549316406,49816200
2017-12-18,150.19927978515625,158.63999938964844,158.77000427246094,158.07000732421875,158.36000061035156,26844500
2017-12-19,149.30926513671875,157.6999969482422,158.5,157.25999450683594,158.33999633789062,31415000
2017-12-20,149.14833068847656,157.52999877929688,158.27999877929688,156.91000366210938,158.25,38972600
2017-12-21,149.16722106933594,157.5500030517578,158.25,157.3699951171875,157.75,18638700
2017-12-22,148.99681091308594,157.3699951171875,157.42999267578125,156.9499969482422,157.30999755859375,23330400
2017-12-26,148.1920928955078,156.52000427246094,156.72000122070312,155.9499969482422,156.49000549316406,21918700
2017-12-27,148.21096801757812,156.5399932861328,156.9600067138672,156.38999938964844,156.52999877929688,22388200
2017-12-28,148.39088439941406,156.72999572753906,157.07000732421875,156.5399932861328,157.0399932861328,25393800
2017-12-29,147.47244262695312,155.75999450683594,156.89999389648438,155.6999969482422,156.8699951171875,33186000
2018-01-02,150.0572509765625,158.49000549316406,158.52999877929688,156.1699981689453,156.55999755859375,32573300
2018-01-03,151.51528930664062,160.02999877929688,160.1699981689453,158.61000061035156,158.63999938964844,29383600
2018-01-04,151.78038024902344,160.30999755859375,160.7899932861328,160.0800018310547,160.5800018310547,24776100
2018-01-05,153.30479431152344,161.9199981689453,162.02999877929688,160.77000427246094,161.07000732421875,26992300
2018-01-08,153.90122985839844,162.5500030517578,162.6300048828125,161.86000061035156,161.9199981689453,23159100
2018-01-09,153.91067504882812,162.55999755859375,163.0399932861328,162.07000732421875,162.8699951171875,24782400
2018-01-10,153.5509033203125,162.17999267578125,162.2100067138672,161.1199951171875,161.83999633789062,34004000
2018-01-11,154.601806640625,163.2899932861328,163.3000030517578,162.2100067138672,162.4600067138672,20473500
2018-01-12,155.73797607421875,164.49000549316406,164.66000366210938,162.94000244140625,163.14999389648438,37762700
2018-01-16,155.2930450439453,164.02000427246094,166.4199981689453,163.52999877929688,165.5800018310547,41231800
2018-01-17,156.96884155273438,165.7899932861328,166.0399932861328,164.0,164.8000030517578,33849900
2018-01-18,156.99720764160156,165.82000732421875,166.1999969482422,165.13999938964844,165.52999877929688,26432200
2018-01-19,157.4895477294922,166.33999633789062,166.61000061035156,165.5399932861328,166.30999755859375,38937600
2018-01-22,159.1748504638672,168.1199951171875,168.1199951171875,166.08999633789062,166.27999877929688,26081400
2018-01-23,160.49087524414062,169.50999450683594,169.66000366210938,168.55999755859375,168.63999938964844,37989700
2018-01-24,159.44943237304688,168.41000366210938,170.24000549316406,167.44000244140625,169.8699951171875,54287400
2018-01-25,159.39263916015625,168.35000610351562,169.6300048828125,167.80999755859375,169.57000732421875,28925000
2018-01-26,161.83534240722656,170.92999267578125,170.9499969482422,168.9600067138672,169.2899932861328,32038200
2018-01-29,161.04954528808594,170.10000610351562,170.91000366210938,169.74000549316406,170.57000732421875,37277800
2018-01-30,159.72402954101562,168.6999969482422,169.4199981689453,167.82000732421875,168.5500030517578,44987700
2018-01-31,160.38670349121094,169.39999389648438,169.99000549316406,168.33999633789062,169.64999389648438,42449200
2018-02-01,159.02340698242188,167.9600067138672,169.72999572753906,167.4199981689453,168.10000610351562,38037900
2018-02-02,155.8516082763672,164.61000061035156,167.6999969482422,164.47000122070312,167.3000030517578,68478100
2018-02-05,149.70693969726562,158.1199951171875,165.75,158.0,163.07000732421875,105372200
2018-02-06,153.6739959716797,162.30999755859375,162.50999450683594,155.10000610351562,155.80999755859375,118537900
2018-02-07,151.68572998046875,160.2100067138672,163.5500030517578,160.1999969482422,161.7899932861328,91028300
2018-02-08,145.285400390625,153.4499969482422,160.8000030517578,153.4499969482422,160.6199951171875,94184800
2018-02-09,147.79437255859375,156.10000610351562,157.24000549316406,150.1300048828125,155.6199951171875,113836600
2018-02-12,150.41705322265625,158.8699951171875,159.9499969482422,156.4600067138672,157.6999969482422,63050600
2018-02-13,151.19338989257812,159.69000244140625,160.00999450683594,157.72000122070312,157.9600067138672,31785600
2018-02-14,154.02430725097656,162.67999267578125,162.92999267578125,158.0,158.75,52107400
2018-02-15,156.88360595703125,165.6999969482422,165.6999969482422,162.44000244140625,164.13999938964844,51633900
2018-02-16,156.1829833984375,164.9600067138672,166.75999450683594,164.67999267578125,165.16000366210938,62256300
2018-02-20,156.4954376220703,165.2899932861328,166.67999267578125,164.30999755859375,164.3800048828125,36785600
2018-02-21,156.0504608154297,164.82000732421875,167.72000122070312,164.72000122070312,166.10000610351562,41161800
2018-02-22,156.03155517578125,164.8000030517578,166.4199981689453,164.3800048828125,165.5399932861328,37074400
2018-02-23,159.2222137451172,168.1699981689453,168.1699981689453,165.4499969482422,166.1300048828125,50096900
2018-02-26,161.33352661132812,170.39999389648438,170.39999389648438,168.82000732421875,168.9600067138672,39266700
2018-02-27,159.33578491210938,168.2899932861328,170.72999572753906,168.2100067138672,170.4499969482422,42209900
2018-02-28,158.31324768066406,167.2100067138672,169.8000030517578,167.10000610351562,169.25,42936300
2018-03-01,155.72857666015625,164.47999572753906,168.07000732421875,163.0,167.3000030517578,76809900
2018-03-02,157.158203125,165.99000549316406,166.27999877929688,161.9600067138672,162.5,57445100
2018-03-05,158.90028381347656,167.8300018310547,168.25999450683594,164.58999633789062,165.2100067138672,38540200
2018-03-06,159.57252502441406,168.5399932861328,169.11000061035156,167.47999572753906,168.64999389648438,29480900
2018-03-07,159.94174194335938,168.92999267578125,169.07000732421875,166.9600067138672,167.25,34609400
2018-03-08,160.82225036621094,169.86000061035156,169.97999572753906,168.9499969482422,169.6300048828125,25828400
2018-03-09,163.9467010498047,173.16000366210938,173.16000366210938,170.82000732421875,171.07000732421875,38310500
2018-03-12,164.8177032470703,174.0800018310547,174.47999572753906,173.27999877929688,173.6699981689453,37635000
2018-03-13,162.57382202148438,171.7100067138672,175.2100067138672,171.27000427246094,174.47999572753906,55638900
2018-03-14,162.54544067382812,171.67999267578125,172.74000549316406,170.92999267578125,172.61000061035156,40536400
2018-03-15,162.40341186523438,171.52999877929688,172.52999877929688,170.89999389648438,171.8000030517578,28810400
2018-03-16,161.9205322265625,171.02000427246094,172.1999969482422,170.94000244140625,171.82000732421875,31176700
2018-03-19,158.46580505371094,167.10000610351562,169.22000122070312,165.63999938964844,169.10000610351562,71395100
2018-03-20,158.98733520507812,167.64999389648438,168.0399932861328,166.61000061035156,167.1699981689453,34075700
2018-03-21,158.2951202392578,166.9199981689453,168.75999450683594,166.19000244140625,167.2100067138672,43863500
2018-03-22,154.3879852294922,162.8000030517578,165.77000427246094,162.58999633789062,164.61000061035156,66607300
2018-03-23,150.3196258544922,158.50999450683594,163.3000030517578,158.42999267578125,162.61000061035156,80110400
2018-03-26,155.90530395507812,164.39999389648438,164.60000610351562,159.16000366210938,161.72000122070312,57481500
2018-03-27,150.8602294921875,159.0800018310547,165.6199951171875,157.67999267578125,165.6199951171875,78889100
2018-03-28,149.1247100830078,157.25,159.77999877929688,156.0399932861328,158.1699981689453,89369700
2018-03-29,151.85598754882812,160.1300048828125,161.7100067138672,156.6300048828125,158.10000610351562,68692600
2018-04-02,147.47462463378906,155.50999450683594,159.74000549316406,153.8800048828125,158.99000549316406,85549400
2018-04-03,149.1342315673828,157.25999450683594,157.9199981689453,154.44000244140625,156.8699951171875,64090000
2018-04-04,151.486083984375,159.74000549316406,160.22999572753906,154.0399932861328,154.22000122070312,65768700
2018-04-05,152.34909057617188,160.64999389648438,161.5800018310547,159.47999572753906,161.3300018310547,43054900
2018-04-06,148.5367889404297,156.6300048828125,160.4600067138672,155.8800048828125,158.8800048828125,59870900
2018-04-09,149.57992553710938,157.72999572753906,160.8800048828125,157.4600067138672,157.97999572753906,41810400
2018-04-10,152.880126953125,161.2100067138672,161.72999572753906,159.07000732421875,160.2100067138672,48296800
2018-04-11,151.99819946289062,160.27999877929688,162.0,160.10000610351562,160.1999969482422,41622100
2018-04-12,153.82846069335938,162.2100067138672,162.77000427246094,161.16000366210938,161.25,30467900
2018-04-13,153.03187561035156,161.3699951171875,163.25999450683594,160.6699981689453,163.02000427246094,44604900
2018-04-16,154.19833374023438,162.60000610351562,163.19000244140625,161.47999572753906,162.5,28180800
2018-04-17,157.5174560546875,166.10000610351562,166.4600067138672,163.91000366210938,164.24000549316406,35536100
2018-04-18,157.8398895263672,166.44000244140625,167.0,165.30999755859375,166.10000610351562,29573900
2018-04-19,156.3889617919922,164.91000366210938,165.99000549316406,164.33999633789062,165.60000610351562,34705700
2018-04-20,153.91380310058594,162.3000030517578,164.61000061035156,161.72999572753906,164.49000549316406,49197100
2018-04-23,153.52496337890625,161.88999938964844,163.72999572753906,161.02000427246094,163.08999633789062,33040600
2018-04-24,150.272216796875,158.4600067138672,162.91000366210938,157.38999938964844,162.66000366210938,70256800
2018-04-25,150.45240783691406,158.64999389648438,159.30999755859375,156.47000122070312,158.74000549316406,52089300
2018-04-26,153.61985778808594,161.99000549316406,162.52999877929688,160.17999267578125,160.6999969482422,43005500
2018-04-27,153.7146759033203,162.08999633789062,164.41000366210938,161.1699981689453,164.3699951171875,51043400
2018-04-30,152.6240692138672,160.94000244140625,163.47999572753906,160.5399932861328,162.47000122070312,35615300
2018-05-01,154.36898803710938,162.77999877929688,162.8000030517578,160.13999938964844,160.52000427246094,36513500
2018-05-02,153.45858764648438,161.82000732421875,163.57000732421875,161.6300048828125,163.05999755859375,38646800
2018-05-03,153.43972778320312,161.8000030517578,162.39999389648438,159.22000122070312,161.0,60337100
2018-05-04,156.35107421875,164.8699951171875,165.25,160.97999572753906,161.10000610351562,41543200
2018-05-07,157.65023803710938,166.24000549316406,166.77999877929688,165.50999450683594,165.63999938964844,32500200
2018-05-08,157.48902893066406,166.07000732421875,166.42999267578125,164.86000061035156,165.88999938964844,26040200
2018-05-09,159.20545959472656,167.8800048828125,168.0,165.77999877929688,166.3699951171875,29122700
2018-05-10,160.8555908203125,169.6199951171875,169.74000549316406,168.2899932861328,168.4199981689453,27067600
2018-05-11,160.70382690429688,169.4600067138672,169.86000061035156,168.72000122070312,169.4199981689453,24688800
2018-05-14,160.9788360595703,169.75,170.82000732421875,169.47000122070312,169.85000610351562,21821700
2018-05-15,159.1959991455078,167.8699951171875,168.5,166.97999572753906,168.41000366210938,49361600
2018-05-16,160.2486572265625,168.97999572753906,169.3699951171875,168.00999450683594,168.08999633789062,22941200
2018-05-17,159.6322021484375,168.3300018310547,169.61000061035156,167.50999450683594,168.38999938964844,27480200
2018-05-18,158.80712890625,167.4600067138672,168.25999450683594,167.2100067138672,167.67999267578125,26217900
2018-05-21,159.69862365722656,168.39999389648438,169.5,167.67999267578125,168.75999450683594,22954600
2018-05-22,159.489990234375,168.17999267578125,169.4499969482422,167.8800048828125,169.1699981689453,19477700
2018-05-23,160.83660888671875,169.60000610351562,169.6199951171875,166.8800048828125,166.89999389648438,26557800
2018-05-24,160.78916931152344,169.5500030517578,169.85000610351562,167.83999633789062,169.5500030517578,27696500
2018-05-25,160.95046997070312,169.72000122070312,170.3300018310547,169.2100067138672,169.52999877929688,27460500
2018-05-29,160.23919677734375,168.97000122070312,169.9199981689453,167.9600067138672,168.9499969482422,41220500
2018-05-30,161.3866424560547,170.17999267578125,170.47999572753906,169.22000122070312,169.5800018310547,22665800
2018-05-31,161.2823486328125,170.07000732421875,171.1999969482422,169.6300048828125,170.17999267578125,35670900
2018-06-01,163.81439208984375,172.74000549316406,172.83999633789062,170.8699951171875,170.9199981689453,45543300
2018-06-04,165.29373168945312,174.3000030517578,174.33999633789062,173.07000732421875,173.17999267578125,20459600
2018-06-05,165.80584716796875,174.83999633789062,175.1300048828125,174.07000732421875,174.7100067138672,24779300
2018-06-06,166.77313232421875,175.86000061035156,175.88999938964844,174.13999938964844,175.02000427246094,25036600
2018-06-07,165.41705322265625,174.42999267578125,175.92999267578125,173.5500030517578,175.88999938964844,39600300
2018-06-08,165.4265594482422,174.44000244140625,174.8800048828125,173.17999267578125,173.61000061035156,31780300
2018-06-11,165.87225341796875,174.91000366210938,175.33999633789062,174.27999877929688,174.30999755859375,22319700
2018-06-12,166.74472045898438,175.8300018310547,176.0,174.9600067138672,175.14999389648438,22511800
2018-06-13,166.73524475097656,175.82000732421875,177.13999938964844,175.42999267578125,176.10000610351562,37858600
2018-06-14,168.4232177734375,177.60000610351562,177.88999938964844,176.5,176.6300048828125,35916000
2018-06-15,167.83529663085938,176.97999572753906,177.3300018310547,176.11000061035156,176.92999267578125,49615700
2018-06-18,167.73834228515625,176.5,176.64999389648438,174.94000244140625,175.49000549316406,31633200
2018-06-19,167.26316833496094,176.0,176.0399932861328,173.7100067138672,174.27000427246094,38236000
2018-06-20,168.45111083984375,177.25,177.97999572753906,176.64999389648438,176.80999755859375,33038000
2018-06-21,166.987548828125,175.7100067138672,177.8800048828125,175.3699951171875,177.6999969482422,43469400
2018-06-22,166.6168975830078,175.32000732421875,176.3699951171875,174.69000244140625,176.3000030517578,30073200
2018-06-25,162.86297607421875,171.3699951171875,173.99000549316406,169.80999755859375,173.72999572753906,77799700
2018-06-26,163.52825927734375,172.07000732421875,173.05999755859375,171.3699951171875,172.0,39008100
2018-06-27,161.30441284179688,169.72999572753906,173.5800018310547,169.61000061035156,172.8000030517578,52843500
2018-06-28,162.6919403076172,171.19000244140625,171.77000427246094,169.1699981689453,169.52000427246094,46407700
2018-06-29,163.1291046142578,171.64999389648438,172.9199981689453,171.39999389648438,172.00999450683594,36408500
2018-07-02,164.22198486328125,172.8000030517578,172.85000610351562,169.6699981689453,170.0399932861328,31770000
2018-07-03,162.32131958007812,170.8000030517578,173.4499969482422,170.6300048828125,173.4499969482422,25512700
2018-07-05,164.33609008789062,172.9199981689453,173.05999755859375,171.02999877929688,171.91000366210938,31626200
2018-07-06,166.89247131347656,175.61000061035156,175.74000549316406,173.0,173.32000732421875,37005600
2018-07-09,168.3940887451172,177.19000244140625,177.22999572753906,175.82000732421875,176.52000427246094,27362100
2018-07-10,168.5176239013672,177.32000732421875,177.72000122070312,176.7100067138672,177.52000427246094,23902500
2018-07-11,167.66229248046875,176.4199981689453,177.07000732421875,175.8000030517578,175.92999267578125,30280600
2018-07-12,170.55140686035156,179.4600067138672,179.4600067138672,177.0800018310547,177.1999969482422,27930100
2018-07-13,170.69398498535156,179.61000061035156,179.89999389648438,178.9499969482422,179.4499969482422,28049800
2018-07-16,170.28529357910156,179.17999267578125,179.9499969482422,178.8800048828125,179.64999389648438,21405300
2018-07-17,171.32119750976562,180.27000427246094,180.64999389648438,177.27999877929688,177.27999877929688,31034100
2018-07-18,170.99806213378906,179.92999267578125,180.44000244140625,179.3800048828125,180.2899932861328,23220800
2018-07-19,170.14276123046875,179.02999877929688,179.8800048828125,178.82000732421875,179.27999877929688,31094100
2018-07-20,170.10472106933594,178.99000549316406,180.1699981689453,178.7899932861328,179.57000732421875,35897300
2018-07-23,170.64646911621094,179.55999755859375,179.63999938964844,177.74000549316406,178.4600067138672,22184700
2018-07-24,171.3497314453125,180.3000030517578,182.0500030517578,179.55999755859375,181.41000366210938,36900300
2018-07-25,173.74461364746094,182.82000732421875,182.92999267578125,180.2899932861328,180.3800048828125,35026600
2018-07-26,171.1121063232422,180.0500030517578,180.9199981689453,179.80999755859375,180.33999633789062,40873500
2018-07-27,168.80276489257812,177.6199951171875,181.30999755859375,176.60000610351562,181.19000244140625,59456100
2018-07-30,166.4173583984375,175.11000061035156,177.72999572753906,174.27000427246094,177.6300048828125,60193000
2018-07-31,167.6907958984375,176.4499969482422,177.1300048828125,174.82000732421875,175.8000030517578,47285100
2018-08-01,168.3275909423828,177.1199951171875,177.64999389648438,176.10000610351562,176.86000061035156,37101900
2018-08-02,170.61793518066406,179.52999877929688,179.74000549316406,175.7899932861328,175.8699951171875,47178200
2018-08-03,171.14059448242188,180.0800018310547,180.08999633789062,179.0800018310547,179.8699951171875,28934400
2018-08-06,172.1480255126953,181.13999938964844,181.19000244140625,179.74000549316406,179.9600067138672,24808800
2018-08-07,172.77523803710938,181.8000030517578,182.13999938964844,181.25999450683594,181.64999389648438,29895700
2018-08-08,172.98434448242188,182.02000427246094,182.35000610351562,181.05999755859375,181.5500030517578,22680700
2018-08-09,172.87977600097656,181.91000366210938,182.6300048828125,181.63999938964844,181.91000366210938,18852900
2018-08-10,171.5587921142578,180.52000427246094,181.22000122070312,179.83999633789062,180.67999267578125,33818500
2018-08-13,171.36875915527344,180.32000732421875,182.00999450683594,180.24000549316406,180.85000610351562,26089200
2018-08-14,172.44264221191406,181.4499969482422,181.66000366210938,180.0399932861328,181.00999450683594,20913000
2018-08-15,170.33282470703125,179.22999572753906,180.5800018310547,178.1199951171875,180.00999450683594,58528000
2018-08-16,170.89352416992188,179.82000732421875,180.99000549316406,179.47000122070312,180.61000061035156,27711800
2018-08-17,170.9315948486328,179.86000061035156,180.30999755859375,178.27000427246094,179.35000610351562,36092600
2018-08-20,170.7794647216797,179.6999969482422,180.3300018310547,179.0,180.25999450683594,24939000
2018-08-21,171.40675354003906,180.36000061035156,181.44000244140625,180.1300048828125,180.24000549316406,26258700
2018-08-22,172.07196044921875,181.05999755859375,181.27000427246094,179.75,179.97999572753906,18042400
2018-08-23,171.82485961914062,180.8000030517578,182.0500030517578,180.5,180.74000549316406,25776200
2018-08-24,173.42149353027344,182.47999572753906,182.6300048828125,181.36000061035156,181.39999389648438,23136100
2018-08-27,175.18919372558594,184.33999633789062,184.33999633789062,183.11000061035156,183.39999389648438,29343600
2018-08-28,175.44573974609375,184.61000061035156,185.02000427246094,184.22000122070312,184.8300018310547,20277000
2018-08-29,177.4700164794922,186.74000549316406,186.83999633789062,184.86000061035156,184.92999267578125,29175600
2018-08-30,177.1564178466797,186.41000366210938,187.52000427246094,185.7899932861328,186.3800048828125,29315500
2018-08-31,177.3844757080078,186.64999389648438,187.17999267578125,185.97999572753906,186.17999267578125,28653200
2018-09-04,176.6242218017578,185.85000610351562,186.39999389648438,184.85000610351562,186.0800018310547,29063500
2018-09-05,174.3433074951172,183.4499969482422,185.5500030517578,182.82000732421875,185.52000427246094,42623300
2018-09-06,172.7847442626953,181.80999755859375,183.75,180.5800018310547,183.52999877929688,46091400
2018-09-07,172.11949157714844,181.11000061035156,182.6699981689453,180.44000244140625,180.5,46629500
2018-09-10,172.69924926757812,181.72000122070312,182.25,180.72999572753906,182.14999389648438,26132000
2018-09-11,174.02972412109375,183.1199951171875,183.4199981689453,180.52000427246094,180.99000549316406,30116500
2018-09-12,173.51651000976562,182.5800018310547,182.97999572753906,181.00999450683594,182.85000610351562,36204000
2018-09-13,175.36976623535156,184.52999877929688,184.8800048828125,183.63999938964844,183.72000122070312,31133200
2018-09-14,174.8565673828125,183.99000549316406,184.9499969482422,183.25999450683594,184.66000366210938,31224100
2018-09-17,172.3380584716797,181.33999633789062,183.80999755859375,181.1699981689453,183.67999267578125,33071200
2018-09-18,173.7635955810547,182.83999633789062,183.72999572753906,181.39999389648438,181.49000549316406,31877300
2018-09-19,173.63058471679688,182.6999969482422,183.3000030517578,181.50999450683594,182.8699951171875,31843400
2018-09-20,175.55026245117188,184.72000122070312,184.97000122070312,183.52000427246094,183.9600067138672,33295800
2018-09-21,174.59043884277344,183.7100067138672,185.47999572753906,183.47999572753906,185.22000122070312,38605400
2018-09-24,175.0760040283203,183.88999938964844,183.9600067138672,181.3000030517578,182.0500030517578,34945600
2018-09-25,175.3140106201172,184.13999938964844,184.27999877929688,183.17999267578125,183.80999755859375,25277500
2018-09-26,175.4378204345703,184.27000427246094,185.99000549316406,183.91000366210938,184.3000030517578,36210600
2018-09-27,176.92298889160156,185.8300018310547,186.49000549316406,184.9199981689453,185.02000427246094,33113300
2018-09-28,176.8849334716797,185.7899932861328,186.27999877929688,184.97000122070312,185.30999755859375,28076800
2018-10-01,177.2467041015625,186.1699981689453,187.52999877929688,185.6999969482422,186.8699951171875,27371300
2018-10-02,176.84686279296875,185.75,187.17999267578125,185.32000732421875,186.00999450683594,25618600
2018-10-03,177.03726196289062,185.9499969482422,186.97000122070312,185.66000366210938,186.52999877929688,29128700
2018-10-04,173.63839721679688,182.3800048828125,185.32000732421875,181.05999755859375,185.1999969482422,80557300
2018-10-05,171.51527404785156,180.14999389648438,182.97000122070312,178.42999267578125,182.36000061035156,83325600
2018-10-08,170.46800231933594,179.0500030517578,180.63999938964844,176.92999267578125,179.52000427246094,66864500
2018-10-09,171.02015686035156,179.6300048828125,181.02000427246094,178.75,179.17999267578125,49097900
2018-10-10,163.4988250732422,171.72999572753906,178.6199951171875,171.5,178.50999450683594,114471100
2018-10-11,161.4709014892578,169.60000610351562,173.39999389648438,167.80999755859375,171.02000427246094,143084500
2018-10-12,165.96469116210938,174.32000732421875,174.86000061035156,170.92999267578125,174.1699981689453,102078400
2018-10-15,163.95582580566406,172.2100067138672,174.0399932861328,171.55999755859375,173.7100067138672,64885300
2018-10-16,168.72564697265625,177.22000122070312,177.64999389648438,173.6999969482422,174.02000427246094,71979700
2018-10-17,168.7923126220703,177.2899932861328,178.25999450683594,175.47000122070312,178.0800018310547,66987600
2018-10-18,164.8793182373047,173.17999267578125,176.67999267578125,172.44000244140625,176.6199951171875,82486200
2018-10-19,164.72702026367188,173.02000427246094,176.07000732421875,172.38999938964844,174.5800018310547,82923700
2018-10-22,165.57435607910156,173.91000366210938,175.25,172.58999633789062,174.05999755859375,52909300
2018-10-23,164.9649658203125,173.27000427246094,174.1300048828125,168.82000732421875,170.63999938964844,77567000
2018-10-24,157.4150848388672,165.33999633789062,173.36000061035156,165.0399932861328,173.07000732421875,102997400
2018-10-25,162.8609161376953,171.05999755859375,172.0800018310547,167.16000366210938,167.91000366210938,83481100
2018-10-26,158.67185974121094,166.66000366210938,169.9600067138672,164.22999572753906,165.1999969482422,130970900
2018-10-29,155.40626525878906,163.22999572753906,169.86000061035156,160.08999633789062,169.2100067138672,111871900
2018-10-30,157.96731567382812,165.9199981689453,166.0399932861328,162.00999450683594,162.75,92584000
2018-10-31,161.6803741455078,169.82000732421875,171.25,168.5399932861328,168.6199951171875,73828600
2018-11-01,163.81304931640625,172.05999755859375,172.24000549316406,168.77999877929688,170.07000732421875,52706800
2018-11-02,161.26145935058594,169.3800048828125,172.5500030517578,168.22000122070312,171.52999877929688,75966800
2018-11-05,160.86160278320312,168.9600067138672,169.66000366210938,167.0800018310547,169.60000610351562,39573500
2018-11-06,162.0802459716797,170.24000549316406,171.19000244140625,168.72000122070312,168.97000122070312,34410400
2018-11-07,167.164306640625,175.5800018310547,175.5800018310547,171.8699951171875,172.27999877929688,51169600
2018-11-08,166.09799194335938,174.4600067138672,175.3000030517578,173.6300048828125,174.75999450683594,40296500
2018-11-09,163.2988739013672,171.52000427246094,173.25,170.16000366210938,172.8300018310547,50602700
2018-11-12,158.35765075683594,166.3300018310547,170.63999938964844,166.17999267578125,170.32000732421875,62578400
2018-11-13,158.49095153808594,166.47000122070312,169.47999572753906,166.0,167.11000061035156,64128100
2018-11-14,157.2817840576172,165.1999969482422,168.6999969482422,164.25,168.1199951171875,75270700
2018-11-15,160.0332794189453,168.08999633789062,168.5399932861328,163.4600067138672,164.89999389648438,73254300
2018-11-16,159.4715576171875,167.5,168.30999755859375,165.77999877929688,166.4499969482422,65390700
2018-11-19,154.2923126220703,162.05999755859375,166.89999389648438,161.5399932861328,166.6999969482422,67280500
2018-11-20,151.5312957763672,159.16000366210938,161.3800048828125,157.1300048828125,158.3699951171875,102652800
2018-11-21,152.6833038330078,160.3699951171875,161.97000122070312,159.22999572753906,161.35000610351562,42965800
2018-11-23,151.57894897460938,159.2100067138672,160.83999633789062,159.08999633789062,159.08999633789062,23503700
2018-11-26,155.08251953125,162.88999938964844,162.97000122070312,160.75999450683594,161.44000244140625,42012600
2018-11-27,155.6061248779297,163.44000244140625,163.85000610351562,161.17999267578125,162.0,36608100
2018-11-28,160.61404418945312,168.6999969482422,168.6999969482422,163.47000122070312,164.6199951171875,70141000
2018-11-29,160.0904083251953,168.14999389648438,169.25999450683594,166.82000732421875,167.99000549316406,44885700
2018-11-30,161.25192260742188,169.3699951171875,169.47000122070312,167.5399932861328,168.3800048828125,36722800
2018-12-03,164.070068359375,172.3300018310547,173.30999755859375,169.50999450683594,173.11000061035156,50771700
2018-12-04,157.77688598632812,165.72000122070312,171.91000366210938,165.52000427246094,171.42999267578125,70594700
2018-12-06,158.8908233642578,166.88999938964844,166.91000366210938,161.77000427246094,162.3800048828125,71715500
2018-12-07,153.64491271972656,161.3800048828125,167.1199951171875,160.86000061035156,166.16000366210938,80432200
2018-12-10,155.25387573242188,163.07000732421875,163.77999877929688,159.41000366210938,161.0800018310547,73960800
2018-12-11,155.76805114746094,163.61000061035156,165.77000427246094,162.22999572753906,165.72999572753906,59058300
2018-12-12,157.1389923095703,165.0500030517578,167.60000610351562,164.9600067138672,166.0,53780000
2018-12-13,157.18663024902344,165.10000610351562,166.82000732421875,164.02999877929688,166.1300048828125,46378500
2018-12-14,153.35923767089844,161.0800018310547,163.80999755859375,160.6999969482422,163.2100067138672,56547400
2018-12-17,149.88424682617188,157.42999267578125,161.6699981689453,156.1699981689453,160.38999938964844,74834100
2018-12-18,150.8267822265625,158.4199981689453,159.9499969482422,157.0399932861328,158.64999389648438,63642100
2018-12-19,147.12330627441406,154.52999877929688,160.72000122070312,153.33999633789062,158.17999267578125,81856500
2018-12-20,144.9906005859375,152.2899932861328,155.8699951171875,150.38999938964844,154.14999389648438,99002100
2018-12-21,140.49688720703125,147.57000732421875,154.08999633789062,146.72000122070312,153.0500030517578,141129400
2018-12-24,137.01284790039062,143.5,147.97999572753906,143.4600067138672,146.0800018310547,56163300
2018-12-26,145.56776428222656,152.4600067138672,152.5399932861328,144.08999633789062,145.0800018310547,98982100
2018-12-27,146.13108825683594,153.0500030517578,153.17999267578125,147.0800018310547,150.3699951171875,85824300
2018-12-28,146.05471801757812,152.97000122070312,155.58999633789062,151.72000122070312,154.14999389648438,77856600
2018-12-31,147.28636169433594,154.25999450683594,154.97999572753906,152.7100067138672,154.47000122070312,53015300
2019-01-02,147.87832641601562,154.8800048828125,155.75,150.8800048828125,150.99000549316406,58576700
2019-01-03,143.04710388183594,149.82000732421875,153.25999450683594,149.49000549316406,152.60000610351562,74820200
2019-01-04,149.1672821044922,156.22999572753906,157.0,151.74000549316406,152.33999633789062,74709300
2019-01-07,150.94322204589844,158.08999633789062,158.86000061035156,156.11000061035156,156.6199951171875,52059300
2019-01-08,152.30859375,159.52000427246094,160.11000061035156,157.1999969482422,159.5399932861328,49388700
2019-01-09,153.5497589111328,160.82000732421875,161.52000427246094,159.47000122070312,160.13999938964844,46491700
2019-01-10,153.98898315429688,161.27999877929688,161.3699951171875,158.6999969482422,159.60000610351562,38943400
2019-01-11,153.4256591796875,160.69000244140625,160.86000061035156,159.7899932861328,160.3300018310547,30176600
2019-01-14,152.06988525390625,159.27000427246094,159.9600067138672,158.58999633789062,159.3300018310547,30710200
2019-01-15,155.03932189941406,162.3800048828125,162.60000610351562,159.91000366210938,160.0,40874200
2019-01-16,155.01060485839844,162.35000610351562,163.77999877929688,162.2899932861328,162.64999389648438,33812200
2019-01-17,156.23280334472656,163.6300048828125,164.36000061035156,161.57000732421875,161.8300018310547,39329000
2019-01-18,157.77955627441406,165.25,166.02000427246094,163.82000732421875,164.77999877929688,57183200
2019-01-22,154.6191864013672,161.94000244140625,164.13999938964844,160.75999450683594,164.05999755859375,56711700
2019-01-23,154.81964111328125,162.14999389648438,163.50999450683594,160.32000732421875,162.77000427246094,38106100
2019-01-24,155.82220458984375,163.1999969482422,163.44000244140625,162.05999755859375,162.67999267578125,32417800
2019-01-25,157.68402099609375,165.14999389648438,165.64999389648438,163.9499969482422,164.50999450683594,36515900
2019-01-28,155.73629760742188,163.11000061035156,163.1199951171875,161.75,163.02000427246094,33491200
2019-01-29,154.2659454345703,161.57000732421875,163.24000549316406,160.99000549316406,163.1999969482422,30784200
2019-01-30,158.19009399414062,165.67999267578125,166.27999877929688,162.88999938964844,163.39999389648438,41346500
2019-01-31,160.55795288085938,168.16000366210938,168.99000549316406,166.47000122070312,166.6999969482422,37258400
2019-02-01,159.88011169433594,167.4499969482422,168.60000610351562,166.99000549316406,167.3300018310547,32143700
2019-02-04,161.86602783203125,169.52999877929688,169.52999877929688,167.3300018310547,167.47999572753906,26718800
2019-02-05,163.2982940673828,171.02999877929688,171.22999572753906,169.69000244140625,169.75999450683594,28156400
2019-02-06,162.8113250732422,170.52000427246094,171.3699951171875,169.75,171.07000732421875,27970000
2019-02-07,160.62481689453125,168.22999572753906,169.4499969482422,166.9499969482422,169.02999877929688,42036200
2019-02-08,160.93995666503906,168.55999755859375,168.58999633789062,166.57000732421875,166.75999450683594,29020700
2019-02-11,160.787109375,168.39999389648438,169.5800018310547,167.97999572753906,169.1699981689453,21434100
2019-02-12,163.16452026367188,170.88999938964844,171.13999938964844,169.3300018310547,169.6300048828125,29722100
2019-02-13,163.2791748046875,171.00999450683594,172.16000366210938,170.82000732421875,171.64999389648438,26094100
2019-02-14,163.47962951660156,171.22000122070312,171.8300018310547,169.8300018310547,170.39999389648438,30326800
2019-02-15,164.16714477539062,171.94000244140625,172.55999755859375,171.13999938964844,172.52000427246094,32521700
2019-02-19,164.4917449951172,172.27999877929688,172.8000030517578,171.3800048828125,171.41000366210938,19487700
2019-02-20,164.4630584716797,172.25,173.0800018310547,171.32000732421875,172.39999389648438,32593000
2019-02-21,163.86155700683594,171.6199951171875,172.25999450683594,170.7100067138672,171.7899932861328,25207400
2019-02-22,165.0741424560547,172.88999938964844,173.00999450683594,171.89999389648438,171.99000549316406,27735400
2019-02-25,165.6756591796875,173.52000427246094,174.66000366210938,173.39999389648438,174.2100067138672,32608800
2019-02-26,165.84751892089844,173.6999969482422,174.25,172.80999755859375,173.10000610351562,21939700
2019-02-27,165.74252319335938,173.58999633789062,173.8000030517578,171.75999450683594,172.89999389648438,25162000
2019-02-28,165.36058044433594,173.19000244140625,173.80999755859375,172.6999969482422,173.0500030517578,25085500
2019-03-01,166.50634765625,174.38999938964844,174.64999389648438,173.17999267578125,174.44000244140625,31431200
2019-03-04,166.5349884033203,174.4199981689453,175.7899932861328,172.47000122070312,175.5399932861328,38063500
2019-03-05,166.65911865234375,174.5500030517578,175.08999633789062,173.69000244140625,174.5500030517578,22319900
2019-03-06,165.71383666992188,173.55999755859375,174.75,173.27999877929688,174.72000122070312,27194600
2019-03-07,163.68016052246094,171.42999267578125,173.17999267578125,170.7899932861328,173.1199951171875,39407400
2019-03-08,163.43191528320312,171.1699981689453,171.25999450683594,169.33999633789062,169.50999450683594,39303200
2019-03-11,166.83099365234375,174.72999572753906,174.85000610351562,171.85000610351562,171.8800048828125,30518400
2019-03-12,167.74758911132812,175.69000244140625,176.13999938964844,174.77000427246094,175.19000244140625,33953500
2019-03-13,169.00791931152344,177.00999450683594,177.92999267578125,176.35000610351562,176.60000610351562,42426100
2019-03-14,168.7215118408203,176.7100067138672,177.33999633789062,176.66000366210938,177.1300048828125,23751500
2019-03-15,170.28732299804688,178.35000610351562,178.8800048828125,177.27999877929688,177.39999389648438,38192000
2019-03-18,170.69285583496094,178.4499969482422,178.99000549316406,177.58999633789062,177.9499969482422,32935100
2019-03-19,171.26683044433594,179.0500030517578,180.0,178.2899932861328,179.17999267578125,36893300
2019-03-20,171.94590759277344,179.75999450683594,180.86000061035156,178.24000549316406,179.05999755859375,50105000
2019-03-21,174.6338348388672,182.57000732421875,182.8300018310547,179.1999969482422,179.22000122070312,42428500
2019-03-22,170.7981414794922,178.55999755859375,182.27000427246094,178.3699951171875,181.77999877929688,70794500
2019-03-25,170.47291564941406,178.22000122070312,178.83999633789062,176.92999267578125,177.91000366210938,46336500
2019-03-26,171.26683044433594,179.0500030517578,180.69000244140625,178.13999938964844,179.60000610351562,33248100
2019-03-27,170.16680908203125,177.89999389648438,179.72000122070312,176.60000610351562,179.32000732421875,37096700
2019-03-28,170.5589599609375,178.30999755859375,178.97999572753906,177.24000549316406,178.36000061035156,30368200
2019-03-29,171.8502960205078,179.66000366210938,179.8300018310547,178.58999633789062,179.69000244140625,35205500
2019-04-01,174.12684631347656,182.0399932861328,182.25999450683594,180.77000427246094,181.50999450683594,30969500
2019-04-02,174.7868194580078,182.72999572753906,182.91000366210938,181.77999877929688,182.24000549316406,22645200
2019-04-03,175.7911834716797,183.77999877929688,184.9199981689453,183.2100067138672,183.75999450683594,31633500
2019-04-04,175.7242431640625,183.7100067138672,184.5,182.64999389648438,183.8300018310547,28530800
2019-04-05,176.63296508789062,184.66000366210938,184.77000427246094,184.02000427246094,184.24000549316406,25674700
2019-04-08,177.08253479003906,185.1300048828125,185.27999877929688,183.6300048828125,184.36000061035156,22697500
2019-04-09,176.4607696533203,184.47999572753906,185.11000061035156,184.08999633789062,184.5,25631900
2019-04-10,177.4077606201172,185.47000122070312,185.52999877929688,184.52000427246094,184.72000122070312,24563000
2019-04-11,176.9868621826172,185.02999877929688,185.77999877929688,184.69000244140625,185.77999877929688,20654100
2019-04-12,177.75209045410156,185.8300018310547,185.9499969482422,185.05999755859375,185.85000610351562,24989100
2019-04-15,177.7808074951172,185.86000061035156,186.07000732421875,184.6199951171875,185.83999633789062,21073000
2019-04-16,178.39297485351562,186.5,186.91000366210938,185.92999267578125,186.5399932861328,27195700
2019-04-17,179.01470947265625,187.14999389648438,187.92999267578125,186.60000610351562,187.75,29651600
2019-04-18,179.24427795410156,187.38999938964844,187.7899932861328,186.2899932861328,187.4600067138672,28580900
2019-04-22,179.75123596191406,187.9199981689453,187.99000549316406,186.42999267578125,186.57000732421875,17936000
2019-04-23,182.03738403320312,190.30999755859375,190.5399932861328,188.1300048828125,188.39999389648438,33665600
2019-04-24,181.46343994140625,189.7100067138672,190.7100067138672,189.64999389648438,190.47000122070312,24977100
2019-04-25,182.19992065429688,190.47999572753906,191.22000122070312,189.4499969482422,191.1300048828125,29517500
2019-04-26,182.36257934570312,190.64999389648438,190.69000244140625,188.58999633789062,190.17999267578125,26359500
2019-04-29,182.71646118164062,191.02000427246094,191.32000732421875,190.33999633789062,190.64999389648438,21716200
2019-04-30,181.3008270263672,189.5399932861328,189.85000610351562,188.2100067138672,189.47999572753906,31495300
2019-05-01,180.7173309326172,188.92999267578125,191.32000732421875,188.8000030517578,190.77999877929688,34797100
2019-05-02,179.93299865722656,188.11000061035156,189.85000610351562,186.8699951171875,188.8699951171875,44110100
2019-05-03,182.8025665283203,191.11000061035156,191.25,189.3300018310547,189.6699981689453,30386200
2019-05-06,181.6834259033203,189.94000244140625,190.1999969482422,186.75999450683594,187.0500030517578,38371800
2019-05-07,178.14427185058594,186.24000549316406,188.6699981689453,184.50999450683594,187.8699951171875,58818100
2019-05-08,177.69471740722656,185.77000427246094,187.1699981689453,184.9600067138672,185.6300048828125,37165300
2019-05-09,176.7381591796875,184.77000427246094,185.41000366210938,182.08999633789062,183.6999969482422,55351700
2019-05-10,176.95816040039062,185.0,185.88999938964844,181.02999877929688,184.11000061035156,58526400
2019-05-13,170.81727600097656,178.5800018310547,181.25999450683594,178.05999755859375,180.2899932861328,67185800
2019-05-14,172.69204711914062,180.5399932861328,181.6300048828125,178.86000061035156,179.52000427246094,43360600
2019-05-15,175.13116455078125,183.08999633789062,183.5500030517578,179.30999755859375,179.35000610351562,40944500
2019-05-16,176.89120483398438,184.92999267578125,186.07000732421875,182.9499969482422,183.1699981689453,39281200
2019-05-17,175.08338928222656,183.0399932861328,185.5800018310547,182.8800048828125,183.10000610351562,44702300
2019-05-20,172.12770080566406,179.9499969482422,181.17999267578125,179.33999633789062,180.49000549316406,38608300
2019-05-21,173.92596435546875,181.8300018310547,182.3300018310547,180.9199981689453,181.5,31613800
2019-05-22,173.15118408203125,181.02000427246094,182.07000732421875,180.75,180.82000732421875,24332600
2019-05-23,170.5015869140625,178.25,179.02000427246094,177.13999938964844,178.94000244140625,45351300
2019-05-24,170.41551208496094,178.16000366210938,179.85000610351562,177.94000244140625,179.2100067138672,25903300
2019-05-28,169.77462768554688,177.49000549316406,179.66000366210938,177.47000122070312,178.66000366210938,24763800
2019-05-29,168.37808227539062,176.02999877929688,177.0,175.08999633789062,176.38999938964844,42178800
2019-05-30,169.08590698242188,176.77000427246094,177.27000427246094,175.77000427246094,176.5,30354800
2019-05-31,166.38853454589844,173.9499969482422,175.2899932861328,173.8699951171875,174.69000244140625,45446200
2019-06-03,162.7249755859375,170.1199951171875,173.9499969482422,169.27000427246094,173.47999572753906,75842300
2019-06-04,167.30679321289062,174.91000366210938,174.97000122070312,171.3699951171875,172.02999877929688,47797800
2019-06-05,168.55032348632812,176.2100067138672,176.61000061035156,174.3800048828125,176.5800018310547,34412700
2019-06-06,169.88938903808594,177.61000061035156,178.0399932861328,175.72999572753906,176.50999450683594,29913200
2019-06-07,173.1702880859375,181.0399932861328,181.77000427246094,178.3300018310547,178.55999755859375,45888300
2019-06-10,175.18858337402344,183.14999389648438,184.85000610351562,182.2100067138672,182.25,41385300
2019-06-11,175.427734375,183.39999389648438,185.39999389648438,182.77999877929688,185.05999755859375,41260300
2019-06-12,174.413818359375,182.33999633789062,183.27999877929688,182.0,182.89999389648438,27758100
2019-06-13,175.44688415527344,183.4199981689453,183.8699951171875,182.74000549316406,183.10000610351562,23715800
2019-06-14,174.7007598876953,182.63999938964844,183.11000061035156,181.94000244140625,182.47999572753906,22844100
2019-06-17,175.75296020507812,183.74000549316406,184.25,182.83999633789062,183.0399932861328,20379500
2019-06-18,178.30686950683594,186.41000366210938,187.72000122070312,185.42999267578125,185.91000366210938,48177300
2019-06-19,178.97645568847656,187.11000061035156,187.52999877929688,185.57000732421875,186.66000366210938,31672900
2019-06-20,180.6408233642578,188.85000610351562,189.75999450683594,187.16000366210938,189.72000122070312,40922000
2019-06-21,180.3729705810547,188.57000732421875,189.77000427246094,188.1699981689453,188.6300048828125,39980400
2019-06-24,180.37876892089844,188.16000366210938,188.72000122070312,188.05999755859375,188.52999877929688,19375200
2019-06-25,177.28231811523438,184.92999267578125,188.13999938964844,184.64999389648438,188.02999877929688,33921100
2019-06-26,178.1067657470703,185.7899932861328,187.3300018310547,185.49000549316406,186.16000366210938,22595700
2019-06-27,178.78741455078125,186.5,186.94000244140625,185.99000549316406,186.4600067138672,19709200
2019-06-28,179.0175018310547,186.74000549316406,187.14999389648438,186.07000732421875,186.9499969482422,21179200
2019-07-01,181.4332275390625,189.25999450683594,190.57000732421875,188.3800048828125,190.32000732421875,31025600
2019-07-02,182.15219116210938,190.00999450683594,190.02999877929688,188.66000366210938,189.1999969482422,18035800
2019-07-03,183.5231170654297,191.44000244140625,191.44000244140625,190.2899932861328,190.49000549316406,15792100
2019-07-05,183.1492462158203,191.0500030517578,191.39999389648438,189.38999938964844,190.1300048828125,21415600
2019-07-08,181.86465454101562,189.7100067138672,189.8699951171875,188.92999267578125,189.80999755859375,17598800
2019-07-09,182.77536010742188,190.66000366210938,190.89999389648438,188.64999389648438,188.80999755859375,19193500
2019-07-10,184.59681701660156,192.55999755859375,193.08999633789062,191.47000122070312,191.82000732421875,28374500
2019-07-11,184.4625701904297,192.4199981689453,193.33999633789062,191.80999755859375,192.85000610351562,23736100
2019-07-12,185.5266571044922,193.52999877929688,193.5399932861328,192.4499969482422,192.6300048828125,20211900
2019-07-15,186.12098693847656,194.14999389648438,194.19000244140625,193.44000244140625,193.97999572753906,15606100
2019-07-16,185.162353515625,193.14999389648438,194.08999633789062,192.55999755859375,193.91000366210938,20190900
2019-07-17,184.25167846679688,192.1999969482422,193.49000549316406,192.17999267578125,193.14999389648438,16765100
2019-07-18,184.4625701904297,192.4199981689453,192.7899932861328,190.69000244140625,191.2899932861328,28877000
2019-07-19,183.11087036132812,191.00999450683594,193.8300018310547,190.80999755859375,193.74000549316406,29387900
2019-07-22,184.56800842285156,192.52999877929688,192.94000244140625,191.44000244140625,191.44000244140625,18954900
2019-07-23,185.77593994140625,193.7899932861328,193.80999755859375,192.2899932861328,193.5800018310547,23786700
2019-07-24,187.0796661376953,195.14999389648438,195.16000366210938,193.02999877929688,193.0500030517578,20422900
2019-07-25,185.30616760253906,193.3000030517578,194.52000427246094,192.92999267578125,194.49000549316406,23434700
2019-07-26,187.21389770507812,195.2899932861328,195.5500030517578,194.42999267578125,194.52999877929688,20431200
2019-07-29,186.5716094970703,194.6199951171875,195.17999267578125,193.38999938964844,195.11000061035156,20451700
2019-07-30,185.766357421875,193.77999877929688,194.5399932861328,192.99000549316406,193.1300048828125,18705000
2019-07-31,183.19720458984375,191.10000610351562,194.42999267578125,189.32000732421875,194.3000030517578,41627500
2019-08-01,182.28643798828125,190.14999389648438,194.97999572753906,189.22999572753906,191.42999267578125,63251600
2019-08-02,179.60223388671875,187.35000610351562,188.99000549316406,186.2100067138672,188.72000122070312,55214000
2019-08-05,173.25599670410156,180.72999572753906,183.50999450683594,179.1999969482422,183.42999267578125,75040000
2019-08-06,175.6813507080078,183.25999450683594,183.8000030517578,181.07000732421875,182.39999389648438,41897200
2019-08-07,176.63043212890625,184.25,184.50999450683594,179.88999938964844,181.27000427246094,49990600
2019-08-08,180.47463989257812,188.25999450683594,188.32000732421875,184.57000732421875,185.0800018310547,38418100
2019-08-09,178.7777862548828,186.49000549316406,188.0,185.02999877929688,187.36000061035156,33608900
2019-08-12,176.726318359375,184.35000610351562,185.89999389648438,183.5,185.33999633789062,24642900
2019-08-13,180.5991973876953,188.38999938964844,189.67999267578125,184.02000427246094,184.19000244140625,40241900
2019-08-14,175.20204162597656,182.75999450683594,185.9499969482422,182.4199981689453,185.36000061035156,51000500
2019-08-15,175.000732421875,182.5500030517578,183.58999633789062,181.16000366210938,183.0,36685000
2019-08-16,177.8095703125,185.47999572753906,185.9499969482422,184.10000610351562,184.2100067138672,32781400
2019-08-19,180.63755798339844,188.42999267578125,188.8300018310547,187.5,188.16000366210938,22494100
2019-08-20,179.23793029785156,186.97000122070312,188.63999938964844,186.9199981689453,187.9600067138672,19902900
2019-08-21,180.82928466796875,188.6300048828125,189.22999572753906,187.9600067138672,188.61000061035156,20418500
2019-08-22,180.24453735351562,188.02000427246094,189.4600067138672,186.5399932861328,188.97999572753906,24243700
2019-08-23,174.5405731201172,182.07000732421875,188.4499969482422,181.55999755859375,186.74000549316406,55372400
2019-08-26,177.17684936523438,184.82000732421875,184.8699951171875,183.0800018310547,184.13999938964844,27598900
2019-08-27,176.80299377441406,184.42999267578125,186.4199981689453,183.7100067138672,186.11000061035156,28012800
2019-08-28,177.43568420410156,185.08999633789062,185.39999389648438,182.91000366210938,183.8300018310547,21792400
2019-08-29,180.14869689941406,187.9199981689453,188.4600067138672,186.67999267578125,187.38999938964844,25358900
2019-08-30,179.71730041503906,187.47000122070312,188.97000122070312,186.41000366210938,188.92999267578125,26319800
2019-09-03,177.9725341796875,185.64999389648438,187.17999267578125,185.02999877929688,186.22000122070312,27964200
2019-09-04,180.541748046875,188.3300018310547,188.49000549316406,186.89999389648438,187.44000244140625,21592100
2019-09-05,183.8490753173828,191.77999877929688,192.3300018310547,190.33999633789062,190.41000366210938,33932600
2019-09-06,183.6668701171875,191.58999633789062,192.1699981689453,191.1699981689453,192.10000610351562,19487800
2019-09-09,183.28343200683594,191.19000244140625,192.27000427246094,190.22000122070312,192.19000244140625,24407600
2019-09-10,182.7561798095703,190.63999938964844,190.74000549316406,188.91000366210938,190.16000366210938,23744700
2019-09-11,184.47216796875,192.42999267578125,192.52999877929688,190.55999755859375,191.0,25063600
2019-09-12,185.2390899658203,193.22999572753906,194.7100067138672,192.97000122070312,193.61000061035156,28689900
2019-09-13,184.57760620117188,192.5399932861328,193.39999389648438,192.2899932861328,192.9499969482422,27669800
2019-09-16,183.753173828125,191.67999267578125,192.0800018310547,191.11000061035156,191.3000030517578,20319000
2019-09-17,184.63511657714844,192.60000610351562,192.60000610351562,191.2899932861328,191.6999969482422,20953400
2019-09-18,184.55845642089844,192.52000427246094,192.60000610351562,190.11000061035156,192.1999969482422,29781300
2019-09-19,184.86514282226562,192.83999633789062,194.0399932861328,192.47000122070312,192.86000061035156,26039400
2019-09-20,182.90957641601562,190.8000030517578,193.30999755859375,190.16000366210938,193.11000061035156,29086100
2019-09-23,182.99024963378906,190.5,191.07000732421875,189.72000122070312,190.36000061035156,22485900
2019-09-24,180.5599822998047,187.97000122070312,191.7899932861328,187.14999389648438,191.3699951171875,40820700
2019-09-25,182.5868682861328,190.0800018310547,190.5800018310547,186.2100067138672,187.77999877929688,34704900
2019-09-26,181.91439819335938,189.3800048828125,190.0,187.97999572753906,189.8300018310547,26826000
2019-09-27,179.6570281982422,187.02999877929688,189.8300018310547,185.75,189.72999572753906,40773500
2019-09-30,181.36685180664062,188.80999755859375,189.11000061035156,187.39999389648438,187.7899932861328,26307700
2019-10-01,179.88760375976562,187.27000427246094,190.58999633789062,186.9600067138672,189.5,32367600
2019-10-02,176.7945098876953,184.0500030517578,186.02999877929688,183.02000427246094,186.0,48544300
2019-10-03,178.7349090576172,186.07000732421875,186.2100067138672,181.82000732421875,184.02999877929688,39392500
2019-10-04,181.36685180664062,188.80999755859375,189.0800018310547,186.8800048828125,187.0800018310547,31887600
2019-10-07,180.81935119628906,188.24000549316406,189.74000549316406,187.91000366210938,188.27000427246094,21216000
2019-10-08,178.11050415039062,185.4199981689453,187.86000061035156,185.27000427246094,187.05999755859375,32379300
2019-10-09,179.84913635253906,187.22999572753906,188.0800018310547,186.42999267578125,186.99000549316406,20147400
2019-10-10,181.24197387695312,188.67999267578125,189.42999267578125,187.1199951171875,187.27999877929688,25177700
2019-10-11,183.57623291015625,191.11000061035156,192.6300048828125,190.72000122070312,190.8300018310547,40976700
2019-10-14,183.55699157714844,191.08999633789062,191.6999969482422,190.64999389648438,190.83999633789062,14975000
2019-10-15,185.89122009277344,193.52000427246094,193.97000122070312,191.55999755859375,191.67999267578125,23234200
2019-10-16,185.4300994873047,193.0399932861328,193.52999877929688,192.42999267578125,192.86000061035156,20457100
2019-10-17,185.92005920410156,193.5500030517578,194.5,192.80999755859375,194.1999969482422,19045200
2019-10-18,184.13331604003906,191.69000244140625,193.6699981689453,190.7100067138672,193.1999969482422,27700800
2019-10-21,185.76629638671875,193.38999938964844,193.52000427246094,192.13999938964844,192.7100067138672,15801200
2019-10-22,184.28700256347656,191.85000610351562,194.4199981689453,191.7899932861328,194.14999389648438,22392300
2019-10-23,184.6424560546875,192.22000122070312,192.25999450683594,191.14999389648438,191.4600067138672,14828400
2019-10-24,186.438720703125,194.08999633789062,194.2100067138672,192.74000549316406,193.58999633789062,18998500
2019-10-25,187.92759704589844,195.63999938964844,195.74000549316406,193.0500030517578,193.08999633789062,21507100
2019-10-28,189.78150939941406,197.57000732421875,197.8300018310547,196.5500030517578,196.5500030517578,18818700
2019-10-29,188.31185913085938,196.0399932861328,197.5399932861328,196.00999450683594,197.24000549316406,18569700
2019-10-30,189.22438049316406,196.99000549316406,197.32000732421875,195.2899932861328,196.4199981689453,21764300
2019-10-31,189.31088256835938,197.0800018310547,197.64999389648438,195.94000244140625,197.55999755859375,26801800
2019-11-01,191.03028869628906,198.8699951171875,198.8800048828125,197.6300048828125,197.92999267578125,22131900
2019-11-04,192.2117919921875,200.10000610351562,200.52999877929688,198.8699951171875,200.19000244140625,19015900
2019-11-05,192.3175048828125,200.2100067138672,200.5500030517578,199.5500030517578,200.35000610351562,15048900
2019-11-06,191.88522338867188,199.75999450683594,200.0,198.7899932861328,199.97999572753906,19725500
2019-11-07,192.52879333496094,200.42999267578125,201.72000122070312,199.85000610351562,200.75999450683594,17832400
2019-11-08,193.2972869873047,201.22999572753906,201.25,199.5399932861328,200.07000732421875,15258800
2019-11-11,193.0379180908203,200.9600067138672,201.0399932861328,199.94000244140625,200.2100067138672,10147600
2019-11-12,193.59503173828125,201.5399932861328,202.2100067138672,200.82000732421875,201.1300048828125,14778300
2019-11-13,193.64308166503906,201.58999633789062,201.77999877929688,200.7100067138672,200.83999633789062,15774600
2019-11-14,193.48939514160156,201.42999267578125,201.55999755859375,200.22000122070312,200.8300018310547,16945400
2019-11-15,194.9110107421875,202.91000366210938,202.91000366210938,202.0,202.64999389648438,18427900
2019-11-18,195.0647430419922,203.07000732421875,203.38999938964844,201.77000427246094,202.58999633789062,18365900
2019-11-19,195.3529052734375,203.3699951171875,203.83999633789062,202.58999633789062,203.83999633789062,16923300
2019-11-20,194.18096923828125,202.14999389648438,203.4499969482422,200.6199951171875,202.83999633789062,36629000
2019-11-21,193.74871826171875,201.6999969482422,202.07000732421875,201.07000732421875,201.92999267578125,17883600
2019-11-22,193.8735809326172,201.8300018310547,202.32000732421875,200.74000549316406,202.1999969482422,17189600
2019-11-25,196.16937255859375,204.22000122070312,204.25999450683594,202.6699981689453,202.6999969482422,17752800
2019-11-26,196.54403686523438,204.61000061035156,204.8699951171875,204.0500030517578,204.35000610351562,14780600
2019-11-27,197.9176483154297,206.0399932861328,206.0500030517578,204.88999938964844,205.13999938964844,16963100
2019-11-29,197.01470947265625,205.10000610351562,205.8300018310547,205.0,205.52000427246094,9854600
2019-12-02,194.9974822998047,203.0,205.17999267578125,201.77999877929688,205.11000061035156,28007000
2019-12-03,193.47018432617188,201.41000366210938,201.49000549316406,199.22999572753906,200.2100067138672,31104100
2019-12-04,194.44992065429688,202.42999267578125,202.91000366210938,202.13999938964844,202.44000244140625,15300100
2019-12-05,194.8341827392578,202.8300018310547,203.14999389648438,201.83999633789062,203.14999389648438,14962300
2019-12-06,196.9186248779297,205.0,205.14999389648438,204.14999389648438,204.30999755859375,16555300
2019-12-09,196.02532958984375,204.07000732421875,205.58999633789062,203.97999572753906,204.6300048828125,13984100
2019-12-10,195.86199951171875,203.89999389648438,204.8800048828125,203.44000244140625,204.1699981689453,21799800
2019-12-11,196.8994140625,204.97999572753906,205.19000244140625,204.0399932861328,204.36000061035156,18780800
2019-12-12,198.36911010742188,206.50999450683594,207.32000732421875,204.49000549316406,204.77000427246094,32612000
2019-12-13,199.02227783203125,207.19000244140625,207.91000366210938,205.9600067138672,206.39999389648438,32519400
2019-12-16,201.02035522460938,209.27000427246094,209.52999877929688,208.47999572753906,208.5500030517578,21296600
2019-12-17,201.1355743408203,209.38999938964844,209.7100067138672,209.0399932861328,209.5399932861328,15996100
2019-12-18,201.28929138183594,209.5500030517578,210.1300048828125,209.3300018310547,209.57000732421875,15443300
2019-12-19,202.54766845703125,210.86000061035156,210.92999267578125,209.6199951171875,209.63999938964844,17865900
2019-12-20,203.36412048339844,211.7100067138672,212.52000427246094,211.27000427246094,211.86000061035156,27672600
2019-12-23,203.9012908935547,211.80999755859375,212.14999389648438,211.6300048828125,212.0,23774700
2019-12-24,204.00717163085938,211.9199981689453,212.08999633789062,211.44000244140625,212.0,7089000
2019-12-26,205.80735778808594,213.7899932861328,213.80999755859375,212.22999572753906,212.25999450683594,17067500
2019-12-27,205.6340789794922,213.61000061035156,214.55999755859375,213.0399932861328,214.5399932861328,18134100
2019-12-30,204.28634643554688,212.2100067138672,213.6300048828125,211.16000366210938,213.5,21815500
2019-12-31,204.6714324951172,212.61000061035156,212.75999450683594,211.1999969482422,211.52999877929688,18170900
2020-01-02,208.08885192871094,216.16000366210938,216.16000366210938,213.97999572753906,214.39999389648438,30969400
2020-01-03,206.1827850341797,214.17999267578125,215.47000122070312,213.27999877929688,213.3000030517578,27518900
2020-01-06,207.51126098632812,215.55999755859375,215.58999633789062,212.24000549316406,212.5,21655300
2020-01-07,207.48236083984375,215.52999877929688,216.13999938964844,214.85000610351562,215.63999938964844,22139300
2020-01-08,209.0418701171875,217.14999389648438,218.13999938964844,215.16000366210938,215.5,26397300
2020-01-09,210.8131866455078,218.99000549316406,219.41000366210938,217.7100067138672,218.94000244140625,23547000
2020-01-10,210.27410888671875,218.42999267578125,219.8699951171875,218.0399932861328,219.85000610351562,21898500
2020-01-13,212.7000274658203,220.9499969482422,220.97999572753906,218.97999572753906,219.3300018310547,22756900
2020-01-14,211.86251831054688,220.0800018310547,221.2100067138672,219.74000549316406,220.83999633789062,24418100
2020-01-15,211.94912719726562,220.1699981689453,221.1999969482422,219.4499969482422,220.1999969482422,25742100
2020-01-16,213.9803466796875,222.27999877929688,222.32000732421875,220.8000030517578,221.27000427246094,18805000
2020-01-17,215.03929138183594,223.3800048828125,223.55999755859375,222.1199951171875,223.27999877929688,24325200
2020-01-21,214.9430389404297,223.27999877929688,223.83999633789062,222.66000366210938,222.75999450683594,21146300
2020-01-22,215.51100158691406,223.8699951171875,225.14999389648438,223.58999633789062,224.41000366210938,20736400
2020-01-23,216.2041015625,224.58999633789062,224.69000244140625,222.6999969482422,223.74000549316406,26496100
2020-01-24,214.3846893310547,222.6999969482422,225.8800048828125,221.6699981689453,225.63999938964844,37436500
2020-01-27,209.95640563964844,218.10000610351562,219.27999877929688,217.17999267578125,217.6699981689453,42264400
2020-01-28,213.1813201904297,221.4499969482422,221.9600067138672,219.05999755859375,219.63999938964844,26731900
2020-01-29,213.5279083251953,221.80999755859375,222.92999267578125,220.8300018310547,222.67999267578125,28924500
2020-01-30,214.2883758544922,222.60000610351562,222.6999969482422,219.69000244140625,220.3800048828125,39568100
2020-01-31,210.8902130126953,219.07000732421875,223.55999755859375,218.2899932861328,223.52999877929688,52015800
2020-02-03,214.07659912109375,222.3800048828125,222.88999938964844,219.99000549316406,220.13999938964844,25408600
2020-02-04,218.97657775878906,227.47000122070312,227.86000061035156,224.64999389648438,225.4199981689453,30691200
2020-02-05,219.69859313964844,228.22000122070312,230.25,226.85000610351562,230.2100067138672,38534800
2020-02-06,221.5950164794922,230.19000244140625,230.25,227.97999572753906,228.7899932861328,22467100
2020-02-07,220.64198303222656,229.1999969482422,230.44000244140625,228.5399932861328,229.16000366210938,25884900
2020-02-10,223.3085174560547,231.97000122070312,231.97999572753906,228.3800048828125,228.44000244140625,21478900
2020-02-11,223.34703063964844,232.00999450683594,234.02000427246094,231.39999389648438,233.25,30198000
2020-02-12,225.52267456054688,234.27000427246094,234.3800048828125,232.8000030517578,233.3800048828125,24471300
2020-02-13,225.23390197753906,233.97000122070312,234.92999267578125,232.36000061035156,232.63999938964844,22773200
2020-02-14,225.87884521484375,234.63999938964844,234.86000061035156,233.5500030517578,234.33999633789062,23438500
2020-02-18,225.96551513671875,234.72999572753906,235.1699981689453,233.25,233.5,24394500
2020-02-19,228.13148498535156,236.97999572753906,237.47000122070312,235.85000610351562,236.1300048828125,22230500
2020-02-20,226.01358032226562,234.77999877929688,236.9499969482422,231.8800048828125,236.4600067138672,42604000
2020-02-21,221.67201232910156,230.27000427246094,234.00999450683594,229.32000732421875,233.61000061035156,66017200
2020-02-24,213.12355041503906,221.38999938964844,224.25,220.25999450683594,221.67999267578125,84522600
2020-02-25,207.32833862304688,215.3699951171875,223.99000549316406,214.74000549316406,223.25,97743000
2020-02-26,208.39694213867188,216.47999572753906,220.27999877929688,214.89999389648438,216.7100067138672,79537700
2020-02-27,197.96165466308594,205.63999938964844,216.4199981689453,205.5,210.89999389648438,121822600
2020-02-28,198.11570739746094,205.8000030517578,207.1699981689453,198.1699981689453,198.63999938964844,148173700
2020-03-02,208.33917236328125,216.4199981689453,216.57000732421875,205.94000244140625,208.8800048828125,112933900
2020-03-03,201.6582794189453,209.47999572753906,219.61000061035156,207.6199951171875,217.11000061035156,131953500
2020-03-04,210.07196044921875,218.22000122070312,218.3300018310547,211.3699951171875,213.32000732421875,73086200
2020-03-05,203.6894989013672,211.58999633789062,216.36000061035156,210.10000610351562,212.69000244140625,78705500
2020-03-06,200.25282287597656,208.02000427246094,209.14999389648438,202.91000366210938,204.6699981689453,89828400
2020-03-09,186.34237670898438,193.57000732421875,201.16000366210938,192.11000061035156,193.47999572753906,116424000
2020-03-10,196.48880004882812,204.11000061035156,204.3000030517578,193.67999267578125,201.11000061035156,100599200
2020-03-11,187.93075561523438,195.22000122070312,200.75,192.72999572753906,199.35000610351562,89168800
2020-03-12,170.6990966796875,177.32000732421875,190.77999877929688,176.94000244140625,182.08999633789062,137820700
2020-03-13,185.1582794189453,192.33999633789062,194.47999572753906,178.1300048828125,187.07000732421875,134882000
2020-03-16,162.97857666015625,169.3000030517578,184.67999267578125,169.16000366210938,174.14999389648438,92054400
2020-03-17,175.339111328125,182.13999938964844,184.38999938964844,169.77999877929688,175.47000122070312,121257100
2020-03-18,170.0060272216797,176.60000610351562,179.22000122070312,166.8000030517578,171.61000061035156,114156300
2020-03-19,171.02639770507812,177.66000366210938,183.49000549316406,171.6300048828125,175.69000244140625,120896500
2020-03-20,164.32623291015625,170.6999969482422,182.8699951171875,170.10000610351562,181.74000549316406,118983900
2020-03-23,164.4449462890625,170.4600067138672,174.2100067138672,164.92999267578125,170.9199981689453,124639800
2020-03-24,177.1791534423828,183.66000366210938,183.8300018310547,177.9499969482422,179.91000366210938,94881800
2020-03-25,175.8671417236328,182.3000030517578,189.50999450683594,179.97999572753906,184.4199981689453,88754900
2020-03-26,185.12838745117188,191.89999389648438,192.72000122070312,183.61000061035156,183.8699951171875,79887600
2020-03-27,178.7613067626953,185.3000030517578,190.50999450683594,184.66000366210938,186.92999267578125,58845000
2020-03-30,185.263427734375,192.0399932861328,192.49000549316406,186.33999633789062,187.05999755859375,49356900
2020-03-31,183.6813201904297,190.39999389648438,195.25,189.1999969482422,191.72000122070312,62659300
2020-04-01,175.87677001953125,182.30999755859375,187.66000366210938,180.86000061035156,184.77000427246094,53715400
2020-04-02,179.4462127685547,186.00999450683594,190.10000610351562,180.97000122070312,181.24000549316406,56465300
2020-04-03,176.89935302734375,183.3699951171875,187.07000732421875,181.2899932861328,185.5500030517578,47487600
2020-04-06,189.54678344726562,196.47999572753906,197.64999389648438,189.19000244140625,190.47999572753906,64763500
2020-04-07,189.4695587158203,196.39999389648438,202.66000366210938,196.0,202.3699951171875,69904500
2020-04-08,193.49244689941406,200.57000732421875,201.1699981689453,196.1699981689453,198.14999389648438,45940400
2020-04-09,193.77218627929688,200.86000061035156,203.22000122070312,199.02999877929688,202.35000610351562,68252600
2020-04-13,195.86566162109375,203.02999877929688,203.4199981689453,198.75,200.0,42853900
2020-04-14,204.38401794433594,211.86000061035156,212.5,206.4199981689453,207.22999572753906,63959600
2020-04-15,202.03981018066406,209.42999267578125,211.8300018310547,207.1199951171875,208.47999572753906,47036000
2020-04-16,205.72500610351562,213.25,214.3699951171875,209.69000244140625,211.69000244140625,64657400
2020-04-17,207.6930389404297,215.2899932861328,216.50999450683594,212.0800018310547,216.1699981689453,62863200
2020-04-20,205.2329864501953,212.74000549316406,215.8800048828125,212.57000732421875,213.36000061035156,38249100
2020-04-21,197.66000366210938,204.88999938964844,211.16000366210938,203.6300048828125,210.60000610351562,72932800
2020-04-22,203.5254669189453,210.97000122070312,212.35000610351562,208.3300018310547,209.10000610351562,40089100
2020-04-23,203.0913543701172,210.52000427246094,214.44000244140625,210.10000610351562,211.7899932861328,43278500
2020-04-24,206.29420471191406,213.83999633789062,214.3000030517578,209.5,210.97000122070312,34231900
2020-04-27,207.95350646972656,215.55999755859375,216.6300048828125,214.5,216.19000244140625,36451700
2020-04-28,204.03675842285156,211.5,217.32000732421875,211.2100067138672,217.32000732421875,46862800
2020-04-29,211.27212524414062,219.0,219.97000122070312,215.13999938964844,216.19000244140625,48716400
2020-04-30,211.18528747558594,218.91000366210938,220.0399932861328,217.35000610351562,219.9499969482422,43359500
2020-05-01,205.2329864501953,212.74000549316406,216.6699981689453,211.67999267578125,214.5,48795000
2020-05-04,207.62545776367188,215.22000122070312,215.4499969482422,211.1199951171875,211.4600067138672,32841000
2020-05-05,209.97940063476562,217.66000366210938,220.13999938964844,216.85000610351562,217.44000244140625,37783100
2020-05-06,211.27212524414062,219.0,221.0399932861328,218.11000061035156,219.39999389648438,36455200
2020-05-07,213.99258422851562,221.82000732421875,222.72999572753906,220.4199981689453,221.82000732421875,38624800
2020-05-08,216.92530822753906,224.86000061035156,225.0,222.47999572753906,223.5500030517578,31852300
2020-05-11,218.8643798828125,226.8699951171875,227.92999267578125,223.25,223.49000549316406,35714100
2020-05-12,214.28201293945312,222.1199951171875,228.10000610351562,222.08999633789062,227.49000549316406,41054100
2020-05-13,211.60009765625,219.33999633789062,224.61000061035156,216.7100067138672,222.66000366210938,65521200
2020-05-14,214.00225830078125,221.8300018310547,221.8699951171875,215.99000549316406,217.97000122070312,51549300
2020-05-15,215.3914794921875,223.27000427246094,223.3300018310547,218.3300018310547,218.77999877929688,55747200
2020-05-18,219.40457153320312,227.42999267578125,228.67999267578125,225.47000122070312,226.27999877929688,42398100
2020-05-19,218.854736328125,226.86000061035156,229.85000610351562,226.7100067138672,227.6999969482422,36237300
2020-05-20,223.2248992919922,231.38999938964844,231.75999450683594,229.47999572753906,229.5,37417000
2020-05-21,220.79380798339844,228.8699951171875,232.13999938964844,228.33999633789062,231.44000244140625,43642900
2020-05-22,221.55596923828125,229.66000366210938,229.8699951171875,227.5,228.4499969482422,28762400
2020-05-26,220.9578094482422,229.0399932861328,233.57000732421875,228.7899932861328,233.36000061035156,33055300
2020-05-27,222.16368103027344,230.2899932861328,230.41000366210938,223.94000244140625,228.69000244140625,55665600
2020-05-28,221.874267578125,229.99000549316406,233.47000122070312,229.0500030517578,229.11000061035156,42784300
2020-05-29,225.12539672851562,233.36000061035156,233.60000610351562,228.75999450683594,230.3800048828125,50691800
2020-06-01,225.80067443847656,234.05999755859375,234.4499969482422,232.0,232.4600067138672,25776000
2020-06-02,227.31527709960938,235.6300048828125,235.69000244140625,232.00999450683594,234.5,33383400
2020-06-03,228.33786010742188,236.69000244140625,237.47000122070312,235.35000610351562,236.25999450683594,37228700
2020-06-04,226.73643493652344,235.02999877929688,237.7899932861328,233.67999267578125,236.3300018310547,38716100
2020-06-05,231.23202514648438,239.69000244140625,240.3000030517578,235.6300048828125,236.22000122070312,47365600
2020-06-08,233.02638244628906,241.5500030517578,241.67999267578125,237.91000366210938,239.5399932861328,32937300
2020-06-09,234.7146453857422,243.3000030517578,244.17999267578125,240.47000122070312,240.66000366210938,35046300
2020-06-10,237.53158569335938,246.22000122070312,247.82000732421875,244.50999450683594,245.0500030517578,58084400
2020-06-11,225.7620849609375,234.02000427246094,243.58999633789062,233.9600067138672,242.16000366210938,72919400
2020-06-12,227.55648803710938,235.8800048828125,240.39999389648438,231.74000549316406,239.08999633789062,72034800
2020-06-15,230.32521057128906,238.75,239.4499969482422,231.47000122070312,232.44000244140625,45307400
2020-06-16,234.280517578125,242.85000610351562,244.38999938964844,239.10000610351562,243.77999877929688,48890100
2020-06-17,235.02334594726562,243.6199951171875,245.5,242.72999572753906,244.39999389648438,34749300
2020-06-18,235.66006469726562,244.27999877929688,244.52999877929688,242.49000549316406,243.2899932861328,30578600
2020-06-19,235.62147521972656,244.24000549316406,247.0,242.4499969482422,246.72999572753906,49422100
2020-06-22,238.44720458984375,246.74000549316406,246.8699951171875,243.3800048828125,243.67999267578125,24068700
2020-06-23,240.4766082763672,248.83999633789062,251.14999389648438,247.82000732421875,248.38999938964844,32767400
2020-06-24,235.51902770996094,243.7100067138672,249.3300018310547,242.16000366210938,248.05999755859375,46032400
2020-06-25,237.7610321044922,246.02999877929688,246.33999633789062,241.13999938964844,243.8000030517578,36940800
2020-06-26,232.1463165283203,240.22000122070312,245.9600067138672,239.67999267578125,245.77999877929688,52824600
2020-06-29,234.67828369140625,242.83999633789062,242.85000610351562,237.35000610351562,239.97000122070312,34377800
2020-06-30,239.2782745361328,247.60000610351562,248.16000366210938,242.5800018310547,242.77000427246094,38909200
2020-07-01,242.0710906982422,250.49000549316406,251.52000427246094,247.0800018310547,247.63999938964844,34689200
2020-07-02,243.7139434814453,252.19000244140625,254.27000427246094,251.7100067138672,253.02000427246094,31956500
2020-07-06,249.70559692382812,258.3900146484375,258.92999267578125,255.42999267578125,255.4499969482422,34589000
2020-07-07,247.98541259765625,256.6099853515625,260.8800048828125,256.29998779296875,258.1300048828125,36578200
2020-07-08,251.2518768310547,259.989990234375,260.0199890136719,256.5,257.9800109863281,30426300
2020-07-09,253.36817932128906,262.17999267578125,262.8699951171875,257.6300048828125,261.9700012207031,40312900
2020-07-10,255.09814453125,263.9700012207031,264.2300109863281,259.260009765625,262.0299987792969,32885300
2020-07-13,249.85057067871094,258.5400085449219,269.7900085449219,257.69000244140625,266.9100036621094,64108100
2020-07-14,251.61907958984375,260.3699951171875,260.7900085449219,252.75999450683594,255.92999267578125,72230500
2020-07-15,252.1312713623047,260.8999938964844,262.69000244140625,257.489990234375,261.8299865722656,54523900
2020-07-16,250.41104125976562,259.1199951171875,259.7799987792969,255.6199951171875,258.0199890136719,47594100
2020-07-17,250.70106506347656,259.4200134277344,260.30999755859375,257.1700134277344,259.5899963378906,35137900
2020-07-20,257.8136291503906,266.7799987792969,267.42999267578125,258.7900085449219,260.0799865722656,40610100
2020-07-21,255.1271514892578,264.0,268.4100036621094,263.1300048828125,268.3999938964844,43243800
2020-07-22,256.0258483886719,264.92999267578125,265.8900146484375,262.54998779296875,264.510009765625,29865500
2020-07-23,249.33834838867188,258.010009765625,265.239990234375,256.54998779296875,264.510009765625,51363500
2020-07-24,246.97071838378906,255.55999755859375,256.92999267578125,251.32000732421875,254.0399932861328,54054500
2020-07-27,251.37741088867188,260.1199951171875,260.5199890136719,256.45001220703125,257.260009765625,36445700
2020-07-28,248.1787109375,256.80999755859375,259.8500061035156,256.510009765625,259.30999755859375,31302400
2020-07-29,251.03921508789062,259.7699890136719,260.6600036621094,257.9100036621094,258.3999938964844,27556900
2020-07-30,252.35354614257812,261.1300048828125,261.7099914550781,256.54998779296875,257.739990234375,41774500
2020-07-31,256.85687255859375,265.7900085449219,265.95001220703125,260.8500061035156,265.9100036621094,53686300
2020-08-03,260.32623291015625,269.3800048828125,270.1499938964844,267.8699951171875,268.0,32081600
2020-08-04,261.2926330566406,270.3800048828125,270.4800109863281,268.0899963378906,268.8599853515625,24911300
2020-08-05,261.9400939941406,271.04998779296875,271.5199890136719,269.9599914550781,270.8800048828125,21612100
2020-08-06,265.40948486328125,274.6400146484375,274.9800109863281,270.19000244140625,270.8500061035156,28048200
2020-08-07,262.3460388183594,271.4700012207031,274.8800048828125,269.25,274.0799865722656,44969400
2020-08-10,261.2250061035156,270.30999755859375,271.9800109863281,266.6700134277344,271.7699890136719,35088400
2020-08-11,256.2770690917969,265.19000244140625,270.44000244140625,264.6300048828125,269.1099853515625,43104300
2020-08-12,262.722900390625,271.8599853515625,272.8399963378906,267.3699951171875,267.4200134277344,38773400
2020-08-13,263.3220520019531,272.4800109863281,274.8299865722656,271.510009765625,272.6600036621094,31895700
2020-08-14,263.01287841796875,272.1600036621094,273.3999938964844,270.7200012207031,273.1199951171875,30799500
2020-08-17,266.0665588378906,275.32000732421875,275.8399963378906,272.20001220703125,273.92999267578125,24803000
2020-08-18,268.6275939941406,277.9700012207031,278.4599914550781,274.9100036621094,276.4200134277344,23529500
2020-08-19,266.82037353515625,276.1000061035156,279.0199890136719,275.57000732421875,277.92999267578125,31999400
2020-08-20,270.5216064453125,279.92999267578125,280.42999267578125,274.8599853515625,275.2799987792969,27723400
2020-08-21,272.3964538574219,281.8699951171875,282.3399963378906,279.4599914550781,280.1300048828125,34748900
2020-08-24,274.09722900390625,283.6300048828125,286.0,281.2699890136719,285.25,36418500
2020-08-25,276.25238037109375,285.8599853515625,286.05999755859375,282.3699951171875,282.8299865722656,34866600
2020-08-26,282.1473693847656,291.9599914550781,292.2200012207031,285.8299865722656,287.1499938964844,42216700
2020-08-27,281.2679443359375,291.04998779296875,293.8500061035156,288.7099914550781,292.9700012207031,49482700
2020-08-28,282.6982116699219,292.5299987792969,293.17999267578125,290.92999267578125,292.3299865722656,28021000
2020-08-31,284.9692077636719,294.8800048828125,296.75,292.6199951171875,293.07000732421875,36321000
2020-09-01,289.8398132324219,299.9200134277344,300.0400085449219,295.7900085449219,297.6199951171875,36216200
2020-09-02,292.5843200683594,302.760009765625,303.5,296.8900146484375,303.2799987792969,50836800
2020-09-03,277.7503356933594,287.4100036621094,298.6199951171875,284.4100036621094,298.1000061035156,110083300
2020-09-04,274.04901123046875,283.5799865722656,288.92999267578125,271.79998779296875,285.55999755859375,123959000
2020-09-08,260.8770446777344,269.95001220703125,278.2200012207031,269.6600036621094,272.2200012207031,99568600
2020-09-09,268.5405578613281,277.8800048828125,280.04998779296875,273.0,275.6400146484375,64837900
2020-09-10,263.1867980957031,272.3399963378906,282.20001220703125,270.55999755859375,280.94000244140625,69667500
2020-09-11,261.3603515625,270.45001220703125,275.2200012207031,266.8999938964844,274.1499938964844,71809000
2020-09-14,265.9120178222656,275.1600036621094,277.2200012207031,272.9599914550781,274.3599853515625,38525200
2020-09-15,269.6808776855469,279.05999755859375,280.45001220703125,275.1300048828125,279.0299987792969,41849900
2020-09-16,265.3804626464844,274.6099853515625,280.3599853515625,274.25,279.8800048828125,42321000
2020-09-17,261.23455810546875,270.32000732421875,274.3999938964844,266.67999267578125,267.54998779296875,81570800
2020-09-18,257.9005432128906,266.8699951171875,272.0899963378906,262.6300048828125,271.7900085449219,86251100
2020-09-21,258.5191345214844,267.510009765625,267.6499938964844,260.1099853515625,262.4700012207031,57168600
2020-09-22,263.3220520019531,272.4800109863281,273.0799865722656,266.5400085449219,269.989990234375,41128900
2020-09-23,255.28172302246094,264.1600036621094,272.3399963378906,263.25,272.1499938964844,48837300
2020-09-24,256.47039794921875,265.3900146484375,268.70001220703125,261.2200012207031,261.3900146484375,70631700
2020-09-25,262.4329833984375,271.55999755859375,272.3999938964844,264.29998779296875,265.9100036621094,55242400
2020-09-28,267.8834228515625,277.20001220703125,277.20001220703125,271.6700134277344,276.5799865722656,58438300
2020-09-29,266.67547607421875,275.95001220703125,277.7099914550781,275.3699951171875,276.6199951171875,27050000
2020-09-30,268.50189208984375,277.8399963378906,281.0899963378906,275.8699951171875,276.1499938964844,49380800
2020-10-01,272.76373291015625,282.25,282.8800048828125,279.8399963378906,281.7900085449219,50020200
2020-10-02,265.09063720703125,274.30999755859375,282.239990234375,273.44000244140625,276.0199890136719,75497400
2020-10-05,270.7439270019531,280.1600036621094,280.489990234375,276.2300109863281,276.3399963378906,28184600
2020-10-06,265.9120178222656,275.1600036621094,281.19000244140625,274.25,279.45001220703125,49704200
2020-10-07,270.5120849609375,279.9200134277344,280.739990234375,277.2799987792969,277.8900146484375,27539700
2020-10-08,271.95196533203125,281.4100036621094,282.4700012207031,280.30999755859375,282.3999938964844,25443300
2020-10-09,276.1073913574219,285.7099914550781,285.7900085449219,282.7099914550781,283.1099853515625,30201100
2020-10-12,284.6310119628906,294.5299987792969,297.4599914550781,289.4700012207031,290.54998779296875,79370700
2020-10-13,284.62127685546875,294.5199890136719,297.04998779296875,293.1099853515625,296.3900146484375,64240000
2020-10-14,282.2440185546875,292.05999755859375,296.3500061035156,290.260009765625,295.3500061035156,36949100
2020-10-15,280.3498229980469,290.1000061035156,290.7099914550781,286.5400085449219,287.20001220703125,42514200
2020-10-16,278.81329345703125,288.510009765625,293.2699890136719,288.1499938964844,291.79998779296875,40570700
2020-10-19,274.2615661621094,283.79998779296875,291.4800109863281,282.7900085449219,290.489990234375,36756800
2020-10-20,274.85113525390625,284.4100036621094,287.6199951171875,282.95001220703125,284.55999755859375,32195400
2020-10-21,274.63848876953125,284.19000244140625,287.32000732421875,283.69000244140625,284.6700134277344,29306100
2020-10-22,274.6288146972656,284.17999267578125,285.9800109863281,280.82000732421875,285.04998779296875,32196200
2020-10-23,275.1700134277344,284.739990234375,284.9100036621094,281.7799987792969,284.7699890136719,24658500
2020-10-26,271.04345703125,280.4700012207031,285.29998779296875,276.760009765625,282.3800048828125,38421100
2020-10-27,273.1598815917969,282.6600036621094,283.510009765625,280.20001220703125,281.5,30559100
2020-10-28,262.5103454589844,271.6400146484375,278.6400146484375,271.3800048828125,278.010009765625,53413500
2020-10-29,267.1006164550781,276.3900146484375,279.489990234375,272.5199890136719,273.0,43246300
2020-10-30,260.32623291015625,269.3800048828125,275.239990234375,267.07000732421875,274.3399963378906,65838300
2020-11-02,260.90606689453125,269.9800109863281,273.5199890136719,266.9700012207031,271.8500061035156,39987400
2020-11-03,265.41912841796875,274.6499938964844,276.82000732421875,270.8399963378906,271.9599914550781,43604100
2020-11-04,277.2671203613281,286.9100036621094,288.7699890136719,281.8699951171875,283.5899963378906,75728200
2020-11-05,284.4957275390625,294.3900146484375,295.3900146484375,292.0,293.5299987792969,52054200
2020-11-06,284.708251953125,294.6099853515625,295.3599853515625,289.8299865722656,293.7099914550781,40959800
2020-11-09,278.8905029296875,288.5899963378906,299.1400146484375,288.1199951171875,297.6499938964844,86537100
2020-11-10,273.8944091796875,283.4200134277344,286.6600036621094,280.6199951171875,285.1700134277344,69024900
2020-11-11,280.0213317871094,289.760009765625,290.25,283.3800048828125,286.0299987792969,36102900
2020-11-12,278.70697021484375,288.3999938964844,292.07000732421875,287.25,290.760009765625,34414600
2020-11-13,281.1519775390625,290.92999267578125,291.57000732421875,287.8699951171875,290.1700134277344,24806900
2020-11-16,283.3455810546875,293.20001220703125,293.510009765625,289.989990234375,290.6199951171875,30168400
2020-11-17,282.447021484375,292.2699890136719,293.739990234375,291.6099853515625,293.3999938964844,21843500
2020-11-18,280.3594970703125,290.1099853515625,293.3699951171875,290.0199890136719,291.70001220703125,28069600
2020-11-19,282.55322265625,292.3800048828125,292.70001220703125,288.8500061035156,289.5400085449219,22718400
2020-11-20,280.6204528808594,290.3800048828125,293.07000732421875,290.2900085449219,292.29998779296875,25907300
2020-11-23,280.6300964355469,290.3900146484375,292.75,288.07000732421875,291.4100036621094,26875600
2020-11-24,284.5730285644531,294.4700012207031,294.9800109863281,289.6300048828125,291.489990234375,24516800
2020-11-25,286.3221435546875,296.2799987792969,296.94000244140625,294.5899963378906,295.57000732421875,23326800
2020-11-27,288.96038818359375,299.010009765625,300.1700134277344,297.8999938964844,298.30999755859375,17163100
2020-11-30,289.5499267578125,299.6199951171875,299.9700012207031,294.7799987792969,299.3399963378906,27836200
2020-12-01,293.2608642578125,303.4599914550781,305.1400146484375,300.8299865722656,301.9700012207031,27521300
2020-12-02,293.6377258300781,303.8500061035156,304.20001220703125,300.3500061035156,302.25,23620000
2020-12-03,294.0532531738281,304.2799987792969,305.8800048828125,303.5299987792969,304.1700134277344,22828700
2020-12-04,295.2516174316406,305.5199890136719,305.6700134277344,303.6300048828125,304.3299865722656,19332100
2020-12-07,296.9234619140625,307.25,307.6300048828125,305.5199890136719,305.7099914550781,20851000
2020-12-08,297.9285583496094,308.2900085449219,308.6000061035156,304.95001220703125,306.760009765625,18341500
2020-12-09,291.1830749511719,301.30999755859375,308.3599853515625,300.2099914550781,308.07000732421875,48839300
2020-12-10,292.3524475097656,302.5199890136719,303.67999267578125,298.0899963378906,299.2099914550781,27519500
2020-12-11,291.7049255371094,301.8500061035156,301.9800109863281,298.4700012207031,300.80999755859375,26760400
2020-12-14,293.8213195800781,304.0400085449219,306.04998779296875,303.010009765625,303.0799865722656,28804800
2020-12-15,296.962158203125,307.2900085449219,307.2900085449219,304.1099853515625,306.3699951171875,25709000
2020-12-16,298.59527587890625,308.9800109863281,309.7900085449219,306.6199951171875,307.70001220703125,25461900
2020-12-17,300.54742431640625,311.0,311.239990234375,309.3900146484375,310.6300048828125,23730500
2020-12-18,299.6390380859375,310.05999755859375,311.9800109863281,307.6099853515625,311.6600036621094,41173400
2020-12-21,299.0784912109375,308.9200134277344,309.4700012207031,303.6000061035156,306.4599914550781,37095500
2020-12-22,299.8917236328125,309.760009765625,310.7099914550781,306.8500061035156,309.8500061035156,26176300
2020-12-23,298.3814697265625,308.20001220703125,310.17999267578125,308.0400085449219,309.80999755859375,21201300
2020-12-24,299.69805908203125,309.55999755859375,310.0199890136719,308.3900146484375,308.4700012207031,16785000
2020-12-28,302.7187194824219,312.67999267578125,313.1700134277344,310.3599853515625,312.25,22497700
2020-12-29,302.98974609375,312.9599914550781,314.69000244140625,312.0299987792969,314.04998779296875,25871900
2020-12-30,302.9994201660156,312.9700012207031,314.489990234375,312.3299865722656,314.1600036621094,18138100
2020-12-31,303.7449035644531,313.739990234375,314.239990234375,311.760009765625,312.8699951171875,21611400
2021-01-04,299.4560546875,309.30999755859375,315.2900085449219,305.17999267578125,315.1099853515625,45305900
2021-01-05,301.9246826171875,311.8599853515625,312.1400146484375,308.2900085449219,308.2900085449219,29323400
2021-01-06,297.7424011230469,307.5400085449219,311.8800048828125,305.9800109863281,307.0,52809600
2021-01-07,304.9453430175781,314.9800109863281,315.8399963378906,310.25,310.2799987792969,30394800
2021-01-08,308.8663635253906,319.0299987792969,319.3900146484375,315.0799865722656,317.3399963378906,33955800
2021-01-11,304.4032897949219,314.4200134277344,317.19000244140625,313.75,315.9800109863281,32746400
2021-01-12,303.91925048828125,313.9200134277344,315.5799865722656,311.20001220703125,314.4599914550781,29266800
2021-01-13,305.9716491699219,316.0400085449219,316.8599853515625,313.57000732421875,314.19000244140625,22898400
2021-01-14,304.33551025390625,314.3500061035156,317.5299987792969,313.8599853515625,316.5,23500100
2021-01-15,301.9246826171875,311.8599853515625,315.1199951171875,310.5799865722656,314.1300048828125,35118700
2021-01-19,306.3298645019531,316.4100036621094,316.92999267578125,313.1199951171875,314.25,24537000
2021-01-20,313.4554138183594,323.7699890136719,324.739990234375,316.510009765625,320.1400146484375,30728100
2021-01-21,315.962890625,326.3599853515625,327.1300048828125,323.7300109863281,325.1499938964844,25130600
2021-01-22,315.0528259277344,325.4200134277344,326.4599914550781,324.7099914550781,325.2900085449219,21609400
2021-01-25,317.6571044921875,328.1099853515625,330.32000732421875,321.4100036621094,328.9100036621094,39080600
2021-01-26,318.1217956542969,328.5899963378906,329.760009765625,327.2200012207031,328.8500061035156,25498100
2021-01-27,309.25360107421875,319.42999267578125,326.2699890136719,317.3599853515625,326.260009765625,55264000
2021-01-28,311.0834045410156,321.32000732421875,326.4200134277344,320.0299987792969,320.6700134277344,42836300
2021-01-29,304.538818359375,314.55999755859375,320.7200012207031,312.760009765625,319.5799865722656,55259000
2021-02-01,312.14837646484375,322.4200134277344,323.5400085449219,316.0199890136719,318.1099853515625,35646000
2021-02-02,317.2408447265625,327.67999267578125,328.8699951171875,325.30999755859375,325.4800109863281,33930800
2021-02-03,315.982177734375,326.3800048828125,330.20001220703125,326.32000732421875,329.82000732421875,24824500
2021-02-04,319.7191467285156,330.239990234375,330.3299865722656,326.4599914550781,327.82000732421875,22350900
2021-02-05,320.8035583496094,331.3599853515625,332.3999938964844,329.5299987792969,331.2200012207031,22732000
2021-02-08,322.9527893066406,333.5799865722656,333.739990234375,331.4100036621094,333.1000061035156,20462800
2021-02-09,322.8851013183594,333.510009765625,334.80999755859375,332.6099853515625,332.6199951171875,17597500
2021-02-10,322.1492919921875,332.75,335.4599914550781,329.5,334.989990234375,28068700
2021-02-11,323.9209899902344,334.5799865722656,335.0,332.1199951171875,334.3299865722656,22046100
2021-02-12,325.7314453125,336.45001220703125,336.6199951171875,332.6300048828125,333.7099914550781,20346800
2021-02-16,324.85040283203125,335.5400085449219,338.19000244140625,334.3399963378906,337.2699890136719,27080800
2021-02-17,323.2917175292969,333.92999267578125,335.6600036621094,330.1700134277344,332.4700012207031,31360300
2021-02-18,321.8782653808594,332.4700012207031,333.8699951171875,328.3599853515625,330.2300109863281,32236200
2021-02-19,320.47442626953125,331.0199890136719,333.989990234375,329.9700012207031,333.8599853515625,39157700
2021-02-22,312.1677551269531,322.44000244140625,327.79998779296875,322.2300109863281,326.5,47256900
2021-02-23,311.2382507324219,321.4800109863281,323.20001220703125,311.0,317.0,97241900
2021-02-24,313.80389404296875,324.1300048828125,324.45001220703125,315.9599914550781,318.739990234375,58206300
2021-02-25,302.8638916015625,312.8299865722656,324.0299987792969,311.239990234375,321.3900146484375,110182600
2021-02-26,304.1321716308594,314.1400146484375,319.1099853515625,310.8800048828125,315.8500061035156,104739800
2021-03-01,313.2810974121094,323.5899963378906,323.94000244140625,317.94000244140625,319.2699890136719,49164500
2021-03-02,308.2564392089844,318.3999938964844,324.3299865722656,318.1400146484375,324.25,48370000
2021-03-03,299.3108825683594,309.1600036621094,318.239990234375,309.1000061035156,317.2699890136719,86301100
2021-03-04,294.4119873046875,304.1000061035156,312.0400085449219,300.1099853515625,308.7799987792969,139131600
2021-03-05,298.8461608886719,308.67999267578125,309.6099853515625,297.45001220703125,306.79998779296875,121523700
2021-03-08,290.3845520019531,299.94000244140625,310.05999755859375,299.510009765625,308.1199951171875,88409800
2021-03-09,301.83770751953125,311.7699890136719,313.7300109863281,306.9200134277344,307.4700012207031,80391100
2021-03-10,300.9761657714844,310.8800048828125,316.4700012207031,310.1700134277344,316.1600036621094,76798100
2021-03-11,307.90789794921875,318.0400085449219,319.8599853515625,314.8500061035156,315.7699890136719,53484800
2021-03-12,305.4101257324219,315.4599914550781,318.2300109863281,311.3900146484375,313.8599853515625,69315600
2021-03-15,308.67279052734375,318.8299865722656,319.0,314.1000061035156,315.7900085449219,42955700
2021-03-16,310.3670349121094,320.5799865722656,324.20001220703125,319.1000061035156,321.0899963378906,54925900
2021-03-17,311.6449279785156,321.8999938964844,323.8500061035156,315.67999267578125,317.45001220703125,78258700
2021-03-18,302.0990295410156,312.0400085449219,317.8800048828125,311.57000732421875,316.8699951171875,82718100
2021-03-19,303.1640625,313.1400146484375,314.7300109863281,309.6600036621094,311.8699951171875,78446200
2021-03-22,308.84930419921875,318.6099853515625,320.739990234375,315.2099914550781,315.2099914550781,56194800
2021-03-23,307.5019226074219,317.2200012207031,321.0899963378906,316.3800048828125,319.7300109863281,53455400
2021-03-24,302.3157653808594,311.8699951171875,318.6700134277344,311.7200012207031,318.6300048828125,64803700
2021-03-25,301.79229736328125,311.3299865722656,312.8900146484375,307.3900146484375,309.9700012207031,78729000
2021-03-26,306.3193359375,316.0,316.3299865722656,309.6700134277344,311.1099853515625,63519600
2021-03-29,306.23211669921875,315.9100036621094,316.989990234375,312.4700012207031,315.45001220703125,54608000
2021-03-30,304.6907653808594,314.32000732421875,314.9100036621094,311.5400085449219,313.8900146484375,44635700
2021-03-31,309.3534240722656,319.1300048828125,320.739990234375,315.80999755859375,316.1600036621094,55032500
2021-04-01,314.62677001953125,324.57000732421875,324.7099914550781,322.80999755859375,323.07000732421875,55685600
2021-04-05,320.9081726074219,331.04998779296875,331.8399963378906,326.8800048828125,327.1300048828125,42172500
2021-04-06,320.685302734375,330.82000732421875,332.8299865722656,330.0199890136719,330.7300109863281,33537200
2021-04-07,321.4607849121094,331.6199951171875,332.4800109863281,329.3699951171875,330.3299865722656,32046400
2021-04-08,324.8147888183594,335.0799865722656,335.2699890136719,333.739990234375,334.55999755859375,29940800
2021-04-09,326.7825622558594,337.1099853515625,337.32000732421875,332.9200134277344,333.67999267578125,36664900
2021-04-12,326.35614013671875,336.6700134277344,337.1000061035156,334.7300109863281,336.0400085449219,25833000
2021-04-13,330.16571044921875,340.6000061035156,341.0799865722656,338.0199890136719,338.239990234375,30374000
2021-04-14,326.2010498046875,336.510009765625,340.9800109863281,335.6700134277344,340.8500061035156,42564300
2021-04-15,331.1447448730469,341.6099853515625,342.010009765625,336.2200012207031,339.4700012207031,36342800
2021-04-16,331.532470703125,342.010009765625,342.2300109863281,340.0799865722656,342.1499938964844,40860100
2021-04-19,328.4983825683594,338.8800048828125,341.5799865722656,336.8999938964844,340.3900146484375,34533100
2021-04-20,326.10406494140625,336.4100036621094,339.5199890136719,334.3800048828125,338.20001220703125,38081800
2021-04-21,328.895751953125,339.2900085449219,339.4800109863281,333.9700012207031,335.0899963378906,36598100
2021-04-22,324.93115234375,335.20001220703125,339.8999938964844,334.010009765625,338.8900146484375,45936100
2021-04-23,329.0218811035156,339.4200134277344,340.7699890136719,335.8500061035156,335.8500061035156,36381900
2021-04-26,331.1641540527344,341.6300048828125,341.9200134277344,338.8999938964844,339.6700134277344,30812000
2021-04-27,329.72943115234375,340.1499938964844,342.1499938964844,339.1700134277344,341.92999267578125,33187200
2021-04-28,328.6147155761719,339.0,340.8500061035156,338.3299865722656,339.80999755859375,33615700
2021-04-29,329.7972717285156,340.2200012207031,342.79998779296875,336.8999938964844,342.3699951171875,37708900
2021-04-30,327.63568115234375,337.989990234375,340.260009765625,337.04998779296875,337.70001220703125,38263400
2021-05-03,325.8907775878906,336.19000244140625,340.0,335.7300109863281,339.2300109863281,29729700
2021-05-04,320.026123046875,330.1400146484375,333.8900146484375,326.2099914550781,333.55999755859375,65147000
2021-05-05,318.9501647949219,329.0299987792969,333.1400146484375,328.2300109863281,332.25,46219300
2021-05-06,321.3541259765625,331.510009765625,331.6700134277344,326.45001220703125,328.760009765625,46814300
2021-05-07,323.9617614746094,334.20001220703125,336.6499938964844,331.69000244140625,334.3699951171875,53324500
2021-05-10,315.78033447265625,325.760009765625,332.9599914550781,325.54998779296875,332.7799987792969,60700500
2021-05-11,315.3440246582031,325.30999755859375,326.1300048828125,319.0199890136719,319.70001220703125,71963600
2021-05-12,307.1820373535156,316.8900146484375,322.6199951171875,316.0,320.2300109863281,91164900
2021-05-13,309.55694580078125,319.3399963378906,322.3999938964844,316.8999938964844,319.9200134277344,69877800
2021-05-14,316.3909912109375,326.3900146484375,327.3299865722656,322.0799865722656,322.6000061035156,44370000
2021-05-17,314.4716796875,324.4100036621094,326.3699951171875,321.45001220703125,324.6300048828125,39395000
2021-05-18,312.3487548828125,322.2200012207031,326.6499938964844,321.94000244140625,325.3900146484375,36528500
2021-05-19,312.7074279785156,322.5899963378906,322.8999938964844,316.29998779296875,316.6600036621094,66319100
2021-05-20,318.7562255859375,328.8299865722656,329.7099914550781,323.8900146484375,324.1199951171875,46466100
2021-05-21,316.9919738769531,327.010009765625,330.8599853515625,326.6400146484375,330.42999267578125,50330400
2021-05-24,322.323486328125,332.510009765625,333.6700134277344,326.8999938964844,329.3699951171875,32475800
2021-05-25,322.76947021484375,332.9700012207031,334.80999755859375,331.760009765625,334.07000732421875,31280300
2021-05-26,323.8938903808594,334.1300048828125,334.6099853515625,332.95001220703125,333.6600036621094,25444900
2021-05-27,322.6822204589844,332.8800048828125,334.5400085449219,332.6700134277344,333.6700134277344,27931700
2021-05-28,323.7000427246094,333.92999267578125,335.57000732421875,333.6000061035156,334.1199951171875,29927400
2021-06-01,322.6239318847656,332.82000732421875,335.7900085449219,331.42999267578125,335.29998779296875,31145400
2021-06-02,323.254150390625,333.4700012207031,334.3399963378906,331.70001220703125,333.25,22047900
2021-06-03,319.89044189453125,330.0,331.8599853515625,328.2799987792969,330.54998779296875,37057800
2021-06-04,325.3189392089844,335.6000061035156,336.05999755859375,331.7799987792969,331.8500061035156,38736500
2021-06-07,326.288330078125,336.6000061035156,336.6600036621094,334.3399963378906,335.04998779296875,32611900
2021-06-08,326.4433288574219,336.760009765625,339.2900085449219,335.0299987792969,338.3999938964844,27282800
2021-06-09,326.5208435058594,336.8399963378906,338.9700012207031,336.6499938964844,338.1700134277344,21485300
2021-06-10,329.92333984375,340.3500061035156,340.4599914550781,336.7300109863281,337.19000244140625,33702100
2021-06-11,330.7860412597656,341.239990234375,341.25,339.69000244140625,340.3599853515625,21222800
2021-06-14,333.95587158203125,344.510009765625,344.5199890136719,340.4599914550781,341.67999267578125,27827700
2021-06-15,331.77484130859375,342.260009765625,344.4700012207031,341.5199890136719,344.1499938964844,35963800
2021-06-16,330.5631408691406,341.010009765625,343.8399963378906,337.45001220703125,342.739990234375,55399500
2021-06-17,334.7604675292969,345.3399963378906,346.3800048828125,339.9200134277344,339.9700012207031,59722700
2021-06-18,332.1335144042969,342.6300048828125,344.80999755859375,341.8599853515625,343.6300048828125,55414900
2021-06-21,334.19769287109375,344.3599853515625,344.69000244140625,340.1499938964844,342.42999267578125,32992600
2021-06-22,337.31298828125,347.57000732421875,348.0299987792969,343.8399963378906,344.1499938964844,28941600
2021-06-23,337.47802734375,347.739990234375,348.9200134277344,346.8800048828125,347.510009765625,27188500
2021-06-24,339.5645751953125,349.8900146484375,351.4599914550781,349.1700134277344,349.7300109863281,32581600
2021-06-25,339.14715576171875,349.4599914550781,350.7200012207031,348.8399963378906,350.4700012207031,28682800
2021-06-28,343.2717590332031,353.7099914550781,353.8500061035156,350.7200012207031,350.7799987792969,39130300
2021-06-29,344.5140075683594,354.989990234375,355.0199890136719,352.6700134277344,353.5299987792969,29426000
2021-06-30,343.9704895019531,354.42999267578125,355.2300109863281,353.8299865722656,354.8299865722656,32724000
2021-07-01,344.1064147949219,354.57000732421875,355.0899963378906,352.67999267578125,354.07000732421875,29290000
2021-07-02,348.0563049316406,358.6400146484375,358.9700012207031,356.2799987792969,356.5199890136719,32727200
2021-07-06,349.5605163574219,360.19000244140625,360.4800109863281,356.489990234375,359.260009765625,38842400
2021-07-07,350.298095703125,360.95001220703125,362.760009765625,358.94000244140625,362.45001220703125,35265200
2021-07-08,348.18243408203125,358.7699890136719,359.6499938964844,354.4200134277344,355.739990234375,50890000
2021-07-09,350.3563232421875,361.010009765625,361.5,357.57000732421875,358.1700134277344,35184500
2021-07-12,351.7247314453125,362.4200134277344,362.8900146484375,360.8299865722656,362.45001220703125,25717700
2021-07-13,351.7247314453125,362.4200134277344,365.4700012207031,361.5400085449219,362.0299987792969,39723000
2021-07-14,352.35552978515625,363.07000732421875,365.489990234375,362.2200012207031,364.8299865722656,35336400
2021-07-15,349.8807373046875,360.5199890136719,363.19000244140625,358.4599914550781,362.9800109863281,53391600
2021-07-16,347.0470275878906,357.6000061035156,362.4100036621094,357.239990234375,361.3999938964844,47262000
2021-07-19,344.2034912109375,354.6700134277344,355.17999267578125,352.0400085449219,354.04998779296875,64404600
2021-07-20,348.2018737792969,358.7900085449219,360.2799987792969,353.79998779296875,355.6300048828125,42183700
2021-07-21,350.8901062011719,361.55999755859375,361.55999755859375,358.1199951171875,358.3500061035156,30259900
2021-07-22,353.2096252441406,363.95001220703125,363.9599914550781,361.7699890136719,361.7699890136719,30252200
2021-07-23,357.33416748046875,368.20001220703125,368.489990234375,363.9200134277344,365.30999755859375,31960800
2021-07-26,357.6155700683594,368.489990234375,368.8900146484375,366.6000061035156,367.489990234375,28438100
2021-07-27,353.67547607421875,364.42999267578125,368.2200012207031,360.1600036621094,368.2200012207031,57933100
2021-07-28,355.0340881347656,365.8299865722656,367.45001220703125,363.239990234375,365.6000061035156,42066200
2021-07-29,355.6649475097656,366.4800109863281,367.67999267578125,365.25,365.25,25672500
2021-07-30,353.81134033203125,364.57000732421875,365.1700134277344,362.4100036621094,362.44000244140625,36484600
2021-08-02,353.8404541015625,364.6000061035156,366.8800048828125,363.8699951171875,366.2799987792969,27334100
2021-08-03,355.98516845703125,366.80999755859375,366.92999267578125,362.0,365.2799987792969,35558500
2021-08-04,356.49957275390625,367.3399963378906,368.32000732421875,365.6300048828125,366.7699890136719,29602200
2021-08-05,358.7607727050781,369.6700134277344,369.9100036621094,367.45001220703125,368.17999267578125,21443900
2021-08-06,357.1885986328125,368.04998779296875,369.3699951171875,366.9100036621094,368.3699951171875,33332100
2021-08-09,357.8485412597656,368.7300109863281,369.2699890136719,367.3900146484375,368.5199890136719,25960200
2021-08-10,356.0143127441406,366.8399963378906,369.55999755859375,365.6199951171875,369.260009765625,35130800
2021-08-11,355.40289306640625,366.2099914550781,368.6499938964844,364.8399963378906,368.1400146484375,34249800
2021-08-12,356.68389892578125,367.5299987792969,367.8999938964844,364.29998779296875,365.69000244140625,25969200
2021-08-13,357.9359130859375,368.82000732421875,369.1600036621094,367.3800048828125,367.8900146484375,19336200
2021-08-16,358.0911560058594,368.9800109863281,369.0199890136719,363.70001220703125,367.6700134277344,34856900
2021-08-17,354.9370422363281,365.7300109863281,367.1499938964844,363.2300109863281,366.1499938964844,44793900
2021-08-18,351.5208740234375,362.2099914550781,366.6199951171875,361.8699951171875,365.17999267578125,38541900
2021-08-19,353.21923828125,363.9599914550781,365.67999267578125,359.9599914550781,360.2200012207031,48499400
2021-08-20,356.8780517578125,367.7300109863281,368.1400146484375,364.739990234375,365.05999755859375,39486000
2021-08-23,362.2157897949219,373.2300109863281,373.94000244140625,368.7900085449219,368.79998779296875,34034700
2021-08-24,363.32208251953125,374.3699951171875,374.989990234375,373.3599853515625,373.8399963378906,21732900
2021-08-25,363.7393493652344,374.79998779296875,375.3900146484375,373.8599853515625,374.6300048828125,20441900
2021-08-26,361.42962646484375,372.4200134277344,374.6199951171875,371.9700012207031,373.9200134277344,29133300
2021-08-27,364.94281005859375,376.0400085449219,376.55999755859375,372.57000732421875,373.07000732421875,27104700
2021-08-30,369.0382995605469,380.260009765625,380.760009765625,376.8299865722656,376.8500061035156,27295700
2021-08-31,368.73736572265625,379.95001220703125,380.5799865722656,378.3599853515625,380.510009765625,29628200
2021-09-01,369.3487548828125,380.5799865722656,382.7099914550781,380.3699951171875,381.0400085449219,28138300
2021-09-02,369.1741638183594,380.3999938964844,382.30999755859375,379.1499938964844,381.9700012207031,25453400
2021-09-03,370.3096008300781,381.57000732421875,381.9800109863281,379.20001220703125,379.2200012207031,24605400
2021-09-07,370.8337097167969,382.1099853515625,382.7799987792969,380.489990234375,381.67999267578125,23970200
2021-09-08,369.54290771484375,380.7799987792969,381.92999267578125,378.45001220703125,381.92999267578125,32949200
2021-09-09,368.2715148925781,379.4700012207031,382.1499938964844,379.2200012207031,381.010009765625,29399000
2021-09-10,365.4765319824219,376.5899963378906,381.9700012207031,376.25,381.2300109863281,40249400
2021-09-13,365.2242126464844,376.3299865722656,379.42999267578125,374.2200012207031,378.989990234375,48741800
2021-09-14,364.18585205078125,375.260009765625,378.6099853515625,374.2799987792969,377.8599853515625,41826600
2021-09-15,366.8935546875,378.04998779296875,378.4100036621094,373.3699951171875,375.7300109863281,34097900
2021-09-16,367.1458740234375,378.30999755859375,378.8999938964844,374.70001220703125,376.67999267578125,35193100
2021-09-17,362.79803466796875,373.8299865722656,377.8699951171875,372.760009765625,377.82000732421875,60912300
2021-09-20,355.30145263671875,365.70001220703125,369.25,360.92999267578125,367.4599914550781,76203200
2021-09-21,355.7386474609375,366.1499938964844,368.80999755859375,364.989990234375,367.5799865722656,41927500
2021-09-22,359.0614318847656,369.57000732421875,371.07000732421875,365.9599914550781,367.0899963378906,46972900
2021-09-23,362.3743896484375,372.9800109863281,374.0400085449219,370.1000061035156,370.760009765625,44652000
2021-09-24,362.7144470214844,373.3299865722656,373.760009765625,370.2699890136719,370.6499938964844,36056800
2021-09-27,359.8191223144531,370.3500061035156,371.25,367.7300109863281,370.20001220703125,43338100
2021-09-28,349.6371765136719,359.8699951171875,370.29998779296875,359.3500061035156,365.6700134277344,97701600
2021-09-29,349.0639343261719,359.2799987792969,363.3699951171875,358.6400146484375,361.1700134277344,58076600
2021-09-30,347.781494140625,357.9599914550781,362.67999267578125,357.1000061035156,360.9700012207031,61384600
2021-10-01,349.9383850097656,360.17999267578125,361.25,354.3800048828125,358.6000061035156,56375500
2021-10-04,342.59332275390625,352.6199951171875,358.8599853515625,350.32000732421875,358.5199890136719,76766000
2021-10-05,347.2179870605469,357.3800048828125,359.69000244140625,353.4800109863281,353.7099914550781,47232900
2021-10-06,349.44293212890625,359.6700134277344,359.95001220703125,353.1499938964844,354.0799865722656,56806500
2021-10-07,352.6490783691406,362.9700012207031,365.69000244140625,362.25,362.79998779296875,39411200
2021-10-08,350.8905029296875,361.1600036621094,364.32000732421875,360.6099853515625,364.0799865722656,41822300
2021-10-11,348.1993103027344,358.3900146484375,363.20001220703125,358.29998779296875,359.5799865722656,34847200
2021-10-12,346.9848327636719,357.1400146484375,360.3299865722656,356.4800109863281,359.8800048828125,43905100
2021-10-13,349.76348876953125,360.0,360.69000244140625,357.42999267578125,359.510009765625,40120800
2021-10-14,356.2049865722656,366.6300048828125,366.8500061035156,363.010009765625,363.69000244140625,43433900
2021-10-15,358.4492492675781,368.94000244140625,369.05999755859375,366.82000732421875,367.8800048828125,40419900
2021-10-18,362.0538330078125,372.6499938964844,372.8699951171875,366.989990234375,367.6099853515625,34513500
2021-10-19,364.7936706542969,375.4700012207031,375.5199890136719,372.70001220703125,373.75,29091000
2021-10-20,364.3175354003906,374.9800109863281,376.57000732421875,373.4599914550781,375.94000244140625,31390300
2021-10-21,366.54241943359375,377.2699890136719,377.4700012207031,373.8500061035156,374.1600036621094,25469300
2021-10-22,363.462646484375,374.1000061035156,376.9700012207031,372.3900146484375,375.9800109863281,36275800
2021-10-25,367.1836853027344,377.92999267578125,378.8699951171875,373.55999755859375,375.55999755859375,32597800
2021-10-26,368.3398132324219,379.1199951171875,382.7099914550781,377.9100036621094,380.2300109863281,47191300
2021-10-27,369.1948547363281,380.0,383.1499938964844,379.30999755859375,379.5799865722656,45760500
2021-10-28,373.2948303222656,384.2200012207031,384.4800109863281,381.1600036621094,381.95001220703125,38007000
2021-10-29,375.13104248046875,386.1099853515625,386.2799987792969,380.70001220703125,381.05999755859375,37310100
2021-11-01,376.4135437011719,387.42999267578125,387.55999755859375,384.4200134277344,386.55999755859375,30765300
2021-11-02,377.9874572753906,389.04998779296875,389.5400085449219,386.75,386.79998779296875,25135300
2021-11-03,382.0000305175781,393.17999267578125,393.6099853515625,388.4800109863281,389.54998779296875,33748900
2021-11-04,386.89678955078125,398.2200012207031,399.20001220703125,393.9200134277344,394.4800109863281,40265300
2021-11-05,387.2658996582031,398.6000061035156,400.989990234375,397.1600036621094,400.0400085449219,43383800
2021-11-08,386.7412414550781,398.05999755859375,399.6199951171875,397.3999938964844,398.57000732421875,29256300
2021-11-09,384.0792236328125,395.32000732421875,399.57000732421875,393.9200134277344,399.1600036621094,50490700
2021-11-10,378.43438720703125,389.510009765625,395.3599853515625,387.5299987792969,392.4700012207031,54937400
2021-11-11,379.4836730957031,390.5899963378906,392.75,390.239990234375,392.57000732421875,32243000
2021-11-12,383.476806640625,394.70001220703125,395.25,390.1300048828125,391.7699890136719,34730600
2021-11-15,383.3894348144531,394.6099853515625,396.239990234375,392.1000061035156,395.9100036621094,33716900
2021-11-16,386.11944580078125,397.4200134277344,397.92999267578125,393.6600036621094,393.8599853515625,27872900
2021-11-17,386.323486328125,397.6300048828125,399.7200012207031,396.6400146484375,397.75,28703300
2021-11-18,390.3263244628906,401.75,402.2699890136719,397.45001220703125,399.7300109863281,45721500
2021-11-19,392.5025634765625,403.989990234375,405.29998779296875,402.5799865722656,403.42999267578125,45191700
2021-11-22,387.94598388671875,399.29998779296875,408.7099914550781,399.19000244140625,405.57000732421875,61715400
2021-11-23,386.17779541015625,397.4800109863281,400.2300109863281,392.9200134277344,398.1099853515625,70098700
2021-11-24,387.4214172363281,398.760009765625,399.04998779296875,392.5400085449219,394.92999267578125,46954400
2021-11-26,380.076416015625,391.20001220703125,397.5400085449219,389.7699890136719,396.1099853515625,51533300
2021-11-29,388.32489013671875,399.69000244140625,400.7300109863281,395.1400146484375,395.8900146484375,54447100
2021-11-30,382.6218566894531,393.82000732421875,401.19000244140625,391.75,398.7799987792969,81332700
2021-12-01,376.1123962402344,387.1199951171875,400.4800109863281,386.6400146484375,398.2799987792969,77766500
2021-12-02,378.8230285644531,389.9100036621094,391.739990234375,384.3399963378906,385.79998779296875,84416600
2021-12-03,372.2358093261719,383.1300048828125,392.3399963378906,378.8999938964844,391.30999755859375,105349100
2021-12-06,375.2184753417969,386.20001220703125,387.6000061035156,379.29998779296875,383.6300048828125,67588800
2021-12-07,386.5177917480469,397.8299865722656,398.4599914550781,392.989990234375,393.0299987792969,56005300
2021-12-08,388.2471923828125,399.6099853515625,399.82000732421875,396.2200012207031,398.1700134277344,39204000
2021-12-09,382.5343322753906,393.7300109863281,400.20001220703125,393.5299987792969,398.3500061035156,49973700
2021-12-10,386.69268798828125,398.010009765625,398.2799987792969,393.3599853515625,396.6199951171875,52545800
2021-12-13,381.1061706542969,392.260009765625,398.3299865722656,391.8800048828125,398.0,50166400
2021-12-14,377.1616516113281,388.20001220703125,390.0899963378906,383.6300048828125,387.29998779296875,75199200
2021-12-15,385.7600402832031,397.04998779296875,397.4200134277344,383.8800048828125,387.94000244140625,73858000
2021-12-16,375.8403015136719,386.8399963378906,398.4800109863281,385.2099914550781,398.0400085449219,82591400
2021-12-17,373.9651794433594,384.9100036621094,389.19000244140625,381.7699890136719,383.3299865722656,80492500
2021-12-20,370.3375549316406,380.69000244140625,381.5,377.4700012207031,379.57000732421875,65336800
2021-12-21,378.62591552734375,389.2099914550781,389.5299987792969,380.20001220703125,384.04998779296875,48899500
2021-12-22,383.2369689941406,393.95001220703125,394.1600036621094,388.2300109863281,388.9100036621094,37042200
2021-12-23,386.126220703125,396.9200134277344,398.42999267578125,394.1400146484375,394.30999755859375,29595500
2021-12-27,392.5078430175781,403.4800109863281,403.4800109863281,398.2200012207031,398.25,32820700
2021-12-28,390.688720703125,401.6099853515625,404.5799865722656,400.7099914550781,404.3999938964844,33113700
2021-12-29,390.6303405761719,401.54998779296875,403.04998779296875,399.1099853515625,401.75,32248500
2021-12-30,389.46295166015625,400.3500061035156,403.57000732421875,399.75,401.3299865722656,23850100
2021-12-31,387.03094482421875,397.8500061035156,401.05999755859375,397.3399963378906,399.6600036621094,34752900
2022-01-03,390.75689697265625,401.67999267578125,401.94000244140625,396.8800048828125,399.04998779296875,40575900
2022-01-04,385.6884460449219,396.4700012207031,402.2799987792969,393.2900085449219,402.239990234375,58027200
2022-01-05,373.8396301269531,384.2900085449219,395.8900146484375,384.0299987792969,394.739990234375,75739800
2022-01-06,373.5770263671875,384.0199890136719,387.3500061035156,380.1300048828125,382.4200134277344,70814300
2022-01-07,369.5301513671875,379.8599853515625,385.760009765625,378.0400085449219,384.0299987792969,72652300
2022-01-10,369.7733459472656,380.1099853515625,380.6400146484375,369.30999755859375,374.82000732421875,91770500
2022-01-11,375.32806396484375,385.82000732421875,385.989990234375,377.2200012207031,379.3599853515625,68295700
2022-01-12,376.81646728515625,387.3500061035156,390.20001220703125,385.010009765625,388.4599914550781,54576400
2022-01-13,367.3899841308594,377.6600036621094,389.4700012207031,376.70001220703125,388.7699890136719,77994000
2022-01-14,369.6761169433594,380.010009765625,380.3500061035156,374.8599853515625,375.07000732421875,80121200
2022-01-18,360.4732666015625,370.54998779296875,376.2200012207031,369.7699890136719,374.0400085449219,75450900
2022-01-19,356.51397705078125,366.4800109863281,374.69000244140625,366.2099914550781,372.1499938964844,81791500
2022-01-20,351.88348388671875,361.7200012207031,373.8699951171875,361.1700134277344,369.7900085449219,88610700
2022-01-21,342.12615966796875,351.69000244140625,362.17999267578125,351.3999938964844,359.4700012207031,143388900
2022-01-24,343.6924133300781,353.29998779296875,353.9800109863281,334.1499938964844,345.9100036621094,198685800
2022-01-25,335.7251281738281,345.1099853515625,351.0299987792969,341.67999267578125,346.6700134277344,124398400
2022-01-26,335.1997985839844,344.57000732421875,356.8800048828125,340.7799987792969,352.9100036621094,146559500
2022-01-27,331.8241882324219,341.1000061035156,351.2699890136719,340.04998779296875,349.3999938964844,95255700
2022-01-28,342.2331848144531,351.79998779296875,352.0199890136719,337.95001220703125,343.0299987792969,108167900
2022-01-31,353.1772155761719,363.04998779296875,363.6499938964844,351.5199890136719,353.20001220703125,94326400
2022-02-01,355.5800476074219,365.5199890136719,366.19000244140625,359.1400146484375,364.42999267578125,74433000
2022-02-02,358.4693298339844,368.489990234375,370.1000061035156,364.2900085449219,369.760009765625,78777100
2022-02-03,343.9356384277344,353.54998779296875,361.92999267578125,352.4599914550781,358.5299987792969,95384800
2022-02-04,348.27435302734375,358.010009765625,361.3999938964844,351.9700012207031,354.0799865722656,86318300
2022-02-07,345.4726257324219,355.1300048828125,361.04998779296875,353.8399963378906,358.6199951171875,58198100
2022-02-08,349.35418701171875,359.1199951171875,360.239990234375,352.79998779296875,353.9599914550781,64720900
2022-02-09,356.7572021484375,366.7300109863281,366.80999755859375,362.1199951171875,363.760009765625,55766400
2022-02-10,348.6829833984375,358.42999267578125,366.489990234375,356.5400085449219,359.5199890136719,112468500
2022-02-11,337.62213134765625,347.05999755859375,360.07000732421875,345.79998779296875,358.42999267578125,101569100
2022-02-14,338.0403747558594,347.489990234375,350.9800109863281,343.8900146484375,346.489990234375,80254400
2022-02-15,346.4454345703125,356.1300048828125,356.3699951171875,351.82000732421875,352.9100036621094,55128800
2022-02-16,346.3580017089844,356.0400085449219,357.0899963378906,350.7099914550781,353.82000732421875,58947100
2022-02-17,336.0559387207031,345.45001220703125,353.4599914550781,345.0199890136719,352.739990234375,61801400
2022-02-18,332.22308349609375,341.510009765625,346.80999755859375,339.1400146484375,346.4100036621094,80001500
2022-02-22,328.8863220214844,338.0799865722656,344.0400085449219,334.3500061035156,338.489990234375,85967100
2022-02-23,320.4618225097656,329.4200134277344,342.17999267578125,329.1000061035156,341.32000732421875,86215400
2022-02-24,331.2308044433594,340.489990234375,341.0400085449219,318.260009765625,318.8399963378906,130614100
2022-02-25,336.36724853515625,345.7699890136719,345.9800109863281,337.3900146484375,341.30999755859375,78842100
2022-02-28,337.369140625,346.79998779296875,348.5400085449219,341.32000732421875,342.510009765625,77515500
2022-03-01,332.2034912109375,341.489990234375,348.0799865722656,338.8999938964844,345.75,67407000
2022-03-02,337.77777099609375,347.2200012207031,348.5899963378906,340.239990234375,343.0799865722656,70609000
2022-03-03,332.9526672363281,342.260009765625,350.0400085449219,340.3500061035156,349.92999267578125,71089400
2022-03-04,328.12750244140625,337.29998779296875,341.30999755859375,334.9200134277344,339.8399963378906,76936300
2022-03-07,316.02581787109375,324.8599853515625,338.4800109863281,324.6499938964844,337.2900085449219,89933800
2022-03-08,314.55682373046875,323.3500061035156,333.2099914550781,319.94000244140625,324.04998779296875,116153900
2022-03-09,325.8802795410156,334.989990234375,336.3800048828125,329.0899963378906,331.75,64723400
2022-03-10,322.2615051269531,331.2699890136719,332.510009765625,326.7099914550781,330.82000732421875,69362700
2022-03-11,315.5783386230469,324.3999938964844,334.6400146484375,323.8999938964844,334.32000732421875,66228400
2022-03-14,309.51776123046875,318.1700134277344,326.5899963378906,317.45001220703125,323.1300048828125,79802600
2022-03-15,319.226318359375,328.1499938964844,328.95001220703125,319.2300109863281,320.8800048828125,76471000
2022-03-16,331.0654296875,340.32000732421875,340.44000244140625,328.3999938964844,332.1700134277344,105243000
2022-03-17,335.0733337402344,344.44000244140625,344.5,337.0400085449219,338.3699951171875,67810000
2022-03-18,341.9317321777344,351.489990234375,351.7900085449219,341.54998779296875,342.739990234375,85446300
2022-03-21,340.9809265136719,350.0799865722656,352.4800109863281,345.5799865722656,350.20001220703125,73799100
2022-03-22,347.6822204589844,356.9599914550781,357.8500061035156,350.20001220703125,350.5899963378906,63345900
2022-03-23,342.6855163574219,351.8299865722656,357.6600036621094,351.7699890136719,354.010009765625,70615500
2022-03-24,350.30230712890625,359.6499938964844,359.70001220703125,351.5899963378906,353.79998779296875,53555300
2022-03-25,350.0101013183594,359.3500061035156,360.6700134277344,354.94000244140625,359.5899963378906,57584200
2022-03-28,355.42559814453125,364.9100036621094,365.010009765625,358.07000732421875,359.3399963378906,56833900
2022-03-29,361.5423278808594,371.19000244140625,371.8299865722656,366.05999755859375,368.8999938964844,68073000
2022-03-30,357.54888916015625,367.0899963378906,370.9800109863281,365.57000732421875,369.2799987792969,68757700
2022-03-31,353.1171875,362.5400085449219,367.6000061035156,361.67999267578125,367.239990234375,67011400
2022-04-01,352.44512939453125,361.8500061035156,363.6099853515625,358.5899963378906,362.80999755859375,54527800
2022-04-04,359.7014465332031,369.29998779296875,369.30999755859375,362.44000244140625,362.7099914550781,45950200
2022-04-05,351.7146301269531,361.1000061035156,368.5400085449219,359.92999267578125,367.80999755859375,62738700
2022-04-06,344.0784606933594,353.260009765625,356.7799987792969,350.55999755859375,355.6499938964844,90077100
2022-04-07,344.8965759277344,354.1000061035156,356.3500061035156,348.69000244140625,352.239990234375,63777400
2022-04-08,340.0751953125,349.1499938964844,353.0899963378906,348.5,352.32000732421875,61956100
2022-04-11,332.0299377441406,340.8900146484375,345.75,340.5400085449219,344.80999755859375,66107400
2022-04-12,330.6273498535156,339.45001220703125,347.69000244140625,338.0400085449219,345.760009765625,72790200
2022-04-13,337.34796142578125,346.3500061035156,347.42999267578125,339.05999755859375,339.79998779296875,61367800
2022-04-14,329.6337890625,338.42999267578125,346.9700012207031,338.2099914550781,346.44000244140625,73519400
2022-04-18,329.8870544433594,338.69000244140625,341.0400085449219,335.7900085449219,337.3500061035156,58560600
2022-04-19,337.26031494140625,346.260009765625,346.8500061035156,336.9800109863281,338.0299987792969,56515700
2022-04-20,332.34149169921875,341.2099914550781,347.55999755859375,339.9599914550781,347.0899963378906,65500000
2022-04-21,325.465087890625,334.1499938964844,347.8699951171875,333.20001220703125,345.19000244140625,75801000
2022-04-22,316.9424743652344,325.3999938964844,335.55999755859375,324.9599914550781,334.30999755859375,82562100
2022-04-25,321.0138244628906,329.5799865722656,329.8999938964844,322.42999267578125,323.7300109863281,101755900
2022-04-26,308.897216796875,317.1400146484375,327.6600036621094,316.8599853515625,327.4700012207031,105819600
2022-04-27,308.527099609375,316.760009765625,322.8800048828125,315.0,317.239990234375,111204200
2022-04-28,319.4847412109375,328.010009765625,329.8900146484375,317.5199890136719,321.8500061035156,99450000
2022-04-29,305.1082763671875,313.25,327.2300109863281,312.6000061035156,323.70001220703125,91977900
2022-05-02,310.202392578125,318.4800109863281,318.7200012207031,309.6499938964844,312.8299865722656,115511800
2022-05-03,310.533447265625,318.82000732421875,321.1700134277344,315.9800109863281,318.5,78185500
2022-05-04,321.03338623046875,329.6000061035156,330.2900085449219,313.8900146484375,319.30999755859375,116083400
2022-05-05,304.8647766113281,313.0,325.25,309.6199951171875,325.1700134277344,154607400
2022-05-06,301.21221923828125,309.25,315.0899963378906,305.1099853515625,310.95001220703125,139572800
2022-05-09,289.4267272949219,297.1499938964844,309.3500061035156,295.7200012207031,303.4800109863281,113387300
2022-05-10,292.9429626464844,300.760009765625,305.760009765625,296.57000732421875,304.510009765625,124124600
2022-05-11,284.2547607421875,291.8399963378906,304.0899963378906,290.95001220703125,298.44000244140625,140326100
2022-05-12,283.5826110839844,291.1499938964844,295.75,284.94000244140625,287.45001220703125,120910900
2022-05-13,294.09222412109375,301.94000244140625,303.0,294.0799865722656,295.7200012207031,83684900
2022-05-16,290.6832580566406,298.44000244140625,302.260009765625,297.1300048828125,300.1499938964844,59190400
2022-05-17,298.21234130859375,306.1700134277344,306.55999755859375,300.54998779296875,304.45001220703125,62715300
2022-05-18,283.5729675292969,291.1400146484375,302.25,289.8500061035156,301.5400085449219,79477100
2022-05-19,282.0534362792969,289.5799865722656,294.3900146484375,287.5799865722656,289.2900085449219,79920700
2022-05-20,281.1769104003906,288.67999267578125,293.79998779296875,280.2099914550781,293.1300048828125,91764200
2022-05-23,285.8521423339844,293.4800109863281,293.8699951171875,287.2900085449219,289.75,63648400
2022-05-24,279.7742614746094,287.239990234375,288.8599853515625,282.25,288.1300048828125,73491100
2022-05-25,283.6898498535156,291.260009765625,293.3900146484375,285.5,285.7099914550781,67144500
2022-05-26,291.55010986328125,299.3299865722656,300.9200134277344,290.1499938964844,290.44000244140625,59462200
2022-05-27,301.0661315917969,309.1000061035156,309.25,302.4200134277344,302.5400085449219,66985600
2022-05-31,300.2674560546875,308.2799987792969,311.3299865722656,304.3299865722656,309.07000732421875,60968300
2022-06-01,298.0467224121094,306.0,312.6499938964844,303.7300109863281,310.4700012207031,65341700
2022-06-02,306.2089538574219,314.3800048828125,314.55999755859375,303.3999938964844,304.8500061035156,59291300
2022-06-03,298.2415771484375,306.20001220703125,310.4700012207031,304.9200134277344,309.0299987792969,60914700
2022-06-06,299.2350158691406,307.2200012207031,312.3500061035156,305.6199951171875,310.75,51785000
2022-06-07,301.8161315917969,309.8699951171875,310.6700134277344,302.69000244140625,303.80999755859375,44900300
2022-06-08,299.6441650390625,307.6400146484375,311.7200012207031,306.7699890136719,309.04998779296875,38342100
2022-06-09,291.61822509765625,299.3999938964844,309.04998779296875,299.2300109863281,305.9100036621094,55900500
2022-06-10,281.3326721191406,288.8399963378906,294.8699951171875,288.3800048828125,293.6499938964844,85963500
2022-06-13,268.2518005371094,275.4100036621094,282.3399963378906,274.5299987792969,279.75,94442000
2022-06-14,268.7388610839844,275.9100036621094,278.6600036621094,273.3399963378906,277.6600036621094,64697500
2022-06-15,275.4497375488281,282.79998779296875,286.8299865722656,276.6099853515625,279.4200134277344,86051400
2022-06-16,264.3362121582031,271.3900146484375,276.05999755859375,269.2799987792969,275.5899963378906,81910300
2022-06-17,267.5504150390625,274.69000244140625,277.19000244140625,270.510009765625,272.17999267578125,82703400
2022-06-21,274.30072021484375,281.0799865722656,283.45001220703125,278.6400146484375,278.75,51633700
2022-06-22,273.9005432128906,280.6700134277344,285.17999267578125,277.9100036621094,278.5199890136719,67472900
2022-06-23,277.9797668457031,284.8500061035156,285.7200012207031,280.30999755859375,283.2099914550781,57457800
2022-06-24,287.5043029785156,294.6099853515625,295.0400085449219,287.5,287.739990234375,58422300
2022-06-27,285.3965148925781,292.45001220703125,296.5799865722656,291.2900085449219,296.0,54151500
2022-06-28,276.7012939453125,283.5400085449219,295.6499938964844,283.3500061035156,293.0,61609800
2022-06-29,276.95501708984375,283.79998779296875,285.3399963378906,280.8399963378906,283.3999938964844,57302700
2022-06-30,273.51995849609375,280.2799987792969,283.94000244140625,275.7799987792969,280.75,79313600
2022-07-01,275.3253479003906,282.1300048828125,282.5299987792969,277.0299987792969,278.95001220703125,56675100
2022-07-05,280.03887939453125,286.9599914550781,287.0799865722656,276.75,278.30999755859375,61829300
2022-07-06,281.83447265625,288.79998779296875,290.95001220703125,285.5899963378906,287.3500061035156,63194700
2022-07-07,287.8653869628906,294.9800109863281,295.70001220703125,289.6300048828125,289.6300048828125,56620100
2022-07-08,288.2265319824219,295.3500061035156,296.75,291.1199951171875,292.0799865722656,59895500
2022-07-11,282.06866455078125,289.0400085449219,293.1099853515625,288.1400146484375,292.8800048828125,55273900
2022-07-12,279.3361511230469,286.239990234375,292.2799987792969,284.6099853515625,290.32000732421875,55797100
2022-07-13,278.760498046875,285.6499938964844,288.04998779296875,280.0199890136719,280.6000061035156,73939400
2022-07-14,279.75592041015625,286.6700134277344,287.55999755859375,279.79998779296875,282.989990234375,63741800
2022-07-15,284.83038330078125,291.8699951171875,291.9800109863281,288.0799865722656,289.7300109863281,63818100
2022-07-18,282.41998291015625,289.3999938964844,296.1600036621094,288.20001220703125,294.7200012207031,59519600
2022-07-19,291.1053771972656,298.29998779296875,298.6000061035156,291.4700012207031,293.1099853515625,55172600
2022-07-20,295.7212829589844,303.0299987792969,304.239990234375,297.92999267578125,298.7300109863281,67769400
2022-07-21,299.9663391113281,307.3800048828125,307.44000244140625,300.7799987792969,303.5,55049400
2022-07-22,294.70635986328125,301.989990234375,308.54998779296875,300.1199951171875,306.42999267578125,57127700
2022-07-25,293.02783203125,300.2699890136719,302.5,298.2200012207031,302.0199890136719,40582400
2022-07-26,287.2701110839844,294.3699951171875,298.7900085449219,293.5400085449219,298.5299987792969,50074100
2022-07-27,299.41015625,306.80999755859375,308.5400085449219,298.4599914550781,299.0400085449219,69304400
2022-07-28,302.3377685546875,309.80999755859375,310.3999938964844,302.75,306.5899963378906,55139900
2022-07-29,307.8514404296875,315.4599914550781,316.3900146484375,309.92999267578125,311.3900146484375,57501000
2022-08-01,307.6659851074219,315.2699890136719,318.80999755859375,312.5299987792969,313.6499938964844,46358800
2022-08-02,306.7486877441406,314.3299865722656,318.54998779296875,311.8399963378906,312.9200134277344,48676500
2022-08-03,315.102294921875,322.8900146484375,323.7300109863281,315.989990234375,316.04998779296875,53735700
2022-08-04,316.5758361816406,324.3999938964844,324.7200012207031,320.7699890136719,322.9700012207031,38973700
2022-08-05,313.98974609375,321.75,323.8299865722656,318.3900146484375,319.19000244140625,53894000
2022-08-08,312.9748229980469,320.7099914550781,326.4700012207031,319.2099914550781,322.69000244140625,43878500
2022-08-09,309.432373046875,317.0799865722656,319.0299987792969,315.4200134277344,318.7699890136719,39764200
2022-08-10,318.0689392089844,325.92999267578125,326.2300109863281,322.05999755859375,324.5899963378906,51459600
2022-08-11,316.26348876953125,324.0799865722656,330.3599853515625,323.3599853515625,328.30999755859375,45897700
2022-08-12,322.4214172363281,330.3900146484375,330.5899963378906,325.1000061035156,326.17999267578125,40928400
2022-08-15,325.0269775390625,333.05999755859375,333.57000732421875,329.3999938964844,329.4200134277344,38266600
2022-08-16,324.26580810546875,332.2799987792969,334.4200134277344,329.1600036621094,332.05999755859375,41186900
2022-08-17,320.56719970703125,328.489990234375,331.42999267578125,326.3599853515625,329.07000732421875,47842200
2022-08-18,321.338134765625,329.2799987792969,330.489990234375,326.7900085449219,328.44000244140625,41937200
2022-08-19,315.072998046875,322.8599853515625,326.8399963378906,322.0799865722656,326.1700134277344,51770600
2022-08-22,306.7779541015625,314.3599853515625,318.739990234375,313.5299987792969,318.5,51098900
2022-08-23,306.5242614746094,314.1000061035156,317.0,313.3299865722656,314.1199951171875,39497100
2022-08-24,307.412353515625,315.010009765625,316.8699951171875,312.989990234375,313.6099853515625,38057100
2022-08-25,312.84796142578125,320.5799865722656,320.6000061035156,315.760009765625,316.8299865722656,38098300
2022-08-26,300.0248718261719,307.44000244140625,321.510009765625,307.3500061035156,320.2799987792969,69047700
2022-08-29,297.0680236816406,304.4100036621094,307.2200012207031,303.2799987792969,304.6199951171875,48321900
2022-08-30,293.759765625,301.0199890136719,306.7300109863281,298.44000244140625,306.1000061035156,51184500
2022-08-31,292.0519714355469,299.2699890136719,304.9100036621094,299.1600036621094,303.989990234375,50044000
2022-09-01,292.1788024902344,299.3999938964844,299.7799987792969,292.95001220703125,296.7200012207031,57990700
2022-09-02,288.0508728027344,295.1700134277344,303.75,293.5199890136719,302.3399963378906,64666800
2022-09-06,285.98199462890625,293.04998779296875,296.6000061035156,290.8699951171875,295.6600036621094,57005400
2022-09-07,291.7591552734375,298.9700012207031,299.989990234375,293.2699890136719,293.5400085449219,49260400
2022-09-08,293.2718505859375,300.5199890136719,301.8699951171875,295.45001220703125,296.8500061035156,55649800
2022-09-09,299.6833801269531,307.0899963378906,307.6000061035156,300.5199890136719,302.8299865722656,56125200
2022-09-12,303.2452697753906,310.739990234375,311.0799865722656,308.17999267578125,308.5,45905700
2022-09-13,286.6163635253906,293.70001220703125,303.0199890136719,292.7900085449219,301.79998779296875,79562200
2022-09-14,288.89007568359375,296.0299987792969,296.92999267578125,293.05999755859375,294.8699951171875,54907200
2022-09-15,284.07904052734375,291.1000061035156,296.5299987792969,289.4599914550781,294.07000732421875,65299400
2022-09-16,282.3418884277344,289.32000732421875,289.7200012207031,285.6199951171875,287.7200012207031,79920400
2022-09-19,284.5406494140625,291.04998779296875,291.2099914550781,286.0400085449219,286.1000061035156,52613800
2022-09-20,282.2725524902344,288.7300109863281,291.07000732421875,286.3800048828125,288.489990234375,51271100
2022-09-21,277.2181701660156,283.55999755859375,293.95001220703125,283.4200134277344,289.5899963378906,82931000
2022-09-22,273.80621337890625,280.07000732421875,283.0299987792969,278.82000732421875,282.0,62757100
2022-09-23,269.3482666015625,275.510009765625,277.8500061035156,272.0199890136719,277.54998779296875,74815200
2022-09-26,268.23370361328125,274.3699951171875,279.489990234375,273.55999755859375,275.0299987792969,71176700
2022-09-27,268.3412170410156,274.4800109863281,280.2099914550781,272.1099853515625,277.80999755859375,69780100
2022-09-28,273.6791076660156,279.94000244140625,281.25,272.95001220703125,274.4599914550781,79652100
2022-09-29,265.78961181640625,271.8699951171875,276.25,268.8399963378906,275.8599853515625,81216000
2022-09-30,261.2826843261719,267.260009765625,275.19000244140625,267.1000061035156,271.0299987792969,78482400
2022-10-03,267.4124755859375,273.5299987792969,275.1600036621094,267.5299987792969,269.07000732421875,61267400
2022-10-04,275.82012939453125,282.1300048828125,282.8500061035156,278.989990234375,278.989990234375,66696900
2022-10-05,275.6734619140625,281.9800109863281,283.80999755859375,275.4200134277344,278.2799987792969,55766300
2022-10-06,273.50311279296875,279.760009765625,284.17999267578125,279.42999267578125,280.9599914550781,53489400
2022-10-07,263.0816345214844,269.1000061035156,275.1499938964844,267.739990234375,275.0199890136719,71354700
2022-10-10,260.4516906738281,266.4100036621094,269.70001220703125,263.6400146484375,269.29998779296875,60393000
2022-10-11,256.8735656738281,262.75,267.6300048828125,261.0299987792969,264.70001220703125,66522500
2022-10-12,256.7856140136719,262.6600036621094,265.3599853515625,261.95001220703125,263.3999938964844,50580200
2022-10-13,262.8077697753906,268.82000732421875,270.1700134277344,254.25999450683594,255.16000366210938,112894100
2022-10-14,254.90847778320312,260.739990234375,271.80999755859375,260.1400146484375,271.20001220703125,77244300
2022-10-17,263.325927734375,269.3500061035156,270.239990234375,266.739990234375,266.8399963378906,64576500
2022-10-18,265.4083557128906,271.4800109863281,277.2099914550781,268.739990234375,276.5299987792969,69781000
2022-10-19,264.4404602050781,270.489990234375,273.67999267578125,268.07000732421875,269.92999267578125,53115400
2022-10-20,263.09130859375,269.1099853515625,274.8399963378906,267.9200134277344,269.5799865722656,60605500
2022-10-21,269.2602233886719,275.4200134277344,275.9700012207031,266.82000732421875,267.9800109863281,77897700
2022-10-24,272.22235107421875,278.45001220703125,279.3999938964844,271.9700012207031,275.69000244140625,63963600
2022-10-25,277.85357666015625,284.2099914550781,284.6000061035156,277.8999938964844,279.4100036621094,59014500
2022-10-26,271.71405029296875,277.92999267578125,283.9800109863281,277.42999267578125,278.4599914550781,63492400
2022-10-27,266.7672119140625,272.8699951171875,278.2799987792969,272.3399963378906,276.7900085449219,57760300
2022-10-28,274.93048095703125,281.2200012207031,281.70001220703125,272.05999755859375,272.2300109863281,62651300
2022-10-31,271.73370361328125,277.95001220703125,279.760009765625,275.989990234375,278.9200134277344,47742000
2022-11-01,268.9571228027344,275.1099853515625,282.07000732421875,274.739990234375,281.5,45895900
2022-11-02,259.738037109375,265.67999267578125,278.2099914550781,265.6099853515625,275.0799865722656,79803100
2022-11-03,254.6641082763672,260.489990234375,264.5,260.1000061035156,263.010009765625,70038900
2022-11-04,258.7603759765625,264.67999267578125,266.6099853515625,259.0799865722656,265.5299987792969,78313200
2022-11-07,261.6053161621094,267.5899963378906,268.1400146484375,263.57000732421875,265.75,47333800
2022-11-08,263.51171875,269.5400085449219,272.8500061035156,265.5199890136719,269.1400146484375,63213800
2022-11-09,257.43084716796875,263.32000732421875,268.55999755859375,263.0299987792969,267.760009765625,64862100
2022-11-10,276.4262390136719,282.75,283.04998779296875,273.8500061035156,276.010009765625,99256700
2022-11-11,281.5196838378906,287.9599914550781,288.6400146484375,281.19000244140625,282.55999755859375,66961800
2022-11-14,279.05609130859375,285.44000244140625,289.2099914550781,284.44000244140625,285.8599853515625,55290700
2022-11-15,282.9177551269531,289.3900146484375,293.260009765625,285.9700012207031,292.2099914550781,73985400
2022-11-16,279.05609130859375,285.44000244140625,289.4800109863281,284.6000061035156,287.3900146484375,48859800
2022-11-17,278.4402160644531,284.80999755859375,286.32000732421875,280.7200012207031,280.8800048828125,55462100
2022-11-18,278.4498596191406,284.82000732421875,287.989990234375,282.32000732421875,287.8900146484375,53588600
2022-11-21,275.5855407714844,281.8900146484375,284.5799865722656,281.0400085449219,283.3999938964844,40083500
2022-11-22,279.5546569824219,285.95001220703125,286.1099853515625,280.4599914550781,282.6400146484375,41873400
2022-11-23,282.3605041503906,288.82000732421875,289.4599914550781,285.7900085449219,285.9700012207031,46390000
2022-11-25,280.50299072265625,286.9200134277344,287.9100036621094,286.4200134277344,287.19000244140625,15498800
2022-11-28,276.3871765136719,282.7099914550781,286.9599914550781,281.760009765625,284.8999938964844,38714200
2022-11-29,274.2950134277344,280.57000732421875,283.3500061035156,279.1700134277344,282.94000244140625,35618900
2022-11-30,286.7989501953125,293.3599853515625,293.4700012207031,279.9700012207031,280.8399963378906,74718100
2022-12-01,287.15093994140625,293.7200012207031,295.75,290.8800048828125,293.69000244140625,51547300
2022-12-02,286.007080078125,292.54998779296875,293.45001220703125,288.3599853515625,288.5400085449219,53583200
2022-12-05,281.2069091796875,287.6400146484375,291.67999267578125,286.1499938964844,290.3800048828125,41482100
2022-12-06,275.38018798828125,281.67999267578125,287.6199951171875,280.260009765625,287.4800109863281,53937600
2022-12-07,274.2558898925781,280.5299987792969,282.57000732421875,278.7799987792969,280.4700012207031,45614300
2022-12-08,277.5017395019531,283.8500061035156,284.8399963378906,279.7900085449219,281.9100036621094,42594900
2022-12-09,275.7320556640625,282.0400085449219,285.6400146484375,281.5899963378906,282.80999755859375,47860500
2022-12-12,279.1929931640625,285.5799865722656,285.6400146484375,281.1600036621094,282.2200012207031,35732500
2022-12-13,282.19427490234375,288.6499938964844,296.8800048828125,285.9100036621094,296.6499938964844,80667700
2022-12-14,280.1021728515625,286.510009765625,291.4100036621094,283.19000244140625,288.04998779296875,64984400
2022-12-15,270.6973571777344,276.8900146484375,283.010009765625,275.6700134277344,282.3299865722656,60554100
2022-12-16,268.1163024902344,274.25,277.7699890136719,272.6099853515625,276.20001220703125,68300400
2022-12-19,264.3483581542969,269.75,273.9599914550781,268.489990234375,273.8699951171875,44167900
2022-12-20,264.142578125,269.5400085449219,271.32000732421875,266.95001220703125,268.55999755859375,51064200
2022-12-21,267.9742736816406,273.45001220703125,274.7799987792969,269.739990234375,270.6000061035156,46394700
2022-12-22,261.4182434082031,266.760009765625,270.510009765625,262.4599914550781,270.3800048828125,60278400
2022-12-23,262.00616455078125,267.3599853515625,268.0400085449219,263.5299987792969,265.4700012207031,39373600
2022-12-27,258.30194091796875,263.5799865722656,266.8500061035156,263.0299987792969,266.739990234375,38009000
2022-12-28,254.89157104492188,260.1000061035156,265.4700012207031,259.7300109863281,263.1700134277344,47139000
2022-12-29,261.1046447753906,266.44000244140625,267.3999938964844,262.25,262.9599914550781,45893600
2022-12-30,260.9479064941406,266.2799987792969,266.4100036621094,262.2900085449219,263.6199951171875,37858300
2023-01-03,259.18389892578125,264.4800109863281,270.1499938964844,262.1300048828125,268.6499938964844,42335300
2023-01-04,260.4186706542969,265.739990234375,267.45001220703125,262.5299987792969,266.6400146484375,47754900
2023-01-05,256.3420715332031,261.5799865722656,264.2099914550781,261.260009765625,264.0400085449219,45396700
2023-01-06,263.4173889160156,268.79998779296875,269.94000244140625,260.3399963378906,263.3500061035156,54659700
2023-01-09,265.1225280761719,270.5400085449219,275.2900085449219,269.9200134277344,270.8299865722656,45568700
2023-01-10,267.36663818359375,272.8299865722656,272.94000244140625,268.9700012207031,269.489990234375,35247800
2023-01-11,271.9921569824219,277.54998779296875,277.6600036621094,273.1199951171875,273.9200134277344,44077000
2023-01-12,273.4621887207031,279.04998779296875,280.1000061035156,273.739990234375,278.1199951171875,60600000
2023-01-13,275.34368896484375,280.9700012207031,281.2200012207031,276.1600036621094,276.5,44802900
2023-01-17,275.90228271484375,281.5400085449219,282.8500061035156,279.5799865722656,280.7699890136719,36269700
2023-01-18,272.3155517578125,277.8800048828125,284.69000244140625,277.6700134277344,283.1099853515625,47754500
2023-01-19,269.64019775390625,275.1499938964844,277.3800048828125,273.8900146484375,276.2200012207031,44150400
2023-01-20,277.01947021484375,282.67999267578125,283.0199890136719,275.7099914550781,276.7900085449219,60613600
2023-01-23,283.17364501953125,288.9599914550781,290.2099914550781,282.7300109863281,283.5400085449219,52799900
2023-01-24,282.5954895019531,288.3699951171875,289.54998779296875,286.7799987792969,287.30999755859375,44875100
2023-01-25,281.9683532714844,287.7300109863281,288.3599853515625,281.17999267578125,283.7699890136719,50872000
2023-01-26,287.46600341796875,293.3399963378906,293.5199890136719,288.5199890136719,291.2200012207031,51596300
2023-01-27,290.3275146484375,296.260009765625,298.260009765625,291.8800048828125,292.0,56441900
2023-01-30,284.4574279785156,290.2699890136719,294.3800048828125,289.8900146484375,292.92999267578125,49405800
2023-01-31,288.72039794921875,294.6199951171875,294.7200012207031,290.20001220703125,290.30999755859375,46705100
2023-02-01,294.8941650390625,300.9200134277344,303.42999267578125,292.29998779296875,294.4100036621094,67562200
2023-02-02,305.4779052734375,311.7200012207031,313.67999267578125,306.7300109863281,307.57000732421875,83070600
2023-02-03,300.0489196777344,306.17999267578125,312.3900146484375,304.5400085449219,304.94000244140625,76170800
2023-02-06,297.5107116699219,303.5899963378906,305.9100036621094,302.2200012207031,303.510009765625,40802300
2023-02-07,303.67486572265625,309.8800048828125,311.0299987792969,302.32000732421875,303.4599914550781,67584000
2023-02-08,298.27508544921875,304.3699951171875,309.5,303.6700134277344,308.5400085449219,56720900
2023-02-09,295.6390075683594,301.67999267578125,308.989990234375,300.20001220703125,308.8399963378906,49137800
2023-02-10,293.6986999511719,299.70001220703125,301.57000732421875,297.25,299.4800109863281,50050100
2023-02-13,298.4025573730469,304.5,305.1000061035156,299.92999267578125,301.1300048828125,39636700
2023-02-14,300.6074523925781,306.75,307.7200012207031,300.9100036621094,302.8900146484375,64079100
2023-02-15,302.910400390625,309.1000061035156,309.2699890136719,304.20001220703125,304.8999938964844,43100600
2023-02-16,297.2265625,303.29998779296875,308.42999267578125,303.1499938964844,304.3800048828125,59498600
2023-02-17,295.1294250488281,301.1600036621094,301.92999267578125,298.1000061035156,301.07000732421875,58230700
2023-02-21,288.1421813964844,294.0299987792969,298.7300109863281,293.8900146484375,297.260009765625,46526700
2023-02-22,288.3577880859375,294.25,296.3599853515625,292.55999755859375,294.6199951171875,51389200
2023-02-23,290.8763732910156,296.82000732421875,298.1300048828125,292.54998779296875,297.9700012207031,69294400
2023-02-24,286.00579833984375,291.8500061035156,292.9700012207031,290.04998779296875,291.760009765625,74332000
2023-02-27,288.0539855957031,293.94000244140625,296.489990234375,293.3399963378906,295.07000732421875,48995000
2023-02-28,287.6816101074219,293.55999755859375,296.1199951171875,292.9599914550781,293.29998779296875,48243100
2023-03-01,285.3688659667969,291.20001220703125,293.92999267578125,290.20001220703125,293.260009765625,58287000
2023-03-02,287.7305603027344,293.6099853515625,294.42999267578125,288.3699951171875,288.6600036621094,53565900
2023-03-03,293.67901611328125,299.67999267578125,299.9200134277344,294.8699951171875,295.3900146484375,60511500
2023-03-06,294.01220703125,300.0199890136719,304.0,299.82000732421875,300.94000244140625,56736300
2023-03-07,290.4059143066406,296.3399963378906,301.010009765625,295.7200012207031,300.07000732421875,65955800
2023-03-08,291.8563232421875,297.82000732421875,298.42999267578125,294.8800048828125,296.7699890136719,50876300
2023-03-09,286.799560546875,292.6600036621094,300.9800109863281,291.8299865722656,298.3299865722656,71456700
2023-03-10,282.7719421386719,288.54998779296875,294.3500061035156,287.3800048828125,292.8299865722656,98593600
2023-03-13,284.869140625,290.69000244140625,294.4700012207031,285.19000244140625,286.7300109863281,97123600
2023-03-14,291.4153137207031,297.3699951171875,297.92999267578125,293.45001220703125,294.30999755859375,73602500
2023-03-15,292.944091796875,298.92999267578125,299.2699890136719,293.239990234375,294.7099914550781,83631500
2023-03-16,300.66619873046875,306.80999755859375,307.17999267578125,297.19000244140625,298.0,98198100
2023-03-17,299.24530029296875,305.3599853515625,309.1499938964844,303.3699951171875,306.7200012207031,89923700
2023-03-20,300.3072509765625,305.9700012207031,306.29998779296875,302.010009765625,304.260009765625,56359500
2023-03-21,304.59637451171875,310.3399963378906,310.79998779296875,306.3999938964844,307.94000244140625,49757000
2023-03-22,300.45452880859375,306.1199951171875,315.25,305.95001220703125,310.2699890136719,75791900
2023-03-23,304.01727294921875,309.75,314.1499938964844,307.010009765625,309.9200134277344,74576000
2023-03-24,305.1362609863281,310.8900146484375,310.989990234375,306.95001220703125,309.32000732421875,57195200
2023-03-27,303.04559326171875,308.760009765625,312.70001220703125,307.8900146484375,311.6000061035156,50287400
2023-03-28,301.43603515625,307.1199951171875,308.20001220703125,304.7699890136719,308.1700134277344,48585900
2023-03-29,306.9323425292969,312.7200012207031,313.3500061035156,310.04998779296875,310.8800048828125,53274300
2023-03-30,309.8375549316406,315.67999267578125,316.32000732421875,312.80999755859375,315.239990234375,58354800
2023-03-31,314.99041748046875,320.92999267578125,321.1700134277344,315.6000061035156,315.9100036621094,62138100
2023-04-03,314.2248229980469,320.1499938964844,320.4200134277344,317.4200134277344,318.7699890136719,47126800
2023-04-04,313.16485595703125,319.07000732421875,321.6300048828125,317.8299865722656,320.6000061035156,45875400
2023-04-05,310.0731506347656,315.9200134277344,319.05999755859375,314.07000732421875,318.1000061035156,62795700
2023-04-06,312.1636962890625,318.04998779296875,318.54998779296875,312.82000732421875,314.239990234375,46916500
2023-04-10,311.9870910644531,317.8699951171875,317.9200134277344,313.25,315.07000732421875,45134700
2023-04-11,309.9847412109375,315.8299865722656,317.8900146484375,315.30999755859375,317.8299865722656,40113600
2023-04-12,307.24639892578125,313.0400085449219,318.4200134277344,312.57000732421875,317.82000732421875,62813300
2023-04-13,313.2629699707031,319.1700134277344,319.6499938964844,313.6300048828125,314.8299865722656,54613800
2023-04-14,312.67413330078125,318.57000732421875,320.3599853515625,315.6099853515625,317.5899963378906,56278300
2023-04-17,312.9390563964844,318.8399963378906,319.20001220703125,316.0400085449219,318.1499938964844,43007000
2023-04-18,312.9587097167969,318.8599853515625,321.4200134277344,317.6400146484375,320.989990234375,46746900
2023-04-19,312.81146240234375,318.7099914550781,319.7900085449219,316.2799987792969,316.4100036621094,38960100
2023-04-20,310.4264221191406,316.2799987792969,319.2699890136719,314.9700012207031,315.69000244140625,62462100
2023-04-21,310.7503662109375,316.6099853515625,317.3999938964844,314.1000061035156,315.9100036621094,59002300
2023-04-24,310.1025390625,315.95001220703125,317.739990234375,313.739990234375,316.3800048828125,44043100
2023-04-25,304.2529296875,309.989990234375,314.9700012207031,309.8900146484375,314.2900085449219,57121600
2023-04-26,306.0980529785156,311.8699951171875,314.94000244140625,311.3399963378906,313.44000244140625,55400500
2023-04-27,314.4211730957031,320.3500061035156,320.8599853515625,315.04998779296875,315.70001220703125,65430400
2023-04-28,316.59027099609375,322.55999755859375,322.6499938964844,318.9599914550781,320.1099853515625,59712600
2023-05-01,316.2270812988281,322.19000244140625,323.6300048828125,321.0899963378906,322.0899963378906,41013400
2023-05-02,313.4691162109375,319.3800048828125,322.45001220703125,317.6099853515625,322.1199951171875,56519400
2023-05-03,311.41778564453125,317.2900085449219,322.4700012207031,317.17999267578125,319.75,59882100
2023-05-04,310.3184814453125,316.1700134277344,318.2300109863281,315.1199951171875,317.05999755859375,50224500
2023-05-05,316.9141540527344,322.8900146484375,323.760009765625,316.2099914550781,318.4700012207031,51806100
2023-05-08,317.69927978515625,323.69000244140625,324.0400085449219,321.32000732421875,322.4200134277344,36465800
2023-05-09,315.6872253417969,321.6400146484375,322.8800048828125,321.32000732421875,322.0,31768800
2023-05-10,319.12255859375,325.1400146484375,326.010009765625,321.6000061035156,324.1199951171875,60446600
2023-05-11,320.1628112792969,326.20001220703125,326.75,324.1199951171875,325.70001220703125,44278500
2023-05-12,319.0145263671875,325.0299987792969,327.1700134277344,322.94000244140625,326.739990234375,48432800
2023-05-15,320.741943359375,326.7900085449219,327.0299987792969,323.9599914550781,325.510009765625,33375600
2023-05-16,321.1050720214844,327.1600036621094,328.8999938964844,326.0199890136719,326.05999755859375,40019200
2023-05-17,324.9918518066406,331.1199951171875,331.7099914550781,327.0400085449219,328.239990234375,47486100
2023-05-18,331.0279235839844,337.2699890136719,337.489990234375,331.5,331.5199890136719,64213500
2023-05-19,330.28204345703125,336.510009765625,338.2099914550781,335.42999267578125,337.489990234375,61554900
2023-05-22,331.39117431640625,337.6400146484375,338.6700134277344,336.239990234375,336.25,43015900
2023-05-23,327.1903076171875,333.3599853515625,337.05999755859375,333.0,335.8900146484375,48216700
2023-05-24,325.511962890625,331.6499938964844,332.9100036621094,329.55999755859375,331.3699951171875,62891200
2023-05-25,333.4326477050781,339.7200012207031,341.010009765625,336.6700134277344,339.1400146484375,66862800
2023-05-26,341.9519958496094,348.3999938964844,349.25,340.6600036621094,340.760009765625,63007000
2023-05-30,343.50274658203125,349.9800109863281,353.92999267578125,348.5299987792969,352.7099914550781,72652200
2023-05-31,341.549560546875,347.989990234375,350.6000061035156,346.510009765625,348.3699951171875,65105400
2023-06-01,345.4952392578125,352.010009765625,353.3599853515625,346.6600036621094,347.7300109863281,50488600
2023-06-02,348.0863342285156,354.6499938964844,355.8299865722656,352.010009765625,353.79998779296875,53372100
2023-06-05,348.3316650390625,354.8999938964844,357.5,353.8500061035156,354.42999267578125,47266200
2023-06-06,348.2727966308594,354.8399963378906,355.82000732421875,352.92999267578125,354.2799987792969,41390400
2023-06-07,342.3642578125,348.82000732421875,357.1199951171875,348.17999267578125,355.1300048828125,69225900
2023-06-08,346.61407470703125,353.1499938964844,353.6199951171875,348.8900146484375,349.1199951171875,47153900
2023-06-09,347.93914794921875,354.5,357.6600036621094,353.0299987792969,354.6300048828125,53196900
2023-06-12,353.8182067871094,360.489990234375,360.5899963378906,355.20001220703125,356.19000244140625,44606500
2023-06-13,356.5369873046875,363.260009765625,364.1099853515625,360.0299987792969,363.2900085449219,57097800
2023-06-14,359.12811279296875,365.8999938964844,366.19000244140625,360.4200134277344,363.2699890136719,69525600
2023-06-15,363.407470703125,370.260009765625,371.7699890136719,363.9800109863281,364.6099853515625,71138800
2023-06-16,361.12054443359375,367.92999267578125,372.8500061035156,367.4800109863281,372.7200012207031,80932000
2023-06-20,360.6036071777344,366.8999938964844,368.32000732421875,363.8900146484375,365.95001220703125,49204700
2023-06-21,355.6893615722656,361.8999938964844,366.17999267578125,360.9599914550781,365.739990234375,53378300
2023-06-22,359.88616943359375,366.1700134277344,366.3299865722656,360.2200012207031,360.6300048828125,47603000
2023-06-23,356.3183898925781,362.5400085449219,364.8800048828125,360.82000732421875,362.2099914550781,48922900
2023-06-26,351.5418395996094,357.67999267578125,364.8399963378906,357.5899963378906,362.0,52685500
2023-06-27,357.5862731933594,363.8299865722656,364.57000732421875,358.510009765625,359.25,49428100
2023-06-28,358.2840881347656,364.5400085449219,366.5199890136719,361.8999938964844,361.9800109863281,46498000
2023-06-29,357.5665588378906,363.80999755859375,364.8900146484375,362.1400146484375,364.239990234375,46151000
2023-06-30,363.080322265625,369.4200134277344,370.489990234375,367.2300109863281,367.54998779296875,58712500
2023-07-03,363.9353942871094,370.2900085449219,370.92999267578125,368.9700012207031,370.07000732421875,19432900
2023-07-05,363.92559814453125,370.2799987792969,372.010009765625,368.6600036621094,368.70001220703125,34460900
2023-07-06,361.1539611816406,367.4599914550781,367.9100036621094,364.5199890136719,366.510009765625,49374700
2023-07-07,359.95489501953125,366.239990234375,370.4800109863281,366.010009765625,367.2300109863281,47133700
2023-07-10,360.07281494140625,366.3599853515625,367.04998779296875,363.4100036621094,365.9599914550781,48498800
2023-07-11,361.851806640625,368.1700134277344,368.6300048828125,364.6199951171875,366.7900085449219,38214100
2023-07-12,366.4220275878906,372.82000732421875,374.19000244140625,370.29998779296875,372.3399963378906,61975400
2023-07-13,372.6433410644531,379.1499938964844,379.989990234375,375.4599914550781,376.04998779296875,46960000
2023-07-14,372.5647277832031,379.07000732421875,382.8599853515625,378.17999267578125,379.5899963378906,55148500
2023-07-17,376.0439758300781,382.6099853515625,383.5,379.30999755859375,379.79998779296875,40868900
2023-07-18,379.12030029296875,385.739990234375,387.1300048828125,380.0,381.9599914550781,55262000
2023-07-19,379.03173828125,385.6499938964844,387.9800109863281,384.29998779296875,386.82000732421875,54093000
2023-07-20,370.29437255859375,376.760009765625,384.1000061035156,375.7200012207031,382.6099853515625,71941700
2023-07-21,369.1837158203125,375.6300048828125,379.9200134277344,375.19000244140625,379.17999267578125,60499600
2023-07-24,369.7734375,376.2300109863281,377.5799865722656,374.3399963378906,376.6199951171875,40380100
2023-07-25,372.2797546386719,378.7799987792969,380.4700012207031,376.92999267578125,376.95001220703125,38894400
2023-07-26,371.0412902832031,377.5199890136719,379.239990234375,375.17999267578125,377.7200012207031,47075700
2023-07-27,370.15679931640625,376.6199951171875,384.7099914550781,375.30999755859375,383.07000732421875,63940200
2023-07-28,376.8990478515625,383.4800109863281,384.5199890136719,380.2200012207031,380.739990234375,56902900
2023-07-31,377.0955810546875,383.67999267578125,384.8800048828125,382.3399963378906,383.7900085449219,44019900
2023-08-01,376.2209167480469,382.7900085449219,383.55999755859375,380.69000244140625,382.30999755859375,41060600
2023-08-02,367.9650573730469,374.3900146484375,379.260009765625,373.1300048828125,379.260009765625,72687100
2023-08-03,367.3753356933594,373.7900085449219,375.95001220703125,371.7699890136719,371.94000244140625,47666400
2023-08-04,365.6553649902344,372.0400085449219,378.1000061035156,371.5299987792969,375.75,61702800
2023-08-07,368.7513122558594,375.19000244140625,375.2900085449219,371.510009765625,373.8800048828125,37230400
2023-08-08,365.61602783203125,372.0,372.6600036621094,368.82000732421875,372.6400146484375,44726500
2023-08-09,361.5962219238281,367.9100036621094,372.45001220703125,367.1400146484375,372.2900085449219,51150900
2023-08-10,362.2645568847656,368.5899963378906,374.3599853515625,367.0400085449219,370.9700012207031,72035300
2023-08-11,359.95489501953125,366.239990234375,368.0,364.69000244140625,365.989990234375,48707200
2023-08-14,363.994384765625,370.3500061035156,370.4700012207031,364.70001220703125,365.42999267578125,42130800
2023-08-15,360.13189697265625,366.4200134277344,370.1700134277344,365.739990234375,369.3599853515625,45539900
2023-08-16,356.3183898925781,362.5400085449219,367.42999267578125,362.44000244140625,365.8699951171875,53190500
2023-08-17,352.42633056640625,358.5799865722656,364.30999755859375,358.1600036621094,363.9599914550781,62604300
2023-08-18,351.9841003417969,358.1300048828125,359.4100036621094,354.7099914550781,355.260009765625,61191400
2023-08-21,357.6550598144531,363.8999938964844,364.5899963378906,359.1499938964844,359.6199951171875,50696500
2023-08-22,357.14398193359375,363.3800048828125,366.55999755859375,362.67999267578125,366.54998779296875,44530200
2023-08-23,362.7756042480469,369.1099853515625,370.2200012207031,364.3599853515625,364.5799865722656,51770600
2023-08-24,355.0209655761719,361.2200012207031,372.739990234375,361.010009765625,372.6400146484375,66842500
2023-08-25,357.77301025390625,364.0199890136719,365.739990234375,358.5799865722656,362.07000732421875,69960500
2023-08-28,360.4660339355469,366.760009765625,367.7099914550781,364.25,366.989990234375,40910000
2023-08-29,368.3385009765625,374.7699890136719,375.1300048828125,366.2300109863281,366.55999755859375,58492400
2023-08-30,370.39263916015625,376.8599853515625,377.45001220703125,373.8599853515625,374.8800048828125,41731500
2023-08-31,371.50323486328125,377.989990234375,379.7200012207031,376.8699951171875,376.94000244140625,35730700
2023-09-01,371.1101379394531,377.5899963378906,380.8299865722656,376.0799865722656,380.3999938964844,39801200
2023-09-05,371.5819091796875,378.07000732421875,379.30999755859375,375.8299865722656,376.7699890136719,32344200
2023-09-06,368.30908203125,374.739990234375,377.6300048828125,372.70001220703125,377.2799987792969,42998700
2023-09-07,365.67498779296875,372.05999755859375,372.8500061035156,369.1499938964844,370.2099914550781,52060700
2023-09-08,366.18609619140625,372.5799865722656,374.8500061035156,371.6000061035156,372.010009765625,35800100
2023-09-11,370.5007629394531,376.9700012207031,377.489990234375,373.6600036621094,375.6600036621094,39936600
2023-09-12,366.39251708984375,372.7900085449219,376.95001220703125,372.5,375.2699890136719,41391000
2023-09-13,367.7881774902344,374.2099914550781,375.8399963378906,371.8800048828125,373.0299987792969,46300700
2023-09-14,370.795654296875,377.2699890136719,378.2699890136719,373.8900146484375,375.989990234375,48039400
2023-09-15,364.44647216796875,370.80999755859375,376.32000732421875,369.8599853515625,375.9100036621094,69811200
2023-09-18,364.826416015625,370.6600036621094,371.7900085449219,369.0299987792969,369.32000732421875,36903500
2023-09-19,364.0488586425781,369.8699951171875,370.67999267578125,366.79998779296875,369.32000732421875,37621700
2023-09-20,358.802734375,364.5400085449219,371.30999755859375,364.4599914550781,370.95001220703125,45514200
2023-09-21,352.2278747558594,357.8599853515625,361.6000061035156,357.69000244140625,360.79998779296875,69734800
2023-09-22,352.2770690917969,357.9100036621094,361.79998779296875,357.5899963378906,359.6300048828125,51589700
2023-09-25,353.9503479003906,359.6099853515625,359.70001220703125,355.92999267578125,356.92999267578125,39168000
2023-09-26,348.63531494140625,354.2099914550781,357.5400085449219,353.2099914550781,356.989990234375,53657700
2023-09-27,349.4523010253906,355.0400085449219,356.9800109863281,351.3599853515625,355.3800048828125,56066000
2023-09-28,352.37554931640625,358.010009765625,360.1700134277344,353.239990234375,354.1099853515625,56453300
2023-09-29,352.63140869140625,358.2699890136719,362.95001220703125,357.0199890136719,361.5400085449219,64829600
2023-10-02,355.5743713378906,361.260009765625,362.67999267578125,357.9200134277344,358.5400085449219,51625100
2023-10-03,349.3341369628906,354.9200134277344,361.010009765625,353.2799987792969,358.7799987792969,60478500
2023-10-04,354.0881042480469,359.75,360.6099853515625,355.29998779296875,355.7699890136719,54786700
2023-10-05,353.0447998046875,358.69000244140625,360.1499938964844,355.1400146484375,359.739990234375,45897400
2023-10-06,358.96026611328125,364.70001220703125,365.9100036621094,354.8500061035156,355.6499938964844,75049100
2023-10-09,360.7908630371094,366.55999755859375,367.1099853515625,360.7799987792969,362.29998779296875,45304800
2023-10-10,362.7889709472656,368.5899963378906,371.2799987792969,366.3900146484375,366.8999938964844,46968800
2023-10-11,365.3776550292969,371.2200012207031,371.4100036621094,368.19000244140625,369.94000244140625,38215100
2023-10-12,364.1078796386719,369.92999267578125,373.739990234375,367.5,371.7300109863281,49587900
2023-10-13,359.53106689453125,365.2799987792969,371.1600036621094,363.8599853515625,370.57000732421875,52469900
2023-10-16,363.5960998535156,369.4100036621094,370.4800109863281,366.4700012207031,366.6199951171875,44201100
2023-10-17,362.4051208496094,368.20001220703125,369.9200134277344,363.6600036621094,365.80999755859375,50999100
2023-10-18,357.6511535644531,363.3699951171875,367.9100036621094,362.0199890136719,365.6700134277344,54280500
2023-10-19,354.3046569824219,359.9700012207031,366.0199890136719,359.1600036621094,364.80999755859375,72274200
2023-10-20,349.01922607421875,354.6000061035156,360.0400085449219,354.3699951171875,359.4599914550781,72559700
2023-10-23,350.0723571777344,355.6700134277344,359.260009765625,351.1199951171875,353.260009765625,60665200
2023-10-24,353.4778747558594,359.1300048828125,359.9100036621094,355.7900085449219,357.510009765625,47082100
2023-10-25,344.82623291015625,350.3399963378906,356.8800048828125,349.75,356.70001220703125,71190500
2023-10-26,338.2513427734375,343.6600036621094,350.07000732421875,342.3500061035156,349.1199951171875,78621400
2023-10-27,339.8753356933594,345.30999755859375,348.8399963378906,344.0799865722656,346.42999267578125,63476700
2023-10-30,343.7041320800781,349.20001220703125,350.5400085449219,346.45001220703125,347.8299865722656,55298500
2023-10-31,345.347900390625,350.8699951171875,351.25,346.6199951171875,349.2300109863281,47671900
2023-11-01,351.3420104980469,356.9599914550781,357.5299987792969,351.6199951171875,351.7200012207031,58992700
2023-11-02,357.719970703125,363.44000244140625,363.67999267578125,360.29998779296875,361.5400085449219,58162400
2023-11-03,361.9228515625,367.7099914550781,369.0199890136719,364.5199890136719,364.75,53280500
2023-11-06,363.39923095703125,369.2099914550781,369.7799987792969,366.9100036621094,368.489990234375,38848700
2023-11-07,366.83428955078125,372.70001220703125,373.5799865722656,369.04998779296875,370.2699890136719,50777400
2023-11-08,367.0705261230469,372.94000244140625,373.7900085449219,370.6199951171875,373.0799865722656,35663400
2023-11-09,364.2456359863281,370.07000732421875,374.79998779296875,369.57000732421875,373.6400146484375,53859400
2023-11-10,372.4348449707031,378.3900146484375,378.5400085449219,371.2799987792969,371.82000732421875,58309800
2023-11-13,371.2733154296875,377.2099914550781,378.2799987792969,375.239990234375,376.7900085449219,40733500
2023-11-14,379.26556396484375,385.3299865722656,386.260009765625,383.17999267578125,383.7099914550781,67792600
2023-11-15,379.5509338378906,385.6199951171875,387.75,384.239990234375,387.25,54141400
2023-11-16,379.8758239746094,385.95001220703125,386.19000244140625,383.55999755859375,384.8399963378906,45343500
2023-11-17,379.9643249511719,386.0400085449219,387.07000732421875,384.2900085449219,385.2099914550781,46571900
2023-11-20,384.59039306640625,390.739990234375,391.4100036621094,386.04998779296875,386.04998779296875,44429600
2023-11-21,382.3561096191406,388.4700012207031,389.2300109863281,386.70001220703125,389.010009765625,43337000
2023-11-22,383.9211120605469,390.05999755859375,393.07000732421875,389.0400085449219,390.57000732421875,44121000
2023-11-24,383.37969970703125,389.510009765625,390.25,388.5,389.6499938964844,15718800
2023-11-27,383.04510498046875,389.1700134277344,391.1499938964844,388.2799987792969,389.010009765625,34139700
2023-11-28,384.0489807128906,390.19000244140625,390.7799987792969,388.04998779296875,388.4100036621094,35491100
2023-11-29,383.675048828125,389.80999755859375,394.1400146484375,389.4599914550781,392.69000244140625,38811700
2023-11-30,382.71038818359375,388.8299865722656,390.54998779296875,385.82000732421875,390.0799865722656,52834400
2023-12-01,383.80303955078125,389.94000244140625,390.5400085449219,386.07000732421875,387.75,40490100
2023-12-04,380.23992919921875,386.32000732421875,386.6000061035156,382.6600036621094,386.0899963378906,51186900
2023-12-05,381.1946716308594,387.2900085449219,388.5,384.2099914550781,384.3900146484375,42933000
2023-12-06,378.9898986816406,385.04998779296875,390.3699951171875,384.70001220703125,390.2699890136719,41994100
2023-12-07,384.28521728515625,390.42999267578125,391.2699890136719,386.9599914550781,388.07000732421875,49593500
2023-12-08,385.9978942871094,392.1700134277344,392.6199951171875,388.4800109863281,388.6700134277344,46687500
2023-12-11,389.29510498046875,395.5199890136719,395.7900085449219,391.5299987792969,391.739990234375,41198000
2023-12-12,392.3956298828125,398.6700134277344,398.7900085449219,394.4100036621094,395.55999755859375,39221200
2023-12-13,397.38580322265625,403.739990234375,404.3599853515625,398.8399963378906,399.6199951171875,55408100
2023-12-14,397.0412902832031,403.3900146484375,406.29998779296875,400.3399963378906,404.9800109863281,55447800
2023-12-15,398.9605712890625,405.3399963378906,406.5400085449219,403.57000732421875,404.17999267578125,62896600
2023-12-18,401.4735107421875,407.0799865722656,407.989990234375,404.6000061035156,404.92999267578125,46610000
2023-12-19,403.52484130859375,409.1600036621094,409.2799987792969,407.3500061035156,407.5400085449219,35711900
2023-12-20,397.5285949707031,403.0799865722656,410.4700012207031,402.8999938964844,408.3500061035156,54042400
2023-12-21,402.15399169921875,407.7699890136719,408.1400146484375,404.4700012207031,407.05999755859375,45568900
2023-12-22,402.755615234375,408.3800048828125,409.9700012207031,406.4800109863281,409.0,34314000
2023-12-26,405.2212219238281,410.8800048828125,411.55999755859375,409.1499938964844,409.25,22722500
2023-12-27,406.04608154296875,411.5,411.7900085449219,410.0799865722656,410.95001220703125,31980500
2023-12-28,405.8487243652344,411.29998779296875,412.9200134277344,410.94000244140625,412.6700134277344,27029200
2023-12-29,404.0923767089844,409.5199890136719,411.6400146484375,407.5799865722656,411.2799987792969,42662100
2024-01-02,397.25421142578125,402.5899963378906,406.0899963378906,400.239990234375,405.8399963378906,58026900
2024-01-03,393.0506591796875,398.3299865722656,401.0,397.8900146484375,399.92999267578125,47002800
2024-01-04,391.0278015136719,396.2799987792969,399.5899963378906,396.05999755859375,396.44000244140625,39432800
2024-01-05,391.4915771484375,396.75,399.55999755859375,395.3399963378906,396.45001220703125,44922800
2024-01-08,399.5829162597656,404.95001220703125,405.239990234375,397.8399963378906,397.989990234375,42473800
2024-01-09,400.372314453125,405.75,406.69000244140625,401.7099914550781,401.9100036621094,39132900
2024-01-10,403.0859069824219,408.5,409.5199890136719,405.1700134277344,406.07000732421875,33962800
2024-01-11,403.92462158203125,409.3500061035156,411.20001220703125,404.239990234375,409.7900085449219,54536200
2024-01-12,404.13177490234375,409.55999755859375,411.25,408.1499938964844,410.3999938964844,39595000
2024-01-16,404.0923767089844,409.5199890136719,411.1199951171875,406.8299865722656,408.30999755859375,43903000
2024-01-17,401.81298828125,407.2099914550781,407.5899963378906,402.9200134277344,406.1700134277344,54386000
2024-01-18,407.5163269042969,412.989990234375,413.5799865722656,409.1600036621094,410.5199890136719,59562500
2024-01-19,415.5977783203125,421.17999267578125,421.3399963378906,414.6300048828125,415.2200012207031,70325100
2024-01-22,416.1405334472656,421.7300109863281,424.7300109863281,421.1199951171875,423.4100036621094,44880600
2024-01-23,417.8673095703125,423.4800109863281,423.70001220703125,420.57000732421875,422.42999267578125,33003800
2024-01-24,420.1861267089844,425.8299865722656,429.8500061035156,425.3299865722656,427.44000244140625,46948000
2024-01-25,420.69927978515625,426.3500061035156,429.0400085449219,423.9800109863281,428.3599853515625,44367200
2024-01-26,418.19293212890625,423.80999755859375,426.2099914550781,423.1499938964844,424.44000244140625,37137000
2024-01-29,422.4754638671875,428.1499938964844,428.3500061035156,423.6099853515625,424.2699890136719,38694700
2024-01-30,419.6632080078125,425.29998779296875,427.67999267578125,424.3800048828125,427.1000061035156,36739000
2024-01-31,411.443603515625,416.9700012207031,422.8699951171875,416.7900085449219,420.8500061035156,64010600
2024-02-01,416.28851318359375,421.8800048828125,422.3800048828125,417.80999755859375,418.7900085449219,51008600
2024-02-02,423.32403564453125,429.010009765625,430.239990234375,422.7900085449219,423.79998779296875,59602400
2024-02-05,422.7714538574219,428.45001220703125,429.6099853515625,425.0,429.07000732421875,39889200
2024-02-06,421.9228515625,427.5899963378906,430.2200012207031,425.2200012207031,429.6099853515625,35846100
2024-02-07,426.2645263671875,431.989990234375,432.8299865722656,429.0899963378906,430.4100036621094,37712700
2024-02-08,427.0539855957031,432.7900085449219,433.55999755859375,431.4200134277344,432.1099853515625,29889900
2024-02-09,431.2574157714844,437.04998779296875,437.8500061035156,433.1400146484375,433.94000244140625,36943900
2024-02-12,429.5701599121094,435.3399963378906,439.1400146484375,434.6499938964844,436.94000244140625,33203300
2024-02-13,422.8700866699219,428.54998779296875,431.2699890136719,425.3299865722656,427.2799987792969,64491700
2024-02-14,427.478271484375,433.2200012207031,433.6499938964844,428.8800048828125,431.260009765625,45092700
2024-02-15,428.7511291503906,434.510009765625,434.9800109863281,431.3299865722656,433.9200134277344,38796100
2024-02-16,424.86334228515625,430.57000732421875,434.989990234375,429.8500061035156,434.8900146484375,53716500
2024-02-20,421.65643310546875,427.32000732421875,430.0799865722656,423.5,428.54998779296875,53999500
2024-02-21,419.9691162109375,425.6099853515625,425.70001220703125,421.6300048828125,424.54998779296875,49779000
2024-02-22,432.2639465332031,438.07000732421875,439.1199951171875,433.7099914550781,434.489990234375,53887800
2024-02-23,430.9910583496094,436.7799987792969,440.5899963378906,435.7900085449219,439.6499938964844,39853900
2024-02-26,430.76409912109375,436.54998779296875,438.6000061035156,436.3599853515625,437.6000061035156,33043200
2024-02-27,431.8001708984375,437.6000061035156,437.989990234375,435.0299987792969,437.6700134277344,33713200
2024-02-28,429.5010681152344,435.2699890136719,436.6700134277344,434.29998779296875,435.42999267578125,32938800
2024-02-29,433.1816101074219,439.0,440.0899963378906,435.0199890136719,438.2300109863281,42495200
2024-03-01,439.70391845703125,445.6099853515625,446.5799865722656,439.8399963378906,439.8999938964844,43853000
2024-03-04,438.13507080078125,444.0199890136719,446.0400085449219,443.7699890136719,445.6099853515625,34325700
2024-03-05,430.27069091796875,436.04998779296875,440.95001220703125,433.6499938964844,440.94000244140625,57917100
2024-03-06,432.9743957519531,438.7900085449219,441.989990234375,436.8900146484375,440.32000732421875,46234500
2024-03-07,439.546142578125,445.45001220703125,446.7200012207031,440.8599853515625,442.4200134277344,44526700
2024-03-08,433.2013244628906,439.0199890136719,448.6400146484375,438.3399963378906,445.80999755859375,72096000
2024-03-11,431.5929870605469,437.3900146484375,438.6600036621094,435.44000244140625,437.510009765625,45860000
2024-03-12,437.77984619140625,443.6600036621094,444.0199890136719,436.4599914550781,439.7300109863281,55300900
2024-03-13,434.41510009765625,440.25,442.6700134277344,439.1199951171875,442.6499938964844,37928700
2024-03-14,433.31976318359375,439.1400146484375,442.0299987792969,436.3900146484375,441.5,52195200
2024-03-15,428.16900634765625,433.9200134277344,438.8699951171875,432.739990234375,436.07000732421875,73069800
2024-03-18,432.2525939941406,437.4800109863281,441.0400085449219,437.239990234375,438.7300109863281,47323800
2024-03-19,433.3295593261719,438.57000732421875,438.9800109863281,433.3299865722656,435.45001220703125,43004100
2024-03-20,438.4674072265625,443.7699890136719,444.1099853515625,438.05999755859375,439.7799987792969,43653500
2024-03-21,440.5423278808594,445.8699951171875,449.3399963378906,445.6700134277344,448.8800048828125,39345700
2024-03-22,441.0462341308594,446.3800048828125,447.489990234375,444.489990234375,445.3500061035156,28253900
2024-03-25,439.445556640625,444.760009765625,446.260009765625,442.5400085449219,443.54998779296875,27789200
2024-03-26,438.0228271484375,443.32000732421875,447.2300109863281,443.0899963378906,446.29998779296875,34142000
2024-03-27,439.5147399902344,444.8299865722656,446.5400085449219,441.92999267578125,446.44000244140625,41359200
2024-03-28,438.7045593261719,444.010009765625,445.6400146484375,443.6499938964844,444.7799987792969,36839600
2024-04-01,439.6333312988281,444.95001220703125,447.5299987792969,443.0199890136719,444.9700012207031,38729000
2024-04-02,435.83917236328125,441.1099853515625,441.42999267578125,438.0299987792969,440.0799865722656,44259700
2024-04-03,436.8173522949219,442.1000061035156,444.0,438.95001220703125,438.9599914550781,39949800
2024-04-04,430.13818359375,435.3399963378906,446.95001220703125,435.1099853515625,446.3299865722656,57267700
2024-04-05,435.20684814453125,440.4700012207031,443.1700134277344,435.9599914550781,436.7799987792969,54744600
2024-04-08,435.3353271484375,440.6000061035156,442.5,439.20001220703125,441.4100036621094,28144900
2024-04-09,436.9458312988281,442.2300109863281,443.239990234375,437.44000244140625,442.9599914550781,39443600
2024-04-10,433.1319580078125,438.3699951171875,439.239990234375,436.2799987792969,437.0,61502200
2024-04-11,440.04827880859375,445.3699951171875,446.3299865722656,437.9599914550781,440.260009765625,45474600
2024-04-12,433.03314208984375,438.2699890136719,442.239990234375,436.8800048828125,441.1000061035156,53665000
2024-04-15,425.9093322753906,431.05999755859375,442.1499938964844,430.2099914550781,442.05999755859375,63453600
2024-04-16,425.9488220214844,431.1000061035156,433.760009765625,429.70001220703125,430.8999938964844,47619000
2024-04-17,420.751708984375,425.8399963378906,433.1199951171875,424.8999938964844,433.1000061035156,56880500
2024-04-18,418.3507080078125,423.4100036621094,428.239990234375,422.8299865722656,426.489990234375,46549400
2024-04-19,409.6954040527344,414.6499938964844,422.75,413.07000732421875,422.2200012207031,75231000
2024-04-22,413.8155212402344,418.82000732421875,421.17999267578125,413.94000244140625,417.30999755859375,47807700
2024-04-23,419.9908752441406,425.07000732421875,426.2799987792969,418.8699951171875,420.7699890136719,44384700
2024-04-24,421.4136657714844,426.510009765625,429.7300109863281,424.20001220703125,428.20001220703125,48440300
2024-04-25,419.37823486328125,424.45001220703125,425.32000732421875,418.1400146484375,419.239990234375,57392200
2024-04-26,425.8499450683594,431.0,432.54998779296875,426.9200134277344,427.6199951171875,41874900
2024-04-29,427.5791320800781,432.75,433.760009765625,429.9800109863281,433.1300048828125,30022200
2024-04-30,419.5165710449219,424.5899963378906,432.55999755859375,424.510009765625,431.1499938964844,43665900
2024-05-01,416.4832458496094,421.5199890136719,430.1400146484375,420.6600036621094,423.1499938964844,52251700
2024-05-02,421.7989501953125,426.8999938964844,427.80999755859375,420.6300048828125,425.29998779296875,36559000
2024-05-03,430.2765197753906,435.4800109863281,436.4800109863281,432.6199951171875,434.44000244140625,48515300
2024-05-06,434.989501953125,440.25,440.3399963378906,436.5199890136719,437.29998779296875,30227200
2024-05-07,435.0586242675781,440.32000732421875,441.9700012207031,439.5799865722656,440.70001220703125,30996100
2024-05-08,434.8017578125,440.05999755859375,441.4800109863281,437.54998779296875,437.6700134277344,24896700
2024-05-09,435.7502746582031,441.0199890136719,441.6000061035156,438.4599914550781,440.3299865722656,24580100
2024-05-10,436.77789306640625,442.05999755859375,444.30999755859375,440.5,442.5400085449219,27116600
2024-05-13,437.78564453125,443.0799865722656,444.0899963378906,441.6499938964844,443.989990234375,22994200
2024-05-14,440.60162353515625,445.92999267578125,446.4700012207031,442.4599914550781,442.6499938964844,34478300
2024-05-15,447.48834228515625,452.8999938964844,453.1499938964844,446.8999938964844,448.42999267578125,41464700
2024-05-16,446.579345703125,451.9800109863281,454.69000244140625,451.80999755859375,452.7099914550781,34780400
2024-05-17,446.3619384765625,451.760009765625,452.7200012207031,449.5400085449219,452.1099853515625,35803700
2024-05-20,449.4742736816406,454.9100036621094,455.5799865722656,451.7900085449219,451.9800109863281,24474200
2024-05-21,450.3536682128906,455.79998779296875,455.989990234375,452.8399963378906,453.0400085449219,23167700
2024-05-22,450.26470947265625,455.7099914550781,456.82000732421875,453.0799865722656,456.05999755859375,25120000
2024-05-23,448.2392883300781,453.6600036621094,460.5799865722656,451.8500061035156,460.54998779296875,40899200
2024-05-24,452.47802734375,457.95001220703125,459.2300109863281,453.57000732421875,455.2900085449219,29669500
2024-05-28,454.18731689453125,459.67999267578125,459.739990234375,456.69000244140625,459.17999267578125,26216800
2024-05-29,450.9860534667969,456.44000244140625,458.239990234375,455.3399963378906,455.4800109863281,29739200
2024-05-30,446.1544189453125,451.54998779296875,455.6400146484375,450.2099914550781,455.5,30536800
2024-05-31,445.32452392578125,450.7099914550781,452.4800109863281,443.05999755859375,451.7799987792969,55941300
2024-06-03,447.715576171875,453.1300048828125,455.5799865722656,447.8999938964844,454.57000732421875,32997500
2024-06-04,448.94073486328125,454.3699951171875,455.5799865722656,451.1300048828125,452.8699951171875,23767400
2024-06-05,457.9913330078125,463.5299987792969,463.6099853515625,454.4100036621094,457.9800109863281,33817400
2024-06-06,457.83319091796875,463.3699951171875,464.5400085449219,462.19000244140625,464.2200012207031,21966800
2024-06-07,457.4281005859375,462.9599914550781,465.739990234375,461.8399963378906,463.0,25829700
2024-06-10,459.2757263183594,464.8299865722656,465.19000244140625,461.5299987792969,461.82000732421875,20660800
2024-06-11,462.4276428222656,468.0199890136719,468.1400146484375,462.0299987792969,463.5400085449219,22053300
2024-06-12,468.4844055175781,474.1499938964844,476.5,471.2900085449219,471.989990234375,34532600
2024-06-13,471.0237121582031,476.7200012207031,478.3900146484375,474.4200134277344,477.7200012207031,25859000
2024-06-14,473.4642028808594,479.19000244140625,479.260009765625,476.04998779296875,476.5199890136719,23372600
2024-06-17,479.2640380859375,485.05999755859375,486.8599853515625,478.1400146484375,479.4599914550781,37054500
2024-06-18,479.4122314453125,485.2099914550781,485.8999938964844,483.42999267578125,485.010009765625,24438600
2024-06-20,475.7169189453125,481.4700012207031,486.8399963378906,479.6199951171875,486.4200134277344,33918700
2024-06-21,474.4423522949219,480.17999267578125,482.5400085449219,478.6700134277344,481.19000244140625,37456800
2024-06-24,469.041015625,473.9599914550781,479.92999267578125,473.82000732421875,478.17999267578125,37751000
2024-06-25,474.40478515625,479.3800048828125,479.67999267578125,475.1199951171875,476.07000732421875,29014700
2024-06-26,475.384521484375,480.3699951171875,480.9200134277344,478.1300048828125,478.54998779296875,22737100
2024-06-27,476.61163330078125,481.6099853515625,483.1000061035156,479.29998779296875,480.1199951171875,26222100
2024-06-28,474.1375427246094,479.1099853515625,487.20001220703125,478.4599914550781,482.4100036621094,34881600
2024-07-01,476.91839599609375,481.9200134277344,482.489990234375,476.260009765625,480.0400085449219,24898300
2024-07-02,481.9259033203125,486.9800109863281,487.0400085449219,480.2799987792969,480.4100036621094,26723600
2024-07-03,485.9437255859375,491.0400085449219,491.1700134277344,486.2200012207031,486.2200012207031,18064900
2024-07-05,491.0105895996094,496.1600036621094,496.6000061035156,491.5899963378906,491.8900146484375,28495900
2024-07-08,492.1783447265625,497.3399963378906,497.8999938964844,495.5,496.5299987792969,22109400
2024-07-09,492.6039123535156,497.7699890136719,500.0,496.239990234375,498.8699951171875,25614500
2024-07-10,497.7400207519531,502.9599914550781,503.5199890136719,498.3900146484375,499.7099914550781,28046900
2024-07-11,486.8244934082031,491.92999267578125,503.2799987792969,490.7300109863281,503.07000732421875,49966600
2024-07-12,489.6844787597656,494.82000732421875,499.6199951171875,492.0400085449219,492.510009765625,37109400
2024-07-15,491.0007019042969,496.1499938964844,501.010009765625,494.0899963378906,496.6099853515625,31151400
2024-07-16,491.1887512207031,496.3399963378906,498.44000244140625,493.1499938964844,497.6199951171875,25950600
2024-07-17,476.76995849609375,481.7699890136719,488.79998779296875,481.70001220703125,488.2799987792969,56268800
2024-07-18,474.5136413574219,479.489990234375,485.7099914550781,476.2699890136719,485.5299987792969,49347400
2024-07-19,470.3077087402344,475.239990234375,481.69000244140625,473.94000244140625,479.1499938964844,42042900
2024-07-22,477.3142395019531,482.32000732421875,483.3500061035156,477.7099914550781,481.1600036621094,40300000
2024-07-23,475.6318664550781,480.6199951171875,484.42999267578125,480.1400146484375,481.4100036621094,23282500
2024-07-24,458.5708312988281,463.3800048828125,474.19000244140625,462.510009765625,473.82000732421875,58818600
2024-07-25,453.51385498046875,458.2699890136719,467.94000244140625,455.6300048828125,463.7200012207031,59256800
2024-07-26,458.1650390625,462.9700012207031,465.92999267578125,459.7699890136719,462.6499938964844,39992100
2024-07-29,459.08538818359375,463.8999938964844,467.9100036621094,461.6199951171875,465.7099914550781,28218500
2024-07-30,452.78155517578125,457.5299987792969,466.55999755859375,454.1499938964844,465.8500061035156,41317200
2024-07-31,466.1810302734375,471.07000732421875,472.7900085449219,466.4100036621094,467.8699951171875,44552100
2024-08-01,454.8894348144531,459.6600036621094,475.54998779296875,455.9800109863281,471.760009765625,56653900
2024-08-02,444.0926818847656,448.75,453.57000732421875,444.4700012207031,450.8900146484375,66323200
2024-08-05,430.85150146484375,435.3699951171875,442.2900085449219,423.45001220703125,424.7099914550781,87483500
2024-08-06,434.9684143066406,439.5299987792969,447.07000732421875,434.55999755859375,437.2300109863281,63164400
2024-08-07,430.2577209472656,434.7699890136719,449.0,434.3699951171875,446.489990234375,54929200
2024-08-08,443.41973876953125,448.07000732421875,448.989990234375,437.1499938964844,441.05999755859375,47890100
2024-08-09,445.73541259765625,450.4100036621094,452.05999755859375,445.6099853515625,446.739990234375,33574000
2024-08-12,446.6953430175781,451.3800048828125,454.3699951171875,448.54998779296875,451.3900146484375,27795000
2024-08-13,457.77911376953125,462.5799865722656,462.8500061035156,455.67999267578125,455.82000732421875,40084500
2024-08-14,457.9275817871094,462.7300109863281,465.1099853515625,458.3999938964844,463.510009765625,34733700
2024-08-15,469.4962463378906,474.4200134277344,474.82000732421875,468.3800048828125,468.760009765625,38280600
2024-08-16,470.0999450683594,475.0299987792969,476.4100036621094,471.6499938964844,472.6199951171875,38383600
2024-08-19,476.275146484375,481.2699890136719,481.30999755859375,473.3699951171875,475.1700134277344,23737700
2024-08-20,475.275634765625,480.260009765625,482.94000244140625,478.54998779296875,480.3500061035156,29209300
2024-08-21,477.4923400878906,482.5,484.3699951171875,479.32000732421875,481.04998779296875,25658800
2024-08-22,469.9217529296875,474.8500061035156,485.5400085449219,473.80999755859375,484.8399963378906,37739600
2024-08-23,475.018310546875,480.0,482.739990234375,475.2799987792969,479.239990234375,36061500
2024-08-26,470.40667724609375,475.3399963378906,480.3800048828125,473.239990234375,479.45001220703125,27452600
2024-08-27,471.8119812011719,476.760009765625,477.8399963378906,471.7099914550781,473.69000244140625,27510000
2024-08-28,466.45806884765625,471.3500061035156,477.0199890136719,467.8900146484375,476.2900085449219,37372400
2024-08-29,465.7752685546875,470.6600036621094,477.92999267578125,469.3699951171875,473.2799987792969,41081500
2024-08-30,471.3270263671875,476.2699890136719,476.8999938964844,470.510009765625,475.0400085449219,33466500
2024-09-03,457.0171203613281,461.80999755859375,473.3299865722656,459.4100036621094,473.20001220703125,44985200
2024-09-04,455.82952880859375,460.6099853515625,464.45001220703125,457.7300109863281,458.6700134277344,32505100
2024-09-05,456.25506591796875,461.0400085449219,465.3599853515625,457.94000244140625,458.9700012207031,34452400
2024-09-06,444.0332336425781,448.69000244140625,461.2200012207031,448.19000244140625,460.3299865722656,50624400
2024-09-09,449.7434387207031,454.4599914550781,455.4599914550781,449.82000732421875,453.05999755859375,32981200
2024-09-10,453.8997802734375,458.6600036621094,459.1700134277344,452.2300109863281,456.239990234375,29680300
2024-09-11,463.7564697265625,468.6199951171875,469.3699951171875,451.2799987792969,459.9100036621094,57843000
2024-09-12,468.3086853027344,473.2200012207031,474.0400085449219,466.8500061035156,468.6499938964844,40067800
2024-09-13,470.40667724609375,475.3399963378906,476.5299987792969,472.25,472.4800109863281,29111800
2024-09-16,468.3284606933594,473.239990234375,473.8599853515625,469.8900146484375,473.19000244140625,22585600
2024-09-17,468.5758361816406,473.489990234375,477.6000061035156,470.9700012207031,476.2900085449219,30084400
2024-09-18,466.5472106933594,471.44000244140625,478.8299865722656,470.8299865722656,474.70001220703125,39909200
2024-09-19,478.34344482421875,483.3599853515625,486.2300109863281,480.489990234375,482.6099853515625,52782500
2024-09-20,477.4330139160156,482.44000244140625,483.69000244140625,478.29998779296875,482.489990234375,34577700
2024-09-23,478.69854736328125,483.0400085449219,484.1400146484375,481.6000061035156,482.95001220703125,24843000
2024-09-24,481.0075988769531,485.3699951171875,486.3299865722656,480.1700134277344,484.4599914550781,25952600
2024-09-25,481.45355224609375,485.82000732421875,487.7900085449219,484.55999755859375,484.739990234375,26549900
2024-09-26,485.07073974609375,489.4700012207031,493.70001220703125,485.79998779296875,493.3699951171875,32020200
2024-09-27,482.3752136230469,486.75,490.6400146484375,485.55999755859375,490.5,22851100
2024-09-30,483.68328857421875,488.07000732421875,488.4100036621094,482.9200134277344,485.7799987792969,30281100
2024-10-01,476.94439697265625,481.2699890136719,488.0,477.3999938964844,487.70001220703125,42735400
2024-10-02,477.61834716796875,481.95001220703125,483.8800048828125,477.7200012207031,480.3599853515625,23744000
2024-10-03,477.2615661621094,481.5899963378906,484.54998779296875,478.989990234375,479.739990234375,25337200
2024-10-04,482.9400634765625,487.32000732421875,487.8800048828125,482.3900146484375,487.45001220703125,30686600
2024-10-07,477.7669677734375,482.1000061035156,486.57000732421875,480.8699951171875,485.3900146484375,24975100
2024-10-08,484.90228271484375,489.29998779296875,489.989990234375,483.8500061035156,484.6600036621094,28272000
2024-10-09,488.7176513671875,493.1499938964844,493.7300109863281,487.95001220703125,489.0,24995000
2024-10-10,488.1626892089844,492.5899963378906,494.4700012207031,489.5299987792969,490.8500061035156,25750400
2024-10-11,488.9257507324219,493.3599853515625,494.3900146484375,490.1700134277344,490.739990234375,20644500
2024-10-14,493.028564453125,497.5,498.8299865722656,495.260009765625,495.7699890136719,26060100
2024-10-15,486.4383239746094,490.8500061035156,498.5,488.67999267578125,497.8299865722656,34784500
2024-10-16,486.4977722167969,490.9100036621094,491.69000244140625,487.57000732421875,491.17999267578125,22996800
2024-10-17,486.8346862792969,491.25,496.489990234375,491.19000244140625,496.44000244140625,27210700
2024-10-18,490.02581787109375,494.4700012207031,495.57000732421875,493.29998779296875,494.05999755859375,25335000
2024-10-21,490.96722412109375,495.4200134277344,496.2300109863281,491.30999755859375,493.25,30336500
2024-10-22,491.50238037109375,495.9599914550781,497.45001220703125,491.9700012207031,492.7300109863281,26685800
2024-10-23,483.9706726074219,488.3599853515625,494.25,485.04998779296875,493.5899963378906,39346600
2024-10-24,487.8951110839844,492.32000732421875,493.0,489.44000244140625,492.1099853515625,22024900
2024-10-25,490.8681640625,495.32000732421875,500.2799987792969,494.42999267578125,495.1400146484375,38762100
2024-10-28,490.9474182128906,495.3999938964844,498.5199890136719,495.1000061035156,498.4599914550781,20477800
2024-10-29,495.6646423339844,500.1600036621094,501.3500061035156,493.8500061035156,495.7200012207031,28014100
2024-10-30,491.9186706542969,496.3800048828125,500.3500061035156,495.8900146484375,499.3900146484375,29756000
2024-10-31,479.5012512207031,483.8500061035156,492.42999267578125,483.75,492.3800048828125,41245200
2024-11-01,483.0490417480469,487.42999267578125,490.75,485.20001220703125,485.5,33655800
2024-11-04,481.6418151855469,486.010009765625,489.3800048828125,484.25,486.82000732421875,23291600
2024-11-05,487.7861022949219,492.2099914550781,492.8800048828125,487.5199890136719,487.6099853515625,24353600
2024-11-06,501.03594970703125,505.5799865722656,506.4100036621094,499.6000061035156,500.55999755859375,43082200
2024-11-07,508.9244384765625,513.5399780273438,514.3300170898438,508.3399963378906,508.3999938964844,32853100
2024-11-08,509.51898193359375,514.1400146484375,514.9199829101562,512.4099731445312,513.0399780273438,22924500
2024-11-11,509.22174072265625,513.8400268554688,515.5800170898438,510.9200134277344,515.3699951171875,24167500
2024-11-12,508.300048828125,512.9099731445312,514.6599731445312,509.8299865722656,513.77001953125,25835300
2024-11-13,507.64599609375,512.25,514.97998046875,509.95001220703125,512.4000244140625,24567400
2024-11-14,504.1180419921875,508.69000244140625,512.7899780273438,507.7699890136719,511.9100036621094,28679500
2024-11-15,492.1069641113281,496.57000732421875,503.3299865722656,494.489990234375,502.94000244140625,51461100
2024-11-18,495.5259094238281,500.0199890136719,502.1400146484375,496.7300109863281,498.1300048828125,27080800
2024-11-19,498.9349670410156,503.4599914550781,503.95001220703125,497.0799865722656,497.4200134277344,24523000
2024-11-20,498.6476135253906,503.1700134277344,503.4800109863281,496.55999755859375,503.1600036621094,29565500
2024-11-21,500.44134521484375,504.9800109863281,506.9599914550781,497.55999755859375,506.239990234375,34526700
2024-11-22,501.2440490722656,505.7900085449219,506.5299987792969,502.7799987792969,504.4200134277344,23826600
2024-11-25,502.036865234375,506.5899963378906,511.45001220703125,504.260009765625,509.8999938964844,26375200
2024-11-26,504.7323303222656,509.30999755859375,510.1400146484375,507.2300109863281,508.0799865722656,26557100
2024-11-27,500.7584533691406,505.29998779296875,508.239990234375,501.92999267578125,508.1700134277344,24957400
2024-11-29,505.1585388183594,509.739990234375,510.3399963378906,505.30999755859375,505.92999267578125,15334000
2024-12-02,510.65869140625,515.2899780273438,516.260009765625,510.6199951171875,511.010009765625,25147200
2024-12-03,512.224365234375,516.8699951171875,517.1500244140625,513.3699951171875,513.9500122070312,18597900
2024-12-04,518.55712890625,523.260009765625,523.52001953125,519.5999755859375,520.3200073242188,26086200
2024-12-05,517.1199951171875,521.8099975585938,524.0399780273438,521.4199829101562,523.3099975585938,18169600
2024-12-06,521.748046875,526.47998046875,526.719970703125,522.3499755859375,522.47998046875,23762600
2024-12-09,517.6849365234375,522.3800048828125,526.3499755859375,521.219970703125,525.5499877929688,20674400
2024-12-10,515.9208984375,520.5999755859375,525.3800048828125,519.1599731445312,523.6199951171875,24350000
2024-12-11,525.1571044921875,529.9199829101562,530.6099853515625,524.5900268554688,525.0,32168600
2024-12-12,521.7679443359375,526.5,528.9600219726562,526.02001953125,527.6799926757812,23577500
2024-12-13,525.7617797851562,530.530029296875,533.1699829101562,527.2999877929688,530.4600219726562,28780400
2024-12-16,533.3329467773438,538.1699829101562,539.1500244140625,533.0,533.0800170898438,31979900
2024-12-17,530.984375,535.7999877929688,537.47998046875,534.1300048828125,536.3599853515625,28579100
2024-12-18,511.8280334472656,516.469970703125,536.8800048828125,515.010009765625,535.1500244140625,54703200
2024-12-19,509.5487060546875,514.1699829101562,521.760009765625,513.8300170898438,521.1900024414062,46441800
2024-12-20,513.9983520507812,518.6599731445312,524.8200073242188,509.2900085449219,510.44000244140625,60530000
2024-12-23,519.0060424804688,522.8699951171875,523.25,516.1300048828125,519.5499877929688,29672800
2024-12-24,526.0438232421875,529.9600219726562,530.0499877929688,524.1900024414062,524.8300170898438,17558200
2024-12-26,525.686279296875,529.5999755859375,531.239990234375,526.3099975585938,528.3200073242188,19090500
2024-12-27,518.6983642578125,522.5599975585938,526.4500122070312,517.8599853515625,526.010009765625,33839600
2024-12-30,511.7996826171875,515.6099853515625,519.3599853515625,511.8299865722656,515.510009765625,34584000
2024-12-31,507.4521179199219,511.2300109863281,517.6599731445312,510.260009765625,516.9000244140625,29117000
2025-01-02,506.45953369140625,510.2300109863281,516.6400146484375,505.7099914550781,514.2999877929688,36389800
2025-01-03,514.747802734375,518.5800170898438,519.6500244140625,512.530029296875,513.3499755859375,29059500
2025-01-06,520.6637573242188,524.5399780273438,527.9199829101562,522.030029296875,524.02001953125,36109700
2025-01-07,511.37286376953125,515.1799926757812,525.989990234375,513.280029296875,525.5900268554688,36690300
2025-01-08,511.4622802734375,515.27001953125,516.9199829101562,510.57000732421875,515.0800170898438,30777800
2025-01-10,503.4419860839844,507.19000244140625,511.5799865722656,503.9200134277344,511.4800109863281,40532500
2025-01-13,501.82403564453125,505.55999755859375,506.0199890136719,499.70001220703125,501.20001220703125,31694200
2025-01-14,501.3475036621094,505.0799865722656,510.1600036621094,501.5899963378906,508.739990234375,33737200
2025-01-15,512.8817138671875,516.7000122070312,517.8499755859375,511.4599914550781,513.030029296875,34957600
2025-01-16,509.2884216308594,513.0800170898438,519.0599975585938,512.9500122070312,518.97998046875,28229000
2025-01-17,517.8844604492188,521.739990234375,524.0700073242188,513.1099853515625,522.8499755859375,51837900
2025-01-21,520.9218139648438,524.7999877929688,525.969970703125,520.0599975585938,524.47998046875,23628000
2025-01-22,527.582275390625,531.510009765625,533.8200073242188,529.260009765625,529.5700073242188,33593000
2025-01-23,528.7039794921875,532.6400146484375,532.760009765625,528.4500122070312,529.0399780273438,23096600
2025-01-24,525.7161254882812,529.6300048828125,533.7899780273438,528.1500244140625,533.02001953125,19878300
2025-01-27,510.41009521484375,514.2100219726562,517.989990234375,510.1499938964844,511.0,60771700
2025-01-28,517.953857421875,521.8099975585938,523.0,511.7799987792969,515.219970703125,33194200
2025-01-29,516.9812622070312,520.8300170898438,522.5900268554688,516.9000244140625,522.4600219726562,26649000
2025-01-30,519.1847534179688,523.0499877929688,526.0999755859375,518.2100219726562,523.7100219726562,27431300
2025-01-31,518.4303588867188,522.2899780273438,531.52001953125,521.1900024414062,526.9199829101562,38755200
2025-02-03,514.28125,518.1099853515625,520.8499755859375,511.04998779296875,513.469970703125,40580800
2025-02-04,520.59423828125,524.469970703125,525.1099853515625,518.22998046875,518.6300048828125,26046800
2025-02-05,522.9566650390625,526.8499755859375,527.010009765625,520.6199951171875,521.8200073242188,21134100
2025-02-06,525.686279296875,529.5999755859375,529.8099975585938,525.739990234375,527.3599853515625,19434500
2025-02-07,519.0557250976562,522.9199829101562,532.0999755859375,522.1900024414062,530.1400146484375,29605500
2025-02-10,525.3389282226562,529.25,530.3599853515625,526.75,527.219970703125,20852800
2025-02-11,524.0883178710938,527.989990234375,529.9199829101562,525.8300170898438,525.9600219726562,19325500
2025-02-12,524.3959350585938,528.2999877929688,529.1900024414062,521.9500122070312,522.2999877929688,25009400
2025-02-13,531.9397583007812,535.9000244140625,536.219970703125,529.1900024414062,529.97998046875,28714800
2025-02-14,534.1732177734375,538.1500244140625,538.8400268554688,535.6699829101562,536.010009765625,17862600
2025-02-18,535.3841552734375,539.3699951171875,540.0,536.0399780273438,539.72998046875,20565000
2025-02-19,535.5331420898438,539.52001953125,540.8099975585938,536.4600219726562,538.5700073242188,19666900
2025-02-20,533.260009765625,537.22998046875,539.0999755859375,532.4600219726562,538.72998046875,26550800
2025-02-21,522.1923828125,526.0800170898438,538.4000244140625,525.7100219726562,538.3800048828125,47093800
2025-02-24,516.0281982421875,519.8699951171875,529.0700073242188,519.530029296875,527.8800048828125,39268400
2025-02-25,509.5266418457031,513.3200073242188,519.3200073242188,509.44000244140625,519.239990234375,48940000
2025-02-26,510.7574768066406,514.5599975585938,519.6599731445312,511.3699951171875,515.530029296875,34457600
2025-02-27,496.5730895996094,500.2699890136719,519.0700073242188,500.04998779296875,518.1300048828125,52448000
2025-02-28,504.41473388671875,508.1700134277344,508.7799987792969,496.92999267578125,500.1300048828125,47654000
2025-03-03,493.3768310546875,497.04998779296875,513.0399780273438,493.5799865722656,511.5199890136719,44587200
2025-03-04,491.8879699707031,495.54998779296875,503.739990234375,487.739990234375,494.17999267578125,67875400
2025-03-05,498.3002624511719,502.010009765625,503.6300048828125,491.260009765625,496.20001220703125,46323700
2025-03-06,484.5923156738281,488.20001220703125,498.5799865722656,486.20001220703125,493.69000244140625,57574300
2025-03-07,488.15576171875,491.7900085449219,493.2799987792969,480.5299987792969,487.1600036621094,54714700
2025-03-10,469.2366638183594,472.7300109863281,483.9700012207031,468.6600036621094,483.45001220703125,76668000
2025-03-11,468.1149597167969,471.6000061035156,478.80999755859375,467.010009765625,472.3500061035156,68760800
2025-03-12,473.3956604003906,476.9200134277344,481.05999755859375,471.7900085449219,479.1600036621094,46971100
2025-03-13,464.8790588378906,468.3399963378906,476.2799987792969,466.42999267578125,476.25,46563300
2025-03-14,476.1154479980469,479.6600036621094,480.55999755859375,473.1199951171875,473.7300109863281,43563000
2025-03-17,479.202392578125,482.7699890136719,485.8399963378906,477.79998779296875,479.6099853515625,41744400
2025-03-18,471.0332336425781,474.5400085449219,479.6099853515625,472.4100036621094,479.4100036621094,39072300
2025-03-19,477.3363342285156,480.8900146484375,485.3299865722656,474.8699951171875,476.80999755859375,40430300
2025-03-20,475.7183532714844,479.260009765625,484.54998779296875,476.17999267578125,476.8800048828125,36780500
2025-03-21,477.28668212890625,480.8399963378906,481.6099853515625,472.9100036621094,474.0799865722656,42234900
2025-03-24,487.76043701171875,490.6600036621094,491.510009765625,484.3999938964844,487.739990234375,34567200
2025-03-25,490.5438537597656,493.4599914550781,493.6199951171875,490.4200134277344,491.3900146484375,26035200
2025-03-26,481.51751708984375,484.3800048828125,493.1600036621094,482.82000732421875,492.29998779296875,34627100
2025-03-27,478.7738342285156,481.6199951171875,486.5799865722656,480.25,482.4100036621094,33469800
2025-03-28,466.1687927246094,468.94000244140625,480.5199890136719,468.04998779296875,479.80999755859375,46363800
2025-03-31,466.1488952636719,468.9200134277344,469.8599853515625,457.3299865722656,461.9200134277344,53000300
2025-04-01,469.9065856933594,472.70001220703125,473.6300048828125,464.4200134277344,467.29998779296875,41156200
2025-04-02,473.3361511230469,476.1499938964844,479.55999755859375,465.8599853515625,466.1199951171875,49894500
2025-04-03,447.9967956542969,450.6600036621094,460.07000732421875,450.1400146484375,456.44000244140625,70456300
2025-04-04,420.1722412109375,422.6700134277344,440.3699951171875,422.6700134277344,438.1400146484375,117088400
2025-04-07,421.18621826171875,423.69000244140625,443.1400146484375,402.3900146484375,408.6600036621094,161557000
2025-04-08,413.60125732421875,416.05999755859375,443.1400146484375,409.7900085449219,438.1600036621094,101248100
2025-04-09,463.24615478515625,466.0,467.8299865722656,415.42999267578125,415.57000732421875,142876900
2025-04-10,443.5432434082031,446.17999267578125,455.5899963378906,432.6300048828125,453.55999755859375,108384100
2025-04-11,451.7147216796875,454.3999938964844,455.7900085449219,441.3299865722656,444.6499938964844,52483800
2025-04-14,454.7764892578125,457.4800109863281,465.04998779296875,452.6300048828125,464.4599914550781,43941200
2025-04-15,455.283447265625,457.989990234375,462.3800048828125,456.1499938964844,458.5400085449219,35404200
2025-04-16,441.5550842285156,444.17999267578125,452.6199951171875,437.760009765625,449.0299987792969,48980600
2025-04-17,441.4755859375,444.1000061035156,447.75,441.3599853515625,447.1700134277344,44837000
2025-04-21,430.55047607421875,433.1099853515625,439.0799865722656,427.92999267578125,438.2300109863281,44149300
2025-04-22,441.8533630371094,444.4800109863281,447.5799865722656,437.6199951171875,438.82000732421875,52304400
2025-04-23,451.8737487792969,454.55999755859375,463.3800048828125,452.8800048828125,458.1700134277344,55801100
2025-04-24,464.5881652832031,467.3500061035156,467.6600036621094,455.8299865722656,456.4800109863281,45956100
2025-04-25,469.76739501953125,472.55999755859375,473.0899963378906,465.3900146484375,466.9700012207031,38697100
2025-04-28,469.6182861328125,472.4100036621094,474.80999755859375,466.0299987792969,473.0299987792969,33550800
2025-04-29,472.7198181152344,475.5299987792969,476.4200134277344,469.5899963378906,470.1700134277344,30613100
2025-04-30,472.66015625,475.4700012207031,477.20001220703125,462.42999267578125,467.1300048828125,46810600
2025-05-01,478.8334655761719,481.67999267578125,487.17999267578125,480.739990234375,483.4100036621094,43316500
2025-05-02,485.9411926269531,488.8299865722656,490.9100036621094,484.8299865722656,486.5400085449219,39218100
2025-05-05,483.0583801269531,485.92999267578125,489.0299987792969,484.1000061035156,484.6000061035156,28309500
2025-05-06,478.56512451171875,481.4100036621094,485.04998779296875,478.19000244140625,479.55999755859375,32786300
2025-05-07,480.4438781738281,483.29998779296875,485.79998779296875,476.7799987792969,482.0799865722656,38006300
2025-05-08,485.4044189453125,488.2900085449219,492.70001220703125,484.1700134277344,488.5299987792969,39577600
2025-05-09,485.0863342285156,487.9700012207031,491.5400085449219,486.20001220703125,490.2099914550781,27767400
2025-05-12,504.84881591796875,507.8500061035156,507.8900146484375,501.4800109863281,506.989990234375,45090600
2025-05-13,512.5431518554688,515.5900268554688,517.3900146484375,508.4200134277344,509.1600036621094,53269600
2025-05-14,515.6148071289062,518.6799926757812,519.22998046875,515.75,516.77001953125,47014500
2025-05-15,516.1814575195312,519.25,521.9299926757812,515.1699829101562,516.52001953125,50153300
2025-05-16,518.4281616210938,521.510009765625,521.7000122070312,517.0999755859375,520.6599731445312,48394600
2025-05-19,518.9251708984375,522.010009765625,522.530029296875,514.239990234375,514.239990234375,52536200
2025-05-20,517.1954956054688,520.27001953125,520.9299926757812,516.6599731445312,519.469970703125,42517600
2025-05-21,510.00811767578125,513.0399780273438,523.0,511.239990234375,516.27001953125,71292800
2025-05-22,510.9624938964844,514.0,517.7100219726562,512.2999877929688,513.6599731445312,55607200
2025-05-23,506.2306213378906,509.239990234375,511.8399963378906,505.5799865722656,506.17999267578125,58368100
2025-05-27,518.1398315429688,521.219970703125,521.7100219726562,514.5900268554688,516.1500244140625,47226300
2025-05-28,515.8433837890625,518.9099731445312,523.6799926757812,518.3900146484375,522.1799926757812,46637200
2025-05-29,516.857421875,519.9299926757812,526.47998046875,517.3200073242188,526.3300170898438,58513300
2025-05-30,516.0422973632812,519.1099853515625,520.6799926757812,511.92999267578125,519.4400024414062,67662800
2025-06-02,520.1181030273438,523.2100219726562,523.4500122070312,515.969970703125,517.239990234375,44762800
2025-06-03,524.183837890625,527.2999877929688,528.739990234375,522.6900024414062,523.5599975585938,44070300
2025-06-04,525.6452026367188,528.77001953125,529.8400268554688,525.969970703125,528.010009765625,41359300
2025-06-05,521.6886596679688,524.7899780273438,533.0499877929688,522.6599731445312,530.1799926757812,61031200
2025-06-06,526.788330078125,529.9199829101562,531.7999877929688,528.2100219726562,530.0,42467000
2025-06-09,527.5638427734375,530.7000122070312,532.3499755859375,529.010009765625,530.1400146484375,33688700
2025-06-10,531.0530395507812,534.2100219726562,534.9000244140625,528.8900146484375,531.1699829101562,40664800
2025-06-11,529.263671875,532.4099731445312,536.780029296875,530.1099853515625,535.6199951171875,53701000
2025-06-12,530.5062255859375,533.6599731445312,534.6400146484375,530.8400268554688,531.0900268554688,34104900
2025-06-13,523.8458862304688,526.9600219726562,531.8699951171875,525.72998046875,527.6799926757812,55814400
2025-06-16,531.132568359375,534.2899780273438,535.3699951171875,530.4500122070312,530.5,37622100
2025-06-17,525.953369140625,529.0800170898438,533.3300170898438,527.9099731445312,531.7100219726562,42180900
2025-06-18,525.8638916015625,528.989990234375,532.5499877929688,527.4000244140625,530.0999755859375,43983500
2025-06-20,523.7166748046875,526.8300170898438,533.5599975585938,524.8800048828125,532.260009765625,61643500
2025-06-23,529.1017456054688,531.6500244140625,532.1699829101562,523.6500244140625,526.8099975585938,50666100
2025-06-24,537.1928100585938,539.780029296875,540.7000122070312,536.27001953125,536.8900146484375,45442000
2025-06-25,538.5661010742188,541.1599731445312,543.3099975585938,539.3800048828125,542.0599975585938,44804200
2025-06-26,543.6018676757812,546.219970703125,546.6699829101562,541.52001953125,543.3499755859375,43811400
2025-06-27,545.4629516601562,548.0900268554688,549.989990234375,544.5399780273438,547.260009765625,57577100
2025-06-30,548.9959106445312,551.6400146484375,552.7999877929688,549.010009765625,551.260009765625,45548700
2025-07-01,544.3682250976562,546.989990234375,550.7100219726562,544.6599731445312,549.72998046875,56166700
2025-07-02,548.159912109375,550.7999877929688,551.0,546.1199951171875,546.1599731445312,36538300
2025-07-03,553.5538940429688,556.219970703125,557.2000122070312,553.1799926757812,553.1799926757812,26443500
2025-07-07,549.3840942382812,552.030029296875,554.3400268554688,549.5800170898438,553.52001953125,45349300
2025-07-08,549.692626953125,552.3400268554688,554.010009765625,551.0999755859375,553.3800048828125,36153300
2025-07-09,553.5838623046875,556.25,557.6300048828125,553.0999755859375,554.47998046875,43045500
2025-07-10,552.7876586914062,555.4500122070312,557.2999877929688,552.75,556.8900146484375,34710900
2025-07-11,551.5436401367188,554.2000122070312,555.7899780273438,552.0499877929688,553.2999877929688,39618600
2025-07-14,553.5440673828125,556.2100219726562,556.9500122070312,551.6300048828125,553.989990234375,36453300
2025-07-15,554.051513671875,556.719970703125,560.7999877929688,556.6599731445312,560.25,43277700
2025-07-16,554.6187744140625,557.2899780273438,560.2100219726562,551.5599975585938,557.280029296875,52314700
2025-07-17,559.107177734375,561.7999877929688,562.3099975585938,557.2100219726562,558.02001953125,40423800
2025-07-18,558.56982421875,561.260009765625,564.72998046875,559.97998046875,563.1199951171875,50484700
2025-07-21,561.4658813476562,564.1699829101562,566.0599975585938,562.0599975585938,562.0900268554688,39595200
2025-07-22,558.5598754882812,561.25,564.3499755859375,558.6099853515625,564.2999877929688,43270600
2025-07-23,561.1076049804688,563.8099975585938,563.8499755859375,559.5800170898438,562.3400268554688,40215300
2025-07-24,562.3018188476562,565.010009765625,566.239990234375,563.2899780273438,565.1300048828125,42275500
2025-07-25,563.6552734375,566.3699951171875,567.7000122070312,564.27001953125,564.9299926757812,30630800
2025-07-28,565.4168701171875,568.1400146484375,569.0399780273438,566.8699951171875,567.739990234375,31498700
2025-07-29,564.5410766601562,567.260009765625,572.1099853515625,566.530029296875,570.760009765625,45463300
2025-07-30,565.2974243164062,568.02001953125,570.6199951171875,565.0499877929688,568.1799926757812,43433800
2025-07-31,562.3018188476562,565.010009765625,574.6300048828125,563.8699951171875,574.5399780273438,64613600
2025-08-01,551.2252197265625,553.8800048828125,559.02001953125,551.6799926757812,558.8300170898438,69400800
2025-08-04,561.3961791992188,564.0999755859375,564.3200073242188,558.9500122070312,559.0499877929688,47669800
2025-08-05,557.5845947265625,560.27001953125,566.5599975585938,559.72998046875,565.3900146484375,48666600
2025-08-06,564.6007690429688,567.3200073242188,567.760009765625,560.6300048828125,561.1099853515625,41823700
2025-08-07,566.5115356445312,569.239990234375,573.3200073242188,565.1099853515625,571.6699829101562,44463000
2025-08-08,571.796142578125,574.5499877929688,574.77001953125,570.1500244140625,570.4500122070312,35255500
2025-08-11,570.104248046875,572.8499755859375,576.7999877929688,571.5700073242188,574.6900024414062,33112900
2025-08-12,577.2696533203125,580.0499877929688,580.3499755859375,572.489990234375,575.1599731445312,42143300
2025-08-13,577.558349609375,580.3400268554688,583.3200073242188,578.9400024414062,582.760009765625,41209300
2025-08-14,577.110595703125,579.8900146484375,581.8800048828125,577.9099731445312,578.280029296875,45425000
2025-08-15,574.57275390625,577.3400268554688,579.8400268554688,575.5700073242188,579.7999877929688,49480200
2025-08-18,574.3438110351562,577.1099853515625,577.77001953125,575.239990234375,576.4400024414062,29831000
2025-08-19,566.5513305664062,569.280029296875,576.5599975585938,568.25,576.3900146484375,53752600
2025-08-20,563.1876220703125,565.9000244140625,568.4500122070312,558.8400268554688,568.3300170898438,76781100
2025-08-21,560.5802001953125,563.280029296875,566.489990234375,560.97998046875,564.3499755859375,46436900
2025-08-22,569.2284545898438,571.969970703125,573.989990234375,563.27001953125,564.6699829101562,51502100
2025-08-25,567.58642578125,570.3200073242188,573.2899780273438,569.1599731445312,570.4000244140625,34044700
2025-08-26,569.8654174804688,572.6099853515625,572.9199829101562,568.7999877929688,569.8300170898438,34103000
2025-08-27,570.7412719726562,573.489990234375,574.4099731445312,570.3699951171875,571.5900268554688,36927100
2025-08-28,574.3140258789062,577.0800170898438,578.0,572.4600219726562,574.1099853515625,46787900
2025-08-29,567.666015625,570.4000244140625,575.030029296875,568.5399780273438,574.6599731445312,56030400
2025-09-02,562.9089965820312,565.6199951171875,565.969970703125,559.5399780273438,561.3099975585938,65876800
2025-09-03,567.3375854492188,570.0700073242188,571.7000122070312,566.72998046875,569.22998046875,54230200
2025-09-04,572.472900390625,575.22998046875,575.5999755859375,569.030029296875,570.739990234375,47526300
2025-09-05,573.2988891601562,576.0599975585938,581.1199951171875,571.530029296875,580.489990234375,68342500
2025-09-08,576.0953979492188,578.8699951171875,580.8400268554688,577.77001953125,578.3699951171875,46371400
2025-09-09,577.7276000976562,580.510009765625,580.9400024414062,577.0399780273438,579.6699829101562,44007600
2025-09-10,577.9166870117188,580.7000122070312,583.77001953125,578.5499877929688,583.739990234375,49308000
2025-09-11,581.2803955078125,584.0800170898438,584.8800048828125,581.6199951171875,583.239990234375,44745800
2025-09-12,583.8480224609375,586.6599731445312,587.8599853515625,584.0999755859375,585.0399780273438,50745900
2025-09-15,588.843994140625,591.6799926757812,591.7899780273438,588.2899780273438,588.4400024414062,44360300
2025-09-16,588.346435546875,591.1799926757812,592.8599853515625,590.489990234375,592.6099853515625,36942100
2025-09-17,587.1720581054688,590.0,591.75,584.3699951171875,591.0999755859375,69384800
2025-09-18,592.4666137695312,595.3200073242188,598.1400146484375,592.9600219726562,594.9099731445312,61069300
2025-09-19,596.4771728515625,599.3499755859375,600.0499877929688,595.8499755859375,597.3300170898438,58196100
2025-09-22,600.0083618164062,602.2000122070312,602.8699951171875,597.719970703125,597.739990234375,57154800
2025-09-23,596.02294921875,598.2000122070312,602.5700073242188,596.97998046875,602.3699951171875,64635500
2025-09-24,593.9305419921875,596.0999755859375,599.9000244140625,593.3599853515625,599.5800170898438,49850300
2025-09-25,591.3699340820312,593.530029296875,595.1199951171875,588.5,592.2000122070312,70920200
2025-09-26,593.801025390625,595.969970703125,596.2999877929688,591.0599975585938,594.3499755859375,54337400
2025-09-29,596.5509643554688,598.72998046875,602.0499877929688,597.4099731445312,599.1099853515625,48332900
2025-09-30,598.18505859375,600.3699951171875,600.7100219726562,596.0999755859375,598.4299926757812,46533800
2025-10-01,601.0545043945312,603.25,603.7899780273438,596.3400268554688,597.1699829101562,46899600
2025-10-02,603.5254516601562,605.72998046875,607.1599731445312,602.9299926757812,607.0599975585938,43765400
2025-10-03,600.9848022460938,603.1799926757812,607.3300170898438,601.3900146484375,606.510009765625,46482100
2025-10-06,605.498291015625,607.7100219726562,609.3599853515625,605.969970703125,608.4500122070312,41962100
2025-10-07,602.3099365234375,604.510009765625,609.7100219726562,603.030029296875,609.02001953125,58209500
2025-10-08,609.2147827148438,611.4400024414062,611.75,605.260009765625,605.4099731445312,50629800
2025-10-09,608.4774169921875,610.7000122070312,611.6099853515625,607.47998046875,611.47998046875,45551000
2025-10-10,587.3546142578125,589.5,613.1799926757812,589.0499877929688,611.4000244140625,97614800
2025-10-13,599.8190307617188,602.010009765625,602.9500122070312,597.22998046875,599.6799926757812,65872600
2025-10-14,595.8236083984375,598.0,602.6900024414062,590.1300048828125,595.3099975585938,69203200
2025-10-15,600.0281982421875,602.219970703125,606.7000122070312,595.9299926757812,604.010009765625,62805500
2025-10-16,597.8063354492188,599.989990234375,608.3099975585938,595.5,605.1099853515625,70982000
2025-10-17,601.7320556640625,603.9299926757812,605.510009765625,596.3699951171875,597.9500122070312,72024900
2025-10-20,609.3142700195312,611.5399780273438,612.7999877929688,607.0700073242188,607.1400146484375,45761700
2025-10-21,609.1549682617188,611.3800048828125,612.719970703125,609.3200073242188,611.6400146484375,44538200
2025-10-22,603.286376953125,605.489990234375,611.4099731445312,599.739990234375,610.8200073242188,61478800
2025-10-23,608.3578491210938,610.5800170898438,611.3699951171875,604.52001953125,604.9099731445312,42844300
2025-10-24,614.8540649414062,617.0999755859375,618.4199829101562,615.1300048828125,615.989990234375,47632500
2025-10-27,625.8041381835938,628.0900268554688,628.5499877929688,624.030029296875,624.52001953125,54098600
2025-10-28,630.6165771484375,632.9199829101562,634.6799926757812,629.25,630.3599853515625,61195700
2025-10-29,633.4562377929688,635.77001953125,637.010009765625,630.25,635.5900268554688,67422800
2025-10-30,623.7715454101562,626.0499877929688,633.5,625.9400024414062,632.1699829101562,61628600
2025-10-31,626.7805786132812,629.0700073242188,634.2000122070312,626.6900024414062,634.1699829101562,66305100
2025-11-03,629.7796020507812,632.0800170898438,635.8200073242188,629.8499755859375,635.1099853515625,37154300
2025-11-04,616.996337890625,619.25,626.9500122070312,618.4600219726562,623.280029296875,63830800
2025-11-05,621.01171875,623.280029296875,626.5999755859375,617.2100219726562,618.489990234375,48688500
2025-11-06,609.4439086914062,611.6699829101562,622.0399780273438,610.2999877929688,621.7899780273438,72115100
2025-11-07,607.5209350585938,609.739990234375,609.9500122070312,598.6699829101562,608.3099975585938,81835400
2025-11-10,620.9618530273438,623.22998046875,624.3099975585938,616.8900146484375,618.9199829101562,55919900
2025-11-11,619.307861328125,621.5700073242188,622.719970703125,617.52001953125,620.5700073242188,44868800
2025-11-12,618.8196411132812,621.0800170898438,624.8599853515625,617.8099975585938,624.8400268554688,47444400
2025-11-13,606.1858520507812,608.4000244140625,618.1199951171875,606.0800170898438,617.5399780273438,71333600
2025-11-14,606.6441040039062,608.8599853515625,613.3499755859375,597.1699829101562,599.5499877929688,80087300
2025-11-17,601.4630737304688,603.6599731445312,612.47998046875,599.8699951171875,606.2999877929688,63850400
2025-11-18,594.1397705078125,596.3099975585938,602.3099975585938,591.3400268554688,599.6199951171875,83327300
2025-11-19,597.6868896484375,599.8699951171875,606.1599731445312,594.5900268554688,597.0700073242188,73111500
2025-11-20,583.5385131835938,585.6699829101562,614.030029296875,584.75,611.6199951171875,117743200
2025-11-21,587.9224853515625,590.0700073242188,596.97998046875,580.739990234375,587.469970703125,103344200
2025-11-24,602.9575805664062,605.1599731445312,606.6799926757812,595.1599731445312,595.280029296875,60168100
2025-11-25,606.6740112304688,608.8900146484375,610.260009765625,597.3200073242188,603.510009765625,57560900
2025-11-26,612.034423828125,614.27001953125,616.1900024414062,610.3900146484375,612.510009765625,42393600
2025-11-28,616.996337890625,619.25,619.3200073242188,615.4199829101562,616.1099853515625,23034400
2025-12-01,614.923828125,617.1699829101562,619.4400024414062,612.52001953125,613.6300048828125,40957600
2025-12-02,619.736328125,622.0,623.75,617.5900268554688,619.4600219726562,54541800
2025-12-03,621.2507934570312,623.52001953125,624.219970703125,618.030029296875,619.6199951171875,47841600
2025-12-04,620.6729125976562,622.9400024414062,624.9400024414062,619.5399780273438,624.9299926757812,47067800
2025-12-05,623.20361328125,625.47998046875,628.9199829101562,623.7100219726562,624.3800048828125,53614200
2025-12-08,622.008056640625,624.280029296875,628.8400268554688,621.6900024414062,627.2100219726562,43462400
2025-12-09,622.7752075195312,625.0499877929688,625.8699951171875,621.0,623.010009765625,37156000
2025-12-10,625.3258666992188,627.6099853515625,629.2100219726562,620.989990234375,623.8499755859375,55031400
2025-12-11,623.3032836914062,625.5800170898438,625.780029296875,617.719970703125,623.8200073242188,58272800
2025-12-12,611.3868408203125,613.6199951171875,623.5399780273438,611.3599853515625,622.0800170898438,75158700
2025-12-15,608.3179931640625,610.5399780273438,618.4199829101562,609.3200073242188,618.3699951171875,49538200
2025-12-16,609.5235595703125,611.75,613.510009765625,606.9099731445312,608.260009765625,55152800
2025-12-17,598.224853515625,600.4099731445312,613.6500244140625,600.280029296875,613.0599975585938,70654300
2025-12-18,606.8932495117188,609.1099853515625,612.9299926757812,606.9199829101562,609.7999877929688,78875800
2025-12-19,614.8042602539062,617.0499877929688,617.6199951171875,611.8699951171875,611.9500122070312,60369800
2025-12-22,617.7513427734375,619.2100219726562,621.6500244140625,617.77001953125,621.3499755859375,43703100
2025-12-23,620.6444702148438,622.1099853515625,622.4099731445312,617.780029296875,618.2000122070312,41120400
2025-12-24,622.4602661132812,623.9299926757812,624.280029296875,621.719970703125,621.989990234375,18468700
2025-12-26,622.4202880859375,623.8900146484375,625.52001953125,623.1400146484375,624.6599731445312,28959800
2025-12-29,619.4074096679688,620.8699951171875,622.780029296875,618.72998046875,620.0999755859375,32458300
2025-12-30,617.9707641601562,619.4299926757812,622.1799926757812,619.219970703125,619.8400268554688,31226800
2025-12-31,612.8628540039062,614.3099975585938,619.9600219726562,614.0499877929688,619.6500244140625,40746500
