Date,Adj Close,Close,High,Low,Open,Volume
2010-01-04,55.504547119140625,89.80999755859375,90.0999984741211,89.58000183105469,89.83999633789062,2829100
2010-01-05,55.86296844482422,90.38999938964844,90.62999725341797,90.0,90.05000305175781,2841600
2010-01-06,55.115169525146484,89.18000030517578,90.26000213623047,89.12000274658203,90.16999816894531,4099600
2010-01-07,55.20789337158203,89.33000183105469,89.63999938964844,89.12000274658203,89.22000122070312,2793200
2010-01-08,55.18315505981445,89.29000091552734,89.55999755859375,88.76000213623047,89.51000213623047,2910700
2010-01-11,54.88032150268555,88.80000305175781,89.36000061035156,88.7699966430664,88.98999786376953,2181300
2010-01-12,55.81975555419922,90.31999969482422,90.38999938964844,89.83999633789062,90.16000366210938,4321200
2010-01-13,55.17080307006836,89.2699966430664,90.27999877929688,89.22000122070312,89.93000030517578,4755000
2010-01-14,55.94333267211914,90.5199966430664,90.5199966430664,89.54000091552734,89.69000244140625,4188800
2010-01-15,56.28942108154297,91.08000183105469,91.33000183105469,90.9800033569336,91.02999877929688,4142800
2010-01-19,56.12871551513672,90.81999969482422,91.12000274658203,90.41999816894531,90.72000122070312,2496000
2010-01-20,56.69733810424805,91.73999786376953,91.7699966430664,91.2699966430664,91.31999969482422,2800500
2010-01-21,56.95687484741211,92.16000366210938,92.38999938964844,91.45999908447266,91.55000305175781,4363100
2010-01-22,56.85804748535156,92.0,92.30999755859375,91.7699966430664,92.08999633789062,3666900
2010-01-25,56.59841537475586,91.58000183105469,91.91999816894531,91.48999786376953,91.54000091552734,2419500
2010-01-26,56.616966247558594,91.61000061035156,92.11000061035156,91.30999755859375,92.0199966430664,3138100
2010-01-27,56.586090087890625,91.55999755859375,92.08999633789062,91.37000274658203,91.75,3325700
2010-01-28,56.5551872253418,91.51000213623047,91.69999694824219,91.05999755859375,91.12999725341797,3058200
2010-01-29,57.04960632324219,92.30999755859375,92.36000061035156,91.25,91.41000366210938,4930600
2010-02-01,56.53175354003906,91.1500015258789,91.7300033569336,91.05000305175781,91.70999908447266,3598500
2010-02-02,56.69295883178711,91.41000366210938,91.44999694824219,91.04000091552734,91.18000030517578,3047500
2010-02-03,56.03557205200195,90.3499984741211,90.97000122070312,90.2699966430664,90.80999755859375,5343700
2010-02-04,56.92245864868164,91.77999877929688,91.81999969482422,90.9000015258789,90.98999786376953,6095000
2010-02-05,57.046504974365234,91.9800033569336,92.41999816894531,91.20999908447266,91.37000274658203,6875800
2010-02-08,57.12092590332031,92.0999984741211,92.1500015258789,91.6500015258789,91.87000274658203,3386000
2010-02-09,56.55036926269531,91.18000030517578,92.22000122070312,91.13999938964844,91.73999786376953,4790000
2010-02-10,56.010738372802734,90.30999755859375,91.5999984741211,90.19999694824219,91.31999969482422,5068000
2010-02-11,55.70684814453125,89.81999969482422,90.27999877929688,89.37999725341797,90.19999694824219,5087500
2010-02-12,55.93634033203125,90.19000244140625,90.41999816894531,89.94999694824219,90.30999755859375,2833800
2010-02-16,56.041725158691406,90.36000061035156,90.44000244140625,89.7300033569336,89.7300033569336,2440900
2010-02-17,55.402915954589844,89.33000183105469,90.08999633789062,89.08000183105469,89.91999816894531,4368200
2010-02-18,55.179656982421875,88.97000122070312,89.5,88.51000213623047,89.45999908447266,5121800
2010-02-19,55.47737121582031,89.44999694824219,89.51000213623047,88.9000015258789,89.23999786376953,3502500
2010-02-22,55.24790954589844,89.08000183105469,89.31999969482422,88.91999816894531,89.12000274658203,3382600
2010-02-23,56.10997772216797,90.47000122070312,90.54000091552734,89.30000305175781,89.33999633789062,5474500
2010-02-24,56.24637985229492,90.69000244140625,90.87999725341797,90.18000030517578,90.55000305175781,4423200
2010-02-25,56.562721252441406,91.19999694824219,91.29000091552734,90.9000015258789,91.18000030517578,3707700
2010-02-26,56.85424041748047,91.66999816894531,92.05999755859375,91.41000366210938,91.45999908447266,4349100
2010-03-01,56.829368591308594,91.33999633789062,91.52999877929688,90.95999908447266,91.33000183105469,2415200
2010-03-02,56.75469207763672,91.22000122070312,91.27999877929688,90.69999694824219,90.87999725341797,2260600
2010-03-03,56.6115608215332,90.98999786376953,91.08000183105469,90.69999694824219,91.01000213623047,2156100
2010-03-04,56.91023254394531,91.47000122070312,91.68000030517578,90.83000183105469,90.95999908447266,2374700
2010-03-05,56.16360855102539,90.2699966430664,90.87000274658203,90.12000274658203,90.83000183105469,3823200
2010-03-08,55.87118911743164,89.80000305175781,89.97000122070312,89.69999694824219,89.9000015258789,2850400
2010-03-09,55.883628845214844,89.81999969482422,90.0,89.4000015258789,89.9800033569336,2573700
2010-03-10,55.740535736083984,89.58999633789062,89.69999694824219,89.19000244140625,89.48999786376953,3216200
2010-03-11,55.94587707519531,89.91999816894531,90.13999938964844,89.37000274658203,89.38999938964844,2621000
2010-03-12,56.294288635253906,90.4800033569336,90.6500015258789,89.7300033569336,89.7699966430664,3099100
2010-03-15,56.21956253051758,90.36000061035156,90.47000122070312,90.05000305175781,90.3499984741211,1936800
2010-03-16,56.667598724365234,91.08000183105469,91.08999633789062,90.54000091552734,90.55999755859375,3932600
2010-03-17,56.91023254394531,91.47000122070312,91.47000122070312,91.06999969482422,91.30999755859375,3481200
2010-03-18,56.72357177734375,91.16999816894531,91.4800033569336,91.01000213623047,91.41999816894531,2750300
2010-03-19,56.7795524597168,91.26000213623047,91.58000183105469,90.87000274658203,91.26000213623047,2976300
2010-03-22,56.84177017211914,91.36000061035156,91.48999786376953,91.22000122070312,91.3499984741211,2452300
2010-03-23,56.57427978515625,90.93000030517578,91.31999969482422,90.91000366210938,91.06999969482422,2910000
2010-03-24,55.54145050048828,89.2699966430664,90.25,89.05999755859375,89.83999633789062,8049300
2010-03-25,55.18680191040039,88.69999694824219,89.23999786376953,88.37000274658203,89.12999725341797,8268400
2010-03-26,55.34232711791992,88.94999694824219,89.12000274658203,88.48999786376953,88.54000091552734,4110700
2010-03-29,55.13080978393555,88.61000061035156,88.8499984741211,88.30999755859375,88.77999877929688,3245100
2010-03-30,55.30500411987305,88.88999938964844,88.94999694824219,88.2699966430664,88.5199966430664,3254600
2010-03-31,55.684539794921875,89.5,89.5199966430664,88.94999694824219,89.22000122070312,4263900
2010-04-01,55.54840087890625,88.94999694824219,89.02999877929688,88.43000030517578,88.7699966430664,2912400
2010-04-05,54.62417221069336,87.47000122070312,88.13999938964844,87.41000366210938,87.9800033569336,5652000
2010-04-06,54.71158218383789,87.61000061035156,87.8499984741211,87.3499984741211,87.80000305175781,3584600
2010-04-07,55.41102600097656,88.7300033569336,88.91999816894531,87.30000305175781,87.44999694824219,6389900
2010-04-08,55.43600845336914,88.7699966430664,89.12999725341797,88.4800033569336,88.88999938964844,3797600
2010-04-09,55.56715774536133,88.9800033569336,89.05999755859375,88.41000366210938,88.61000061035156,2311300
2010-04-12,55.86064910888672,89.44999694824219,89.55999755859375,89.08999633789062,89.16999816894531,2939600
2010-04-13,56.041786193847656,89.73999786376953,89.94999694824219,89.5199966430664,89.88999938964844,3090900
2010-04-14,55.6483268737793,89.11000061035156,89.87000274658203,89.11000061035156,89.76000213623047,3570100
2010-04-15,55.71075439453125,89.20999908447266,89.5,88.68000030517578,88.8499984741211,3698000
2010-04-16,56.11669158935547,89.86000061035156,89.98999786376953,89.23999786376953,89.4000015258789,8303900
2010-04-19,55.97929000854492,89.63999938964844,90.02999877929688,89.5199966430664,89.87000274658203,3211500
2010-04-20,56.17909622192383,89.95999908447266,89.98999786376953,89.63999938964844,89.8499984741211,2285000
2010-04-21,56.6412467956543,90.69999694824219,90.83000183105469,90.26000213623047,90.2699966430664,4162200
2010-04-22,56.472652435302734,90.43000030517578,91.08999633789062,90.33000183105469,90.9000015258789,2841400
2010-04-23,56.2728271484375,90.11000061035156,90.36000061035156,89.87000274658203,90.20999908447266,4776000
2010-04-26,56.335235595703125,90.20999908447266,90.6500015258789,89.94000244140625,90.51000213623047,4753900
2010-04-27,57.12837219238281,91.4800033569336,91.91999816894531,90.69999694824219,90.8499984741211,13199200
2010-04-28,56.6412467956543,90.69999694824219,91.3499984741211,90.4800033569336,91.12999725341797,8379500
2010-04-29,56.878578186035156,91.08000183105469,91.22000122070312,90.5199966430664,90.86000061035156,4067200
2010-04-30,57.534263610839844,92.12999725341797,92.16999816894531,91.11000061035156,91.27999877929688,6924800
2010-05-03,57.45907974243164,91.69000244140625,92.0199966430664,91.27999877929688,91.41999816894531,4211800
2010-05-04,58.49305725097656,93.33999633789062,93.47000122070312,92.55999755859375,92.80999755859375,11054800
2010-05-05,58.83772659301758,93.88999938964844,94.8499984741211,93.3499984741211,94.05999755859375,12219100
2010-05-06,60.65510177612305,96.79000091552734,100.0,93.77999877929688,94.16000366210938,19578200
2010-05-07,59.896846771240234,95.58000183105469,98.08999633789062,95.2699966430664,95.87999725341797,18740600
2010-05-10,58.65599822998047,93.5999984741211,93.94000244140625,93.08999633789062,93.16000366210938,10240100
2010-05-11,58.50560760498047,93.36000061035156,94.0199966430664,92.98999786376953,93.9800033569336,7729100
2010-05-12,58.06071472167969,92.6500015258789,93.26000213623047,92.61000061035156,93.13999938964844,5530800
2010-05-13,58.442955017089844,93.26000213623047,93.55000305175781,92.19999694824219,93.26000213623047,6849700
2010-05-14,59.45813751220703,94.87999725341797,95.5,94.08999633789062,94.12000274658203,9796500
2010-05-17,59.23882293701172,94.52999877929688,95.70999908447266,94.47000122070312,94.72000122070312,6302200
2010-05-18,60.1474494934082,95.9800033569336,96.16999816894531,94.7699966430664,94.9000015258789,9904100
2010-05-19,60.34800338745117,96.30000305175781,96.94999694824219,95.93000030517578,95.94000244140625,14121200
2010-05-20,61.62013244628906,98.33000183105469,98.56999969482422,97.52999877929688,97.91000366210938,17666900
2010-05-21,61.68282699584961,98.43000030517578,99.75,97.86000061035156,99.61000061035156,18670600
2010-05-24,61.46977615356445,98.08999633789062,98.87000274658203,97.9000015258789,98.73999786376953,7721100
2010-05-25,61.770545959472656,98.56999969482422,99.88999938964844,98.4000015258789,99.6500015258789,12952700
2010-05-26,61.5950927734375,98.29000091552734,98.4000015258789,97.4000015258789,98.22000122070312,12644800
2010-05-27,60.1976203918457,96.05999755859375,96.98999786376953,95.87999725341797,96.83000183105469,7653200
2010-05-28,60.4733772277832,96.5,96.77999877929688,96.0199966430664,96.48999786376953,5805500
2010-06-01,60.89838790893555,96.8499984741211,97.29000091552734,96.25,97.2300033569336,5536200
2010-06-02,60.31983947753906,95.93000030517578,97.19000244140625,95.81999969482422,96.98999786376953,5656400
2010-06-03,59.879783630371094,95.2300033569336,95.91000366210938,95.0999984741211,95.20999908447266,8499500
2010-06-04,61.48948287963867,97.79000091552734,97.94999694824219,96.69999694824219,96.94000244140625,7479600
2010-06-07,61.961021423339844,98.54000091552734,98.58999633789062,97.33000183105469,97.5199966430664,5288200
2010-06-08,61.6529655456543,98.05000305175781,98.51000213623047,97.76000213623047,97.93000030517578,5510800
2010-06-09,61.58380889892578,97.94000244140625,98.12000274658203,97.20999908447266,97.5999984741211,5598000
2010-06-10,60.48339080810547,96.19000244140625,97.29000091552734,96.08999633789062,97.19999694824219,6075100
2010-06-11,61.250526428222656,97.41000366210938,97.80999755859375,96.61000061035156,97.08999633789062,6266700
2010-06-14,60.93614959716797,96.91000366210938,97.04000091552734,96.22000122070312,96.31999969482422,5310400
2010-06-15,60.68455505371094,96.51000213623047,97.25,96.05000305175781,97.11000061035156,4920100
2010-06-16,61.030494689941406,97.05999755859375,97.22000122070312,96.38999938964844,97.19000244140625,4011100
2010-06-17,61.527225494384766,97.8499984741211,98.2300033569336,97.06999969482422,97.1500015258789,5650900
2010-06-18,61.42659378051758,97.69000244140625,98.11000061035156,97.56999969482422,97.88999938964844,4171700
2010-06-21,61.250526428222656,97.41000366210938,97.55000305175781,96.41000366210938,96.45999908447266,5740900
2010-06-22,61.97992706298828,98.56999969482422,98.5999984741211,97.41999816894531,97.68000030517578,5658900
2010-06-23,62.40123748779297,99.23999786376953,99.56999969482422,98.56999969482422,98.61000061035156,9137800
2010-06-24,62.030235290527344,98.6500015258789,99.58999633789062,98.3499984741211,99.3499984741211,6184600
2010-06-25,62.28177261352539,99.05000305175781,99.33000183105469,98.16000366210938,98.31999969482422,5148300
2010-06-28,62.866539001464844,99.9800033569336,100.0,99.41999816894531,99.5999984741211,5436000
2010-06-29,63.551902770996094,101.06999969482422,101.12999725341797,100.16000366210938,100.31999969482422,7334200
2010-06-30,63.979496002197266,101.75,101.79000091552734,100.80000305175781,101.41000366210938,7205700
2010-07-01,64.08037567138672,101.5999984741211,102.66000366210938,101.37999725341797,101.56999969482422,12893400
2010-07-02,63.56950759887695,100.79000091552734,101.44000244140625,100.16000366210938,101.11000061035156,6297600
2010-07-06,64.09298706054688,101.62000274658203,101.75,100.73999786376953,100.83000183105469,6620400
2010-07-07,63.34246063232422,100.43000030517578,101.51000213623047,100.33999633789062,101.45999908447266,5727800
2010-07-08,62.93881607055664,99.79000091552734,100.16000366210938,99.55000305175781,99.81999969482422,6260600
2010-07-09,62.57929611206055,99.22000122070312,99.63999938964844,99.18000030517578,99.4000015258789,4286000
2010-07-12,62.554080963134766,99.18000030517578,99.83999633789062,99.04000091552734,99.33000183105469,4062100
2010-07-13,62.01800537109375,98.33000183105469,98.88999938964844,98.18000030517578,98.8499984741211,5842500
2010-07-14,62.6423454284668,99.31999969482422,99.48999786376953,98.38999938964844,98.72000122070312,5417300
2010-07-15,63.26673889160156,100.30999755859375,100.58999633789062,99.69999694824219,99.73999786376953,6996100
2010-07-16,63.57584762573242,100.80000305175781,101.12999725341797,100.2699966430664,100.30999755859375,7512400
2010-07-19,63.18478012084961,100.18000030517578,100.75,99.9800033569336,100.55999755859375,4305800
2010-07-20,63.27935791015625,100.33000183105469,100.9000015258789,100.18000030517578,100.66999816894531,5076600
2010-07-21,64.35162353515625,102.02999877929688,102.27999877929688,100.41000366210938,100.44999694824219,7894200
2010-07-22,63.60737609863281,100.8499984741211,101.5199966430664,100.81999969482422,101.51000213623047,5759700
2010-07-23,62.93251037597656,99.77999877929688,100.97000122070312,99.69000244140625,100.80000305175781,6259100
2010-07-26,62.82525634765625,99.61000061035156,99.80999755859375,99.0,99.62999725341797,4856400
2010-07-27,62.2198371887207,98.6500015258789,99.18000030517578,98.56999969482422,98.77999877929688,5328000
2010-07-28,62.42158126831055,98.97000122070312,99.19000244140625,98.2699966430664,98.48999786376953,5507200
2010-07-29,62.4027099609375,98.94000244140625,99.0199966430664,97.91999816894531,98.0999984741211,6305500
2010-07-30,63.37403869628906,100.4800033569336,100.61000061035156,99.8499984741211,100.19999694824219,7683200
2010-08-02,62.48432922363281,98.75,99.33000183105469,98.75,99.23999786376953,5769200
2010-08-03,62.84500503540039,99.31999969482422,99.66000366210938,98.93000030517578,99.19999694824219,4363500
2010-08-04,62.36411666870117,98.55999755859375,99.51000213623047,98.55999755859375,99.5,3820400
2010-08-05,62.655181884765625,99.0199966430664,99.48999786376953,98.83999633789062,99.33999633789062,3704200
2010-08-06,63.33859634399414,100.0999984741211,100.20999908447266,99.48999786376953,99.79000091552734,6042400
2010-08-09,63.104461669921875,99.7300033569336,99.9800033569336,99.61000061035156,99.73999786376953,2578500
2010-08-10,63.23728942871094,99.94000244140625,101.01000213623047,99.47000122070312,100.05999755859375,11251000
2010-08-11,64.0852279663086,101.27999877929688,101.38999938964844,100.30999755859375,100.30999755859375,6778300
2010-08-12,63.92702102661133,101.02999877929688,101.94000244140625,100.87000274658203,101.58000183105469,7590100
2010-08-13,64.72429656982422,102.29000091552734,102.44999694824219,101.4800033569336,101.62000274658203,7843600
2010-08-16,66.34412384033203,104.8499984741211,104.88999938964844,104.06999969482422,104.20999908447266,7976200
2010-08-17,65.9645004272461,104.25,104.86000061035156,104.0,104.8499984741211,6756800
2010-08-18,66.14164733886719,104.52999877929688,105.6500015258789,104.48999786376953,105.0,7721600
2010-08-19,67.1729965209961,106.16000366210938,106.61000061035156,104.63999938964844,104.79000091552734,13128500
2010-08-20,67.09711456298828,106.04000091552734,106.83000183105469,105.83999633789062,106.41000366210938,7040300
2010-08-23,67.10977935791016,106.05999755859375,106.19000244140625,105.25,105.6500015258789,6360100
2010-08-24,68.18548583984375,107.76000213623047,108.12999725341797,106.66999816894531,107.04000091552734,9812100
2010-08-25,67.9639892578125,107.41000366210938,109.33999633789062,107.06999969482422,108.80000305175781,13299800
2010-08-26,68.60308074951172,108.41999816894531,108.48999786376953,107.29000091552734,107.55999755859375,7039900
2010-08-27,66.66053771972656,105.3499984741211,108.33000183105469,105.19999694824219,107.7699966430664,13514000
2010-08-30,67.93865966796875,107.37000274658203,107.4000015258789,105.81999969482422,106.20999908447266,5535300
2010-08-31,68.69169616699219,108.55999755859375,108.6500015258789,107.62000274658203,108.22000122070312,8397000
2010-09-01,67.27131652832031,106.0,107.05000305175781,105.08999633789062,107.0199966430664,12480700
2010-09-02,66.56055450439453,104.87999725341797,105.30000305175781,104.4000015258789,105.19999694824219,8167600
2010-09-03,65.73551940917969,103.58000183105469,103.94000244140625,102.69999694824219,102.72000122070312,9210700
2010-09-07,67.08092498779297,105.69999694824219,105.77999877929688,104.80999755859375,105.08999633789062,6018400
2010-09-08,66.5478744506836,104.86000061035156,105.20999908447266,104.36000061035156,105.08999633789062,6698400
2010-09-09,65.2341537475586,102.79000091552734,103.83999633789062,102.63999938964844,103.69999694824219,8588900
2010-09-10,64.93587493896484,102.31999969482422,102.69999694824219,101.8499984741211,102.25,6910300
2010-09-13,65.25316619873047,102.81999969482422,103.05000305175781,101.7699966430664,101.80000305175781,7054800
2010-09-14,65.88153839111328,103.80999755859375,103.81999969482422,102.97000122070312,103.02999877929688,5978100
2010-09-15,64.90413665771484,102.2699966430664,103.26000213623047,102.13999938964844,102.75,7919100
2010-09-16,64.2632064819336,101.26000213623047,101.81999969482422,100.8499984741211,101.52999877929688,17116200
2010-09-17,64.52339172363281,101.66999816894531,102.16000366210938,101.31999969482422,101.83000183105469,9203600
2010-09-20,64.89775848388672,102.26000213623047,102.44999694824219,101.69000244140625,102.1500015258789,5277800
2010-09-21,65.79899597167969,103.68000030517578,104.0199966430664,102.26000213623047,102.66999816894531,12664000
2010-09-22,66.38922119140625,104.61000061035156,105.06999969482422,103.8499984741211,104.55000305175781,8229400
2010-09-23,66.57965087890625,104.91000366210938,105.45999908447266,104.23999786376953,105.41000366210938,7412200
2010-09-24,65.68476104736328,103.5,104.11000061035156,103.5,103.95999908447266,8942500
2010-09-27,66.82708740234375,105.30000305175781,105.44999694824219,104.4800033569336,104.52999877929688,7061600
2010-09-28,67.28402709960938,106.0199966430664,106.31999969482422,105.33999633789062,105.37999725341797,8262900
2010-09-29,67.00476837158203,105.58000183105469,106.2699966430664,105.3499984741211,106.16999816894531,5507100
2010-09-30,66.96036529541016,105.51000213623047,105.58999633789062,104.02999877929688,105.4000015258789,10618400
2010-10-01,66.63677978515625,104.61000061035156,105.13999938964844,103.9800033569336,104.2300033569336,9368400
2010-10-04,66.80875396728516,104.87999725341797,104.93000030517578,104.41000366210938,104.62000274658203,4422700
2010-10-05,66.40744018554688,104.25,104.80999755859375,103.93000030517578,104.7300033569336,8491800
2010-10-06,67.24190521240234,105.55999755859375,106.0999984741211,104.86000061035156,104.9000015258789,6476100
2010-10-07,66.68135070800781,104.68000030517578,105.37999725341797,104.66999816894531,105.16999816894531,5780700
2010-10-08,66.38834381103516,104.22000122070312,105.45999908447266,104.22000122070312,104.87000274658203,6128700
2010-10-11,66.40106201171875,104.23999786376953,104.43000030517578,103.94000244140625,104.11000061035156,1474200
2010-10-12,65.74494934082031,103.20999908447266,104.76000213623047,103.18000030517578,104.41000366210938,6122400
2010-10-13,65.64306640625,103.05000305175781,103.12000274658203,102.04000091552734,102.3499984741211,8168400
2010-10-14,64.66206359863281,101.51000213623047,103.6500015258789,101.47000122070312,103.29000091552734,10945000
2010-10-15,63.8721923828125,100.2699966430664,101.05000305175781,99.88999938964844,100.5999984741211,12694700
2010-10-18,64.38812255859375,101.08000183105469,101.44999694824219,100.77999877929688,101.19999694824219,5592200
2010-10-19,64.77674102783203,101.69000244140625,102.08999633789062,100.55000305175781,100.58000183105469,8017500
2010-10-20,64.9168930053711,101.91000366210938,102.27999877929688,101.20999908447266,101.37000274658203,5515800
2010-10-21,64.14607238769531,100.69999694824219,101.91000366210938,100.69000244140625,101.69000244140625,6836100
2010-10-22,64.5792465209961,101.37999725341797,101.47000122070312,100.41000366210938,100.44000244140625,4770700
2010-10-25,64.76400756835938,101.66999816894531,102.29000091552734,101.55000305175781,102.12000274658203,5632300
2010-10-26,63.76390075683594,100.0999984741211,101.05999755859375,100.05000305175781,100.86000061035156,8432000
2010-10-27,63.203330993652344,99.22000122070312,100.16999816894531,99.22000122070312,99.68000030517578,9245200
2010-10-28,63.37535095214844,99.48999786376953,99.83000183105469,99.16000366210938,99.58000183105469,8052600
2010-10-29,63.96772384643555,100.41999816894531,100.45999908447266,99.62000274658203,99.81999969482422,6753800
2010-11-01,63.692283630371094,99.66999816894531,100.80999755859375,99.48999786376953,100.80000305175781,5921000
2010-11-02,64.52945709228516,100.9800033569336,101.08999633789062,100.41999816894531,100.45999908447266,6537400
2010-11-03,63.213035583496094,98.91999816894531,102.2699966430664,98.43000030517578,101.7300033569336,25541800
2010-11-04,63.705108642578125,99.69000244140625,99.87000274658203,99.08000183105469,99.16999816894531,13246500
2010-11-05,62.612342834472656,97.9800033569336,98.80000305175781,97.9800033569336,98.3499984741211,12435000
2010-11-08,62.8935546875,98.41999816894531,98.91999816894531,97.81999969482422,98.58999633789062,6795200
2010-11-09,61.50680160522461,96.25,98.5199966430664,96.19000244140625,98.48999786376953,15061700
2010-11-10,61.589847564697266,96.37999725341797,96.73999786376953,95.0,96.3499984741211,18540400
2010-11-11,61.557926177978516,96.33000183105469,96.62999725341797,96.13999938964844,96.44999694824219,3368100
2010-11-12,61.225669860839844,95.80999755859375,96.73999786376953,95.80999755859375,96.20999908447266,11739500
2010-11-15,59.947608947753906,93.80999755859375,95.72000122070312,93.80999755859375,95.33000183105469,14978700
2010-11-16,61.43651580810547,96.13999938964844,96.25,93.98999786376953,94.91000366210938,19901300
2010-11-17,61.09783935546875,95.61000061035156,96.76000213623047,95.33999633789062,95.80000305175781,9915600
2010-11-18,61.34701156616211,96.0,96.0,94.80000305175781,95.68000030517578,12424800
2010-11-19,61.724090576171875,96.58999633789062,96.58999633789062,95.79000091552734,96.08999633789062,8359500
2010-11-22,61.986045837402344,97.0,97.62000274658203,96.23999786376953,97.37000274658203,10413500
2010-11-23,62.29286193847656,97.4800033569336,97.94999694824219,97.23999786376953,97.66999816894531,9566900
2010-11-24,61.18087387084961,95.73999786376953,96.98999786376953,95.58000183105469,96.80999755859375,11467600
2010-11-26,62.03084182739258,97.06999969482422,97.12000274658203,96.55000305175781,96.72000122070312,4848900
2010-11-29,62.56125259399414,97.9000015258789,97.94999694824219,97.08999633789062,97.55999755859375,8950000
2010-11-30,62.88710403442383,98.41000366210938,99.2699966430664,98.11000061035156,99.20999908447266,11947600
2010-12-01,61.48918151855469,95.88999938964844,97.11000061035156,95.88999938964844,96.6500015258789,15441200
2010-12-02,61.32888412475586,95.63999938964844,96.54000091552734,95.52999877929688,95.95999908447266,9318700
2010-12-03,60.847965240478516,94.88999938964844,96.33000183105469,94.8499984741211,96.27999877929688,10194800
2010-12-06,61.70721435546875,96.2300033569336,96.25,95.30999755859375,95.5199966430664,7001800
2010-12-07,60.386268615722656,94.16999816894531,94.91999816894531,93.16000366210938,94.72000122070312,18533100
2010-12-08,59.802734375,93.26000213623047,93.80000305175781,92.11000061035156,93.72000122070312,19275900
2010-12-09,60.09770965576172,93.72000122070312,94.2699966430664,92.7300033569336,93.5999984741211,17477100
2010-12-10,59.73217010498047,93.1500015258789,93.86000061035156,93.13999938964844,93.29000091552734,7078500
2010-12-13,59.95659255981445,93.5,94.02999877929688,92.55999755859375,93.05000305175781,12399900
2010-12-14,59.08452224731445,92.13999938964844,93.0199966430664,91.44000244140625,92.4000015258789,23516400
2010-12-15,58.315032958984375,90.94000244140625,92.23999786376953,90.47000122070312,92.08000183105469,26084000
2010-12-16,58.719032287597656,91.56999969482422,91.58000183105469,90.56999969482422,91.02999877929688,17939000
2010-12-17,59.789878845214844,93.23999786376953,93.7699966430664,91.86000061035156,91.87999725341797,16849700
2010-12-20,59.72573471069336,93.13999938964844,94.2300033569336,92.63999938964844,93.75,13703500
2010-12-21,60.142547607421875,93.79000091552734,93.79000091552734,92.48999786376953,93.12999725341797,8985100
2010-12-22,59.712955474853516,93.12000274658203,93.55000305175781,92.93000030517578,93.47000122070312,6440900
2010-12-23,59.59112548828125,92.93000030517578,93.2300033569336,92.52999877929688,93.18000030517578,7091800
2010-12-27,60.12335205078125,93.76000213623047,93.87999725341797,92.30000305175781,92.76000213623047,5285900
2010-12-28,58.94589614868164,91.61000061035156,93.06999969482422,91.30999755859375,92.93000030517578,13972100
2010-12-29,59.943180084228516,93.16000366210938,93.5199966430664,91.47000122070312,91.76000213623047,13115400
2010-12-30,59.89810562133789,93.08999633789062,93.27999877929688,92.41000366210938,92.87999725341797,7029900
2010-12-31,60.5609130859375,94.12000274658203,94.69999694824219,93.44000244140625,93.51000213623047,8516000
2011-01-03,60.104068756103516,93.41000366210938,94.30999755859375,92.94999694824219,93.19999694824219,13799400
2011-01-04,60.17485427856445,93.5199966430664,93.7699966430664,92.91000366210938,93.41000366210938,10466900
2011-01-05,58.84937286376953,91.45999908447266,92.69000244140625,91.19000244140625,92.48999786376953,17568000
2011-01-06,59.10669708251953,91.86000061035156,92.12000274658203,91.16000366210938,91.54000091552734,9317500
2011-01-07,59.42201232910156,92.3499984741211,92.62999725341797,91.02999877929688,91.51000213623047,12694600
2011-01-10,59.743709564208984,92.8499984741211,92.98999786376953,92.18000030517578,92.58000183105469,8295200
2011-01-11,59.409149169921875,92.33000183105469,92.5999984741211,91.69000244140625,92.48999786376953,9495400
2011-01-12,58.94589614868164,91.61000061035156,92.16999816894531,91.44999694824219,91.73999786376953,9522900
2011-01-13,59.47348403930664,92.43000030517578,92.7699966430664,91.44999694824219,91.62000274658203,14502400
2011-01-14,59.09381103515625,91.83999633789062,92.9000015258789,91.76000213623047,92.77999877929688,8960700
2011-01-18,58.81718826293945,91.41000366210938,91.70999908447266,90.7300033569336,91.29000091552734,10663600
2011-01-19,59.241790771484375,92.06999969482422,92.06999969482422,91.36000061035156,91.41000366210938,8886900
2011-01-20,58.42466735839844,90.80000305175781,91.61000061035156,90.38999938964844,91.5,14203400
2011-01-21,58.88789749145508,91.5199966430664,91.5199966430664,90.51000213623047,90.69000244140625,9085600
2011-01-24,58.91364669799805,91.55999755859375,91.9000015258789,91.37999725341797,91.87000274658203,7700200
2011-01-25,59.47348403930664,92.43000030517578,92.9000015258789,91.31999969482422,91.94000244140625,13438100
2011-01-26,58.57264709472656,91.02999877929688,92.26000213623047,90.88999938964844,92.22000122070312,13322900
2011-01-27,58.83644104003906,91.44000244140625,91.6500015258789,90.66999816894531,91.06999969482422,10868700
2011-01-28,59.14530563354492,91.91999816894531,92.27999877929688,90.7699966430664,90.80999755859375,11993200
2011-01-31,58.6949348449707,91.22000122070312,91.9800033569336,91.05000305175781,91.66000366210938,8647600
2011-02-01,58.40433120727539,90.44999694824219,90.83999633789062,90.13999938964844,90.55000305175781,11508400
2011-02-02,58.417213439941406,90.47000122070312,91.0,89.9000015258789,90.9000015258789,13624600
2011-02-03,57.93293380737305,89.72000122070312,90.56999969482422,89.70999908447266,89.95999908447266,12785800
2011-02-04,57.345401763916016,88.80999755859375,89.6500015258789,88.7699966430664,89.5,17172200
2011-02-07,57.64242172241211,89.2699966430664,89.30000305175781,88.56999969482422,88.69999694824219,8554800
2011-02-08,57.11293411254883,88.44999694824219,89.54000091552734,88.36000061035156,89.30999755859375,10454200
2011-02-09,57.6101188659668,89.22000122070312,89.66000366210938,88.13999938964844,88.69000244140625,13078600
2011-02-10,56.94502258300781,88.19000244140625,89.13999938964844,88.18000030517578,88.9000015258789,10486800
2011-02-11,57.765140533447266,89.45999908447266,89.52999877929688,88.73999786376953,89.02999877929688,11333400
2011-02-14,57.8038330078125,89.5199966430664,89.93000030517578,89.30999755859375,89.30999755859375,8033500
2011-02-15,58.06211471557617,89.91999816894531,89.97000122070312,89.37000274658203,89.55999755859375,7298000
2011-02-16,57.87481689453125,89.62999725341797,90.31999969482422,89.33999633789062,89.87000274658203,8446300
2011-02-17,57.96528244018555,89.7699966430664,90.18000030517578,89.66000366210938,90.0199966430664,6732500
2011-02-18,57.784507751464844,89.48999786376953,89.55000305175781,89.08000183105469,89.41999816894531,6080700
2011-02-22,58.6497688293457,90.83000183105469,90.94000244140625,89.70999908447266,89.91000366210938,11905700
2011-02-23,58.86276626586914,91.16000366210938,91.55000305175781,90.73999786376953,91.0999984741211,14522600
2011-02-24,59.2373046875,91.73999786376953,92.04000091552734,91.44000244140625,91.62999725341797,12110900
2011-02-25,59.58601379394531,92.27999877929688,92.27999877929688,91.63999938964844,91.73999786376953,6841700
2011-02-28,59.6634635925293,92.4000015258789,92.5199966430664,92.08000183105469,92.30000305175781,9682500
2011-03-01,59.83643341064453,92.37000274658203,92.4000015258789,91.47000122070312,91.5199966430664,8048700
2011-03-02,58.91654586791992,90.94999694824219,91.98999786376953,90.94000244140625,91.83999633789062,8526400
2011-03-03,58.340030670166016,90.05999755859375,90.77999877929688,89.9800033569336,90.52999877929688,10607600
2011-03-04,58.825862884521484,90.80999755859375,90.8499984741211,90.0,90.0999984741211,9316200
2011-03-07,58.45011520385742,90.2300033569336,90.86000061035156,89.8499984741211,90.0199966430664,7522300
2011-03-08,58.09389114379883,89.68000030517578,90.33999633789062,89.6500015258789,90.11000061035156,8498700
2011-03-09,58.657447814941406,90.55000305175781,90.81999969482422,89.8499984741211,90.08999633789062,8904800
2011-03-10,59.6420783996582,92.06999969482422,92.0999984741211,90.63999938964844,90.87000274658203,13385800
2011-03-11,59.30524826049805,91.55000305175781,92.08000183105469,91.33000183105469,92.04000091552734,8407600
2011-03-14,59.27932357788086,91.51000213623047,91.91999816894531,91.31999969482422,91.4800033569336,6765200
2011-03-15,60.16684341430664,92.87999725341797,93.05000305175781,92.36000061035156,92.80000305175781,14893800
2011-03-16,60.84699630737305,93.93000030517578,94.94000244140625,93.08000183105469,93.37000274658203,24294200
2011-03-17,60.38056182861328,93.20999908447266,93.61000061035156,92.76000213623047,93.23999786376953,10528500
2011-03-18,60.54252243041992,93.45999908447266,93.4800033569336,92.69000244140625,92.75,7260900
2011-03-21,60.18621826171875,92.91000366210938,93.18000030517578,92.56999969482422,93.12999725341797,10542900
2011-03-22,60.38704299926758,93.22000122070312,93.29000091552734,92.73999786376953,92.80999755859375,6904700
2011-03-23,60.30931091308594,93.0999984741211,93.87999725341797,92.93000030517578,93.8499984741211,8358000
2011-03-24,59.85588455200195,92.4000015258789,92.87999725341797,92.38999938964844,92.76000213623047,9477600
2011-03-25,59.706886291503906,92.16999816894531,92.95999908447266,92.0199966430664,92.86000061035156,6447200
2011-03-28,59.79106521606445,92.30000305175781,92.66999816894531,92.0,92.12000274658203,3996800
2011-03-29,59.33115005493164,91.58999633789062,92.5,91.56999969482422,91.9800033569336,6487200
2011-03-30,59.804019927978516,92.31999969482422,92.31999969482422,91.55999755859375,91.72000122070312,5048300
2011-03-31,59.68097686767578,92.12999725341797,92.72000122070312,91.61000061035156,92.66999816894531,9654300
2011-04-01,59.97111129760742,92.19000244140625,92.2699966430664,91.41999816894531,91.5,7860400
2011-04-04,60.036163330078125,92.29000091552734,92.58000183105469,92.12999725341797,92.19999694824219,4469100
2011-04-05,59.79545593261719,91.91999816894531,92.37999725341797,91.66999816894531,92.16000366210938,9951600
2011-04-06,58.897727966308594,90.54000091552734,91.79000091552734,90.54000091552734,91.7699966430664,9090900
2011-04-07,58.78068161010742,90.36000061035156,90.76000213623047,90.12999725341797,90.52999877929688,9265100
2011-04-08,58.468387603759766,89.87999725341797,90.31999969482422,89.8499984741211,89.93000030517578,7605700
2011-04-11,58.52042770385742,89.95999908447266,90.22000122070312,89.6500015258789,89.83000183105469,5734000
2011-04-12,59.15147018432617,90.93000030517578,91.23999786376953,90.55999755859375,90.61000061035156,7686500
2011-04-13,59.52226638793945,91.5,91.5,90.44000244140625,90.54000091552734,7959300
2011-04-14,59.4766731262207,91.43000030517578,91.7699966430664,91.22000122070312,91.54000091552734,7609600
2011-04-15,60.28333282470703,92.66999816894531,92.70999908447266,92.06999969482422,92.26000213623047,10222900
2011-04-18,60.41996765136719,92.87999725341797,93.0999984741211,91.44999694824219,91.98999786376953,12036700
2011-04-19,60.6801872253418,93.27999877929688,93.27999877929688,92.76000213623047,92.86000061035156,5295100
2011-04-20,60.289817810058594,92.68000030517578,93.26000213623047,92.61000061035156,93.06999969482422,6754100
2011-04-21,60.23779296875,92.5999984741211,93.2300033569336,92.55999755859375,92.88999938964844,3365600
2011-04-25,60.46546936035156,92.94999694824219,92.97000122070312,92.5,92.62999725341797,3626900
2011-04-26,61.05088424682617,93.8499984741211,93.87000274658203,93.18000030517578,93.2699966430664,7506300
2011-04-27,60.42649841308594,92.88999938964844,93.56999969482422,92.75,93.44000244140625,8869300
2011-04-28,60.888309478759766,93.5999984741211,93.5999984741211,92.97000122070312,93.22000122070312,8110200
2011-04-29,61.07695388793945,93.88999938964844,93.91999816894531,93.3499984741211,93.47000122070312,5900000
2011-05-02,61.17497253417969,93.63999938964844,93.68000030517578,93.16999816894531,93.31999969482422,5285100
2011-05-03,61.52118682861328,94.16999816894531,94.16999816894531,93.58000183105469,93.95999908447266,6486600
2011-05-04,61.79561233520508,94.58999633789062,94.72000122070312,94.2699966430664,94.30999755859375,7406300
2011-05-05,62.38359069824219,95.48999786376953,95.62999725341797,94.80999755859375,94.91999816894531,9600000
2011-05-06,62.10917282104492,95.06999969482422,95.48999786376953,94.3499984741211,94.51000213623047,9451500
2011-05-09,62.04388427734375,94.97000122070312,95.19999694824219,94.83999633789062,94.9000015258789,3731200
2011-05-10,61.5996208190918,94.29000091552734,94.88999938964844,94.29000091552734,94.69999694824219,5458300
2011-05-11,61.95243835449219,94.83000183105469,95.08999633789062,94.18000030517578,94.31999969482422,6078700
2011-05-12,61.560367584228516,94.2300033569336,95.11000061035156,93.91000366210938,94.94999694824219,8015800
2011-05-13,62.11570358276367,95.08000183105469,95.48999786376953,94.52999877929688,94.6500015258789,8380000
2011-05-16,62.46195983886719,95.61000061035156,95.79000091552734,94.76000213623047,95.02999877929688,6053600
2011-05-17,63.10221481323242,96.58999633789062,96.5999984741211,95.9800033569336,96.02999877929688,9826900
2011-05-18,62.26594161987305,95.30999755859375,96.38999938964844,95.27999877929688,96.2699966430664,7707600
2011-05-19,62.23985290527344,95.2699966430664,95.31999969482422,94.45999908447266,94.45999908447266,8052400
2011-05-20,62.27253723144531,95.31999969482422,95.41000366210938,94.72000122070312,95.0199966430664,5602300
2011-05-23,62.57305145263672,95.77999877929688,96.19000244140625,95.58999633789062,95.7300033569336,6300000
2011-05-24,62.80823516845703,96.13999938964844,96.13999938964844,95.45999908447266,95.63999938964844,5549100
2011-05-25,62.51424789428711,95.69000244140625,96.27999877929688,95.54000091552734,96.1500015258789,5664500
2011-05-26,63.049922943115234,96.51000213623047,96.55000305175781,95.88999938964844,95.97000122070312,8307900
2011-05-27,63.02386474609375,96.47000122070312,96.51000213623047,95.87999725341797,96.12999725341797,5390600
2011-05-31,63.167537689208984,96.69000244140625,96.76000213623047,96.08999633789062,96.18000030517578,7003900
2011-06-01,64.021240234375,97.63999938964844,97.72000122070312,96.88999938964844,96.91999816894531,12746400
2011-06-02,62.801639556884766,95.77999877929688,96.91000366210938,95.77999877929688,96.48999786376953,15738700
2011-06-03,63.162261962890625,96.33000183105469,96.5999984741211,95.56999969482422,96.58000183105469,10644100
2011-06-06,62.68366622924805,95.5999984741211,95.98999786376953,95.20999908447266,95.47000122070312,8776900
2011-06-07,62.9721794128418,96.04000091552734,96.05999755859375,95.12000274658203,95.2300033569336,7399200
2011-06-08,63.46393585205078,96.79000091552734,96.83999633789062,96.16999816894531,96.26000213623047,7401800
2011-06-09,63.208213806152344,96.4000015258789,97.33000183105469,95.93000030517578,97.0999984741211,9963000
2011-06-10,63.693397521972656,97.13999938964844,97.38999938964844,96.80000305175781,96.91000366210938,7710800
2011-06-13,63.37205123901367,96.6500015258789,97.29000091552734,96.63999938964844,96.73999786376953,5540000
2011-06-14,62.41483688354492,95.19000244140625,95.9000015258789,95.12999725341797,95.73999786376953,8672400
2011-06-15,63.54911422729492,96.91999816894531,96.94000244140625,95.37000274658203,95.37999725341797,12979100
2011-06-16,63.837615966796875,97.36000061035156,97.52999877929688,96.80000305175781,97.0999984741211,10961200
2011-06-17,63.536014556884766,96.9000015258789,97.1500015258789,96.63999938964844,96.86000061035156,9622900
2011-06-20,63.61466979980469,97.0199966430664,97.36000061035156,96.58999633789062,97.33000183105469,6613800
2011-06-21,63.332763671875,96.58999633789062,97.02999877929688,96.2699966430664,96.69999694824219,7894900
2011-06-22,63.37205123901367,96.6500015258789,97.05999755859375,96.41000366210938,96.95999908447266,5503700
2011-06-23,63.8573112487793,97.38999938964844,97.73999786376953,97.1500015258789,97.23999786376953,8586800
2011-06-24,63.58850860595703,96.9800033569336,97.69000244140625,96.9800033569336,97.36000061035156,7960900
2011-06-27,62.716392517089844,95.6500015258789,96.87000274658203,95.55000305175781,96.8499984741211,9331300
2011-06-28,62.21151351928711,94.87999725341797,95.68000030517578,94.72000122070312,95.4800033569336,12634300
2011-06-29,61.7984619140625,94.25,95.19999694824219,94.0199966430664,94.94999694824219,11084900
2011-06-30,61.70005416870117,94.0999984741211,94.30999755859375,93.13999938964844,94.2300033569336,11555600
2011-07-01,61.6014289855957,93.62999725341797,94.2300033569336,93.36000061035156,94.12999725341797,6637200
2011-07-05,61.7396125793457,93.83999633789062,94.16999816894531,93.69000244140625,94.04000091552734,4615600
2011-07-06,62.05536651611328,94.31999969482422,94.44999694824219,93.83999633789062,94.19000244140625,5652700
2011-07-07,61.87117004394531,94.04000091552734,94.13999938964844,93.55000305175781,93.83000183105469,6823700
2011-07-08,62.74623489379883,95.37000274658203,95.61000061035156,94.83000183105469,94.83999633789062,12129300
2011-07-11,63.68703842163086,96.80000305175781,96.80000305175781,95.75,96.04000091552734,9760800
2011-07-12,63.90414810180664,97.12999725341797,97.30999755859375,96.55999755859375,97.30000305175781,9083900
2011-07-13,64.08177185058594,97.4000015258789,97.43000030517578,96.11000061035156,96.70999908447266,13112200
2011-07-14,63.16728973388672,96.01000213623047,97.9000015258789,96.01000213623047,96.62000274658203,11471500
2011-07-15,63.27257537841797,96.16999816894531,96.19999694824219,95.23999786376953,95.29000091552734,7086200
2011-07-18,62.66065216064453,95.23999786376953,96.16999816894531,95.19999694824219,96.05999755859375,8206500
2011-07-19,63.9633674621582,97.22000122070312,97.2699966430664,95.16999816894531,95.31999969482422,15249400
2011-07-20,63.20674133300781,96.06999969482422,96.83999633789062,95.87000274658203,96.72000122070312,9673300
2011-07-21,62.719871520996094,95.33000183105469,95.86000061035156,94.9000015258789,95.23999786376953,11099200
2011-07-22,63.193580627441406,96.05000305175781,96.08999633789062,95.52999877929688,95.69000244140625,4974500
2011-07-25,62.50277328491211,95.0,96.05000305175781,94.83000183105469,94.97000122070312,10869400
2011-07-26,62.93039321899414,95.6500015258789,95.87000274658203,95.23999786376953,95.30000305175781,7682800
2011-07-27,62.937015533447266,95.66000366210938,95.83999633789062,95.0999984741211,95.33999633789062,11224200
2011-07-28,63.17384338378906,96.0199966430664,96.30999755859375,95.70999908447266,96.11000061035156,7081600
2011-07-29,64.42386627197266,97.91999816894531,98.52999877929688,96.77999877929688,96.88999938964844,19582400
2011-08-01,65.07410430908203,98.58000183105469,98.94000244140625,97.3499984741211,97.38999938964844,14348200
2011-08-02,67.02803039550781,101.54000091552734,101.56999969482422,98.88999938964844,99.22000122070312,20850600
2011-08-03,67.16006469726562,101.73999786376953,103.41999816894531,101.36000061035156,101.56999969482422,21179700
2011-08-04,69.5497055053711,105.36000061035156,105.55000305175781,102.2699966430664,102.37999725341797,34076600
2011-08-05,67.54296112060547,102.31999969482422,105.5,102.27999877929688,103.44000244140625,41677700
2011-08-08,69.67510223388672,105.55000305175781,105.79000091552734,102.94999694824219,103.18000030517578,38259500
2011-08-09,69.8863525390625,105.87000274658203,109.37000274658203,103.0,105.01000213623047,39881400
2011-08-10,71.9657211303711,109.0199966430664,109.06999969482422,106.94000244140625,107.62999725341797,46221000
2011-08-11,68.33512878417969,103.5199966430664,107.80999755859375,103.19999694824219,107.33999633789062,37790100
2011-08-12,69.68832397460938,105.56999969482422,105.66000366210938,104.06999969482422,104.44000244140625,15590800
2011-08-15,68.98198699951172,104.5,105.4800033569336,104.47000122070312,104.94000244140625,10051700
2011-08-16,70.12397766113281,106.2300033569336,106.63999938964844,104.62999725341797,104.66000366210938,15993200
2011-08-17,71.351806640625,108.08999633789062,108.0999984741211,105.7699966430664,106.31999969482422,15906600
2011-08-18,72.81729125976562,110.30999755859375,112.13999938964844,109.27999877929688,110.08999633789062,27274600
2011-08-19,73.40476989746094,111.19999694824219,111.41000366210938,110.2300033569336,110.6500015258789,15708400
2011-08-22,73.21991729736328,110.91999816894531,111.26000213623047,110.38999938964844,110.45999908447266,13157700
2011-08-23,72.20997619628906,109.38999938964844,111.16999816894531,109.3499984741211,109.76000213623047,16017800
2011-08-24,70.15699005126953,106.27999877929688,109.41000366210938,106.1500015258789,109.29000091552734,14621600
2011-08-25,70.9161148071289,107.43000030517578,107.9000015258789,106.36000061035156,106.69000244140625,10565900
2011-08-26,71.61589050292969,108.48999786376953,109.2699966430664,107.33000183105469,108.69000244140625,11504800
2011-08-29,70.62568664550781,106.98999786376953,107.4000015258789,106.5999984741211,106.69999694824219,6764300
2011-08-30,71.76106262207031,108.70999908447266,109.1500015258789,108.25,108.43000030517578,9508700
2011-08-31,70.65210723876953,107.02999877929688,108.95999908447266,107.02999877929688,108.80999755859375,12186000
2011-09-01,72.14976501464844,108.97000122070312,108.9800033569336,106.08000183105469,107.47000122070312,10686600
2011-09-02,74.49360656738281,112.51000213623047,112.58000183105469,110.66000366210938,111.38999938964844,16557100
2011-09-06,75.26829528808594,113.68000030517578,114.93000030517578,113.38999938964844,114.41999816894531,14016200
2011-09-07,73.83155059814453,111.51000213623047,112.37000274658203,111.30999755859375,112.27999877929688,11524300
2011-09-08,74.49360656738281,112.51000213623047,112.62999725341797,111.33999633789062,112.30000305175781,11480900
2011-09-09,75.28815460205078,113.70999908447266,114.18000030517578,112.20999908447266,112.54000091552734,11492700
2011-09-12,75.36763000488281,113.83000183105469,114.25,113.0999984741211,113.56999969482422,7602200
2011-09-13,74.29498291015625,112.20999908447266,113.58999633789062,112.11000061035156,113.4000015258789,9282400
2011-09-14,74.92398834228516,113.16000366210938,113.3499984741211,111.81999969482422,111.97000122070312,11948500
2011-09-15,73.77851867675781,111.43000030517578,112.48999786376953,111.43000030517578,111.9800033569336,8884000
2011-09-16,74.31484985351562,112.23999786376953,112.58999633789062,111.25,111.30999755859375,10053500
2011-09-19,75.73176574707031,114.37999725341797,115.19000244140625,114.12000274658203,114.19999694824219,13033500
2011-09-20,76.04960632324219,114.86000061035156,114.87000274658203,114.05000305175781,114.37000274658203,6360600
2011-09-21,78.56558990478516,118.66000366210938,118.79000091552734,114.19999694824219,114.62999725341797,18687100
2011-09-22,81.51858520507812,123.12000274658203,123.87000274658203,121.2300033569336,121.41000366210938,25041400
2011-09-23,80.00233459472656,120.83000183105469,123.36000061035156,120.83000183105469,123.12000274658203,15173800
2011-09-26,78.71788024902344,118.88999938964844,120.56999969482422,118.58000183105469,120.12000274658203,15110100
2011-09-27,77.5128402709961,117.06999969482422,117.30000305175781,116.26000213623047,116.75,13589600
2011-09-28,77.4863510131836,117.02999877929688,117.11000061035156,115.76000213623047,116.9000015258789,12642600
2011-09-29,78.02265167236328,117.83999633789062,118.81999969482422,117.08999633789062,117.61000061035156,12341800
2011-09-30,79.98249053955078,120.80000305175781,120.91000366210938,118.98999786376953,120.0199966430664,13546400
2011-10-03,82.18362426757812,123.80999755859375,123.80999755859375,121.11000061035156,121.87999725341797,15882000
2011-10-04,81.14149475097656,122.23999786376953,125.02999877929688,122.18000030517578,124.37000274658203,17301400
2011-10-05,80.5573501586914,121.36000061035156,121.77999877929688,120.66000366210938,121.66000366210938,14275000
2011-10-06,79.07044219970703,119.12000274658203,121.01000213623047,119.12000274658203,120.63999938964844,9681600
2011-10-07,78.4863510131836,118.23999786376953,119.05000305175781,116.8499984741211,117.75,11564600
2011-10-10,77.37777709960938,116.56999969482422,116.91000366210938,115.80000305175781,116.81999969482422,3567600
2011-10-11,77.1189193725586,116.18000030517578,117.36000061035156,115.9000015258789,117.29000091552734,7520200
2011-10-12,75.99707794189453,114.48999786376953,115.12000274658203,113.4800033569336,114.69999694824219,14033400
2011-10-13,76.7537841796875,115.62999725341797,116.55000305175781,114.95999908447266,115.02999877929688,11263300
2011-10-14,75.63865661621094,113.94999694824219,114.61000061035156,113.61000061035156,113.87999725341797,8411000
2011-10-17,76.94631958007812,115.91999816894531,115.97000122070312,114.22000122070312,114.30000305175781,9664000
2011-10-18,76.46843719482422,115.19999694824219,116.81999969482422,114.30000305175781,116.13999938964844,12495600
2011-10-19,76.44183349609375,115.16000366210938,115.73999786376953,114.16000366210938,114.54000091552734,6629300
2011-10-20,75.89754486083984,114.33999633789062,115.66999816894531,114.06999969482422,114.45999908447266,7832100
2011-10-21,75.0943374633789,113.12999725341797,114.19999694824219,113.12999725341797,113.86000061035156,9906300
2011-10-24,75.22045135498047,113.31999969482422,114.08000183105469,113.05000305175781,113.93000030517578,6344500
2011-10-25,77.13221740722656,116.19999694824219,116.3499984741211,113.3499984741211,113.37999725341797,11791200
2011-10-26,75.78471374511719,114.16999816894531,116.20999908447266,114.06999969482422,115.38999938964844,12747000
2011-10-27,73.2158432006836,110.30000305175781,112.8499984741211,109.81999969482422,112.5199966430664,19471400
2011-10-28,73.98585510253906,111.45999908447266,111.95999908447266,110.76000213623047,110.9000015258789,10127900
2011-10-31,76.91976165771484,115.87999725341797,115.87999725341797,113.45999908447266,113.61000061035156,15242100
2011-11-01,79.4946060180664,119.44999694824219,119.48999786376953,117.16999816894531,118.70999908447266,24400600
2011-11-02,78.50303649902344,117.95999908447266,118.36000061035156,116.41999816894531,116.62999725341797,13181100
2011-11-03,77.42488098144531,116.33999633789062,117.3499984741211,115.98999786376953,116.33999633789062,8386700
2011-11-04,77.5180435180664,116.4800033569336,117.05000305175781,115.52999877929688,115.72000122070312,7583700
2011-11-07,78.01053619384766,117.22000122070312,118.3499984741211,116.31999969482422,116.63999938964844,9279700
2011-11-08,77.01226806640625,115.72000122070312,117.54000091552734,115.5,116.75,7539400
2011-11-09,78.6094970703125,118.12000274658203,119.12999725341797,117.06999969482422,118.26000213623047,13004500
2011-11-10,77.43820190429688,116.36000061035156,117.61000061035156,115.20999908447266,116.77999877929688,11644600
2011-11-11,76.9656982421875,115.6500015258789,116.16999816894531,115.5,115.83000183105469,2483900
2011-11-14,78.20356750488281,117.51000213623047,117.5999984741211,116.20999908447266,116.38999938964844,9252600
2011-11-15,78.09709930419922,117.3499984741211,118.45999908447266,116.72000122070312,117.69999694824219,7587500
2011-11-16,78.80915069580078,118.41999816894531,118.43000030517578,117.18000030517578,117.95999908447266,7470000
2011-11-17,79.44136047363281,119.37000274658203,120.16000366210938,118.04000091552734,118.04000091552734,9907900
2011-11-18,79.42144775390625,119.33999633789062,119.55000305175781,118.31999969482422,119.18000030517578,6792600
2011-11-21,79.89392852783203,120.05000305175781,120.7300033569336,119.91000366210938,120.37999725341797,7345600
2011-11-22,80.78564453125,121.38999938964844,121.41000366210938,119.8499984741211,120.3499984741211,7866300
2011-11-23,81.57763671875,122.58000183105469,123.05000305175781,121.02999877929688,121.16000366210938,10129300
2011-11-25,80.39305114746094,120.80000305175781,121.87000274658203,120.73999786376953,121.80000305175781,4311900
2011-11-28,80.35311126708984,120.73999786376953,121.1500015258789,118.58000183105469,118.62999725341797,7661900
2011-11-29,79.69425201416016,119.75,120.91999816894531,119.08000183105469,120.02999877929688,8952800
2011-11-30,78.44981384277344,117.87999725341797,118.55999755859375,117.26000213623047,118.33999633789062,11806800
2011-12-01,78.0561752319336,117.0,117.23999786376953,115.80000305175781,116.29000091552734,9647200
2011-12-02,79.1502456665039,118.63999938964844,118.68000030517578,116.55999755859375,116.62000274658203,7764900
2011-12-05,78.99018096923828,118.4000015258789,118.83000183105469,116.87999725341797,117.0,7862800
2011-12-06,78.23628997802734,117.2699966430664,118.29000091552734,116.7699966430664,117.80999755859375,8506300
2011-12-07,78.5165023803711,117.69000244140625,118.23999786376953,116.8499984741211,117.33000183105469,6588300
2011-12-08,79.4971923828125,119.16000366210938,119.33000183105469,117.41000366210938,117.72000122070312,8800500
2011-12-09,77.86270141601562,116.70999908447266,119.12999725341797,116.62999725341797,119.06999969482422,9855100
2011-12-12,78.72998809814453,118.01000213623047,118.48999786376953,117.61000061035156,117.91000366210938,5734600
2011-12-13,79.4638442993164,119.11000061035156,119.62999725341797,117.16000366210938,117.27999877929688,8901800
2011-12-14,80.96492767333984,121.36000061035156,121.38999938964844,119.48999786376953,119.79000091552734,11247700
2011-12-15,80.6646957397461,120.91000366210938,121.31999969482422,120.37000274658203,120.66000366210938,5438700
2011-12-16,81.6053695678711,122.31999969482422,122.62000274658203,121.29000091552734,121.37999725341797,9321900
2011-12-19,82.63945770263672,123.87000274658203,124.0199966430664,122.26000213623047,122.31999969482422,7845100
2011-12-20,80.57797241210938,120.77999877929688,122.66999816894531,120.61000061035156,122.66000366210938,13945400
2011-12-21,79.4571533203125,119.0999984741211,120.83000183105469,119.06999969482422,120.62999725341797,11600100
2011-12-22,79.79078674316406,119.5999984741211,120.41999816894531,119.3499984741211,120.0,5247400
2011-12-23,78.90342712402344,118.2699966430664,118.70999908447266,117.73999786376953,118.55999755859375,5409700
2011-12-27,79.27828216552734,118.44999694824219,118.44999694824219,117.62000274658203,117.94000244140625,4270300
2011-12-28,80.7440185546875,120.63999938964844,121.05000305175781,118.44999694824219,118.73999786376953,8302300
2011-12-29,80.8912124633789,120.86000061035156,121.08999633789062,120.05999755859375,120.4800033569336,4305000
2011-12-30,81.15229797363281,121.25,121.76000213623047,120.88999938964844,121.11000061035156,5948800
2012-01-03,79.93415832519531,119.43000030517578,120.19999694824219,118.93000030517578,119.41999816894531,9076900
2012-01-04,78.98379516601562,118.01000213623047,119.27999877929688,117.68000030517578,119.26000213623047,8417100
2012-01-05,78.84318542480469,117.80000305175781,119.0999984741211,117.56999969482422,118.16999816894531,6465800
2012-01-06,79.46561431884766,118.7300033569336,118.95999908447266,117.70999908447266,117.75,7348500
2012-01-09,79.32513427734375,118.5199966430664,119.54000091552734,118.30000305175781,118.47000122070312,5582400
2012-01-10,79.19125366210938,118.31999969482422,118.87000274658203,117.68000030517578,117.7300033569336,8932500
2012-01-11,80.22199249267578,119.86000061035156,120.05999755859375,118.9800033569336,119.04000091552734,8634500
2012-01-12,80.10820007324219,119.69000244140625,120.19000244140625,119.23999786376953,119.94999694824219,7205400
2012-01-13,80.90462493896484,120.87999725341797,121.63999938964844,120.80999755859375,121.0999984741211,9819000
2012-01-17,81.2794189453125,121.44000244140625,121.62999725341797,120.83000183105469,120.94999694824219,5449900
2012-01-18,80.29560852050781,119.97000122070312,121.61000061035156,119.91000366210938,121.52999877929688,5804000
2012-01-19,79.19125366210938,118.31999969482422,119.55999755859375,117.91999816894531,119.33000183105469,8625700
2012-01-20,78.29440307617188,116.9800033569336,117.95999908447266,116.97000122070312,117.70999908447266,6548200
2012-01-23,77.79911041259766,116.23999786376953,116.63999938964844,115.55000305175781,116.12999725341797,7274800
2012-01-24,77.93963623046875,116.44999694824219,116.70999908447266,115.77999877929688,116.70999908447266,5776500
2012-01-25,77.75223541259766,116.16999816894531,118.52999877929688,115.88999938964844,116.05999755859375,12867600
2012-01-26,78.78297424316406,117.70999908447266,117.70999908447266,116.58999633789062,116.6500015258789,7638500
2012-01-27,79.03060150146484,118.08000183105469,118.33000183105469,117.01000213623047,117.83000183105469,5165300
2012-01-30,79.9609375,119.47000122070312,120.38999938964844,119.33999633789062,119.83999633789062,8388400
2012-01-31,80.88455200195312,120.8499984741211,120.91000366210938,119.19000244140625,119.26000213623047,7998300
2012-02-01,79.95807647705078,119.18000030517578,119.9000015258789,118.80999755859375,119.75,7925200
2012-02-02,79.92450714111328,119.12999725341797,119.4800033569336,118.63999938964844,118.95999908447266,5596900
2012-02-03,78.20697784423828,116.56999969482422,116.80000305175781,115.97000122070312,116.45999908447266,12467400
2012-02-06,78.98521423339844,117.7300033569336,117.80000305175781,116.33999633789062,116.69000244140625,6180600
2012-02-07,78.00572967529297,116.2699966430664,116.87999725341797,115.7699966430664,116.62000274658203,8794800
2012-02-08,78.06612396240234,116.36000061035156,116.79000091552734,115.9800033569336,116.19999694824219,7613400
2012-02-09,77.4823989868164,115.48999786376953,116.04000091552734,114.62000274658203,115.86000061035156,11477700
2012-02-10,78.48880004882812,116.98999786376953,117.33000183105469,116.5199966430664,116.80000305175781,7193100
2012-02-13,78.58946228027344,117.13999938964844,117.37000274658203,116.43000030517578,116.5999984741211,6422900
2012-02-14,79.00537872314453,117.76000213623047,118.27999877929688,117.2300033569336,117.44000244140625,8271200
2012-02-15,78.86448669433594,117.55000305175781,118.2699966430664,117.48999786376953,117.66000366210938,6846100
2012-02-16,78.2337646484375,116.61000061035156,117.5999984741211,116.12999725341797,117.2699966430664,9036200
2012-02-17,78.21368408203125,116.58000183105469,116.61000061035156,115.76000213623047,115.86000061035156,6338000
2012-02-21,77.34821319580078,115.29000091552734,115.91999816894531,114.94999694824219,115.7699966430664,8338300
2012-02-22,78.32108306884766,116.73999786376953,116.76000213623047,115.80999755859375,115.88999938964844,7736800
2012-02-23,78.32108306884766,116.73999786376953,117.22000122070312,115.93000030517578,116.13999938964844,5163900
2012-02-24,78.8309097290039,117.5,117.58000183105469,116.94999694824219,117.2300033569336,5676900
2012-02-27,79.52867889404297,118.54000091552734,118.8499984741211,118.12000274658203,118.5,8180700
2012-02-28,79.26701354980469,118.1500015258789,119.13999938964844,117.94000244140625,118.87000274658203,6615700
2012-02-29,78.78398132324219,117.43000030517578,118.41999816894531,116.95999908447266,118.37000274658203,14235000
2012-03-01,78.042236328125,116.05999755859375,116.68000030517578,115.54000091552734,116.16999816894531,12265600
2012-03-02,78.77520751953125,117.1500015258789,117.4800033569336,116.55000305175781,116.5999984741211,6669600
2012-03-05,78.14987182617188,116.22000122070312,117.44000244140625,116.22000122070312,116.95999908447266,6921900
2012-03-06,79.09803771972656,117.62999725341797,118.11000061035156,117.44000244140625,117.44999694824219,6299700
2012-03-07,78.6138916015625,116.91000366210938,117.61000061035156,116.80999755859375,117.45999908447266,5567500
2012-03-08,77.82710266113281,115.73999786376953,116.56999969482422,115.63999938964844,116.31999969482422,7982100
2012-03-09,77.98177337646484,115.97000122070312,115.98999786376953,114.9000015258789,115.48999786376953,6975600
2012-03-12,77.96829223632812,115.94999694824219,116.5199966430664,115.87000274658203,116.31999969482422,5280000
2012-03-13,76.59652709960938,113.91000366210938,115.41000366210938,113.88999938964844,115.2699966430664,14413600
2012-03-14,74.66666412353516,111.04000091552734,112.75,110.94999694824219,112.69999694824219,24515300
2012-03-15,74.78099822998047,111.20999908447266,111.73999786376953,110.87999725341797,110.9000015258789,14154000
2012-03-16,74.92890167236328,111.43000030517578,111.44000244140625,110.19999694824219,110.5,13427200
2012-03-19,74.03460693359375,110.0999984741211,111.4800033569336,109.69000244140625,111.36000061035156,14011400
2012-03-20,74.33042907714844,110.54000091552734,110.87000274658203,109.8499984741211,110.43000030517578,9443800
2012-03-21,75.17098999023438,111.79000091552734,111.88999938964844,110.80999755859375,110.86000061035156,10242000
2012-03-22,75.41309356689453,112.1500015258789,112.37000274658203,111.87000274658203,112.29000091552734,8009800
2012-03-23,76.12582397460938,113.20999908447266,113.38999938964844,112.66000366210938,112.69000244140625,8465300
2012-03-26,75.73580169677734,112.62999725341797,113.01000213623047,111.80000305175781,112.83000183105469,8118600
2012-03-27,76.28047943115234,113.44000244140625,113.69999694824219,112.69999694824219,112.77999877929688,6972300
2012-03-28,76.17292785644531,113.27999877929688,113.94000244140625,112.8499984741211,112.91999816894531,7886000
2012-03-29,76.7444839477539,114.12999725341797,114.19000244140625,113.58000183105469,114.0199966430664,7692900
2012-03-30,75.4466781616211,112.19999694824219,114.2699966430664,112.19000244140625,114.20999908447266,9467500
2012-04-02,75.86468505859375,112.52999877929688,113.30000305175781,112.19999694824219,113.0,8944000
2012-04-03,74.55000305175781,110.58000183105469,113.44000244140625,110.56999969482422,113.01000213623047,14774300
2012-04-04,75.57478332519531,112.0999984741211,112.12000274658203,111.41000366210938,111.7699966430664,10095600
2012-04-05,76.12088775634766,112.91000366210938,113.06999969482422,112.33000183105469,113.0,6364100
2012-04-09,77.9006576538086,115.55000305175781,115.7699966430664,115.23999786376953,115.54000091552734,14374600
2012-04-10,78.7838363647461,116.86000061035156,117.29000091552734,115.77999877929688,115.94999694824219,14421300
2012-04-11,77.84001159667969,115.45999908447266,116.05999755859375,115.3499984741211,115.70999908447266,8713000
2012-04-12,77.516357421875,114.9800033569336,115.75,114.81999969482422,115.66999816894531,9008500
2012-04-13,78.77034759521484,116.83999633789062,116.9000015258789,116.12000274658203,116.1500015258789,8607700
2012-04-16,78.65576934814453,116.66999816894531,117.5999984741211,116.56999969482422,116.69999694824219,7735000
2012-04-17,78.60850524902344,116.5999984741211,116.83000183105469,116.25,116.52999877929688,5398600
2012-04-18,78.83780670166016,116.94000244140625,117.12000274658203,116.7300033569336,117.05000305175781,4074400
2012-04-19,78.91189575195312,117.05000305175781,117.47000122070312,117.0199966430664,117.25,5374300
2012-04-20,78.92545318603516,117.06999969482422,117.12999725341797,116.33000183105469,116.55999755859375,5043300
2012-04-23,79.49845123291016,117.91999816894531,118.41000366210938,117.79000091552734,118.11000061035156,5170100
2012-04-24,78.93891143798828,117.08999633789062,117.76000213623047,117.08000183105469,117.61000061035156,4336600
2012-04-25,78.53436279296875,116.48999786376953,117.31999969482422,115.69000244140625,116.41000366210938,8859500
2012-04-26,79.00633239746094,117.19000244140625,117.45999908447266,116.58999633789062,117.41999816894531,5133000
2012-04-27,79.07376098632812,117.29000091552734,117.36000061035156,116.79000091552734,117.0199966430664,3112900
2012-04-30,79.093994140625,117.31999969482422,117.75,117.19000244140625,117.56999969482422,4198400
2012-05-01,78.68377685546875,116.43000030517578,117.62000274658203,116.06999969482422,117.43000030517578,7214300
2012-05-02,79.23790740966797,117.25,117.31999969482422,116.80000305175781,117.22000122070312,3565700
2012-05-03,79.21763610839844,117.22000122070312,117.37000274658203,116.55999755859375,116.63999938964844,3522900
2012-05-04,79.83939361572266,118.13999938964844,118.19000244140625,117.4000015258789,117.4800033569336,6367300
2012-05-07,79.8528823852539,118.16000366210938,118.45999908447266,118.0199966430664,118.31999969482422,3228200
2012-05-08,80.27864074707031,118.79000091552734,119.51000213623047,118.66000366210938,118.69000244140625,6051600
2012-05-09,80.33272552490234,118.87000274658203,119.56999969482422,118.44000244140625,119.44999694824219,5828900
2012-05-10,80.09617614746094,118.5199966430664,118.62000274658203,117.44000244140625,118.0199966430664,6300000
2012-05-11,80.75851440429688,119.5,119.5999984741211,118.95999908447266,119.48999786376953,5234300
2012-05-14,81.88706970214844,121.16999816894531,121.30000305175781,120.5999984741211,120.87000274658203,8789400
2012-05-15,82.21822357177734,121.66000366210938,121.7300033569336,120.81999969482422,121.08999633789062,6766400
2012-05-16,82.45477294921875,122.01000213623047,122.18000030517578,120.72000122070312,120.9800033569336,6462300
2012-05-17,83.91449737548828,124.16999816894531,124.27999877929688,122.0199966430664,122.02999877929688,14863400
2012-05-18,83.93478393554688,124.19999694824219,124.44000244140625,123.11000061035156,123.2699966430664,10137700
2012-05-21,83.75904083251953,123.94000244140625,124.44999694824219,123.62000274658203,123.9000015258789,9583500
2012-05-22,82.82642364501953,122.55999755859375,122.87999725341797,122.05999755859375,122.75,12475500
2012-05-23,83.40082550048828,123.41000366210938,124.5199966430664,123.36000061035156,123.55000305175781,11744900
2012-05-24,83.08324432373047,122.94000244140625,123.79000091552734,122.75,123.2300033569336,10256200
2012-05-25,83.39409637451172,123.4000015258789,123.54000091552734,123.13999938964844,123.43000030517578,4723600
2012-05-29,83.13731384277344,123.0199966430664,123.80999755859375,123.0,123.38999938964844,5874100
2012-05-30,85.24578094482422,126.13999938964844,126.31999969482422,125.30000305175781,125.31999969482422,17170800
2012-05-31,86.23249053955078,127.5999984741211,129.0800018310547,126.66999816894531,127.02999877929688,31174500
2012-06-01,88.27965545654297,130.36000061035156,130.3800048828125,128.52999877929688,128.8699951171875,23526000
2012-06-04,87.58214569091797,129.3300018310547,130.17999267578125,128.94000244140625,129.30999755859375,11681200
2012-06-05,86.41056823730469,127.5999984741211,128.63999938964844,127.58999633789062,128.52999877929688,12482800
2012-06-06,84.68376922607422,125.05000305175781,127.5999984741211,125.05000305175781,127.55999755859375,20806700
2012-06-07,84.81246185302734,125.23999786376953,125.73999786376953,124.38999938964844,124.6500015258789,18898200
2012-06-08,84.79207611083984,125.20999908447266,126.94999694824219,124.56999969482422,126.75,11239600
2012-06-11,85.1780776977539,125.77999877929688,126.20999908447266,124.7699966430664,124.79000091552734,10693800
2012-06-12,84.3992919921875,124.62999725341797,125.62999725341797,124.5,124.97000122070312,10921700
2012-06-13,85.23226928710938,125.86000061035156,126.27999877929688,124.37999725341797,124.8499984741211,11100000
2012-06-14,85.1239013671875,125.69999694824219,126.27999877929688,125.19000244140625,125.94999694824219,7688200
2012-06-15,85.59794616699219,126.4000015258789,126.8499984741211,126.13999938964844,126.58000183105469,6421400
2012-06-18,86.05845642089844,127.08000183105469,127.33999633789062,126.26000213623047,127.1500015258789,6698400
2012-06-19,84.93431091308594,125.41999816894531,126.37000274658203,125.33000183105469,126.27999877929688,8227900
2012-06-20,85.35416412353516,126.04000091552734,126.51000213623047,124.08999633789062,124.56999969482422,13720300
2012-06-21,85.807861328125,126.70999908447266,127.25,125.88999938964844,125.94999694824219,9776600
2012-06-22,84.66340637207031,125.0199966430664,126.22000122070312,125.01000213623047,125.9000015258789,7830400
2012-06-25,85.89588928222656,126.83999633789062,127.0199966430664,126.2699966430664,126.36000061035156,6113800
2012-06-26,85.55733489990234,126.33999633789062,126.94999694824219,125.94000244140625,126.11000061035156,5359700
2012-06-27,85.6927490234375,126.54000091552734,126.79000091552734,126.02999877929688,126.55999755859375,5860700
2012-06-28,85.90269470214844,126.8499984741211,127.4800033569336,126.79000091552734,127.30000305175781,5257800
2012-06-29,84.78526306152344,125.19999694824219,125.62999725341797,124.62999725341797,125.02999877929688,8881900
2012-07-02,85.66011047363281,126.22000122070312,127.20999908447266,125.37000274658203,125.44999694824219,7818500
2012-07-03,85.00177001953125,125.25,126.0,125.20999908447266,125.94999694824219,5773100
2012-07-05,85.43611907958984,125.88999938964844,126.31999969482422,125.25,125.3499984741211,5974700
2012-07-06,86.23016357421875,127.05999755859375,127.20999908447266,126.61000061035156,126.66999816894531,5818300
2012-07-09,86.9902572631836,128.17999267578125,128.25999450683594,127.11000061035156,127.37999725341797,5647000
2012-07-10,87.16670227050781,128.44000244140625,128.74000549316406,127.72000122070312,127.86000061035156,4288000
2012-07-11,87.27529907226562,128.60000610351562,129.47000122070312,128.25999450683594,128.58999633789062,5960900
2012-07-12,87.89285278320312,129.50999450683594,129.55999755859375,128.89999389648438,129.0500030517578,6421000
2012-07-13,87.66215515136719,129.1699981689453,129.24000549316406,128.60000610351562,129.22999572753906,4175300
2012-07-16,88.06929779052734,129.77000427246094,130.61000061035156,129.61000061035156,130.3000030517578,5283500
2012-07-17,87.37710571289062,128.75,129.82000732421875,128.63999938964844,129.25999450683594,5590900
2012-07-18,87.42460632324219,128.82000732421875,129.33999633789062,128.7899932861328,129.25999450683594,4011000
2012-07-19,87.20066833496094,128.49000549316406,129.10000610351562,128.11000061035156,128.4600067138672,5246300
2012-07-20,88.26612091064453,130.05999755859375,130.3000030517578,129.4199981689453,129.60000610351562,6365900
2012-07-23,88.76154327392578,130.7899932861328,131.44000244140625,130.50999450683594,131.30999755859375,6141100
2012-07-24,89.46060180664062,131.82000732421875,132.0399932861328,130.27999877929688,130.35000610351562,6748800
2012-07-25,89.69127655029297,132.16000366210938,132.2100067138672,131.47999572753906,131.6300048828125,5328000
2012-07-26,88.8701171875,130.9499969482422,131.77999877929688,130.89999389648438,131.52999877929688,6606200
2012-07-27,87.19384765625,128.47999572753906,130.00999450683594,126.95999908447266,129.88999938964844,14685100
2012-07-30,87.84536743164062,129.44000244140625,129.47999572753906,128.25,128.38999938964844,6025300
2012-07-31,88.02177429199219,129.6999969482422,129.8800048828125,128.5800018310547,129.80999755859375,7448600
2012-08-01,87.58182525634766,128.77999877929688,129.74000549316406,128.14999389648438,128.52999877929688,7972000
2012-08-02,88.07823181152344,129.50999450683594,130.69000244140625,129.1300048828125,129.58999633789062,7972000
2012-08-03,86.6568374633789,127.41999816894531,128.02999877929688,126.7699966430664,127.83999633789062,9084800
2012-08-06,86.69091796875,127.47000122070312,128.13999938964844,127.37000274658203,127.66999816894531,3673600
2012-08-07,85.57555389404297,125.83000183105469,126.12999725341797,125.43000030517578,125.95999908447266,6613600
2012-08-08,85.119873046875,125.16000366210938,126.38999938964844,125.04000091552734,126.16000366210938,7250700
2012-08-09,85.05868530273438,125.06999969482422,125.30000305175781,123.75,124.7699966430664,7553500
2012-08-10,85.48713684082031,125.69999694824219,126.31999969482422,125.5999984741211,126.19999694824219,4670500
2012-08-13,85.34434509277344,125.48999786376953,126.37999725341797,125.48999786376953,126.11000061035156,3543700
2012-08-14,84.18819427490234,123.79000091552734,124.41000366210938,123.75,123.95999908447266,7994000
2012-08-15,83.00479125976562,122.05000305175781,123.19999694824219,121.9000015258789,123.0199966430664,11191000
2012-08-16,82.29753112792969,121.01000213623047,122.5,120.5199966430664,122.20999908447266,13240000
2012-08-17,82.69877624511719,121.5999984741211,122.12000274658203,121.31999969482422,121.4000015258789,6341100
2012-08-20,82.86878967285156,121.8499984741211,122.19000244140625,121.5,121.55000305175781,4427100
2012-08-21,83.23604583740234,122.38999938964844,122.44999694824219,120.66000366210938,121.47000122070312,9532700
2012-08-22,84.60978698730469,124.41000366210938,124.51000213623047,123.20999908447266,123.5199966430664,11384400
2012-08-23,84.9634780883789,124.93000030517578,125.13999938964844,124.6500015258789,124.73999786376953,7139100
2012-08-24,84.88186645507812,124.80999755859375,125.55999755859375,124.66999816894531,125.47000122070312,5001400
2012-08-27,85.37831115722656,125.54000091552734,125.80000305175781,125.2699966430664,125.33999633789062,3906100
2012-08-28,85.58235168457031,125.83999633789062,126.36000061035156,125.58999633789062,125.75,3412600
2012-08-29,85.20829772949219,125.29000091552734,125.62999725341797,124.94999694824219,125.61000061035156,3762700
2012-08-30,85.65037536621094,125.94000244140625,126.44000244140625,125.7300033569336,126.2699966430664,3886400
2012-08-31,86.86089324951172,127.72000122070312,127.72000122070312,125.7300033569336,125.77999877929688,9192600
2012-09-04,86.77365112304688,127.31999969482422,127.62999725341797,126.76000213623047,126.91999816894531,6009300
2012-09-05,86.36475372314453,126.72000122070312,127.19000244140625,126.55000305175781,126.81999969482422,3466700
2012-09-06,84.92667388916016,124.61000061035156,125.52999877929688,124.55000305175781,125.52999877929688,6505100
2012-09-07,84.53137969970703,124.02999877929688,126.18000030517578,123.91999816894531,126.13999938964844,7335300
2012-09-10,84.73587799072266,124.33000183105469,124.33000183105469,123.51000213623047,123.69000244140625,4912100
2012-09-11,84.20431518554688,123.55000305175781,124.0999984741211,123.29000091552734,124.0199966430664,3523300
2012-09-12,83.15471649169922,122.01000213623047,122.41000366210938,121.68000030517578,122.22000122070312,7040900
2012-09-13,82.82757568359375,121.52999877929688,123.08999633789062,120.2699966430664,122.38999938964844,12280200
2012-09-14,80.626220703125,118.30000305175781,119.8499984741211,118.05000305175781,119.76000213623047,16871600
2012-09-17,81.59396362304688,119.72000122070312,119.9000015258789,118.80000305175781,118.87000274658203,5573300
2012-09-18,82.00288391113281,120.31999969482422,120.9000015258789,119.95999908447266,120.70999908447266,5366200
2012-09-19,82.54132843017578,121.11000061035156,121.37999725341797,120.61000061035156,121.33999633789062,5903300
2012-09-20,82.74580383300781,121.41000366210938,122.31999969482422,120.9800033569336,122.13999938964844,4604200
2012-09-21,82.8411865234375,121.55000305175781,121.63999938964844,120.66999816894531,120.75,4144300
2012-09-24,83.4886703491211,122.5,122.69999694824219,122.18000030517578,122.25,3627400
2012-09-25,84.31330871582031,123.70999908447266,123.73999786376953,122.12999725341797,122.80000305175781,5893500
2012-09-26,85.2197494506836,125.04000091552734,125.08999633789062,124.44999694824219,124.55999755859375,7193400
2012-09-27,84.61320495605469,124.1500015258789,124.80000305175781,123.7699966430664,124.55000305175781,5147700
2012-09-28,84.6608657836914,124.22000122070312,125.23999786376953,123.80999755859375,124.75,7173400
2012-10-01,84.97504425048828,124.41999816894531,124.47000122070312,123.37999725341797,123.97000122070312,4842600
2012-10-02,84.85897827148438,124.25,124.5199966430664,123.80999755859375,123.91000366210938,3540100
2012-10-03,84.88627624511719,124.29000091552734,124.30000305175781,123.62000274658203,123.86000061035156,3800900
2012-10-04,83.82762145996094,122.73999786376953,123.80000305175781,122.56999969482422,123.45999908447266,6214800
2012-10-05,82.74176025390625,121.1500015258789,121.68000030517578,120.91999816894531,121.56999969482422,8340700
2012-10-08,83.4383773803711,122.16999816894531,122.2699966430664,121.69000244140625,121.9800033569336,1568400
2012-10-09,83.28812408447266,121.94999694824219,122.18000030517578,121.37999725341797,121.47000122070312,4752700
2012-10-10,83.87552642822266,122.80999755859375,122.95999908447266,121.26000213623047,121.45999908447266,5429800
2012-10-11,84.45601654052734,123.66000366210938,123.66000366210938,121.88999938964844,121.95999908447266,5194100
2012-10-12,84.6677474975586,123.97000122070312,124.77999877929688,123.77999877929688,124.06999969482422,4934900
2012-10-15,84.47648620605469,123.69000244140625,124.13999938964844,123.43000030517578,123.77999877929688,3036100
2012-10-16,83.30859375,121.9800033569336,122.94000244140625,121.94000244140625,122.9000015258789,5398700
2012-10-17,82.5368423461914,120.8499984741211,121.26000213623047,120.56999969482422,121.16999816894531,6932500
2012-10-18,82.03147888183594,120.11000061035156,121.52999877929688,119.87000274658203,121.12000274658203,8558600
2012-10-19,83.14468383789062,121.73999786376953,121.80999755859375,120.27999877929688,120.33999633789062,7616700
2012-10-22,82.6119613647461,120.95999908447266,121.83999633789062,120.94000244140625,121.43000030517578,6910600
2012-10-23,83.79353332519531,122.69000244140625,122.7300033569336,122.0199966430664,122.0999984741211,5760600
2012-10-24,82.9671630859375,121.4800033569336,122.29000091552734,121.4800033569336,121.86000061035156,6824500
2012-10-25,82.54367065429688,120.86000061035156,121.54000091552734,120.33000183105469,120.55999755859375,5292500
2012-10-26,83.75939178466797,122.63999938964844,122.6500015258789,121.2699966430664,121.44000244140625,5889400
2012-10-31,84.25106811523438,123.36000061035156,123.69999694824219,122.62999725341797,122.68000030517578,5025600
2012-11-01,83.56131744384766,122.3499984741211,122.87999725341797,122.08000183105469,122.7699966430664,3659700
2012-11-02,83.49984741210938,122.26000213623047,122.30999755859375,121.23999786376953,121.27999877929688,3527800
2012-11-05,83.97108459472656,122.94999694824219,123.25,122.79000091552734,122.81999969482422,2935700
2012-11-06,83.17888641357422,121.79000091552734,122.86000061035156,121.77999877929688,122.55000305175781,4484600
2012-11-07,84.68818664550781,124.0,124.52999877929688,123.76000213623047,123.94999694824219,10071000
2012-11-08,85.94487762451172,125.83999633789062,125.86000061035156,123.43000030517578,123.79000091552734,8579500
2012-11-09,86.04052734375,125.9800033569336,125.9800033569336,125.18000030517578,125.62999725341797,5036900
2012-11-12,86.18392181396484,126.19000244140625,126.37999725341797,125.79000091552734,125.83999633789062,2072200
2012-11-13,86.47077941894531,126.61000061035156,126.81999969482422,125.98999786376953,126.80000305175781,2863800
2012-11-14,86.55270385742188,126.7300033569336,126.79000091552734,125.5999984741211,125.72000122070312,4694600
2012-11-15,86.38202667236328,126.4800033569336,127.0199966430664,126.0,126.0999984741211,5549600
2012-11-16,86.30684661865234,126.37000274658203,127.19000244140625,126.27999877929688,126.36000061035156,4591100
2012-11-19,85.82196044921875,125.66000366210938,125.80999755859375,125.30000305175781,125.45999908447266,3621600
2012-11-20,84.96144104003906,124.4000015258789,125.66999816894531,124.37999725341797,125.4800033569336,4659300
2012-11-21,84.9135971069336,124.33000183105469,124.41999816894531,124.0199966430664,124.19000244140625,2422800
2012-11-23,84.83158874511719,124.20999908447266,124.44999694824219,124.11000061035156,124.30000305175781,987200
2012-11-26,85.23458862304688,124.80000305175781,125.5199966430664,124.75,125.16000366210938,2799000
2012-11-27,85.56925964355469,125.29000091552734,125.38999938964844,124.69999694824219,124.94000244140625,2544400
2012-11-28,85.44631958007812,125.11000061035156,126.19999694824219,125.08999633789062,125.97000122070312,3569700
2012-11-29,85.45997619628906,125.12999725341797,125.44000244140625,124.66000366210938,124.86000061035156,2761000
2012-11-30,85.22777557373047,124.79000091552734,125.54000091552734,124.70999908447266,125.4800033569336,3702300
2012-12-03,85.30642700195312,124.66000366210938,124.79000091552734,123.62000274658203,123.72000122070312,5427800
2012-12-04,85.79914093017578,125.37999725341797,125.41000366210938,124.83999633789062,125.0199966430664,2586300
2012-12-05,85.75808715820312,125.31999969482422,125.80999755859375,125.16999816894531,125.4000015258789,1978200
2012-12-06,85.94287872314453,125.58999633789062,126.08000183105469,125.51000213623047,125.86000061035156,2301200
2012-12-07,85.14905548095703,124.43000030517578,124.95999908447266,124.33999633789062,124.5,4020900
2012-12-10,85.52546691894531,124.9800033569336,125.08000183105469,124.54000091552734,124.95999908447266,2134300
2012-12-11,84.87533569335938,124.02999877929688,124.30999755859375,123.83000183105469,124.26000213623047,3777900
2012-12-12,83.88995361328125,122.58999633789062,124.33999633789062,122.56999969482422,123.83000183105469,7119700
2012-12-13,83.95152282714844,122.68000030517578,123.18000030517578,122.12999725341797,122.29000091552734,6381500
2012-12-14,84.58106994628906,123.5999984741211,123.70999908447266,123.08000183105469,123.19000244140625,3832800
2012-12-17,83.31509399414062,121.75,123.5199966430664,121.70999908447266,123.5,6870000
2012-12-18,82.466552734375,120.51000213623047,121.77999877929688,119.9000015258789,121.4000015258789,12024200
2012-12-19,82.74026489257812,120.91000366210938,121.6500015258789,120.72000122070312,120.97000122070312,4880500
2012-12-20,82.75396728515625,120.93000030517578,121.63999938964844,120.62000274658203,121.29000091552734,4567900
2012-12-21,83.65726470947266,122.25,122.43000030517578,121.94999694824219,122.30999755859375,6087700
2012-12-24,83.50672912597656,122.02999877929688,122.08000183105469,121.87000274658203,122.0,1071100
2012-12-26,83.80712890625,122.19999694824219,122.20999908447266,121.80999755859375,121.94999694824219,2247800
2012-12-27,84.08829498291016,122.61000061035156,123.29000091552734,121.83000183105469,121.87999725341797,4262700
2012-12-28,84.56835174560547,123.30999755859375,123.33999633789062,122.77999877929688,123.13999938964844,3928200
2012-12-31,83.10762786865234,121.18000030517578,122.97000122070312,120.91000366210938,122.87000274658203,6423000
2013-01-02,81.9965591430664,119.55999755859375,119.9000015258789,119.41000366210938,119.76000213623047,7472700
2013-01-03,80.88555145263672,117.94000244140625,119.48999786376953,117.9000015258789,119.37999725341797,10004300
2013-01-04,81.20096588134766,118.4000015258789,118.44000244140625,117.36000061035156,117.66000366210938,9574600
2013-01-07,81.23528289794922,118.44999694824219,118.7300033569336,118.0,118.37000274658203,4193100
2013-01-08,81.77022552490234,119.2300033569336,119.29000091552734,118.81999969482422,119.04000091552734,4380900
2013-01-09,81.69481658935547,119.12000274658203,119.54000091552734,118.87000274658203,119.25,3870300
2013-01-10,81.46851348876953,118.79000091552734,119.30000305175781,118.36000061035156,118.62999725341797,5602800
2013-01-11,82.19544219970703,119.8499984741211,119.86000061035156,118.3499984741211,118.5199966430664,4770700
2013-01-14,81.96910858154297,119.5199966430664,120.27999877929688,119.37000274658203,120.04000091552734,3064600
2013-01-15,82.3463134765625,120.06999969482422,120.69999694824219,119.97000122070312,120.61000061035156,5357800
2013-01-16,82.51778411865234,120.31999969482422,120.68000030517578,120.01000213623047,120.62999725341797,4286100
2013-01-17,81.69481658935547,119.12000274658203,119.55000305175781,118.75,119.33000183105469,7019200
2013-01-18,82.32572174072266,120.04000091552734,120.20999908447266,119.45999908447266,119.56999969482422,4660000
2013-01-22,82.48347473144531,120.2699966430664,120.30000305175781,119.37999725341797,119.55000305175781,3874100
2013-01-23,82.36001586914062,120.08999633789062,120.58000183105469,119.94999694824219,120.33999633789062,2848800
2013-01-24,82.07198333740234,119.66999816894531,119.97000122070312,119.26000213623047,119.87000274658203,4178900
2013-01-25,80.94722747802734,118.02999877929688,118.5999984741211,117.7699966430664,118.41999816894531,8750700
2013-01-28,80.65234375,117.5999984741211,117.72000122070312,117.0,117.0199966430664,6059900
2013-01-29,80.20658111572266,116.94999694824219,118.08000183105469,116.87000274658203,117.62000274658203,5553900
2013-01-30,80.06941223144531,116.75,116.95999908447266,116.16000366210938,116.66999816894531,9586800
2013-01-31,80.4603500366211,117.31999969482422,117.33999633789062,116.55000305175781,117.02999877929688,6789200
2013-02-01,79.41551971435547,115.54000091552734,117.8499984741211,115.51000213623047,117.7300033569336,10928600
2013-02-04,80.43279266357422,117.0199966430664,117.27999877929688,116.41999816894531,116.58999633789062,9291900
2013-02-05,79.71794891357422,115.9800033569336,116.43000030517578,115.86000061035156,116.2699966430664,6676500
2013-02-06,80.37095642089844,116.93000030517578,116.97000122070312,116.05000305175781,116.5199966430664,5892000
2013-02-07,80.19229125976562,116.66999816894531,117.58999633789062,116.62000274658203,116.7699966430664,5951700
2013-02-08,80.50153350830078,117.12000274658203,117.16000366210938,116.2300033569336,116.80000305175781,5603400
2013-02-11,80.43970489501953,117.02999877929688,117.37999725341797,116.91999816894531,117.05000305175781,3679900
2013-02-12,80.24037170410156,116.73999786376953,117.0199966430664,116.45999908447266,116.69000244140625,4513700
2013-02-13,79.58737182617188,115.79000091552734,116.2699966430664,115.55000305175781,115.80000305175781,6586400
2013-02-14,80.30911254882812,116.83999633789062,117.04000091552734,115.98999786376953,116.29000091552734,7096000
2013-02-15,80.07539367675781,116.5,116.73999786376953,116.06999969482422,116.66000366210938,5861800
2013-02-19,79.6767349243164,115.91999816894531,116.9000015258789,115.83999633789062,116.86000061035156,7383600
2013-02-20,79.91726684570312,116.2699966430664,116.37000274658203,115.56999969482422,115.69000244140625,9603900
2013-02-21,80.38473510742188,116.94999694824219,117.30999755859375,116.73999786376953,116.9000015258789,8297400
2013-02-22,80.43970489501953,117.02999877929688,117.33999633789062,116.87999725341797,116.9800033569336,5316900
2013-02-25,82.02059936523438,119.33000183105469,119.3499984741211,116.29000091552734,116.3499984741211,15948700
2013-02-26,81.54631805419922,118.63999938964844,119.66999816894531,118.58999633789062,118.7300033569336,9822100
2013-02-27,81.30575561523438,118.29000091552734,119.54000091552734,118.0,119.48999786376953,7459600
2013-02-28,81.45699310302734,118.51000213623047,118.66000366210938,117.9800033569336,118.43000030517578,6023400
2013-03-01,81.90054321289062,118.9000015258789,119.20999908447266,118.54000091552734,118.83999633789062,7786800
2013-03-04,81.46660614013672,118.2699966430664,118.97000122070312,118.26000213623047,118.79000091552734,4511400
2013-03-05,81.23240661621094,117.93000030517578,118.19999694824219,117.68000030517578,118.06999969482422,6539300
2013-03-06,80.495361328125,116.86000061035156,117.5,116.8499984741211,117.11000061035156,6514900
2013-03-07,79.87543487548828,115.95999908447266,116.51000213623047,115.91000366210938,116.41000366210938,8526700
2013-03-08,79.04200744628906,114.75,115.36000061035156,114.62000274658203,114.87000274658203,15423600
2013-03-11,79.11772155761719,114.86000061035156,115.2300033569336,114.73999786376953,115.12000274658203,5815800
2013-03-12,79.6894302368164,115.69000244140625,115.79000091552734,115.2300033569336,115.25,9264200
2013-03-13,79.60678100585938,115.56999969482422,115.73999786376953,115.02999877929688,115.23999786376953,7371500
2013-03-14,79.36569213867188,115.22000122070312,115.63999938964844,114.9800033569336,115.08999633789062,9352100
2013-03-15,79.73766326904297,115.76000213623047,115.87999725341797,115.30000305175781,115.33000183105469,9673400
2013-03-18,80.34379577636719,116.63999938964844,116.87999725341797,116.1500015258789,116.83000183105469,9152200
2013-03-19,80.88794708251953,117.43000030517578,117.88999938964844,116.69999694824219,116.77999877929688,11986200
2013-03-20,79.98564910888672,116.12000274658203,116.98999786376953,116.08000183105469,116.70999908447266,8543900
2013-03-21,80.75711059570312,117.23999786376953,117.25,116.52999877929688,116.86000061035156,6119400
2013-03-22,80.81914520263672,117.33000183105469,117.5,116.7699966430664,117.30000305175781,6323800
2013-03-25,80.7433090209961,117.22000122070312,117.77999877929688,116.66999816894531,116.7699966430664,5839800
2013-03-26,80.83975219726562,117.36000061035156,117.91000366210938,116.77999877929688,116.87000274658203,5093200
2013-03-27,81.52855682373047,118.36000061035156,118.7699966430664,118.18000030517578,118.30000305175781,7742900
2013-03-28,81.11529541015625,117.76000213623047,118.44999694824219,117.68000030517578,118.12000274658203,5826400
2013-04-01,81.72618865966797,118.38999938964844,118.41999816894531,117.48999786376953,117.5199966430664,6113800
2013-04-02,81.39485931396484,117.91000366210938,118.13999938964844,117.75,118.06999969482422,5438000
2013-04-03,82.1266098022461,118.97000122070312,119.29000091552734,118.25,118.30999755859375,9527400
2013-04-04,83.10684967041016,120.38999938964844,120.41000366210938,119.47000122070312,119.58999633789062,9365700
2013-04-05,84.78433990478516,122.81999969482422,123.43000030517578,122.62999725341797,122.87999725341797,18626200
2013-04-08,84.13541412353516,121.87999725341797,122.87000274658203,121.77999877929688,122.66999816894531,8020300
2013-04-09,83.92831420898438,121.58000183105469,122.23999786376953,121.37999725341797,122.02999877929688,7176100
2013-04-10,82.77552795410156,119.91000366210938,120.66000366210938,119.9000015258789,120.58999633789062,10765200
2013-04-11,82.93427276611328,120.13999938964844,120.48999786376953,119.88999938964844,120.16999816894531,7501800
2013-04-12,84.16989135742188,121.93000030517578,121.94000244140625,120.9000015258789,121.33000183105469,9253000
2013-04-15,84.90164947509766,122.98999786376953,123.02999877929688,121.87000274658203,122.12999725341797,12948400
2013-04-16,84.20443725585938,121.9800033569336,122.5199966430664,121.87999725341797,121.91999816894531,6553500
2013-04-17,84.76363372802734,122.79000091552734,123.52999877929688,122.30000305175781,122.30000305175781,9020900
2013-04-18,84.97069549560547,123.08999633789062,123.22000122070312,122.5999984741211,122.80999755859375,7009500
2013-04-19,84.79122924804688,122.83000183105469,122.9800033569336,122.62999725341797,122.94000244140625,5474300
2013-04-22,84.85334014892578,122.91999816894531,123.29000091552734,122.66999816894531,122.83999633789062,4519400
2013-04-23,84.55650329589844,122.48999786376953,123.79000091552734,122.37999725341797,123.26000213623047,8042900
2013-04-24,84.7705307006836,122.80000305175781,122.81999969482422,122.30000305175781,122.47000122070312,3673600
2013-04-25,84.40462493896484,122.2699966430664,122.37000274658203,122.0999984741211,122.25,4297800
2013-04-26,85.17778778076172,123.38999938964844,123.51000213623047,123.01000213623047,123.19999694824219,4898800
2013-04-29,84.8672103881836,122.94000244140625,123.7300033569336,122.76000213623047,123.58000183105469,4916000
2013-04-30,84.91551971435547,123.01000213623047,123.69000244140625,122.66999816894531,123.26000213623047,4477400
2013-05-01,85.78782653808594,124.01000213623047,124.26000213623047,123.43000030517578,123.45999908447266,10724600
2013-05-02,85.67715454101562,123.8499984741211,123.97000122070312,123.51000213623047,123.58999633789062,4171800
2013-05-03,83.65711975097656,120.93000030517578,122.19000244140625,120.83000183105469,122.16000366210938,11283600
2013-05-06,83.44959259033203,120.62999725341797,121.25,120.31999969482422,121.1500015258789,5121900
2013-05-07,83.12450408935547,120.16000366210938,120.5,120.05000305175781,120.19000244140625,5049200
2013-05-08,83.25590515136719,120.3499984741211,120.83000183105469,120.16999816894531,120.2699966430664,5732900
2013-05-09,83.04143524169922,120.04000091552734,121.31999969482422,119.9800033569336,120.51000213623047,7527000
2013-05-10,82.1490249633789,118.75,119.79000091552734,117.8499984741211,119.76000213623047,11689000
2013-05-13,81.51953125,117.83999633789062,118.19000244140625,117.62999725341797,117.87999725341797,8050800
2013-05-14,80.63404083251953,116.55999755859375,118.44000244140625,116.54000091552734,118.3499984741211,9236100
2013-05-15,81.17361450195312,117.33999633789062,117.72000122070312,116.41999816894531,117.52999877929688,14608600
2013-05-16,82.017578125,118.55999755859375,118.94000244140625,117.93000030517578,117.97000122070312,8458400
2013-05-17,80.97997283935547,117.05999755859375,118.1500015258789,116.9800033569336,117.94999694824219,7435500
2013-05-20,80.88307189941406,116.91999816894531,117.66999816894531,116.79000091552734,117.62999725341797,5839800
2013-05-21,81.51953125,117.83999633789062,117.87000274658203,116.41999816894531,116.93000030517578,7781800
2013-05-22,80.3089370727539,116.08999633789062,118.55000305175781,115.80000305175781,118.0199966430664,18361500
2013-05-23,80.68939971923828,116.63999938964844,117.23999786376953,115.7699966430664,117.1500015258789,9207100
2013-05-24,80.8000259399414,116.80000305175781,117.41999816894531,116.70999908447266,116.9800033569336,5357600
2013-05-28,78.7524185180664,113.83999633789062,116.2699966430664,113.81999969482422,116.08999633789062,13567500
2013-05-29,79.63785552978516,115.12000274658203,115.18000030517578,114.45999908447266,114.62000274658203,11298600
2013-05-30,79.44416046142578,114.83999633789062,115.37000274658203,114.52999877929688,115.25,10011800
2013-05-31,79.17440032958984,114.44999694824219,115.0199966430664,113.16999816894531,114.97000122070312,18158800
2013-06-03,79.59394836425781,114.77999877929688,115.48999786376953,113.69999694824219,113.77999877929688,15564500
2013-06-04,78.85885620117188,113.72000122070312,114.48999786376953,113.66000366210938,113.95999908447266,7504300
2013-06-05,79.9476089477539,115.29000091552734,115.31999969482422,114.12999725341797,114.29000091552734,8056100
2013-06-06,79.8990707397461,115.22000122070312,116.79000091552734,114.41000366210938,114.87999725341797,8925200
2013-06-07,78.47049713134766,113.16000366210938,114.83000183105469,113.16000366210938,114.22000122070312,10459300
2013-06-10,78.09607696533203,112.62000274658203,113.12000274658203,112.37999725341797,112.69999694824219,7892600
2013-06-11,79.02526092529297,113.95999908447266,113.95999908447266,112.12000274658203,112.2699966430664,12841200
2013-06-12,77.89498138427734,112.33000183105469,113.83000183105469,112.2699966430664,113.0,10193200
2013-06-13,79.11543273925781,114.08999633789062,114.16999816894531,112.88999938964844,113.06999969482422,12506300
2013-06-14,78.92820739746094,113.81999969482422,114.66000366210938,113.81999969482422,114.0999984741211,6679100
2013-06-17,78.5121841430664,113.22000122070312,114.08000183105469,113.0,114.0199966430664,5982100
2013-06-18,78.55374145507812,113.27999877929688,113.68000030517578,112.72000122070312,112.8499984741211,5192700
2013-06-19,77.7424545288086,112.11000061035156,113.79000091552734,111.62000274658203,113.73999786376953,17138200
2013-06-20,76.46646881103516,110.2699966430664,111.20999908447266,109.27999877929688,110.75,27898500
2013-06-21,75.16973876953125,108.4000015258789,110.41000366210938,108.37000274658203,110.1500015258789,19781000
2013-06-24,75.4818115234375,108.8499984741211,109.38999938964844,107.76000213623047,107.83000183105469,24588900
2013-06-25,74.80912780761719,107.87999725341797,109.0199966430664,107.86000061035156,108.9000015258789,11078000
2013-06-26,75.29456329345703,108.58000183105469,109.05000305175781,108.04000091552734,109.0,13582200
2013-06-27,76.06423950195312,109.69000244140625,109.97000122070312,108.94999694824219,109.54000091552734,12026000
2013-06-28,76.58439636230469,110.44000244140625,110.4800033569336,108.72000122070312,109.01000213623047,12017000
2013-07-01,76.7386703491211,110.41000366210938,110.5,109.43000030517578,109.7300033569336,5500400
2013-07-02,76.69001770019531,110.33999633789062,110.80000305175781,110.23999786376953,110.5,5333900
2013-07-03,76.4606704711914,110.01000213623047,110.6500015258789,110.01000213623047,110.30999755859375,3839000
2013-07-05,73.85425567626953,106.26000213623047,107.5,106.16999816894531,107.27999877929688,14511900
2013-07-08,74.57015991210938,107.29000091552734,107.55999755859375,106.94999694824219,107.06999969482422,8044200
2013-07-09,74.64662170410156,107.4000015258789,107.62000274658203,107.06999969482422,107.48999786376953,4700400
2013-07-10,74.06275939941406,106.55999755859375,107.38999938964844,106.30000305175781,107.38999938964844,10792200
2013-07-11,74.93154907226562,107.80999755859375,107.87000274658203,106.94000244140625,107.44999694824219,10035500
2013-07-12,74.8690414428711,107.72000122070312,108.47000122070312,107.33999633789062,108.33999633789062,4730800
2013-07-15,75.26517486572266,108.29000091552734,108.31999969482422,107.69999694824219,107.80000305175781,4574800
2013-07-16,75.52234649658203,108.66000366210938,108.76000213623047,108.2699966430664,108.43000030517578,3650200
2013-07-17,75.66136169433594,108.86000061035156,109.36000061035156,108.66000366210938,109.19000244140625,5932000
2013-07-18,74.71611022949219,107.5,108.66999816894531,107.4800033569336,108.61000061035156,9066400
2013-07-19,75.8976821899414,109.19999694824219,109.20999908447266,108.25,108.30999755859375,8523800
2013-07-22,76.00886535644531,109.36000061035156,109.69000244140625,109.12999725341797,109.36000061035156,3972600
2013-07-23,75.68914794921875,108.9000015258789,109.0,108.31999969482422,108.66999816894531,5015500
2013-07-24,74.72998809814453,107.5199966430664,107.88999938964844,106.79000091552734,107.6500015258789,8853100
2013-07-25,74.70222473144531,107.4800033569336,107.5999984741211,106.80999755859375,106.97000122070312,6443400
2013-07-26,75.1609115600586,108.13999938964844,108.27999877929688,107.63999938964844,108.04000091552734,6795500
2013-07-29,74.61185455322266,107.3499984741211,107.81999969482422,107.06999969482422,107.6500015258789,6397800
2013-07-30,74.58404541015625,107.30999755859375,107.76000213623047,107.05000305175781,107.70999908447266,3635400
2013-07-31,74.85519409179688,107.69999694824219,107.91999816894531,105.8499984741211,106.05999755859375,10483100
2013-08-01,73.41280364990234,105.36000061035156,106.48999786376953,105.0,106.48999786376953,13568600
2013-08-02,74.22102355957031,106.5199966430664,106.61000061035156,105.9800033569336,106.01000213623047,9568400
2013-08-05,73.64971160888672,105.69999694824219,106.25,105.54000091552734,106.19000244140625,6611800
2013-08-06,73.86573028564453,106.01000213623047,106.01000213623047,105.33999633789062,105.52999877929688,4589000
2013-08-07,74.4161376953125,106.80000305175781,106.94000244140625,106.16999816894531,106.16999816894531,7183400
2013-08-08,74.61817932128906,107.08999633789062,107.5999984741211,106.79000091552734,106.9800033569336,5510900
2013-08-09,74.7366943359375,107.26000213623047,107.2699966430664,106.4800033569336,106.5999984741211,3623400
2013-08-12,74.22797393798828,106.52999877929688,107.62999725341797,106.47000122070312,107.61000061035156,7562800
2013-08-13,73.15498352050781,104.98999786376953,105.36000061035156,104.80000305175781,105.33000183105469,11485600
2013-08-14,73.26641845703125,105.1500015258789,105.36000061035156,104.87000274658203,104.94000244140625,6431600
2013-08-15,72.2770004272461,103.7300033569336,104.62999725341797,103.69000244140625,104.0999984741211,11846300
2013-08-16,72.02617645263672,103.37000274658203,103.97000122070312,102.66999816894531,103.95999908447266,10175900
2013-08-19,71.39905548095703,102.47000122070312,103.01000213623047,102.20999908447266,102.93000030517578,9022000
2013-08-20,71.94955444335938,103.26000213623047,103.36000061035156,102.8499984741211,102.88999938964844,10050100
2013-08-21,71.16215515136719,102.12999725341797,103.19999694824219,102.11000061035156,102.7699966430664,13248800
2013-08-22,71.8868408203125,103.16999816894531,103.2300033569336,102.23999786376953,102.45999908447266,8751200
2013-08-23,72.66722106933594,104.29000091552734,104.38999938964844,102.73999786376953,103.01000213623047,17441200
2013-08-26,73.029541015625,104.80999755859375,104.88999938964844,104.33000183105469,104.55999755859375,5879100
2013-08-27,73.94930267333984,106.12999725341797,106.25,105.04000091552734,105.29000091552734,11573300
2013-08-28,73.35006713867188,105.2699966430664,105.56999969482422,104.94000244140625,105.41000366210938,7497900
2013-08-29,73.9354019165039,106.11000061035156,106.30999755859375,104.79000091552734,104.87999725341797,6672400
2013-08-30,73.85171508789062,105.98999786376953,106.68000030517578,105.73999786376953,106.0199966430664,8987600
2013-09-03,72.8100814819336,104.22000122070312,104.66999816894531,103.51000213623047,104.58999633789062,12084300
2013-09-04,72.64942169189453,103.98999786376953,104.6500015258789,103.94999694824219,104.44999694824219,4579600
2013-09-05,71.63642120361328,102.54000091552734,103.5999984741211,102.52999877929688,103.47000122070312,12290600
2013-09-06,71.99273681640625,103.05000305175781,103.81999969482422,102.80999755859375,103.25,9478400
2013-09-09,72.02764892578125,103.0999984741211,103.80999755859375,103.08000183105469,103.80000305175781,6874900
2013-09-10,71.52462768554688,102.37999725341797,103.33999633789062,102.36000061035156,102.7300033569336,8069000
2013-09-11,72.16039276123047,103.29000091552734,103.30999755859375,102.19000244140625,102.91999816894531,8962400
2013-09-12,72.06258392333984,103.1500015258789,104.0,103.05999755859375,103.8499984741211,6254400
2013-09-13,72.34207153320312,103.55000305175781,103.83000183105469,103.2300033569336,103.51000213623047,6106200
2013-09-16,71.86000061035156,102.86000061035156,104.41000366210938,102.8499984741211,104.33000183105469,8231600
2013-09-17,72.45381164550781,103.70999908447266,103.73999786376953,102.97000122070312,103.37000274658203,8795300
2013-09-18,73.34807586669922,104.98999786376953,105.55000305175781,102.9800033569336,103.62999725341797,19749200
2013-09-19,72.91490936279297,104.37000274658203,105.08999633789062,104.16000366210938,105.05000305175781,11627800
2013-09-20,73.29910278320312,104.91999816894531,105.18000030517578,104.44999694824219,104.69000244140625,8421000
2013-09-23,73.83708190917969,105.69000244140625,105.7300033569336,105.11000061035156,105.20999908447266,10242100
2013-09-24,74.63352966308594,106.83000183105469,106.83999633789062,105.83999633789062,105.98999786376953,11446600
2013-09-25,74.78721618652344,107.05000305175781,107.27999877929688,106.38999938964844,106.54000091552734,8130900
2013-09-26,74.26323699951172,106.30000305175781,106.62000274658203,106.19000244140625,106.4800033569336,5117100
2013-09-27,74.44490051269531,106.55999755859375,106.81999969482422,106.25,106.29000091552734,6460000
2013-09-30,74.33311462402344,106.4000015258789,106.9000015258789,106.18000030517578,106.66000366210938,8438800
2013-10-01,74.10751342773438,105.80000305175781,106.02999877929688,105.52999877929688,105.9000015258789,7592500
2013-10-02,74.2196044921875,105.95999908447266,106.4800033569336,105.76000213623047,105.93000030517578,5967200
2013-10-03,74.10054016113281,105.79000091552734,106.41000366210938,105.69999694824219,105.75,6648900
2013-10-04,74.0445327758789,105.70999908447266,105.77999877929688,105.3499984741211,105.66999816894531,5545300
2013-10-07,74.34566497802734,106.13999938964844,106.36000061035156,105.9800033569336,106.19999694824219,5761100
2013-10-08,74.36672973632812,106.16999816894531,106.51000213623047,105.83000183105469,105.9800033569336,5904000
2013-10-09,73.77133178710938,105.31999969482422,105.94000244140625,105.30000305175781,105.87000274658203,8439000
2013-10-10,73.89043426513672,105.48999786376953,105.52999877929688,104.51000213623047,104.80000305175781,9944100
2013-10-11,73.8694076538086,105.45999908447266,106.2300033569336,105.41000366210938,106.16000366210938,6500800
2013-10-14,73.27403259277344,104.61000061035156,105.63999938964844,104.33000183105469,105.38999938964844,4205600
2013-10-15,73.22500610351562,104.54000091552734,105.30000305175781,104.52999877929688,105.1500015258789,8291000
2013-10-16,74.14257049560547,105.8499984741211,105.86000061035156,104.2699966430664,104.47000122070312,14460200
2013-10-17,74.81501770019531,106.80999755859375,107.12000274658203,106.29000091552734,106.5199966430664,11303400
2013-10-18,74.97612762451172,107.04000091552734,107.4800033569336,106.9800033569336,107.11000061035156,9487800
2013-10-21,74.73794555664062,106.69999694824219,106.91999816894531,106.45999908447266,106.91000366210938,6161600
2013-10-22,75.57148742675781,107.88999938964844,108.12000274658203,107.55999755859375,107.5999984741211,9708500
2013-10-23,75.86567687988281,108.30999755859375,108.7300033569336,108.04000091552734,108.06999969482422,9163100
2013-10-24,75.57148742675781,107.88999938964844,108.66999816894531,107.87000274658203,108.61000061035156,7631400
2013-10-25,75.85166931152344,108.29000091552734,108.44999694824219,108.08000183105469,108.12999725341797,4429500
2013-10-28,75.59249114990234,107.91999816894531,108.37999725341797,107.91000366210938,108.01000213623047,6466400
2013-10-29,75.6905746459961,108.05999755859375,108.06999969482422,107.51000213623047,107.62000274658203,5270500
2013-10-30,75.23526763916016,107.41000366210938,108.20999908447266,107.20999908447266,107.93000030517578,10199300
2013-10-31,75.3963851928711,107.63999938964844,108.01000213623047,107.13999938964844,107.91000366210938,11452100
2013-11-01,74.58029174804688,106.19000244140625,107.0,106.13999938964844,106.97000122070312,11349500
2013-11-04,74.6505355834961,106.29000091552734,106.66999816894531,106.22000122070312,106.47000122070312,4733200
2013-11-05,73.75853729248047,105.0199966430664,105.83000183105469,104.98999786376953,105.79000091552734,8753400
2013-11-06,73.79369354248047,105.06999969482422,105.13999938964844,104.69000244140625,104.94000244140625,5643000
2013-11-07,74.41876983642578,105.95999908447266,106.05000305175781,104.97000122070312,105.05000305175781,7893700
2013-11-08,72.62776947021484,103.41000366210938,104.11000061035156,103.38999938964844,103.97000122070312,16889900
2013-11-11,72.35388946533203,103.0199966430664,103.58000183105469,102.95999908447266,103.52999877929688,4927200
2013-11-12,72.69096374511719,103.5,103.58999633789062,103.18000030517578,103.20999908447266,4839500
2013-11-13,72.95790100097656,103.87999725341797,104.04000091552734,103.73999786376953,103.87000274658203,5782900
2013-11-14,73.40738677978516,104.5199966430664,105.12000274658203,104.1500015258789,104.30999755859375,8895500
2013-11-15,73.55487823486328,104.7300033569336,104.73999786376953,104.30999755859375,104.66000366210938,6344800
2013-11-18,73.99737548828125,105.36000061035156,105.41000366210938,104.6500015258789,104.6500015258789,5451300
2013-11-19,73.43547058105469,104.55999755859375,105.13999938964844,104.41000366210938,104.94999694824219,7251100
2013-11-20,72.18534851074219,102.77999877929688,104.83999633789062,102.6500015258789,104.41999816894531,14190900
2013-11-21,72.30471801757812,102.94999694824219,103.19000244140625,102.16000366210938,102.51000213623047,8903000
2013-11-22,72.97898864746094,103.91000366210938,104.12999725341797,103.4800033569336,103.48999786376953,7950700
2013-11-25,73.1896743774414,104.20999908447266,104.41999816894531,103.83999633789062,103.83999633789062,3755500
2013-11-26,73.46353912353516,104.5999984741211,104.93000030517578,104.4800033569336,104.48999786376953,6659200
2013-11-27,73.33716583251953,104.41999816894531,104.69999694824219,103.95999908447266,104.68000030517578,6063000
2013-11-29,73.35824584960938,104.44999694824219,104.5999984741211,103.94999694824219,104.08000183105469,5084400
2013-12-02,72.7876205444336,103.33000183105469,103.91000366210938,103.22000122070312,103.80000305175781,7527800
2013-12-03,73.05534362792969,103.70999908447266,103.95999908447266,103.45999908447266,103.69999694824219,5076900
2013-12-04,72.35796356201172,102.72000122070312,103.05000305175781,102.37999725341797,102.75,8502700
2013-12-05,72.1536636352539,102.43000030517578,102.8499984741211,102.22000122070312,102.4800033569336,7445700
2013-12-06,72.49881744384766,102.91999816894531,102.98999786376953,102.36000061035156,102.55999755859375,7352000
2013-12-09,72.66790008544922,103.16000366210938,103.2300033569336,102.83000183105469,102.9000015258789,5678800
2013-12-10,73.18917846679688,103.9000015258789,103.94999694824219,103.44999694824219,103.83999633789062,7040400
2013-12-11,72.62564086914062,103.0999984741211,103.7699966430664,103.0199966430664,103.55000305175781,8190900
2013-12-12,72.3509292602539,102.70999908447266,103.16000366210938,102.62999725341797,103.02999877929688,6208600
2013-12-13,72.703125,103.20999908447266,103.30000305175781,102.79000091552734,103.13999938964844,6471300
2013-12-16,72.43548583984375,102.83000183105469,103.69000244140625,102.7300033569336,103.58000183105469,6376400
2013-12-17,72.75951385498047,103.29000091552734,103.4000015258789,102.58999633789062,102.61000061035156,6014400
2013-12-18,72.39317321777344,102.7699966430664,103.72000122070312,102.45999908447266,102.83000183105469,12973200
2013-12-19,72.32272338867188,102.66999816894531,103.01000213623047,102.44999694824219,102.86000061035156,6708400
2013-12-20,73.43569946289062,104.25,104.29000091552734,103.30000305175781,103.72000122070312,12425700
2013-12-23,73.02013397216797,103.66000366210938,104.41000366210938,103.66000366210938,104.05000305175781,6378600
2013-12-24,72.43548583984375,102.83000183105469,103.3499984741211,102.80000305175781,103.2300033569336,4897000
2013-12-26,72.15629577636719,102.0999984741211,102.36000061035156,102.01000213623047,102.3499984741211,4645300
2013-12-27,71.95133972167969,101.80999755859375,102.30999755859375,101.69000244140625,102.06999969482422,4755000
2013-12-30,72.446044921875,102.51000213623047,102.58000183105469,102.08000183105469,102.1500015258789,4491700
2013-12-31,71.98670196533203,101.86000061035156,102.55000305175781,101.16999816894531,102.29000091552734,7218600
2014-01-02,72.20570373535156,102.16999816894531,102.38999938964844,101.69000244140625,101.72000122070312,8580800
2014-01-03,72.20570373535156,102.16999816894531,102.44999694824219,101.76000213623047,101.80999755859375,4083800
2014-01-06,72.50963592529297,102.5999984741211,103.0,102.37000274658203,102.37999725341797,7796200
2014-01-07,72.69339752197266,102.86000061035156,102.98999786376953,102.55999755859375,102.81999969482422,4428100
2014-01-08,72.49549102783203,102.58000183105469,102.69000244140625,102.0999984741211,102.44999694824219,8513000
2014-01-09,72.9195556640625,103.18000030517578,103.20999908447266,102.51000213623047,102.97000122070312,6991100
2014-01-10,73.78878784179688,104.41000366210938,104.54000091552734,103.69000244140625,103.7699966430664,13197400
2014-01-13,74.15638732910156,104.93000030517578,105.13999938964844,104.47000122070312,104.51000213623047,9667400
2014-01-14,73.81706237792969,104.44999694824219,104.83000183105469,104.38999938964844,104.6500015258789,10343100
2014-01-15,73.73936462402344,104.33999633789062,104.51000213623047,103.93000030517578,104.04000091552734,7507500
2014-01-16,74.23402404785156,105.04000091552734,105.06999969482422,104.72000122070312,104.8499984741211,7137700
2014-01-17,74.54501342773438,105.4800033569336,105.5199966430664,104.79000091552734,104.86000061035156,7588600
2014-01-21,74.60154724121094,105.55999755859375,105.73999786376953,105.4000015258789,105.44999694824219,6436000
2014-01-22,74.41777038574219,105.30000305175781,105.75,105.23999786376953,105.37000274658203,4646700
2014-01-23,75.4708023071289,106.79000091552734,107.08999633789062,105.87999725341797,105.87999725341797,12960600
2014-01-24,75.95844268798828,107.4800033569336,107.48999786376953,106.98999786376953,107.19000244140625,11122200
2014-01-27,75.42841339111328,106.7300033569336,107.5999984741211,106.69999694824219,107.22000122070312,9218200
2014-01-28,75.61214447021484,106.98999786376953,106.98999786376953,106.55000305175781,106.91000366210938,5661500
2014-01-29,76.23406219482422,107.87000274658203,108.1500015258789,106.98999786376953,107.37000274658203,11709400
2014-01-30,76.0150146484375,107.55999755859375,107.66999816894531,107.11000061035156,107.47000122070312,5956900
2014-01-31,76.52385711669922,108.27999877929688,108.41000366210938,107.8499984741211,108.19999694824219,14690900
2014-02-03,77.45624542236328,109.31999969482422,109.33999633789062,107.61000061035156,107.79000091552734,20780300
2014-02-04,76.63435363769531,108.16000366210938,108.66999816894531,107.97000122070312,108.5199966430664,9573500
2014-02-05,75.92585754394531,107.16000366210938,107.77999877929688,107.01000213623047,107.69000244140625,10312200
2014-02-06,75.59989929199219,106.69999694824219,107.0199966430664,106.5199966430664,106.97000122070312,5708700
2014-02-07,75.66368103027344,106.79000091552734,107.22000122070312,106.44000244140625,106.45999908447266,7039200
2014-02-10,75.87622833251953,107.08999633789062,107.12000274658203,106.56999969482422,106.61000061035156,4370500
2014-02-11,75.43695068359375,106.47000122070312,106.69000244140625,106.16000366210938,106.61000061035156,5904900
2014-02-12,75.04725646972656,105.91999816894531,106.20999908447266,105.62000274658203,106.16999816894531,6723300
2014-02-13,75.472412109375,106.5199966430664,106.7300033569336,106.30000305175781,106.58999633789062,6874600
2014-02-14,75.51490020751953,106.58000183105469,106.63999938964844,106.2699966430664,106.56999969482422,4989100
2014-02-18,75.68494415283203,106.81999969482422,107.19999694824219,106.62000274658203,106.66000366210938,4855800
2014-02-19,75.36605072021484,106.37000274658203,107.18000030517578,106.30000305175781,107.18000030517578,5522500
2014-02-20,75.1818618774414,106.11000061035156,106.62999725341797,105.69000244140625,106.31999969482422,5103200
2014-02-21,75.57864379882812,106.66999816894531,106.68000030517578,105.94999694824219,105.94999694824219,5250700
2014-02-24,75.3873291015625,106.4000015258789,106.73999786376953,106.16999816894531,106.69999694824219,3816700
2014-02-25,76.06037902832031,107.3499984741211,107.36000061035156,106.88999938964844,106.91000366210938,6225400
2014-02-26,76.46430206298828,107.91999816894531,107.91999816894531,107.23999786376953,107.30999755859375,7203900
2014-02-27,76.88235473632812,108.51000213623047,108.55999755859375,108.0999984741211,108.27999877929688,5394700
2014-02-28,76.92485046386719,108.56999969482422,108.73999786376953,107.77999877929688,108.27999877929688,8462600
2014-03-03,77.43840026855469,109.02999877929688,109.18000030517578,108.63999938964844,108.87999725341797,11089400
2014-03-04,76.27356719970703,107.38999938964844,108.3499984741211,107.36000061035156,108.3499984741211,8068100
2014-03-05,76.4369125366211,107.62000274658203,107.77999877929688,107.19999694824219,107.33999633789062,4798500
2014-03-06,75.68404388427734,106.55999755859375,106.97000122070312,106.5199966430664,106.76000213623047,7418200
2014-03-07,75.20817565917969,105.88999938964844,106.16999816894531,105.5999984741211,105.63999938964844,8270300
2014-03-10,75.31475067138672,106.04000091552734,106.11000061035156,105.77999877929688,105.94000244140625,3744300
2014-03-11,75.51358795166016,106.31999969482422,106.33999633789062,105.77999877929688,105.9800033569336,3815700
2014-03-12,76.03922271728516,107.05999755859375,107.26000213623047,106.77999877929688,106.91999816894531,6430500
2014-03-13,77.06197357177734,108.5,108.52999877929688,106.6500015258789,106.69999694824219,11815500
2014-03-14,77.07614135742188,108.5199966430664,108.9800033569336,108.31999969482422,108.97000122070312,9232800
2014-03-17,76.50078582763672,107.70999908447266,108.30000305175781,107.66999816894531,108.18000030517578,7381900
2014-03-18,76.77788543701172,108.0999984741211,108.1500015258789,107.5999984741211,107.68000030517578,4819500
2014-03-19,76.18121337890625,107.26000213623047,107.9800033569336,106.80999755859375,107.91999816894531,11557600
2014-03-20,76.04623413085938,107.06999969482422,107.62999725341797,106.98999786376953,107.08999633789062,5224400
2014-03-21,76.87016296386719,108.2300033569336,108.31999969482422,107.37000274658203,107.41000366210938,8986200
2014-03-24,77.41703796386719,109.0,109.08999633789062,107.94999694824219,108.05000305175781,7536400
2014-03-25,77.12586975097656,108.58999633789062,108.81999969482422,108.16999816894531,108.41000366210938,5032000
2014-03-26,77.72954559326172,109.44000244140625,109.4800033569336,108.4800033569336,108.55000305175781,7147200
2014-03-27,78.12017059326172,109.98999786376953,110.38999938964844,109.41999816894531,109.63999938964844,9772200
2014-03-28,77.6798324584961,109.37000274658203,109.88999938964844,109.0199966430664,109.86000061035156,6027000
2014-03-31,77.488037109375,109.0999984741211,111.06999969482422,108.33999633789062,108.73999786376953,7488400
2014-04-01,76.8258285522461,107.88999938964844,108.36000061035156,107.83999633789062,108.26000213623047,9067300
2014-04-02,76.38436126708984,107.2699966430664,107.55000305175781,107.16999816894531,107.38999938964844,6887200
2014-04-03,76.71903991699219,107.73999786376953,107.94000244140625,107.44000244140625,107.5199966430664,4937400
2014-04-04,77.23172760009766,108.45999908447266,108.69000244140625,107.8499984741211,107.87000274658203,8977500
2014-04-07,77.6945571899414,109.11000061035156,109.29000091552734,108.5999984741211,108.62000274658203,7562500
2014-04-08,77.87973022460938,109.37000274658203,109.47000122070312,108.72000122070312,109.02999877929688,4213800
2014-04-09,77.49517822265625,108.83000183105469,109.3499984741211,108.63999938964844,108.87999725341797,5771500
2014-04-10,78.21443176269531,109.83999633789062,110.22000122070312,108.9000015258789,108.91999816894531,12706400
2014-04-11,78.8481674194336,110.7300033569336,110.79000091552734,110.12999725341797,110.54000091552734,10267000
2014-04-14,78.64167022705078,110.44000244140625,110.69999694824219,110.30000305175781,110.4800033569336,4142600
2014-04-15,79.13294982910156,111.12999725341797,111.51000213623047,110.3499984741211,110.61000061035156,7752000
2014-04-16,79.232666015625,111.2699966430664,111.2699966430664,110.37999725341797,110.43000030517578,5523000
2014-04-17,78.36394500732422,110.05000305175781,111.44999694824219,109.69999694824219,111.37000274658203,8622500
2014-04-21,78.29985809326172,109.95999908447266,110.62000274658203,109.83999633789062,110.37000274658203,4316300
2014-04-22,78.56330871582031,110.33000183105469,110.48999786376953,109.61000061035156,109.66000366210938,5748700
2014-04-23,79.01193237304688,110.95999908447266,111.05000305175781,110.52999877929688,110.5999984741211,5748600
2014-04-24,79.16143035888672,111.16999816894531,111.20999908447266,110.44999694824219,110.44999694824219,6337800
2014-04-25,79.275390625,111.33000183105469,111.98999786376953,111.31999969482422,111.48999786376953,5976500
2014-04-28,78.89083099365234,110.79000091552734,111.27999877929688,110.55000305175781,111.11000061035156,7606000
2014-04-29,78.7840576171875,110.63999938964844,110.7300033569336,110.04000091552734,110.16999816894531,5235200
2014-04-30,79.11161041259766,111.0999984741211,111.26000213623047,110.37999725341797,110.72000122070312,7721400
2014-05-01,79.96028137207031,112.0199966430664,112.08000183105469,110.83999633789062,110.87999725341797,11556500
2014-05-02,80.45280456542969,112.70999908447266,113.0999984741211,111.30000305175781,111.54000091552734,12702100
2014-05-05,79.96747589111328,112.02999877929688,112.80999755859375,111.88999938964844,112.76000213623047,8043000
2014-05-06,80.28865814208984,112.4800033569336,112.69999694824219,112.04000091552734,112.11000061035156,6522600
2014-05-07,80.00313568115234,112.08000183105469,112.56999969482422,111.94000244140625,112.30999755859375,8199200
2014-05-08,79.66053009033203,111.5999984741211,112.76000213623047,111.45999908447266,112.33999633789062,10878800
2014-05-09,79.4035415649414,111.23999786376953,111.80999755859375,110.9800033569336,111.52999877929688,6000600
2014-05-12,79.08235168457031,110.79000091552734,111.12999725341797,110.54000091552734,111.01000213623047,4563800
2014-05-13,79.76763916015625,111.75,111.75,111.33000183105469,111.44000244140625,5501000
2014-05-14,80.63129425048828,112.95999908447266,113.2300033569336,112.55999755859375,112.62999725341797,8851400
2014-05-15,81.27369689941406,113.86000061035156,114.41000366210938,113.5999984741211,113.77999877929688,12627900
2014-05-16,81.04531860351562,113.54000091552734,114.0,113.41999816894531,113.61000061035156,5019200
2014-05-19,80.44570922851562,112.69999694824219,113.95999908447266,112.62000274658203,113.93000030517578,7403300
2014-05-20,80.62413787841797,112.94999694824219,113.4800033569336,112.58999633789062,112.5999984741211,6549800
2014-05-21,80.13166046142578,112.26000213623047,112.4000015258789,111.87000274658203,112.22000122070312,8224600
2014-05-22,80.01741027832031,112.0999984741211,112.4000015258789,111.79000091552734,112.26000213623047,6495700
2014-05-23,80.44570922851562,112.69999694824219,112.91000366210938,112.44999694824219,112.5199966430664,3835000
2014-05-27,80.91677856445312,113.36000061035156,113.4000015258789,112.4000015258789,112.8499984741211,6658300
2014-05-28,81.9161376953125,114.76000213623047,114.83999633789062,114.08999633789062,114.0999984741211,10361000
2014-05-29,81.48072052001953,114.1500015258789,115.19000244140625,114.12999725341797,114.87000274658203,10692000
2014-05-30,81.44499969482422,114.0999984741211,114.4000015258789,113.80999755859375,113.95999908447266,6518900
2014-06-02,80.83959197998047,112.95999908447266,113.68000030517578,112.55000305175781,113.04000091552734,11728200
2014-06-03,79.8448486328125,111.56999969482422,112.54000091552734,111.51000213623047,112.41000366210938,12694100
2014-06-04,79.82334899902344,111.54000091552734,111.81999969482422,111.2699966430664,111.76000213623047,7882000
2014-06-05,79.85912322998047,111.58999633789062,111.97000122070312,111.0199966430664,111.12999725341797,6915600
2014-06-06,79.85912322998047,111.58999633789062,112.41000366210938,111.48999786376953,112.12999725341797,7832800
2014-06-09,79.74463653564453,111.43000030517578,111.63999938964844,111.19999694824219,111.44999694824219,5162800
2014-06-10,79.45124816894531,111.0199966430664,111.2699966430664,110.83000183105469,111.04000091552734,5986000
2014-06-11,79.5943832397461,111.22000122070312,111.54000091552734,110.8499984741211,111.26000213623047,5569700
2014-06-12,80.3028564453125,112.20999908447266,112.3499984741211,111.0,111.30000305175781,9775900
2014-06-13,80.25994873046875,112.1500015258789,112.62000274658203,111.52999877929688,111.56999969482422,5412500
2014-06-16,80.46033477783203,112.43000030517578,112.62999725341797,112.0999984741211,112.20999908447266,5184600
2014-06-17,79.82334899902344,111.54000091552734,112.08999633789062,111.4800033569336,112.06999969482422,6668800
2014-06-18,80.43883514404297,112.4000015258789,112.76000213623047,111.55999755859375,111.80000305175781,11256500
2014-06-19,79.4083023071289,110.95999908447266,112.55999755859375,110.73999786376953,112.51000213623047,14215500
2014-06-20,80.00941467285156,111.80000305175781,111.80000305175781,110.9000015258789,110.97000122070312,7319100
2014-06-23,79.75897216796875,111.44999694824219,112.18000030517578,111.41000366210938,112.08000183105469,5821700
2014-06-24,80.56770324707031,112.58000183105469,112.6500015258789,111.81999969482422,112.1500015258789,9698300
2014-06-25,80.77517700195312,112.87000274658203,113.36000061035156,112.69000244140625,113.0999984741211,5699300
2014-06-26,81.1616439819336,113.41000366210938,113.80000305175781,113.20999908447266,113.20999908447266,6628900
2014-06-27,81.03994750976562,113.23999786376953,113.81999969482422,113.16999816894531,113.68000030517578,7216500
2014-06-30,81.24036407470703,113.5199966430664,113.80000305175781,113.08999633789062,113.55999755859375,5593100
2014-07-01,80.5601806640625,112.27999877929688,112.73999786376953,112.19999694824219,112.5,8019200
2014-07-02,79.69921112060547,111.08000183105469,111.66999816894531,110.97000122070312,111.62999725341797,9382500
2014-07-03,79.41220092773438,110.68000030517578,110.86000061035156,110.33999633789062,110.37999725341797,6173900
2014-07-07,79.99337005615234,111.48999786376953,111.80999755859375,111.2300033569336,111.2699966430664,5928900
2014-07-08,80.8902816772461,112.73999786376953,112.86000061035156,112.23999786376953,112.23999786376953,6352100
2014-07-09,80.95481872558594,112.83000183105469,113.13999938964844,112.37999725341797,112.66000366210938,6395200
2014-07-10,80.97628784179688,112.86000061035156,113.66000366210938,112.81999969482422,113.54000091552734,7196900
2014-07-11,81.49295043945312,113.58000183105469,113.68000030517578,113.27999877929688,113.3499984741211,4676500
2014-07-14,81.14134216308594,113.08999633789062,113.41000366210938,112.93000030517578,113.27999877929688,4743300
2014-07-15,80.97628784179688,112.86000061035156,113.47000122070312,112.5,112.83000183105469,7720000
2014-07-16,81.40684509277344,113.45999908447266,113.58000183105469,112.94000244140625,113.0,4615800
2014-07-17,82.43281555175781,114.88999938964844,115.05000305175781,113.94000244140625,114.2300033569336,10901000
2014-07-18,82.16735076904297,114.5199966430664,114.95999908447266,114.11000061035156,114.87999725341797,6677900
2014-07-21,82.5762939453125,115.08999633789062,115.62999725341797,115.01000213623047,115.01000213623047,5724100
2014-07-22,82.74858856201172,115.33000183105469,115.45999908447266,114.6500015258789,115.08999633789062,5753200
2014-07-23,82.64090728759766,115.18000030517578,115.62999725341797,115.16999816894531,115.51000213623047,3489600
2014-07-24,82.02383422851562,114.31999969482422,114.58000183105469,114.25,114.5199966430664,6609000
2014-07-25,82.99247741699219,115.66999816894531,115.68000030517578,115.16000366210938,115.33999633789062,7041800
2014-07-28,82.87767791748047,115.51000213623047,115.9000015258789,115.12000274658203,115.58999633789062,5138300
2014-07-29,83.17900085449219,115.93000030517578,116.06999969482422,115.41999816894531,115.87000274658203,6579300
2014-07-30,82.02383422851562,114.31999969482422,115.37999725341797,114.16999816894531,115.1500015258789,12251200
2014-07-31,81.77989196777344,113.9800033569336,114.58000183105469,113.47000122070312,113.52999877929688,18254000
2014-08-01,82.4129409790039,114.55999755859375,114.87000274658203,113.05000305175781,113.58000183105469,14951200
2014-08-04,82.19718170166016,114.26000213623047,114.80999755859375,114.26000213623047,114.52999877929688,5183800
2014-08-05,82.46334838867188,114.62999725341797,114.80000305175781,113.68000030517578,114.06999969482422,8032000
2014-08-06,82.51370239257812,114.69999694824219,115.47000122070312,114.5999984741211,115.47000122070312,7289200
2014-08-07,83.28343200683594,115.7699966430664,115.7699966430664,114.56999969482422,114.83999633789062,9745500
2014-08-08,83.10359954833984,115.5199966430664,116.41999816894531,115.37999725341797,115.93000030517578,9536700
2014-08-11,83.09639739990234,115.51000213623047,115.81999969482422,115.29000091552734,115.6500015258789,6668800
2014-08-12,82.556884765625,114.76000213623047,115.44000244140625,114.7300033569336,115.41000366210938,8122400
2014-08-13,83.09639739990234,115.51000213623047,115.5199966430664,114.77999877929688,114.87000274658203,8210500
2014-08-14,83.76545715332031,116.44000244140625,116.5,115.38999938964844,115.93000030517578,9028200
2014-08-15,84.67906188964844,117.70999908447266,118.36000061035156,116.69000244140625,116.70999908447266,17606700
2014-08-18,83.83739471435547,116.54000091552734,117.30000305175781,116.38999938964844,117.20999908447266,7595300
2014-08-19,83.5783920288086,116.18000030517578,117.1500015258789,115.9800033569336,117.08000183105469,5936900
2014-08-20,83.44171142578125,115.98999786376953,116.11000061035156,115.56999969482422,116.04000091552734,7275600
2014-08-21,83.90928649902344,116.63999938964844,116.76000213623047,116.0199966430664,116.06999969482422,6790700
2014-08-22,84.37692260742188,117.29000091552734,117.43000030517578,116.20999908447266,116.73999786376953,10149900
2014-08-25,84.69346618652344,117.7300033569336,117.77999877929688,117.20999908447266,117.44999694824219,5760700
2014-08-26,84.42008209228516,117.3499984741211,117.98999786376953,117.20999908447266,117.94000244140625,5487600
2014-08-27,85.1394271850586,118.3499984741211,118.41000366210938,117.4000015258789,117.69999694824219,7265800
2014-08-28,85.58545684814453,118.97000122070312,119.37000274658203,118.66999816894531,119.12999725341797,9463600
2014-08-29,85.64303588867188,119.05000305175781,119.43000030517578,118.75,118.91999816894531,8512900
2014-09-02,84.16563415527344,116.7300033569336,117.37999725341797,116.69999694824219,117.27999877929688,10506000
2014-09-03,84.63434600830078,117.37999725341797,117.37999725341797,116.30999755859375,116.4000015258789,6553900
2014-09-04,83.60323333740234,115.94999694824219,116.87999725341797,115.93000030517578,116.62000274658203,12528900
2014-09-05,83.44464111328125,115.7300033569336,116.5999984741211,115.44000244140625,116.44000244140625,6886000
2014-09-08,83.48069763183594,115.77999877929688,116.62999725341797,115.44999694824219,116.41000366210938,9326400
2014-09-09,83.415771484375,115.69000244140625,115.88999938964844,115.44999694824219,115.48999786376953,5353100
2014-09-10,82.889404296875,114.95999908447266,115.12000274658203,114.79000091552734,114.97000122070312,8729400
2014-09-11,82.615478515625,114.58000183105469,115.54000091552734,114.56999969482422,115.26000213623047,9274800
2014-09-12,81.75017547607422,113.37999725341797,113.91999816894531,113.22000122070312,113.69000244140625,11114900
2014-09-15,81.87273406982422,113.55000305175781,114.06999969482422,113.36000061035156,113.8499984741211,5510700
2014-09-16,81.54107666015625,113.08999633789062,113.86000061035156,113.08000183105469,113.61000061035156,9304700
2014-09-17,81.33203887939453,112.80000305175781,113.83000183105469,112.7300033569336,113.52999877929688,12917000
2014-09-18,81.5915298461914,113.16000366210938,113.4800033569336,112.8499984741211,113.18000030517578,7031200
2014-09-19,82.62979125976562,114.5999984741211,114.68000030517578,113.19999694824219,113.58000183105469,13236900
2014-09-22,82.73081970214844,114.73999786376953,115.04000091552734,114.44000244140625,114.66000366210938,6617200
2014-09-23,83.24272918701172,115.44999694824219,115.47000122070312,114.7699966430664,114.91000366210938,6362400
2014-09-24,82.78126525878906,114.80999755859375,115.55000305175781,114.63999938964844,115.29000091552734,5223300
2014-09-25,83.7618637084961,116.16999816894531,116.18000030517578,115.30999755859375,115.30999755859375,8947800
2014-09-26,83.6392822265625,116.0,116.29000091552734,115.62000274658203,116.0199966430664,7799600
2014-09-29,84.30982208251953,116.93000030517578,117.16999816894531,116.66000366210938,117.0,6791800
2014-09-30,83.83396911621094,116.2699966430664,117.04000091552734,116.12999725341797,116.66000366210938,7277500
2014-10-01,85.45960998535156,118.2300033569336,118.26000213623047,116.83000183105469,116.88999938964844,17194900
2014-10-02,84.71510314941406,117.19999694824219,118.19999694824219,117.13999938964844,117.83000183105469,8251800
2014-10-03,85.07648468017578,117.69999694824219,117.7699966430664,116.83000183105469,117.0,8561500
2014-10-06,85.12713623046875,117.7699966430664,118.19000244140625,117.36000061035156,117.62000274658203,4485500
2014-10-07,86.27641296386719,119.36000061035156,119.43000030517578,118.18000030517578,118.30999755859375,8837700
2014-10-08,86.29808044433594,119.38999938964844,119.5199966430664,118.51000213623047,119.44999694824219,9391300
2014-10-09,85.9222183227539,118.87000274658203,119.66999816894531,118.77999877929688,119.2699966430664,10291700
2014-10-10,86.77517700195312,120.05000305175781,120.08000183105469,119.30999755859375,119.5199966430664,8774400
2014-10-13,87.30277252197266,120.77999877929688,121.16999816894531,120.05000305175781,120.16000366210938,6450700
2014-10-14,87.87384033203125,121.56999969482422,121.77999877929688,120.68000030517578,121.30999755859375,11285400
2014-10-15,88.56777954101562,122.52999877929688,127.68000030517578,121.83999633789062,124.58000183105469,37407500
2014-10-16,88.00393676757812,121.75,124.12999725341797,121.44000244140625,124.12000274658203,18096600
2014-10-17,87.51243591308594,121.06999969482422,121.70999908447266,120.4800033569336,121.19000244140625,8524300
2014-10-20,87.8304672241211,121.51000213623047,121.8499984741211,120.94000244140625,121.77999877929688,7742500
2014-10-21,87.12930297851562,120.54000091552734,121.23999786376953,120.52999877929688,120.83999633789062,9754700
2014-10-22,87.22332763671875,120.66999816894531,120.8499984741211,120.22000122070312,120.47000122070312,9260200
2014-10-23,86.44986724853516,119.5999984741211,120.18000030517578,119.05999755859375,120.04000091552734,10936300
2014-10-24,86.53662109375,119.72000122070312,120.41000366210938,119.47000122070312,119.93000030517578,5704900
2014-10-27,86.69561004638672,119.94000244140625,120.2699966430664,119.66000366210938,119.88999938964844,3391900
2014-10-28,86.15352630615234,119.19000244140625,119.6500015258789,119.08000183105469,119.4800033569336,5141300
2014-10-29,86.34871673583984,119.45999908447266,119.81999969482422,118.41999816894531,118.95999908447266,9105100
2014-10-30,86.42092895507812,119.55999755859375,120.45999908447266,119.51000213623047,120.31999969482422,7024400
2014-10-31,86.19690704345703,119.25,119.70999908447266,118.83000183105469,119.33999633789062,6664200
2014-11-03,86.19684600830078,118.95999908447266,119.16000366210938,118.20999908447266,118.9000015258789,9726600
2014-11-04,86.4649658203125,119.33000183105469,119.91000366210938,119.08000183105469,119.41999816894531,3664800
2014-11-05,86.341796875,119.16000366210938,119.37000274658203,118.81999969482422,118.91000366210938,4799600
2014-11-06,85.78389739990234,118.38999938964844,118.93000030517578,118.30999755859375,118.5999984741211,5901900
2014-11-07,86.769287109375,119.75,119.75,118.68000030517578,118.72000122070312,8550500
2014-11-10,85.97224426269531,118.6500015258789,119.58000183105469,118.55999755859375,119.58000183105469,4787300
2014-11-11,86.03019714355469,118.7300033569336,118.80999755859375,118.33999633789062,118.4800033569336,2416500
2014-11-12,85.9577865600586,118.62999725341797,119.52999877929688,118.44999694824219,119.19999694824219,4040800
2014-11-13,86.16067504882812,118.91000366210938,119.18000030517578,118.44000244140625,118.69999694824219,4475900
2014-11-14,86.5809326171875,119.48999786376953,119.58999633789062,118.68000030517578,118.83999633789062,5191200
2014-11-17,86.36354064941406,119.19000244140625,119.79000091552734,118.87999725341797,119.77999877929688,4726200
2014-11-18,86.60260009765625,119.5199966430664,119.58000183105469,119.16000366210938,119.31999969482422,4471200
2014-11-19,86.05195617675781,118.76000213623047,119.58000183105469,118.76000213623047,118.87999725341797,5792500
2014-11-20,86.50116729736328,119.37999725341797,119.94999694824219,119.05999755859375,119.9000015258789,5683600
2014-11-21,87.02290344238281,120.0999984741211,120.16000366210938,119.5199966430664,119.56999969482422,3640100
2014-11-24,87.0953369140625,120.19999694824219,120.2699966430664,119.55000305175781,119.66999816894531,4033900
2014-11-25,87.8199234008789,121.19999694824219,121.2699966430664,120.30999755859375,120.37000274658203,6770000
2014-11-26,88.05904388427734,121.52999877929688,121.87000274658203,121.47000122070312,121.63999938964844,4339100
2014-11-28,88.75465393066406,122.48999786376953,122.66999816894531,122.12999725341797,122.12999725341797,4562200
2014-12-01,88.23686981201172,121.5,122.80999755859375,121.45999908447266,122.68000030517578,7728600
2014-12-02,87.37992095947266,120.31999969482422,120.8499984741211,120.29000091552734,120.83999633789062,5757200
2014-12-03,87.72128295898438,120.79000091552734,120.80000305175781,120.12999725341797,120.30000305175781,4868600
2014-12-04,88.45471954345703,121.80000305175781,121.80000305175781,120.62000274658203,120.75,4250500
2014-12-05,87.93913269042969,121.08999633789062,121.5999984741211,120.5199966430664,121.56999969482422,8030700
2014-12-08,89.01392364501953,122.56999969482422,122.83999633789062,121.13999938964844,121.41999816894531,6021800
2014-12-09,89.4714584350586,123.19999694824219,123.97000122070312,122.95999908447266,123.5999984741211,6639700
2014-12-10,90.12505340576172,124.0999984741211,124.4000015258789,123.08000183105469,123.18000030517578,6439200
2014-12-11,90.49542999267578,124.61000061035156,124.61000061035156,123.29000091552734,123.73999786376953,7863500
2014-12-12,91.72273254394531,126.30000305175781,126.3499984741211,125.0199966430664,125.44999694824219,9317400
2014-12-15,91.53398132324219,126.04000091552734,126.69999694824219,125.43000030517578,125.63999938964844,9387400
2014-12-16,92.66685485839844,127.5999984741211,127.72000122070312,126.36000061035156,127.36000061035156,7426400
2014-12-17,91.83173370361328,126.44999694824219,127.19000244140625,125.69999694824219,126.91000366210938,11558800
2014-12-18,90.19770812988281,124.19999694824219,125.0999984741211,124.19999694824219,124.93000030517578,12758200
2014-12-19,91.41046905517578,125.87000274658203,125.94999694824219,124.44000244140625,124.58000183105469,7894500
2014-12-22,91.53398132324219,126.04000091552734,126.19000244140625,125.31999969482422,125.44999694824219,4118800
2014-12-23,89.71839141845703,123.54000091552734,125.5999984741211,123.48999786376953,125.44999694824219,7406100
2014-12-24,90.20671844482422,123.94999694824219,124.05999755859375,122.93000030517578,123.05999755859375,4871400
2014-12-26,90.54151916503906,124.41000366210938,124.58999633789062,124.0199966430664,124.55000305175781,2921300
2014-12-29,91.21831512451172,125.33999633789062,125.66000366210938,124.80999755859375,124.91000366210938,4070700
2014-12-30,91.46573638916016,125.68000030517578,126.20999908447266,125.52999877929688,125.9800033569336,4372600
2014-12-31,91.64041137695312,125.91999816894531,126.16999816894531,125.6500015258789,125.69999694824219,4993300
2015-01-02,92.65928649902344,127.31999969482422,127.66000366210938,126.1500015258789,126.29000091552734,9432000
2015-01-05,94.11479187011719,129.32000732421875,129.6300048828125,127.95999908447266,128.00999450683594,9789500
2015-01-06,95.8105239868164,131.64999389648438,132.49000549316406,130.19000244140625,130.6999969482422,18331300
2015-01-07,95.62128448486328,131.38999938964844,131.97000122070312,130.1699981689453,130.6999969482422,9762900
2015-01-08,94.35497283935547,129.64999389648438,130.3699951171875,129.4199981689453,130.36000061035156,8055300
2015-01-09,95.3884506225586,131.07000732421875,131.11000061035156,129.0399932861328,129.1999969482422,9398800
2015-01-12,95.9341812133789,131.82000732421875,132.30999755859375,130.9199981689453,131.0,6658100
2015-01-13,95.9341812133789,131.82000732421875,132.61000061035156,131.13999938964844,131.38999938964844,8260800
2015-01-14,96.66205596923828,132.82000732421875,134.1199951171875,132.6999969482422,133.72000122070312,12324500
2015-01-15,98.18302154541016,134.91000366210938,135.02999877929688,132.67999267578125,132.85000610351562,11454200
2015-01-16,96.9312973022461,133.19000244140625,134.67999267578125,133.02999877929688,134.3300018310547,9390500
2015-01-20,98.21939849853516,134.9600067138672,135.11000061035156,134.07000732421875,134.1300048828125,7758700
2015-01-21,97.08413696289062,133.39999389648438,135.58999633789062,132.9600067138672,135.1999969482422,9803900
2015-01-22,96.73478698730469,132.9199981689453,134.17999267578125,132.27999877929688,134.0,10200000
2015-01-23,98.08116149902344,134.77000427246094,135.1199951171875,134.14999389648438,134.3000030517578,7334600
2015-01-26,97.7828140258789,134.36000061035156,135.19000244140625,134.0500030517578,134.83999633789062,5966500
2015-01-27,97.93558502197266,134.57000732421875,136.1300048828125,134.14999389648438,135.72999572753906,8079600
2015-01-28,99.53665924072266,136.77000427246094,137.41000366210938,134.6999969482422,134.75,12230300
2015-01-29,98.88165283203125,135.8699951171875,136.6699981689453,135.4600067138672,136.1199951171875,8881400
2015-01-30,100.6355972290039,138.27999877929688,138.5,137.17999267578125,137.7100067138672,14871200
2015-02-02,100.25564575195312,137.47999572753906,137.9199981689453,136.66000366210938,136.6999969482422,13689900
2015-02-03,98.13360595703125,134.57000732421875,135.7899932861328,134.3699951171875,135.64999389648438,14008700
2015-02-04,98.30130767822266,134.8000030517578,134.99000549316406,133.1199951171875,133.49000549316406,11360400
2015-02-05,97.2220230102539,133.32000732421875,134.22999572753906,133.11000061035156,134.0,8334600
2015-02-06,95.50101470947266,130.9600067138672,132.35000610351562,130.58999633789062,132.0500030517578,13685600
2015-02-09,95.347900390625,130.75,131.97999572753906,130.75,131.97000122070312,8025500
2015-02-10,94.58950805664062,129.7100067138672,130.47000122070312,129.44000244140625,130.13999938964844,8290700
2015-02-11,94.76449584960938,129.9499969482422,130.27000427246094,128.9600067138672,129.6999969482422,6506400
2015-02-12,94.45092010498047,129.52000427246094,130.5399932861328,129.4499969482422,129.66000366210938,12548300
2015-02-13,93.48107147216797,128.19000244140625,129.52999877929688,128.08999633789062,129.50999450683594,8325200
2015-02-17,92.07364654541016,126.26000213623047,127.93000030517578,125.91999816894531,127.80000305175781,14968800
2015-02-18,92.62055206298828,127.01000213623047,127.73999786376953,126.47000122070312,126.81999969482422,14009200
2015-02-19,92.00797271728516,126.16999816894531,127.44999694824219,126.16999816894531,126.77999877929688,8584800
2015-02-20,92.27779388427734,126.54000091552734,128.00999450683594,126.0,127.05000305175781,12502500
2015-02-23,93.33515167236328,127.98999786376953,128.1699981689453,127.16000366210938,127.19000244140625,7500500
2015-02-24,94.56036376953125,129.6699981689453,129.7899932861328,127.18000030517578,127.6500015258789,11958300
2015-02-25,94.96866607666016,130.22999572753906,130.38999938964844,129.0800018310547,129.4600067138672,8019800
2015-02-26,93.67070007324219,128.4499969482422,130.3000030517578,128.39999389648438,129.6999969482422,11020500
2015-02-27,94.45823669433594,129.52999877929688,129.6199951171875,128.27000427246094,129.02000427246094,9225100
2015-03-02,92.69880676269531,126.87000274658203,129.07000732421875,126.7699966430664,129.0,11324000
2015-03-03,92.3626708984375,126.41000366210938,127.37000274658203,126.37999725341797,126.88999938964844,8599000
2015-03-04,92.39192962646484,126.44999694824219,127.04000091552734,126.16000366210938,126.94000244140625,6478900
2015-03-05,92.27503204345703,126.29000091552734,126.87999725341797,125.9000015258789,126.52999877929688,6045000
2015-03-06,90.23648834228516,123.5,124.83000183105469,122.97000122070312,124.66999816894531,20022900
2015-03-09,91.06942749023438,124.63999938964844,124.87000274658203,124.12999725341797,124.68000030517578,8889100
2015-03-10,92.26771545410156,126.27999877929688,126.44000244140625,125.76000213623047,125.97000122070312,9277900
2015-03-11,92.93994140625,127.19999694824219,127.45999908447266,126.12000274658203,126.26000213623047,6663100
2015-03-12,92.87419891357422,127.11000061035156,128.1999969482422,126.72000122070312,128.1999969482422,10295900
2015-03-13,92.58914947509766,126.72000122070312,127.58999633789062,126.48999786376953,126.76000213623047,7247200
2015-03-16,93.4806137084961,127.94000244140625,128.14999389648438,127.2699966430664,127.94000244140625,6374600
2015-03-17,94.25511169433594,129.0,129.11000061035156,128.27999877929688,128.5500030517578,6314000
2015-03-18,96.07444763183594,131.49000549316406,131.52999877929688,128.61000061035156,129.91000366210938,13981900
2015-03-19,95.58490753173828,130.82000732421875,131.6199951171875,130.27000427246094,131.1999969482422,9543800
2015-03-20,96.08904266357422,131.50999450683594,131.6999969482422,131.13999938964844,131.22000122070312,5953800
2015-03-23,95.97216796875,131.35000610351562,131.75,130.99000549316406,131.6999969482422,5555500
2015-03-24,96.90013885498047,132.6199951171875,132.63999938964844,131.47999572753906,131.8300018310547,6713000
2015-03-25,96.08177947998047,131.5,132.75999450683594,131.4600067138672,132.72000122070312,5635800
2015-03-26,94.58391571044922,129.4499969482422,131.13999938964844,129.17999267578125,131.0500030517578,9536300
2015-03-27,95.7602767944336,131.05999755859375,131.1300048828125,129.97999572753906,130.02999877929688,7907900
2015-03-30,95.28534698486328,130.41000366210938,131.0,130.08999633789062,130.89999389648438,7010600
2015-03-31,95.48995971679688,130.69000244140625,130.9600067138672,129.91000366210938,130.24000549316406,6844300
2015-04-01,96.74413299560547,132.1300048828125,132.47999572753906,131.3000030517578,131.3300018310547,9273900
2015-04-02,95.71903991699219,130.72999572753906,131.97000122070312,130.61000061035156,131.92999267578125,6663400
2015-04-06,95.18458557128906,130.0,131.47999572753906,129.72000122070312,131.42999267578125,5923800
2015-04-07,95.98265838623047,131.08999633789062,131.22000122070312,129.85000610351562,130.22999572753906,4764900
2015-04-08,96.01197052001953,131.1300048828125,131.36000061035156,130.02000427246094,131.02000427246094,5378900
2015-04-09,94.76720428466797,129.42999267578125,130.9199981689453,129.1300048828125,130.8699951171875,6484200
2015-04-10,94.90634155273438,129.6199951171875,130.4499969482422,129.5500030517578,130.32000732421875,4843000
2015-04-13,95.03814697265625,129.8000030517578,129.97999572753906,129.38999938964844,129.52999877929688,4010600
2015-04-14,95.71174621582031,130.72000122070312,131.86000061035156,130.47999572753906,131.30999755859375,6075500
2015-04-15,95.63124084472656,130.61000061035156,131.27000427246094,130.32000732421875,131.0500030517578,4425200
2015-04-16,95.15531921386719,129.9600067138672,130.86000061035156,129.41000366210938,130.8300018310547,7085500
2015-04-17,96.24626922607422,131.4499969482422,131.6999969482422,129.6999969482422,129.77000427246094,7268800
2015-04-20,95.39688873291016,130.2899932861328,131.00999450683594,129.92999267578125,130.94000244140625,4949400
2015-04-21,94.96495056152344,129.6999969482422,130.4499969482422,129.55999755859375,130.22999572753906,4563800
2015-04-22,93.5152359008789,127.72000122070312,129.5500030517578,127.54000091552734,129.5,9707600
2015-04-23,93.91791534423828,128.27000427246094,128.85000610351562,127.61000061035156,127.80000305175781,6843400
2015-04-24,94.503662109375,129.07000732421875,129.42999267578125,128.58999633789062,128.63999938964844,4773000
2015-04-27,94.503662109375,129.07000732421875,129.5,128.3699951171875,129.07000732421875,4334900
2015-04-28,93.20032501220703,127.29000091552734,128.74000549316406,127.26000213623047,128.1699981689453,7464300
2015-04-29,92.05814361572266,125.7300033569336,126.44000244140625,125.27999877929688,125.80999755859375,11554800
2015-04-30,92.21923065185547,125.94999694824219,126.16999816894531,124.51000213623047,125.04000091552734,12876000
2015-05-01,90.97779083251953,124.0,125.04000091552734,123.69000244140625,124.7300033569336,12378500
2015-05-04,90.1194076538086,122.83000183105469,124.52999877929688,122.72000122070312,124.30000305175781,9144700
2015-05-05,89.99467468261719,122.66000366210938,123.02999877929688,121.69000244140625,122.86000061035156,13935500
2015-05-06,88.45393371582031,120.55999755859375,122.05999755859375,120.37000274658203,121.98999786376953,14355000
2015-05-07,89.64249420166016,122.18000030517578,122.56999969482422,121.3499984741211,121.43000030517578,11933700
2015-05-08,89.88458251953125,122.51000213623047,123.55000305175781,122.30999755859375,123.37999725341797,11716400
2015-05-11,87.69823455810547,119.52999877929688,121.6500015258789,119.5,121.62000274658203,13738600
2015-05-12,87.92567443847656,119.83999633789062,120.62999725341797,118.81999969482422,119.13999938964844,15861700
2015-05-13,87.22132110595703,118.87999725341797,120.72000122070312,118.63999938964844,120.6500015258789,15760000
2015-05-14,87.45610046386719,119.19999694824219,119.83000183105469,118.69000244140625,118.91999816894531,9128400
2015-05-15,89.2096176147461,121.58999633789062,121.91000366210938,120.29000091552734,120.37999725341797,12630600
2015-05-18,87.71295166015625,119.55000305175781,120.43000030517578,119.47000122070312,120.31999969482422,10208300
2015-05-19,86.93514251708984,118.48999786376953,119.83999633789062,118.12999725341797,118.2699966430664,8435300
2015-05-20,87.08187866210938,118.69000244140625,119.44999694824219,118.18000030517578,118.7699966430664,7789700
2015-05-21,88.2998046875,120.3499984741211,120.61000061035156,119.44999694824219,119.58000183105469,11760700
2015-05-22,88.33654022216797,120.4000015258789,120.75,119.80000305175781,120.6500015258789,5417900
2015-05-26,89.84793853759766,122.45999908447266,122.55000305175781,120.73999786376953,120.83999633789062,10469700
2015-05-27,90.05339813232422,122.73999786376953,122.86000061035156,121.61000061035156,122.18000030517578,6490300
2015-05-28,89.8332290649414,122.44000244140625,123.02999877929688,122.22000122070312,122.5,6237600
2015-05-29,90.03136444091797,122.70999908447266,123.56999969482422,122.51000213623047,123.2300033569336,7912000
2015-06-01,89.06375122070312,121.12999725341797,122.37999725341797,120.69000244140625,122.11000061035156,13108100
2015-06-02,87.82110595703125,119.44000244140625,120.26000213623047,119.11000061035156,120.16999816894531,10076200
2015-06-03,86.40940856933594,117.5199966430664,118.5999984741211,117.19999694824219,118.38999938964844,14810900
2015-06-04,87.53437805175781,119.05000305175781,119.29000091552734,118.13999938964844,118.26000213623047,10859300
2015-06-05,86.46821594238281,117.5999984741211,118.56999969482422,117.37999725341797,117.83999633789062,11200200
2015-06-08,86.37258911132812,117.47000122070312,118.16000366210938,117.37000274658203,117.95999908447266,5334000
2015-06-09,85.6888198852539,116.54000091552734,117.12999725341797,116.11000061035156,117.05999755859375,12393900
2015-06-10,84.9388656616211,115.5199966430664,116.12999725341797,115.26000213623047,115.91999816894531,12183600
2015-06-11,86.7256088256836,117.94999694824219,117.97000122070312,116.23999786376953,116.55999755859375,13849300
2015-06-12,86.7256088256836,117.94999694824219,119.06999969482422,117.55000305175781,117.58999633789062,7863100
2015-06-15,86.86526489257812,118.13999938964844,119.05999755859375,117.73999786376953,118.88999938964844,8194200
2015-06-16,87.54903411865234,119.06999969482422,119.08000183105469,117.94000244140625,118.61000061035156,7046400
2015-06-17,86.87261962890625,118.1500015258789,118.62999725341797,117.25,118.5,13626100
2015-06-18,86.4461669921875,117.56999969482422,117.73999786376953,116.75,117.37000274658203,10123300
2015-06-19,87.556396484375,119.08000183105469,119.19000244140625,118.48999786376953,118.51000213623047,10439200
2015-06-22,85.76976013183594,116.6500015258789,118.13999938964844,116.58999633789062,117.83999633789062,9769000
2015-06-23,85.2550277709961,115.94999694824219,116.95999908447266,115.69000244140625,115.7300033569336,8945100
2015-06-24,85.99032592773438,116.94999694824219,117.16999816894531,116.16000366210938,116.51000213623047,8600400
2015-06-25,85.6888198852539,116.54000091552734,117.08000183105469,116.19000244140625,116.58999633789062,8287800
2015-06-26,84.72564697265625,115.2300033569336,115.87000274658203,114.87999725341797,115.66999816894531,11673000
2015-06-29,86.96820831298828,118.27999877929688,118.66999816894531,116.45999908447266,116.95999908447266,17132900
2015-06-30,86.36526489257812,117.45999908447266,118.69999694824219,117.33000183105469,117.4000015258789,13469000
2015-07-01,85.19955444335938,115.62000274658203,116.36000061035156,115.43000030517578,115.81999969482422,12451500
2015-07-02,85.47953796386719,116.0,116.66000366210938,115.87999725341797,116.31999969482422,6682100
2015-07-06,87.0638427734375,118.1500015258789,118.6500015258789,117.05999755859375,118.05000305175781,10605800
2015-07-07,87.88182067871094,119.26000213623047,120.48999786376953,118.94999694824219,119.66000366210938,16160100
2015-07-08,88.64077758789062,120.29000091552734,120.56999969482422,119.5,120.0199966430664,9951800
2015-07-09,86.89437103271484,117.91999816894531,119.12000274658203,117.8499984741211,118.69999694824219,11108900
2015-07-10,85.51639556884766,116.05000305175781,116.72000122070312,115.76000213623047,116.04000091552734,13636600
2015-07-13,85.25113677978516,115.69000244140625,116.45999908447266,115.38999938964844,115.38999938964844,8006700
2015-07-14,85.53113555908203,116.06999969482422,116.2699966430664,115.66000366210938,116.0199966430664,4227800
2015-07-15,86.43751525878906,117.30000305175781,117.55000305175781,116.04000091552734,116.11000061035156,8720400
2015-07-16,87.03438568115234,118.11000061035156,118.16000366210938,116.87000274658203,116.88999938964844,7306500
2015-07-17,87.48388671875,118.72000122070312,118.88999938964844,118.36000061035156,118.37000274658203,7404900
2015-07-20,87.11542510986328,118.22000122070312,118.6500015258789,117.9000015258789,118.29000091552734,5941000
2015-07-21,87.5870590209961,118.86000061035156,118.93000030517578,117.66000366210938,117.68000030517578,5627500
2015-07-22,88.13236999511719,119.5999984741211,119.9000015258789,118.94999694824219,119.01000213623047,6228900
2015-07-23,89.2303237915039,121.08999633789062,121.19999694824219,119.44999694824219,119.5999984741211,9087700
2015-07-24,89.451416015625,121.38999938964844,121.55000305175781,120.91999816894531,121.5,7307900
2015-07-27,89.93036651611328,122.04000091552734,122.29000091552734,121.4800033569336,122.19000244140625,8172000
2015-07-28,89.27456665039062,121.1500015258789,121.56999969482422,120.9000015258789,121.16000366210938,9128200
2015-07-29,88.94293975830078,120.69999694824219,121.16999816894531,120.41999816894531,121.0199966430664,6706400
2015-07-30,89.62825012207031,121.62999725341797,121.94000244140625,121.1500015258789,121.20999908447266,6146600
2015-07-31,90.2914810180664,122.52999877929688,122.9000015258789,122.05999755859375,122.44000244140625,9178400
2015-08-03,91.24190521240234,123.55000305175781,123.75,122.31999969482422,122.31999969482422,11753700
2015-08-04,90.51819610595703,122.56999969482422,123.31999969482422,122.45999908447266,123.16000366210938,6448800
2015-08-05,89.83872985839844,121.6500015258789,121.91000366210938,121.19000244140625,121.7699966430664,7574400
2015-08-06,90.63636779785156,122.7300033569336,122.87000274658203,122.0,122.0,6118100
2015-08-07,91.82530975341797,124.33999633789062,124.5,123.23999786376953,123.30000305175781,8317000
2015-08-10,90.68804931640625,122.80000305175781,123.56999969482422,122.5199966430664,123.41000366210938,7461700
2015-08-11,92.12812805175781,124.75,125.12999725341797,124.16000366210938,124.30000305175781,11145700
2015-08-12,91.62590789794922,124.06999969482422,125.70999908447266,124.0,124.93000030517578,8455200
2015-08-13,91.33052062988281,123.66999816894531,124.41999816894531,123.22000122070312,123.83000183105469,7691400
2015-08-14,91.5446548461914,123.95999908447266,124.37000274658203,123.19999694824219,123.47000122070312,4324700
2015-08-17,91.95824432373047,124.5199966430664,125.0999984741211,124.38999938964844,124.70999908447266,7880300
2015-08-18,91.23452758789062,123.54000091552734,124.29000091552734,123.37999725341797,123.80000305175781,5024300
2015-08-19,92.13550567626953,124.76000213623047,124.93000030517578,122.98999786376953,123.05999755859375,10736000
2015-08-20,93.06605529785156,126.0199966430664,126.0999984741211,125.18000030517578,125.37000274658203,9078300
2015-08-21,93.3466796875,126.4000015258789,126.73999786376953,125.58999633789062,126.16000366210938,10718300
2015-08-24,93.31707763671875,126.36000061035156,128.9199981689453,125.81999969482422,128.30999755859375,16663400
2015-08-25,91.81793212890625,124.33000183105469,124.79000091552734,123.55999755859375,124.55000305175781,15354800
2015-08-26,90.04556274414062,121.93000030517578,123.51000213623047,121.36000061035156,123.0,16429900
2015-08-27,90.09721374511719,122.0,122.87000274658203,121.6500015258789,121.81999969482422,9127000
2015-08-28,90.36308288574219,122.36000061035156,123.47000122070312,122.2300033569336,123.1500015258789,9946200
2015-08-31,89.66883850097656,121.41999816894531,123.47000122070312,121.33999633789062,123.36000061035156,8617600
2015-09-01,90.31499481201172,122.02999877929688,122.08999633789062,120.9800033569336,121.63999938964844,15298200
2015-09-02,89.53790283203125,120.9800033569336,121.9800033569336,120.86000061035156,121.41999816894531,9515200
2015-09-03,89.97456359863281,121.56999969482422,121.66999816894531,120.70999908447266,121.37999725341797,7042500
2015-09-04,90.79608917236328,122.68000030517578,122.93000030517578,121.81999969482422,122.44999694824219,7951300
2015-09-08,89.45646667480469,120.87000274658203,121.55999755859375,120.76000213623047,121.37999725341797,7049500
2015-09-09,89.88574981689453,121.44999694824219,121.70999908447266,119.55999755859375,119.62999725341797,7441900
2015-09-10,89.27885437011719,120.62999725341797,121.19000244140625,120.44999694824219,121.0199966430664,6789700
2015-09-11,89.84138488769531,121.38999938964844,122.08000183105469,121.33000183105469,121.47000122070312,5890900
2015-09-14,89.98194122314453,121.58000183105469,122.1500015258789,121.27999877929688,121.94999694824219,4221700
2015-09-15,88.25751495361328,119.25,121.05000305175781,119.12000274658203,120.88999938964844,11895000
2015-09-16,87.92446899414062,118.80000305175781,119.44000244140625,118.55000305175781,118.95999908447266,6949800
2015-09-17,88.99761962890625,120.25,120.37000274658203,118.7300033569336,118.87999725341797,19843600
2015-09-18,90.3667984008789,122.0999984741211,122.19999694824219,121.12999725341797,121.20999908447266,14963300
2015-09-21,88.8940200805664,120.11000061035156,121.11000061035156,119.77999877929688,121.01000213623047,10085600
2015-09-22,90.13001251220703,121.77999877929688,122.38999938964844,121.13999938964844,121.44000244140625,9968200
2015-09-23,90.12255859375,121.7699966430664,122.06999969482422,120.98999786376953,121.62000274658203,6769900
2015-09-24,90.73684692382812,122.5999984741211,123.68000030517578,122.48999786376953,123.16999816894531,9605800
2015-09-25,89.95234680175781,121.54000091552734,121.93000030517578,121.2699966430664,121.6500015258789,8383700
2015-09-28,91.49174499511719,123.62000274658203,123.7699966430664,122.19999694824219,122.19999694824219,9833400
2015-09-29,91.75077056884766,123.97000122070312,124.29000091552734,123.25,123.54000091552734,9006100
2015-09-30,91.43256378173828,123.54000091552734,123.80000305175781,123.12000274658203,123.41000366210938,9832600
2015-10-01,91.82263946533203,123.80999755859375,124.5199966430664,123.66000366210938,124.08000183105469,9069400
2015-10-02,92.3788833618164,124.55999755859375,126.20999908447266,124.18000030517578,125.58999633789062,13000400
2015-10-05,91.12554168701172,122.87000274658203,123.83000183105469,122.77999877929688,123.72000122070312,11362700
2015-10-06,91.51856231689453,123.4000015258789,123.5999984741211,122.41000366210938,122.55000305175781,5687800
2015-10-07,91.21453857421875,122.98999786376953,123.33000183105469,122.51000213623047,122.80999755859375,6712800
2015-10-08,90.45063781738281,121.95999908447266,123.37000274658203,121.66000366210938,123.29000091552734,12882300
2015-10-09,90.68797302246094,122.27999877929688,122.63999938964844,121.9000015258789,121.97000122070312,9038100
2015-10-12,91.377685546875,123.20999908447266,123.43000030517578,122.91000366210938,123.02999877929688,4241000
2015-10-13,91.533447265625,123.41999816894531,123.5999984741211,122.80000305175781,123.52999877929688,6147200
2015-10-14,92.33436584472656,124.5,124.55000305175781,123.30000305175781,123.69999694824219,9738100
2015-10-15,91.88197326660156,123.88999938964844,124.45999908447266,123.77999877929688,124.30999755859375,6924300
2015-10-16,91.91167449951172,123.93000030517578,124.47000122070312,123.87000274658203,124.25,8048300
2015-10-19,91.65947723388672,123.58999633789062,123.97000122070312,122.91000366210938,123.79000091552734,6238400
2015-10-20,91.09587097167969,122.83000183105469,122.97000122070312,122.55000305175781,122.80000305175781,6431300
2015-10-21,92.00068664550781,124.05000305175781,124.22000122070312,123.47000122070312,123.61000061035156,6603800
2015-10-22,92.15638732910156,124.26000213623047,124.77999877929688,123.51000213623047,124.0999984741211,6934100
2015-10-23,91.3702621459961,123.19999694824219,123.45999908447266,122.8499984741211,123.0999984741211,7058200
2015-10-26,91.9784164428711,124.0199966430664,124.19999694824219,123.80999755859375,123.87000274658203,5859800
2015-10-27,92.20832824707031,124.33000183105469,124.9000015258789,124.16000366210938,124.51000213623047,7156800
2015-10-28,91.83749389648438,123.83000183105469,124.33999633789062,123.30000305175781,124.2699966430664,8468700
2015-10-29,90.37646484375,121.86000061035156,123.22000122070312,121.69999694824219,123.18000030517578,12108000
2015-10-30,91.05876922607422,122.77999877929688,122.80999755859375,122.0199966430664,122.23999786376953,11861400
2015-11-02,90.64035034179688,121.94999694824219,122.18000030517578,121.68000030517578,121.77999877929688,8751000
2015-11-03,89.89704895019531,120.94999694824219,121.73999786376953,120.79000091552734,121.6500015258789,8921600
2015-11-04,90.00115966796875,121.08999633789062,121.54000091552734,120.69999694824219,121.0999984741211,5980800
2015-11-05,89.7632827758789,120.7699966430664,121.05999755859375,120.30000305175781,121.05000305175781,7268400
2015-11-06,88.44771575927734,119.0,119.52999877929688,118.73999786376953,119.48999786376953,10604700
2015-11-09,87.9497299194336,118.33000183105469,118.9000015258789,118.0,118.0999984741211,9159500
2015-11-10,88.20987701416016,118.68000030517578,119.20999908447266,118.37999725341797,118.5,6712500
2015-11-11,88.02400970458984,118.43000030517578,118.58000183105469,118.2699966430664,118.3499984741211,2857900
2015-11-12,88.44771575927734,119.0,119.44000244140625,118.69999694824219,118.75,6805700
2015-11-13,88.95315551757812,119.68000030517578,119.9000015258789,119.22000122070312,119.31999969482422,7906600
2015-11-16,88.87136840820312,119.56999969482422,120.0,119.12999725341797,119.79000091552734,5485300
2015-11-17,89.02001953125,119.7699966430664,120.12999725341797,118.66000366210938,119.0,5122900
2015-11-18,89.2058334350586,120.0199966430664,120.19000244140625,119.36000061035156,119.58000183105469,5233900
2015-11-19,89.80046844482422,120.81999969482422,121.1500015258789,120.68000030517578,120.87999725341797,6643000
2015-11-20,89.52547454833984,120.44999694824219,121.04000091552734,120.27999877929688,120.93000030517578,5971000
2015-11-23,89.80046844482422,120.81999969482422,121.12000274658203,120.31999969482422,120.52999877929688,5436300
2015-11-24,89.79298400878906,120.80999755859375,121.19999694824219,120.58000183105469,120.9000015258789,3371500
2015-11-25,90.00115966796875,121.08999633789062,121.41999816894531,120.94999694824219,121.16999816894531,3280900
2015-11-27,89.91194152832031,120.97000122070312,121.31999969482422,120.95999908447266,121.25,2570600
2015-11-30,90.26870727539062,121.44999694824219,121.52999877929688,121.05999755859375,121.0999984741211,5179800
2015-12-01,91.48797607421875,122.83000183105469,122.8499984741211,121.26000213623047,121.26000213623047,12766600
2015-12-02,91.51777648925781,122.87000274658203,123.04000091552734,122.19000244140625,122.66000366210938,7345800
2015-12-03,89.03006744384766,119.52999877929688,121.4000015258789,118.98999786376953,121.36000061035156,16612200
2015-12-04,89.8121566772461,120.58000183105469,120.93000030517578,119.47000122070312,119.52999877929688,11843800
2015-12-07,90.68358612060547,121.75,122.45999908447266,120.80000305175781,120.80999755859375,9016700
2015-12-08,90.72826385498047,121.80999755859375,122.43000030517578,121.44999694824219,122.27999877929688,7257500
2015-12-09,90.63142395019531,121.68000030517578,122.1500015258789,120.51000213623047,121.3499984741211,8993900
2015-12-10,90.75054931640625,121.83999633789062,122.02999877929688,121.48999786376953,121.79000091552734,5606900
2015-12-11,92.18070220947266,123.76000213623047,124.0999984741211,122.87000274658203,123.02999877929688,12300000
2015-12-14,90.98895263671875,122.16000366210938,123.1500015258789,121.75,123.08000183105469,10661100
2015-12-15,90.45269012451172,121.44000244140625,121.5999984741211,120.83000183105469,121.0199966430664,8795500
2015-12-16,90.2590103149414,121.18000030517578,122.16999816894531,120.5,121.06999969482422,10988600
2015-12-17,91.27943420410156,122.55000305175781,122.77999877929688,121.63999938964844,121.77999877929688,9923000
2015-12-18,91.78595733642578,123.2300033569336,123.5199966430664,122.81999969482422,123.08000183105469,10171700
2015-12-21,91.76356506347656,123.19999694824219,123.77999877929688,122.91999816894531,123.43000030517578,7494900
2015-12-22,91.10066223144531,122.30999755859375,122.80000305175781,121.98999786376953,122.6500015258789,5445800
2015-12-23,90.41545104980469,121.38999938964844,121.61000061035156,120.87000274658203,121.2300033569336,7287100
2015-12-24,90.93342590332031,121.83000183105469,121.87000274658203,121.4000015258789,121.47000122070312,3364600
2015-12-28,91.20214080810547,122.19000244140625,122.66999816894531,121.8499984741211,121.98999786376953,7586600
2015-12-29,89.68692779541016,120.16000366210938,121.73999786376953,120.01000213623047,121.69000244140625,7787500
2015-12-30,89.59735107421875,120.04000091552734,120.54000091552734,119.66999816894531,119.91999816894531,5508900
2015-12-31,90.00044250488281,120.58000183105469,120.86000061035156,120.25,120.56999969482422,7897700
2016-01-04,90.64979553222656,121.44999694824219,122.44999694824219,121.31999969482422,121.93000030517578,10591900
2016-01-05,90.28404998779297,120.95999908447266,121.5,120.66000366210938,120.87999725341797,6242600
2016-01-06,91.50067138671875,122.58999633789062,122.62000274658203,122.05000305175781,122.30000305175781,8916900
2016-01-07,91.6649169921875,122.80999755859375,122.93000030517578,121.79000091552734,122.68000030517578,10202200
2016-01-08,92.07542419433594,123.36000061035156,123.47000122070312,122.2300033569336,122.43000030517578,9577200
2016-01-11,91.06781005859375,122.01000213623047,122.79000091552734,121.86000061035156,122.04000091552734,10040300
2016-01-12,92.38142395019531,123.7699966430664,124.31999969482422,122.1500015258789,122.33999633789062,12897700
2016-01-13,93.29202270507812,124.98999786376953,125.5,123.2699966430664,123.52999877929688,15577600
2016-01-14,92.41874694824219,123.81999969482422,124.97000122070312,123.33999633789062,124.47000122070312,12873800
2016-01-15,93.8592758178711,125.75,125.95999908447266,125.08000183105469,125.4000015258789,13976300
2016-01-19,93.56819152832031,125.36000061035156,126.06999969482422,124.94999694824219,125.12999725341797,8926600
2016-01-20,94.5534439086914,126.68000030517578,127.91999816894531,126.41999816894531,126.9800033569336,17283300
2016-01-21,93.91154479980469,125.81999969482422,127.29000091552734,125.66999816894531,126.94000244140625,11001600
2016-01-22,93.55329895019531,125.33999633789062,125.52999877929688,124.5199966430664,124.91000366210938,10164300
2016-01-25,94.06085205078125,126.0199966430664,126.2699966430664,125.6500015258789,125.94999694824219,5738200
2016-01-26,94.1056137084961,126.08000183105469,126.45999908447266,125.75,125.98999786376953,5692600
2016-01-27,94.08320617675781,126.05000305175781,126.29000091552734,125.19000244140625,125.75,7957800
2016-01-28,94.21754455566406,126.2300033569336,126.41000366210938,125.45999908447266,125.54000091552734,10575400
2016-01-29,95.01624298095703,127.30000305175781,127.86000061035156,126.91999816894531,127.41000366210938,13170700
2016-02-01,94.72528076171875,126.66999816894531,127.06999969482422,126.29000091552734,126.79000091552734,9948400
2016-02-02,96.48269653320312,129.02000427246094,129.0399932861328,128.0,128.10000610351562,10400000
2016-02-03,95.68252563476562,127.94999694824219,129.94000244140625,127.91999816894531,128.27999877929688,13309000
2016-02-04,96.14620971679688,128.57000732421875,128.58999633789062,127.51000213623047,128.22000122070312,9953500
2016-02-05,96.2583236694336,128.72000122070312,129.0,127.58999633789062,127.88999938964844,9200800
2016-02-08,98.32976531982422,131.49000549316406,131.6300048828125,129.67999267578125,129.72000122070312,14452200
2016-02-09,98.43448638916016,131.6300048828125,132.05999755859375,130.9600067138672,132.0399932861328,15232100
2016-02-10,99.30186462402344,132.7899932861328,132.83999633789062,131.11000061035156,131.6999969482422,12797100
2016-02-11,99.99736785888672,133.72000122070312,135.25,133.00999450683594,134.44000244140625,21620200
2016-02-12,98.33724975585938,131.5,133.1300048828125,130.92999267578125,132.63999938964844,13888400
2016-02-16,97.29776763916016,130.11000061035156,130.75,129.80999755859375,130.72000122070312,11766000
2016-02-17,96.69955444335938,129.30999755859375,129.8300018310547,128.7100067138672,129.63999938964844,13157300
2016-02-18,97.88851928710938,130.89999389648438,131.0,129.36000061035156,129.41000366210938,10196700
2016-02-19,97.9708251953125,131.00999450683594,131.82000732421875,130.72999572753906,130.94000244140625,8188700
2016-02-22,97.91846466064453,130.94000244140625,131.11000061035156,130.6999969482422,131.10000610351562,5054300
2016-02-23,98.31478881835938,131.47000122070312,131.74000549316406,129.77999877929688,129.8800048828125,8320700
2016-02-24,98.12039947509766,131.2100067138672,133.38999938964844,130.9499969482422,132.39999389648438,9091200
2016-02-25,98.47187042236328,131.67999267578125,132.55999755859375,131.32000732421875,131.47999572753906,6097200
2016-02-26,97.52210235595703,130.41000366210938,130.80999755859375,130.0399932861328,130.30999755859375,9245000
2016-02-29,97.94841003417969,130.97999572753906,131.1699981689453,130.4199981689453,130.47000122070312,8016100
2016-03-01,96.22364807128906,128.42999267578125,130.85000610351562,128.32000732421875,130.82000732421875,13729100
2016-03-02,96.62074279785156,128.9600067138672,128.97000122070312,128.2100067138672,128.32000732421875,7047700
2016-03-03,96.97286224365234,129.42999267578125,129.94000244140625,128.77000427246094,129.07000732421875,6394800
2016-03-04,96.35101318359375,128.60000610351562,129.1300048828125,127.76000213623047,128.75,8687000
2016-03-07,96.32105255126953,128.55999755859375,128.6699981689453,128.0500030517578,128.4499969482422,5493300
2016-03-08,97.38495635986328,129.97999572753906,130.99000549316406,129.9499969482422,130.35000610351562,7175400
2016-03-09,96.7930908203125,129.19000244140625,129.69000244140625,128.80999755859375,129.0800018310547,7194700
2016-03-10,96.39596557617188,128.66000366210938,129.83999633789062,127.91999816894531,129.5,10091600
2016-03-11,95.4219970703125,127.36000061035156,128.8800048828125,127.20999908447266,128.82000732421875,8927000
2016-03-14,95.72164916992188,127.76000213623047,128.38999938964844,127.66000366210938,127.81999969482422,5177000
2016-03-15,95.81156158447266,127.87999725341797,128.66000366210938,127.61000061035156,128.5,6413200
2016-03-16,96.0962905883789,128.25999450683594,128.52000427246094,127.37000274658203,127.75,9728900
2016-03-17,96.49334716796875,128.7899932861328,129.33999633789062,128.49000549316406,128.50999450683594,7805500
2016-03-18,96.6956787109375,129.05999755859375,129.50999450683594,128.6999969482422,129.0399932861328,8198600
2016-03-21,95.95394134521484,128.07000732421875,128.6199951171875,127.75,128.25,5514800
2016-03-22,95.93143463134766,128.0399932861328,129.02000427246094,127.91999816894531,128.8300018310547,4997900
2016-03-23,97.01782989501953,129.49000549316406,129.82000732421875,128.2899932861328,128.41000366210938,10628200
2016-03-24,97.05529022216797,129.5399932861328,130.63999938964844,129.0,130.5800018310547,6343300
2016-03-28,97.18267822265625,129.7100067138672,130.16000366210938,129.27999877929688,129.3800048828125,5058700
2016-03-29,98.20160675048828,131.07000732421875,131.08999633789062,130.02000427246094,130.3800048828125,9396700
2016-03-30,97.16768646240234,129.69000244140625,130.07000732421875,128.97999572753906,130.02999877929688,8478700
2016-03-31,97.85698699951172,130.61000061035156,130.80999755859375,129.7899932861328,129.97999572753906,7832300
2016-04-01,98.11227416992188,130.67999267578125,131.1300048828125,129.89999389648438,130.97999572753906,9341400
2016-04-04,98.17231750488281,130.75999450683594,130.97000122070312,130.27000427246094,130.7899932861328,5145100
2016-04-05,99.24592590332031,132.19000244140625,132.36000061035156,131.77999877929688,132.00999450683594,6482800
2016-04-06,98.5251235961914,131.22999572753906,131.6699981689453,130.74000549316406,131.52999877929688,6393700
2016-04-07,99.74146270751953,132.85000610351562,132.99000549316406,132.00999450683594,132.19000244140625,5963300
2016-04-08,99.11078643798828,132.00999450683594,132.39999389648438,131.63999938964844,132.1699981689453,5584800
2016-04-11,98.98314666748047,131.83999633789062,132.17999267578125,131.11000061035156,131.32000732421875,4805500
2016-04-12,98.29994201660156,130.92999267578125,131.5500030517578,130.52999877929688,131.0800018310547,4276000
2016-04-13,98.64533996582031,131.38999938964844,131.5800018310547,130.52000427246094,130.69000244140625,5207900
2016-04-14,98.17231750488281,130.75999450683594,131.30999755859375,130.49000549316406,130.91000366210938,6967000
2016-04-15,99.01315307617188,131.8800048828125,132.16000366210938,131.25,131.2899932861328,5831100
2016-04-18,98.58519744873047,131.30999755859375,131.44000244140625,130.66000366210938,131.3300018310547,4486600
2016-04-19,98.27735137939453,130.89999389648438,131.30999755859375,130.2899932861328,131.0800018310547,5212200
2016-04-20,97.19631958007812,129.4600067138672,131.64999389648438,129.27000427246094,131.16000366210938,10920700
2016-04-21,96.6181869506836,128.69000244140625,129.07000732421875,128.2899932861328,128.44000244140625,11154200
2016-04-22,96.37037658691406,128.36000061035156,128.91000366210938,128.24000549316406,128.85000610351562,5826400
2016-04-25,95.97250366210938,127.83000183105469,128.52000427246094,127.83000183105469,128.05999755859375,5539500
2016-04-26,95.53707122802734,127.25,127.76000213623047,127.12000274658203,127.76000213623047,7840000
2016-04-27,96.49053955078125,128.52000427246094,128.82000732421875,127.62000274658203,127.91999816894531,8380100
2016-04-28,96.88847351074219,129.0500030517578,129.13999938964844,128.0399932861328,128.2100067138672,7974600
2016-04-29,97.13623809814453,129.3800048828125,129.7100067138672,128.1999969482422,128.4499969482422,7416300
2016-05-02,96.15821075439453,127.81999969482422,128.89999389648438,127.80000305175781,128.66000366210938,11035200
2016-05-03,97.36942291259766,129.42999267578125,130.02000427246094,129.35000610351562,129.5500030517578,10736700
2016-05-04,97.90353393554688,130.13999938964844,130.1699981689453,129.19000244140625,129.67999267578125,7211200
2016-05-05,98.55804443359375,131.00999450683594,131.07000732421875,129.6999969482422,130.05999755859375,7870400
2016-05-06,98.13672637939453,130.4499969482422,130.86000061035156,130.2899932861328,130.85000610351562,7232500
2016-05-09,98.44524383544922,130.86000061035156,130.88999938964844,130.32000732421875,130.4600067138672,4950800
2016-05-10,98.45269775390625,130.8699951171875,131.1199951171875,130.64999389648438,130.85000610351562,4331900
2016-05-11,99.0094223022461,131.61000061035156,132.0,130.66000366210938,130.8300018310547,9256000
2016-05-12,98.55804443359375,131.00999450683594,131.1699981689453,130.58999633789062,130.66000366210938,6087400
2016-05-13,99.51346588134766,132.27999877929688,132.32000732421875,131.22999572753906,131.47999572753906,8707300
2016-05-16,98.65586853027344,131.13999938964844,131.66000366210938,130.97999572753906,131.63999938964844,5137000
2016-05-17,98.82137298583984,131.36000061035156,131.8300018310547,131.2100067138672,131.2100067138672,4449100
2016-05-18,97.41455841064453,129.49000549316406,130.85000610351562,128.91000366210938,130.80999755859375,12681000
2016-05-19,97.83584594726562,130.0500030517578,130.3300018310547,129.64999389648438,129.67999267578125,6209400
2016-05-20,97.91107940673828,130.14999389648438,130.39999389648438,129.5500030517578,129.64999389648438,5348900
2016-05-23,98.12925720214844,130.44000244140625,130.72999572753906,129.9199981689453,130.36000061035156,6979700
2016-05-24,97.69293975830078,129.86000061035156,130.19000244140625,129.24000549316406,129.97000122070312,5968200
2016-05-25,97.3243179321289,129.3699951171875,130.25,129.30999755859375,129.8300018310547,6367400
2016-05-26,97.82832336425781,130.0399932861328,130.4499969482422,129.8000030517578,129.80999755859375,5419300
2016-05-27,97.68537139892578,129.85000610351562,130.25999450683594,129.6999969482422,130.07000732421875,5267600
2016-05-31,97.91860961914062,130.16000366210938,130.44000244140625,128.97999572753906,129.02000427246094,8344300
2016-06-01,98.31584930419922,130.4199981689453,131.27000427246094,130.11000061035156,130.6300048828125,9874900
2016-06-02,99.02449798583984,131.36000061035156,131.69000244140625,130.8699951171875,130.89999389648438,5835400
2016-06-03,100.43415069580078,133.22999572753906,133.22999572753906,132.60000610351562,132.86000061035156,11077200
2016-06-06,99.68789672851562,132.24000549316406,132.88999938964844,132.10000610351562,132.77999877929688,7573700
2016-06-07,99.92914581298828,132.55999755859375,132.97999572753906,132.5399932861328,132.63999938964844,4680200
2016-06-08,100.46432495117188,133.27000427246094,133.42999267578125,132.7100067138672,132.8699951171875,5313200
2016-06-09,101.11261749267578,134.1300048828125,134.5399932861328,133.92999267578125,134.32000732421875,6820300
2016-06-10,101.60260772705078,134.77999877929688,135.3300018310547,134.25999450683594,134.7899932861328,6984600
2016-06-13,102.05489349365234,135.3800048828125,135.38999938964844,134.77000427246094,135.08999633789062,7283300
2016-06-14,101.97953796386719,135.27999877929688,136.22000122070312,135.22000122070312,136.19000244140625,9012500
2016-06-15,102.37157440185547,135.8000030517578,136.22999572753906,135.30999755859375,135.52000427246094,7953200
2016-06-16,102.86907196044922,136.4600067138672,137.55999755859375,136.17999267578125,136.74000549316406,10372700
2016-06-17,102.22823333740234,135.61000061035156,136.27000427246094,135.25999450683594,136.1999969482422,8489900
2016-06-20,101.13523864746094,134.16000366210938,134.5500030517578,134.00999450683594,134.24000549316406,7365900
2016-06-21,100.66783905029297,133.5399932861328,134.5800018310547,133.4600067138672,134.2899932861328,6005800
2016-06-22,100.83367919921875,133.75999450683594,133.99000549316406,133.25,133.5,5773700
2016-06-23,99.68032836914062,132.22999572753906,133.32000732421875,132.0800018310547,132.61000061035156,9029100
2016-06-24,102.35643768310547,135.77999877929688,136.61000061035156,135.3000030517578,136.61000061035156,17155000
2016-06-27,104.9119644165039,139.1699981689453,139.58999633789062,138.39999389648438,138.44000244140625,16577100
2016-06-28,105.130615234375,139.4600067138672,139.89999389648438,138.8800048828125,139.44000244140625,14006400
2016-06-29,104.32400512695312,138.38999938964844,140.1300048828125,138.25999450683594,139.67999267578125,12999800
2016-06-30,104.70844268798828,138.89999389648438,139.94000244140625,138.08999633789062,138.80999755859375,14698500
2016-07-01,106.1622543334961,140.57000732421875,140.82000732421875,139.19000244140625,140.80999755859375,15430200
2016-07-05,107.49143981933594,142.3300018310547,142.91000366210938,141.6999969482422,141.85000610351562,8840800
2016-07-06,107.66517639160156,142.55999755859375,143.0,141.9600067138672,142.7899932861328,14352800
2016-07-07,107.6575927734375,142.5500030517578,143.19000244140625,141.77999877929688,142.08999633789062,9676400
2016-07-08,108.45063781738281,143.60000610351562,143.6199951171875,142.36000061035156,142.9199981689453,10355300
2016-07-11,107.4990005493164,142.33999633789062,143.47000122070312,142.24000549316406,143.0500030517578,8099000
2016-07-12,105.73178100585938,140.0,140.86000061035156,139.63999938964844,140.4199981689453,15810600
2016-07-13,106.9778823852539,141.64999389648438,141.77000427246094,140.9499969482422,141.3699951171875,8181700
2016-07-14,105.42211151123047,139.58999633789062,139.83999633789062,139.08999633789062,139.27999877929688,10817000
2016-07-15,104.51586151123047,138.38999938964844,139.11000061035156,138.17999267578125,138.88999938964844,9958600
2016-07-18,104.41764831542969,138.25999450683594,139.25999450683594,137.72999572753906,139.07000732421875,5955900
2016-07-19,105.00674438476562,139.0399932861328,139.30999755859375,138.39999389648438,138.94000244140625,8073900
2016-07-20,104.43278503417969,138.27999877929688,138.50999450683594,137.91000366210938,138.22999572753906,6942500
2016-07-21,104.64419555664062,138.55999755859375,138.6199951171875,136.99000549316406,137.0399932861328,10398400
2016-07-22,104.82551574707031,138.8000030517578,139.24000549316406,137.8699951171875,137.92999267578125,5811400
2016-07-25,104.74995422363281,138.6999969482422,139.25999450683594,138.58999633789062,138.94000244140625,4243800
2016-07-26,104.91612243652344,138.9199981689453,139.52000427246094,138.4600067138672,139.52000427246094,5243400
2016-07-27,106.22266387939453,140.64999389648438,140.64999389648438,139.39999389648438,139.5500030517578,8508100
2016-07-28,106.0263442993164,140.38999938964844,140.83999633789062,139.7100067138672,139.8000030517578,7336100
2016-07-29,106.90992736816406,141.55999755859375,141.67999267578125,140.22000122070312,140.4499969482422,8766700
2016-08-01,105.75082397460938,139.77000427246094,140.5,139.61000061035156,139.77999877929688,9809300
2016-08-02,104.66130065917969,138.3300018310547,139.25999450683594,137.5,137.8300018310547,10051200
2016-08-03,104.7218017578125,138.41000366210938,138.77999877929688,137.91000366210938,138.60000610351562,4930600
2016-08-04,105.5086669921875,139.4499969482422,140.16000366210938,139.27000427246094,139.4600067138672,5646000
2016-08-05,104.41163635253906,138.0,139.17999267578125,137.82000732421875,139.0500030517578,7778600
2016-08-08,104.60832214355469,138.25999450683594,138.5399932861328,137.32000732421875,137.60000610351562,5185200
2016-08-09,105.63729858398438,139.6199951171875,139.72000122070312,138.6199951171875,138.7100067138672,5503200
2016-08-10,106.04592895507812,140.16000366210938,140.50999450683594,139.47000122070312,139.89999389648438,5843500
2016-08-11,105.1001205444336,138.91000366210938,140.0800018310547,138.5399932861328,140.05999755859375,7624600
2016-08-12,105.9853744506836,140.0800018310547,140.86000061035156,139.8699951171875,140.41000366210938,7989600
2016-08-15,104.98667907714844,138.75999450683594,139.6300048828125,138.75,139.33999633789062,5108600
2016-08-16,104.7066879272461,138.38999938964844,139.14999389648438,138.22999572753906,138.97999572753906,6182700
2016-08-17,105.33465576171875,139.22000122070312,139.44000244140625,138.5,138.6300048828125,5002000
2016-08-18,105.50115966796875,139.44000244140625,139.75999450683594,138.7899932861328,139.1999969482422,3805200
2016-08-19,104.94880676269531,138.7100067138672,139.0500030517578,138.10000610351562,138.63999938964844,5516300
2016-08-22,105.83403015136719,139.8800048828125,140.13999938964844,139.3699951171875,139.64999389648438,5549700
2016-08-23,105.94754028320312,140.02999877929688,140.58999633789062,139.6699981689453,140.27000427246094,6841400
2016-08-24,105.69779205322266,139.6999969482422,140.19000244140625,139.38999938964844,140.10000610351562,6027800
2016-08-25,105.29681396484375,139.1699981689453,139.77999877929688,138.9600067138672,139.25999450683594,5855500
2016-08-26,104.6839828491211,138.36000061035156,140.69000244140625,138.22000122070312,139.72999572753906,12962500
2016-08-29,106.08372497558594,140.2100067138672,140.35000610351562,139.2100067138672,139.3800048828125,7310400
2016-08-30,105.6751708984375,139.6699981689453,140.25999450683594,139.6699981689453,140.1699981689453,5161800
2016-08-31,105.82644653320312,139.8699951171875,140.1699981689453,139.33999633789062,139.66000366210938,7349700
2016-09-01,105.9432144165039,139.77000427246094,140.10000610351562,138.57000732421875,138.6199951171875,9149100
2016-09-02,105.07915496826172,138.6300048828125,139.0500030517578,138.1699981689453,138.9600067138672,8397000
2016-09-06,105.84471893310547,139.63999938964844,140.0800018310547,138.50999450683594,138.7100067138672,8542600
2016-09-07,105.76889038085938,139.5399932861328,140.4199981689453,139.5399932861328,140.3699951171875,5421800
2016-09-08,104.4423828125,137.7899932861328,139.27000427246094,137.25999450683594,138.86000061035156,14301500
2016-09-09,102.7218017578125,135.52000427246094,136.1199951171875,135.41000366210938,136.07000732421875,13347700
2016-09-12,102.77484130859375,135.58999633789062,135.8300018310547,135.16000366210938,135.32000732421875,9096600
2016-09-13,101.6075668334961,134.0500030517578,136.0,133.36000061035156,135.8699951171875,15645400
2016-09-14,101.75914001464844,134.25,134.91000366210938,134.0500030517578,134.0500030517578,7037700
2016-09-15,101.31949615478516,133.6699981689453,134.0500030517578,133.02999877929688,133.61000061035156,9874500
2016-09-16,102.13812255859375,134.75,134.80999755859375,134.22000122070312,134.5800018310547,7507900
2016-09-19,101.80464172363281,134.30999755859375,134.8699951171875,134.25,134.52000427246094,7105900
2016-09-20,102.16084289550781,134.77999877929688,135.5800018310547,134.6699981689453,135.14999389648438,6054800
2016-09-21,102.9870376586914,135.8699951171875,135.88999938964844,134.17999267578125,134.60000610351562,10698100
2016-09-22,103.80561828613281,136.9499969482422,137.2899932861328,136.5,136.6699981689453,12426200
2016-09-23,103.70713806152344,136.82000732421875,137.33999633789062,136.7100067138672,137.02999877929688,5928800
2016-09-26,104.36660766601562,137.69000244140625,137.8300018310547,137.02000427246094,137.07000732421875,8661300
2016-09-27,105.13215637207031,138.6999969482422,138.8000030517578,137.9499969482422,138.58999633789062,9450400
2016-09-28,104.90475463867188,138.39999389648438,139.14999389648438,138.22000122070312,138.5,7958700
2016-09-29,105.17010498046875,138.75,139.07000732421875,137.4499969482422,137.55999755859375,8319800
2016-09-30,104.23020935058594,137.50999450683594,138.63999938964844,136.8699951171875,138.5500030517578,11747100
2016-10-03,103.88617706298828,136.80999755859375,137.77000427246094,136.75999450683594,137.67999267578125,7588800
2016-10-04,102.6712646484375,135.2100067138672,136.83999633789062,135.16000366210938,136.6199951171875,12048700
2016-10-05,102.19282531738281,134.5800018310547,135.0800018310547,134.1199951171875,135.02000427246094,8917700
2016-10-06,101.62328338623047,133.8300018310547,134.69000244140625,133.67999267578125,133.97000122070312,7839900
2016-10-07,101.69161987304688,133.9199981689453,134.2899932861328,133.08999633789062,133.92999267578125,9953200
2016-10-10,101.09183502197266,133.1300048828125,133.16000366210938,132.50999450683594,132.85000610351562,6089100
2016-10-11,100.86399841308594,132.8300018310547,133.5500030517578,132.57000732421875,132.86000061035156,9670400
2016-10-12,100.96269226074219,132.9600067138672,133.02000427246094,132.24000549316406,132.6699981689453,7582400
2016-10-13,101.34235382080078,133.4600067138672,133.92999267578125,133.3699951171875,133.63999938964844,7080600
2016-10-14,99.92239379882812,131.58999633789062,132.9499969482422,131.52999877929688,132.27000427246094,11415100
2016-10-17,100.56026458740234,132.42999267578125,132.74000549316406,132.08999633789062,132.10000610351562,10595900
2016-10-18,100.88672637939453,132.86000061035156,132.88999938964844,131.8300018310547,131.86000061035156,7151000
2016-10-19,100.9703140258789,132.97000122070312,133.27000427246094,132.32000732421875,132.3699951171875,6941300
2016-10-20,101.07658386230469,133.11000061035156,133.75,132.89999389648438,133.63999938964844,6082300
2016-10-21,101.22846984863281,133.30999755859375,133.72000122070312,132.8699951171875,133.52000427246094,9222700
2016-10-24,100.78805541992188,132.72999572753906,133.4499969482422,132.2899932861328,133.41000366210938,6507500
2016-10-25,101.0538330078125,133.0800018310547,133.55999755859375,132.49000549316406,132.52999877929688,5134700
2016-10-26,100.37039947509766,132.17999267578125,132.8000030517578,131.99000549316406,132.4600067138672,5842500
2016-10-27,99.2769775390625,130.74000549316406,131.07000732421875,130.05999755859375,131.07000732421875,10044700
2016-10-28,99.05670166015625,130.4499969482422,130.92999267578125,130.3300018310547,130.38999938964844,7541000
2016-10-31,99.66423797607422,131.25,131.2899932861328,130.7100067138672,130.88999938964844,7047500
2016-11-01,99.67179107666016,131.00999450683594,131.60000610351562,129.8800048828125,130.16000366210938,12622400
2016-11-02,100.10549926757812,131.5800018310547,132.11000061035156,131.02999877929688,131.3000030517578,8666200
2016-11-03,99.33712768554688,130.57000732421875,131.0500030517578,130.44000244140625,130.75,6085400
2016-11-04,100.22718811035156,131.74000549316406,131.7899932861328,131.1300048828125,131.27000427246094,7622600
2016-11-07,99.37508392333984,130.6199951171875,131.0,130.44000244140625,130.75,5386700
2016-11-08,98.97188568115234,130.08999633789062,131.2100067138672,129.7100067138672,131.02000427246094,7576500
2016-11-09,94.7723159790039,124.56999969482422,127.37000274658203,124.22000122070312,127.22000122070312,31233500
2016-11-10,93.37244415283203,122.7300033569336,124.95999908447266,122.72000122070312,123.97000122070312,22961200
2016-11-11,92.84752655029297,122.04000091552734,123.05000305175781,121.6500015258789,122.95999908447266,10040200
2016-11-14,92.2921371459961,121.30999755859375,122.66000366210938,120.7300033569336,121.27999877929688,21174400
2016-11-15,92.74856567382812,121.91000366210938,122.80999755859375,121.77999877929688,122.22000122070312,11963700
2016-11-16,93.58543395996094,123.01000213623047,123.13999938964844,122.16999816894531,122.30000305175781,9149500
2016-11-17,92.20841979980469,121.19999694824219,122.11000061035156,120.98999786376953,121.94999694824219,11221600
2016-11-18,91.9421615600586,120.8499984741211,121.97000122070312,120.33999633789062,121.62999725341797,13577700
2016-11-21,92.17037200927734,121.1500015258789,121.4800033569336,120.88999938964844,121.20999908447266,6488100
2016-11-22,92.13993835449219,121.11000061035156,121.76000213623047,120.87999725341797,121.66000366210938,9989900
2016-11-23,91.78237915039062,120.63999938964844,120.91000366210938,119.25,119.98999786376953,13563500
2016-11-25,91.91931915283203,120.81999969482422,121.29000091552734,120.4000015258789,121.19000244140625,3126300
2016-11-28,92.59642791748047,121.70999908447266,121.7300033569336,121.08999633789062,121.41000366210938,8555000
2016-11-29,92.98441314697266,122.22000122070312,122.4000015258789,121.20999908447266,121.44000244140625,8363000
2016-11-30,91.47809600830078,120.23999786376953,121.01000213623047,119.4800033569336,119.97000122070312,21163500
2016-12-01,90.5121841430664,118.7300033569336,118.98999786376953,117.63999938964844,118.51000213623047,21715700
2016-12-02,91.17543029785156,119.5999984741211,120.20999908447266,119.13999938964844,119.16999816894531,12487500
2016-12-05,91.07628631591797,119.47000122070312,120.4000015258789,118.44999694824219,118.93000030517578,12100100
2016-12-06,91.0076904296875,119.37999725341797,119.94000244140625,119.12000274658203,119.33999633789062,11526600
2016-12-07,91.7852783203125,120.4000015258789,120.62000274658203,119.81999969482422,119.81999969482422,10392200
2016-12-08,90.7027816772461,118.9800033569336,119.30999755859375,118.77999877929688,119.1500015258789,12041100
2016-12-09,89.57449340820312,117.5,118.86000061035156,117.27999877929688,118.63999938964844,14646400
2016-12-12,89.7422103881836,117.72000122070312,117.80000305175781,116.87999725341797,117.2699966430664,9496300
2016-12-13,90.06240844726562,118.13999938964844,118.48999786376953,117.44000244140625,118.4000015258789,12189200
2016-12-14,89.05610656738281,116.81999969482422,119.20999908447266,116.80000305175781,119.08000183105469,16618400
2016-12-15,89.50590515136719,117.41000366210938,118.29000091552734,117.02999877929688,117.55999755859375,12400500
2016-12-16,89.30006408691406,117.13999938964844,117.91999816894531,116.80000305175781,117.61000061035156,14924600
2016-12-19,90.2606201171875,118.4000015258789,118.58000183105469,117.73999786376953,117.9800033569336,10868300
2016-12-20,89.81084442138672,117.80999755859375,117.9000015258789,117.37999725341797,117.62999725341797,7030600
2016-12-21,90.20722961425781,118.33000183105469,118.4000015258789,117.7300033569336,117.91999816894531,4624700
2016-12-22,90.04597473144531,117.80999755859375,118.0,117.5,117.52999877929688,5177800
2016-12-23,90.22943115234375,118.05000305175781,118.38999938964844,117.94999694824219,118.23999786376953,4461600
2016-12-27,89.93894958496094,117.66999816894531,117.69999694824219,117.2300033569336,117.41999816894531,5276600
2016-12-28,90.59628295898438,118.52999877929688,118.87999725341797,117.69999694824219,117.86000061035156,7578600
2016-12-29,90.91729736328125,118.94999694824219,119.2699966430664,118.66000366210938,118.80000305175781,8581400
2016-12-30,91.05489349365234,119.12999725341797,119.6500015258789,118.72000122070312,118.77999877929688,10613900
2017-01-03,91.4447021484375,119.63999938964844,119.98999786376953,118.18000030517578,118.41000366210938,13217300
2017-01-04,91.7962646484375,120.0999984741211,120.23999786376953,119.44999694824219,119.76000213623047,6699600
2017-01-05,93.23323059082031,121.9800033569336,122.02999877929688,120.16999816894531,120.44999694824219,13265800
2017-01-06,92.37718200683594,120.86000061035156,121.54000091552734,120.75,121.12999725341797,8369300
2017-01-09,93.11859130859375,121.83000183105469,122.0,121.45999908447266,121.87999725341797,8839100
2017-01-10,93.05743408203125,121.75,121.91000366210938,121.27999877929688,121.55000305175781,8417900
2017-01-11,93.37080383300781,122.16000366210938,122.69000244140625,121.41000366210938,121.94000244140625,9402500
2017-01-12,93.1644287109375,121.88999938964844,123.13999938964844,121.83000183105469,122.80000305175781,9977600
2017-01-13,92.72111511230469,121.30999755859375,121.75,120.62000274658203,121.33000183105469,9820000
2017-01-17,93.69183349609375,122.58000183105469,122.94000244140625,121.98999786376953,122.80999755859375,7853300
2017-01-18,92.4918212890625,121.01000213623047,121.95999908447266,120.91000366210938,121.7699966430664,9064700
2017-01-19,91.8574447631836,120.18000030517578,120.58000183105469,119.55000305175781,120.48999786376953,11795600
2017-01-20,91.67398071289062,119.94000244140625,120.30999755859375,119.29000091552734,119.83999633789062,16953200
2017-01-23,92.59123229980469,121.13999938964844,121.87000274658203,120.0199966430664,120.33999633789062,13118400
2017-01-24,91.95679473876953,120.30999755859375,121.12999725341797,119.80000305175781,120.7699966430664,8395000
2017-01-25,90.80266571044922,118.80000305175781,119.5999984741211,118.55999755859375,119.27999877929688,11115100
2017-01-26,91.10835266113281,119.19999694824219,119.26000213623047,118.33000183105469,118.91000366210938,7827900
2017-01-27,91.43706512451172,119.62999725341797,119.83000183105469,119.25,119.4000015258789,7197800
2017-01-30,91.16193389892578,119.2699966430664,119.87999725341797,119.19999694824219,119.44000244140625,6569500
2017-01-31,91.7962646484375,120.0999984741211,120.4000015258789,119.25,119.33000183105469,13298500
2017-02-01,91.22869873046875,119.0999984741211,119.52999877929688,118.58000183105469,119.0999984741211,10975500
2017-02-02,91.19036102294922,119.05000305175781,120.13999938964844,119.0,119.93000030517578,6978600
2017-02-03,91.15210723876953,119.0,119.87000274658203,118.47000122070312,119.44000244140625,10275600
2017-02-06,91.70359802246094,119.72000122070312,120.12999725341797,119.12000274658203,119.76000213623047,8433800
2017-02-07,92.3777084350586,120.5999984741211,121.01000213623047,119.47000122070312,119.77999877929688,8418400
2017-02-08,93.63385772705078,122.23999786376953,122.2699966430664,121.41000366210938,121.41999816894531,15734200
2017-02-09,92.55381774902344,120.83000183105469,121.58999633789062,120.66000366210938,121.41000366210938,16890600
2017-02-10,92.50022888183594,120.76000213623047,120.94999694824219,120.11000061035156,120.11000061035156,7978500
2017-02-13,92.2092056274414,120.37999725341797,120.41000366210938,119.87999725341797,120.25,11536800
2017-02-14,91.54277801513672,119.51000213623047,120.30000305175781,118.83000183105469,120.23999786376953,13210500
2017-02-15,91.12150573730469,118.95999908447266,119.22000122070312,118.6500015258789,118.76000213623047,8481000
2017-02-16,91.61930847167969,119.61000061035156,120.20999908447266,119.12000274658203,119.22000122070312,10005800
2017-02-17,92.16322326660156,120.31999969482422,120.69999694824219,120.12999725341797,120.61000061035156,7886400
2017-02-21,92.00232696533203,120.11000061035156,120.61000061035156,119.5999984741211,119.68000030517578,8703800
2017-02-22,92.1554946899414,120.30999755859375,120.81999969482422,119.58999633789062,120.80000305175781,8101500
2017-02-23,92.4312744140625,120.66999816894531,120.73999786376953,120.33000183105469,120.56999969482422,5330800
2017-02-24,93.45770263671875,122.01000213623047,122.13999938964844,121.26000213623047,121.3499984741211,11336000
2017-02-27,92.90618896484375,121.29000091552734,121.9000015258789,121.2300033569336,121.80999755859375,11039800
2017-02-28,93.2508773803711,121.73999786376953,122.08000183105469,121.31999969482422,121.5,8410500
2017-03-01,91.68832397460938,119.47000122070312,119.55000305175781,118.94999694824219,119.44000244140625,10717100
2017-03-02,91.35830688476562,119.04000091552734,119.20999908447266,118.62000274658203,119.01000213623047,8201200
2017-03-03,91.59626770019531,119.3499984741211,119.3499984741211,118.55000305175781,119.2300033569336,9515200
2017-03-06,91.15882873535156,118.77999877929688,119.12000274658203,118.5199966430664,119.12000274658203,4489200
2017-03-07,90.88253784179688,118.41999816894531,118.68000030517578,118.25,118.4800033569336,7080100
2017-03-08,90.391357421875,117.77999877929688,117.94999694824219,117.2300033569336,117.30999755859375,11336300
2017-03-09,89.66991424560547,116.83999633789062,117.4800033569336,116.7699966430664,117.33999633789062,10575400
2017-03-10,89.98458862304688,117.25,117.31999969482422,116.68000030517578,117.13999938964844,9218500
2017-03-13,89.41666412353516,116.51000213623047,117.08999633789062,116.48999786376953,116.83000183105469,6993100
2017-03-14,89.8464584350586,117.06999969482422,117.3499984741211,116.70999908447266,116.7699966430664,9869200
2017-03-15,90.94390106201172,118.5,118.83000183105469,117.43000030517578,117.55999755859375,14600500
2017-03-16,90.48345184326172,117.9000015258789,118.1500015258789,117.62999725341797,117.98999786376953,8018200
2017-03-17,91.05131530761719,118.63999938964844,118.75,118.02999877929688,118.11000061035156,7266800
2017-03-20,91.44275665283203,119.1500015258789,119.2300033569336,118.5,118.55000305175781,5497800
2017-03-21,92.20250701904297,120.13999938964844,120.30000305175781,119.0199966430664,119.05000305175781,12540700
2017-03-22,92.57095336914062,120.62000274658203,121.16999816894531,120.43000030517578,120.72000122070312,11661400
2017-03-23,92.44046020507812,120.44999694824219,121.0199966430664,120.05999755859375,120.83000183105469,6746500
2017-03-24,92.77046203613281,120.87999725341797,121.0999984741211,120.4000015258789,120.52999877929688,5819600
2017-03-27,93.19255828857422,121.43000030517578,121.97000122070312,121.19000244140625,121.83000183105469,6878500
2017-03-28,92.57095336914062,120.62000274658203,121.81999969482422,120.48999786376953,121.79000091552734,6811200
2017-03-29,93.12348937988281,121.33999633789062,121.37999725341797,120.87999725341797,120.94000244140625,6291000
2017-03-30,92.37140655517578,120.36000061035156,121.08999633789062,120.31999969482422,121.06999969482422,7042400
2017-03-31,92.64000701904297,120.70999908447266,120.80999755859375,120.20999908447266,120.27999877929688,5144800
2017-04-03,93.57447814941406,121.66999816894531,121.87000274658203,120.4000015258789,120.44999694824219,12996500
2017-04-04,93.06684112548828,121.01000213623047,121.58999633789062,120.94999694824219,121.37000274658203,6976700
2017-04-05,93.35137939453125,121.37999725341797,121.5199966430664,120.36000061035156,120.55999755859375,8555200
2017-04-06,93.21295166015625,121.19999694824219,121.41000366210938,120.5199966430664,121.23999786376953,6497000
2017-04-07,92.83612823486328,120.70999908447266,122.25,120.69000244140625,121.83999633789062,10270000
2017-04-10,93.26680755615234,121.2699966430664,121.62000274658203,121.0,121.13999938964844,5314500
2017-04-11,94.1512680053711,122.41999816894531,122.6500015258789,121.72000122070312,121.80000305175781,11297400
2017-04-12,94.66654968261719,123.08999633789062,123.19000244140625,122.29000091552734,122.51000213623047,11532500
2017-04-13,94.95879364013672,123.47000122070312,123.73999786376953,122.91000366210938,123.44999694824219,8396700
2017-04-17,94.66654968261719,123.08999633789062,123.55000305175781,122.86000061035156,123.45999908447266,8015000
2017-04-18,95.90475463867188,124.69999694824219,124.9800033569336,123.55000305175781,123.86000061035156,11529700
2017-04-19,95.38176727294922,124.0199966430664,124.16999816894531,123.69999694824219,124.0999984741211,7344000
2017-04-20,95.01260375976562,123.54000091552734,123.91999816894531,123.13999938964844,123.5199966430664,7932900
2017-04-21,95.01260375976562,123.54000091552734,124.23999786376953,123.48999786376953,123.81999969482422,9798500
2017-04-24,94.54347229003906,122.93000030517578,123.16000366210938,122.45999908447266,122.55000305175781,8066400
2017-04-25,93.40522003173828,121.44999694824219,122.45999908447266,121.37999725341797,122.20999908447266,8122300
2017-04-26,93.9205093383789,122.12000274658203,122.13999938964844,121.43000030517578,121.5199966430664,5766200
2017-04-27,93.88975524902344,122.08000183105469,122.3499984741211,121.58000183105469,121.75,4978300
2017-04-28,94.09742736816406,122.3499984741211,122.44000244140625,121.55000305175781,121.5999984741211,8166300
2017-05-01,93.3151626586914,121.08000183105469,122.13999938964844,120.70999908447266,121.69000244140625,8795900
2017-05-02,93.7929916381836,121.69999694824219,121.77999877929688,120.94000244140625,120.97000122070312,6727800
2017-05-03,93.85465240478516,121.77999877929688,122.38999938964844,121.55000305175781,122.22000122070312,8932900
2017-05-04,93.39221954345703,121.18000030517578,121.22000122070312,120.66999816894531,121.01000213623047,9707200
2017-05-05,93.47700500488281,121.29000091552734,121.47000122070312,120.88999938964844,121.37999725341797,5605400
2017-05-08,92.96832275390625,120.62999725341797,121.13999938964844,120.52999877929688,121.11000061035156,8057800
2017-05-09,92.96066284179688,120.62000274658203,120.62999725341797,120.13999938964844,120.37999725341797,5536700
2017-05-10,92.85272979736328,120.4800033569336,121.05999755859375,120.16000366210938,120.91000366210938,6517000
2017-05-11,92.85272979736328,120.4800033569336,120.56999969482422,119.91000366210938,120.0,7479800
2017-05-12,93.55408477783203,121.38999938964844,121.48999786376953,120.9800033569336,121.01000213623047,7463900
2017-05-15,93.29975891113281,121.05999755859375,121.20999908447266,120.75,121.05999755859375,5173200
2017-05-16,93.64654541015625,121.51000213623047,121.88999938964844,121.11000061035156,121.11000061035156,6722700
2017-05-17,95.01068115234375,123.27999877929688,123.54000091552734,122.38999938964844,122.62999725341797,11236400
2017-05-18,95.1185531616211,123.41999816894531,123.94000244140625,123.19000244140625,123.75,8350500
2017-05-19,95.34207916259766,123.70999908447266,123.77999877929688,123.01000213623047,123.36000061035156,11277400
2017-05-22,95.08006286621094,123.37000274658203,123.55999755859375,123.26000213623047,123.41000366210938,4062900
2017-05-23,94.44037628173828,122.54000091552734,123.62000274658203,122.4800033569336,123.51000213623047,7901300
2017-05-24,94.97212982177734,123.2300033569336,123.26000213623047,122.54000091552734,122.80000305175781,7355200
2017-05-25,95.0029296875,123.2699966430664,123.27999877929688,122.76000213623047,123.0199966430664,6464800
2017-05-26,95.164794921875,123.4800033569336,123.73999786376953,123.25,123.55000305175781,2963800
2017-05-30,95.63496398925781,124.08999633789062,124.13999938964844,123.73999786376953,124.02999877929688,4819400
2017-05-31,95.87384033203125,124.4000015258789,124.6500015258789,124.02999877929688,124.05000305175781,8000200
2017-06-01,95.8839111328125,124.1500015258789,124.19000244140625,123.66000366210938,123.69999694824219,9037300
2017-06-02,97.01924133300781,125.62000274658203,125.7699966430664,125.05000305175781,125.22000122070312,13245000
2017-06-05,96.41677856445312,124.83999633789062,125.16000366210938,124.77999877929688,124.9000015258789,6775500
2017-06-06,96.9419937133789,125.5199966430664,125.87000274658203,125.4000015258789,125.69000244140625,12841500
2017-06-07,96.47857666015625,124.91999816894531,125.5199966430664,124.79000091552734,125.23999786376953,12852400
2017-06-08,96.22372436523438,124.58999633789062,124.87999725341797,124.30000305175781,124.87999725341797,8758600
2017-06-09,96.07699584960938,124.4000015258789,124.63999938964844,123.9800033569336,124.08000183105469,5130500
2017-06-12,96.04609680175781,124.36000061035156,124.98999786376953,124.13999938964844,124.20999908447266,4335800
2017-06-13,96.06150817871094,124.37999725341797,124.5199966430664,123.98999786376953,124.01000213623047,4742600
2017-06-14,97.54436492919922,126.30000305175781,126.70999908447266,125.7300033569336,125.91999816894531,20212300
2017-06-15,97.38995361328125,126.0999984741211,126.33000183105469,125.83000183105469,126.08999633789062,5863700
2017-06-16,97.58297729492188,126.3499984741211,126.44000244140625,126.01000213623047,126.08000183105469,6672500
2017-06-19,97.4439926147461,126.16999816894531,126.4800033569336,126.02999877929688,126.31999969482422,5641300
2017-06-20,98.31669616699219,127.30000305175781,127.4000015258789,126.79000091552734,126.79000091552734,8405700
2017-06-21,98.51752471923828,127.55999755859375,127.63999938964844,126.91000366210938,127.11000061035156,5914800
2017-06-22,98.73375701904297,127.83999633789062,127.87000274658203,127.30999755859375,127.70999908447266,6608100
2017-06-23,98.68739318847656,127.77999877929688,127.9000015258789,127.4000015258789,127.47000122070312,4329900
2017-06-26,99.05809783935547,128.25999450683594,128.57000732421875,128.16000366210938,128.27000427246094,5541600
2017-06-27,98.0000991821289,126.88999938964844,127.48999786376953,126.62000274658203,127.43000030517578,8354200
2017-06-28,97.67570495605469,126.47000122070312,126.70999908447266,125.9800033569336,126.66999816894531,7357900
2017-06-29,96.85700988769531,125.41000366210938,125.72000122070312,124.9000015258789,125.01000213623047,9115800
2017-06-30,96.633056640625,125.12000274658203,125.38999938964844,124.8499984741211,125.19000244140625,10189800
2017-07-03,96.32189178466797,124.45999908447266,125.04000091552734,124.0199966430664,125.0,11021100
2017-07-05,96.34512329101562,124.48999786376953,124.6500015258789,124.12000274658203,124.19999694824219,11394500
2017-07-06,95.5479965209961,123.45999908447266,123.63999938964844,122.93000030517578,123.5199966430664,10853100
2017-07-07,94.9753189086914,122.72000122070312,123.02999877929688,122.58999633789062,122.83999633789062,9401800
2017-07-10,95.11461639404297,122.9000015258789,123.0999984741211,122.68000030517578,122.87000274658203,3859200
2017-07-11,95.27711486816406,123.11000061035156,123.33000183105469,122.70999908447266,122.86000061035156,4425600
2017-07-12,95.93496704101562,123.95999908447266,124.04000091552734,123.48999786376953,123.88999938964844,7839900
2017-07-13,95.33130645751953,123.18000030517578,123.6500015258789,122.80999755859375,123.5999984741211,7449300
2017-07-14,95.44741821289062,123.33000183105469,124.16000366210938,123.12000274658203,124.0999984741211,6566800
2017-07-17,95.71052551269531,123.66999816894531,123.98999786376953,123.2699966430664,123.33000183105469,4737300
2017-07-18,96.54632568359375,124.75,124.7699966430664,124.2300033569336,124.43000030517578,9163000
2017-07-19,96.58505249023438,124.80000305175781,125.01000213623047,124.58999633789062,124.77999877929688,5140900
2017-07-20,96.86366271972656,125.16000366210938,125.7300033569336,124.97000122070312,125.48999786376953,12239100
2017-07-21,97.2738265991211,125.69000244140625,126.02999877929688,125.56999969482422,125.7300033569336,6201500
2017-07-24,96.89463806152344,125.19999694824219,125.66000366210938,125.16000366210938,125.44999694824219,5378500
2017-07-25,95.6331558227539,123.56999969482422,124.19000244140625,123.47000122070312,124.13999938964844,9743300
2017-07-26,95.78790283203125,123.7699966430664,124.08999633789062,123.08000183105469,123.2699966430664,8459500
2017-07-27,95.31584930419922,123.16000366210938,123.37999725341797,122.81999969482422,123.11000061035156,6390800
2017-07-28,95.88082885742188,123.88999938964844,123.98999786376953,123.26000213623047,123.2699966430664,5491800
2017-07-31,95.99691009521484,124.04000091552734,124.05000305175781,123.4000015258789,123.45999908447266,5464600
2017-08-01,96.67086791992188,124.63999938964844,124.70999908447266,123.16000366210938,123.18000030517578,9676800
2017-08-02,96.72518920898438,124.70999908447266,125.16999816894531,124.68000030517578,124.7699966430664,5745600
2017-08-03,97.72574615478516,126.0,126.0199966430664,125.26000213623047,125.29000091552734,10324500
2017-08-04,96.89582061767578,124.93000030517578,125.18000030517578,124.44000244140625,125.1500015258789,8485500
2017-08-07,97.00438690185547,125.06999969482422,125.0999984741211,124.61000061035156,124.83999633789062,4684600
2017-08-08,96.65534973144531,124.62000274658203,124.9800033569336,124.1500015258789,124.87000274658203,6197400
2017-08-09,97.18281555175781,125.30000305175781,125.94999694824219,125.19999694824219,125.93000030517578,9221800
2017-08-10,98.01265716552734,126.37000274658203,126.44000244140625,125.5199966430664,125.62000274658203,10378200
2017-08-11,98.05921173095703,126.43000030517578,126.45999908447266,125.55000305175781,125.7699966430664,5717800
2017-08-14,97.55509948730469,125.77999877929688,126.27999877929688,125.7300033569336,125.98999786376953,5111000
2017-08-15,97.14402770996094,125.25,125.54000091552734,124.70999908447266,124.7300033569336,7473200
2017-08-16,97.50079345703125,125.70999908447266,126.0199966430664,124.80999755859375,124.83000183105469,5283800
2017-08-17,98.22987365722656,126.6500015258789,126.68000030517578,125.51000213623047,125.69999694824219,9364700
2017-08-18,98.20658874511719,126.62000274658203,127.1500015258789,126.26000213623047,126.9800033569336,8382500
2017-08-21,98.4469985961914,126.93000030517578,127.0199966430664,126.5,126.7699966430664,7669800
2017-08-22,98.06698608398438,126.44000244140625,126.80999755859375,126.2699966430664,126.79000091552734,6140700
2017-08-23,98.73397064208984,127.30000305175781,127.30999755859375,126.76000213623047,127.04000091552734,7446400
2017-08-24,98.36947631835938,126.83000183105469,127.30999755859375,126.72000122070312,126.87999725341797,5569400
2017-08-25,98.74949645996094,127.31999969482422,127.44999694824219,126.87000274658203,127.0199966430664,7303300
2017-08-28,98.68740844726562,127.23999786376953,127.38999938964844,126.7300033569336,126.91999816894531,4448500
2017-08-29,99.00543975830078,127.6500015258789,128.52000427246094,127.30999755859375,128.4600067138672,7659400
2017-08-30,98.97438049316406,127.61000061035156,127.73999786376953,127.33999633789062,127.45999908447266,4735200
2017-08-31,99.2691650390625,127.98999786376953,128.02999877929688,127.56999969482422,127.63999938964844,7978400
2017-09-01,98.50981903076172,126.75,127.33999633789062,126.43000030517578,127.30999755859375,14128600
2017-09-05,100.07200622558594,128.75999450683594,128.8000030517578,127.69000244140625,127.69000244140625,15215700
2017-09-06,99.45797729492188,127.97000122070312,129.0,127.73999786376953,128.72000122070312,9066400
2017-09-07,100.47612762451172,129.27999877929688,129.57000732421875,128.3300018310547,128.3300018310547,13618900
2017-09-08,100.25856018066406,129.0,129.16000366210938,128.57000732421875,129.11000061035156,9808500
2017-09-11,99.0616455078125,127.45999908447266,128.0500030517578,127.26000213623047,127.87000274658203,17856700
2017-09-12,98.54094696044922,126.79000091552734,127.08999633789062,126.52999877929688,127.05000305175781,7557400
2017-09-13,98.15226745605469,126.29000091552734,126.91999816894531,126.27999877929688,126.91000366210938,6740000
2017-09-14,98.55644226074219,126.80999755859375,126.83000183105469,126.33000183105469,126.37000274658203,6674500
2017-09-15,98.59529876708984,126.86000061035156,127.01000213623047,126.54000091552734,127.0,9769200
2017-09-18,98.02796173095703,126.12999725341797,126.56999969482422,125.83999633789062,126.5,6863000
2017-09-19,97.78704071044922,125.81999969482422,126.30999755859375,125.7300033569336,126.27999877929688,5554900
2017-09-20,97.85697937011719,125.91000366210938,126.05000305175781,125.33000183105469,125.97000122070312,8037000
2017-09-21,97.8025894165039,125.83999633789062,126.55999755859375,125.81999969482422,126.16000366210938,6147800
2017-09-22,98.08235168457031,126.19999694824219,126.7300033569336,126.05999755859375,126.5,5660700
2017-09-25,98.69635772705078,126.98999786376953,127.2699966430664,126.19999694824219,126.31999969482422,9679000
2017-09-26,98.51761627197266,126.76000213623047,126.88999938964844,126.43000030517578,126.7699966430664,7251900
2017-09-27,97.03314208984375,124.8499984741211,125.30000305175781,124.61000061035156,124.87000274658203,12145700
2017-09-28,96.74561309814453,124.4800033569336,124.6500015258789,123.97000122070312,124.20999908447266,8883700
2017-09-29,96.96321105957031,124.76000213623047,125.02999877929688,124.2699966430664,124.76000213623047,11285500
2017-10-02,96.78559875488281,124.27999877929688,125.0,124.23999786376953,124.80999755859375,7860700
2017-10-03,96.87907409667969,124.4000015258789,124.51000213623047,123.91999816894531,123.91999816894531,6219800
2017-10-04,96.88687896728516,124.41000366210938,124.58999633789062,123.87999725341797,124.52999877929688,7447000
2017-10-05,96.52085876464844,123.94000244140625,124.30000305175781,123.69000244140625,124.2699966430664,8180300
2017-10-06,96.248291015625,123.58999633789062,124.0999984741211,123.02999877929688,123.29000091552734,10375000
2017-10-09,96.5519790649414,123.9800033569336,124.05999755859375,123.63999938964844,123.77999877929688,3590900
2017-10-10,96.70777893066406,124.18000030517578,124.87000274658203,124.0199966430664,124.13999938964844,6666800
2017-10-11,96.89466857910156,124.41999816894531,124.66000366210938,124.26000213623047,124.56999969482422,4385900
2017-10-12,97.30743408203125,124.94999694824219,124.9800033569336,124.23999786376953,124.55000305175781,7141600
2017-10-13,98.00828552246094,125.8499984741211,125.94000244140625,125.16999816894531,125.58000183105469,7746900
2017-10-16,97.93822479248047,125.76000213623047,125.9000015258789,125.37999725341797,125.52999877929688,5737300
2017-10-17,98.06283569335938,125.91999816894531,126.08999633789062,125.38999938964844,125.38999938964844,4969600
2017-10-18,97.41642761230469,125.08999633789062,125.18000030517578,124.68000030517578,125.05000305175781,5943800
2017-10-19,97.5877914428711,125.30999755859375,126.01000213623047,125.2699966430664,125.73999786376953,8966500
2017-10-20,96.5519790649414,123.9800033569336,124.27999877929688,123.63999938964844,124.0,12326900
2017-10-23,96.72335815429688,124.19999694824219,124.48999786376953,124.0199966430664,124.16000366210938,6871100
2017-10-24,96.1236801147461,123.43000030517578,123.69000244140625,123.1500015258789,123.37000274658203,6842800
2017-10-25,95.66425323486328,122.83999633789062,122.9800033569336,122.41999816894531,122.52999877929688,9961400
2017-10-26,95.34492492675781,122.43000030517578,123.05999755859375,122.43000030517578,123.05999755859375,8179400
2017-10-27,95.97567749023438,123.23999786376953,123.33000183105469,122.75,122.94000244140625,10480900
2017-10-30,96.89466857910156,124.41999816894531,124.45999908447266,123.55999755859375,123.86000061035156,9051600
2017-10-31,96.92581939697266,124.45999908447266,124.66000366210938,124.4000015258789,124.52999877929688,4424300
2017-11-01,97.3573989868164,124.75,125.13999938964844,124.30000305175781,124.3499984741211,8940400
2017-11-02,97.78658294677734,125.30000305175781,125.5199966430664,124.91999816894531,125.0,7222700
2017-11-03,98.05196380615234,125.63999938964844,125.69999694824219,125.13999938964844,125.47000122070312,10984100
2017-11-06,98.41876220703125,126.11000061035156,126.22000122070312,125.72000122070312,125.93000030517578,6246700
2017-11-07,98.8323974609375,126.63999938964844,126.77999877929688,126.12999725341797,126.2300033569336,6422700
2017-11-08,98.61384582519531,126.36000061035156,126.80000305175781,126.20999908447266,126.58999633789062,3356200
2017-11-09,98.3328857421875,126.0,126.23999786376953,125.55000305175781,125.87000274658203,6280400
2017-11-10,96.85016632080078,124.0999984741211,124.83999633789062,123.95999908447266,124.70999908447266,11981000
2017-11-13,97.05302429199219,124.36000061035156,124.80999755859375,124.30999755859375,124.80000305175781,5880800
2017-11-14,97.70858764648438,125.19999694824219,125.23999786376953,124.7699966430664,124.7699966430664,6195900
2017-11-15,98.7699203491211,126.55999755859375,126.66999816894531,125.63999938964844,126.05999755859375,9568200
2017-11-16,97.91150665283203,125.45999908447266,126.33000183105469,125.44999694824219,126.01000213623047,5894900
2017-11-17,98.63726806640625,126.38999938964844,126.44000244140625,125.95999908447266,126.06999969482422,6938800
2017-11-20,98.5982437133789,126.33999633789062,126.37999725341797,125.91000366210938,125.91000366210938,4232300
2017-11-21,98.9104232788086,126.73999786376953,127.29000091552734,126.30999755859375,127.08999633789062,5818400
2017-11-22,99.23041534423828,127.1500015258789,127.19999694824219,126.51000213623047,126.62000274658203,4140700
2017-11-24,98.95724487304688,126.80000305175781,127.02999877929688,126.69000244140625,126.93000030517578,3141400
2017-11-27,98.81678009033203,126.62000274658203,127.05000305175781,126.41999816894531,126.86000061035156,6079900
2017-11-28,98.94945526123047,126.79000091552734,127.18000030517578,126.47000122070312,126.7699966430664,5983000
2017-11-29,97.97392272949219,125.54000091552734,125.68000030517578,125.0999984741211,125.55999755859375,14547100
2017-11-30,97.64615631103516,125.12000274658203,125.5199966430664,124.44000244140625,125.30999755859375,9630000
2017-12-01,98.96382904052734,126.55000305175781,127.69000244140625,125.0999984741211,125.87000274658203,24583100
2017-12-04,99.0107421875,126.61000061035156,126.66999816894531,125.80999755859375,125.91999816894531,9609200
2017-12-05,99.50343322753906,127.23999786376953,127.5,126.44999694824219,126.47000122070312,10958900
2017-12-06,99.84754180908203,127.68000030517578,128.22999572753906,127.66000366210938,127.87000274658203,11834200
2017-12-07,99.06549072265625,126.68000030517578,128.10000610351562,126.30000305175781,127.93000030517578,13056800
2017-12-08,99.07334899902344,126.69000244140625,126.73999786376953,126.23999786376953,126.58999633789062,4786100
2017-12-11,98.86997985839844,126.43000030517578,127.08999633789062,126.41000366210938,126.86000061035156,3863800
2017-12-12,98.83090209960938,126.37999725341797,126.41000366210938,125.66999816894531,126.16999816894531,7502400
2017-12-13,99.57380676269531,127.33000183105469,127.38999938964844,126.58999633789062,126.80999755859375,8532900
2017-12-14,99.9961166381836,127.87000274658203,127.9800033569336,126.79000091552734,127.05000305175781,6885000
2017-12-15,100.37144470214844,128.35000610351562,128.58999633789062,127.55999755859375,127.80999755859375,7239400
2017-12-18,99.45655822753906,127.18000030517578,128.0,126.91000366210938,127.97000122070312,7239700
2017-12-19,98.16619110107422,125.52999877929688,126.37999725341797,125.06999969482422,126.31999969482422,11045800
2017-12-20,97.07918548583984,124.13999938964844,124.70999908447266,123.94999694824219,124.30999755859375,10005800
2017-12-21,97.6449966430664,124.5999984741211,124.86000061035156,124.0,124.02999877929688,7026900
2017-12-22,97.77819061279297,124.7699966430664,124.83999633789062,124.52999877929688,124.69999694824219,3974300
2017-12-26,98.0682373046875,125.13999938964844,125.52999877929688,124.97000122070312,124.9800033569336,3168400
2017-12-27,99.34558868408203,126.7699966430664,126.9800033569336,125.69999694824219,125.70999908447266,9059700
2017-12-28,99.25936889648438,126.66000366210938,126.83000183105469,126.37000274658203,126.52999877929688,5297100
2017-12-29,99.41604614257812,126.86000061035156,127.12000274658203,126.4800033569336,126.5,7580500
2018-01-02,98.34247589111328,125.48999786376953,126.51000213623047,125.06999969482422,126.48999786376953,16238200
2018-01-03,98.81263732910156,126.08999633789062,126.19999694824219,125.48999786376953,126.0,8605100
2018-01-04,98.7969970703125,126.06999969482422,126.16000366210938,125.37000274658203,125.6500015258789,9217900
2018-01-05,98.5148696899414,125.70999908447266,126.18000030517578,125.36000061035156,125.87000274658203,10915400
2018-01-08,98.45219421386719,125.62999725341797,126.02999877929688,125.16999816894531,125.98999786376953,8850600
2018-01-09,97.1356430053711,123.94999694824219,124.83000183105469,123.80999755859375,124.80999755859375,16226400
2018-01-10,97.01807403564453,123.80000305175781,123.93000030517578,122.66000366210938,122.80999755859375,14302600
2018-01-11,97.41773223876953,124.30999755859375,124.58999633789062,123.30999755859375,123.51000213623047,12511000
2018-01-12,97.5822982788086,124.5199966430664,124.79000091552734,123.91000366210938,124.0999984741211,9987100
2018-01-16,97.98979949951172,125.04000091552734,125.27999877929688,124.55999755859375,125.16999816894531,9125900
2018-01-17,97.85658264160156,124.87000274658203,125.63999938964844,124.5999984741211,125.08000183105469,8327000
2018-01-18,96.94752502441406,123.70999908447266,124.2699966430664,123.54000091552734,123.93000030517578,10843900
2018-01-19,96.43816375732422,123.05999755859375,123.55999755859375,122.9800033569336,123.4000015258789,11374300
2018-01-22,96.53218078613281,123.18000030517578,123.70999908447266,122.98999786376953,123.44999694824219,8984700
2018-01-23,96.94752502441406,123.70999908447266,124.19999694824219,123.23999786376953,123.80999755859375,12325700
2018-01-24,96.42247009277344,123.04000091552734,123.12999725341797,122.54000091552734,122.8499984741211,9038900
2018-01-25,97.21400451660156,124.05000305175781,124.1500015258789,122.80000305175781,123.16000366210938,12173300
2018-01-26,96.85348510742188,123.58999633789062,123.91000366210938,123.0999984741211,123.87999725341797,6462900
2018-01-29,96.17952728271484,122.7300033569336,122.97000122070312,122.30000305175781,122.97000122070312,12223000
2018-01-30,95.61530303955078,122.01000213623047,122.37000274658203,121.69999694824219,122.27999877929688,12064400
2018-01-31,96.17952728271484,122.7300033569336,122.93000030517578,121.94000244140625,122.87000274658203,18045100
2018-02-01,94.7856216430664,120.69999694824219,122.52999877929688,120.62999725341797,122.4800033569336,18632800
2018-02-02,93.90613555908203,119.58000183105469,120.26000213623047,119.23999786376953,120.1500015258789,23944400
2018-02-05,94.79345703125,120.70999908447266,121.81999969482422,118.63999938964844,119.16999816894531,28606200
2018-02-06,94.20449829101562,119.95999908447266,120.87000274658203,119.72000122070312,120.41999816894531,10935400
2018-02-07,93.30926513671875,118.81999969482422,120.33000183105469,118.55999755859375,120.12999725341797,16271100
2018-02-08,93.2071762084961,118.69000244140625,119.18000030517578,117.8499984741211,118.01000213623047,15155100
2018-02-09,92.61821746826172,117.94000244140625,119.08999633789062,117.79000091552734,118.11000061035156,15661600
2018-02-12,93.0265884399414,118.45999908447266,119.30000305175781,118.19000244140625,118.55999755859375,10944600
2018-02-13,93.44275665283203,118.98999786376953,119.01000213623047,118.38999938964844,118.61000061035156,8157600
2018-02-14,92.40619659423828,117.66999816894531,118.54000091552734,117.47000122070312,118.45999908447266,12043300
2018-02-15,92.72030639648438,118.06999969482422,118.80000305175781,117.98999786376953,118.19000244140625,8222400
2018-02-16,93.2228775024414,118.70999908447266,119.20999908447266,118.33999633789062,119.04000091552734,8454100
2018-02-20,92.81453704833984,118.19000244140625,118.51000213623047,117.77999877929688,118.27999877929688,8268800
2018-02-21,91.67584991455078,116.73999786376953,118.29000091552734,116.51000213623047,118.23999786376953,12054300
2018-02-22,91.95072174072266,117.08999633789062,117.66000366210938,117.0,117.23999786376953,9317900
2018-02-23,92.7674331665039,118.12999725341797,118.30999755859375,117.72000122070312,117.87999725341797,9072900
2018-02-26,92.79883575439453,118.16999816894531,118.91000366210938,118.04000091552734,118.68000030517578,8771600
2018-02-27,92.66535186767578,118.0,118.66000366210938,117.26000213623047,118.5199966430664,12525700
2018-02-28,93.25431060791016,118.75,118.83000183105469,118.25,118.47000122070312,9311600
2018-03-01,93.89092254638672,119.31999969482422,119.62000274658203,118.1500015258789,118.43000030517578,12287700
2018-03-02,93.12761688232422,118.3499984741211,118.93000030517578,118.12000274658203,118.8499984741211,10064300
2018-03-05,92.87580871582031,118.02999877929688,118.80000305175781,117.62999725341797,118.75,5658200
2018-03-06,92.96237182617188,118.13999938964844,118.68000030517578,118.12000274658203,118.36000061035156,5452000
2018-03-07,92.86006927490234,118.01000213623047,118.68000030517578,117.95999908447266,118.56999969482422,4461800
2018-03-08,93.39517211914062,118.69000244140625,118.98999786376953,118.26000213623047,118.30999755859375,7086700
2018-03-09,92.78141784667969,117.91000366210938,118.2699966430664,117.58999633789062,117.98999786376953,6570400
2018-03-12,93.31646728515625,118.58999633789062,118.66000366210938,118.19000244140625,118.30999755859375,5801300
2018-03-13,93.7885971069336,119.19000244140625,119.37000274658203,118.19000244140625,118.30999755859375,7455300
2018-03-14,94.61482238769531,120.23999786376953,120.4000015258789,119.37000274658203,119.4000015258789,10175000
2018-03-15,94.61482238769531,120.23999786376953,120.48999786376953,119.93000030517578,120.16999816894531,6757900
2018-03-16,94.27643585205078,119.80999755859375,120.01000213623047,119.55000305175781,119.80000305175781,6084300
2018-03-19,93.97747039794922,119.43000030517578,119.97000122070312,119.19999694824219,119.20999908447266,8491200
2018-03-20,93.59973907470703,118.94999694824219,119.22000122070312,118.83000183105469,118.91000366210938,5446000
2018-03-21,93.7020492553711,119.08000183105469,119.41999816894531,118.11000061035156,118.66000366210938,9742400
2018-03-22,94.63056945800781,120.26000213623047,120.81999969482422,119.66999816894531,120.30999755859375,12136600
2018-03-23,94.55976104736328,120.16999816894531,120.30999755859375,119.62000274658203,119.68000030517578,7250400
2018-03-26,94.19775390625,119.70999908447266,120.44999694824219,119.66999816894531,120.0,8237900
2018-03-27,95.2049789428711,120.98999786376953,121.12000274658203,119.80999755859375,119.83000183105469,9168500
2018-03-28,95.45677947998047,121.30999755859375,121.63999938964844,120.94999694824219,121.44999694824219,7412500
2018-03-29,95.92106628417969,121.9000015258789,122.29000091552734,121.51000213623047,121.54000091552734,9694300
2018-04-02,96.11029052734375,121.87999725341797,122.36000061035156,121.16000366210938,121.3499984741211,12036500
2018-04-03,95.36903381347656,120.94000244140625,121.4800033569336,120.83000183105469,121.36000061035156,9855000
2018-04-04,95.17188262939453,120.69000244140625,121.45999908447266,120.5999984741211,121.3499984741211,6654300
2018-04-05,94.4621810913086,119.79000091552734,120.2699966430664,119.7699966430664,120.0999984741211,7603700
2018-04-06,95.49525451660156,121.0999984741211,121.1500015258789,120.22000122070312,120.66000366210938,8831200
2018-04-09,95.6529312133789,121.30000305175781,121.30000305175781,120.3499984741211,120.63999938964844,6307500
2018-04-10,95.47943878173828,121.08000183105469,121.37999725341797,120.77999877929688,121.19999694824219,6046000
2018-04-11,95.81853485107422,121.51000213623047,121.88999938964844,121.2699966430664,121.8499984741211,5901300
2018-04-12,95.11673736572266,120.62000274658203,121.06999969482422,120.41000366210938,121.04000091552734,6622800
2018-04-13,95.3375244140625,120.9000015258789,121.12999725341797,120.5,120.5199966430664,4964000
2018-04-16,95.36903381347656,120.94000244140625,120.97000122070312,120.18000030517578,120.2300033569336,4491300
2018-04-17,95.6292495727539,121.2699966430664,121.58000183105469,120.81999969482422,120.91999816894531,5590400
2018-04-18,94.8643798828125,120.30000305175781,121.33999633789062,120.27999877929688,121.29000091552734,8138400
2018-04-19,94.09160614013672,119.31999969482422,119.52999877929688,118.80999755859375,119.41999816894531,9875800
2018-04-20,93.41343688964844,118.45999908447266,119.12999725341797,118.43000030517578,118.88999938964844,7579400
2018-04-23,93.43704986572266,118.48999786376953,118.62000274658203,118.08000183105469,118.33000183105469,7073200
2018-04-24,93.0112075805664,117.94999694824219,118.44999694824219,117.76000213623047,118.20999908447266,8190800
2018-04-25,92.38829040527344,117.16000366210938,117.6500015258789,116.94000244140625,117.41000366210938,6603800
2018-04-26,93.03487396240234,117.9800033569336,118.12999725341797,117.58999633789062,117.7300033569336,6528600
2018-04-27,93.75247192382812,118.88999938964844,118.94999694824219,118.44000244140625,118.47000122070312,5401800
2018-04-30,93.91805267333984,119.0999984741211,119.55999755859375,118.94000244140625,119.08000183105469,8321100
2018-05-01,93.57984924316406,118.41000366210938,118.83999633789062,118.2300033569336,118.7699966430664,7979200
2018-05-02,93.47711181640625,118.27999877929688,118.87000274658203,118.26000213623047,118.63999938964844,4644000
2018-05-03,93.8959732055664,118.80999755859375,119.30999755859375,118.68000030517578,118.83999633789062,6345300
2018-05-04,94.03819274902344,118.98999786376953,119.2300033569336,118.48999786376953,119.2300033569336,4283500
2018-05-07,93.8880844116211,118.80000305175781,119.0199966430664,118.73999786376953,118.97000122070312,3647800
2018-05-08,93.80115509033203,118.69000244140625,119.0,118.30000305175781,118.55000305175781,6091200
2018-05-09,93.23995971679688,117.9800033569336,118.41999816894531,117.9800033569336,118.12000274658203,7832500
2018-05-10,93.99081420898438,118.93000030517578,118.9800033569336,118.3499984741211,118.55000305175781,7101500
2018-05-11,94.22789001464844,119.2300033569336,119.36000061035156,118.81999969482422,119.31999969482422,4273400
2018-05-14,93.72996520996094,118.5999984741211,118.98999786376953,118.58999633789062,118.80000305175781,4996200
2018-05-15,92.66310119628906,117.25,117.58000183105469,116.69999694824219,117.55999755859375,12901000
2018-05-16,92.30746459960938,116.80000305175781,117.52999877929688,116.79000091552734,117.41999816894531,6518000
2018-05-17,91.84114837646484,116.20999908447266,116.81999969482422,116.08999633789062,116.62999725341797,7330300
2018-05-18,92.63147735595703,117.20999908447266,117.29000091552734,116.51000213623047,116.51000213623047,9606500
2018-05-21,92.67890930175781,117.2699966430664,117.37999725341797,116.94999694824219,117.12999725341797,4448500
2018-05-22,92.5366439819336,117.08999633789062,117.3499984741211,116.8499984741211,117.29000091552734,4700700
2018-05-23,93.20836639404297,117.94000244140625,118.11000061035156,117.66000366210938,117.75,9634000
2018-05-24,93.9512939453125,118.87999725341797,119.05999755859375,118.63999938964844,118.69000244140625,8204100
2018-05-25,94.53608703613281,119.62000274658203,119.83999633789062,119.47000122070312,119.55999755859375,8482800
2018-05-29,96.60668182373047,122.23999786376953,122.5199966430664,120.43000030517578,120.79000091552734,21668100
2018-05-30,95.95863342285156,121.41999816894531,121.4800033569336,120.73999786376953,121.0,11616300
2018-05-31,95.80059051513672,121.22000122070312,121.9800033569336,120.94999694824219,121.55999755859375,10769900
2018-06-01,95.2944107055664,120.30000305175781,120.70999908447266,119.8499984741211,120.16999816894531,8718800
2018-06-04,94.60530853271484,119.43000030517578,120.13999938964844,119.37000274658203,120.11000061035156,7156500
2018-06-05,94.82703399658203,119.70999908447266,120.16000366210938,119.62000274658203,119.95999908447266,5635900
2018-06-06,94.05868530273438,118.73999786376953,119.0999984741211,118.41999816894531,119.08000183105469,7813300
2018-06-07,94.96965026855469,119.88999938964844,120.48999786376953,118.68000030517578,118.69000244140625,13238300
2018-06-08,94.68450164794922,119.52999877929688,119.8499984741211,119.44000244140625,119.55999755859375,6790600
2018-06-11,94.51017761230469,119.30999755859375,119.38999938964844,118.94000244140625,119.06999969482422,6844200
2018-06-12,94.53397369384766,119.33999633789062,119.45999908447266,118.88999938964844,118.93000030517578,6048200
2018-06-13,94.4864501953125,119.27999877929688,119.63999938964844,118.62999725341797,119.44999694824219,8834700
2018-06-14,95.27063751220703,120.2699966430664,120.30000305175781,119.4800033569336,119.77999877929688,10078800
2018-06-15,95.3578109741211,120.37999725341797,121.08999633789062,120.30000305175781,120.83000183105469,7992800
2018-06-18,95.27063751220703,120.2699966430664,120.55999755859375,120.04000091552734,120.4800033569336,4893700
2018-06-19,95.82514953613281,120.97000122070312,121.2300033569336,120.69999694824219,120.97000122070312,6133300
2018-06-20,94.9854965209961,119.91000366210938,120.79000091552734,119.9000015258789,120.7699966430664,6879100
2018-06-21,95.4845199584961,120.54000091552734,120.75,120.22000122070312,120.36000061035156,7235800
2018-06-22,95.47661590576172,120.52999877929688,120.62000274658203,120.05999755859375,120.08999633789062,4082500
2018-06-25,95.69047546386719,120.80000305175781,121.11000061035156,120.63999938964844,120.66000366210938,8363700
2018-06-26,95.82514953613281,120.97000122070312,121.02999877929688,120.66000366210938,120.7699966430664,5450000
2018-06-27,96.72817993164062,122.11000061035156,122.18000030517578,121.55000305175781,121.75,8173400
2018-06-28,96.7519302368164,122.13999938964844,122.25,121.83000183105469,122.12999725341797,7109500
2018-06-29,96.41928100585938,121.72000122070312,122.5,121.6500015258789,122.16999816894531,11164700
2018-07-02,96.34381866455078,121.3499984741211,121.75,121.29000091552734,121.73999786376953,9662000
2018-07-03,96.8598861694336,122.0,122.02999877929688,121.52999877929688,121.52999877929688,3808800
2018-07-05,97.13777923583984,122.3499984741211,122.52999877929688,122.01000213623047,122.05999755859375,3860400
2018-07-06,97.45532989501953,122.75,122.91999816894531,122.4800033569336,122.75,4679900
2018-07-09,96.828125,121.95999908447266,122.20999908447266,121.9000015258789,122.06999969482422,5952700
2018-07-10,96.82019805908203,121.94999694824219,122.12999725341797,121.80999755859375,121.87000274658203,5759700
2018-07-11,97.19330596923828,122.41999816894531,122.55000305175781,122.08999633789062,122.44999694824219,6869100
2018-07-12,97.1854476928711,122.41000366210938,122.47000122070312,122.13999938964844,122.16999816894531,4824700
2018-07-13,97.43152618408203,122.72000122070312,122.87000274658203,122.47000122070312,122.61000061035156,4079000
2018-07-16,97.02658081054688,122.20999908447266,122.29000091552734,121.63999938964844,122.20999908447266,5517100
2018-07-17,96.84398651123047,121.9800033569336,122.38999938964844,121.9000015258789,122.29000091552734,3764300
2018-07-18,96.45496368408203,121.48999786376953,122.04000091552734,121.38999938964844,122.0199966430664,6330000
2018-07-19,97.06629943847656,122.26000213623047,122.44999694824219,121.7699966430664,121.80000305175781,6166700
2018-07-20,95.87545013427734,120.76000213623047,121.58999633789062,120.69999694824219,121.58000183105469,10469500
2018-07-23,94.69242858886719,119.2699966430664,120.37999725341797,119.18000030517578,120.37999725341797,11571800
2018-07-24,95.01792907714844,119.68000030517578,119.81999969482422,119.13999938964844,119.27999877929688,9053500
2018-07-25,94.86709594726562,119.48999786376953,120.26000213623047,119.26000213623047,120.0199966430664,7357900
2018-07-26,94.68453216552734,119.26000213623047,119.87999725341797,119.16000366210938,119.70999908447266,6821100
2018-07-27,94.8432846069336,119.45999908447266,119.87000274658203,119.4000015258789,119.8499984741211,4542000
2018-07-30,94.51776123046875,119.05000305175781,119.41000366210938,118.97000122070312,118.98999786376953,7111200
2018-07-31,95.03385925292969,119.69999694824219,119.86000061035156,119.55999755859375,119.79000091552734,6797400
2018-08-01,94.25962829589844,118.45999908447266,118.83999633789062,118.06999969482422,118.29000091552734,13312600
2018-08-02,94.39488983154297,118.62999725341797,118.73999786376953,118.30000305175781,118.62000274658203,4451100
2018-08-03,94.86434936523438,119.22000122070312,119.29000091552734,118.80999755859375,118.83000183105469,6162400
2018-08-06,94.92007446289062,119.29000091552734,119.83999633789062,119.2699966430664,119.54000091552734,4200200
2018-08-07,94.42669677734375,118.66999816894531,119.0999984741211,118.56999969482422,119.02999877929688,5346900
2018-08-08,94.52217864990234,118.79000091552734,119.02999877929688,118.61000061035156,118.66000366210938,5640900
2018-08-09,95.31790924072266,119.79000091552734,119.83000183105469,119.12000274658203,119.2300033569336,7144100
2018-08-10,96.01016998291016,120.66000366210938,121.05000305175781,120.27999877929688,120.37000274658203,8457900
2018-08-13,95.81124877929688,120.41000366210938,120.69999694824219,120.20999908447266,120.25,7923200
2018-08-14,95.59638214111328,120.13999938964844,120.55999755859375,120.02999877929688,120.54000091552734,4251200
2018-08-15,96.15341186523438,120.83999633789062,121.12999725341797,120.56999969482422,120.66000366210938,7649800
2018-08-16,96.14544677734375,120.83000183105469,120.93000030517578,120.27999877929688,120.80999755859375,5400400
2018-08-17,96.26480102539062,120.9800033569336,121.38999938964844,120.75,121.08999633789062,3537600
2018-08-20,96.90933227539062,121.79000091552734,121.91000366210938,121.54000091552734,121.63999938964844,5603700
2018-08-21,96.58306884765625,121.37999725341797,121.52999877929688,121.06999969482422,121.37000274658203,4695000
2018-08-22,96.96504974365234,121.86000061035156,122.05000305175781,121.58000183105469,122.0,5309600
2018-08-23,97.11621856689453,122.05000305175781,122.12999725341797,121.77999877929688,122.0,5328700
2018-08-24,97.30718994140625,122.29000091552734,122.33000183105469,121.48999786376953,121.62000274658203,6092200
2018-08-27,96.75017547607422,121.58999633789062,121.87000274658203,121.5199966430664,121.77999877929688,6407400
2018-08-28,96.16932678222656,120.86000061035156,121.08999633789062,120.68000030517578,121.0,4929300
2018-08-29,96.296630859375,121.0199966430664,121.1500015258789,120.62000274658203,120.94000244140625,5613300
2018-08-30,96.5035629272461,121.27999877929688,121.45999908447266,121.08000183105469,121.30999755859375,5302900
2018-08-31,96.28072357177734,121.0,121.91999816894531,120.88999938964844,121.88999938964844,9677500
2018-09-04,95.72407531738281,120.02999877929688,120.0999984741211,119.75,119.95999908447266,18343600
2018-09-05,95.46885681152344,119.70999908447266,119.9000015258789,119.55000305175781,119.76000213623047,9422600
2018-09-06,95.81974792480469,120.1500015258789,120.4000015258789,119.69000244140625,119.76000213623047,9566000
2018-09-07,95.00630187988281,119.12999725341797,119.4000015258789,118.98999786376953,119.33000183105469,11212600
2018-09-10,95.35723114013672,119.56999969482422,119.5999984741211,119.16999816894531,119.16999816894531,6386400
2018-09-11,94.6314697265625,118.66000366210938,119.16999816894531,118.5999984741211,119.08000183105469,5440000
2018-09-12,94.8547592163086,118.94000244140625,119.16999816894531,118.9000015258789,119.05000305175781,3347200
2018-09-13,94.99832916259766,119.12000274658203,119.56999969482422,118.9800033569336,119.33999633789062,4833000
2018-09-14,94.54375457763672,118.55000305175781,118.91000366210938,118.30000305175781,118.41000366210938,5579500
2018-09-17,94.54375457763672,118.55000305175781,118.81999969482422,118.12000274658203,118.18000030517578,5433000
2018-09-18,93.55486297607422,117.30999755859375,118.06999969482422,117.16000366210938,118.05999755859375,10182300
2018-09-19,92.99658203125,116.61000061035156,117.11000061035156,116.19000244140625,117.11000061035156,13379600
2018-09-20,93.42723846435547,117.1500015258789,117.30000305175781,116.47000122070312,116.58000183105469,8657300
2018-09-21,93.38738250732422,117.0999984741211,117.27999877929688,116.83999633789062,116.87000274658203,6173800
2018-09-24,93.14814758300781,116.80000305175781,117.2699966430664,116.72000122070312,116.73999786376953,5505500
2018-09-25,93.05242156982422,116.68000030517578,116.73999786376953,116.4000015258789,116.4800033569336,6650900
2018-09-26,93.70639038085938,117.5,117.58000183105469,116.66000366210938,116.93000030517578,9512700
2018-09-27,93.77019500732422,117.58000183105469,117.6500015258789,117.0999984741211,117.23999786376953,5758500
2018-09-28,93.52294921875,117.2699966430664,117.91000366210938,117.22000122070312,117.8499984741211,12807700
2018-10-01,92.8364028930664,116.1500015258789,116.83000183105469,116.12000274658203,116.66000366210938,22442400
2018-10-02,93.40386199951172,116.86000061035156,117.12999725341797,116.5999984741211,116.66999816894531,8266900
2018-10-03,91.78132629394531,114.83000183105469,116.36000061035156,114.23999786376953,116.2699966430664,20829200
2018-10-04,91.13388061523438,114.0199966430664,114.38999938964844,113.70999908447266,114.12999725341797,16207400
2018-10-05,90.35059356689453,113.04000091552734,113.72000122070312,112.62000274658203,113.38999938964844,18096500
2018-10-08,90.04689025878906,112.66000366210938,113.11000061035156,112.63999938964844,112.98999786376953,5855900
2018-10-09,90.95807647705078,113.80000305175781,113.8499984741211,113.06999969482422,113.13999938964844,11530800
2018-10-10,90.71028137207031,113.48999786376953,113.58000183105469,112.79000091552734,113.13999938964844,15290100
2018-10-11,91.81331634521484,114.87000274658203,115.1500015258789,113.79000091552734,114.0,16086800
2018-10-12,91.49356079101562,114.47000122070312,115.01000213623047,114.27999877929688,114.38999938964844,6794100
2018-10-15,91.45360565185547,114.41999816894531,114.81999969482422,114.29000091552734,114.66000366210938,7146300
2018-10-16,91.66143798828125,114.68000030517578,114.72000122070312,114.16000366210938,114.38999938964844,4762300
2018-10-17,91.11796569824219,114.0,114.79000091552734,113.9800033569336,114.66000366210938,5880700
2018-10-18,91.08595275878906,113.95999908447266,114.38999938964844,113.55000305175781,113.62000274658203,5728800
2018-10-19,90.88611602783203,113.70999908447266,113.94999694824219,113.41000366210938,113.8499984741211,10892400
2018-10-22,90.7662353515625,113.55999755859375,114.08000183105469,113.52999877929688,113.94999694824219,3244200
2018-10-23,91.0539779663086,113.91999816894531,115.0199966430664,113.83999633789062,114.76000213623047,10330700
2018-10-24,91.74136352539062,114.77999877929688,114.81999969482422,114.23999786376953,114.36000061035156,16008000
2018-10-25,91.35771179199219,114.30000305175781,114.73999786376953,114.2300033569336,114.54000091552734,12613200
2018-10-26,91.90923309326172,114.98999786376953,115.31999969482422,114.79000091552734,114.93000030517578,18582500
2018-10-29,91.70137023925781,114.7300033569336,115.0199966430664,114.26000213623047,114.83999633789062,7679900
2018-10-30,91.24581146240234,114.16000366210938,114.54000091552734,114.0199966430664,114.26000213623047,9939500
2018-10-31,90.7822265625,113.58000183105469,113.95999908447266,113.20999908447266,113.73999786376953,8706400
2018-11-01,90.86631774902344,113.41000366210938,113.55999755859375,112.83999633789062,112.8499984741211,6100200
2018-11-02,89.73660278320312,112.0,113.26000213623047,111.9000015258789,113.16999816894531,11314800
2018-11-05,90.08917236328125,112.44000244140625,112.70999908447266,112.3499984741211,112.4800033569336,4760200
2018-11-06,90.0330581665039,112.37000274658203,112.7300033569336,112.33000183105469,112.5999984741211,3159900
2018-11-07,90.15326690673828,112.5199966430664,113.4000015258789,112.41000366210938,113.19000244140625,9313100
2018-11-08,90.1452407836914,112.51000213623047,112.97000122070312,112.41000366210938,112.95999908447266,6905100
2018-11-09,90.81829833984375,113.3499984741211,113.5,112.72000122070312,112.75,6465300
2018-11-12,91.41116333007812,114.08999633789062,114.30999755859375,113.91000366210938,113.94999694824219,6840000
2018-11-13,91.35508728027344,114.0199966430664,114.0199966430664,113.4800033569336,113.70999908447266,6525800
2018-11-14,91.41116333007812,114.08999633789062,114.5199966430664,113.30000305175781,113.4800033569336,8690800
2018-11-15,91.37110137939453,114.04000091552734,114.54000091552734,113.68000030517578,114.44000244140625,7879600
2018-11-16,91.89991760253906,114.69999694824219,114.80999755859375,113.91999816894531,114.19999694824219,9236700
2018-11-19,92.15632629394531,115.0199966430664,115.0199966430664,114.41000366210938,114.41000366210938,7027200
2018-11-20,92.1883544921875,115.05999755859375,115.45999908447266,114.93000030517578,115.23999786376953,6332600
2018-11-21,92.15632629394531,115.0199966430664,115.08999633789062,114.54000091552734,114.88999938964844,4951100
2018-11-23,92.25250244140625,115.13999938964844,115.76000213623047,115.08999633789062,115.66999816894531,3027900
2018-11-26,92.04414367675781,114.87999725341797,115.05999755859375,114.77999877929688,114.86000061035156,6599000
2018-11-27,92.1483154296875,115.01000213623047,115.25,114.76000213623047,114.80999755859375,5967200
2018-11-28,91.69959259033203,114.44999694824219,115.0199966430664,114.36000061035156,114.8499984741211,7814000
2018-11-29,92.06014251708984,114.9000015258789,115.25,114.58999633789062,114.91999816894531,7295600
2018-11-30,92.40475463867188,115.33000183105469,115.41999816894531,114.9800033569336,115.30999755859375,9127800
2018-12-03,93.06082916259766,115.87999725341797,115.87999725341797,114.66000366210938,114.68000030517578,9763800
2018-12-04,94.61878204345703,117.81999969482422,118.66999816894531,116.62999725341797,116.80999755859375,18100500
2018-12-06,94.9159164428711,118.19000244140625,119.19999694824219,118.12999725341797,118.54000091552734,15319400
2018-12-07,95.09260559082031,118.41000366210938,118.52999877929688,117.5199966430664,117.80999755859375,8608400
2018-12-10,95.48611450195312,118.9000015258789,119.27999877929688,118.44000244140625,118.87000274658203,8777700
2018-12-11,95.47003936767578,118.87999725341797,119.37999725341797,118.61000061035156,118.97000122070312,8071900
2018-12-12,95.04442596435547,118.3499984741211,118.72000122070312,118.23999786376953,118.58000183105469,6182200
2018-12-13,94.8195571899414,118.06999969482422,118.58000183105469,117.9800033569336,118.45999908447266,5564200
2018-12-14,95.14878845214844,118.4800033569336,118.7699966430664,118.22000122070312,118.55000305175781,8169200
2018-12-17,95.70295715332031,119.16999816894531,119.30000305175781,118.58000183105469,118.58999633789062,9726800
2018-12-18,96.27606964111328,119.5999984741211,119.79000091552734,118.94000244140625,119.06999969482422,10018800
2018-12-19,97.54796600341797,121.18000030517578,121.66000366210938,119.91999816894531,120.11000061035156,23046300
2018-12-20,97.19376373291016,120.73999786376953,122.02999877929688,120.66999816894531,122.01000213623047,18543700
2018-12-21,97.17765808105469,120.72000122070312,121.20999908447266,120.38999938964844,121.13999938964844,9945100
2018-12-24,97.66065979003906,121.31999969482422,121.41999816894531,120.91000366210938,121.12999725341797,8377500
2018-12-26,96.61415100097656,120.0199966430664,121.38999938964844,119.97000122070312,120.98999786376953,11700400
2018-12-27,96.6302719116211,120.04000091552734,121.37999725341797,119.9800033569336,121.26000213623047,12146500
2018-12-28,97.44329071044922,121.05000305175781,121.05000305175781,120.29000091552734,120.4000015258789,9879100
2018-12-31,97.81361389160156,121.51000213623047,121.55999755859375,120.45999908447266,120.6500015258789,17409000
2019-01-02,98.32878875732422,122.1500015258789,122.16000366210938,121.33999633789062,121.66000366210938,19841500
2019-01-03,99.44773864746094,123.54000091552734,123.86000061035156,122.2300033569336,122.29000091552734,21187000
2019-01-04,98.29656982421875,122.11000061035156,122.55999755859375,121.6500015258789,122.33999633789062,12970200
2019-01-07,98.00679779052734,121.75,122.6500015258789,121.62000274658203,122.62000274658203,8498100
2019-01-08,97.74919128417969,121.43000030517578,121.94000244140625,121.38999938964844,121.69000244140625,7737100
2019-01-09,97.59627532958984,121.23999786376953,121.43000030517578,120.80000305175781,121.26000213623047,9349200
2019-01-10,96.9683609008789,120.45999908447266,121.41000366210938,120.33999633789062,121.27999877929688,8222900
2019-01-11,97.34671020507812,120.93000030517578,121.2699966430664,120.68000030517578,120.83000183105469,5786900
2019-01-14,96.98448944091797,120.4800033569336,121.01000213623047,120.23999786376953,120.9000015258789,6730500
2019-01-15,96.6302719116211,120.04000091552734,120.56999969482422,119.94999694824219,120.55999755859375,8997400
2019-01-16,96.72689056396484,120.16000366210938,120.38999938964844,119.51000213623047,119.58999633789062,6048400
2019-01-17,96.75100708007812,120.19000244140625,120.52999877929688,119.88999938964844,120.22000122070312,8153400
2019-01-18,96.24388885498047,119.55999755859375,120.12000274658203,119.38999938964844,119.83999633789062,14106400
2019-01-22,96.89591217041016,120.37000274658203,120.72000122070312,120.06999969482422,120.30999755859375,8881100
2019-01-23,96.85568237304688,120.31999969482422,120.62000274658203,119.83000183105469,119.87999725341797,5776800
2019-01-24,97.49165344238281,121.11000061035156,121.26000213623047,120.70999908447266,120.91000366210938,7121900
2019-01-25,97.02474212646484,120.52999877929688,120.75,120.31999969482422,120.58999633789062,6460800
2019-01-28,96.92811584472656,120.41000366210938,120.94000244140625,120.41000366210938,120.54000091552734,6435800
2019-01-29,97.41915893554688,121.0199966430664,121.04000091552734,120.38999938964844,120.52999877929688,5750100
2019-01-30,97.34671020507812,120.93000030517578,120.9800033569336,120.33000183105469,120.83999633789062,10571300
2019-01-31,98.18392181396484,121.97000122070312,122.18000030517578,121.5,121.55000305175781,11843400
2019-02-01,97.59087371826172,120.95999908447266,121.56999969482422,120.83999633789062,121.4800033569336,12024600
2019-02-04,97.15521240234375,120.41999816894531,120.55000305175781,120.0199966430664,120.44000244140625,8966200
2019-02-05,97.5989761352539,120.97000122070312,121.2300033569336,120.66000366210938,120.7300033569336,6983300
2019-02-06,97.64735412597656,121.02999877929688,121.41000366210938,120.7300033569336,121.36000061035156,5184000
2019-02-07,98.29279327392578,121.83000183105469,121.91000366210938,121.2300033569336,121.45999908447266,8781000
2019-02-08,98.71235656738281,122.3499984741211,122.47000122070312,122.06999969482422,122.26000213623047,5885400
2019-02-11,98.32508850097656,121.87000274658203,122.18000030517578,121.75,121.86000061035156,4352800
2019-02-12,98.07496643066406,121.55999755859375,121.75,121.19999694824219,121.66000366210938,7939600
2019-02-13,97.70382690429688,121.0999984741211,121.38999938964844,120.91000366210938,121.1500015258789,4757700
2019-02-14,98.26055145263672,121.79000091552734,122.19999694824219,121.58000183105469,122.13999938964844,5868900
2019-02-15,98.41378021240234,121.9800033569336,122.0199966430664,121.54000091552734,121.55999755859375,5527200
2019-02-19,98.66395568847656,122.29000091552734,122.54000091552734,121.94999694824219,122.41999816894531,5872800
2019-02-20,98.381591796875,121.94000244140625,122.08000183105469,121.58999633789062,121.94999694824219,4455800
2019-02-21,97.50215148925781,120.8499984741211,121.16000366210938,120.69999694824219,121.06999969482422,7382500
2019-02-22,98.08306121826172,121.56999969482422,121.94999694824219,121.41999816894531,121.47000122070312,6374600
2019-02-25,97.79258728027344,121.20999908447266,121.30000305175781,120.91999816894531,121.16999816894531,6293500
2019-02-26,98.27669525146484,121.80999755859375,121.81999969482422,121.36000061035156,121.7300033569336,6028900
2019-02-27,97.16331481933594,120.43000030517578,121.12999725341797,120.27999877929688,121.12000274658203,7737300
2019-02-28,96.83247375488281,120.0199966430664,120.62000274658203,119.70999908447266,120.55999755859375,9533400
2019-03-01,95.9375,118.66000366210938,119.52999877929688,118.63999938964844,119.33000183105469,13541100
2019-03-04,96.68938446044922,119.58999633789062,119.7699966430664,119.05999755859375,119.29000091552734,9808500
2019-03-05,96.89152526855469,119.83999633789062,119.87000274658203,119.2699966430664,119.27999877929688,5595200
2019-03-06,97.24722290039062,120.27999877929688,120.5199966430664,119.88999938964844,119.91999816894531,7766700
2019-03-07,97.87789916992188,121.05999755859375,121.26000213623047,120.61000061035156,120.63999938964844,8187200
2019-03-08,98.29025268554688,121.56999969482422,121.69000244140625,120.8499984741211,121.12000274658203,7517600
2019-03-11,97.99919128417969,121.20999908447266,121.41999816894531,120.9800033569336,121.4000015258789,5157800
2019-03-12,98.68639373779297,122.05999755859375,122.2300033569336,121.26000213623047,121.30000305175781,6422300
2019-03-13,98.50044250488281,121.83000183105469,121.95999908447266,121.62000274658203,121.66000366210938,4386300
2019-03-14,97.78899383544922,120.94999694824219,121.76000213623047,120.91999816894531,121.69000244140625,8188400
2019-03-15,98.43577575683594,121.75,121.94999694824219,121.4000015258789,121.73999786376953,4302000
2019-03-18,98.3791732788086,121.68000030517578,121.87000274658203,121.5199966430664,121.56999969482422,3893300
2019-03-19,98.1608657836914,121.41000366210938,121.62000274658203,120.88999938964844,121.08999633789062,5220200
2019-03-20,99.18770599365234,122.68000030517578,122.8499984741211,121.7300033569336,121.73999786376953,10123700
2019-03-21,99.40599060058594,122.94999694824219,123.08999633789062,122.73999786376953,122.95999908447266,7182600
2019-03-22,100.95026397705078,124.86000061035156,125.27999877929688,124.05999755859375,124.20999908447266,13077000
2019-03-25,101.11190795898438,125.05999755859375,125.94000244140625,124.51000213623047,124.80999755859375,9736300
2019-03-26,101.03914642333984,124.97000122070312,125.29000091552734,124.62000274658203,124.69999694824219,7502000
2019-03-27,101.9689712524414,126.12000274658203,126.33999633789062,125.30999755859375,125.41999816894531,14207200
2019-03-28,102.32469940185547,126.55999755859375,126.69000244140625,126.01000213623047,126.25,9143200
2019-03-29,102.22766876220703,126.44000244140625,126.47000122070312,125.63999938964844,125.68000030517578,10841400
2019-04-01,100.77564239501953,124.37000274658203,125.36000061035156,124.19000244140625,125.29000091552734,16501500
2019-04-02,100.96199798583984,124.5999984741211,124.73999786376953,124.25,124.4800033569336,9725000
2019-04-03,100.08689880371094,123.5199966430664,123.87000274658203,123.37000274658203,123.61000061035156,10407000
2019-04-04,100.37045288085938,123.87000274658203,123.88999938964844,123.44000244140625,123.5999984741211,7503400
2019-04-05,100.5001449584961,124.02999877929688,124.16999816894531,123.58000183105469,123.62000274658203,6321800
2019-04-08,100.14358520507812,123.58999633789062,123.94999694824219,123.5199966430664,123.83000183105469,4446400
2019-04-09,100.45962524414062,123.9800033569336,124.33999633789062,123.7699966430664,124.22000122070312,7020300
2019-04-10,100.70269775390625,124.27999877929688,124.5199966430664,124.0999984741211,124.2699966430664,7519900
2019-04-11,100.11123657226562,123.55000305175781,124.0199966430664,123.41000366210938,123.93000030517578,8679300
2019-04-12,99.39815521240234,122.66999816894531,123.05999755859375,122.62999725341797,122.88999938964844,7005500
2019-04-15,99.64936065673828,122.9800033569336,122.98999786376953,122.72000122070312,122.77999877929688,3070000
2019-04-16,99.02543640136719,122.20999908447266,122.62999725341797,122.13999938964844,122.51000213623047,8927300
2019-04-17,99.06593322753906,122.26000213623047,122.56999969482422,122.11000061035156,122.12999725341797,6118500
2019-04-18,99.58450317382812,122.9000015258789,123.0999984741211,122.77999877929688,122.80999755859375,27589400
2019-04-22,99.1064224243164,122.30999755859375,122.56999969482422,122.23999786376953,122.47000122070312,6241200
2019-04-23,99.31710815429688,122.56999969482422,122.69999694824219,122.38999938964844,122.61000061035156,6239700
2019-04-24,100.12737274169922,123.56999969482422,123.58999633789062,123.08999633789062,123.11000061035156,7302000
2019-04-25,99.98152923583984,123.38999938964844,123.62000274658203,123.0999984741211,123.48999786376953,5380900
2019-04-26,100.32189178466797,123.80999755859375,124.0199966430664,123.63999938964844,123.9800033569336,5950700
2019-04-29,99.68175506591797,123.0199966430664,123.3499984741211,122.8499984741211,123.2300033569336,10246000
2019-04-30,100.19222259521484,123.6500015258789,123.73999786376953,122.93000030517578,122.94999694824219,7957400
2019-05-01,100.60555267333984,123.9000015258789,124.44999694824219,123.5999984741211,123.69000244140625,14371900
2019-05-02,100.12646484375,123.30999755859375,123.80999755859375,123.04000091552734,123.68000030517578,6612800
2019-05-03,100.41067504882812,123.66000366210938,123.87999725341797,123.37000274658203,123.66000366210938,6191700
2019-05-06,100.6867446899414,124.0,124.37999725341797,123.93000030517578,124.30999755859375,4482500
2019-05-07,101.45812225341797,124.94999694824219,125.13999938964844,124.38999938964844,124.52999877929688,8984900
2019-05-08,101.01964569091797,124.41000366210938,125.30000305175781,124.30000305175781,125.1500015258789,6907600
2019-05-09,101.43375396728516,124.91999816894531,125.30000305175781,124.30999755859375,125.11000061035156,9411900
2019-05-10,101.29572296142578,124.75,125.44999694824219,124.58999633789062,124.88999938964844,6037800
2019-05-13,102.09146881103516,125.7300033569336,125.93000030517578,125.25,125.4000015258789,10501600
2019-05-14,101.79102325439453,125.36000061035156,125.6500015258789,125.19999694824219,125.51000213623047,5690400
2019-05-15,102.4162368774414,126.12999725341797,126.2699966430664,125.7699966430664,126.20999908447266,9566300
2019-05-16,102.07524871826172,125.70999908447266,125.83000183105469,125.52999877929688,125.80999755859375,7666400
2019-05-17,102.30259704589844,125.98999786376953,126.30000305175781,125.69000244140625,126.27999877929688,4747100
2019-05-20,102.09146881103516,125.7300033569336,126.37999725341797,125.6500015258789,126.12000274658203,6043100
2019-05-21,101.92906188964844,125.52999877929688,125.72000122070312,125.30000305175781,125.5999984741211,4021800
2019-05-22,102.51370239257812,126.25,126.33000183105469,125.72000122070312,125.7699966430664,5675300
2019-05-23,103.66674041748047,127.66999816894531,128.08999633789062,126.87999725341797,126.88999938964844,9743700
2019-05-24,103.75605773925781,127.77999877929688,127.77999877929688,127.38999938964844,127.55999755859375,4981900
2019-05-28,104.50306701660156,128.6999969482422,128.89999389648438,128.08999633789062,128.27000427246094,8098600
2019-05-29,104.8197250366211,129.08999633789062,129.89999389648438,129.0,129.6699981689453,13260600
2019-05-30,105.72102355957031,130.1999969482422,130.22999572753906,128.88999938964844,129.3300018310547,13024800
2019-05-31,107.04460906982422,131.8300018310547,131.89999389648438,130.80999755859375,130.89999389648438,18933600
2019-06-03,107.76063537597656,132.44000244140625,132.5800018310547,131.5500030517578,131.91000366210938,17822400
2019-06-04,106.53199768066406,130.92999267578125,131.75999450683594,130.5500030517578,131.38999938964844,14250000
2019-06-05,105.92990112304688,130.19000244140625,130.9499969482422,130.1199951171875,130.52000427246094,8815200
2019-06-06,106.27162170410156,130.61000061035156,131.58999633789062,130.32000732421875,130.97000122070312,9621100
2019-06-07,107.19107818603516,131.74000549316406,132.07000732421875,131.44000244140625,131.7899932861328,11378500
2019-06-10,106.18217468261719,130.5,130.6999969482422,130.32000732421875,130.67999267578125,8288700
2019-06-11,106.24720764160156,130.5800018310547,130.75999450683594,130.32000732421875,130.4199981689453,5115100
2019-06-12,106.3285903930664,130.67999267578125,130.75,130.3000030517578,130.38999938964844,5278700
2019-06-13,106.69477081298828,131.1300048828125,131.25,130.7899932861328,130.8000030517578,5560400
2019-06-14,106.96324157714844,131.4600067138672,131.7100067138672,131.08999633789062,131.10000610351562,5838800
2019-06-17,107.15039825439453,131.69000244140625,131.75999450683594,131.1300048828125,131.38999938964844,6046400
2019-06-18,107.68739318847656,132.35000610351562,132.86000061035156,131.9499969482422,132.74000549316406,10320700
2019-06-19,107.84196472167969,132.5399932861328,132.72000122070312,131.5800018310547,131.86000061035156,11962500
2019-06-20,108.12680053710938,132.88999938964844,133.50999450683594,132.58999633789062,132.91000366210938,10721500
2019-06-21,106.93882751464844,131.42999267578125,132.52999877929688,131.3800048828125,132.50999450683594,14495000
2019-06-24,107.73623657226562,132.41000366210938,132.52999877929688,132.0800018310547,132.16000366210938,6378800
2019-06-25,108.06983184814453,132.82000732421875,133.08999633789062,132.72000122070312,132.7899932861328,9604600
2019-06-26,107.37821197509766,131.97000122070312,132.6999969482422,131.8800048828125,132.67999267578125,12766800
2019-06-27,108.13489532470703,132.89999389648438,133.08999633789062,131.99000549316406,132.30999755859375,9724200
2019-06-28,108.06166076660156,132.80999755859375,133.0800018310547,132.4499969482422,132.5800018310547,8149200
2019-07-01,107.80896759033203,132.24000549316406,132.75,131.58999633789062,132.57000732421875,14131200
2019-07-02,108.64044952392578,133.25999450683594,133.38999938964844,132.4600067138672,132.57000732421875,10494300
2019-07-03,109.41500854492188,134.2100067138672,134.2899932861328,133.50999450683594,133.52000427246094,5380300
2019-07-05,107.96382141113281,132.42999267578125,132.5500030517578,131.6699981689453,132.5399932861328,12180100
2019-07-08,108.11062622070312,132.61000061035156,133.22000122070312,132.61000061035156,133.0500030517578,6490000
2019-07-09,108.06981658935547,132.55999755859375,132.7100067138672,132.16000366210938,132.67999267578125,6215700
2019-07-10,107.47467803955078,131.8300018310547,132.44000244140625,131.50999450683594,132.35000610351562,9470000
2019-07-11,106.03982543945312,130.07000732421875,131.41000366210938,129.75999450683594,131.30999755859375,14126800
2019-07-12,106.16214752197266,130.22000122070312,130.4499969482422,129.67999267578125,129.9199981689453,6992000
2019-07-15,106.77359008789062,130.97000122070312,131.0500030517578,130.4499969482422,130.4499969482422,6055500
2019-07-16,106.45563507080078,130.5800018310547,130.60000610351562,129.9600067138672,130.1699981689453,6172700
2019-07-17,107.60517120361328,131.99000549316406,132.02000427246094,131.0500030517578,131.05999755859375,9662200
2019-07-18,107.61328125,132.0,132.32000732421875,131.24000549316406,131.47000122070312,5724900
2019-07-19,107.36054992675781,131.69000244140625,131.92999267578125,131.50999450683594,131.58999633789062,5804800
2019-07-22,107.56437683105469,131.94000244140625,132.49000549316406,131.74000549316406,132.47000122070312,5204100
2019-07-23,106.9773941040039,131.22000122070312,131.74000549316406,130.97000122070312,131.60000610351562,8108900
2019-07-24,107.44208526611328,131.7899932861328,131.89999389648438,131.47000122070312,131.60000610351562,6389700
2019-07-25,106.92848205566406,131.16000366210938,131.41000366210938,130.50999450683594,131.25,8893100
2019-07-26,107.1811752319336,131.47000122070312,131.77999877929688,131.25,131.6999969482422,6188400
2019-07-29,107.21382141113281,131.50999450683594,131.9499969482422,131.39999389648438,131.82000732421875,6231800
2019-07-30,107.47467803955078,131.8300018310547,132.10000610351562,131.42999267578125,132.0,5678500
2019-07-31,108.3388900756836,132.88999938964844,133.3300018310547,131.66000366210938,131.6999969482422,15798700
2019-08-01,110.49051666259766,135.25999450683594,135.38999938964844,133.25999450683594,133.38999938964844,26664800
2019-08-02,111.5116195678711,136.50999450683594,136.50999450683594,135.39999389648438,135.66000366210938,15143100
2019-08-05,113.439453125,138.8699951171875,138.88999938964844,137.66000366210938,138.13999938964844,18543000
2019-08-06,114.34611511230469,139.97999572753906,139.97999572753906,138.08999633789062,138.1999969482422,12747400
2019-08-07,114.38701629638672,140.02999877929688,143.05999755859375,139.77999877929688,142.39999389648438,32582000
2019-08-08,114.63204193115234,140.3300018310547,140.42999267578125,137.97999572753906,139.13999938964844,14746000
2019-08-09,114.40338134765625,140.0500030517578,141.5500030517578,139.8699951171875,140.6699981689453,10626000
2019-08-12,116.7886734008789,142.97000122070312,143.42999267578125,141.50999450683594,141.72000122070312,14094300
2019-08-13,116.38836669921875,142.47999572753906,143.91000366210938,141.9499969482422,143.80999755859375,15974900
2019-08-14,119.01050567626953,145.69000244140625,145.72999572753906,144.7100067138672,145.16000366210938,15068900
2019-08-15,120.3338394165039,147.30999755859375,148.60000610351562,145.5800018310547,145.9499969482422,23588700
2019-08-16,119.36992645263672,146.1300048828125,146.50999450683594,144.83999633789062,146.05999755859375,17150500
2019-08-19,117.66266632080078,144.0399932861328,144.66000366210938,143.50999450683594,143.57000732421875,13614700
2019-08-20,118.87983703613281,145.52999877929688,145.6199951171875,144.83999633789062,145.27999877929688,7451500
2019-08-21,118.08740997314453,144.55999755859375,145.7899932861328,144.2899932861328,144.72000122070312,9372000
2019-08-22,117.30322265625,143.60000610351562,144.6999969482422,143.47999572753906,144.0,13878800
2019-08-23,119.23101806640625,145.9600067138672,146.27000427246094,143.42999267578125,143.52000427246094,16191800
2019-08-26,118.74913787841797,145.3699951171875,146.2899932861328,145.2899932861328,145.8699951171875,12174500
2019-08-27,120.57894134521484,147.61000061035156,147.72000122070312,146.47999572753906,146.6300048828125,11332300
2019-08-28,120.73412322998047,147.8000030517578,148.89999389648438,147.66000366210938,148.77999877929688,10095900
2019-08-29,120.27667999267578,147.24000549316406,147.33999633789062,146.1300048828125,147.25,8884900
2019-08-30,120.30937194824219,147.27999877929688,147.47999572753906,146.36000061035156,146.61000061035156,13550800
2019-09-03,120.46485900878906,147.2100067138672,148.6699981689453,146.57000732421875,147.08999633789062,15660800
2019-09-04,120.64485931396484,147.42999267578125,147.6199951171875,146.47999572753906,146.52999877929688,7962200
2019-09-05,118.45991516113281,144.75999450683594,145.8000030517578,143.88999938964844,145.66000366210938,19382900
2019-09-06,119.30286407470703,145.7899932861328,146.02999877929688,145.0800018310547,145.25999450683594,9466400
2019-09-09,117.18340301513672,143.1999969482422,144.0,143.19000244140625,143.8300018310547,15862700
2019-09-10,115.12939453125,140.69000244140625,143.2899932861328,140.66000366210938,142.83999633789062,13851400
2019-09-11,114.92484283447266,140.44000244140625,141.14999389648438,140.38999938964844,140.39999389648438,10941700
2019-09-12,114.17196655273438,139.52000427246094,141.8000030517578,139.05999755859375,141.5,19163300
2019-09-13,111.73330688476562,136.5399932861328,138.7100067138672,136.5399932861328,138.27999877929688,18922200
2019-09-16,113.15723419189453,138.27999877929688,138.57000732421875,137.25,137.8800048828125,10971600
2019-09-17,113.77098846435547,139.02999877929688,139.60000610351562,138.02000427246094,138.36000061035156,9081200
2019-09-18,114.25375366210938,139.6199951171875,140.66000366210938,139.52999877929688,139.92999267578125,10984600
2019-09-19,114.59745788574219,140.0399932861328,140.99000549316406,139.97000122070312,140.75999450683594,13176200
2019-09-20,116.11138916015625,141.88999938964844,141.97999572753906,140.44000244140625,140.77000427246094,11519800
2019-09-23,116.08682250976562,141.86000061035156,143.16000366210938,141.6999969482422,142.24000549316406,15246700
2019-09-24,117.48625183105469,143.57000732421875,143.85000610351562,142.41000366210938,142.4199981689453,12421600
2019-09-25,115.76768493652344,141.47000122070312,143.5500030517578,141.13999938964844,143.25999450683594,14147100
2019-09-26,116.51232147216797,142.3800048828125,142.99000549316406,141.89999389648438,142.27000427246094,9636500
2019-09-27,116.79877471923828,142.72999572753906,142.97999572753906,142.13999938964844,142.32000732421875,10386900
2019-09-30,117.08515930175781,143.0800018310547,143.08999633789062,141.83999633789062,141.8800048828125,8006900
2019-10-01,117.4376220703125,143.25999450683594,143.91000366210938,141.13999938964844,141.25999450683594,16613700
2019-10-02,117.72460174560547,143.61000061035156,144.27000427246094,143.24000549316406,143.4600067138672,12891500
2019-10-03,118.79847717285156,144.9199981689453,145.6699981689453,143.9199981689453,143.97999572753906,13470500
2019-10-04,119.6755599975586,145.99000549316406,146.02999877929688,145.1999969482422,145.35000610351562,11516200
2019-10-07,118.68372344970703,144.77999877929688,145.52999877929688,144.7100067138672,145.16000366210938,11013900
2019-10-08,119.0033950805664,145.1699981689453,145.92999267578125,144.6199951171875,145.82000732421875,14529700
2019-10-09,118.33120727539062,144.35000610351562,144.61000061035156,143.8000030517578,144.60000610351562,8608800
2019-10-10,116.56875610351562,142.1999969482422,143.17999267578125,141.72999572753906,143.1199951171875,15054200
2019-10-11,115.1259994506836,140.44000244140625,141.10000610351562,139.7100067138672,140.97999572753906,26294000
2019-10-14,115.96215057373047,141.4600067138672,141.50999450683594,141.0800018310547,141.47999572753906,5936900
2019-10-15,114.56035614013672,139.75,140.9499969482422,139.5500030517578,140.6699981689453,11832300
2019-10-16,114.69970703125,139.9199981689453,140.05999755859375,139.35000610351562,139.63999938964844,7729500
2019-10-17,114.42093658447266,139.5800018310547,140.3800048828125,139.3000030517578,139.52000427246094,6219300
2019-10-18,114.42093658447266,139.5800018310547,140.22999572753906,139.4499969482422,139.80999755859375,6456100
2019-10-21,113.56025695800781,138.52999877929688,138.99000549316406,138.22999572753906,138.57000732421875,8038000
2019-10-22,114.22422790527344,139.33999633789062,139.52999877929688,138.63999938964844,139.3800048828125,6683300
2019-10-23,114.33894348144531,139.47999572753906,140.30999755859375,139.36000061035156,140.02999877929688,5995400
2019-10-24,114.10946655273438,139.1999969482422,140.24000549316406,139.02999877929688,139.67999267578125,6161700
2019-10-25,113.5520248413086,138.52000427246094,139.5500030517578,138.30999755859375,139.52999877929688,5669800
2019-10-28,112.5191421508789,137.25999450683594,137.5800018310547,136.99000549316406,137.5800018310547,11402100
2019-10-29,112.59293365478516,137.35000610351562,137.74000549316406,137.1699981689453,137.6199951171875,5296600
2019-10-30,114.24063873291016,139.36000061035156,139.4499969482422,137.77000427246094,137.77000427246094,10914100
2019-10-31,115.78176879882812,141.24000549316406,141.67999267578125,140.42999267578125,140.47999572753906,15834100
2019-11-01,115.42536163330078,140.55999755859375,141.27000427246094,139.7899932861328,140.72999572753906,11425500
2019-11-04,113.90621185302734,138.7100067138672,139.13999938964844,138.52999877929688,138.97000122070312,11124300
2019-11-05,112.6251449584961,137.14999389648438,137.44000244140625,136.72999572753906,137.22000122070312,13493000
2019-11-06,113.30672454833984,137.97999572753906,138.41000366210938,137.33999633789062,138.02000427246094,9351900
2019-11-07,111.2537841796875,135.47999572753906,136.36000061035156,134.4499969482422,136.35000610351562,19209800
2019-11-08,110.78569793701172,134.91000366210938,135.9499969482422,134.77999877929688,135.14999389648438,10222900
2019-11-11,110.859619140625,135.0,135.38999938964844,134.63999938964844,135.3800048828125,4577000
2019-11-12,111.36873626708984,135.6199951171875,135.9499969482422,134.7899932861328,135.27999877929688,5772900
2019-11-13,112.09140014648438,136.5,136.9600067138672,136.1699981689453,136.80999755859375,6672400
2019-11-14,113.249267578125,137.91000366210938,138.44000244140625,137.6699981689453,137.8000030517578,10213300
2019-11-15,113.12605285644531,137.75999450683594,138.16000366210938,137.42999267578125,137.47999572753906,4657600
2019-11-18,113.33135223388672,138.00999450683594,138.61000061035156,137.92999267578125,138.2100067138672,5943900
2019-11-19,114.27570343017578,139.16000366210938,139.24000549316406,138.3699951171875,138.3699951171875,7893100
2019-11-20,115.45822143554688,140.60000610351562,140.60000610351562,139.77000427246094,139.91000366210938,7905500
2019-11-21,114.73556518554688,139.72000122070312,140.0800018310547,139.1199951171875,139.63999938964844,5980900
2019-11-22,114.88336944580078,139.89999389648438,140.27999877929688,139.67999267578125,140.10000610351562,4664800
2019-11-25,115.2200698852539,140.30999755859375,140.52999877929688,140.17999267578125,140.3000030517578,4157300
2019-11-26,115.89344787597656,141.1300048828125,141.30999755859375,140.94000244140625,141.0,4281100
2019-11-27,115.5567398071289,140.72000122070312,140.91000366210938,140.4199981689453,140.60000610351562,4095700
2019-11-29,115.31039428710938,140.4199981689453,140.67999267578125,139.77999877929688,140.6199951171875,6251100
2019-12-02,113.77297973632812,138.30999755859375,138.6699981689453,137.9499969482422,138.13999938964844,17702200
2019-12-03,116.15852355957031,141.2100067138672,141.77000427246094,139.92999267578125,140.0399932861328,13062400
2019-12-04,114.99864959716797,139.8000030517578,140.5,139.2100067138672,140.33999633789062,8586300
2019-12-05,114.43927001953125,139.1199951171875,139.44000244140625,138.60000610351562,138.66000366210938,7273800
2019-12-06,113.80587768554688,138.35000610351562,139.1199951171875,137.86000061035156,138.02999877929688,7931100
2019-12-09,114.05265808105469,138.64999389648438,139.11000061035156,138.57000732421875,138.99000549316406,4016900
2019-12-10,114.06089782714844,138.66000366210938,139.35000610351562,138.41000366210938,139.17999267578125,4947600
2019-12-11,114.95748901367188,139.75,140.13999938964844,139.22999572753906,139.3000030517578,6256700
2019-12-12,113.0655517578125,137.4499969482422,139.27999877929688,136.61000061035156,139.19000244140625,14857000
2019-12-13,114.37348937988281,139.0399932861328,139.61000061035156,137.22999572753906,138.1199951171875,11335100
2019-12-16,113.34525299072266,137.7899932861328,138.4600067138672,137.42999267578125,138.39999389648438,9156600
2019-12-17,113.18892669677734,137.60000610351562,138.33999633789062,137.2100067138672,138.2100067138672,6179700
2019-12-18,112.25941467285156,136.47000122070312,137.4499969482422,136.27999877929688,137.3000030517578,6244700
2019-12-19,112.43902587890625,136.47000122070312,136.86000061035156,135.75999450683594,136.0,6591100
2019-12-20,112.58731079101562,136.64999389648438,136.69000244140625,135.92999267578125,136.1300048828125,5455700
2019-12-23,112.42257690429688,136.4499969482422,136.97000122070312,136.0,136.80999755859375,5175000
2019-12-24,112.74383544921875,136.83999633789062,137.05999755859375,135.88999938964844,135.9199981689453,4667400
2019-12-26,113.01573944091797,137.1699981689453,137.22000122070312,136.50999450683594,136.91000366210938,5290200
2019-12-27,113.13934326171875,137.32000732421875,137.6300048828125,137.2899932861328,137.44000244140625,7300500
2019-12-30,112.72736358642578,136.82000732421875,136.89999389648438,135.66000366210938,135.88999938964844,7979700
2019-12-31,111.62335968017578,135.47999572753906,136.4600067138672,135.3800048828125,136.2100067138672,10707400
2020-01-02,112.88388061523438,137.00999450683594,137.52999877929688,136.6699981689453,136.7899932861328,11034100
2020-01-03,114.62237548828125,139.1199951171875,139.16000366210938,137.8800048828125,138.27000427246094,12366000
2020-01-06,113.97148132324219,138.3300018310547,139.7100067138672,138.14999389648438,139.69000244140625,11369800
2020-01-07,113.41116333007812,137.64999389648438,138.47000122070312,137.63999938964844,138.22000122070312,8381200
2020-01-08,112.66148376464844,136.74000549316406,138.30999755859375,136.32000732421875,137.92999267578125,10621700
2020-01-09,113.05696868896484,137.22000122070312,137.44000244140625,135.91000366210938,136.0,7411500
2020-01-10,114.0621337890625,138.44000244140625,138.47000122070312,137.6300048828125,137.6699981689453,8776000
2020-01-13,113.7160873413086,138.02000427246094,138.08999633789062,137.38999938964844,137.8800048828125,5966900
2020-01-14,114.30098724365234,138.72999572753906,138.82000732421875,138.13999938964844,138.17999267578125,13920300
2020-01-15,115.05905151367188,139.64999389648438,139.75999450683594,139.02000427246094,139.52000427246094,6290500
2020-01-16,114.6965103149414,139.2100067138672,139.52999877929688,138.74000549316406,139.25999450683594,6798600
2020-01-17,113.7160873413086,138.02000427246094,138.13999938964844,137.36000061035156,137.5800018310547,9693100
2020-01-21,114.9107437133789,139.47000122070312,139.64999389648438,138.77000427246094,138.80999755859375,6794900
2020-01-22,115.3144760131836,139.9600067138672,140.13999938964844,139.58999633789062,139.72000122070312,6317000
2020-01-23,116.12189483642578,140.94000244140625,141.3800048828125,140.77999877929688,140.85000610351562,9747400
2020-01-24,117.06108093261719,142.0800018310547,142.5500030517578,141.3000030517578,141.4199981689453,8585000
2020-01-27,118.88199615478516,144.2899932861328,144.2899932861328,143.5,143.9499969482422,10935200
2020-01-28,117.95089721679688,143.16000366210938,144.08999633789062,142.82000732421875,143.92999267578125,10612900
2020-01-29,119.1044692993164,144.55999755859375,144.6999969482422,143.42999267578125,143.44000244140625,9566800
2020-01-30,119.12091064453125,144.5800018310547,145.6699981689453,144.2899932861328,144.89999389648438,14711800
2020-01-31,120.20853424072266,145.89999389648438,145.99000549316406,145.08999633789062,145.1699981689453,14538100
2020-02-03,120.11113739013672,145.5399932861328,145.75999450683594,144.1199951171875,144.9499969482422,15309000
2020-02-04,118.49356842041016,143.5800018310547,144.13999938964844,143.05999755859375,143.99000549316406,11388300
2020-02-05,117.19789123535156,142.00999450683594,142.6999969482422,141.89999389648438,142.3000030517578,10782600
2020-02-06,117.72600555419922,142.64999389648438,142.8800048828125,142.0,142.17999267578125,6683100
2020-02-07,119.19500732421875,144.42999267578125,144.74000549316406,143.8699951171875,144.22000122070312,11374800
2020-02-10,119.52515411376953,144.8300018310547,145.25,144.67999267578125,145.10000610351562,6699300
2020-02-11,118.9227523803711,144.10000610351562,144.72000122070312,143.94000244140625,144.58999633789062,7784100
2020-02-12,118.32024383544922,143.3699951171875,143.5500030517578,142.99000549316406,143.3699951171875,5595500
2020-02-13,118.77418518066406,143.9199981689453,144.1999969482422,143.27000427246094,143.44000244140625,7883400
2020-02-14,119.29407501220703,144.5500030517578,145.0800018310547,144.4499969482422,144.75999450683594,7137400
2020-02-18,120.11113739013672,145.5399932861328,146.0500030517578,144.9199981689453,145.33999633789062,6909200
2020-02-19,120.10282135009766,145.52999877929688,145.6199951171875,144.97999572753906,145.1199951171875,5707700
2020-02-20,121.04369354248047,146.6699981689453,146.94000244140625,146.0,146.0800018310547,9332900
2020-02-21,122.17422485351562,148.0399932861328,148.8800048828125,147.64999389648438,147.8000030517578,13860300
2020-02-24,123.99818420410156,150.25,150.9600067138672,150.0,150.8300018310547,15929300
2020-02-25,124.658447265625,151.0500030517578,151.75999450683594,150.13999938964844,150.2100067138672,20802900
2020-02-26,123.99818420410156,150.25,151.72000122070312,149.5800018310547,149.9499969482422,22589500
2020-02-27,125.34337615966797,151.8800048828125,153.0800018310547,150.8300018310547,152.6999969482422,30687900
2020-02-28,128.17408752441406,155.30999755859375,155.97999572753906,154.16000366210938,154.4499969482422,44935200
2020-03-02,127.23114776611328,153.94000244140625,156.5,153.75999450683594,155.3000030517578,28152400
2020-03-03,129.2063446044922,156.3300018310547,159.6999969482422,152.36000061035156,153.80999755859375,38608000
2020-03-04,127.83436584472656,154.6699981689453,157.35000610351562,154.19000244140625,156.41000366210938,23463700
2020-03-05,131.01637268066406,158.52000427246094,158.82000732421875,156.80999755859375,157.1300048828125,17786200
2020-03-06,137.83499145507812,166.77000427246094,169.3300018310547,164.11000061035156,167.3000030517578,76288300
2020-03-09,141.57077026367188,171.2899932861328,179.6999969482422,170.33999633789062,179.10000610351562,41552800
2020-03-10,134.31410217285156,162.50999450683594,172.92999267578125,162.02999877929688,169.63999938964844,37728300
2020-03-11,129.37164306640625,156.52999877929688,167.02999877929688,155.6300048828125,165.42999267578125,29519300
2020-03-12,130.17340087890625,157.5,166.36000061035156,155.66000366210938,163.50999450683594,24361800
2020-03-13,127.23114776611328,153.94000244140625,158.1999969482422,152.19000244140625,155.0,19812900
2020-03-16,135.47122192382812,163.91000366210938,166.14999389648438,157.80999755859375,160.3800048828125,30496700
2020-03-17,126.4376220703125,152.97999572753906,165.6300048828125,152.7100067138672,163.5,18570900
2020-03-18,119.30492401123047,144.35000610351562,154.13999938964844,139.00999450683594,152.83999633789062,47061000
2020-03-19,122.55307006835938,148.27999877929688,153.4499969482422,145.25,146.9499969482422,21175300
2020-03-20,131.76852416992188,159.42999267578125,159.42999267578125,152.11000061035156,153.3000030517578,20863100
2020-03-23,137.19863891601562,166.0,166.69000244140625,156.57000732421875,157.5,19971800
2020-03-24,134.64476013183594,162.91000366210938,165.4499969482422,160.41000366210938,161.25,11948600
2020-03-25,134.33892822265625,162.5399932861328,166.67999267578125,161.6199951171875,163.58999633789062,10750600
2020-03-26,135.0001220703125,163.33999633789062,165.67999267578125,162.27000427246094,164.0,10576200
2020-03-27,138.60374450683594,167.6999969482422,168.25,164.58999633789062,165.52000427246094,12550000
2020-03-30,137.46315002441406,166.32000732421875,170.11000061035156,165.94000244140625,168.3000030517578,13473200
2020-03-31,136.34727478027344,164.97000122070312,166.9199981689453,164.55999755859375,165.6999969482422,11464800
2020-04-01,138.25758361816406,167.0399932861328,168.9600067138672,166.39999389648438,168.47999572753906,11334700
2020-04-02,139.13497924804688,168.10000610351562,169.22000122070312,167.25999450683594,168.8300018310547,5771200
2020-04-03,139.46607971191406,168.5,170.3300018310547,168.13999938964844,168.5500030517578,6570800
2020-04-06,139.1018524169922,168.05999755859375,168.27000427246094,166.52999877929688,167.0,9434800
2020-04-07,137.64517211914062,166.3000030517578,166.4199981689453,163.7100067138672,164.9600067138672,13811400
2020-04-08,136.64361572265625,165.08999633789062,166.19000244140625,164.1300048828125,165.11000061035156,10147100
2020-04-09,136.89198303222656,165.38999938964844,165.7899932861328,163.77999877929688,164.27999877929688,14259100
2020-04-13,135.64207458496094,163.8800048828125,165.7100067138672,163.8800048828125,164.75,8750300
2020-04-14,135.60906982421875,163.83999633789062,164.74000549316406,163.47999572753906,163.83999633789062,9019100
2020-04-15,139.20120239257812,168.17999267578125,168.60000610351562,166.74000549316406,166.8000030517578,10027800
2020-04-16,140.7821044921875,170.08999633789062,170.32000732421875,169.02000427246094,169.25999450683594,8265400
2020-04-17,138.89491271972656,167.80999755859375,170.83999633789062,167.27000427246094,169.82000732421875,8612100
2020-04-20,140.0123291015625,169.16000366210938,169.2899932861328,167.9600067138672,168.44000244140625,6462600
2020-04-21,141.77529907226562,171.2899932861328,172.14999389648438,170.77999877929688,171.92999267578125,7850700
2020-04-22,140.3267822265625,169.5399932861328,170.38999938964844,168.7100067138672,169.97000122070312,6230200
2020-04-23,141.07176208496094,170.44000244140625,170.92999267578125,169.61000061035156,169.8699951171875,5968600
2020-04-24,141.40292358398438,170.83999633789062,170.83999633789062,169.57000732421875,169.61000061035156,6211800
2020-04-27,138.77076721191406,167.66000366210938,169.75,167.44000244140625,169.66000366210938,9039500
2020-04-28,140.36827087402344,169.58999633789062,169.85000610351562,168.4499969482422,168.5500030517578,9905400
2020-04-29,139.639892578125,168.7100067138672,170.25999450683594,167.9600067138672,169.52999877929688,8619600
2020-04-30,138.00929260253906,166.74000549316406,169.22999572753906,166.7100067138672,168.74000549316406,11606100
2020-05-01,139.1910858154297,167.9499969482422,168.11000061035156,166.44000244140625,167.5,10209400
2020-05-04,138.5364990234375,167.16000366210938,167.67999267578125,166.47999572753906,167.55999755859375,8300900
2020-05-05,137.64962768554688,166.08999633789062,166.27000427246094,165.27000427246094,165.57000732421875,7831800
2020-05-06,135.4285430908203,163.41000366210938,163.63999938964844,162.0500030517578,163.22999572753906,14721500
2020-05-07,137.6910858154297,166.13999938964844,166.3699951171875,163.33999633789062,163.55999755859375,9164800
2020-05-08,135.90090942382812,163.97999572753906,165.39999389648438,163.67999267578125,164.49000549316406,8129800
2020-05-11,134.8401336669922,162.6999969482422,164.22000122070312,162.10000610351562,163.66000366210938,8713500
2020-05-12,136.22415161132812,164.3699951171875,164.92999267578125,163.1300048828125,163.16000366210938,10057300
2020-05-13,137.1772918701172,165.52000427246094,166.2899932861328,164.8300018310547,165.08999633789062,13305600
2020-05-14,138.5198211669922,167.13999938964844,168.14999389648438,167.0500030517578,167.32000732421875,10080000
2020-05-15,138.1634521484375,166.7100067138672,168.49000549316406,166.3300018310547,168.3000030517578,7225600
2020-05-18,135.13015747070312,163.0500030517578,165.05999755859375,162.4199981689453,164.92999267578125,10073100
2020-05-19,135.63580322265625,163.66000366210938,163.6999969482422,162.47999572753906,162.52000427246094,8639100
2020-05-20,136.0418243408203,164.14999389648438,164.6999969482422,162.8800048828125,163.1699981689453,10927300
2020-05-21,136.38156127929688,164.55999755859375,165.36000061035156,164.2899932861328,164.86000061035156,8920000
2020-05-22,137.20211791992188,165.5500030517578,165.67999267578125,164.61000061035156,164.72000122070312,4956700
2020-05-26,135.36224365234375,163.3300018310547,163.7899932861328,162.97999572753906,163.7100067138672,8098900
2020-05-27,135.11361694335938,163.02999877929688,163.91000366210938,162.58999633789062,162.7899932861328,8047400
2020-05-28,134.6164093017578,162.42999267578125,162.57000732421875,161.66000366210938,161.9600067138672,10272600
2020-05-29,135.57772827148438,163.58999633789062,164.08999633789062,162.35000610351562,162.7100067138672,14632700
2020-06-01,134.66497802734375,162.27999877929688,162.44000244140625,161.6699981689453,162.10000610351562,13341400
2020-06-02,134.1753387451172,161.69000244140625,162.08999633789062,161.25,161.6699981689453,11517100
2020-06-03,132.3911895751953,159.5399932861328,160.3300018310547,158.94000244140625,160.17999267578125,12255700
2020-06-04,130.47422790527344,157.22999572753906,159.00999450683594,157.19000244140625,158.9199981689453,14038600
2020-06-05,129.5448760986328,156.11000061035156,156.16000366210938,153.16000366210938,154.61000061035156,17778500
2020-06-08,130.0427703857422,156.7100067138672,156.85000610351562,155.0500030517578,155.07000732421875,10346700
2020-06-09,131.51992797851562,158.49000549316406,159.63999938964844,158.3000030517578,159.0500030517578,9095300
2020-06-10,133.469970703125,160.83999633789062,160.89999389648438,159.0500030517578,159.24000549316406,13135500
2020-06-11,135.99270629882812,163.8800048828125,164.22999572753906,162.6300048828125,163.25,17086400
2020-06-12,134.68148803710938,162.3000030517578,163.66000366210938,162.0500030517578,162.41000366210938,9716100
2020-06-15,134.7562255859375,162.38999938964844,164.22000122070312,162.13999938964844,163.88999938964844,7759800
2020-06-16,132.68994140625,159.89999389648438,161.22999572753906,158.6999969482422,159.41000366210938,13698900
2020-06-17,133.23760986328125,160.55999755859375,160.77000427246094,159.33999633789062,160.27000427246094,7113900
2020-06-18,134.64828491210938,162.25999450683594,162.47999572753906,161.61000061035156,162.0399932861328,7691400
2020-06-19,134.7562255859375,162.38999938964844,162.5,160.91000366210938,161.0,8565500
2020-06-22,134.77276611328125,162.41000366210938,163.4199981689453,162.07000732421875,163.19000244140625,9319700
2020-06-23,133.85166931152344,161.3000030517578,162.05999755859375,161.1199951171875,161.47999572753906,9088600
2020-06-24,135.2872772216797,163.02999877929688,163.08999633789062,161.52000427246094,161.52999877929688,11436500
2020-06-25,135.6772918701172,163.5,164.35000610351562,163.39999389648438,164.2100067138672,10968000
2020-06-26,137.12953186035156,165.25,165.32000732421875,164.17999267578125,164.25,12119300
2020-06-29,136.69796752929688,164.72999572753906,165.27000427246094,164.3800048828125,164.85000610351562,7274400
2020-06-30,136.03411865234375,163.92999267578125,165.2899932861328,163.47999572753906,165.22999572753906,14841700
2020-07-01,135.76998901367188,163.4199981689453,163.55999755859375,162.14999389648438,162.80999755859375,13181000
2020-07-02,135.91116333007812,163.58999633789062,163.74000549316406,162.24000549316406,162.6999969482422,7599800
2020-07-06,135.3545684814453,162.9199981689453,163.02000427246094,161.75,162.3300018310547,7972700
2020-07-07,137.25711059570312,165.2100067138672,165.33999633789062,163.1999969482422,163.4199981689453,12791900
2020-07-08,136.70875549316406,164.5500030517578,164.9199981689453,163.8300018310547,164.32000732421875,7253900
2020-07-09,138.88540649414062,167.1699981689453,167.4499969482422,164.60000610351562,164.66000366210938,13373100
2020-07-10,138.18760681152344,166.3300018310547,168.2100067138672,166.16000366210938,167.9499969482422,8478000
2020-07-13,138.64451599121094,166.8800048828125,166.9600067138672,165.22999572753906,165.5,8054000
2020-07-14,138.84388732910156,167.1199951171875,168.13999938964844,166.97999572753906,167.92999267578125,11344600
2020-07-15,138.1958770751953,166.33999633789062,166.9499969482422,165.8300018310547,165.9199981689453,7840300
2020-07-16,138.85226440429688,167.1300048828125,167.77000427246094,167.0399932861328,167.39999389648438,9107400
2020-07-17,138.56146240234375,166.77999877929688,167.39999389648438,166.47000122070312,167.27000427246094,8549900
2020-07-20,138.90208435058594,167.19000244140625,167.6199951171875,166.8000030517578,167.50999450683594,6907200
2020-07-21,138.98509216308594,167.2899932861328,167.72000122070312,167.0800018310547,167.3000030517578,8454400
2020-07-22,139.40057373046875,167.7899932861328,168.4600067138672,167.69000244140625,168.25999450683594,6592100
2020-07-23,141.0289764404297,169.75,169.8800048828125,168.47999572753906,168.9199981689453,10471800
2020-07-24,141.0206298828125,169.74000549316406,169.9199981689453,168.8699951171875,169.00999450683594,7520700
2020-07-27,140.49720764160156,169.11000061035156,170.3000030517578,168.99000549316406,170.25,6146400
2020-07-28,141.46929931640625,170.27999877929688,170.33999633789062,169.42999267578125,169.5399932861328,8520700
2020-07-29,141.2283477783203,169.99000549316406,170.38999938964844,168.97999572753906,170.0500030517578,6733700
2020-07-30,142.1588134765625,171.11000061035156,171.25999450683594,170.75,171.0500030517578,9376100
2020-07-31,142.06741333007812,171.0,171.4600067138672,169.94000244140625,170.14999389648438,8886000
2020-08-03,141.35214233398438,169.9499969482422,169.99000549316406,168.97000122070312,169.24000549316406,9066200
2020-08-04,142.69947814941406,171.57000732421875,171.5800018310547,170.72000122070312,170.8300018310547,9878900
2020-08-05,141.4519805908203,170.07000732421875,170.55999755859375,169.69000244140625,170.05999755859375,6954100
2020-08-06,142.2421417236328,171.02000427246094,172.25,170.6199951171875,171.3800048828125,9481800
2020-08-07,141.29393005371094,169.8800048828125,171.5,169.5800018310547,171.27999877929688,8176900
2020-08-10,140.6618194580078,169.1199951171875,170.25,169.07000732421875,170.22000122070312,6408500
2020-08-11,138.99002075195312,167.11000061035156,167.49000549316406,165.8800048828125,167.1699981689453,19234200
2020-08-12,137.725830078125,165.58999633789062,166.07000732421875,164.99000549316406,165.6999969482422,11744800
2020-08-13,136.25357055664062,163.82000732421875,165.5800018310547,163.1699981689453,165.30999755859375,12744700
2020-08-14,135.72129821777344,163.17999267578125,164.14999389648438,163.16000366210938,163.80999755859375,6398100
2020-08-17,136.06240844726562,163.58999633789062,164.4600067138672,163.42999267578125,163.97000122070312,6901500
2020-08-18,137.0354766845703,164.75999450683594,164.8699951171875,164.08999633789062,164.36000061035156,8140600
2020-08-19,136.1787872314453,163.72999572753906,165.61000061035156,163.3000030517578,165.3699951171875,12497700
2020-08-20,137.40977478027344,165.2100067138672,165.64999389648438,164.92999267578125,165.38999938964844,10319900
2020-08-21,138.23316955566406,166.1999969482422,166.3300018310547,165.00999450683594,165.77000427246094,6836000
2020-08-24,138.00860595703125,165.92999267578125,166.97000122070312,165.86000061035156,166.32000732421875,6490600
2020-08-25,136.95233154296875,164.66000366210938,165.08999633789062,163.8300018310547,164.35000610351562,10518300
2020-08-26,136.4282989501953,164.02999877929688,164.3300018310547,163.27999877929688,164.0500030517578,8276600
2020-08-27,134.1078338623047,161.24000549316406,164.82000732421875,161.16000366210938,164.75999450683594,19860100
2020-08-28,134.0080108642578,161.1199951171875,162.0500030517578,160.63999938964844,161.77000427246094,8415400
2020-08-31,134.89794921875,162.19000244140625,163.25,161.55999755859375,161.60000610351562,11388100
2020-09-01,136.44088745117188,163.86000061035156,164.07000732421875,161.17999267578125,161.75999450683594,10587000
2020-09-02,137.73983764648438,165.4199981689453,165.55999755859375,163.49000549316406,163.50999450683594,15167700
2020-09-03,138.13119506835938,165.88999938964844,167.24000549316406,165.44000244140625,165.75,16416600
2020-09-04,135.50828552246094,162.74000549316406,164.6999969482422,162.4499969482422,164.41000366210938,13780300
2020-09-08,136.34095764160156,163.74000549316406,165.25999450683594,163.74000549316406,164.3699951171875,13790400
2020-09-09,135.97457885742188,163.3000030517578,164.25,162.75999450683594,163.94000244140625,9558900
2020-09-10,136.66571044921875,164.1300048828125,164.35000610351562,161.9499969482422,162.4600067138672,8847700
2020-09-11,136.9571533203125,164.47999572753906,164.57000732421875,164.0800018310547,164.30999755859375,5458200
2020-09-14,136.94879150390625,164.47000122070312,165.0800018310547,164.22999572753906,164.7899932861328,4274900
2020-09-15,136.61572265625,164.07000732421875,164.47000122070312,163.7899932861328,164.1699981689453,6928500
2020-09-16,136.20767211914062,163.5800018310547,164.88999938964844,162.97999572753906,164.77999877929688,8815200
2020-09-17,136.62408447265625,164.0800018310547,164.9600067138672,163.8000030517578,164.89999389648438,7813900
2020-09-18,136.19944763183594,163.57000732421875,164.24000549316406,163.33999633789062,164.1699981689453,7246300
2020-09-21,136.89053344726562,164.39999389648438,165.39999389648438,164.13999938964844,164.88999938964844,11086900
2020-09-22,136.78231811523438,164.27000427246094,164.8800048828125,163.8699951171875,164.44000244140625,10524100
2020-09-23,136.96548461914062,164.49000549316406,164.52999877929688,163.47999572753906,164.3000030517578,6224800
2020-09-24,137.4900360107422,165.1199951171875,165.1199951171875,164.6199951171875,164.9600067138672,8278100
2020-09-25,137.4900360107422,165.1199951171875,165.4199981689453,164.7100067138672,165.11000061035156,5140300
2020-09-28,137.09866333007812,164.64999389648438,164.89999389648438,164.3699951171875,164.8699951171875,4470100
2020-09-29,137.25689697265625,164.83999633789062,165.24000549316406,164.55999755859375,164.8000030517578,10297600
2020-09-30,135.9412841796875,163.25999450683594,164.0,162.5500030517578,164.0,12971000
2020-10-01,136.1654510498047,163.36000061035156,163.74000549316406,162.10000610351562,162.50999450683594,11523900
2020-10-02,135.65708923339844,162.75,163.6699981689453,162.17999267578125,163.61000061035156,8828800
2020-10-05,133.0063934326172,159.57000732421875,160.9499969482422,159.52000427246094,160.9499969482422,14726000
2020-10-06,133.72323608398438,160.42999267578125,161.41000366210938,158.67999267578125,159.3300018310547,22419400
2020-10-07,132.7480926513672,159.25999450683594,160.4199981689453,158.86000061035156,159.55999755859375,9429200
2020-10-08,133.46487426757812,160.1199951171875,160.25,159.66000366210938,159.97000122070312,8431500
2020-10-09,133.4398193359375,160.08999633789062,160.27000427246094,158.80999755859375,159.52000427246094,8441500
2020-10-12,133.86492919921875,160.60000610351562,160.67999267578125,160.11000061035156,160.42999267578125,3962000
2020-10-13,134.823486328125,161.75,161.8300018310547,161.17999267578125,161.2100067138672,7914300
2020-10-14,135.13189697265625,162.1199951171875,162.75,161.97000122070312,162.3300018310547,6954800
2020-10-15,134.8985137939453,161.83999633789062,163.19000244140625,161.63999938964844,163.0399932861328,9458800
2020-10-16,134.5234375,161.38999938964844,162.32000732421875,161.10000610351562,161.66000366210938,8416300
2020-10-19,134.0149383544922,160.77999877929688,160.97999572753906,160.0500030517578,160.5,9286600
2020-10-20,132.7396697998047,159.25,160.00999450683594,158.9499969482422,159.86000061035156,11189000
2020-10-21,132.28126525878906,158.6999969482422,159.3699951171875,158.3699951171875,158.7899932861328,10453700
2020-10-22,130.90591430664062,157.0500030517578,158.6300048828125,156.97000122070312,158.2899932861328,12664900
2020-10-23,131.7061004638672,158.00999450683594,158.2100067138672,156.75,156.80999755859375,8783800
2020-10-26,132.93138122558594,159.47999572753906,160.02000427246094,159.00999450683594,159.2100067138672,7227300
2020-10-27,133.82334899902344,160.5500030517578,160.6999969482422,159.89999389648438,160.22999572753906,6062300
2020-10-28,133.94821166992188,160.6999969482422,161.4600067138672,160.1999969482422,161.3800048828125,11765800
2020-10-29,132.64797973632812,159.13999938964844,160.8300018310547,158.47000122070312,160.72999572753906,11932400
2020-10-30,131.3394012451172,157.57000732421875,159.35000610351562,157.57000732421875,159.02999877929688,13095400
2020-11-02,132.32315063476562,158.5800018310547,159.19000244140625,158.3300018310547,158.6999969482422,10810500
2020-11-03,131.555419921875,157.66000366210938,157.97999572753906,157.0399932861328,157.85000610351562,16228700
2020-11-04,134.40914916992188,161.0800018310547,162.1699981689453,160.5399932861328,161.63999938964844,21570800
2020-11-05,134.64283752441406,161.36000061035156,161.74000549316406,160.5800018310547,161.63999938964844,18537500
2020-11-06,133.01568603515625,159.41000366210938,159.9199981689453,158.94000244140625,159.6199951171875,12408400
2020-11-09,130.22042846679688,156.05999755859375,156.14999389648438,154.6300048828125,155.97000122070312,23245000
2020-11-10,129.46937561035156,155.16000366210938,155.80999755859375,154.77999877929688,154.9600067138672,12561000
2020-11-11,129.93667602539062,155.72000122070312,155.94000244140625,154.97000122070312,155.02000427246094,5888200
2020-11-12,132.1478729248047,158.3699951171875,158.39999389648438,156.7100067138672,156.94000244140625,15999700
2020-11-13,131.97268676757812,158.16000366210938,158.5,157.91000366210938,158.36000061035156,7344600
2020-11-16,131.65567016601562,157.77999877929688,158.27999877929688,157.61000061035156,157.72999572753906,6310400
2020-11-17,132.5150604248047,158.80999755859375,159.16000366210938,158.58999633789062,158.77000427246094,7444600
2020-11-18,132.8988800048828,159.27000427246094,159.57000732421875,158.35000610351562,159.44000244140625,10333300
2020-11-19,133.58314514160156,160.08999633789062,160.72000122070312,159.83999633789062,159.97000122070312,10637200
2020-11-20,134.7680206298828,161.50999450683594,161.5399932861328,160.38999938964844,160.52999877929688,7246800
2020-11-23,134.15052795410156,160.77000427246094,160.99000549316406,160.27999877929688,160.82000732421875,11300000
2020-11-24,132.81544494628906,159.1699981689453,160.02000427246094,159.00999450683594,159.99000549316406,10891700
2020-11-25,132.40658569335938,158.67999267578125,159.91000366210938,158.6199951171875,159.25,9145800
2020-11-27,133.6915283203125,160.22000122070312,160.27000427246094,159.5800018310547,159.61000061035156,4708200
2020-11-30,133.524658203125,160.02000427246094,160.52999877929688,159.75999450683594,160.02999877929688,13071600
2020-12-01,131.55596923828125,157.5,158.74000549316406,156.67999267578125,158.5500030517578,13662800
2020-12-02,130.51185607910156,156.25,156.92999267578125,155.47999572753906,156.8800048828125,12114300
2020-12-03,131.56436157226562,157.50999450683594,157.82000732421875,156.5800018310547,156.94000244140625,9626500
2020-12-04,129.63482666015625,155.1999969482422,155.7899932861328,154.77000427246094,155.69000244140625,12734500
2020-12-07,130.80419921875,156.60000610351562,156.8800048828125,156.17999267578125,156.35000610351562,9316100
2020-12-08,131.4223175048828,157.33999633789062,158.07000732421875,157.1999969482422,157.57000732421875,7397200
2020-12-09,130.9879608154297,156.82000732421875,157.32000732421875,156.00999450683594,156.5500030517578,7750100
2020-12-10,132.14898681640625,158.2100067138672,158.2899932861328,156.8300018310547,157.24000549316406,10025100
2020-12-11,132.6167449951172,158.77000427246094,159.38999938964844,158.32000732421875,158.64999389648438,8135900
2020-12-14,132.249267578125,158.3300018310547,158.69000244140625,157.11000061035156,157.49000549316406,7535900
2020-12-15,131.80653381347656,157.8000030517578,158.38999938964844,157.30999755859375,157.77999877929688,6847500
2020-12-16,131.45570373535156,157.3800048828125,157.88999938964844,156.38999938964844,156.5800018310547,9954200
2020-12-17,131.10787963867188,156.8000030517578,158.4600067138672,156.42999267578125,158.1300048828125,9422700
2020-12-18,130.7148895263672,156.3300018310547,157.3800048828125,156.17999267578125,157.1199951171875,6505000
2020-12-21,131.23326110839844,156.9499969482422,157.33999633789062,156.4499969482422,157.1999969482422,8988200
2020-12-22,131.91058349609375,157.75999450683594,157.8300018310547,157.0800018310547,157.55999755859375,7370800
2020-12-23,130.9991912841797,156.6699981689453,156.69000244140625,155.4600067138672,156.6199951171875,9266600
2020-12-24,131.51760864257812,157.2899932861328,157.42999267578125,156.85000610351562,156.89999389648438,3117100
2020-12-28,131.57614135742188,157.36000061035156,157.4499969482422,156.10000610351562,156.3800048828125,7791100
2020-12-29,131.40887451171875,157.16000366210938,157.2899932861328,156.36000061035156,156.38999938964844,9030900
2020-12-30,131.6931915283203,157.5,157.52999877929688,156.67999267578125,156.82000732421875,9097300
2020-12-31,131.88551330566406,157.72999572753906,158.0800018310547,157.4499969482422,157.4600067138672,7742100
2021-01-04,131.7266082763672,157.5399932861328,158.17999267578125,156.5399932861328,156.6699981689453,13152900
2021-01-05,130.74839782714844,156.3699951171875,156.9499969482422,155.66000366210938,156.9499969482422,10458100
2021-01-06,128.0643768310547,153.16000366210938,153.85000610351562,152.2899932861328,153.82000732421875,22827300
2021-01-07,126.93551635742188,151.80999755859375,152.1699981689453,151.25999450683594,151.7899932861328,14651900
2021-01-08,126.52584838867188,151.32000732421875,151.9600067138672,150.66000366210938,151.47999572753906,13622500
2021-01-11,126.31672668457031,151.07000732421875,151.2100067138672,150.49000549316406,151.0,8370700
2021-01-12,126.21644592285156,150.9499969482422,151.16000366210938,149.92999267578125,150.7899932861328,12186300
2021-01-13,127.63789367675781,152.64999389648438,153.07000732421875,151.57000732421875,151.66000366210938,12533300
2021-01-14,126.44215393066406,151.22000122070312,152.63999938964844,150.7899932861328,152.5800018310547,14835500
2021-01-15,126.94392395019531,151.82000732421875,152.36000061035156,151.47000122070312,152.19000244140625,11624700
2021-01-19,127.35356140136719,152.30999755859375,152.36000061035156,151.50999450683594,151.6199951171875,9575600
2021-01-20,127.47904968261719,152.4600067138672,152.47999572753906,151.7899932861328,151.99000549316406,5368900
2021-01-21,126.58433532714844,151.38999938964844,151.75,151.10000610351562,151.44000244140625,8162700
2021-01-22,126.99404907226562,151.8800048828125,152.00999450683594,151.4199981689453,151.85000610351562,9507200
2021-01-25,128.49078369140625,153.6699981689453,153.69000244140625,152.63999938964844,152.75999450683594,8712600
2021-01-26,128.2483367919922,153.3800048828125,153.60000610351562,152.9199981689453,153.10000610351562,7690300
2021-01-27,128.5744171142578,153.77000427246094,154.5,153.52999877929688,154.07000732421875,7895200
2021-01-28,127.86366271972656,152.9199981689453,153.4600067138672,152.16000366210938,153.39999389648438,10667800
2021-01-29,127.09439086914062,152.0,152.49000549316406,151.3000030517578,151.4199981689453,14965900
2021-02-01,127.2417221069336,152.0,152.36000061035156,151.49000549316406,151.66000366210938,8165500
2021-02-02,126.42138671875,151.02000427246094,151.08999633789062,150.52000427246094,150.74000549316406,9177500
2021-02-03,125.29963684082031,149.67999267578125,150.58999633789062,149.5800018310547,150.42999267578125,9633100
2021-02-04,124.96476745605469,149.27999877929688,149.49000549316406,148.8000030517578,149.16000366210938,8262600
2021-02-05,123.91838836669922,148.02999877929688,149.57000732421875,148.02000427246094,149.10000610351562,10258900
2021-02-08,124.4625015258789,148.67999267578125,149.25999450683594,148.0399932861328,148.3000030517578,11574800
2021-02-09,124.55459594726562,148.7899932861328,149.6699981689453,148.66000366210938,149.22000122070312,5218300
2021-02-10,125.38337707519531,149.77999877929688,149.77999877929688,149.13999938964844,149.27999877929688,8079800
2021-02-11,124.69683837890625,148.9600067138672,149.7899932861328,148.75,149.67999267578125,11962700
2021-02-12,123.14825439453125,147.11000061035156,148.0800018310547,147.02999877929688,147.6999969482422,14088400
2021-02-16,121.27310180664062,144.8699951171875,145.66000366210938,144.66000366210938,145.22000122070312,17789100
2021-02-17,122.04319763183594,145.7899932861328,146.3800048828125,144.97999572753906,145.9499969482422,11199100
2021-02-18,121.54933166503906,145.1999969482422,145.60000610351562,144.32000732421875,144.61000061035156,10755300
2021-02-19,119.93368530273438,143.27000427246094,144.32000732421875,142.85000610351562,144.05999755859375,12741700
2021-02-22,119.02122497558594,142.17999267578125,143.74000549316406,141.72000122070312,143.02999877929688,13203900
2021-02-23,118.67803955078125,141.77000427246094,142.5,141.13999938964844,141.52000427246094,12658500
2021-02-24,117.89946746826172,140.83999633789062,141.17999267578125,139.16000366210938,139.35000610351562,17363100
2021-02-25,115.97412109375,138.5399932861328,139.9199981689453,136.61000061035156,139.52000427246094,52621700
2021-02-26,119.80809020996094,143.1199951171875,143.3000030517578,139.67999267578125,140.77000427246094,45423300
2021-03-01,118.22576141357422,141.05999755859375,141.41000366210938,140.08999633789062,140.66000366210938,22048000
2021-03-02,118.23416137695312,141.07000732421875,141.1300048828125,140.2899932861328,140.39999389648438,12482200
2021-03-03,116.95178985595703,139.5399932861328,140.14999389648438,138.75999450683594,139.3800048828125,19763700
2021-03-04,116.19751739501953,138.63999938964844,139.94000244140625,137.9600067138672,139.6300048828125,22366600
2021-03-05,116.42378234863281,138.91000366210938,139.33999633789062,137.99000549316406,138.1699981689453,20598000
2021-03-08,115.51863861083984,137.8300018310547,138.89999389648438,137.8300018310547,138.8300018310547,15236600
2021-03-09,117.11945343017578,139.74000549316406,139.82000732421875,138.97000122070312,139.27000427246094,14463400
2021-03-10,117.35411071777344,140.02000427246094,140.14999389648438,139.27999877929688,139.8000030517578,12387600
2021-03-11,116.50758361816406,139.00999450683594,139.3800048828125,138.4600067138672,139.1699981689453,14150700
2021-03-12,114.03517150878906,136.05999755859375,136.4600067138672,135.64999389648438,136.39999389648438,20402700
2021-03-15,114.70559692382812,136.86000061035156,137.08999633789062,136.41000366210938,136.49000549316406,11366500
2021-03-16,114.24467468261719,136.30999755859375,137.1199951171875,135.75,137.02000427246094,15567900
2021-03-17,113.38977813720703,135.2899932861328,135.52999877929688,134.14999389648438,135.14999389648438,27107500
2021-03-18,112.24153900146484,133.9199981689453,134.47000122070312,133.19000244140625,133.30999755859375,21615100
2021-03-19,112.93718719482422,134.75,134.8300018310547,133.8000030517578,134.0800018310547,18685000
2021-03-22,114.20277404785156,136.25999450683594,136.41000366210938,135.3699951171875,135.69000244140625,17047500
2021-03-23,115.2336654663086,137.49000549316406,137.5399932861328,136.14999389648438,136.58999633789062,16768400
2021-03-24,115.85389709472656,138.22999572753906,138.27999877929688,136.9499969482422,137.05999755859375,13863000
2021-03-25,114.94029235839844,137.13999938964844,138.66000366210938,137.08999633789062,138.38999938964844,20782000
2021-03-26,114.5380630493164,136.66000366210938,137.24000549316406,136.22000122070312,136.4199981689453,8433300
2021-03-29,113.5657730102539,135.5,136.85000610351562,134.97000122070312,136.8300018310547,13968100
2021-03-30,114.1607894897461,136.2100067138672,136.50999450683594,135.00999450683594,135.3000030517578,15020800
2021-03-31,113.52389526367188,135.4499969482422,136.58999633789062,134.97999572753906,136.33999633789062,19271300
2021-04-01,115.40800476074219,137.50999450683594,137.6199951171875,136.3000030517578,136.5500030517578,14885900
2021-04-05,114.90444946289062,136.91000366210938,136.97000122070312,135.94000244140625,136.5500030517578,8243000
2021-04-06,115.68502807617188,137.83999633789062,137.97999572753906,137.00999450683594,137.16000366210938,9282400
2021-04-07,114.87928771972656,136.8800048828125,138.10000610351562,136.8800048828125,137.4499969482422,11052700
2021-04-08,115.82769775390625,138.00999450683594,138.07000732421875,137.36000061035156,137.38999938964844,7847900
2021-04-09,115.40800476074219,137.50999450683594,138.19000244140625,137.08999633789062,137.5,8717800
2021-04-12,115.3576889038086,137.4499969482422,137.52999877929688,137.10000610351562,137.4600067138672,7659000
2021-04-13,116.22213745117188,138.47999572753906,138.50999450683594,137.1999969482422,137.3000030517578,13232800
2021-04-14,115.85287475585938,138.0399932861328,138.24000549316406,137.57000732421875,138.02999877929688,7293200
2021-04-15,117.79158020019531,140.35000610351562,140.97999572753906,139.4600067138672,139.49000549316406,23896700
2021-04-16,116.87674713134766,139.25999450683594,139.72999572753906,138.92999267578125,139.10000610351562,15238400
2021-04-19,116.5410385131836,138.86000061035156,139.30999755859375,138.5500030517578,138.74000549316406,13886800
2021-04-20,117.07819366455078,139.5,139.75999450683594,138.42999267578125,138.4499969482422,11476500
2021-04-21,117.31318664550781,139.77999877929688,139.91000366210938,139.07000732421875,139.5399932861328,11902200
2021-04-22,117.82514953613281,140.38999938964844,140.38999938964844,139.1999969482422,140.0,14156400
2021-04-23,117.54814910888672,140.05999755859375,140.47000122070312,139.49000549316406,140.3800048828125,12302200
2021-04-26,117.38036346435547,139.86000061035156,140.50999450683594,139.85000610351562,140.14999389648438,9103500
2021-04-27,116.35643768310547,138.63999938964844,139.82000732421875,138.52999877929688,139.58999633789062,14137300
2021-04-28,116.43190002441406,138.72999572753906,138.88999938964844,137.9600067138672,138.64999389648438,15263700
2021-04-29,116.08786010742188,138.32000732421875,138.36000061035156,137.1300048828125,137.4499969482422,17178200
2021-04-30,116.35643768310547,138.63999938964844,138.72999572753906,137.97999572753906,138.50999450683594,15692000
2021-05-03,116.4261703491211,138.52000427246094,139.64999389648438,138.27999877929688,138.6999969482422,16447700
2021-05-04,117.21625518798828,139.4600067138672,140.16000366210938,139.16000366210938,139.49000549316406,18639700
2021-05-05,117.4095458984375,139.69000244140625,139.85000610351562,138.9199981689453,139.02999877929688,11127900
2021-05-06,117.6028823852539,139.9199981689453,140.19000244140625,139.1999969482422,139.25,21907600
2021-05-07,117.0229263305664,139.22999572753906,140.60000610351562,138.91000366210938,140.10000610351562,18346900
2021-05-10,115.83779907226562,137.82000732421875,139.25,137.69000244140625,138.9499969482422,15146200
2021-05-11,115.18223571777344,137.0399932861328,137.47999572753906,136.77000427246094,137.22999572753906,15158600
2021-05-12,113.97193908691406,135.60000610351562,136.8000030517578,135.36000061035156,136.6699981689453,20859400
2021-05-13,114.14840698242188,135.80999755859375,136.3699951171875,135.6300048828125,135.92999267578125,13073900
2021-05-14,115.21586608886719,137.0800018310547,137.0800018310547,136.22000122070312,136.52999877929688,17566700
2021-05-17,114.97209930419922,136.7899932861328,137.1699981689453,136.57000732421875,136.8300018310547,6113800
2021-05-18,114.6779556274414,136.44000244140625,136.57000732421875,136.07000732421875,136.39999389648438,11423100
2021-05-19,114.40058135986328,136.11000061035156,137.3000030517578,135.6199951171875,136.5399932861328,14296000
2021-05-20,115.3419189453125,137.22999572753906,137.49000549316406,136.6699981689453,136.75999450683594,13310500
2021-05-21,115.71176147460938,137.6699981689453,137.6999969482422,137.05999755859375,137.66000366210938,10171600
2021-05-24,116.140380859375,138.17999267578125,138.5800018310547,137.88999938964844,137.99000549316406,6868700
2021-05-25,117.21625518798828,139.4600067138672,139.5,138.6199951171875,138.6300048828125,12346900
2021-05-26,117.01456451416016,139.22000122070312,139.91000366210938,138.8800048828125,139.58999633789062,9793700
2021-05-27,116.54379272460938,138.66000366210938,138.69000244140625,137.99000549316406,138.5,10695200
2021-05-28,116.35895538330078,138.44000244140625,139.3000030517578,138.33999633789062,138.5800018310547,10258000
2021-06-01,116.3328628540039,138.2100067138672,138.25999450683594,137.25,137.82000732421875,11778500
2021-06-02,116.60221862792969,138.52999877929688,138.7899932861328,138.32000732421875,138.5500030517578,7347900
2021-06-03,116.16452026367188,138.00999450683594,138.50999450683594,137.85000610351562,138.50999450683594,10994000
2021-06-04,117.75528717041016,139.89999389648438,139.89999389648438,138.52000427246094,138.52000427246094,15773700
2021-06-07,117.3934097290039,139.47000122070312,139.7100067138672,139.32000732421875,139.58999633789062,7799800
2021-06-08,118.21825408935547,140.4499969482422,140.66000366210938,140.2100067138672,140.66000366210938,11230900
2021-06-09,119.26197052001953,141.69000244140625,142.14999389648438,141.25,141.75999450683594,12768300
2021-06-10,119.97747802734375,142.5399932861328,142.55999755859375,140.67999267578125,140.8300018310547,19698300
2021-06-11,119.78384399414062,142.30999755859375,142.39999389648438,141.83999633789062,142.30999755859375,8646700
2021-06-14,118.86637878417969,141.22000122070312,142.10000610351562,141.00999450683594,142.10000610351562,9401300
2021-06-15,118.72330474853516,141.0500030517578,141.08999633789062,140.47999572753906,140.8000030517578,18207300
2021-06-16,118.62228393554688,140.92999267578125,141.6699981689453,140.2100067138672,141.39999389648438,19676300
2021-06-17,120.39823913574219,143.0399932861328,144.92999267578125,141.63999938964844,141.86000061035156,35225800
2021-06-18,122.66248321533203,145.72999572753906,146.0399932861328,144.1199951171875,144.27999877929688,26616900
2021-06-21,120.6087417602539,143.2899932861328,144.49000549316406,143.02000427246094,144.38999938964844,16485000
2021-06-22,120.9032974243164,143.63999938964844,143.67999267578125,142.1199951171875,142.1699981689453,14530200
2021-06-23,120.5919189453125,143.27000427246094,143.5,142.7100067138672,143.11000061035156,12040900
2021-06-24,120.78553771972656,143.5,143.89999389648438,143.3300018310547,143.4199981689453,8788400
2021-06-25,119.53131866455078,142.00999450683594,143.39999389648438,141.3699951171875,143.25999450683594,15562200
2021-06-28,120.76017761230469,143.47000122070312,143.8000030517578,142.6999969482422,142.72000122070312,11460700
2021-06-29,120.96227264404297,143.7100067138672,143.72000122070312,143.0399932861328,143.10000610351562,11217900
2021-06-30,121.50098419189453,144.35000610351562,144.92999267578125,144.07000732421875,144.25,15708900
2021-07-01,121.50763702392578,144.1699981689453,144.30999755859375,143.52999877929688,143.97999572753906,10810000
2021-07-02,122.24097442626953,145.0399932861328,145.0399932861328,144.11000061035156,144.22999572753906,9650200
2021-07-06,123.6736831665039,146.74000549316406,146.99000549316406,145.72000122070312,145.72000122070312,20037200
2021-07-07,124.76935577392578,148.0399932861328,148.55999755859375,147.22000122070312,147.57000732421875,20964400
2021-07-08,125.2581787109375,148.6199951171875,149.44000244140625,148.1699981689453,148.8800048828125,17487800
2021-07-09,123.49671173095703,146.52999877929688,146.99000549316406,146.49000549316406,146.8699951171875,14483600
2021-07-12,123.3365478515625,146.33999633789062,147.22999572753906,146.1699981689453,147.08999633789062,10610400
2021-07-13,122.392578125,145.22000122070312,147.4600067138672,144.63999938964844,146.82000732421875,23340200
2021-07-14,123.78324890136719,146.8699951171875,146.9199981689453,145.80999755859375,146.00999450683594,16038600
2021-07-15,125.14859771728516,148.49000549316406,148.60000610351562,147.02999877929688,147.9499969482422,18462400
2021-07-16,124.91264343261719,148.2100067138672,148.33999633789062,147.32000732421875,147.33999633789062,12787900
2021-07-19,127.65182495117188,151.4600067138672,151.9499969482422,150.6199951171875,150.9499969482422,40203900
2021-07-20,126.42123413085938,150.0,152.7100067138672,149.75999450683594,152.52999877929688,25674800
2021-07-21,124.81993865966797,148.10000610351562,148.5,146.6699981689453,148.17999267578125,19988900
2021-07-22,125.9998779296875,149.5,149.80999755859375,148.05999755859375,148.11000061035156,18136900
2021-07-23,125.15702056884766,148.5,148.66000366210938,147.88999938964844,147.94000244140625,12639300
2021-07-26,124.78621673583984,148.05999755859375,149.05999755859375,147.8800048828125,149.0,10737700
2021-07-27,126.11780548095703,149.63999938964844,149.69000244140625,148.99000549316406,149.3300018310547,13036500
2021-07-28,126.12627410888672,149.64999389648438,149.6699981689453,148.27000427246094,148.6699981689453,14346700
2021-07-29,125.42671203613281,148.82000732421875,149.22000122070312,148.52999877929688,148.77999877929688,11532000
2021-07-30,126.01673126220703,149.52000427246094,149.72000122070312,149.05999755859375,149.1300048828125,14342100
2021-08-02,127.14068603515625,150.6699981689453,151.22999572753906,149.17999267578125,149.4499969482422,21232700
2021-08-03,127.2082290649414,150.75,151.22999572753906,150.38999938964844,150.75,13361900
2021-08-04,127.46979522705078,151.05999755859375,151.82000732421875,149.72000122070312,151.5,18267900
2021-08-05,126.82008361816406,150.2899932861328,150.9199981689453,150.0,150.75999450683594,15345400
2021-08-06,124.70201873779297,147.77999877929688,148.75999450683594,147.69000244140625,148.32000732421875,21144300
2021-08-09,124.25479888916016,147.25,148.55999755859375,147.22999572753906,148.14999389648438,12942400
2021-08-10,123.68096160888672,146.57000732421875,147.57000732421875,146.55999755859375,147.49000549316406,13716900
2021-08-11,123.60502624511719,146.47999572753906,147.22999572753906,145.7100067138672,146.41000366210938,17227600
2021-08-12,123.4024887084961,146.24000549316406,146.44000244140625,145.42999267578125,146.08999633789062,14709400
2021-08-13,125.35175323486328,148.5500030517578,148.55999755859375,146.80999755859375,146.8300018310547,18653800
2021-08-16,125.65553283691406,148.91000366210938,150.02000427246094,148.80999755859375,149.19000244140625,19170900
2021-08-17,125.60488891601562,148.85000610351562,149.47000122070312,148.6699981689453,148.8800048828125,14126900
2021-08-18,126.02685546875,149.35000610351562,149.47000122070312,148.4499969482422,148.7100067138672,13144000
2021-08-19,126.95504760742188,150.4499969482422,150.4600067138672,149.80999755859375,150.30999755859375,15474300
2021-08-20,127.03946685791016,150.5500030517578,150.80999755859375,150.11000061035156,150.58999633789062,12388400
2021-08-23,126.95504760742188,150.4499969482422,150.5,149.9199981689453,150.1999969482422,10615000
2021-08-24,125.96773529052734,149.27999877929688,150.07000732421875,149.27999877929688,149.75999450683594,13835900
2021-08-25,124.92139434814453,148.0399932861328,149.3699951171875,147.5800018310547,149.2100067138672,16743800
2021-08-26,125.26737213134766,148.4499969482422,148.57000732421875,147.50999450683594,147.97000122070312,16657400
2021-08-27,126.11966705322266,149.4600067138672,149.49000549316406,148.3300018310547,148.57000732421875,15384700
2021-08-30,126.44879913330078,149.85000610351562,149.89999389648438,148.92999267578125,148.99000549316406,10596300
2021-08-31,125.58805084228516,148.8300018310547,150.08999633789062,148.5,149.6699981689453,15262400
2021-09-01,125.7984390258789,148.88999938964844,149.38999938964844,148.49000549316406,149.27000427246094,10807100
2021-09-02,126.34759521484375,149.5399932861328,149.5500030517578,148.75,149.24000549316406,9765900
2021-09-03,125.19854736328125,148.17999267578125,148.50999450683594,147.94000244140625,148.27000427246094,12928000
2021-09-07,124.142333984375,146.92999267578125,147.52000427246094,146.66000366210938,147.25999450683594,15547800
2021-09-08,124.98731231689453,147.92999267578125,148.19000244140625,147.38999938964844,147.66000366210938,14533700
2021-09-09,126.49968719482422,149.72000122070312,149.88999938964844,147.85000610351562,148.1699981689453,20324600
2021-09-10,125.3844223022461,148.39999389648438,149.1699981689453,148.16000366210938,148.89999389648438,14894600
2021-09-13,126.14486694335938,149.3000030517578,149.49000549316406,148.9499969482422,149.0399932861328,15036100
2021-09-14,127.6740951538086,151.11000061035156,151.57000732421875,149.5800018310547,149.72999572753906,19918400
2021-09-15,127.22636413574219,150.5800018310547,151.25,149.92999267578125,151.2100067138672,11940300
2021-09-16,126.64336395263672,149.88999938964844,150.4499969482422,149.5,149.6699981689453,13328900
2021-09-17,126.03497314453125,149.1699981689453,149.36000061035156,148.6999969482422,149.17999267578125,13782900
2021-09-20,127.59808349609375,151.02000427246094,151.3699951171875,150.22999572753906,150.57000732421875,14660400
2021-09-21,127.48824310302734,150.88999938964844,150.9600067138672,150.1999969482422,150.7100067138672,10035800
2021-09-22,128.24864196777344,151.7899932861328,151.7899932861328,150.44000244140625,150.7899932861328,22277800
2021-09-23,125.35059356689453,148.36000061035156,150.4499969482422,148.33999633789062,150.4199981689453,23853300
2021-09-24,124.12549591064453,146.91000366210938,147.85000610351562,146.74000549316406,147.83999633789062,20203900
2021-09-27,123.66924285888672,146.3699951171875,146.8699951171875,145.8800048828125,146.05999755859375,13464300
2021-09-28,121.7428207397461,144.08999633789062,145.07000732421875,143.63999938964844,144.3300018310547,26613500
2021-09-29,121.95411682128906,144.33999633789062,145.42999267578125,143.69000244140625,144.8000030517578,23569400
2021-09-30,121.93714904785156,144.32000732421875,144.50999450683594,143.64999389648438,144.10000610351562,22567600
2021-10-01,122.96334838867188,145.35000610351562,145.39999389648438,144.1999969482422,144.85000610351562,26151800
2021-10-04,122.65039825439453,144.97999572753906,145.4600067138672,144.10000610351562,144.6699981689453,28027600
2021-10-05,121.46595764160156,143.5800018310547,144.6999969482422,143.4600067138672,144.60000610351562,22659200
2021-10-06,122.15126037597656,144.38999938964844,144.72000122070312,144.02999877929688,144.22999572753906,18696500
2021-10-07,120.8738021850586,142.8800048828125,143.33999633789062,142.58999633789062,143.19000244140625,14856000
2021-10-08,120.02781677246094,141.8800048828125,142.35000610351562,141.52999877929688,142.25999450683594,17257800
2021-10-11,119.7232437133789,141.52000427246094,141.89999389648438,141.4499969482422,141.60000610351562,7213400
2021-10-12,121.77053833007812,143.94000244140625,144.00999450683594,142.47999572753906,142.6300048828125,17968700
2021-10-13,122.95481872558594,145.33999633789062,145.52999877929688,144.5800018310547,144.61000061035156,23584600
2021-10-14,123.41171264648438,145.8800048828125,145.9600067138672,144.9499969482422,145.3699951171875,12946400
2021-10-15,122.69265747070312,145.02999877929688,145.13999938964844,144.47000122070312,145.0,11811500
2021-10-18,123.26789093017578,145.7100067138672,146.0,144.52000427246094,145.0,12115900
2021-10-19,121.56753540039062,143.6999969482422,144.72999572753906,143.64999389648438,144.66000366210938,12156300
2021-10-20,120.74686431884766,142.72999572753906,143.67999267578125,142.50999450683594,143.25,12782500
2021-10-21,120.60303497314453,142.55999755859375,143.14999389648438,142.22999572753906,143.0,13660000
2021-10-22,121.93123626708984,144.1300048828125,144.39999389648438,143.2100067138672,143.4499969482422,13740000
2021-10-25,121.74518585205078,143.91000366210938,144.3000030517578,143.6300048828125,143.6699981689453,8137900
2021-10-26,122.7519302368164,145.10000610351562,145.10000610351562,143.74000549316406,144.6199951171875,13671000
2021-10-27,124.98529052734375,147.74000549316406,148.17999267578125,145.92999267578125,146.39999389648438,22092300
2021-10-28,124.56224822998047,147.24000549316406,148.3300018310547,146.83999633789062,147.7899932861328,17497600
2021-10-29,124.94297790527344,147.69000244140625,148.0,146.32000732421875,146.47000122070312,19087300
2021-11-01,124.04341888427734,146.44000244140625,146.75999450683594,145.6999969482422,145.8000030517578,18035500
2021-11-02,124.59400939941406,147.08999633789062,147.57000732421875,146.5,146.5,9836700
2021-11-03,123.30644226074219,145.57000732421875,147.97999572753906,145.52999877929688,147.82000732421875,20639400
2021-11-04,124.60244750976562,147.10000610351562,147.36000061035156,145.85000610351562,145.8699951171875,15922400
2021-11-05,126.46598815917969,149.3000030517578,149.5800018310547,148.1300048828125,148.52000427246094,21513000
2021-11-08,126.22883605957031,149.02000427246094,149.27999877929688,148.50999450683594,148.9600067138672,12083800
2021-11-09,127.87211608886719,150.9600067138672,151.77000427246094,150.63999938964844,150.8000030517578,23430200
2021-11-10,125.53414916992188,148.1999969482422,150.92999267578125,147.02999877929688,150.8300018310547,28170600
2021-11-11,125.34783935546875,147.97999572753906,148.66000366210938,147.88999938964844,148.50999450683594,5552500
2021-11-12,124.79724884033203,147.3300018310547,148.50999450683594,146.75999450683594,148.0,12712000
2021-11-15,123.23017883300781,145.47999572753906,146.9600067138672,145.22000122070312,146.88999938964844,15232700
2021-11-16,122.91680908203125,145.11000061035156,146.3800048828125,144.85000610351562,145.69000244140625,12998700
2021-11-17,123.890869140625,146.25999450683594,146.2899932861328,144.4600067138672,144.57000732421875,14239900
2021-11-18,124.35675048828125,146.80999755859375,146.89999389648438,145.9499969482422,145.99000549316406,11054600
2021-11-19,125.66973114013672,148.36000061035156,148.60000610351562,147.5800018310547,147.5800018310547,14022100
2021-11-22,124.19585418701172,146.6199951171875,147.63999938964844,146.1300048828125,147.39999389648438,15266000
2021-11-23,122.40007781982422,144.5,146.11000061035156,144.5,145.92999267578125,15318500
2021-11-24,124.3652572631836,146.82000732421875,146.82000732421875,144.7899932861328,144.94000244140625,13769700
2021-11-26,127.50789642333984,150.52999877929688,150.67999267578125,148.6699981689453,148.8300018310547,20064800
2021-11-29,126.48290252685547,149.32000732421875,149.63999938964844,148.1699981689453,148.30999755859375,23234200
2021-11-30,128.40574645996094,151.58999633789062,152.07000732421875,150.25,150.8300018310547,31481100
2021-12-01,129.19781494140625,152.33999633789062,152.41000366210938,149.7899932861328,150.49000549316406,30826500
2021-12-02,129.3590087890625,152.52999877929688,152.99000549316406,150.75999450683594,152.92999267578125,17754200
2021-12-03,130.9025421142578,154.35000610351562,155.1199951171875,151.35000610351562,151.67999267578125,34427100
2021-12-06,129.10458374023438,152.22999572753906,154.35000610351562,151.92999267578125,154.0500030517578,30924200
2021-12-07,128.0614471435547,151.0,152.52999877929688,150.86000061035156,151.72000122070312,22115900
2021-12-08,125.84791564941406,148.38999938964844,150.47999572753906,148.36000061035156,150.47000122070312,33633900
2021-12-09,126.55183410644531,149.22000122070312,149.83999633789062,148.47999572753906,149.33999633789062,17544900
2021-12-10,126.24645233154297,148.86000061035156,150.24000549316406,148.80999755859375,149.9199981689453,14298700
2021-12-13,128.11228942871094,151.05999755859375,151.30999755859375,150.30999755859375,150.38999938964844,17860500
2021-12-14,127.80693054199219,150.6999969482422,150.92999267578125,149.30999755859375,150.3699951171875,14015500
2021-12-15,126.57720947265625,149.25,150.7899932861328,149.1300048828125,149.61000061035156,25383900
2021-12-16,126.62649536132812,149.13999938964844,149.8800048828125,148.72999572753906,148.75,18677900
2021-12-17,128.06143188476562,150.8300018310547,150.97999572753906,150.16000366210938,150.33999633789062,18093500
2021-12-20,127.10196685791016,149.6999969482422,151.02000427246094,149.60000610351562,150.75,17147300
2021-12-21,126.61802673339844,149.1300048828125,149.1999969482422,147.6199951171875,148.13999938964844,16598200
2021-12-22,127.20389556884766,149.82000732421875,149.86000061035156,149.02000427246094,149.72999572753906,12253900
2021-12-23,126.10010528564453,148.52000427246094,149.60000610351562,148.02999877929688,149.58999633789062,11642500
2021-12-27,126.40571594238281,148.8800048828125,149.00999450683594,148.32000732421875,148.4600067138672,7821800
2021-12-28,125.90482330322266,148.2899932861328,149.77999877929688,148.00999450683594,149.60000610351562,9174600
2021-12-29,124.52935791015625,146.6699981689453,147.30999755859375,146.41000366210938,146.91000366210938,11771200
2021-12-30,125.57369232177734,147.89999389648438,147.97000122070312,146.4499969482422,147.25,10355000
2021-12-31,125.81990814208984,148.19000244140625,149.02999877929688,147.42999267578125,147.80999755859375,13402300
2022-01-03,122.51716613769531,144.3000030517578,146.94000244140625,144.27999877929688,146.41000366210938,33860400
2022-01-04,122.00770568847656,143.6999969482422,144.1300048828125,142.74000549316406,143.61000061035156,21996400
2022-01-05,121.34542846679688,142.9199981689453,144.16000366210938,142.7100067138672,144.13999938964844,20911700
2022-01-06,121.65957641601562,143.2899932861328,143.44000244140625,142.2899932861328,142.58999633789062,18996400
2022-01-07,120.7850341796875,142.25999450683594,143.24000549316406,141.55999755859375,143.1300048828125,18756800
2022-01-10,121.08226776123047,142.61000061035156,142.80999755859375,141.36000061035156,141.64999389648438,13775800
2022-01-11,121.88883209228516,143.55999755859375,143.6300048828125,142.6999969482422,142.8800048828125,24388700
2022-01-12,121.42181396484375,143.00999450683594,144.00999450683594,143.0,143.89999389648438,14440600
2022-01-13,122.50017547607422,144.27999877929688,144.4199981689453,143.02999877929688,143.38999938964844,15166000
2022-01-14,120.64923095703125,142.10000610351562,143.4600067138672,141.7899932861328,143.4199981689453,22997500
2022-01-18,118.9511947631836,140.10000610351562,141.30999755859375,140.02000427246094,140.9600067138672,21171700
2022-01-19,119.77472686767578,141.07000732421875,141.7100067138672,140.30999755859375,140.52999877929688,17930500
2022-01-20,120.51341247558594,141.94000244140625,141.99000549316406,141.08999633789062,141.3699951171875,13959000
2022-01-21,121.94824981689453,143.6300048828125,144.10000610351562,142.6699981689453,143.39999389648438,28916600
2022-01-24,120.94639587402344,142.4499969482422,144.3699951171875,142.42999267578125,144.3000030517578,25001600
2022-01-25,120.75108337402344,142.22000122070312,143.7100067138672,141.8000030517578,143.11000061035156,15599000
2022-01-26,119.29073333740234,140.5,142.57000732421875,140.49000549316406,142.25999450683594,23655500
2022-01-27,121.4813003540039,143.0800018310547,143.3699951171875,142.3300018310547,142.41000366210938,21501800
2022-01-28,121.52375793457031,143.1300048828125,143.4600067138672,141.85000610351562,142.08999633789062,12826500
2022-01-31,120.89541625976562,142.38999938964844,142.9499969482422,141.9600067138672,142.17999267578125,13998400
2022-02-01,120.49417114257812,141.72000122070312,142.36000061035156,141.05999755859375,142.27999877929688,20806100
2022-02-02,120.90225982666016,142.1999969482422,143.57000732421875,141.92999267578125,141.9499969482422,18404600
2022-02-03,119.9585189819336,141.08999633789062,141.47999572753906,140.17999267578125,140.44000244140625,17234100
2022-02-04,118.19001770019531,139.00999450683594,140.13999938964844,138.77999877929688,139.85000610351562,23609800
2022-02-07,118.26654815673828,139.10000610351562,139.30999755859375,138.5500030517578,138.91000366210938,12962400
2022-02-08,117.4758071899414,138.1699981689453,138.5800018310547,137.82000732421875,138.2100067138672,16269200
2022-02-09,117.69688415527344,138.42999267578125,139.3699951171875,138.19000244140625,138.72000122070312,14349100
2022-02-10,115.82638549804688,136.22999572753906,137.8300018310547,135.83999633789062,137.66000366210938,30896200
2022-02-11,117.54385375976562,138.25,138.50999450683594,135.36000061035156,136.8699951171875,43210300
2022-02-14,116.08145141601562,136.52999877929688,137.74000549316406,135.97000122070312,137.1300048828125,23157400
2022-02-15,114.76361083984375,134.97999572753906,135.83999633789062,134.94000244140625,135.60000610351562,18198500
2022-02-16,115.4438247680664,135.77999877929688,136.07000732421875,134.50999450683594,135.9499969482422,16473700
2022-02-17,116.3025131225586,136.7899932861328,137.57000732421875,135.89999389648438,136.4499969482422,24508200
2022-02-18,117.52684783935547,138.22999572753906,138.3699951171875,137.16000366210938,137.52000427246094,17522600
2022-02-22,117.83292388916016,138.58999633789062,138.6699981689453,137.47000122070312,137.69000244140625,19534000
2022-02-23,116.2090072631836,136.67999267578125,137.85000610351562,136.57000732421875,137.67999267578125,17757800
2022-02-24,116.28550720214844,136.77000427246094,139.3699951171875,136.25,139.10000610351562,28150400
2022-02-25,116.37053680419922,136.8699951171875,137.30999755859375,136.17999267578125,136.86000061035156,15025400
2022-02-28,118.92121887207031,139.8699951171875,140.0399932861328,138.32000732421875,138.42999267578125,25817700
2022-03-01,120.29615020751953,141.3000030517578,142.3300018310547,140.0,140.36000061035156,35664400
2022-03-02,116.1841049194336,136.47000122070312,140.4199981689453,136.41000366210938,139.83999633789062,30397400
2022-03-03,117.36753845214844,137.86000061035156,138.6999969482422,137.02000427246094,137.49000549316406,20649100
2022-03-04,119.39371490478516,140.24000549316406,140.82000732421875,139.30999755859375,140.36000061035156,25853100
2022-03-07,118.48278045654297,139.1699981689453,140.63999938964844,138.77000427246094,139.1199951171875,23710900
2022-03-08,117.2908706665039,137.77000427246094,138.25,137.25,137.50999450683594,28331300
2022-03-09,116.14153289794922,136.4199981689453,137.33999633789062,136.1300048828125,137.07000732421875,18819200
2022-03-10,114.47294616699219,134.4600067138672,135.1699981689453,133.72000122070312,134.8300018310547,26868900
2022-03-11,114.85599517822266,134.91000366210938,135.4499969482422,134.2100067138672,134.3300018310547,15583800
2022-03-14,112.17425537109375,131.75999450683594,132.88999938964844,131.72000122070312,132.6999969482422,24385000
2022-03-15,111.97844696044922,131.52999877929688,133.14999389648438,131.19000244140625,132.86000061035156,17518800
2022-03-16,113.0766830444336,132.82000732421875,133.1300048828125,130.32000732421875,131.8300018310547,25857700
2022-03-17,112.23384094238281,131.8300018310547,133.33999633789062,131.07000732421875,132.82000732421875,19330600
2022-03-18,113.60453033447266,133.44000244140625,133.5399932861328,132.57000732421875,132.57000732421875,55891700
2022-03-21,110.97388458251953,130.35000610351562,131.6699981689453,129.75,131.27999877929688,26122000
2022-03-22,109.55208587646484,128.67999267578125,129.33999633789062,128.33999633789062,128.9600067138672,21830900
2022-03-23,111.9529037475586,131.5,131.60000610351562,128.86000061035156,129.3699951171875,21266100
2022-03-24,111.07599639892578,130.47000122070312,131.17999267578125,129.60000610351562,129.64999389648438,17141600
2022-03-25,109.53506469726562,128.66000366210938,129.52000427246094,127.6500015258789,129.5,25684500
2022-03-28,110.47156524658203,129.75999450683594,130.55999755859375,129.0399932861328,129.38999938964844,17657800
2022-03-29,111.30587005615234,130.74000549316406,131.5500030517578,129.74000549316406,130.55999755859375,19319700
2022-03-30,112.17425537109375,131.75999450683594,132.00999450683594,129.99000549316406,130.07000732421875,16310200
2022-03-31,112.44668579101562,132.0800018310547,132.6699981689453,131.66000366210938,131.97999572753906,19901000
2022-04-01,112.87474822998047,132.3800048828125,132.9600067138672,129.7100067138672,130.00999450683594,23489700
2022-04-04,112.09028625488281,131.4600067138672,131.97999572753906,130.7100067138672,131.92999267578125,13609900
2022-04-05,109.55790710449219,128.49000549316406,130.77999877929688,128.2899932861328,130.75999450683594,25196900
2022-04-06,108.67109680175781,127.44999694824219,128.3000030517578,126.4000015258789,126.43000030517578,22952000
2022-04-07,107.85255432128906,126.48999786376953,126.66999816894531,125.41000366210938,126.11000061035156,23458800
2022-04-08,106.6844482421875,125.12000274658203,125.83000183105469,124.26000213623047,125.44999694824219,26859200
2022-04-11,104.99617004394531,123.13999938964844,124.19000244140625,122.55999755859375,123.91999816894531,30020700
2022-04-12,104.85124206542969,122.97000122070312,124.16000366210938,122.66999816894531,124.05000305175781,23124200
2022-04-13,105.06438446044922,123.22000122070312,124.30000305175781,122.88999938964844,123.05000305175781,17189500
2022-04-14,102.95832824707031,120.75,122.93000030517578,120.37999725341797,122.86000061035156,34274500
2022-04-18,102.44672393798828,120.1500015258789,121.08000183105469,119.69000244140625,120.87000274658203,18784300
2022-04-19,101.67933654785156,119.25,119.72000122070312,118.66999816894531,119.1500015258789,26012300
2022-04-20,103.72571563720703,121.6500015258789,121.97000122070312,119.91999816894531,120.22000122070312,31423200
2022-04-21,102.95832824707031,120.75,120.91000366210938,119.16999816894531,120.83000183105469,23323200
2022-04-22,102.310302734375,119.98999786376953,121.44000244140625,119.80999755859375,120.06999969482422,19773400
2022-04-25,103.33349609375,121.19000244140625,122.19000244140625,121.12999725341797,121.37999725341797,25418900
2022-04-26,104.37374114990234,122.41000366210938,123.02999877929688,121.76000213623047,122.44000244140625,26931300
2022-04-27,103.0350570678711,120.83999633789062,122.31999969482422,120.7699966430664,122.19000244140625,14560500
2022-04-28,103.18854522705078,121.0199966430664,121.06999969482422,120.01000213623047,120.38999938964844,16892500
2022-04-29,101.84984588623047,119.44999694824219,120.97000122070312,119.11000061035156,119.30999755859375,26153400
2022-05-02,100.0844497680664,117.18000030517578,118.2699966430664,116.93000030517578,117.86000061035156,29233900
2022-05-03,100.75919342041016,117.97000122070312,119.30999755859375,117.88999938964844,119.04000091552734,21256700
2022-05-04,101.31433868408203,118.62000274658203,118.97000122070312,117.3499984741211,117.97000122070312,25575700
2022-05-05,98.53848266601562,115.37000274658203,116.47000122070312,114.0199966430664,116.3499984741211,48384500
2022-05-06,97.08647918701172,113.66999816894531,115.04000091552734,113.30999755859375,114.13999938964844,32790500
2022-05-09,97.94061279296875,114.66999816894531,114.70999908447266,112.62000274658203,112.86000061035156,26773000
2022-05-10,98.82890319824219,115.70999908447266,116.95999908447266,115.4800033569336,115.88999938964844,33640800
2022-05-11,100.7335433959961,117.94000244140625,117.94000244140625,114.44000244140625,114.73999786376953,34173600
2022-05-12,100.54566192626953,117.72000122070312,118.88999938964844,117.66000366210938,118.0199966430664,26405700
2022-05-13,99.05948638916016,115.9800033569336,117.1500015258789,115.9000015258789,116.9800033569336,20782700
2022-05-16,98.95698547363281,115.86000061035156,116.94000244140625,115.8499984741211,116.20999908447266,11050600
2022-05-17,97.7612533569336,114.45999908447266,115.3499984741211,114.36000061035156,114.70999908447266,15040800
2022-05-18,99.8452377319336,116.9000015258789,117.0,114.61000061035156,114.72000122070312,21337300
2022-05-19,100.0844497680664,117.18000030517578,118.72000122070312,116.8499984741211,118.63999938964844,21937500
2022-05-20,101.22040557861328,118.51000213623047,119.0199966430664,117.05999755859375,117.08999633789062,22780900
2022-05-23,99.55490112304688,116.55999755859375,118.25,116.54000091552734,117.70999908447266,15925200
2022-05-24,101.51931762695312,118.86000061035156,119.63999938964844,117.86000061035156,117.9000015258789,23388200
2022-05-25,101.9207763671875,119.33000183105469,119.62000274658203,118.58999633789062,119.61000061035156,14410800
2022-05-26,101.45954132080078,118.79000091552734,119.08999633789062,117.80000305175781,119.0199966430664,14912900
2022-05-27,101.70724487304688,119.08000183105469,119.73999786376953,118.73999786376953,119.36000061035156,11190400
2022-05-31,99.55490112304688,116.55999755859375,117.2300033569336,115.93000030517578,117.18000030517578,28393700
2022-06-01,99.44107818603516,116.22000122070312,117.33999633789062,115.69000244140625,117.02999877929688,15544800
2022-06-02,99.49241638183594,116.27999877929688,116.70999908447266,115.45999908447266,116.62999725341797,9832000
2022-06-03,99.27850341796875,116.02999877929688,116.05999755859375,114.87000274658203,115.08999633789062,15330400
2022-06-06,97.44746398925781,113.88999938964844,115.51000213623047,113.80999755859375,115.1500015258789,20815400
2022-06-07,98.49988555908203,115.12000274658203,115.77999877929688,114.58000183105469,114.61000061035156,14278700
2022-06-08,97.62716674804688,114.0999984741211,115.12999725341797,114.08000183105469,114.68000030517578,11476100
2022-06-09,97.95228576660156,114.4800033569336,114.70999908447266,113.68000030517578,113.83999633789062,15527300
2022-06-10,97.34480285644531,113.7699966430664,114.61000061035156,112.97000122070312,114.36000061035156,21917100
2022-06-13,94.29020690917969,110.19999694824219,111.66999816894531,109.23999786376953,111.48999786376953,36968300
2022-06-14,93.10091400146484,108.80999755859375,110.9800033569336,108.58999633789062,110.52999877929688,21865900
2022-06-15,94.83781433105469,110.83999633789062,110.98999786376953,109.02999877929688,110.08999633789062,25202800
2022-06-16,95.59076690673828,111.72000122070312,111.72000122070312,108.12000274658203,108.44999694824219,26067300
2022-06-17,95.89877319335938,112.08000183105469,112.83000183105469,110.95999908447266,112.01000213623047,21614300
2022-06-21,94.2730712890625,110.18000030517578,111.0199966430664,109.80999755859375,110.08999633789062,17663800
2022-06-22,96.8656234741211,113.20999908447266,113.30999755859375,112.37999725341797,112.69000244140625,23703800
2022-06-23,97.66138458251953,114.13999938964844,115.16999816894531,113.48999786376953,113.9000015258789,20669200
2022-06-24,96.30948638916016,112.55999755859375,114.16999816894531,112.5,113.45999908447266,18161300
2022-06-27,95.48809051513672,111.5999984741211,112.22000122070312,111.16000366210938,111.22000122070312,12053000
2022-06-28,95.93302154541016,112.12000274658203,112.18000030517578,110.87000274658203,111.29000091552734,13706600
2022-06-29,97.43034362792969,113.87000274658203,113.9000015258789,112.16999816894531,112.37999725341797,12925400
2022-06-30,98.28598022460938,114.87000274658203,115.7699966430664,114.75,114.86000061035156,25802100
2022-07-01,99.29505920410156,115.81999969482422,117.58999633789062,115.22000122070312,115.9000015258789,21858800
2022-07-05,100.07524108886719,116.7300033569336,117.75,116.16999816894531,116.88999938964844,16689700
2022-07-06,98.39485931396484,114.7699966430664,117.54000091552734,114.7699966430664,117.38999938964844,20205400
2022-07-07,97.52897644042969,113.76000213623047,115.16999816894531,113.51000213623047,115.0999984741211,13088000
2022-07-08,96.4487533569336,112.5,113.5,112.05000305175781,113.5,15320000
2022-07-11,98.11194610595703,114.44000244140625,114.79000091552734,113.69999694824219,113.79000091552734,13639900
2022-07-12,98.6949234008789,115.12000274658203,116.2300033569336,114.97000122070312,115.51000213623047,18547300
2022-07-13,99.82659149169922,116.44000244140625,116.6500015258789,113.44999694824219,113.7699966430664,20594800
2022-07-14,99.01213073730469,115.48999786376953,116.16000366210938,114.47000122070312,115.08000183105469,15665000
2022-07-15,99.56936645507812,116.13999938964844,116.81999969482422,115.5999984741211,115.83999633789062,16022600
2022-07-18,98.53203582763672,114.93000030517578,115.31999969482422,114.18000030517578,115.25,15838300
2022-07-19,98.00048065185547,114.30999755859375,115.1500015258789,113.66000366210938,114.91000366210938,9276800
2022-07-20,98.2577133178711,114.61000061035156,115.55000305175781,114.05000305175781,115.4800033569336,9117300
2022-07-21,99.95516204833984,116.58999633789062,116.72000122070312,115.01000213623047,115.19000244140625,14754900
2022-07-22,101.63554382324219,118.55000305175781,119.2699966430664,117.97000122070312,118.29000091552734,17715300
2022-07-25,100.64104461669922,117.38999938964844,117.54000091552734,116.47000122070312,116.70999908447266,24868100
2022-07-26,100.71821594238281,117.4800033569336,119.23999786376953,117.4000015258789,118.86000061035156,13536000
2022-07-27,100.15234375,116.81999969482422,118.48999786376953,116.70999908447266,118.01000213623047,15725600
2022-07-28,100.94966125488281,117.75,118.91999816894531,117.31999969482422,118.05000305175781,16637900
2022-07-29,100.67533111572266,117.43000030517578,119.30999755859375,117.33000183105469,117.69999694824219,16655900
2022-08-01,103.0999526977539,120.04000091552734,120.0999984741211,118.08000183105469,118.25,17974600
2022-08-02,100.91838836669922,117.5,120.69000244140625,117.29000091552734,120.1500015258789,17896300
2022-08-03,102.50733184814453,119.3499984741211,119.48999786376953,116.33000183105469,117.16999816894531,16731200
2022-08-04,102.47295379638672,119.30999755859375,119.55000305175781,118.54000091552734,118.9800033569336,11003000
2022-08-05,100.03375244140625,116.47000122070312,117.11000061035156,115.88999938964844,117.06999969482422,19492300
2022-08-08,101.64845275878906,118.3499984741211,118.52999877929688,117.55999755859375,117.63999938964844,17476300
2022-08-09,101.25335693359375,117.88999938964844,118.36000061035156,117.45999908447266,117.7300033569336,8223200
2022-08-10,100.59202575683594,117.12000274658203,118.91000366210938,116.7300033569336,117.7300033569336,14665300
2022-08-11,98.24726104736328,114.38999938964844,117.05999755859375,114.08999633789062,116.87000274658203,20663800
2022-08-12,99.24359130859375,115.55000305175781,115.56999969482422,114.43000030517578,115.0999984741211,12178400
2022-08-15,99.1576919555664,115.44999694824219,116.75,115.44999694824219,116.33000183105469,9031800
2022-08-16,99.5699691772461,115.93000030517578,116.0199966430664,114.23999786376953,115.25,11066000
2022-08-17,98.53071594238281,114.72000122070312,115.0999984741211,114.30999755859375,115.05999755859375,14131300
2022-08-18,98.67671966552734,114.88999938964844,115.63999938964844,114.58999633789062,114.97000122070312,10738200
2022-08-19,97.08778381347656,113.04000091552734,113.33999633789062,112.73999786376953,113.2300033569336,16330900
2022-08-22,96.76140594482422,112.66000366210938,112.95999908447266,112.12999725341797,112.86000061035156,10457200
2022-08-23,96.22895050048828,112.04000091552734,113.4800033569336,111.73999786376953,112.19000244140625,17813200
2022-08-24,95.52462005615234,111.22000122070312,111.87000274658203,110.86000061035156,111.48999786376953,13971600
2022-08-25,96.85588073730469,112.7699966430664,113.08999633789062,110.98999786376953,111.31999969482422,21429700
2022-08-26,97.58594512939453,113.62000274658203,113.98999786376953,112.01000213623047,112.30000305175781,18764400
2022-08-29,96.77859497070312,112.68000030517578,113.01000213623047,112.12999725341797,112.94000244140625,14278300
2022-08-30,97.01908874511719,112.95999908447266,113.51000213623047,112.20999908447266,112.62000274658203,14346600
2022-08-31,96.09148406982422,111.87999725341797,113.33999633789062,111.58000183105469,112.69000244140625,13623500
2022-09-01,94.3322525024414,109.5999984741211,110.25,108.94000244140625,109.87000274658203,22490400
2022-09-02,94.86585998535156,110.22000122070312,110.55999755859375,109.47000122070312,109.68000030517578,13024400
2022-09-06,92.51617431640625,107.48999786376953,108.97000122070312,107.41999816894531,108.9000015258789,24648500
2022-09-07,93.97933197021484,109.19000244140625,109.4800033569336,108.20999908447266,108.31999969482422,17050100
2022-09-08,93.01536560058594,108.06999969482422,109.5199966430664,108.05000305175781,108.83999633789062,14671400
2022-09-09,93.2219467163086,108.30999755859375,108.80000305175781,107.62999725341797,108.33000183105469,12529800
2022-09-12,92.45592498779297,107.41999816894531,108.88999938964844,106.91999816894531,108.62999725341797,14806900
2022-09-13,92.67109680175781,107.66999816894531,107.73999786376953,106.23999786376953,106.55999755859375,22158900
2022-09-14,92.98954772949219,108.04000091552734,108.20999908447266,107.12000274658203,107.33999633789062,13077800
2022-09-15,92.92931365966797,107.97000122070312,108.19000244140625,107.58000183105469,107.8499984741211,10260200
2022-09-16,92.1546630859375,107.06999969482422,108.05000305175781,106.7699966430664,107.02999877929688,18903800
2022-09-19,92.36984252929688,107.31999969482422,107.81999969482422,106.80000305175781,106.95999908447266,11084400
2022-09-20,91.44889068603516,106.25,106.83999633789062,105.4000015258789,105.69000244140625,20133800
2022-09-21,92.9809341430664,108.02999877929688,108.04000091552734,105.97000122070312,106.69999694824219,23132900
2022-09-22,90.60543823242188,105.2699966430664,105.95999908447266,104.7300033569336,105.79000091552734,29030600
2022-09-23,90.97549438476562,105.69999694824219,106.43000030517578,104.55999755859375,105.33999633789062,23042200
2022-09-26,89.23693084716797,103.68000030517578,105.41000366210938,103.22000122070312,105.36000061035156,25104600
2022-09-27,86.88719940185547,100.94999694824219,102.9800033569336,100.9000015258789,102.70999908447266,34609500
2022-09-28,89.79638671875,104.33000183105469,104.44999694824219,102.4800033569336,103.12999725341797,39283100
2022-09-29,89.33157348632812,103.79000091552734,104.2300033569336,102.80000305175781,102.9000015258789,19127100
2022-09-30,88.17826843261719,102.44999694824219,104.86000061035156,102.2300033569336,104.2699966430664,26485700
2022-10-03,89.57935333251953,103.83000183105469,104.68000030517578,103.1500015258789,103.8499984741211,27192200
2022-10-04,89.3291244506836,103.54000091552734,104.6500015258789,103.30000305175781,104.1500015258789,13788700
2022-10-05,88.47505187988281,102.55000305175781,102.83999633789062,101.58000183105469,102.7300033569336,20522100
2022-10-06,87.98328399658203,101.9800033569336,102.83999633789062,101.52999877929688,102.58999633789062,13965700
2022-10-07,87.12914276123047,100.98999786376953,101.62000274658203,100.47000122070312,100.80999755859375,14814800
2022-10-10,85.77465057373047,99.41999816894531,100.51000213623047,98.80000305175781,100.5,15652600
2022-10-11,86.15423583984375,99.86000061035156,100.9000015258789,98.98999786376953,99.73999786376953,33246700
2022-10-12,86.57701873779297,100.3499984741211,100.54000091552734,99.19000244140625,99.27999877929688,21447600
2022-10-13,85.74876403808594,99.38999938964844,100.37999725341797,98.33999633789062,98.36000061035156,30292500
2022-10-14,85.0412826538086,98.56999969482422,100.19000244140625,98.25,100.19000244140625,18728200
2022-10-17,84.62715911865234,98.08999633789062,99.66000366210938,97.94000244140625,99.29000091552734,18969900
2022-10-18,84.82561492919922,98.31999969482422,98.45999908447266,96.87000274658203,97.94999694824219,16931500
2022-10-19,83.2812728881836,96.52999877929688,97.41999816894531,96.31999969482422,97.19000244140625,25431600
2022-10-20,81.85771942138672,94.87999725341797,96.33000183105469,94.73999786376953,95.93000030517578,25434900
2022-10-21,80.3824234008789,93.16999816894531,93.93000030517578,92.26000213623047,93.0199966430664,46280300
2022-10-24,79.71812438964844,92.4000015258789,93.55000305175781,91.8499984741211,92.81999969482422,31332600
2022-10-25,82.0389175415039,95.08999633789062,95.2300033569336,94.44000244140625,94.58000183105469,31213100
2022-10-26,83.22090148925781,96.45999908447266,96.69000244140625,95.7699966430664,95.7699966430664,24843900
2022-10-27,84.09228515625,97.47000122070312,97.9000015258789,96.22000122070312,96.9800033569336,20270000
2022-10-28,83.51423645019531,96.80000305175781,97.62999725341797,96.41000366210938,96.86000061035156,22244100
2022-10-31,82.91891479492188,96.11000061035156,96.62000274658203,95.02999877929688,96.36000061035156,23956700
2022-11-01,83.69384765625,96.7699966430664,97.41999816894531,96.20999908447266,97.37999725341797,17585100
2022-11-02,83.33061218261719,96.3499984741211,97.62999725341797,95.95999908447266,96.91000366210938,25010500
2022-11-03,82.88087463378906,95.83000183105469,96.37999725341797,95.08999633789062,95.16999816894531,29097500
2022-11-04,81.48841094970703,94.22000122070312,95.66000366210938,94.22000122070312,95.0999984741211,23561400
2022-11-07,80.67546081542969,93.27999877929688,94.86000061035156,93.23999786376953,94.80000305175781,14522800
2022-11-08,81.55760955810547,94.30000305175781,94.95999908447266,93.7699966430664,93.80000305175781,20360600
2022-11-09,81.8257064819336,94.61000061035156,95.0199966430664,93.69000244140625,93.81999969482422,15637500
2022-11-10,84.973876953125,98.25,98.43000030517578,96.63999938964844,96.7300033569336,45380900
2022-11-11,84.66251373291016,97.88999938964844,98.37000274658203,97.54000091552734,97.56999969482422,15943100
2022-11-14,84.45494842529297,97.6500015258789,97.98999786376953,97.08999633789062,97.91000366210938,13741100
2022-11-15,85.82144165039062,99.2300033569336,99.30000305175781,98.11000061035156,98.25,26608200
2022-11-16,87.6982192993164,101.4000015258789,101.44999694824219,99.73999786376953,100.0199966430664,28507700
2022-11-17,86.77281951904297,100.33000183105469,100.56999969482422,99.77999877929688,100.19999694824219,24528900
2022-11-18,86.17607879638672,99.63999938964844,100.88999938964844,99.55000305175781,100.5999984741211,14941300
2022-11-21,86.5392837524414,100.05999755859375,100.81999969482422,99.80000305175781,100.69000244140625,15534000
2022-11-22,87.76742553710938,101.4800033569336,101.62000274658203,100.52999877929688,100.6500015258789,18103100
2022-11-23,89.29826354980469,103.25,103.25,102.08000183105469,102.13999938964844,23234600
2022-11-25,88.99554443359375,102.9000015258789,102.93000030517578,102.43000030517578,102.61000061035156,9486100
2022-11-28,89.24633026123047,103.19000244140625,103.80999755859375,102.69000244140625,103.61000061035156,14563200
2022-11-29,88.19985961914062,101.9800033569336,102.95999908447266,101.91000366210938,102.1500015258789,16576400
2022-11-30,88.84849548339844,102.7300033569336,102.7300033569336,101.37000274658203,101.62000274658203,21581700
2022-12-01,91.68683624267578,105.76000213623047,105.80999755859375,103.0999984741211,103.1500015258789,53156800
2022-12-02,92.83988189697266,107.08999633789062,107.0999984741211,104.61000061035156,105.30000305175781,24479500
2022-12-05,91.53948974609375,105.58999633789062,105.98999786376953,104.9000015258789,105.83999633789062,20159700
2022-12-06,92.71847534179688,106.94999694824219,107.38999938964844,106.19000244140625,106.5,21754500
2022-12-07,94.90315246582031,109.47000122070312,109.68000030517578,108.19999694824219,108.37000274658203,30546700
2022-12-08,94.64308166503906,109.16999816894531,109.44999694824219,108.47000122070312,108.69999694824219,13377300
2022-12-09,92.1810073852539,106.33000183105469,108.16999816894531,106.2699966430664,107.94000244140625,25872200
2022-12-12,92.47575378417969,106.66999816894531,108.11000061035156,106.26000213623047,107.86000061035156,16897100
2022-12-13,93.36869049072266,107.69999694824219,109.08000183105469,107.45999908447266,109.04000091552734,23854700
2022-12-14,93.76749420166016,108.16000366210938,108.31999969482422,106.88999938964844,107.66000366210938,19517500
2022-12-15,94.13336181640625,108.31999969482422,109.12000274658203,108.16000366210938,108.38999938964844,20246200
2022-12-16,93.0818099975586,107.11000061035156,107.83000183105469,106.30999755859375,106.5999984741211,20838300
2022-12-19,91.51758575439453,105.30999755859375,105.83999633789062,104.9800033569336,105.83000183105469,26126800
2022-12-20,89.89248657226562,103.44000244140625,103.80999755859375,103.0999984741211,103.37999725341797,28869000
2022-12-21,90.11845397949219,103.69999694824219,104.4000015258789,102.95999908447266,104.29000091552734,15894100
2022-12-22,90.10106658935547,103.68000030517578,104.12000274658203,103.37999725341797,103.66999816894531,11322500
2022-12-23,88.78014373779297,102.16000366210938,102.80999755859375,102.0199966430664,102.58000183105469,15408900
2022-12-27,87.0246810913086,100.13999938964844,101.06999969482422,100.01000213623047,100.48999786376953,26475700
2022-12-28,86.511962890625,99.55000305175781,100.77999877929688,99.3499984741211,100.6500015258789,17302900
2022-12-29,87.49394989013672,100.68000030517578,100.98999786376953,99.79000091552734,99.86000061035156,16593000
2022-12-30,86.52064514160156,99.55999755859375,100.55000305175781,99.37000274658203,99.87000274658203,20810200
2023-01-03,88.17179107666016,101.45999908447266,102.33999633789062,100.83999633789062,102.19999694824219,25313200
2023-01-04,89.37976837158203,102.8499984741211,103.4800033569336,102.20999908447266,103.22000122070312,21678200
2023-01-05,89.75342559814453,103.27999877929688,103.29000091552734,101.77999877929688,101.87000274658203,14771100
2023-01-06,91.40462493896484,105.18000030517578,105.30000305175781,102.63999938964844,102.69999694824219,27473700
2023-01-09,91.89126586914062,105.73999786376953,105.93000030517578,104.2699966430664,104.41000366210938,21472200
2023-01-10,90.37042999267578,103.98999786376953,104.81999969482422,103.5,104.52999877929688,20545200
2023-01-11,91.839111328125,105.68000030517578,105.72000122070312,104.69999694824219,104.97000122070312,18794000
2023-01-12,93.64672088623047,107.76000213623047,107.80999755859375,104.55999755859375,105.81999969482422,32029600
2023-01-13,92.76897430419922,106.75,107.80000305175781,106.37999725341797,107.0999984741211,17750800
2023-01-17,92.16934967041016,106.05999755859375,106.66000366210938,105.6500015258789,105.66999816894531,13911700
2023-01-18,94.40274810791016,108.62999725341797,108.7699966430664,107.12000274658203,108.45999908447266,35497200
2023-01-19,93.81182861328125,107.94999694824219,108.37000274658203,107.44000244140625,108.0999984741211,17194700
2023-01-20,92.291015625,106.19999694824219,107.23999786376953,106.11000061035156,106.95999908447266,22754100
2023-01-23,91.8564682006836,105.69999694824219,106.19999694824219,105.48999786376953,105.56999969482422,12961500
2023-01-24,93.17741394042969,107.22000122070312,107.44999694824219,105.38999938964844,106.12000274658203,16417200
2023-01-25,93.40335083007812,107.4800033569336,107.91000366210938,106.63999938964844,107.37000274658203,11906500
2023-01-26,92.9688491821289,106.9800033569336,107.6500015258789,106.48999786376953,107.13999938964844,15549400
2023-01-27,92.7342300415039,106.70999908447266,106.95999908447266,106.11000061035156,106.19000244140625,11845500
2023-01-30,92.39527893066406,106.31999969482422,107.16000366210938,106.19000244140625,106.45999908447266,11459700
2023-01-31,93.13395690917969,107.16999816894531,107.27999877929688,105.87000274658203,106.9800033569336,13705300
2023-02-01,94.25354766845703,108.18000030517578,108.58999633789062,106.41999816894531,107.55000305175781,25305800
2023-02-02,94.37551879882812,108.31999969482422,109.3499984741211,108.08999633789062,108.91999816894531,19548400
2023-02-03,92.96405029296875,106.69999694824219,107.11000061035156,106.08000183105469,106.7699966430664,20619500
2023-02-06,92.27580261230469,105.91000366210938,106.30999755859375,105.68000030517578,105.75,15182400
2023-02-07,91.53520965576172,105.05999755859375,106.2300033569336,105.0,105.33000183105469,18290300
2023-02-08,91.97081756591797,105.55999755859375,105.58000183105469,104.38999938964844,105.04000091552734,13530700
2023-02-09,91.09955596923828,104.55999755859375,106.62000274658203,104.38999938964844,106.47000122070312,20469900
2023-02-10,90.0801773071289,103.38999938964844,104.44000244140625,103.12000274658203,104.4000015258789,16598300
2023-02-13,90.83819580078125,104.26000213623047,104.41999816894531,103.58000183105469,103.70999908447266,13134300
2023-02-14,90.62908935546875,104.0199966430664,104.83000183105469,103.13999938964844,104.19999694824219,15440300
2023-02-15,89.78395080566406,103.05000305175781,103.94999694824219,102.5,103.55000305175781,15246900
2023-02-16,88.51192474365234,101.58999633789062,102.22000122070312,101.33000183105469,102.06999969482422,19267300
2023-02-17,89.2002182006836,102.37999725341797,102.37999725341797,100.97000122070312,101.0999984741211,19560900
2023-02-21,87.46638488769531,100.38999938964844,101.19999694824219,100.27999877929688,101.01000213623047,22728000
2023-02-22,88.2679443359375,101.30999755859375,101.69000244140625,100.94999694824219,100.98999786376953,15165400
2023-02-23,89.13050842285156,102.30000305175781,102.58999633789062,101.47000122070312,101.54000091552734,15829100
2023-02-24,87.97171783447266,100.97000122070312,101.80000305175781,100.55999755859375,101.44000244140625,21403600
2023-02-27,88.21569061279297,101.25,101.69999694824219,100.91000366210938,101.29000091552734,14209200
2023-02-28,88.61644744873047,101.70999908447266,101.72000122070312,100.27999877929688,100.56999969482422,14955700
2023-03-01,87.66443634033203,100.37000274658203,101.02999877929688,99.95999908447266,100.81999969482422,19000000
2023-03-02,86.88710021972656,99.4800033569336,99.6500015258789,98.87999725341797,99.05999755859375,23763600
2023-03-03,88.99200439453125,101.88999938964844,101.9000015258789,100.56999969482422,100.93000030517578,30877300
2023-03-06,88.30203247070312,101.0999984741211,102.33999633789062,100.98999786376953,102.22000122070312,16631900
2023-03-07,88.84353637695312,101.72000122070312,102.37000274658203,100.87999725341797,101.45999908447266,23096500
2023-03-08,88.93087768554688,101.81999969482422,102.97000122070312,101.41999816894531,102.4000015258789,20252400
2023-03-09,89.14923858642578,102.06999969482422,102.5199966430664,101.33000183105469,101.55000305175781,21550400
2023-03-10,92.2236557006836,105.58999633789062,105.69000244140625,104.0,104.02999877929688,43921500
2023-03-13,92.43326568603516,105.83000183105469,109.0999984741211,105.04000091552734,108.19999694824219,51502500
2023-03-14,90.91352844238281,104.08999633789062,105.61000061035156,103.75,105.13999938964844,38417800
2023-03-15,92.6690902709961,106.0999984741211,107.70999908447266,105.3499984741211,106.77999877929688,45164100
2023-03-16,91.94415283203125,105.2699966430664,108.02999877929688,105.04000091552734,107.37999725341797,43089300
2023-03-17,93.32415008544922,106.8499984741211,107.7300033569336,106.45999908447266,106.6500015258789,38129000
2023-03-20,92.50316619873047,105.91000366210938,106.95999908447266,105.72000122070312,106.87999725341797,24242800
2023-03-21,91.70832824707031,105.0,105.41999816894531,104.54000091552734,105.08000183105469,18934900
2023-03-22,92.93110656738281,106.4000015258789,106.44999694824219,104.44000244140625,104.66000366210938,26388500
2023-03-23,92.93110656738281,106.4000015258789,106.55000305175781,104.81999969482422,105.36000061035156,25475100
2023-03-24,93.32415008544922,106.8499984741211,107.43000030517578,106.26000213623047,107.08999633789062,23652700
2023-03-27,91.13188171386719,104.33999633789062,105.76000213623047,104.33000183105469,105.05000305175781,22224500
2023-03-28,91.2978515625,104.52999877929688,104.68000030517578,104.0199966430664,104.23999786376953,17794300
2023-03-29,91.11441802978516,104.31999969482422,104.44999694824219,103.5999984741211,103.69999694824219,16804400
2023-03-30,91.5336685180664,104.80000305175781,105.05000305175781,104.2699966430664,104.45999908447266,14315800
2023-03-31,92.90491485595703,106.37000274658203,106.55999755859375,105.08000183105469,105.3499984741211,25396700
2023-04-03,93.34185791015625,106.5999984741211,107.0999984741211,105.69999694824219,105.87999725341797,18234800
2023-04-04,93.8059310913086,107.12999725341797,107.80000305175781,105.75,105.77999877929688,18052400
2023-04-05,94.7866439819336,108.25,108.37000274658203,107.41000366210938,107.7699966430664,23047700
2023-04-06,95.03181457519531,108.52999877929688,108.87000274658203,108.38999938964844,108.41999816894531,16447300
2023-04-10,93.49945068359375,106.77999877929688,107.76000213623047,106.55999755859375,107.63999938964844,19134400
2023-04-11,93.6921157836914,107.0,107.08999633789062,106.51000213623047,107.05000305175781,13971200
2023-04-12,93.59578704833984,106.88999938964844,107.16999816894531,105.87999725341797,107.05000305175781,20563000
2023-04-13,92.86024475097656,106.05000305175781,107.38999938964844,105.87999725341797,107.05000305175781,22079400
2023-04-14,92.01090240478516,105.08000183105469,105.55000305175781,104.7699966430664,105.38999938964844,19801900
2023-04-17,90.91635131835938,103.83000183105469,104.58999633789062,103.70999908447266,104.41999816894531,19528800
2023-04-18,91.24036407470703,104.19999694824219,104.58999633789062,103.80000305175781,103.80999755859375,15922600
2023-04-19,91.15278625488281,104.0999984741211,104.23999786376953,103.4800033569336,103.91000366210938,16093900
2023-04-20,91.93209838867188,104.98999786376953,105.27999877929688,104.75,104.83000183105469,16450100
2023-04-21,91.41548156738281,104.4000015258789,105.45999908447266,104.2699966430664,105.30000305175781,15244700
2023-04-24,92.29985046386719,105.41000366210938,105.48999786376953,104.83999633789062,104.95999908447266,17034300
2023-04-25,93.65709686279297,106.95999908447266,107.12999725341797,106.27999877929688,106.33000183105469,21899900
2023-04-26,92.65887451171875,105.81999969482422,107.23999786376953,105.66999816894531,106.79000091552734,19610400
2023-04-27,91.73947143554688,104.7699966430664,105.2699966430664,104.61000061035156,105.19999694824219,20247600
2023-04-28,93.21927642822266,106.45999908447266,106.76000213623047,105.86000061035156,106.20999908447266,26954100
2023-05-01,90.53131103515625,103.12999725341797,105.41999816894531,102.83999633789062,105.2699966430664,32487300
2023-05-02,92.78733825683594,105.69999694824219,105.69999694824219,103.88999938964844,104.0,30057800
2023-05-03,93.30528259277344,106.29000091552734,106.5999984741211,105.27999877929688,106.0,23656200
2023-05-04,92.38358306884766,105.23999786376953,106.44999694824219,105.1500015258789,105.22000122070312,25110500
2023-05-05,92.07630920410156,104.88999938964844,104.9000015258789,104.11000061035156,104.3499984741211,15096500
2023-05-08,90.78591918945312,103.41999816894531,103.87000274658203,103.31999969482422,103.5199966430664,20587000
2023-05-09,90.46111297607422,103.05000305175781,103.63999938964844,103.0,103.5,19182500
2023-05-10,91.33895111083984,104.05000305175781,104.23999786376953,103.63999938964844,103.66999816894531,22886800
2023-05-11,92.30457305908203,105.1500015258789,105.5199966430664,104.72000122070312,105.30000305175781,19147200
2023-05-12,91.53201293945312,104.2699966430664,105.25,104.25,105.05000305175781,14198500
2023-05-15,90.58399200439453,103.19000244140625,103.47000122070312,103.12000274658203,103.38999938964844,20085300
2023-05-16,90.31185913085938,102.87999725341797,102.9000015258789,102.11000061035156,102.4000015258789,29251700
2023-05-17,90.04854583740234,102.58000183105469,103.16000366210938,102.3499984741211,103.08000183105469,21340900
2023-05-18,89.38136291503906,101.81999969482422,102.26000213623047,101.75,102.19999694824219,25536600
2023-05-19,88.74930572509766,101.0999984741211,101.86000061035156,100.93000030517578,101.26000213623047,29038000
2023-05-22,88.43330383300781,100.73999786376953,101.70999908447266,100.66999816894531,101.25,20131100
2023-05-23,88.68785858154297,101.02999877929688,101.25,100.27999877929688,100.43000030517578,21749500
2023-05-24,88.24894714355469,100.52999877929688,101.36000061035156,100.52999877929688,101.27999877929688,18473400
2023-05-25,88.0295181274414,100.27999877929688,100.80000305175781,100.02999877929688,100.69999694824219,22492800
2023-05-26,88.74052429199219,101.08999633789062,101.16999816894531,100.0,100.12000274658203,17030300
2023-05-30,89.62716674804688,102.0999984741211,102.23999786376953,101.25,101.4000015258789,23125200
2023-05-31,90.40843200683594,102.98999786376953,103.18000030517578,101.87000274658203,101.98999786376953,23787000
2023-06-01,90.76313781738281,103.12000274658203,103.62999725341797,102.62999725341797,103.27999877929688,21040400
2023-06-02,89.7685546875,101.98999786376953,103.06999969482422,101.94000244140625,103.0,19136500
2023-06-05,89.601318359375,101.80000305175781,102.44000244140625,101.20999908447266,101.3499984741211,14433200
2023-06-06,90.12943267822266,102.4000015258789,102.47000122070312,101.38999938964844,101.83999633789062,14332100
2023-06-07,88.79153442382812,100.87999725341797,102.43000030517578,100.77999877929688,102.16999816894531,25251100
2023-06-08,89.83015441894531,102.05999755859375,102.13999938964844,100.80000305175781,100.87000274658203,23845100
2023-06-09,89.70697021484375,101.91999816894531,102.2699966430664,101.33999633789062,101.5999984741211,22147400
2023-06-12,89.97098541259766,102.22000122070312,102.30000305175781,101.12000274658203,102.23999786376953,19010300
2023-06-13,89.0820083618164,101.20999908447266,102.33000183105469,100.97000122070312,102.11000061035156,25910800
2023-06-14,89.79496765136719,102.0199966430664,102.29000091552734,101.45999908447266,101.62999725341797,29094200
2023-06-15,90.65751647949219,103.0,103.62999725341797,102.5999984741211,103.02999877929688,25732000
2023-06-16,90.30542755126953,102.5999984741211,102.83000183105469,102.02999877929688,102.44000244140625,16759100
2023-06-20,90.93036651611328,103.30999755859375,103.66000366210938,103.11000061035156,103.11000061035156,17162900
2023-06-21,91.15043640136719,103.55999755859375,103.6500015258789,102.33999633789062,102.80999755859375,19720100
2023-06-22,90.05020141601562,102.30999755859375,103.25,102.19999694824219,102.80000305175781,23630700
2023-06-23,90.94796752929688,103.33000183105469,103.94999694824219,102.9800033569336,103.83000183105469,22901900
2023-06-26,91.04479217529297,103.44000244140625,103.80000305175781,103.16000366210938,103.62000274658203,12894900
2023-06-27,90.80715942382812,103.16999816894531,103.94999694824219,102.76000213623047,103.58999633789062,18105700
2023-06-28,91.19441986083984,103.61000061035156,103.83999633789062,102.83000183105469,103.41000366210938,23826800
2023-06-29,89.54851531982422,101.73999786376953,102.33999633789062,101.44999694824219,102.16999816894531,41091600
2023-06-30,90.60470581054688,102.94000244140625,103.05999755859375,101.87000274658203,102.05999755859375,32024900
2023-07-03,90.09105682373047,102.08000183105469,103.26000213623047,102.05999755859375,102.83999633789062,16011800
2023-07-05,89.2349853515625,101.11000061035156,102.0,100.73999786376953,101.88999938964844,28170300
2023-07-06,87.97294616699219,99.68000030517578,100.37999725341797,99.47000122070312,100.19999694824219,41375700
2023-07-07,87.44338989257812,99.08000183105469,99.5999984741211,98.98999786376953,99.18000030517578,28996500
2023-07-10,87.55810546875,99.20999908447266,99.52999877929688,98.8499984741211,98.86000061035156,24665200
2023-07-11,88.00823974609375,99.72000122070312,99.97000122070312,99.29000091552734,99.56999969482422,20485500
2023-07-12,88.98786926269531,100.83000183105469,101.12000274658203,99.7699966430664,100.0999984741211,31928000
2023-07-13,89.92338562011719,101.88999938964844,101.97000122070312,101.02999877929688,101.30999755859375,32441500
2023-07-14,89.39385986328125,101.29000091552734,101.94000244140625,101.23999786376953,101.72000122070312,18569000
2023-07-17,89.43795776367188,101.33999633789062,101.48999786376953,100.91999816894531,101.2300033569336,18822000
2023-07-18,89.8439712524414,101.80000305175781,102.06999969482422,101.56999969482422,101.80000305175781,15407400
2023-07-19,90.85889434814453,102.94999694824219,102.9800033569336,101.7300033569336,102.0,27192500
2023-07-20,89.75569915771484,101.69999694824219,102.30999755859375,101.27999877929688,102.22000122070312,56951200
2023-07-21,89.78215789794922,101.7300033569336,102.3499984741211,101.62999725341797,102.16000366210938,20657500
2023-07-24,89.45563507080078,101.36000061035156,102.1500015258789,101.30000305175781,101.98999786376953,17546700
2023-07-25,89.28793334960938,101.16999816894531,101.5,100.80000305175781,100.83000183105469,17160600
2023-07-26,89.3761978149414,101.2699966430664,101.69000244140625,100.93000030517578,101.68000030517578,19310700
2023-07-27,87.63755798339844,99.30000305175781,100.93000030517578,98.91000366210938,100.70999908447266,44794400
2023-07-28,88.087646484375,99.80999755859375,99.86000061035156,99.1500015258789,99.4000015258789,27434000
2023-07-31,88.29947662353516,100.05000305175781,100.33000183105469,99.62000274658203,99.6500015258789,28663800
2023-08-01,86.85250091552734,98.13999938964844,98.91999816894531,97.9000015258789,98.83999633789062,34943400
2023-08-02,85.92330169677734,97.08999633789062,97.23999786376953,96.41000366210938,97.04000091552734,38121300
2023-08-03,83.94091796875,94.8499984741211,95.31999969482422,94.54000091552734,95.19000244140625,59394800
2023-08-04,85.42770385742188,96.52999877929688,96.68000030517578,95.12999725341797,95.1500015258789,42071800
2023-08-07,84.58695983886719,95.58000183105469,96.19999694824219,95.5,96.11000061035156,35862900
2023-08-08,85.56929779052734,96.69000244140625,97.37000274658203,96.44000244140625,96.86000061035156,24010500
2023-08-09,86.01180267333984,97.19000244140625,97.29000091552734,96.83999633789062,96.87999725341797,20151100
2023-08-10,84.59581756591797,95.58999633789062,97.36000061035156,95.58999633789062,97.04000091552734,37253200
2023-08-11,84.40113067626953,95.37000274658203,95.87000274658203,95.19999694824219,95.30000305175781,26753500
2023-08-14,84.21525573730469,95.16000366210938,95.93000030517578,94.9000015258789,95.20999908447266,19072000
2023-08-15,83.70196533203125,94.58000183105469,95.19999694824219,94.55999755859375,94.80000305175781,24125000
2023-08-16,83.0470962524414,93.83999633789062,94.79000091552734,93.72000122070312,94.27999877929688,23076700
2023-08-17,82.69309997558594,93.44000244140625,93.61000061035156,93.0199966430664,93.5,32244900
2023-08-18,82.98513793945312,93.7699966430664,94.19000244140625,93.30000305175781,93.43000030517578,24181700
2023-08-21,81.87890625,92.5199966430664,92.76000213623047,92.2300033569336,92.66000366210938,29254100
2023-08-22,82.50727081298828,93.2300033569336,93.27999877929688,92.45999908447266,92.63999938964844,21308700
2023-08-23,84.55158996582031,95.54000091552734,95.55000305175781,94.2300033569336,94.30000305175781,38294700
2023-08-24,83.99402618408203,94.91000366210938,95.55000305175781,94.88999938964844,95.12999725341797,22300800
2023-08-25,84.26836395263672,95.22000122070312,95.51000213623047,94.51000213623047,94.66000366210938,23865200
2023-08-28,84.35684967041016,95.31999969482422,95.66000366210938,94.88999938964844,95.6500015258789,16037300
2023-08-29,85.23298645019531,96.30999755859375,96.51000213623047,94.94000244140625,94.97000122070312,28478100
2023-08-30,85.14450073242188,96.20999908447266,96.4000015258789,95.87999725341797,96.16000366210938,17550100
2023-08-31,85.5250473022461,96.63999938964844,97.05000305175781,96.43000030517578,96.54000091552734,26959700
2023-09-01,84.19270324707031,94.8499984741211,95.81999969482422,94.62000274658203,95.80000305175781,32469700
2023-09-05,83.01212310791016,93.5199966430664,94.29000091552734,93.48999786376953,94.27999877929688,29435900
2023-09-06,83.21629333496094,93.75,94.11000061035156,93.45999908447266,94.08999633789062,23636300
2023-09-07,83.44710540771484,94.01000213623047,94.06999969482422,93.68000030517578,94.0,18091500
2023-09-08,83.76664733886719,94.37000274658203,94.9000015258789,94.16999816894531,94.37999725341797,17052100
2023-09-11,83.16304016113281,93.69000244140625,93.9800033569336,93.55000305175781,93.69999694824219,17061500
2023-09-12,83.6423568725586,94.2300033569336,94.23999786376953,93.58000183105469,93.88999938964844,20034300
2023-09-13,83.6246109008789,94.20999908447266,94.52999877929688,93.81999969482422,93.91999816894531,23332300
2023-09-14,83.02099609375,93.52999877929688,94.20999908447266,93.4000015258789,93.94000244140625,27800600
2023-09-15,82.51506042480469,92.95999908447266,93.4800033569336,92.95999908447266,93.45999908447266,25642900
2023-09-18,82.98548889160156,93.48999786376953,93.52999877929688,92.81999969482422,92.8499984741211,17963400
2023-09-19,82.37303161621094,92.80000305175781,93.43000030517578,92.80000305175781,93.08000183105469,24941800
2023-09-20,82.63044738769531,93.08999633789062,93.5999984741211,93.04000091552734,93.29000091552734,29451200
2023-09-21,80.50899505615234,90.69999694824219,91.37000274658203,90.69000244140625,91.29000091552734,59958700
2023-09-22,81.15696716308594,91.43000030517578,91.61000061035156,90.66999816894531,90.80999755859375,29524500
2023-09-25,79.15978240966797,89.18000030517578,90.04000091552734,89.1500015258789,89.66000366210938,45587900
2023-09-26,78.88461303710938,88.87000274658203,89.62000274658203,88.70999908447266,89.43000030517578,38104100
2023-09-27,78.4762954711914,88.41000366210938,89.62000274658203,88.08999633789062,89.54000091552734,47111200
2023-09-28,78.71595001220703,88.68000030517578,88.7300033569336,87.0999984741211,87.62000274658203,60238000
2023-09-29,78.7248306274414,88.69000244140625,89.48999786376953,88.12999725341797,89.2699966430664,49010100
2023-10-02,77.40697479248047,86.93000030517578,87.93000030517578,86.70999908447266,87.81999969482422,44704300
2023-10-03,75.7418441772461,85.05999755859375,86.6500015258789,84.88999938964844,86.30999755859375,71362600
2023-10-04,76.81034088134766,86.26000213623047,86.30999755859375,85.37000274658203,85.7699966430664,56281600
2023-10-05,76.42748260498047,85.83000183105469,86.19000244140625,85.63999938964844,86.11000061035156,35758800
2023-10-06,75.50139617919922,84.79000091552734,85.69000244140625,84.05999755859375,84.19999694824219,62787900
2023-10-09,77.27340698242188,86.77999877929688,86.80000305175781,84.94999694824219,85.5,29424900
2023-10-10,77.16654968261719,86.66000366210938,87.16999816894531,85.5199966430664,85.8499984741211,54743900
2023-10-11,78.77825927734375,88.47000122070312,88.47000122070312,87.5999984741211,87.8499984741211,58517700
2023-10-12,76.64115142822266,86.06999969482422,88.19000244140625,85.93000030517578,88.05000305175781,66986700
2023-10-13,78.01245880126953,87.61000061035156,87.83000183105469,87.16999816894531,87.5999984741211,44183800
2023-10-16,76.75691986083984,86.19999694824219,86.37000274658203,85.9000015258789,86.19000244140625,38309800
2023-10-17,75.91102600097656,85.25,85.62999725341797,84.5,84.88999938964844,52949100
2023-10-18,75.2431640625,84.5,84.72000122070312,83.8499984741211,84.37999725341797,63724600
2023-10-19,73.70269012451172,82.7699966430664,84.56999969482422,82.73999786376953,83.87999725341797,87696900
2023-10-20,74.12117767333984,83.23999786376953,83.54000091552734,82.7699966430664,82.98999786376953,52188800
2023-10-23,75.01165008544922,84.23999786376953,84.86000061035156,82.41999816894531,82.80999755859375,70890400
2023-10-24,76.00006103515625,85.3499984741211,85.3499984741211,84.08999633789062,84.44000244140625,46267700
2023-10-25,74.30819702148438,83.44999694824219,84.12999725341797,83.12999725341797,84.0199966430664,60737200
2023-10-26,75.44796752929688,84.7300033569336,84.81999969482422,83.4000015258789,83.4800033569336,49704100
2023-10-27,75.12740325927734,84.37000274658203,84.97000122070312,83.73999786376953,84.19000244140625,32362300
2023-10-30,74.78901672363281,83.98999786376953,84.5,83.23999786376953,83.80999755859375,45026900
2023-10-31,74.4239501953125,83.58000183105469,84.7699966430664,83.55000305175781,84.37000274658203,37269200
2023-11-01,76.03763580322266,85.0999984741211,85.12000274658203,84.0199966430664,84.04000091552734,72308500
2023-11-02,77.77104187011719,87.04000091552734,87.30999755859375,86.22000122070312,86.68000030517578,69739400
2023-11-03,78.29821014404297,87.62999725341797,89.05000305175781,87.58000183105469,88.80999755859375,77692300
2023-11-06,77.53873443603516,86.77999877929688,87.19999694824219,86.5999984741211,87.06999969482422,41341900
2023-11-07,78.68238830566406,88.05999755859375,88.5,87.58999633789062,87.61000061035156,37834200
2023-11-08,80.02268981933594,89.55999755859375,89.62000274658203,88.44999694824219,88.4800033569336,53893400
2023-11-09,78.18208312988281,87.5,89.02999877929688,86.73999786376953,88.94000244140625,88975100
2023-11-10,78.619873046875,87.98999786376953,88.43000030517578,87.7699966430664,88.2300033569336,36516400
2023-11-13,78.441162109375,87.79000091552734,87.94000244140625,86.9000015258789,87.22000122070312,25661500
2023-11-14,80.21923065185547,89.77999877929688,90.1500015258789,89.29000091552734,90.0,65666800
2023-11-15,79.09344482421875,88.5199966430664,89.13999938964844,88.30999755859375,89.01000213623047,56205300
2023-11-16,80.0762710571289,89.62000274658203,89.95999908447266,89.25,89.30000305175781,49473900
2023-11-17,80.45158386230469,90.04000091552734,90.43000030517578,89.63999938964844,90.16000366210938,44091400
2023-11-20,80.94297790527344,90.58999633789062,90.66000366210938,89.61000061035156,89.62000274658203,40477800
2023-11-21,80.90727233886719,90.55000305175781,90.80000305175781,89.88999938964844,90.5,27721000
2023-11-22,81.19319152832031,90.87000274658203,91.31999969482422,90.37999725341797,91.12000274658203,31197500
2023-11-24,80.23712921142578,89.80000305175781,90.26000213623047,89.79000091552734,90.0999984741211,20199600
2023-11-27,81.57738494873047,91.30000305175781,91.33999633789062,90.20999908447266,90.30000305175781,39804400
2023-11-28,81.73820495605469,91.4800033569336,91.52999877929688,90.79000091552734,90.91000366210938,44989300
2023-11-29,82.76577758789062,92.62999725341797,92.69999694824219,91.77999877929688,92.11000061035156,61647800
2023-11-30,81.80970764160156,91.55999755859375,92.29000091552734,91.16000366210938,91.97000122070312,60520900
2023-12-01,83.35050201416016,92.98999786376953,93.05999755859375,91.12999725341797,91.30999755859375,64172200
2023-12-04,83.01888275146484,92.62000274658203,92.83000183105469,92.08999633789062,92.48999786376953,33766300
2023-12-05,84.80258178710938,94.61000061035156,94.62000274658203,93.56999969482422,93.62999725341797,73588600
2023-12-06,85.93194580078125,95.87000274658203,96.05000305175781,94.87000274658203,95.08000183105469,61606100
2023-12-07,85.43896484375,95.31999969482422,96.08000183105469,95.05999755859375,95.18000030517578,47970200
2023-12-08,84.73981475830078,94.54000091552734,94.72000122070312,93.91000366210938,94.41999816894531,44809200
2023-12-11,84.56056213378906,94.33999633789062,94.44000244140625,93.52999877929688,94.01000213623047,33909700
2023-12-12,84.81153869628906,94.62000274658203,94.69999694824219,93.9000015258789,94.1500015258789,36996900
2023-12-13,86.80138397216797,96.83999633789062,96.9800033569336,95.0199966430664,95.16999816894531,70828500
2023-12-14,89.05937194824219,99.04000091552734,99.04000091552734,97.41999816894531,97.66000366210938,87798600
2023-12-15,89.15830993652344,99.1500015258789,99.3499984741211,98.58000183105469,98.69000244140625,59941300
2023-12-18,88.44790649414062,98.36000061035156,98.5,98.0199966430664,98.5,34746000
2023-12-19,88.92447662353516,98.88999938964844,99.26000213623047,98.66000366210938,98.86000061035156,30018400
2023-12-20,89.5269775390625,99.55999755859375,99.69000244140625,98.58000183105469,99.11000061035156,51229400
2023-12-21,88.96045684814453,98.93000030517578,99.83999633789062,98.75,99.73999786376953,65231200
2023-12-22,88.55579376220703,98.4800033569336,99.37999725341797,98.23999786376953,99.37999725341797,29244200
2023-12-26,88.80758666992188,98.76000213623047,98.87000274658203,98.4800033569336,98.54000091552734,24019700
2023-12-27,90.38125610351562,100.51000213623047,100.52999877929688,99.5,99.77999877929688,45082800
2023-12-28,89.72481536865234,99.77999877929688,100.56999969482422,99.55999755859375,100.08999633789062,36213000
2023-12-29,88.9155044555664,98.87999725341797,99.81999969482422,98.80000305175781,99.12999725341797,41616200
2024-01-02,88.40291595458984,98.30999755859375,98.6500015258789,98.0,98.2300033569336,47797400
2024-01-03,88.77162170410156,98.72000122070312,98.8499984741211,97.1500015258789,97.37999725341797,58159500
2024-01-04,87.42277526855469,97.22000122070312,97.63999938964844,97.06999969482422,97.41999816894531,52604500
2024-01-05,86.58650207519531,96.29000091552734,97.68000030517578,96.20999908447266,96.5,45894800
2024-01-08,87.44076538085938,97.23999786376953,97.37999725341797,96.08999633789062,96.2300033569336,39485800
2024-01-09,86.88325500488281,96.62000274658203,97.16999816894531,96.58999633789062,96.63999938964844,34374000
2024-01-10,86.47857666015625,96.16999816894531,97.05000305175781,96.12000274658203,96.91999816894531,48227800
2024-01-11,86.96417236328125,96.70999908447266,96.83000183105469,95.70999908447266,96.16999816894531,78858900
2024-01-12,86.7933349609375,96.5199966430664,97.2699966430664,96.2699966430664,96.77999877929688,38883900
2024-01-16,85.2646255493164,94.81999969482422,95.79000091552734,94.51000213623047,95.62000274658203,61716700
2024-01-17,85.12974548339844,94.66999816894531,95.0,94.16000366210938,94.5999984741211,55506800
2024-01-18,84.33844757080078,93.79000091552734,94.58000183105469,93.51000213623047,94.45999908447266,77339100
2024-01-19,84.60820770263672,94.08999633789062,94.16999816894531,93.26000213623047,93.70999908447266,47030900
2024-01-22,85.11175537109375,94.6500015258789,95.08000183105469,94.38999938964844,94.81999969482422,35756400
2024-01-23,84.43733978271484,93.9000015258789,93.98999786376953,93.43000030517578,93.88999938964844,35786700
2024-01-24,83.94275665283203,93.3499984741211,94.54000091552734,93.0999984741211,94.51000213623047,54574900
2024-01-25,84.49129486083984,93.95999908447266,94.22000122070312,93.56999969482422,94.0,57019400
2024-01-26,84.32942962646484,93.77999877929688,94.06999969482422,93.48999786376953,93.93000030517578,29276900
2024-01-29,85.30059051513672,94.86000061035156,95.16999816894531,94.12000274658203,94.30999755859375,38243600
2024-01-30,86.07393646240234,95.72000122070312,95.83999633789062,94.73999786376953,95.4800033569336,40151400
2024-01-31,86.91922760009766,96.66000366210938,96.91000366210938,96.0,96.22000122070312,80646700
2024-02-01,88.62420654296875,98.23999786376953,98.66999816894531,97.19000244140625,97.41999816894531,84291200
2024-02-02,86.6666259765625,96.06999969482422,96.62000274658203,95.69000244140625,96.2699966430664,63823300
2024-02-05,84.91649627685547,94.12999725341797,94.8499984741211,94.0199966430664,94.62999725341797,53827400
2024-02-06,85.74646759033203,95.05000305175781,95.1500015258789,94.20999908447266,94.23999786376953,33411500
2024-02-07,85.33147430419922,94.58999633789062,95.2300033569336,94.5199966430664,94.56999969482422,40120200
2024-02-08,84.8353042602539,94.04000091552734,94.30000305175781,93.66000366210938,94.0199966430664,50087700
2024-02-09,84.6639175415039,93.8499984741211,94.01000213623047,93.66000366210938,93.76000213623047,27951300
2024-02-12,84.76313781738281,93.95999908447266,94.13999938964844,93.5,93.9000015258789,27890300
2024-02-13,83.31071472167969,92.3499984741211,93.05999755859375,92.33000183105469,92.86000061035156,49768500
2024-02-14,83.73472595214844,92.81999969482422,93.05000305175781,92.2300033569336,92.30000305175781,44191600
2024-02-15,84.1677474975586,93.30000305175781,93.72000122070312,93.0,93.55999755859375,49598500
2024-02-16,83.68058776855469,92.76000213623047,92.8499984741211,92.33999633789062,92.4800033569336,33116800
2024-02-20,83.75277709960938,92.83999633789062,93.19000244140625,92.72000122070312,92.79000091552734,24469300
2024-02-21,83.1573715209961,92.18000030517578,92.9000015258789,92.01000213623047,92.83000183105469,36343100
2024-02-22,83.56330871582031,92.62999725341797,92.76000213623047,92.2699966430664,92.33000183105469,45190700
2024-02-23,84.68197631835938,93.87000274658203,94.0,92.75,92.75,38406700
2024-02-26,84.42935943603516,93.58999633789062,94.02999877929688,93.19000244140625,94.0,27855000
2024-02-27,83.8339614868164,92.93000030517578,93.47000122070312,92.8499984741211,93.23999786376953,30242000
2024-02-28,84.36621856689453,93.5199966430664,93.5999984741211,92.9000015258789,93.08000183105469,34574200
2024-02-29,84.96161651611328,94.18000030517578,94.30000305175781,93.77999877929688,93.81999969482422,51038600
2024-03-01,85.49102783203125,94.47000122070312,94.51000213623047,93.01000213623047,93.44000244140625,45832800
2024-03-04,85.1471176147461,94.08999633789062,94.16000366210938,93.68000030517578,93.69999694824219,23864200
2024-03-05,86.35975646972656,95.43000030517578,95.68000030517578,94.97000122070312,95.2300033569336,37721900
2024-03-06,86.86653900146484,95.98999786376953,96.16999816894531,95.41000366210938,95.48999786376953,40571600
2024-03-07,86.78511047363281,95.9000015258789,96.4000015258789,95.4800033569336,96.36000061035156,39075000
2024-03-08,86.63124084472656,95.7300033569336,96.05000305175781,95.4800033569336,95.80000305175781,25023200
2024-03-11,86.58599853515625,95.68000030517578,96.01000213623047,95.37000274658203,95.95999908447266,17787900
2024-03-12,85.86204528808594,94.87999725341797,95.20999908447266,94.69000244140625,95.04000091552734,29566000
2024-03-13,85.44576263427734,94.41999816894531,94.73999786376953,94.20999908447266,94.5,38270100
2024-03-14,84.13358306884766,92.97000122070312,93.75,92.86000061035156,93.7300033569336,58365600
2024-03-15,84.10643005371094,92.94000244140625,93.19000244140625,92.79000091552734,93.05999755859375,34997700
2024-03-18,83.85305786132812,92.66000366210938,92.98999786376953,92.5,92.7300033569336,29519500
2024-03-19,84.08833312988281,92.91999816894531,93.2699966430664,92.69000244140625,92.8499984741211,26953100
2024-03-20,84.0611801147461,92.88999938964844,93.79000091552734,92.29000091552734,93.0999984741211,43460100
2024-03-21,84.24217224121094,93.08999633789062,93.43000030517578,92.7300033569336,93.2699966430664,34276600
2024-03-22,85.04759216308594,93.9800033569336,94.20999908447266,93.77999877929688,94.19000244140625,30262300
2024-03-25,84.62226104736328,93.51000213623047,93.75,93.30000305175781,93.70999908447266,24011800
2024-03-26,84.85755157470703,93.7699966430664,93.87000274658203,93.27999877929688,93.51000213623047,34423000
2024-03-27,85.69914245605469,94.69999694824219,94.69999694824219,93.94000244140625,93.98999786376953,50157800
2024-03-28,85.62677001953125,94.62000274658203,95.0199966430664,94.31999969482422,94.48999786376953,34540400
2024-04-01,84.03057098388672,92.55000305175781,93.30000305175781,92.45999908447266,93.29000091552734,48945400
2024-04-02,83.5675277709961,92.04000091552734,92.19999694824219,91.33999633789062,91.56999969482422,43086300
2024-04-03,83.54936218261719,92.0199966430664,92.05000305175781,91.05000305175781,91.26000213623047,45494400
2024-04-04,84.14862060546875,92.68000030517578,92.76000213623047,92.04000091552734,92.62999725341797,47957400
2024-04-05,82.97737121582031,91.38999938964844,92.18000030517578,91.37999725341797,91.69000244140625,42495900
2024-04-08,82.9682846069336,91.37999725341797,91.58999633789062,91.12999725341797,91.2300033569336,37879800
2024-04-09,83.74004364013672,92.2300033569336,92.36000061035156,91.83999633789062,91.87000274658203,32522000
2024-04-10,81.91504669189453,90.22000122070312,91.30000305175781,90.05000305175781,91.19999694824219,74368900
2024-04-11,81.54280853271484,89.80999755859375,90.44000244140625,89.51000213623047,90.37999725341797,65751200
2024-04-12,81.97862243652344,90.29000091552734,90.94999694824219,90.27999877929688,90.63999938964844,47900100
2024-04-15,80.70747375488281,88.88999938964844,89.26000213623047,88.5199966430664,89.22000122070312,55993100
2024-04-16,80.17181396484375,88.30000305175781,88.58000183105469,87.79000091552734,88.05000305175781,45103200
2024-04-17,81.06159210205078,89.27999877929688,89.37999725341797,88.45999908447266,88.87000274658203,57947000
2024-04-18,80.65302276611328,88.83000183105469,89.2699966430664,88.58999633789062,89.23999786376953,43839500
2024-04-19,80.94357299804688,89.1500015258789,89.38999938964844,88.91000366210938,89.38999938964844,44826800
2024-04-22,80.80735778808594,89.0,89.12000274658203,88.6500015258789,88.68000030517578,24969000
2024-04-23,80.8346176147461,89.02999877929688,89.54000091552734,88.55000305175781,88.7300033569336,27222700
2024-04-24,80.26261901855469,88.4000015258789,88.62999725341797,87.5,88.55999755859375,48986800
2024-04-25,79.6996841430664,87.77999877929688,87.9000015258789,87.33999633789062,87.45999908447266,49282600
2024-04-26,80.11732482910156,88.23999786376953,88.61000061035156,88.05000305175781,88.25,31589800
2024-04-29,80.7891845703125,88.9800033569336,89.0199966430664,88.4800033569336,88.66000366210938,39228600
2024-04-30,80.09915924072266,88.22000122070312,88.7300033569336,88.0999984741211,88.41999816894531,41054700
2024-05-01,80.68956756591797,88.55999755859375,89.20999908447266,88.23999786376953,88.5999984741211,59679500
2024-05-02,81.0357894897461,88.94000244140625,89.01000213623047,88.02999877929688,88.20999908447266,58925400
2024-05-03,81.85580444335938,89.83999633789062,90.12000274658203,89.2699966430664,89.93000030517578,50066100
2024-05-06,82.17471313476562,90.19000244140625,90.25,89.66999816894531,89.87000274658203,23868200
2024-05-07,82.67584991455078,90.73999786376953,91.23999786376953,90.61000061035156,90.9000015258789,30525800
2024-05-08,82.17471313476562,90.19000244140625,90.45999908447266,90.16000366210938,90.30999755859375,31171700
2024-05-09,82.57559204101562,90.62999725341797,90.7699966430664,89.81999969482422,89.87000274658203,39606700
2024-05-10,82.1109619140625,90.12000274658203,90.37999725341797,89.95999908447266,90.27999877929688,21913800
2024-05-13,82.32050323486328,90.3499984741211,90.61000061035156,90.30999755859375,90.55000305175781,23157500
2024-05-14,82.78515625,90.86000061035156,90.91999816894531,90.41999816894531,90.6500015258789,25746400
2024-05-15,83.91498565673828,92.0999984741211,92.26000213623047,91.62999725341797,91.87000274658203,65142900
2024-05-16,83.83296203613281,92.01000213623047,92.41999816894531,91.94000244140625,92.38999938964844,37902400
2024-05-17,83.26808166503906,91.38999938964844,91.80000305175781,91.33999633789062,91.63999938964844,24755000
2024-05-20,83.0220718383789,91.12000274658203,91.31999969482422,91.01000213623047,91.08000183105469,17922800
2024-05-21,83.4502944946289,91.58999633789062,91.7699966430664,91.43000030517578,91.7300033569336,15334400
2024-05-22,83.550537109375,91.69999694824219,91.77999877929688,91.26000213623047,91.2699966430664,38073700
2024-05-23,83.01296997070312,91.11000061035156,91.80000305175781,90.81999969482422,91.80000305175781,51294700
2024-05-24,83.25895690917969,91.37999725341797,91.47000122070312,90.9000015258789,90.97000122070312,19164400
2024-05-28,82.06536865234375,90.06999969482422,91.36000061035156,90.02999877929688,91.33000183105469,45973700
2024-05-29,81.07223510742188,88.9800033569336,89.4000015258789,88.68000030517578,89.33999633789062,45508400
2024-05-30,81.85580444335938,89.83999633789062,89.97000122070312,89.44000244140625,89.5999984741211,29548600
2024-05-31,82.41161346435547,90.44999694824219,90.66000366210938,90.25,90.4800033569336,41308800
2024-06-03,83.74457550048828,91.5999984741211,91.66999816894531,90.61000061035156,90.63999938964844,42272100
2024-06-04,84.72283172607422,92.66999816894531,92.80000305175781,91.98999786376953,92.19999694824219,42581500
2024-06-05,85.3445053100586,93.3499984741211,93.3499984741211,92.38999938964844,93.0,43153900
2024-06-06,85.21648406982422,93.20999908447266,93.43000030517578,92.86000061035156,92.91999816894531,22891900
2024-06-07,83.65316009521484,91.5,91.83000183105469,91.4000015258789,91.83000183105469,35240500
2024-06-10,83.09546661376953,90.88999938964844,91.05999755859375,90.6500015258789,91.0,20586500
2024-06-11,83.95486450195312,91.83000183105469,91.87000274658203,90.91999816894531,91.02999877929688,30329200
2024-06-12,84.58567810058594,92.5199966430664,93.56999969482422,92.48999786376953,93.0199966430664,42554600
2024-06-13,85.82904052734375,93.87999725341797,93.98999786376953,92.94999694824219,93.22000122070312,33093800
2024-06-14,86.55130767822266,94.66999816894531,94.83999633789062,94.23999786376953,94.41999816894531,28776700
2024-06-17,85.69193267822266,93.7300033569336,93.80999755859375,93.27999877929688,93.5199966430664,31040200
2024-06-18,86.4781723022461,94.58999633789062,94.5999984741211,93.7300033569336,93.88999938964844,26881000
2024-06-20,85.90219116210938,93.95999908447266,94.0,93.33999633789062,93.41000366210938,30246300
2024-06-21,85.90219116210938,93.95999908447266,94.4800033569336,93.58999633789062,94.23999786376953,22596400
2024-06-24,86.24960327148438,94.33999633789062,94.33999633789062,93.73999786376953,94.05000305175781,56939100
2024-06-25,86.39588165283203,94.5,94.55000305175781,94.04000091552734,94.06999969482422,22890200
2024-06-26,85.16165161132812,93.1500015258789,93.47000122070312,93.11000061035156,93.27999877929688,38489100
2024-06-27,85.49993133544922,93.5199966430664,93.70999908447266,93.41999816894531,93.5199966430664,23140800
2024-06-28,83.90914154052734,91.77999877929688,93.7699966430664,91.77999877929688,93.7300033569336,55119600
2024-07-01,82.4609603881836,89.91000366210938,91.08000183105469,89.81999969482422,90.41999816894531,49735400
2024-07-02,83.10296630859375,90.61000061035156,90.80999755859375,90.08000183105469,90.68000030517578,34204700
2024-07-03,84.19438171386719,91.80000305175781,91.88999938964844,91.08999633789062,91.16999816894531,35563300
2024-07-05,84.89140319824219,92.55999755859375,92.7300033569336,91.9000015258789,92.2699966430664,34895500
2024-07-08,85.0748291015625,92.76000213623047,92.8499984741211,92.22000122070312,92.54000091552734,16095700
2024-07-09,84.69881439208984,92.3499984741211,92.68000030517578,91.87000274658203,92.47000122070312,30289800
2024-07-10,84.96475982666016,92.63999938964844,92.68000030517578,92.26000213623047,92.44999694824219,23572500
2024-07-11,85.79022216796875,93.54000091552734,94.13999938964844,93.47000122070312,93.68000030517578,49761800
2024-07-12,86.15707397460938,93.94000244140625,93.94000244140625,93.33999633789062,93.52999877929688,27796500
2024-07-15,85.16656494140625,92.86000061035156,93.30000305175781,92.77999877929688,93.0,37918900
2024-07-16,86.3680191040039,94.16999816894531,94.20999908447266,93.38999938964844,93.52999877929688,36383700
2024-07-17,86.38636779785156,94.19000244140625,94.4000015258789,93.69000244140625,93.91999816894531,29036800
2024-07-18,85.72602844238281,93.47000122070312,94.13999938964844,93.37999725341797,93.68000030517578,34553100
2024-07-19,85.22156524658203,92.91999816894531,93.16000366210938,92.81999969482422,93.04000091552734,32164700
2024-07-22,84.97396087646484,92.6500015258789,93.5199966430664,92.30000305175781,93.4000015258789,36160400
2024-07-23,84.85470581054688,92.5199966430664,93.02999877929688,92.48999786376953,92.80999755859375,23498000
2024-07-24,83.93758392333984,91.5199966430664,92.8499984741211,91.47000122070312,92.58999633789062,50757100
2024-07-25,84.62543487548828,92.2699966430664,92.86000061035156,91.95999908447266,92.02999877929688,44999100
2024-07-26,85.2857666015625,92.98999786376953,93.1500015258789,92.70999908447266,92.94999694824219,34423800
2024-07-29,85.74434661865234,93.48999786376953,93.69000244140625,93.22000122070312,93.66999816894531,25801300
2024-07-30,86.07453155517578,93.8499984741211,94.05000305175781,93.30000305175781,93.75,28169800
2024-07-31,86.95499420166016,94.80999755859375,94.83999633789062,94.23999786376953,94.52999877929688,47445300
2024-08-01,87.70497131347656,95.30999755859375,95.91000366210938,95.12000274658203,95.13999938964844,77254200
2024-08-02,90.43798065185547,98.27999877929688,98.37000274658203,96.88999938964844,97.0,91912900
2024-08-05,90.9164810180664,98.80000305175781,99.94000244140625,97.9000015258789,99.69000244140625,90686300
2024-08-06,88.88284301757812,96.58999633789062,98.41000366210938,96.58999633789062,98.1500015258789,61316900
2024-08-07,88.25708770751953,95.91000366210938,96.44999694824219,95.5,95.94999694824219,51337100
2024-08-08,87.71417236328125,95.31999969482422,95.4000015258789,94.83999633789062,95.12000274658203,37815800
2024-08-09,88.57917785644531,96.26000213623047,96.54000091552734,96.08999633789062,96.51000213623047,32141800
2024-08-12,88.9012222290039,96.61000061035156,96.81999969482422,95.87999725341797,96.02999877929688,24261400
2024-08-13,89.51777648925781,97.27999877929688,97.36000061035156,96.9800033569336,97.30000305175781,30366900
2024-08-14,90.0791015625,97.88999938964844,98.16000366210938,97.51000213623047,97.55000305175781,31334100
2024-08-15,89.35213470458984,97.0999984741211,97.0999984741211,96.20999908447266,96.41000366210938,38723700
2024-08-16,89.66500854492188,97.44000244140625,97.54000091552734,97.01000213623047,97.44000244140625,28541000
2024-08-19,90.0791015625,97.88999938964844,98.16000366210938,97.41000366210938,97.41999816894531,25322100
2024-08-20,90.79688262939453,98.66999816894531,98.86000061035156,98.12000274658203,98.31999969482422,25239300
2024-08-21,90.85208129882812,98.7300033569336,99.19999694824219,98.20999908447266,98.66999816894531,29230000
2024-08-22,89.95028686523438,97.75,98.30000305175781,97.43000030517578,98.2300033569336,33453800
2024-08-23,90.53919219970703,98.38999938964844,98.66999816894531,97.95999908447266,98.19000244140625,32005100
2024-08-26,90.30914306640625,98.13999938964844,98.69999694824219,98.08000183105469,98.69000244140625,23198700
2024-08-27,90.15272521972656,97.97000122070312,98.08000183105469,97.41000366210938,97.48999786376953,21507700
2024-08-28,90.04228973388672,97.8499984741211,98.19999694824219,97.7300033569336,98.01000213623047,18501400
2024-08-29,89.74784088134766,97.52999877929688,97.63999938964844,97.12999725341797,97.37000274658203,24988200
2024-08-30,88.79081726074219,96.48999786376953,97.98999786376953,96.47000122070312,97.68000030517578,42896200
2024-09-03,90.2430191040039,97.75,98.05999755859375,97.41999816894531,97.55999755859375,48947900
2024-09-04,91.40624237060547,99.01000213623047,99.02999877929688,97.80999755859375,97.87999725341797,40885200
2024-09-05,91.9232406616211,99.56999969482422,99.68000030517578,98.77999877929688,99.33999633789062,47450900
2024-09-06,91.91400909423828,99.55999755859375,100.77999877929688,99.19000244140625,99.55000305175781,57406400
2024-09-09,92.31095886230469,99.98999786376953,100.0999984741211,99.16000366210938,99.4000015258789,26961400
2024-09-10,92.95720672607422,100.69000244140625,100.91000366210938,99.81999969482422,99.87000274658203,31703400
2024-09-11,92.88333892822266,100.61000061035156,101.23999786376953,100.3499984741211,100.48999786376953,39497100
2024-09-12,92.449462890625,100.13999938964844,100.55000305175781,99.69000244140625,100.36000061035156,41618700
2024-09-13,92.69872283935547,100.41000366210938,100.61000061035156,100.0199966430664,100.45999908447266,25722100
2024-09-16,93.5480728149414,101.33000183105469,101.37000274658203,100.41000366210938,100.62999725341797,30866300
2024-09-17,93.095703125,100.83999633789062,101.63999938964844,100.73999786376953,101.47000122070312,31699400
2024-09-18,91.94168090820312,99.58999633789062,100.7300033569336,99.54000091552734,100.23999786376953,48897000
2024-09-19,91.63705444335938,99.26000213623047,99.30999755859375,98.7699966430664,98.91999816894531,39979800
2024-09-20,91.28620910644531,98.87999725341797,99.25,98.72000122070312,98.98999786376953,37067600
2024-09-23,91.09236907958984,98.66999816894531,99.08999633789062,98.0199966430664,98.5,35703900
2024-09-24,91.07390594482422,98.6500015258789,98.88999938964844,97.8499984741211,98.0,31005400
2024-09-25,90.31686401367188,97.83000183105469,98.31999969482422,97.79000091552734,98.26000213623047,36738200
2024-09-26,90.52919006347656,98.05999755859375,98.25,97.41999816894531,98.06999969482422,33332300
2024-09-27,91.0000228881836,98.56999969482422,98.76000213623047,98.20999908447266,98.54000091552734,28317600
2024-09-30,90.56612396240234,98.0999984741211,98.70999908447266,97.87999725341797,98.63999938964844,34175500
2024-10-01,91.22002410888672,98.48999786376953,99.33000183105469,98.38999938964844,98.80000305175781,45254200
2024-10-02,90.4512710571289,97.66000366210938,97.7300033569336,97.05999755859375,97.36000061035156,35810800
2024-10-03,89.59918975830078,96.73999786376953,97.51000213623047,96.73999786376953,97.33999633789062,39677800
2024-10-04,88.49703979492188,95.55000305175781,95.95999908447266,95.4000015258789,95.44000244140625,56954100
2024-10-07,87.83016967773438,94.83000183105469,95.2699966430664,94.76000213623047,94.9800033569336,42606600
2024-10-08,87.97835540771484,94.98999786376953,95.02999877929688,94.33999633789062,94.38999938964844,33709600
2024-10-09,87.47821044921875,94.44999694824219,94.91000366210938,94.2300033569336,94.66999816894531,35807700
2024-10-10,87.1355209350586,94.08000183105469,94.08999633789062,93.41000366210938,93.87999725341797,53667400
2024-10-11,86.78357696533203,93.69999694824219,94.06999969482422,93.41999816894531,93.4800033569336,27406400
2024-10-14,86.8484115600586,93.7699966430664,93.77999877929688,92.9800033569336,93.04000091552734,28795300
2024-10-15,87.90425872802734,94.91000366210938,95.0,94.37000274658203,94.45999908447266,46429100
2024-10-16,88.27474975585938,95.30999755859375,95.62000274658203,95.13999938964844,95.38999938964844,32281500
2024-10-17,86.8761978149414,93.80000305175781,94.44000244140625,93.66999816894531,94.29000091552734,43427200
2024-10-18,86.9410400390625,93.87000274658203,94.27999877929688,93.86000061035156,94.05000305175781,25258600
2024-10-21,85.422119140625,92.2300033569336,93.08999633789062,92.2300033569336,93.0199966430664,49504700
2024-10-22,85.50543975830078,92.31999969482422,92.76000213623047,92.08999633789062,92.6500015258789,32096900
2024-10-23,85.27391052246094,92.06999969482422,92.37000274658203,91.66000366210938,91.83999633789062,33354200
2024-10-24,85.82035827636719,92.66000366210938,93.0,91.95999908447266,92.2300033569336,32507400
2024-10-25,85.3387451171875,92.13999938964844,93.04000091552734,92.0199966430664,92.98999786376953,28667100
2024-10-28,85.10718536376953,91.88999938964844,92.29000091552734,91.41999816894531,92.2699966430664,33156500
2024-10-29,85.23685455322266,92.02999877929688,92.05999755859375,90.9800033569336,91.16999816894531,46545200
2024-10-30,85.4869384765625,92.30000305175781,93.29000091552734,92.16000366210938,92.83999633789062,41951100
2024-10-31,85.62583923339844,92.44999694824219,92.94000244140625,91.87000274658203,92.19999694824219,52173800
2024-11-01,84.41866302490234,90.83999633789062,92.5199966430664,90.80000305175781,92.26000213623047,80402000
2024-11-04,85.72901916503906,92.25,92.56999969482422,91.62999725341797,92.27999877929688,49747600
2024-11-05,86.1843490600586,92.73999786376953,92.9000015258789,91.5999984741211,92.02999877929688,46986000
2024-11-06,83.82390594482422,90.19999694824219,90.72000122070312,89.55000305175781,89.63999938964844,98895700
2024-11-07,84.8740463256836,91.33000183105469,91.62000274658203,90.6500015258789,90.75,56221400
2024-11-08,85.9520263671875,92.48999786376953,92.5999984741211,91.83999633789062,92.0,56756200
2024-11-11,85.53385925292969,92.04000091552734,92.30000305175781,91.62000274658203,92.25,22369200
2024-11-12,84.25140380859375,90.66000366210938,91.8499984741211,90.51000213623047,91.37000274658203,57908400
2024-11-13,83.45220184326172,89.80000305175781,91.54000091552734,89.72000122070312,91.5199966430664,49009100
2024-11-14,83.93544006347656,90.31999969482422,91.02999877929688,90.2699966430664,90.55999755859375,53328300
2024-11-15,83.71238708496094,90.08000183105469,90.6500015258789,89.51000213623047,89.91999816894531,73722400
2024-11-18,83.86107635498047,90.23999786376953,90.58999633789062,89.41999816894531,89.66000366210938,36010600
2024-11-19,84.28856658935547,90.69999694824219,91.06999969482422,90.62000274658203,90.81999969482422,29585100
2024-11-20,84.01907348632812,90.41000366210938,90.83000183105469,90.11000061035156,90.1500015258789,27755400
2024-11-21,83.95402526855469,90.33999633789062,90.8499984741211,90.0,90.44999694824219,28365700
2024-11-22,84.00048828125,90.38999938964844,90.69999694824219,90.1500015258789,90.51000213623047,21547500
2024-11-25,86.17508697509766,92.7300033569336,92.77999877929688,91.98999786376953,92.19999694824219,56858000
2024-11-26,85.84053039550781,92.37000274658203,92.44000244140625,91.80999755859375,92.16000366210938,31122200
2024-11-27,86.43527221679688,93.01000213623047,93.37999725341797,92.66999816894531,93.04000091552734,39442200
2024-11-29,87.32743072509766,93.97000122070312,93.98999786376953,93.44000244140625,93.77999877929688,31905700
2024-12-02,87.53724670410156,93.87000274658203,94.1500015258789,93.0,93.2699966430664,39406000
2024-12-03,86.78189086914062,93.05999755859375,94.02999877929688,92.98999786376953,93.93000030517578,32768900
2024-12-04,87.71443176269531,94.05999755859375,94.19000244140625,92.54000091552734,92.61000061035156,35851100
2024-12-05,87.8916015625,94.25,94.38999938964844,93.66000366210938,93.72000122070312,23695800
2024-12-06,88.02215576171875,94.38999938964844,94.8499984741211,94.0199966430664,94.72000122070312,31761500
2024-12-09,87.21086120605469,93.5199966430664,94.04000091552734,93.47000122070312,93.98999786376953,30509600
2024-12-10,86.80054473876953,93.08000183105469,93.30000305175781,92.91000366210938,93.0199966430664,28706500
2024-12-11,85.97988891601562,92.19999694824219,93.29000091552734,92.11000061035156,93.06999969482422,38748400
2024-12-12,84.93547058105469,91.08000183105469,91.75,91.0,91.63999938964844,45368400
2024-12-13,84.06822967529297,90.1500015258789,90.8499984741211,90.08000183105469,90.80000305175781,39486000
2024-12-16,84.31998443603516,90.41999816894531,90.62000274658203,90.05000305175781,90.55000305175781,23482300
2024-12-17,84.52513885498047,90.63999938964844,90.98999786376953,90.45999908447266,90.5199966430664,23839900
2024-12-18,83.46823120117188,89.16000366210938,90.37000274658203,89.13999938964844,89.97000122070312,61328400
2024-12-19,82.20440673828125,87.80999755859375,88.38999938964844,87.51000213623047,88.06999969482422,99083300
2024-12-20,82.67250061035156,88.30999755859375,88.91000366210938,88.29000091552734,88.52999877929688,45542400
2024-12-23,81.91417694091797,87.5,88.2300033569336,87.44000244140625,88.16000366210938,32764600
2024-12-24,82.26058197021484,87.87000274658203,87.88999938964844,86.9800033569336,87.04000091552734,22377600
2024-12-26,82.2137680053711,87.81999969482422,87.95999908447266,87.19999694824219,87.20999908447266,19981800
2024-12-27,81.53971099853516,87.0999984741211,87.77999877929688,87.05999755859375,87.4800033569336,27262300
2024-12-30,82.1950454711914,87.80000305175781,88.04000091552734,87.66999816894531,87.83000183105469,48519600
2024-12-31,81.75504302978516,87.33000183105469,88.27999877929688,87.26000213623047,88.12999725341797,31917300
2025-01-02,81.97970581054688,87.56999969482422,88.12000274658203,87.20999908447266,87.80000305175781,27841300
2025-01-03,81.71759033203125,87.29000091552734,87.87999725341797,87.18000030517578,87.72000122070312,21962200
2025-01-06,81.35249328613281,86.9000015258789,87.2300033569336,86.66999816894531,87.05000305175781,30231500
2025-01-07,80.43505859375,85.91999816894531,86.7699966430664,85.79000091552734,86.5999984741211,41757200
2025-01-08,80.53800964355469,86.02999877929688,86.19999694824219,85.33999633789062,85.47000122070312,44590800
2025-01-10,80.00443267822266,85.45999908447266,85.8499984741211,85.16000366210938,85.27999877929688,47115800
2025-01-13,79.97635650634766,85.43000030517578,85.66000366210938,85.04000091552734,85.52999877929688,33258900
2025-01-14,79.84527587890625,85.29000091552734,85.36000061035156,84.88999938964844,85.2300033569336,33412900
2025-01-15,81.22142791748047,86.76000213623047,86.9800033569336,86.4000015258789,86.69999694824219,54120700
2025-01-16,81.48355865478516,87.04000091552734,87.4000015258789,86.27999877929688,86.63999938964844,34651100
2025-01-17,81.62398529052734,87.19000244140625,87.4800033569336,87.04000091552734,87.43000030517578,29875600
2025-01-21,82.35418701171875,87.97000122070312,88.16999816894531,87.62999725341797,87.88999938964844,30548600
2025-01-22,81.92357635498047,87.51000213623047,87.9800033569336,87.31999969482422,87.87000274658203,25278400
2025-01-23,81.2869644165039,86.83000183105469,86.98999786376953,86.52999877929688,86.63999938964844,31949000
2025-01-24,81.6520767211914,87.22000122070312,87.27999877929688,86.5999984741211,86.72000122070312,21110400
2025-01-27,82.61631774902344,88.25,88.43000030517578,87.8499984741211,88.16000366210938,42864200
2025-01-28,82.56015014648438,88.19000244140625,88.19999694824219,87.66000366210938,87.83999633789062,25519100
2025-01-29,82.39164733886719,88.01000213623047,88.62000274658203,87.62999725341797,88.43000030517578,25342800
2025-01-30,82.7005844116211,88.33999633789062,88.70999908447266,88.16999816894531,88.41000366210938,25094900
2025-01-31,82.15760803222656,87.76000213623047,88.66000366210938,87.43000030517578,88.37999725341797,48790100
2025-02-03,82.8265151977539,88.16000366210938,89.0999984741211,87.80000305175781,88.58000183105469,70657200
2025-02-04,83.08018493652344,88.43000030517578,88.44999694824219,87.4800033569336,87.55000305175781,33414000
2025-02-05,84.45185852050781,89.88999938964844,90.18000030517578,89.38999938964844,89.44999694824219,48331200
2025-02-06,84.4142837524414,89.8499984741211,90.1500015258789,89.55000305175781,89.86000061035156,22509900
2025-02-07,83.86937713623047,89.2699966430664,89.44999694824219,88.94000244140625,89.23999786376953,31171200
2025-02-10,83.61568450927734,89.0,89.52999877929688,88.8499984741211,89.26000213623047,22736100
2025-02-11,83.08018493652344,88.43000030517578,88.68000030517578,88.37999725341797,88.52999877929688,21513000
2025-02-12,81.95278930664062,87.2300033569336,87.5999984741211,86.86000061035156,87.29000091552734,48536200
2025-02-13,83.31507110595703,88.68000030517578,88.88999938964844,88.06999969482422,88.08999633789062,42718100
2025-02-14,83.75662994384766,89.1500015258789,89.68000030517578,89.12000274658203,89.37999725341797,27460700
2025-02-18,82.77014923095703,88.0999984741211,88.83999633789062,88.04000091552734,88.54000091552734,29429200
2025-02-19,82.87348937988281,88.20999908447266,88.44999694824219,87.88999938964844,87.94999694824219,20584300
2025-02-20,83.18352508544922,88.54000091552734,88.76000213623047,88.44999694824219,88.44999694824219,27913400
2025-02-21,84.18881225585938,89.61000061035156,89.93000030517578,88.81999969482422,88.87000274658203,46912300
2025-02-24,84.43306732177734,89.87000274658203,90.05999755859375,89.26000213623047,89.33000183105469,26218000
2025-02-25,85.88929748535156,91.41999816894531,91.5,90.80000305175781,90.97000122070312,50125100
2025-02-26,86.39663696289062,91.95999908447266,92.05999755859375,91.19999694824219,91.41999816894531,32220200
2025-02-27,85.78594970703125,91.30999755859375,91.79000091552734,91.13999938964844,91.30999755859375,53373600
2025-02-28,86.83819580078125,92.43000030517578,92.4800033569336,91.47000122070312,91.8499984741211,49388600
2025-03-03,87.24346923828125,92.56999969482422,92.70999908447266,91.37000274658203,91.41000366210938,42904200
2025-03-04,86.16905212402344,91.43000030517578,92.79000091552734,91.2699966430664,92.44000244140625,56722000
2025-03-05,85.4810562133789,90.69999694824219,91.80000305175781,90.61000061035156,91.55999755859375,50215900
2025-03-06,85.19831085205078,90.4000015258789,90.80000305175781,89.7300033569336,90.4800033569336,42827500
2025-03-07,84.92500305175781,90.11000061035156,91.16000366210938,89.98999786376953,91.13999938964844,36903600
2025-03-10,85.81092071533203,91.05000305175781,91.62999725341797,90.91000366210938,91.08000183105469,41440800
2025-03-11,85.19831085205078,90.4000015258789,91.48999786376953,90.13999938964844,90.97000122070312,40555700
2025-03-12,84.68938446044922,89.86000061035156,90.37999725341797,89.77999877929688,90.0,32734600
2025-03-13,85.43392944335938,90.6500015258789,90.70999908447266,89.37999725341797,89.58000183105469,38675400
2025-03-14,84.9815444946289,90.16999816894531,90.41000366210938,89.86000061035156,90.01000213623047,24658000
2025-03-17,85.4056625366211,90.62000274658203,91.18000030517578,90.37999725341797,90.80000305175781,26700300
2025-03-18,85.49047088623047,90.70999908447266,91.0199966430664,90.12000274658203,90.13999938964844,23654700
2025-03-19,85.93344116210938,91.18000030517578,91.22000122070312,90.37999725341797,90.68000030517578,31378700
2025-03-20,85.9899673461914,91.23999786376953,92.23999786376953,91.16000366210938,92.19999694824219,35645800
2025-03-21,85.4810562133789,90.69999694824219,91.44000244140625,90.62000274658203,91.33000183105469,29192100
2025-03-24,84.60458374023438,89.7699966430664,90.26000213623047,89.69999694824219,90.19999694824219,27985600
2025-03-25,84.59514617919922,89.76000213623047,90.08000183105469,89.51000213623047,89.56999969482422,22333800
2025-03-26,84.03910064697266,89.16999816894531,89.5999984741211,89.08999633789062,89.38999938964844,25095600
2025-03-27,83.7940673828125,88.91000366210938,89.02999877929688,88.62999725341797,88.8499984741211,23674500
2025-03-28,84.95328521728516,90.13999938964844,90.33999633789062,89.80999755859375,89.87999725341797,39869400
2025-03-31,85.79206848144531,91.02999877929688,91.33999633789062,90.36000061035156,91.2300033569336,38824300
2025-04-01,86.53549194335938,91.48999786376953,91.91000366210938,91.20999908447266,91.25,39800100
2025-04-02,86.47874450683594,91.43000030517578,92.37000274658203,90.66000366210938,92.37000274658203,43488400
2025-04-03,86.87599182128906,91.8499984741211,92.7300033569336,91.83999633789062,92.5199966430664,57467400
2025-04-04,87.82185363769531,92.8499984741211,94.08999633789062,92.81999969482422,93.6500015258789,92794200
2025-04-07,85.1734848022461,90.05000305175781,92.19000244140625,89.80000305175781,91.87999725341797,124987600
2025-04-08,83.5655517578125,88.3499984741211,90.19999694824219,88.22000122070312,89.27999877929688,73861900
2025-04-09,84.0573959350586,88.87000274658203,88.91000366210938,85.88999938964844,87.2699966430664,131353500
2025-04-10,81.74005889892578,86.41999816894531,88.18000030517578,86.3499984741211,87.73999786376953,78592000
2025-04-11,82.18461608886719,86.88999938964844,87.30000305175781,85.0,85.87000274658203,94814100
2025-04-14,82.77102661132812,87.51000213623047,87.70999908447266,86.81999969482422,87.4000015258789,37596400
2025-04-15,83.06423950195312,87.81999969482422,88.19000244140625,87.04000091552734,87.1500015258789,22553900
2025-04-16,83.5277099609375,88.30999755859375,88.5,87.47000122070312,87.80000305175781,35607300
2025-04-17,82.78993225097656,87.52999877929688,88.19999694824219,87.2300033569336,88.04000091552734,31758400
2025-04-21,81.34280395507812,86.0,87.06999969482422,85.9800033569336,86.5999984741211,39343200
2025-04-22,81.79681396484375,86.4800033569336,87.0199966430664,86.4000015258789,86.81999969482422,32552100
2025-04-23,82.59131622314453,87.31999969482422,89.05999755859375,87.16999816894531,88.87999725341797,44082200
2025-04-24,83.46150207519531,88.23999786376953,88.3499984741211,87.76000213623047,88.02999877929688,24190800
2025-04-25,84.07630157470703,88.88999938964844,89.11000061035156,88.5999984741211,88.9000015258789,22513900
2025-04-28,84.60597229003906,89.44999694824219,89.52999877929688,88.61000061035156,88.66000366210938,20130500
2025-04-29,85.31536102294922,90.19999694824219,90.20999908447266,89.30000305175781,89.31999969482422,22129500
2025-04-30,84.6249008178711,89.47000122070312,90.05000305175781,89.33000183105469,89.77999877929688,42630600
2025-05-01,84.19580078125,88.69000244140625,89.27999877929688,88.30000305175781,89.26000213623047,29932800
2025-05-02,83.28446197509766,87.7300033569336,88.06999969482422,87.54000091552734,87.70999908447266,32090400
2025-05-05,82.81928253173828,87.23999786376953,87.41000366210938,86.83000183105469,87.3499984741211,22862800
2025-05-06,83.0945816040039,87.52999877929688,87.52999877929688,86.63999938964844,86.80000305175781,21095200
2025-05-07,83.44583129882812,87.9000015258789,88.20999908447266,87.81999969482422,87.91999816894531,23161600
2025-05-08,82.5155029296875,86.91999816894531,88.05999755859375,86.88999938964844,88.0199966430664,25483700
2025-05-09,82.63890075683594,87.05000305175781,87.30999755859375,86.91999816894531,87.0,17007900
2025-05-12,81.86994171142578,86.23999786376953,86.77999877929688,86.19000244140625,86.37999725341797,32115000
2025-05-13,81.53768157958984,85.88999938964844,86.29000091552734,85.5,86.12999725341797,53912200
2025-05-14,80.99656677246094,85.31999969482422,85.87000274658203,85.19999694824219,85.75,42119800
2025-05-15,81.70857238769531,86.06999969482422,86.31999969482422,85.4800033569336,85.62999725341797,59448000
2025-05-16,81.9269027709961,86.30000305175781,86.88999938964844,86.19999694824219,86.87000274658203,31778200
2025-05-19,81.68958282470703,86.05000305175781,86.12000274658203,84.83000183105469,84.91000366210938,49361900
2025-05-20,81.10099792480469,85.43000030517578,85.5999984741211,85.05999755859375,85.43000030517578,35493100
2025-05-21,79.71497344970703,83.97000122070312,85.05999755859375,83.76000213623047,84.68000030517578,77053100
2025-05-22,80.1326904296875,84.41000366210938,84.43000030517578,83.30000305175781,83.5199966430664,61747900
2025-05-23,80.26557159423828,84.55000305175781,84.81999969482422,84.30999755859375,84.7699966430664,47139200
2025-05-27,81.38578796386719,85.7300033569336,86.02999877929688,85.1500015258789,85.3499984741211,56773400
2025-05-28,81.03453063964844,85.36000061035156,85.54000091552734,84.97000122070312,85.41000366210938,34806800
2025-05-29,81.7845230102539,86.1500015258789,86.26000213623047,85.63999938964844,85.7699966430664,38933200
2025-05-30,81.90792846679688,86.27999877929688,86.47000122070312,85.87999725341797,86.08999633789062,49042100
2025-06-02,81.1456527709961,85.16000366210938,85.47000122070312,84.79000091552734,85.29000091552734,46213100
2025-06-03,81.0027084350586,85.01000213623047,85.73999786376953,84.88999938964844,85.44000244140625,33731300
2025-06-04,82.3176498413086,86.38999938964844,86.6500015258789,85.6500015258789,85.79000091552734,57441500
2025-06-05,82.37481689453125,86.44999694824219,86.93000030517578,86.22000122070312,86.68000030517578,37664700
2025-06-06,81.32666015625,85.3499984741211,85.93000030517578,85.27999877929688,85.79000091552734,38130100
2025-06-09,81.41242218017578,85.44000244140625,85.63999938964844,85.04000091552734,85.04000091552734,26560800
2025-06-10,81.83168029785156,85.87999725341797,86.18000030517578,85.5199966430664,86.0999984741211,24857000
2025-06-11,82.07943725585938,86.13999938964844,86.4000015258789,85.70999908447266,85.80999755859375,36334800
2025-06-12,83.06087493896484,87.16999816894531,87.19999694824219,86.5999984741211,86.88999938964844,43017800
2025-06-13,82.26048278808594,86.33000183105469,86.87999725341797,85.77999877929688,86.7300033569336,49374000
2025-06-16,81.43148803710938,85.45999908447266,86.43000030517578,85.45999908447266,86.08000183105469,36496600
2025-06-17,82.42245483398438,86.5,86.66000366210938,85.75,86.0,34521600
2025-06-18,82.56539916992188,86.6500015258789,87.08999633789062,86.3499984741211,86.87999725341797,38589000
2025-06-20,82.41293334960938,86.48999786376953,86.79000091552734,85.94999694824219,86.13999938964844,26001900
2025-06-23,82.67973327636719,86.7699966430664,87.44000244140625,86.7699966430664,86.93000030517578,36851800
2025-06-24,83.28003692626953,87.4000015258789,87.58999633789062,86.43000030517578,86.47000122070312,32959100
2025-06-25,83.38485717773438,87.51000213623047,87.51000213623047,86.80000305175781,87.11000061035156,26345300
2025-06-26,83.8041000366211,87.94999694824219,87.94999694824219,87.19999694824219,87.58999633789062,30467500
2025-06-27,83.27049255371094,87.38999938964844,88.16000366210938,87.23999786376953,87.56999969482422,74993500
2025-06-30,84.08995056152344,88.25,88.44000244140625,87.61000061035156,87.86000061035156,53695200
2025-07-01,84.29847717285156,88.13999938964844,88.30999755859375,87.66000366210938,88.12999725341797,38960600
2025-07-02,83.76287841796875,87.58000183105469,87.58999633789062,87.0999984741211,87.19000244140625,39382200
2025-07-03,83.17945861816406,86.97000122070312,87.29000091552734,86.8499984741211,87.16999816894531,26729100
2025-07-07,82.3856430053711,86.13999938964844,86.55999755859375,85.91999816894531,86.54000091552734,38314700
2025-07-08,82.2804183959961,86.02999877929688,86.04000091552734,85.44000244140625,85.56999969482422,31407000
2025-07-09,83.14122009277344,86.93000030517578,86.93000030517578,86.18000030517578,86.19000244140625,29821900
2025-07-10,83.19859313964844,86.98999786376953,87.05999755859375,86.48999786376953,86.83000183105469,24525500
2025-07-11,82.05089569091797,85.79000091552734,86.2699966430664,85.63999938964844,86.2300033569336,40764800
2025-07-14,81.87873077392578,85.61000061035156,85.87999725341797,85.31999969482422,85.54000091552734,24609500
2025-07-15,81.30489349365234,85.01000213623047,85.91000366210938,84.9000015258789,85.88999938964844,40455000
2025-07-16,81.41966247558594,85.12999725341797,85.66000366210938,84.19000244140625,85.27999877929688,65987700
2025-07-17,81.4005355834961,85.11000061035156,85.48999786376953,84.98999786376953,85.22000122070312,31875500
2025-07-18,81.52486419677734,85.23999786376953,85.45999908447266,85.0999984741211,85.43000030517578,27534900
2025-07-21,82.25173950195312,86.0,86.51000213623047,85.95999908447266,86.22000122070312,40019500
2025-07-22,82.74907684326172,86.5199966430664,86.7699966430664,86.11000061035156,86.16999816894531,35190300
2025-07-23,82.28999328613281,86.04000091552734,86.19999694824219,85.79000091552734,86.05000305175781,31008500
2025-07-24,82.14653015136719,85.88999938964844,86.23999786376953,85.51000213623047,85.55000305175781,25164800
2025-07-25,82.66300964355469,86.43000030517578,86.44000244140625,85.72000122070312,85.80000305175781,27196200
2025-07-28,82.12741088867188,85.87000274658203,86.19999694824219,85.83000183105469,85.98999786376953,26812500
2025-07-29,83.51421356201172,87.31999969482422,87.33999633789062,86.19999694824219,86.2300033569336,47828300
2025-07-30,83.08381652832031,86.87000274658203,86.95999908447266,86.55999755859375,86.7699966430664,40670900
2025-07-31,83.13165283203125,86.91999816894531,87.41000366210938,86.83999633789062,87.12999725341797,49814100
2025-08-01,84.3134765625,87.81999969482422,87.93000030517578,87.5199966430664,87.55999755859375,63434500
2025-08-04,84.5439224243164,88.05999755859375,88.1500015258789,87.6500015258789,87.95999908447266,36425200
2025-08-05,84.80313110351562,88.33000183105469,88.44999694824219,87.77999877929688,87.8499984741211,28586100
2025-08-06,84.3134765625,87.81999969482422,88.05000305175781,86.91999816894531,87.83999633789062,42589300
2025-08-07,84.16947937011719,87.66999816894531,88.25,87.58999633789062,87.91999816894531,29213100
2025-08-08,83.80464172363281,87.29000091552734,87.38999938964844,87.1500015258789,87.36000061035156,21596300
2025-08-11,83.9006576538086,87.38999938964844,87.66999816894531,87.27999877929688,87.54000091552734,20100900
2025-08-12,83.47822570800781,86.94999694824219,86.97000122070312,86.55000305175781,86.9000015258789,41052300
2025-08-13,84.16947937011719,87.66999816894531,87.80999755859375,87.43000030517578,87.44000244140625,30817500
2025-08-14,83.54542541503906,87.0199966430664,87.51000213623047,86.88999938964844,87.51000213623047,33397400
2025-08-15,82.95018768310547,86.4000015258789,86.77999877929688,86.25,86.66000366210938,36343600
2025-08-18,82.71017456054688,86.1500015258789,86.54000091552734,85.98999786376953,86.5,26777500
2025-08-19,83.19021606445312,86.6500015258789,86.75,86.44999694824219,86.44999694824219,28780600
2025-08-20,83.37261199951172,86.83999633789062,86.97000122070312,86.55999755859375,86.58999633789062,25912500
2025-08-21,82.95980072021484,86.41000366210938,86.68000030517578,86.11000061035156,86.55999755859375,28643900
2025-08-22,83.57423400878906,87.05000305175781,87.30000305175781,86.72000122070312,86.83000183105469,49871900
2025-08-25,83.33422088623047,86.80000305175781,87.05000305175781,86.6500015258789,86.7300033569336,27011900
2025-08-26,83.28621673583984,86.75,86.79000091552734,86.22000122070312,86.51000213623047,30259300
2025-08-27,83.19021606445312,86.6500015258789,86.66000366210938,86.0,86.11000061035156,38142800
2025-08-28,83.7374496459961,87.22000122070312,87.26000213623047,86.66000366210938,86.77999877929688,32205900
2025-08-29,83.14220428466797,86.5999984741211,86.86000061035156,86.44000244140625,86.76000213623047,41686400
2025-09-02,82.52349853515625,85.62999725341797,85.83999633789062,85.4800033569336,85.62999725341797,48760600
2025-09-03,83.42938232421875,86.56999969482422,86.80999755859375,85.88999938964844,85.93000030517578,52499500
2025-09-04,84.06543731689453,87.2300033569336,87.23999786376953,86.58000183105469,87.0199966430664,40501600
2025-09-05,85.34719848632812,88.55999755859375,88.61000061035156,88.13999938964844,88.22000122070312,69668000
2025-09-08,86.484375,89.73999786376953,89.76000213623047,89.12000274658203,89.16999816894531,54538700
2025-09-09,85.99288940429688,89.2300033569336,89.55000305175781,88.98999786376953,89.4000015258789,37126400
2025-09-10,86.484375,89.73999786376953,90.06999969482422,89.19000244140625,89.4000015258789,40713600
2025-09-11,87.0626220703125,90.33999633789062,90.4800033569336,89.9000015258789,89.91000366210938,46694400
2025-09-12,86.68675994873047,89.94999694824219,89.9800033569336,89.48999786376953,89.83000183105469,32968600
2025-09-15,86.88916015625,90.16000366210938,90.45999908447266,90.06999969482422,90.1500015258789,24820100
2025-09-16,87.07225799560547,90.3499984741211,90.5,90.04000091552734,90.08999633789062,26794200
2025-09-17,86.8505859375,90.12000274658203,91.04000091552734,89.87000274658203,90.70999908447266,49121800
2025-09-18,85.954345703125,89.19000244140625,89.47000122070312,88.9000015258789,89.26000213623047,55717900
2025-09-19,85.79048919677734,89.0199966430664,89.2300033569336,88.79000091552734,89.06999969482422,32509200
2025-09-22,85.48212432861328,88.69999694824219,88.91000366210938,88.54000091552734,88.81999969482422,24758200
2025-09-23,86.07962036132812,89.31999969482422,89.36000061035156,88.75,88.97000122070312,26689000
2025-09-24,85.75196075439453,88.9800033569336,89.16000366210938,88.69999694824219,89.08000183105469,28098000
2025-09-25,85.75196075439453,88.9800033569336,89.02999877929688,88.45999908447266,88.8499984741211,29882500
2025-09-26,85.67487335205078,88.9000015258789,89.47000122070312,88.69000244140625,88.98999786376953,30955100
2025-09-29,86.37837982177734,89.62999725341797,89.73999786376953,89.26000213623047,89.29000091552734,32286200
2025-09-30,86.12782287597656,89.37000274658203,90.04000091552734,89.20999908447266,89.66000366210938,38584000
2025-10-01,86.3502426147461,89.29000091552734,89.63999938964844,89.08999633789062,89.44999694824219,39408900
2025-10-02,86.60167694091797,89.55000305175781,89.69000244140625,89.19000244140625,89.30999755859375,23208300
2025-10-03,86.4372787475586,89.37999725341797,89.72000122070312,89.2699966430664,89.62999725341797,25884500
2025-10-06,85.75064849853516,88.66999816894531,89.16000366210938,88.6500015258789,88.70999908447266,28371000
2025-10-07,86.2438735961914,89.18000030517578,89.37999725341797,88.80999755859375,88.97000122070312,29103300
2025-10-08,86.31155395507812,89.25,89.62000274658203,89.12999725341797,89.5999984741211,22506200
2025-10-09,86.2438735961914,89.18000030517578,89.29000091552734,89.01000213623047,89.16999816894531,21578700
2025-10-10,87.6364517211914,90.62000274658203,90.72000122070312,89.9000015258789,89.9800033569336,59389400
2025-10-13,87.58810424804688,90.56999969482422,90.58000183105469,89.86000061035156,90.27999877929688,28035500
2025-10-14,87.8685531616211,90.86000061035156,90.91999816894531,90.43000030517578,90.6500015258789,29800000
2025-10-15,87.67514038085938,90.66000366210938,91.30000305175781,90.47000122070312,90.95999908447266,31333900
2025-10-16,88.3327407836914,91.33999633789062,91.5,90.44999694824219,90.5199966430664,39631200
2025-10-17,88.19734191894531,91.19999694824219,91.29000091552734,90.9000015258789,91.25,40240400
2025-10-20,88.53583526611328,91.55000305175781,91.55999755859375,91.27999877929688,91.45999908447266,28429300
2025-10-21,88.97101593017578,92.0,92.19000244140625,91.91000366210938,91.98999786376953,24514300
2025-10-22,89.02903747558594,92.05999755859375,92.18000030517578,91.81999969482422,91.98999786376953,30496200
2025-10-23,88.41978454589844,91.43000030517578,91.79000091552734,91.29000091552734,91.61000061035156,28275100
2025-10-24,88.4584732055664,91.47000122070312,91.5999984741211,91.16000366210938,91.58999633789062,28266000
2025-10-27,88.75827026367188,91.77999877929688,91.79000091552734,91.08999633789062,91.31999969482422,30033600
2025-10-28,88.9903564453125,92.0199966430664,92.18000030517578,91.80999755859375,91.8499984741211,23564500
2025-10-29,88.09097290039062,91.08999633789062,91.88999938964844,91.0199966430664,91.87999725341797,39551600
2025-10-30,87.57843017578125,90.55999755859375,90.97000122070312,90.3499984741211,90.38999938964844,42649200
2025-10-31,87.31732940673828,90.29000091552734,90.66000366210938,90.19999694824219,90.55999755859375,38247300
2025-11-03,87.09893798828125,89.73999786376953,89.81999969482422,89.41999816894531,89.62000274658203,40752300
2025-11-04,87.29305267333984,89.94000244140625,90.05999755859375,89.73999786376953,89.77999877929688,26383800
2025-11-05,86.34190368652344,88.95999908447266,89.55000305175781,88.87999725341797,89.51000213623047,44643400
2025-11-06,87.11834716796875,89.76000213623047,89.8499984741211,89.52999877929688,89.55999755859375,33027400
2025-11-07,86.93395233154297,89.56999969482422,89.87000274658203,89.36000061035156,89.36000061035156,28530100
2025-11-10,86.91453552246094,89.55000305175781,89.66999816894531,89.38999938964844,89.48999786376953,24093500
2025-11-11,87.31245422363281,89.95999908447266,90.06999969482422,89.77999877929688,89.94999694824219,18942300
2025-11-12,87.46774291992188,90.12000274658203,90.31999969482422,89.87999725341797,89.94999694824219,23594900
2025-11-13,86.7495346069336,89.37999725341797,89.94000244140625,89.37999725341797,89.80000305175781,33825900
2025-11-14,86.2545394897461,88.87000274658203,89.83999633789062,88.87000274658203,89.79000091552734,38550500
2025-11-17,86.46807098388672,89.08999633789062,89.30000305175781,88.9800033569336,89.08000183105469,25605800
2025-11-18,86.43894958496094,89.05999755859375,89.44999694824219,88.80000305175781,89.3499984741211,31967400
2025-11-19,86.2642593383789,88.87999725341797,89.30999755859375,88.8499984741211,89.2300033569336,25782400
2025-11-20,86.60394287109375,89.2300033569336,89.41999816894531,88.98999786376953,88.98999786376953,32945000
2025-11-21,86.86600494384766,89.5,89.66999816894531,89.19999694824219,89.6500015258789,41938600
2025-11-24,87.36100006103516,90.01000213623047,90.06999969482422,89.77999877929688,89.94999694824219,30865700
2025-11-25,87.58422088623047,90.23999786376953,90.58999633789062,90.12999725341797,90.30999755859375,36503300
2025-11-26,87.97244262695312,90.63999938964844,90.63999938964844,89.83000183105469,90.1500015258789,34099000
2025-11-28,87.55509948730469,90.20999908447266,90.52999877929688,89.94999694824219,90.45999908447266,40704300
2025-12-01,86.46514892578125,88.7699966430664,88.98999786376953,88.70999908447266,88.8499984741211,47086600
2025-12-02,86.50410461425781,88.80999755859375,88.95999908447266,88.45999908447266,88.58000183105469,27605700
2025-12-03,86.74762725830078,89.05999755859375,89.16000366210938,88.73999786376953,88.91999816894531,23278600
2025-12-04,86.28009796142578,88.58000183105469,88.93000030517578,88.4800033569336,88.91000366210938,25541500
2025-12-05,85.8807373046875,88.16999816894531,88.55000305175781,88.05000305175781,88.55000305175781,32808100
2025-12-08,85.59825897216797,87.87999725341797,88.19999694824219,87.55999755859375,88.19000244140625,32255200
2025-12-09,85.6859359741211,87.97000122070312,88.3499984741211,87.83999633789062,88.33999633789062,25771800
2025-12-10,86.01709747314453,88.30999755859375,88.5199966430664,87.86000061035156,88.0,46833500
2025-12-11,85.90022277832031,88.19000244140625,88.83000183105469,88.16000366210938,88.69000244140625,26778700
2025-12-12,85.07228088378906,87.33999633789062,87.5,87.19000244140625,87.37999725341797,47030100
2025-12-15,85.13072967529297,87.4000015258789,87.87999725341797,87.38999938964844,87.72000122070312,28611800
2025-12-16,85.59825897216797,87.87999725341797,87.91999816894531,87.16999816894531,87.19000244140625,41018700
2025-12-17,85.52034759521484,87.80000305175781,87.98999786376953,87.58000183105469,87.62999725341797,24668300
2025-12-18,85.92943572998047,88.22000122070312,88.37999725341797,88.06999969482422,88.12999725341797,39048900
2025-12-19,85.60871124267578,87.55000305175781,87.76000213623047,87.41000366210938,87.61000061035156,37858100
2025-12-22,85.42292022705078,87.36000061035156,87.45999908447266,87.25,87.41999816894531,25547100
2025-12-23,85.55982208251953,87.5,87.58000183105469,87.02999877929688,87.06999969482422,33624100
2025-12-24,86.07807159423828,88.02999877929688,88.08000183105469,87.6500015258789,87.76000213623047,25942000
2025-12-26,85.79449462890625,87.73999786376953,88.16999816894531,87.5999984741211,88.0999984741211,26522700
2025-12-29,86.11717987060547,88.06999969482422,88.06999969482422,87.79000091552734,87.94999694824219,29399800
2025-12-30,85.91183471679688,87.86000061035156,88.04000091552734,87.66999816894531,87.73999786376953,25106800
2025-12-31,85.22736358642578,87.16000366210938,87.91000366210938,87.12999725341797,87.68000030517578,36500000
